scenario_id,rep,cong_id,alpha_final,K,sd_iqr,mean_iqr
1125,0,0,0.65,6,0.03224665477360576,0.21797332568748376
1125,0,1,0.7000000000000001,7,0.05280332109560322,0.18173290785997795
1125,0,2,0.9,5,0.022442236708916635,0.1560188304692657
1125,0,3,0.9500000000000001,10,0.04575929744961865,0.19138289110375023
1125,0,4,0.9500000000000001,12,0.033369524335996166,0.18835395652755607
1125,0,5,0.65,8,0.047621833513962056,0.19788907002132333
1125,0,6,0.7000000000000001,9,0.03759115634823885,0.194898685381184
1125,0,7,0.5,5,0.04068030371581822,0.1906605626004784
1125,0,8,1.0,9,0.03785585279351661,0.1660385347073418
1125,0,9,0.7000000000000001,6,0.03910353284294203,0.19370951187117721
1125,0,10,0.8,5,0.04943988402279613,0.19618306807023467
1125,0,11,0.6000000000000001,11,0.04132337419629946,0.17921514786316375
1125,0,12,0.8500000000000001,3,0.01923330605719904,0.13706894966386213
1125,0,13,0.8,8,0.033449676663246525,0.18439406789344706
1125,0,14,0.7000000000000001,2,0.04032681463473376,0.12851536409187314
1125,0,15,0.8500000000000001,6,0.026378592836613052,0.16446781513193448
1125,0,16,0.8500000000000001,10,0.04263778030317058,0.1838106005377122
1125,0,18,0.45,4,0.030318624454036755,0.18400884476829432
1125,0,19,0.5,7,0.03304200958288621,0.2328885918427945
1125,0,20,0.65,5,0.04541112857279588,0.1767405747608937
1125,0,21,0.8,5,0.034006774953456734,0.21532473602786265
1125,0,22,0.9500000000000001,5,0.044880280629011726,0.1712983128447731
1125,0,23,0.7000000000000001,9,0.04402560311031223,0.19169131190168737
1125,0,24,0.75,2,0.008378425041374576,0.10592444116241914
1125,0,25,0.9,10,0.04240073323127892,0.1911436771055281
1125,0,26,0.65,8,0.03034648478011281,0.18640903347737303
1125,0,27,0.7000000000000001,7,0.02251239466118003,0.2055632258794924
1125,0,28,0.8,8,0.03185011090513432,0.17570205943889672
1125,0,29,0.75,10,0.04840531829929776,0.1797864228019276
1125,0,30,0.8,3,0.03009584104136689,0.1459678465088206
1125,0,31,0.9,2,0.031966095285752484,0.1416377519568942
1125,0,32,0.65,6,0.04734086692075751,0.17107806787768542
1125,0,33,0.65,7,0.050440911224696135,0.18907121451525466
1125,0,34,0.9,6,0.048911536770692904,0.2024754242487368
1125,0,35,0.9,4,0.03530357147817124,0.14703617928508195
1125,0,36,1.0,3,0.037961383837307405,0.19970909389777622
1125,0,37,0.6000000000000001,3,0.039095610681995366,0.1792082074436506
1125,0,38,0.8500000000000001,8,0.03632971085258858,0.19559835192989444
1125,0,39,0.75,7,0.030915335148823903,0.18892147885459915
1125,0,40,0.8500000000000001,10,0.043065342776894375,0.17132920631519172
1125,0,41,0.75,6,0.051842198035290624,0.1641805934659434
1125,0,42,1.0,5,0.03784302302480408,0.15575159569207603
1125,0,43,0.75,6,0.025199205760401317,0.18814081968339533
1125,0,44,0.75,11,0.032528385818444784,0.2003767663271729
1125,0,45,0.5,5,0.014898694023018293,0.18216174580864478
1125,0,46,0.8,2,0.00041793423236059145,0.135208625170263
1125,0,47,1.0,12,0.0442418749989856,0.1866223366084542
1125,0,48,1.0,7,0.030122779446244516,0.1786064265279767
1125,0,49,0.65,6,0.04864128461374901,0.21755655368782797
1125,0,50,0.65,6,0.04188043240549126,0.19754650946267563
1125,0,51,0.65,7,0.02230650527432981,0.21134989901056805
1125,0,52,0.6000000000000001,3,0.04946629354439191,0.15193465300916006
1125,0,53,0.8500000000000001,7,0.039024699924347574,0.18932003110941698
1125,0,54,0.75,10,0.04898777426241666,0.18475256064873863
1125,0,55,0.65,9,0.025761767672717234,0.209287497842765
1125,0,56,0.65,7,0.029375433646388973,0.19060468859625948
1125,0,57,0.8500000000000001,6,0.036046908997466466,0.16671147913955772
1125,0,58,0.8,7,0.04441512738199512,0.17019087699521077
1125,0,59,0.75,4,0.05718593746424698,0.13861682238019096
1125,0,60,0.8,4,0.022343034280929572,0.1518614681061391
1125,0,61,1.0,8,0.02173656687492998,0.17404332798503097
1125,0,62,0.65,7,0.05371594473395956,0.2228978044013645
1125,0,63,1.0,6,0.046434826306615086,0.15812771392149147
1125,0,64,0.6000000000000001,7,0.033658628407587904,0.19389585875068122
1125,0,65,0.9,2,0.04469126863575477,0.13160149911217187
1125,0,66,0.9500000000000001,2,0.051406924337824164,0.155338946165856
1125,0,67,0.7000000000000001,5,0.01654801766714688,0.2051219844548214
1125,0,68,0.9500000000000001,5,0.0567772033385611,0.17473511922604787
1125,0,69,0.8500000000000001,2,0.03701977262797795,0.1616810815632825
1125,0,70,0.55,5,0.041363394852324174,0.1957461444314021
1125,0,71,1.0,11,0.027242521951978904,0.18494277165613385
1125,0,72,0.8,5,0.01843383476029371,0.15360314017301815
1125,0,73,0.65,9,0.037722256292135874,0.18179194728382278
1125,0,74,0.8,11,0.052189110305150936,0.19487027108026114
1125,0,75,0.7000000000000001,3,0.04657948104093007,0.15275165433960444
1125,0,76,0.8500000000000001,10,0.03904061367602628,0.1977899153515088
1125,0,77,0.75,11,0.037120971902838924,0.17658339692896224
1125,0,78,0.75,3,0.04081850888823064,0.15584568702414703
1125,0,79,0.8,8,0.039564297157574174,0.1615515203709532
1125,0,80,0.8,11,0.03612784155969629,0.19517243083720598
1125,0,81,0.8500000000000001,10,0.04128360982685952,0.19457033552756134
1125,0,82,0.6000000000000001,7,0.03546222610410312,0.18770910107364883
1125,0,83,0.7000000000000001,4,0.04658314054432366,0.15578093299867835
1125,0,84,1.0,6,0.04213160444759686,0.15858259535623118
1125,0,85,0.75,7,0.04997862302359695,0.20641123537471312
1125,0,86,0.8,8,0.03371278798716052,0.18859676980207518
1125,0,87,0.65,3,0.03647410686536015,0.17134970278911868
1125,0,88,0.75,12,0.03690815936807478,0.19041765322851964
1125,0,89,0.65,7,0.022764906615396072,0.19678261661459517
1125,0,90,0.55,6,0.04756108300282214,0.2066147675918736
1125,0,91,0.7000000000000001,7,0.04448819691234703,0.20668119746504507
1125,0,92,0.9500000000000001,9,0.02677506755211294,0.19521571252608225
1125,0,93,1.0,7,0.06412077439976438,0.18024174597068804
1125,0,94,0.7000000000000001,5,0.028001179931059633,0.19133697530685856
1125,0,95,0.8500000000000001,10,0.035071433924218055,0.2147101075572178
1125,0,96,0.75,4,0.050820248466265455,0.1607161315416289
1125,0,97,0.75,7,0.06198726308403351,0.20481592667118573
1125,0,98,0.9,9,0.026522534777393487,0.19836978345853254
1125,0,99,0.7000000000000001,7,0.021179206187691934,0.18836678644943675
1125,0,100,0.75,7,0.016263061519802596,0.18121297912798856
1125,0,101,0.8,11,0.038526513350446656,0.18368428747627866
1125,0,102,0.65,4,0.020084547894868195,0.2207158295243937
1125,0,103,0.65,9,0.030779303173866922,0.1986167854285888
1125,0,104,0.7000000000000001,11,0.035840013815739855,0.22432054608801755
1125,0,105,0.8500000000000001,7,0.034070663138910946,0.20762963576153418
1125,0,106,0.7000000000000001,7,0.02625420916869728,0.1628613558419892
1125,0,107,0.9,11,0.03794345819341219,0.18905978035367746
1125,0,108,0.8,3,0.04273402884436449,0.19942189885993908
1125,0,109,0.5,9,0.018396418693222144,0.20489374056165524
1125,0,110,0.75,11,0.04759892863571487,0.18158518737079984
1125,0,111,0.8,12,0.04439673802030201,0.194852424385673
1125,0,112,0.7000000000000001,12,0.039091713653967484,0.17754029838560823
1125,0,113,0.65,9,0.03668230356984272,0.19153073741374507
1125,0,114,0.8500000000000001,4,0.03879165924041615,0.17798835915471534
1125,0,115,0.7000000000000001,6,0.048562224611129336,0.18453448940137587
1125,0,116,1.0,2,0.032917505002486344,0.158189292047471
1125,0,117,0.8,8,0.031590733434630536,0.17303276685868368
1125,0,118,0.45,6,0.02920273710768292,0.20108890161968193
1125,0,119,0.75,2,0.02032015967463095,0.14987267200078014
1125,0,120,0.9,5,0.06466584313903644,0.1735998889443498
1125,0,121,0.9500000000000001,9,0.03195373678617906,0.19908441277003847
1125,0,122,1.0,3,0.05640850551267786,0.1484252892638366
1125,0,123,0.55,4,0.006731697768265719,0.16565434676117013
1125,0,124,0.75,8,0.04834686598838338,0.18433556614355598
1125,0,125,0.65,10,0.034115611764868735,0.20098033076107122
1125,0,126,0.9,11,0.02928808312647627,0.1586051489022722
1125,0,127,1.0,9,0.029184709824978994,0.21086525140356496
1125,0,128,0.9,10,0.03982757123778187,0.2029380724050156
1125,0,129,0.9,3,0.022737085834434897,0.13488785171746215
1125,0,130,0.6000000000000001,5,0.018868361885012803,0.17661312934724355
1125,0,131,0.7000000000000001,5,0.0276131559778669,0.15511864196631095
1125,0,132,0.6000000000000001,6,0.042473101882948706,0.2198634220352297
1125,0,133,0.75,12,0.034227313794284155,0.17929311987545551
1125,0,134,1.0,5,0.03568730619195461,0.14553848967789093
1125,0,135,0.9,8,0.03188618904825688,0.194498336989774
1125,0,136,0.5,10,0.026741440237459103,0.21788426658618731
1125,0,137,0.9500000000000001,4,0.027507035665751557,0.1471978419867719
1125,0,138,0.5,6,0.041162137739406246,0.22577135707273707
1125,0,139,1.0,8,0.042194972125294807,0.1875835359109307
1125,0,140,1.0,9,0.04117245833725589,0.1998145181187976
1125,0,141,0.9500000000000001,6,0.048835371730284974,0.2173658864268014
1125,0,142,0.8,11,0.03470525613923946,0.16815812723123807
1125,0,143,0.9,6,0.03503601302210162,0.1640185158367865
1125,0,144,0.6000000000000001,5,0.04855332146586005,0.1815565673333476
1125,0,145,0.45,7,0.0343019449349309,0.2032737783583686
1125,0,146,1.0,12,0.04693132542437909,0.2063949859646846
1125,0,147,1.0,5,0.0229791355556047,0.16868438684565
1125,0,148,0.7000000000000001,10,0.042500041972068484,0.1722846982871068
1125,0,149,0.75,11,0.037238275374812904,0.17543968839389754
1125,0,150,1.0,5,0.034219661962275036,0.16527466085811343
1125,0,151,0.65,6,0.038924298801985106,0.1961776654832131
1125,0,152,0.8500000000000001,6,0.05089872801322235,0.1789467784804406
1125,0,153,0.9,7,0.02597767236876379,0.1954761522250541
1125,0,154,0.75,8,0.02134002313209568,0.17197178865095547
1125,0,155,0.45,7,0.04446323522962153,0.21206360535313865
1125,0,156,0.7000000000000001,9,0.044206777813590024,0.2166767011351338
1125,0,157,1.0,7,0.04451605329167293,0.19178040166999852
1125,0,158,0.75,7,0.05678640777875967,0.1879446349992183
1125,0,159,0.6000000000000001,12,0.043551370866937694,0.1877011488678351
1125,0,160,0.55,4,0.056141595752921734,0.22678168985887337
1125,0,161,0.6000000000000001,11,0.04858250957079416,0.20621401668657996
1125,0,162,0.7000000000000001,5,0.049251691949824775,0.1476933700674722
1125,0,163,0.8,11,0.04127867354646664,0.21560715743982675
1125,0,164,0.65,7,0.03932804269087254,0.20168966180185016
1125,0,165,0.7000000000000001,9,0.02594436655924477,0.17072065363657785
1125,0,166,0.8,4,0.040907287228731395,0.14868927101826523
1125,0,167,0.6000000000000001,8,0.05544388447732532,0.1945393489450371
1125,0,169,0.6000000000000001,7,0.019798333168183482,0.20009859518596101
1125,0,170,0.55,6,0.045787808260856704,0.19598077791474544
1125,0,171,0.8,12,0.04197772944394378,0.17985033385615448
1125,0,172,0.8,7,0.05688941083206009,0.19022587216347966
1125,0,173,0.9,2,0.005048656887307407,0.11541882184573753
1125,0,174,0.8500000000000001,9,0.03573415208232724,0.16880997648377605
1125,0,175,0.8,5,0.03458563301016898,0.18781402218055274
1125,0,177,0.6000000000000001,7,0.03526100177248225,0.2014705737059484
1125,0,178,1.0,10,0.046405047109487604,0.2024055469880175
1125,0,179,0.9500000000000001,2,0.039191077260446947,0.12771227649286793
1125,0,180,0.5,8,0.0460899900176138,0.20491141757610581
1125,0,182,0.9,7,0.039707627580412616,0.1726446031973599
1125,0,183,0.8,10,0.03523684968323122,0.1918787354544343
1125,0,184,1.0,4,0.05135732697343779,0.17310130323399106
1125,0,185,0.7000000000000001,9,0.03205184417205731,0.18266555146613536
1125,0,186,0.75,8,0.040222451024217565,0.19357992201525803
1125,0,187,0.65,6,0.033788521399959776,0.1673433291169004
1125,0,189,0.7000000000000001,6,0.06305428980732816,0.20341467932329685
1125,0,190,0.9,12,0.03526913136239044,0.18972182272510718
1125,0,191,0.7000000000000001,6,0.0347706833521295,0.18664632544235416
1125,0,192,0.8500000000000001,4,0.054097148434517996,0.20310363043968732
1125,0,193,0.6000000000000001,10,0.040838467479094455,0.1992744328504455
1125,0,194,0.65,9,0.028361199240382363,0.176976685080419
1125,0,195,1.0,10,0.045099622905863015,0.21460394298155067
1125,0,196,0.7000000000000001,6,0.04763759294910708,0.19307008566082595
1125,0,197,0.5,8,0.04656232885117599,0.16921594948812824
1125,0,198,0.8500000000000001,7,0.028097618844635113,0.19717287887496804
1125,0,200,0.65,9,0.04398055591986989,0.19928545327173394
1125,0,201,1.0,6,0.05680707310719966,0.1627723293040417
1125,0,202,0.8500000000000001,6,0.05114510398875713,0.16095503644216289
1125,0,203,0.9500000000000001,4,0.00867596733702333,0.17233461266191263
1125,0,204,0.8500000000000001,8,0.033755518350452964,0.18339156622734404
1125,0,205,0.8500000000000001,4,0.030688115367920772,0.17877164717452781
1125,0,206,0.65,10,0.04252497343602183,0.19720969640930522
1125,0,207,1.0,9,0.04182243683760244,0.18648370352869226
1125,0,208,0.9,8,0.031352114385538754,0.20157024757408115
1125,0,210,0.8500000000000001,5,0.05215588096308721,0.18162611920311375
1125,0,212,0.9,9,0.04184922296842616,0.17305439767283376
1125,0,213,0.5,8,0.03470224240164461,0.1958619600719616
1125,0,215,0.7000000000000001,10,0.027726729217095104,0.19579615644471315
1125,0,216,0.55,5,0.04020387879917675,0.17802012972850967
1125,0,217,0.6000000000000001,4,0.026221438715902892,0.1378983274148396
1125,0,219,0.9,3,0.012133339516882133,0.12211393099717675
1125,0,220,0.9500000000000001,9,0.03824555391458074,0.19980082141360775
1125,0,221,0.5,4,0.0385137516527325,0.21464730995035916
1125,0,222,0.7000000000000001,7,0.05711711532894493,0.18031598130064536
1125,0,223,0.55,6,0.024724120199135863,0.20393900645995036
1125,0,224,0.9500000000000001,4,0.05900805646343149,0.1835066469489165
1125,0,225,0.7000000000000001,6,0.040588750293878414,0.17647217783913058
1125,0,226,0.8500000000000001,4,0.05214617846694406,0.17072348986958424
1125,0,227,0.7000000000000001,8,0.05037171470470782,0.20298540257249392
1125,0,228,0.6000000000000001,8,0.03518546911127113,0.1712949928958029
1125,0,229,0.7000000000000001,7,0.022258047005041942,0.18348887249936885
1125,0,230,1.0,8,0.04903623576169564,0.18972939637080982
1125,0,232,0.9500000000000001,8,0.0449968084366916,0.17844226318678597
1125,0,233,0.7000000000000001,10,0.044913484129558964,0.21377168567084753
1125,0,234,1.0,5,0.03985535397939232,0.19530246561503498
1125,0,235,0.6000000000000001,10,0.0503136520411217,0.21190807808364404
1125,0,236,0.7000000000000001,4,0.03572649962334727,0.17252876169286663
1125,0,237,0.75,8,0.030688834202392754,0.17839983471846632
1125,0,239,1.0,8,0.0665057850336854,0.20779822288757005
1125,0,240,0.65,10,0.04560362598142797,0.21765161322233123
1125,0,241,0.75,10,0.046991565235116106,0.17576019750046398
1125,0,242,0.6000000000000001,8,0.027406119015577764,0.19508891572851184
1125,0,243,0.9500000000000001,11,0.051507009308722713,0.20868964291742778
1125,0,244,0.75,8,0.03640296156238441,0.1801208824155029
1125,0,245,1.0,13,0.04058488426327545,0.20118515078071195
1125,0,246,0.75,13,0.049512671042394034,0.18836210505070478
1125,0,247,0.8500000000000001,8,0.048976321464042225,0.21816471299176338
1125,0,248,1.0,5,0.03556438992640255,0.1403623191832205
1125,0,249,0.6000000000000001,10,0.04097572983319517,0.1885163603805302
1125,0,250,0.55,7,0.056748630906807984,0.19819984121352793
1125,0,251,1.0,7,0.03681206772472816,0.18236814323473255
1125,0,252,0.9,7,0.04757353038470557,0.16637265623099878
1125,0,253,0.55,7,0.04625680341468382,0.18728704152334297
1125,0,255,0.8,7,0.033779932596283216,0.18641017828000453
1125,0,259,0.9500000000000001,7,0.03415443253671834,0.18409285475138545
1125,0,261,0.75,12,0.027172534398345785,0.19926513664919485
1125,0,262,0.8,8,0.02674706898177061,0.2064185306635297
1125,0,264,0.75,9,0.037131891909606196,0.1933760700813365
1125,0,265,0.8,6,0.04871577204394992,0.17607583910740834
1125,0,267,0.65,9,0.055825628262490636,0.20909495822873683
1125,0,269,0.65,7,0.043119442096971,0.1815999038132299
1125,0,273,0.75,9,0.029134795615885202,0.1980711821466844
1125,0,276,0.8500000000000001,8,0.029515678907509425,0.1766715606022543
1125,0,277,0.75,6,0.03395634752880461,0.16931194649065154
1125,0,282,0.55,8,0.02569499138836947,0.21208999406517606
1125,0,283,0.75,8,0.039549672384620066,0.197597447191453
1125,0,286,0.65,9,0.04582926523006491,0.19899591718567994
1125,0,289,0.7000000000000001,7,0.03243830546322233,0.18814572722542575
1125,0,292,0.6000000000000001,6,0.017548386825851206,0.1817403858963774
1125,0,294,0.65,5,0.04592052996378647,0.18030804924318825
1125,0,295,0.65,7,0.0163114679350828,0.22151962856974894
1125,0,296,0.8,13,0.05063297884118176,0.214174301272869
1125,0,297,0.8,5,0.06859355164348262,0.18631438330163222
1125,0,299,0.8,7,0.05886870705835125,0.18786368979597506
1125,0,300,0.6000000000000001,8,0.03841314663229668,0.2011418754792784
1125,0,302,0.6000000000000001,13,0.025712263606184026,0.18323478864773093
1125,0,303,0.55,10,0.040590700644405585,0.1939886899408589
1125,0,304,0.8500000000000001,6,0.016999159456444524,0.17607125947641666
1125,0,305,0.8,7,0.054523854540563216,0.18604038085791202
1125,0,306,0.65,5,0.049852340298435605,0.21146191970265918
1125,0,307,0.7000000000000001,9,0.02838417981600117,0.15863507740726515
1125,0,309,0.6000000000000001,7,0.039209370169304494,0.16302355217718612
1125,0,315,0.65,9,0.04645853838060932,0.18947297574443167
1125,0,316,0.55,10,0.02475597313875887,0.19295668015165485
1125,0,318,0.9500000000000001,9,0.059504197926180565,0.20024349724679094
1125,0,320,1.0,10,0.05409527757535591,0.2053203039852857
1125,0,322,0.5,9,0.019131875888108787,0.21628382541624552
1125,0,323,0.55,9,0.032527673555474604,0.18331885875603135
1125,0,328,0.6000000000000001,5,0.0333210635387559,0.17830607296131895
1125,0,332,0.8500000000000001,6,0.031150953992646176,0.17571995271939692
1125,0,335,0.7000000000000001,9,0.03378937330707504,0.17815800684863103
1125,0,342,1.0,7,0.03544860353449856,0.1808649046527975
1125,0,343,0.65,9,0.05725055090697386,0.19765354762450693
1125,0,344,0.5,8,0.046798547933819164,0.18820645225444702
1125,0,350,0.7000000000000001,6,0.038396865239559166,0.20268580979426698
1125,0,351,0.65,11,0.03880763252948908,0.2143914435843385
1125,0,355,0.7000000000000001,13,0.03828191267379796,0.1846994563574348
1125,0,357,0.55,12,0.04638898579850101,0.21260070555476715
1125,0,361,0.6000000000000001,11,0.04633302914192735,0.19419105490492816
1125,0,364,0.55,7,0.04087445315783896,0.19780616964477757
1125,0,369,0.8500000000000001,11,0.028686359516841783,0.18974941558934766
1125,0,373,0.7000000000000001,5,0.05284950968145903,0.19814374617479122
1125,0,374,0.65,12,0.041001181340093486,0.20456234644702406
1125,0,380,0.65,7,0.054790884917258253,0.21630826367204217
1125,0,382,0.65,7,0.032312117640938484,0.20749279080500008
1125,0,388,0.6000000000000001,7,0.02704426573494476,0.19874346779689558
1125,0,398,0.75,7,0.02303784073354221,0.1898625011377791
1125,0,401,0.45,7,0.028128115136924363,0.1966034102169695
1125,0,405,0.65,9,0.044435042102980014,0.214812776125221
1125,0,406,0.65,8,0.04194820160009245,0.1801294554510016
1125,0,411,0.55,7,0.041295941019619434,0.19171998344622135
1125,0,416,0.6000000000000001,6,0.022430733630834986,0.18575256722151767
1125,0,417,1.0,7,0.03962541974096114,0.21995958382075048
1125,0,418,0.45,4,0.027486235220555155,0.21015571320538884
1125,0,419,0.5,7,0.020542060787464473,0.20274929759607493
1125,0,424,0.6000000000000001,9,0.049549776290673454,0.17536066988517993
1125,0,425,0.6000000000000001,9,0.03156591048685975,0.20776367695220255
1125,0,429,0.55,6,0.030651329021166806,0.20482088430414705
1125,0,433,0.9500000000000001,10,0.05276422357293843,0.20458399695568855
1125,0,437,0.9,5,0.032806992990071907,0.2171532591432556
1125,0,438,0.5,9,0.034760421225733015,0.21929515618945336
1125,0,444,0.8,4,0.04328554862760818,0.20916239690394603
1125,0,447,0.6000000000000001,9,0.03758471978395413,0.21806345194579102
1125,0,451,0.65,14,0.03387637873632005,0.2126285599779661
1125,0,459,0.5,7,0.039400222418050995,0.22348618208749738
1125,0,482,0.7000000000000001,10,0.04772598014243316,0.1998186414560879
1125,0,491,0.65,6,0.024626077322770588,0.17012115407450934
1125,0,496,0.7000000000000001,8,0.025584182642573294,0.19373044789428318
1125,0,509,0.75,11,0.04981935314925494,0.18839041171291496
1125,0,541,0.65,8,0.02990043969991486,0.21365560842781917
1125,0,544,0.55,8,0.03768821597541995,0.2207951757014287
1125,0,554,0.75,4,0.048036274467720776,0.16396724812313185
1125,0,570,0.65,8,0.055887223612042805,0.21240516004272203
1125,0,571,0.9500000000000001,11,0.0420087202210672,0.2064273043739716
1125,0,608,0.7000000000000001,9,0.02471234833081789,0.20017477662639463
1125,0,609,0.6000000000000001,9,0.03912628042262951,0.19523247803083552
1125,0,611,0.9,9,0.046163241136003556,0.19711413774423947
1125,0,646,0.5,10,0.036522130763236405,0.18481460857366597
1125,0,676,0.65,4,0.04213518979521762,0.1535388695750236
1125,0,689,0.65,15,0.04467765000230923,0.1937888848434157
1125,0,702,1.0,7,0.04420218855598386,0.1898352103026219
1125,0,709,0.9500000000000001,6,0.061466180569244334,0.20221285379505274
1125,0,713,0.55,9,0.048837677633844716,0.20831159304531296
1125,0,718,0.55,5,0.05103004981119194,0.2158576299877512
1126,1,0,0.6000000000000001,8,0.024400733441308796,0.2239154412090915
1126,1,1,0.9500000000000001,2,0.015228682500563787,0.1351972328552074
1126,1,2,0.7000000000000001,2,0.019608271075952737,0.12939979411391148
1126,1,3,0.5,7,0.01993238391488046,0.19357647130690547
1126,1,4,0.6000000000000001,6,0.022653301327913565,0.16793099293654387
1126,1,5,0.6000000000000001,8,0.04381082344935044,0.1734319873270041
1126,1,6,0.75,6,0.025434797934026494,0.1360297765305363
1126,1,7,1.0,7,0.04747757342662093,0.18387151171563557
1126,1,8,0.7000000000000001,8,0.04424024253222184,0.18475579294214683
1126,1,9,0.8500000000000001,8,0.05519901371322497,0.1970179459175063
1126,1,10,0.8500000000000001,6,0.04706662812639141,0.17997383364481015
1126,1,11,0.75,6,0.031921266001784486,0.16292165311041454
1126,1,12,0.8,5,0.05918066809473485,0.15772084049365515
1126,1,13,0.8,7,0.023336898055840223,0.15957169068086907
1126,1,14,0.7000000000000001,7,0.024313911917465975,0.16806835270294967
1126,1,15,0.65,9,0.049135732142948904,0.19773837811800477
1126,1,16,0.55,9,0.048321880315402396,0.21838965212443398
1126,1,17,0.9500000000000001,6,0.04964662121666324,0.1507187780345672
1126,1,18,0.7000000000000001,6,0.04546928413754456,0.2069132304240333
1126,1,19,0.6000000000000001,8,0.06244501367631087,0.2049457621399447
1126,1,20,0.75,10,0.04326658451913651,0.18752851902557838
1126,1,21,0.7000000000000001,8,0.03639191794411168,0.1643183306336471
1126,1,22,0.55,5,0.03993095824077128,0.16750432063126522
1126,1,23,0.6000000000000001,5,0.04115329405017368,0.20701404576626348
1126,1,24,0.75,7,0.0323046112612574,0.14996079109473456
1126,1,25,0.55,7,0.04611170910300853,0.18809137265374914
1126,1,26,0.7000000000000001,4,0.03936144954243627,0.14905515071987535
1126,1,27,0.45,3,0.028960351017761225,0.12387499089391234
1126,1,28,0.65,7,0.035122314761316414,0.22343924019259134
1126,1,29,0.6000000000000001,6,0.03912090441733732,0.2093467715507563
1126,1,30,0.8500000000000001,5,0.017894173660357764,0.14611484230432165
1126,1,31,0.7000000000000001,3,0.0351961058583561,0.16987170451491165
1126,1,32,0.6000000000000001,5,0.03450678867547335,0.17143280950548584
1126,1,33,0.8,6,0.055924303647883984,0.1820967678741694
1126,1,34,1.0,3,0.009390983520304276,0.12475719747038615
1126,1,35,0.6000000000000001,6,0.03512148466863018,0.16717204243555425
1126,1,36,0.6000000000000001,9,0.03767765493459406,0.1911750182609523
1126,1,37,0.9,16,0.049099061069728146,0.18702416960062168
1126,1,38,0.6000000000000001,7,0.04332656088458236,0.19007542824765736
1126,1,39,0.8,9,0.021156478100131812,0.16779534524399894
1126,1,40,1.0,5,0.03552473663596158,0.14827694761631247
1126,1,41,0.75,7,0.040271844443096595,0.15597878228469536
1126,1,42,0.8,5,0.04861417929786374,0.18495354880371087
1126,1,43,0.8500000000000001,4,0.03826611381262015,0.14076170707131816
1126,1,44,0.7000000000000001,6,0.0605937562734918,0.22126198298672403
1126,1,45,0.45,7,0.03866061614732516,0.1866498328281394
1126,1,46,0.9500000000000001,8,0.051113635404633775,0.18638960310228292
1126,1,47,0.75,9,0.04281857169439549,0.16973028991880207
1126,1,48,0.8,3,0.009725116046154997,0.12345298483388446
1126,1,49,0.8500000000000001,6,0.035381606823958044,0.1531842067638452
1126,1,50,0.8,6,0.0506493629445297,0.19309560395845948
1126,1,51,0.6000000000000001,5,0.027534179070491084,0.1998843707084544
1126,1,52,0.8500000000000001,10,0.05372665244565383,0.20233522509809795
1126,1,53,0.8500000000000001,7,0.02323722707247872,0.1649613901089339
1126,1,54,0.8,5,0.032973071470722266,0.18027142238926705
1126,1,55,0.55,10,0.030503645842198834,0.21487133540004577
1126,1,56,0.6000000000000001,8,0.06818055948766952,0.19763090263258168
1126,1,57,0.8,11,0.04231499442355089,0.17454725623230258
1126,1,58,0.7000000000000001,7,0.0554923072755361,0.19223871298532574
1126,1,59,0.9,9,0.035981156403661896,0.1859470131506156
1126,1,60,0.65,7,0.03607297893958708,0.22143317614534522
1126,1,61,0.75,7,0.054016194746666774,0.1977990735535163
1126,1,62,0.5,4,0.04971940996713775,0.1634153042162971
1126,1,63,0.7000000000000001,8,0.03777595989860764,0.16858597296856703
1126,1,64,0.5,5,0.0590991015228747,0.20509030468400855
1126,1,65,0.55,6,0.05195268881365749,0.19720678111319645
1126,1,66,0.7000000000000001,6,0.06137913558470087,0.20200904292298838
1126,1,67,0.75,4,0.022274067210752167,0.16200631813920113
1126,1,68,0.65,7,0.03338782531059105,0.1787095673744654
1126,1,69,0.7000000000000001,2,0.024494444441196216,0.11732018776576698
1126,1,70,0.8500000000000001,10,0.04522482158252601,0.18792370006325076
1126,1,71,0.6000000000000001,5,0.05965598075332788,0.17503142516778278
1126,1,72,0.6000000000000001,5,0.03860262916982216,0.15380941106168322
1126,1,73,0.55,7,0.03436821859703925,0.17981743598881034
1126,1,74,0.55,9,0.03493956974539692,0.19990990235876968
1126,1,75,0.75,8,0.05869677682263803,0.1886740847308716
1126,1,76,0.6000000000000001,9,0.04382665345115176,0.17132637920170402
1126,1,77,0.6000000000000001,5,0.05684560195042388,0.20580128496820488
1126,1,78,0.8500000000000001,2,0.06321449577498617,0.21909628868759773
1126,1,79,0.65,9,0.04912843402102463,0.21891290422239887
1126,1,80,0.7000000000000001,8,0.04374939188018716,0.16387594726238242
1126,1,81,0.9,3,0.03268795228978316,0.17503464247335396
1126,1,82,0.65,6,0.057333363030021206,0.1688324616424229
1126,1,83,0.75,9,0.028253945684347977,0.1709900063564661
1126,1,84,0.65,7,0.03218870540125376,0.2046998624846202
1126,1,85,0.75,6,0.023601490402174,0.20880440883410034
1126,1,86,0.8500000000000001,8,0.03586096987991123,0.17727621283883604
1126,1,87,0.65,4,0.03385013468644489,0.16327369036789088
1126,1,88,1.0,8,0.034891578559878685,0.1698532560667111
1126,1,89,0.55,8,0.023202227115767745,0.18022144599158588
1126,1,90,0.65,5,0.03239996328650307,0.15024424269570374
1126,1,91,0.8,8,0.05516079322369449,0.18685762108120774
1126,1,92,0.8,7,0.050313303368554725,0.18184802572655243
1126,1,93,0.8,7,0.051404668131846104,0.19476868398068187
1126,1,94,0.7000000000000001,8,0.026913017099018246,0.1659482668123564
1126,1,95,0.7000000000000001,9,0.03879031602192584,0.1898814398722281
1126,1,96,0.5,6,0.050755786499255266,0.21720619172848163
1126,1,97,0.7000000000000001,9,0.04774784108440074,0.18779414280918408
1126,1,98,1.0,6,0.048561940429424785,0.16009894927782028
1126,1,99,0.6000000000000001,7,0.048913505207212535,0.2003137584374494
1126,1,100,0.65,7,0.05120359783142239,0.1692011061115358
1126,1,101,0.9,4,0.033147164186850445,0.16767527799087997
1126,1,102,0.55,9,0.04305818348968866,0.18670568974747123
1126,1,103,0.7000000000000001,9,0.04221591769583441,0.15590682867693129
1126,1,104,0.75,10,0.050218542146143026,0.18662332353241604
1126,1,105,0.9,5,0.05308028462176041,0.15823209576253222
1126,1,106,0.55,4,0.020120872040959626,0.20598027982313308
1126,1,107,0.9,3,0.010688329714022738,0.14155529969500422
1126,1,108,0.8,10,0.045759510143079586,0.19343332953005157
1126,1,109,0.8500000000000001,5,0.019071003166975423,0.14692562107280116
1126,1,110,0.45,8,0.0397343105019577,0.23128594918827408
1126,1,111,0.6000000000000001,8,0.023247027496881834,0.19878063947130284
1126,1,112,0.75,9,0.043443788706302895,0.1892249663521396
1126,1,113,0.6000000000000001,5,0.03857300447722213,0.17904600276158017
1126,1,114,0.75,8,0.051585254650637014,0.1779122135922298
1126,1,115,0.75,5,0.07313931648320482,0.19407096613956829
1126,1,116,0.65,3,0.058125978724468536,0.17802442181453268
1126,1,117,0.6000000000000001,12,0.05005900173131967,0.2116595919486389
1126,1,118,0.8,7,0.051042296185724624,0.17355682855900903
1126,1,119,1.0,7,0.03980050095989787,0.15594384339147147
1126,1,120,1.0,10,0.0487156377235182,0.18768776924051608
1126,1,121,0.7000000000000001,4,0.025523601860385107,0.24463930214403565
1126,1,122,0.9500000000000001,3,0.0237722856988029,0.12672112146237544
1126,1,123,0.65,6,0.053345581627273465,0.18046830449678578
1126,1,124,0.55,3,0.031272327815151386,0.14956880614931778
1126,1,125,0.65,8,0.045882704440517244,0.16790114761701425
1126,1,126,0.8,7,0.06326853429299321,0.17205844648932206
1126,1,127,0.75,9,0.05574229580292243,0.22943215207481296
1126,1,128,0.55,8,0.06159119749593105,0.19914128590901947
1126,1,129,0.8500000000000001,5,0.04316306073646982,0.17199307660603455
1126,1,130,0.65,11,0.0373737768425227,0.1917669400211796
1126,1,131,0.55,6,0.04253737026472961,0.17926961821917972
1126,1,132,0.8500000000000001,7,0.02529668840030396,0.16253182718308073
1126,1,133,0.65,9,0.020784460122674864,0.17789149817311156
1126,1,134,0.7000000000000001,8,0.025376537404088156,0.19379952688417945
1126,1,135,0.65,7,0.05732701661877854,0.18356612631314956
1126,1,136,0.65,11,0.03343700921112823,0.19845837445637435
1126,1,137,0.8,8,0.029793072805131673,0.14557976476897572
1126,1,138,0.65,5,0.04115865896694842,0.16064291531549618
1126,1,139,0.7000000000000001,6,0.013821038091724589,0.1511500419828928
1126,1,140,0.8,9,0.043968746708976,0.20016456916407865
1126,1,141,0.9,11,0.05056267609145447,0.18603127834648328
1126,1,142,0.7000000000000001,9,0.03818586127452857,0.17481898038510507
1126,1,143,1.0,4,0.02808376359025483,0.1336992808224677
1126,1,144,0.65,5,0.03628048732780856,0.17526269070052564
1126,1,145,0.6000000000000001,6,0.0548043745824705,0.20681084125102842
1126,1,146,0.7000000000000001,6,0.03360310338017705,0.18151742107824298
1126,1,147,0.75,12,0.04362563792255523,0.19032186003345328
1126,1,148,1.0,6,0.052695222773106176,0.16262368549799064
1126,1,149,0.9,2,0.005024222429858829,0.13971227380871898
1126,1,150,0.6000000000000001,6,0.0567420180285485,0.2034695226570301
1126,1,151,0.7000000000000001,9,0.03591416775230516,0.17715178584133173
1126,1,152,0.9500000000000001,11,0.0381790518096182,0.21941867166255805
1126,1,153,0.7000000000000001,12,0.03815432612713471,0.17742681872031332
1126,1,154,0.6000000000000001,10,0.03711901324230249,0.19089080489369087
1126,1,155,0.7000000000000001,4,0.024668265213281047,0.1412958949096692
1126,1,156,0.8500000000000001,8,0.04411744836111282,0.19687683031207565
1126,1,157,0.6000000000000001,4,0.0533808862683074,0.20311780313655353
1126,1,158,0.55,6,0.019118038127262496,0.15339250778148303
1126,1,159,1.0,9,0.05076172449657345,0.2042958417172382
1126,1,160,0.8,8,0.032755274744013387,0.15492955723628066
1126,1,161,0.6000000000000001,5,0.021314865417452332,0.14249573461160797
1126,1,162,0.6000000000000001,8,0.05159523197304609,0.1852918488690269
1126,1,163,1.0,7,0.052010533223821605,0.2248058689347121
1126,1,164,1.0,6,0.025851630429629385,0.16374424848572539
1126,1,165,0.5,5,0.02515428430940963,0.1945779204408344
1126,1,166,0.7000000000000001,2,0.04764247040047091,0.1679963254445277
1126,1,167,0.9,2,0.021517885035742215,0.1307500950943271
1126,1,168,0.75,9,0.05260680198537574,0.18983771630513743
1126,1,169,0.8,3,0.005926934629055647,0.1307863128377759
1126,1,170,0.75,8,0.046659462219919845,0.19469324958267176
1126,1,171,0.65,4,0.01940560082870807,0.12456305651633484
1126,1,172,0.8,4,0.025465856276249827,0.15439879192284078
1126,1,173,0.8,8,0.041713179080622734,0.16408472914748543
1126,1,174,0.8500000000000001,9,0.05658694661261645,0.2041055683361812
1126,1,175,0.75,12,0.04493478925643905,0.19337748709360592
1126,1,176,0.8,10,0.049240463780350845,0.19475011458279717
1126,1,177,0.8,2,5.319295260104189e-05,0.15382829839760692
1126,1,178,1.0,4,0.055080602503752116,0.16284448827627293
1126,1,179,0.75,8,0.06068739933542286,0.20236442959574774
1126,1,180,0.65,8,0.05634559718356303,0.18837984534898838
1126,1,181,0.6000000000000001,8,0.03876713325010136,0.22582745924408884
1126,1,182,0.8500000000000001,3,0.0911006233851591,0.16433653379076893
1126,1,183,0.65,6,0.046090397284443946,0.23433144090644506
1126,1,184,0.65,8,0.05830858405383279,0.1880249687332266
1126,1,185,0.7000000000000001,8,0.03245848263239415,0.15966053901818086
1126,1,186,0.65,6,0.034666516112255664,0.16085604454137106
1126,1,187,0.8,7,0.03746704189952285,0.1956125816617807
1126,1,188,0.6000000000000001,6,0.03995288055080127,0.15891227174821138
1126,1,189,0.7000000000000001,7,0.055462679965751036,0.1861882015206457
1126,1,190,0.5,8,0.030708788531703213,0.20464170910836643
1126,1,191,0.75,7,0.0291412621916277,0.17824756690985444
1126,1,192,0.65,6,0.031505578416457604,0.17115352734718725
1126,1,193,0.9,2,0.03046536705311315,0.12154226763459354
1126,1,194,1.0,5,0.035143536621642456,0.14426850281169962
1126,1,195,0.65,5,0.04610127982053422,0.17171438303044423
1126,1,196,0.6000000000000001,6,0.027538191244777303,0.17172206451195926
1126,1,197,0.9,6,0.058880893092522174,0.181227657550635
1126,1,198,0.6000000000000001,9,0.049609690311764244,0.2087916242427134
1126,1,199,0.7000000000000001,7,0.052786085213368424,0.2244698216004384
1126,1,200,0.65,9,0.038207540995177945,0.2089176267750742
1126,1,201,0.8500000000000001,3,0.06197718490191673,0.1642754269687303
1126,1,202,0.9500000000000001,2,0.022465064053775505,0.11588519913221482
1126,1,203,0.65,2,0.019937198190069606,0.16796363953316085
1126,1,204,0.9500000000000001,6,0.04823993391707252,0.22849598081132716
1126,1,205,0.75,9,0.054497494634648445,0.19527843916000526
1126,1,206,0.65,11,0.04080598727727094,0.1890518464427602
1126,1,207,0.5,5,0.03397514084129681,0.1621452222777014
1126,1,208,0.8500000000000001,4,0.010768271444190325,0.12931726672953736
1126,1,209,0.6000000000000001,7,0.030971211201167897,0.16375753747372554
1126,1,210,0.6000000000000001,5,0.0498970843451978,0.1763739807681575
1126,1,211,0.8,7,0.043423413861580606,0.17362654673272507
1126,1,212,0.7000000000000001,6,0.046039455560479656,0.1652759445986727
1126,1,213,0.7000000000000001,13,0.04914567235395173,0.1901836193334544
1126,1,214,0.8500000000000001,8,0.030803588832421513,0.1406230130760186
1126,1,215,0.6000000000000001,8,0.03866817123899662,0.2158585922514169
1126,1,216,0.8500000000000001,3,0.048712088708733434,0.15614363638069825
1126,1,217,0.8,6,0.05471990255065831,0.17201512032814237
1126,1,218,0.65,11,0.037491427925211686,0.1730262796851996
1126,1,219,0.7000000000000001,3,0.025015303372451128,0.15804454689263855
1126,1,220,0.6000000000000001,8,0.05641465450723079,0.1730952205277796
1126,1,221,0.75,2,0.017516885732758284,0.1579092975424956
1126,1,222,0.65,2,0.0017897474287820278,0.11925074773751386
1126,1,223,0.75,10,0.04678385188620083,0.1820312216280256
1126,1,224,0.6000000000000001,8,0.04278074866839262,0.21144738035221175
1126,1,225,0.8500000000000001,10,0.03544416305549652,0.19559072677304065
1126,1,226,0.7000000000000001,4,0.02922953632925988,0.13272103661957424
1126,1,227,0.55,7,0.049237845761283476,0.19344667288487272
1126,1,228,0.6000000000000001,4,0.03481670627226059,0.22886106978623966
1126,1,229,0.55,11,0.040672062914520926,0.21912148236016815
1126,1,230,1.0,6,0.06418913589444954,0.18581391398352606
1126,1,231,0.55,6,0.03126878365816339,0.1659269952486179
1126,1,232,0.75,3,0.03904486545917258,0.14034326250086263
1126,1,233,0.9,7,0.02067729775981467,0.1439638031259741
1126,1,235,0.65,7,0.046684008435284224,0.2056126067401389
1126,1,236,0.8,9,0.04646130031844116,0.2074017848666824
1126,1,237,0.8500000000000001,5,0.014177594721268066,0.14729382956555312
1126,1,238,0.7000000000000001,6,0.05405047716620755,0.17111908405017281
1126,1,240,0.7000000000000001,7,0.036834877431853076,0.17838322860721734
1126,1,241,0.8,8,0.032114246991782114,0.2039665633441433
1126,1,242,1.0,8,0.04242383646398415,0.1565102263446737
1126,1,243,0.65,7,0.03064952640488022,0.17947626968265307
1126,1,244,1.0,8,0.04041111368496343,0.18771237420714015
1126,1,245,1.0,5,0.0381543147589778,0.1526422576942039
1126,1,246,0.6000000000000001,11,0.04164020204967773,0.20711110833024818
1126,1,247,0.75,8,0.03309668241824794,0.16471473604467882
1126,1,248,0.65,5,0.033390583353015535,0.1691657471400478
1126,1,249,0.9,4,0.02132906550147124,0.15810636564413538
1126,1,250,0.75,7,0.030474379786037068,0.174745632901653
1126,1,251,0.8,2,0.011776983887479596,0.12631279036277243
1126,1,252,0.8,6,0.045720510876855615,0.18445757715106148
1126,1,253,0.6000000000000001,10,0.0402178139246801,0.18098525783699965
1126,1,254,1.0,6,0.056797486018192476,0.18992996460356895
1126,1,255,0.55,10,0.04521033489665667,0.20030109272732527
1126,1,256,0.55,4,0.04016414505113278,0.18026344731217359
1126,1,257,0.9,8,0.039555309843915414,0.16124341055731906
1126,1,258,0.75,2,0.03046536705311315,0.12154226763459354
1126,1,259,0.8,6,0.026790329238695083,0.1646683126647056
1126,1,260,0.8500000000000001,3,0.026557965595400003,0.14148014116059535
1126,1,261,0.8500000000000001,10,0.021028978974595547,0.19257506218121187
1126,1,262,0.75,8,0.027699306830390822,0.16415507274551727
1126,1,263,0.65,14,0.05718845186110907,0.19970306140713273
1126,1,264,0.9,3,0.0661126975735883,0.15479496817601643
1126,1,265,0.9500000000000001,7,0.04156247150033959,0.1723852607290047
1126,1,266,0.65,8,0.04618393792524921,0.2057562087382077
1126,1,267,0.7000000000000001,2,0.010984658245458778,0.10776732633438063
1126,1,268,0.65,2,0.011480405808316729,0.12365252546659544
1126,1,269,0.9500000000000001,3,0.025734215723421012,0.14869159554916322
1126,1,271,0.8,7,0.04815589000632361,0.1729672751735148
1126,1,272,0.45,2,0.014570787117277679,0.164093787677964
1126,1,276,0.6000000000000001,7,0.038830221237609666,0.16792445069683695
1126,1,283,0.5,6,0.04708569618713938,0.21434008278286462
1126,1,284,0.65,8,0.05341488088526538,0.20933682983375151
1126,1,285,0.6000000000000001,7,0.03716195857948706,0.17653914395062933
1126,1,287,0.7000000000000001,10,0.05835131355381253,0.2004105448841683
1126,1,288,0.9,6,0.05265214964035592,0.16986398416246953
1126,1,290,0.7000000000000001,4,0.04837631855375459,0.19543575198799595
1126,1,291,0.75,6,0.03190640238532148,0.1802685321102215
1126,1,293,0.9,4,0.030057043473289108,0.14236015232219162
1126,1,294,0.75,10,0.02956777352674024,0.20418108517514205
1126,1,295,0.9500000000000001,5,0.03535877664513987,0.2230905063668623
1126,1,298,0.7000000000000001,7,0.038048439552601426,0.21608527767079538
1126,1,305,0.7000000000000001,11,0.02688335922721556,0.19416049508660568
1126,1,307,0.6000000000000001,7,0.028266894247909916,0.18034540156609444
1126,1,310,0.65,6,0.053327735358767864,0.2226031558140351
1126,1,311,0.65,7,0.044819185155985354,0.2051413174952171
1126,1,313,0.5,5,0.032832774948904395,0.2193857033245712
1126,1,316,0.75,9,0.050760737323420194,0.16990843454785784
1126,1,317,0.75,7,0.03848625081115802,0.21886084884105017
1126,1,319,0.8,10,0.056665237823207815,0.20048649435922994
1126,1,320,0.55,5,0.04695975855453847,0.17854129867930785
1126,1,323,0.65,8,0.041200600307981686,0.19620270401928402
1126,1,325,0.6000000000000001,9,0.033365735936290546,0.1766929747727846
1126,1,329,0.75,10,0.042991504164835166,0.18625535736624915
1126,1,330,0.65,6,0.0339152900083464,0.1840371938165738
1126,1,331,0.9,12,0.04669123652643553,0.20952397846681906
1126,1,333,1.0,6,0.06441702651798042,0.21233420522381774
1126,1,341,0.5,5,0.04431101816100572,0.2202447247440677
1126,1,342,0.55,8,0.038242120218577355,0.22103047629466632
1126,1,347,0.5,4,0.04666532517220711,0.20291033621584592
1126,1,349,0.9500000000000001,11,0.05296732035065324,0.17535825409161837
1126,1,350,0.5,6,0.03704897394010795,0.18586912524070373
1126,1,351,0.6000000000000001,10,0.050546437426300786,0.20800092637684625
1126,1,356,0.75,10,0.042114203417041286,0.183135321423152
1126,1,359,0.6000000000000001,7,0.04306923384724901,0.2127176375146533
1126,1,360,0.55,7,0.030479545360814007,0.182895674943059
1126,1,361,0.75,10,0.045417583658578724,0.21229823257195884
1126,1,365,0.8,10,0.04803043119084041,0.1767022686624635
1126,1,367,0.8,11,0.03908219112391878,0.18815695409846328
1126,1,368,0.6000000000000001,7,0.04540405462930869,0.17875380642567482
1126,1,371,0.75,7,0.05245745568728059,0.18455179967936558
1126,1,373,0.55,9,0.04841076645341681,0.19243089416425002
1126,1,374,0.55,8,0.029936446373343223,0.17802236526750198
1126,1,376,0.8500000000000001,9,0.04677750594777437,0.19361017552786736
1126,1,377,0.8,12,0.03844421737053165,0.1868939742261204
1126,1,378,1.0,5,0.05522499605526915,0.1768162629513266
1126,1,380,0.6000000000000001,8,0.04616332917149991,0.18731434473404096
1126,1,382,0.7000000000000001,9,0.06148071411223137,0.21682565474048732
1126,1,384,0.8,6,0.041429220884365174,0.16588510686077065
1126,1,385,0.6000000000000001,7,0.02641863945783023,0.18319389210743603
1126,1,386,1.0,8,0.02978543175394158,0.18244171202273726
1126,1,397,0.75,8,0.06094129974456558,0.2110721936667112
1126,1,401,0.5,10,0.044450065240547655,0.21578621415538635
1126,1,404,0.6000000000000001,12,0.042899006494757606,0.20632051078513083
1126,1,411,0.8,10,0.06264808289044062,0.19597062999125903
1126,1,413,0.65,7,0.04251739141546856,0.21529121161967693
1126,1,420,0.7000000000000001,9,0.04064265014223841,0.22142608774640926
1126,1,421,0.55,7,0.054436516284725484,0.20406973563517322
1126,1,422,0.7000000000000001,15,0.04262319811336028,0.1815159189522283
1126,1,434,0.6000000000000001,12,0.04330440794992561,0.20054622577650386
1126,1,440,0.7000000000000001,4,0.04763411507477489,0.1783329846903635
1126,1,460,0.8500000000000001,6,0.05471407926506401,0.1703368507525522
1126,1,481,0.55,7,0.025015231674148097,0.24652466980146398
1126,1,486,0.8500000000000001,11,0.056065680827352124,0.2013041866726457
1126,1,488,0.75,6,0.046907764493788986,0.20581338867585028
1126,1,503,1.0,11,0.05713210922459519,0.18202987845557228
1126,1,545,0.7000000000000001,6,0.039879001669392546,0.19512231725789034
1126,1,548,0.65,8,0.058094681069920245,0.20817696966765042
1126,1,551,0.5,7,0.040966211069875885,0.21043730487426324
1126,1,578,0.9500000000000001,11,0.05518262210072964,0.20131494606984549
1126,1,591,1.0,7,0.0541238274632657,0.19247111579629234
1126,1,595,0.7000000000000001,7,0.06748497301837013,0.18681131393864966
1126,1,617,0.8,7,0.037655788794668375,0.17513496739588466
1126,1,633,0.5,8,0.06434956878017262,0.19369207633238827
1126,1,652,0.7000000000000001,9,0.04387575823139358,0.2050237384678722
1126,1,655,0.8,12,0.04554496507151797,0.18736940053399498
1126,1,661,0.65,6,0.04545117831402133,0.20125824872071965
1126,1,671,0.75,15,0.042859871412358266,0.1952606378929259
1126,1,713,0.8,11,0.0404352888806335,0.20639110056284116
1127,2,0,0.8,9,0.05069336159702486,0.2001581871088609
1127,2,1,1.0,7,0.035101434299604606,0.22870595347159345
1127,2,2,0.75,5,0.05900581944433117,0.19486069569778564
1127,2,3,0.8,2,0.04013966276222708,0.1283830277337119
1127,2,4,0.8,19,0.0520227286094214,0.20941676172838258
1127,2,5,0.65,8,0.038296212059090305,0.18918671035035572
1127,2,6,1.0,9,0.05753927021692822,0.20036812099929932
1127,2,7,0.7000000000000001,5,0.04700113894715969,0.2400856450168031
1127,2,8,0.6000000000000001,9,0.01594936129611552,0.1922972088428761
1127,2,9,1.0,2,0.03390112242778723,0.15084155770429694
1127,2,10,0.8,10,0.03148670275997852,0.17714128129955678
1127,2,11,0.65,6,0.03156964788007735,0.14669835436753897
1127,2,12,0.65,6,0.017177836357628352,0.20964697968753618
1127,2,13,0.65,9,0.027570399462359795,0.1915773238171134
1127,2,14,0.9,8,0.06004957079183754,0.17270238950617023
1127,2,15,0.75,4,0.04195400974185133,0.2598672972339535
1127,2,16,1.0,10,0.03384428111658714,0.20508673086722357
1127,2,17,0.75,10,0.023362037935440467,0.18562229315675455
1127,2,18,0.5,6,0.040696926885072524,0.22831151500401062
1127,2,19,0.8500000000000001,6,0.03439048774898663,0.19165438835684356
1127,2,20,0.45,4,0.019011451884716462,0.12768905051037283
1127,2,21,0.6000000000000001,7,0.04642044156447332,0.22973070891073563
1127,2,22,0.7000000000000001,8,0.035237500137211504,0.1810819784224652
1127,2,23,0.9500000000000001,7,0.06109559110139416,0.20079004060109998
1127,2,24,0.7000000000000001,11,0.046041851434897724,0.18492536672188944
1127,2,25,0.7000000000000001,10,0.0377365981433906,0.1988010646143688
1127,2,26,0.8500000000000001,6,0.026839998246154472,0.13860127416745785
1127,2,27,0.9500000000000001,3,0.03752857625466675,0.1407860580530347
1127,2,28,0.7000000000000001,7,0.05738708994405599,0.22106066510126463
1127,2,29,0.9500000000000001,6,0.06305702997783835,0.18507881575087845
1127,2,30,0.9,3,0.00827818453165061,0.11855721469625817
1127,2,31,0.8500000000000001,6,0.07118584432866887,0.21146864600439486
1127,2,32,0.75,7,0.035000176660293134,0.18669712117399037
1127,2,33,0.7000000000000001,5,0.028452776307373615,0.14397324044547508
1127,2,34,0.8,7,0.06632526476008956,0.2028790164738586
1127,2,35,0.8,9,0.050325352338239704,0.17062204578547838
1127,2,36,0.7000000000000001,5,0.027224000289786148,0.14672775222736031
1127,2,37,0.8,10,0.03402957514911473,0.16322643559984407
1127,2,38,0.75,4,0.04186480154778987,0.16668251464607964
1127,2,39,0.9,9,0.037375845929450834,0.1807633642260657
1127,2,41,0.9,8,0.04667191392767181,0.17904663419440403
1127,2,42,0.55,6,0.04144916515101136,0.17574079800813472
1127,2,43,0.9,9,0.029893664540505935,0.1600174087703106
1127,2,44,0.9,9,0.04483598598751549,0.2067755646169053
1127,2,45,0.65,5,0.06811455366618158,0.19665792892251527
1127,2,46,0.9,10,0.05934864868082266,0.19685607744316497
1127,2,47,0.7000000000000001,9,0.04994169204807062,0.1910669173203035
1127,2,48,0.6000000000000001,8,0.05721186629147051,0.2024645131855211
1127,2,49,0.75,8,0.06155825493421118,0.19851937021237823
1127,2,50,0.8500000000000001,3,0.10100056809397812,0.1643078811052742
1127,2,51,0.6000000000000001,6,0.029680837322674757,0.17697676604918544
1127,2,52,0.8,5,0.06733372036237355,0.18820171964257756
1127,2,53,0.9,3,0.008700094305474923,0.12441124814274372
1127,2,54,0.6000000000000001,4,0.05519558202571871,0.16306219864951738
1127,2,55,0.5,8,0.03306121906657877,0.19909361087770808
1127,2,56,0.8500000000000001,2,0.0179824882356433,0.12746196225286682
1127,2,57,1.0,2,0.023084500090309903,0.12663711706318903
1127,2,58,0.65,3,0.05857837471663894,0.18344779130402655
1127,2,59,0.6000000000000001,6,0.03458841321958154,0.18368469849452518
1127,2,60,0.75,9,0.0331657613204763,0.18575908540084707
1127,2,61,0.55,4,0.03260027093899704,0.15842104371183036
1127,2,62,0.7000000000000001,8,0.04541640023535545,0.2004718291882876
1127,2,63,1.0,2,0.011706812943415995,0.11859187732740134
1127,2,64,0.65,9,0.045208839685526296,0.1975326907288356
1127,2,65,0.45,8,0.05247670554031709,0.17462914520917144
1127,2,66,0.7000000000000001,10,0.036103466264544685,0.16549728014400572
1127,2,68,0.8500000000000001,5,0.0405455624171463,0.17671221641657714
1127,2,69,0.45,4,0.04939213477593264,0.2094135540515611
1127,2,70,0.55,10,0.04373637693124731,0.231024365040052
1127,2,71,0.65,7,0.04205232985434527,0.1716557568629858
1127,2,73,0.6000000000000001,6,0.0649590404227233,0.2008031624020147
1127,2,74,0.9500000000000001,7,0.02658634338650025,0.16265947973946587
1127,2,75,0.7000000000000001,5,0.0284185122218805,0.1730338460672125
1127,2,76,0.8500000000000001,8,0.037387948388196784,0.16090439802816095
1127,2,77,0.75,10,0.029030121584554848,0.19554306312200548
1127,2,78,0.5,13,0.05222758829077606,0.19156504996188983
1127,2,79,1.0,9,0.058497540170606564,0.20343295615656223
1127,2,80,0.7000000000000001,3,0.030457301308865422,0.15194888193400766
1127,2,81,0.8500000000000001,7,0.032010659260739704,0.15570378834622628
1127,2,82,0.7000000000000001,10,0.058733082344637984,0.19011507350221887
1127,2,83,0.45,4,0.03605162670764663,0.21375107559045964
1127,2,84,0.75,9,0.045481254169046324,0.1674750909429844
1127,2,85,0.9500000000000001,2,0.030377536151795812,0.12148016180867433
1127,2,86,0.8500000000000001,2,0.011929637060243923,0.12318195014122896
1127,2,87,0.75,9,0.046415963337890026,0.1775784723463948
1127,2,88,0.8,2,0.08254365733784275,0.15836717984752735
1127,2,89,0.6000000000000001,5,0.044230455041823935,0.20304054773518168
1127,2,90,0.8,5,0.039381635625604566,0.13295229179793036
1127,2,91,0.75,11,0.037508581563731866,0.17828125779813345
1127,2,92,0.9,15,0.04726008362678582,0.18923044069171313
1127,2,93,0.8,5,0.04746211190519725,0.14526351787421538
1127,2,94,0.8500000000000001,8,0.038581132734134174,0.17854677315706766
1127,2,95,0.45,8,0.043720875037736015,0.20299532525488823
1127,2,96,1.0,9,0.039774389945108554,0.20679564403921036
1127,2,97,0.9500000000000001,7,0.032868178350240015,0.20485335278537162
1127,2,98,1.0,8,0.055765940534661586,0.18687610954570544
1127,2,99,0.9,5,0.04087125572770624,0.18253666571063162
1127,2,100,0.55,5,0.027166208487738257,0.15652434053033892
1127,2,101,0.75,8,0.04241931330950812,0.18846757732447408
1127,2,102,0.8500000000000001,7,0.047540031707177695,0.1539258902752494
1127,2,103,0.8,10,0.03702679774491929,0.1931172524899491
1127,2,104,0.55,2,0.06614267000828747,0.16151635336748027
1127,2,105,1.0,8,0.036034524058403274,0.18758018785770672
1127,2,106,0.9500000000000001,5,0.04610499022238371,0.1572714328679461
1127,2,107,0.6000000000000001,10,0.057225695410949816,0.19668582354644265
1127,2,108,0.9,7,0.04772828509847044,0.18266152445571274
1127,2,109,0.75,7,0.056104586586540973,0.1835417624966563
1127,2,110,0.5,8,0.04195839418700944,0.2023798332369215
1127,2,111,0.6000000000000001,5,0.03565802346444934,0.22692788807350542
1127,2,112,0.6000000000000001,9,0.056800668091384926,0.21457082789996373
1127,2,113,0.8,8,0.04161881853298542,0.20718159824678203
1127,2,114,0.8500000000000001,9,0.03627117785938288,0.20900958903617872
1127,2,115,0.7000000000000001,8,0.05490258966490689,0.1991325079201164
1127,2,116,0.8,8,0.03864962949452883,0.188124467049975
1127,2,117,0.75,4,0.044947342378259134,0.1477068631060216
1127,2,118,0.8,10,0.036234027880908355,0.18835388454662574
1127,2,119,0.8,3,0.01339827980357778,0.13387523822607264
1127,2,120,0.7000000000000001,5,0.018655459089167815,0.14764532547795972
1127,2,121,0.75,9,0.05941071668495457,0.20305862124895246
1127,2,122,0.7000000000000001,6,0.06346513994538193,0.21013901311143124
1127,2,123,0.9500000000000001,12,0.053622463521166,0.19707152821926943
1127,2,124,0.8,8,0.0449155488436396,0.15557954727917944
1127,2,125,0.9,3,0.043653292877459594,0.14126124433919776
1127,2,126,0.8,8,0.06031800990787912,0.1807312242163065
1127,2,127,0.9,14,0.051631398955146124,0.20357592443916367
1127,2,128,0.8500000000000001,8,0.04415953514366971,0.19469613311497275
1127,2,129,0.55,7,0.05270510986822281,0.185257590430529
1127,2,130,0.65,9,0.03608736065419389,0.19039572915405545
1127,2,131,0.45,9,0.03460218943683454,0.22416273866079242
1127,2,132,1.0,3,0.022137833109242607,0.11838789708058008
1127,2,133,0.75,6,0.07272666027402258,0.16828911302803481
1127,2,134,0.8,7,0.03127387998309273,0.1513523527320392
1127,2,135,1.0,4,0.05221194035669558,0.18229253884712832
1127,2,136,0.8,6,0.031695092516865815,0.16696969736878794
1127,2,137,0.8500000000000001,5,0.03718356439145543,0.14951577081279926
1127,2,138,0.55,5,0.0406041941822816,0.21724745851245336
1127,2,139,0.7000000000000001,8,0.04323109907155561,0.19483078771894236
1127,2,140,0.9500000000000001,4,0.04510232382052085,0.1546990948326455
1127,2,141,0.6000000000000001,3,0.04743954523675546,0.1386424417014949
1127,2,142,0.8500000000000001,7,0.05310357411987714,0.19310974860730304
1127,2,143,0.8,3,0.04768385206670209,0.18334881641923337
1127,2,144,0.7000000000000001,6,0.027007209361069182,0.18836496653401394
1127,2,145,0.8500000000000001,4,0.03941597807942306,0.1794420925840759
1127,2,146,0.8500000000000001,9,0.04689945346755246,0.17179010581248982
1127,2,147,0.9500000000000001,9,0.058726541147836445,0.18694041737644546
1127,2,148,0.8,4,0.04704670059302379,0.1804073509277822
1127,2,149,0.8500000000000001,9,0.05095812387366776,0.2016257401359086
1127,2,151,0.75,12,0.047951839761219965,0.18919094783587473
1127,2,152,0.65,7,0.03014475090477296,0.21776216901052434
1127,2,153,0.75,7,0.045300820627893555,0.17362798353660208
1127,2,154,0.55,7,0.04200409717991348,0.17552364170144114
1127,2,155,0.55,6,0.045202285201485774,0.21725687811617514
1127,2,156,0.75,10,0.0477420705338804,0.169939731262973
1127,2,157,0.6000000000000001,6,0.03208361290070499,0.22015288227781926
1127,2,158,0.8,7,0.043101129277619304,0.17127425595940252
1127,2,159,0.75,5,0.055213657204535256,0.19075030186714148
1127,2,160,0.55,7,0.029403961006307176,0.18353480073416553
1127,2,161,0.6000000000000001,7,0.050748160510006614,0.2030812926197536
1127,2,162,0.75,10,0.039188611545879375,0.19014361369443794
1127,2,163,0.8500000000000001,7,0.04496359900544549,0.19379754261336957
1127,2,164,0.75,10,0.06865942274932636,0.17676449179489312
1127,2,165,0.7000000000000001,7,0.042369478246243326,0.21206851301687998
1127,2,166,0.8500000000000001,3,0.04205782979113257,0.13644480339689857
1127,2,167,0.9,4,0.030618857630738423,0.16783461975675384
1127,2,168,0.8,6,0.03699405792935063,0.16584615777290712
1127,2,169,0.8,4,0.028680464882384616,0.18231391284466464
1127,2,170,0.9,3,0.02032415800220234,0.11830797483524454
1127,2,171,0.9500000000000001,7,0.03311820271984091,0.21378820101630194
1127,2,172,0.9,2,0.007348765708361405,0.13206620621150675
1127,2,173,0.9,7,0.04334271440404461,0.16869605760814407
1127,2,174,0.75,7,0.0435317298255425,0.16412835142885526
1127,2,175,0.65,8,0.04059550292713639,0.22164924277997428
1127,2,176,0.9500000000000001,10,0.044282377768584895,0.17088113919354916
1127,2,177,0.8,8,0.025315155850848516,0.18570446262049123
1127,2,178,0.7000000000000001,7,0.034496606679331306,0.16026852485205173
1127,2,179,0.8,9,0.045272712272601955,0.1869430897636038
1127,2,180,0.8500000000000001,8,0.05526398337856421,0.21167498414001087
1127,2,181,0.6000000000000001,5,0.045363617754974786,0.22084379040563396
1127,2,182,0.8500000000000001,7,0.028183076767206272,0.17765260611423422
1127,2,183,1.0,6,0.06167884593476125,0.19511330740269772
1127,2,185,0.9,6,0.02327361563921322,0.18034480528207106
1127,2,186,0.55,6,0.02233140358381314,0.1987325848603911
1127,2,187,0.65,12,0.04907619266432466,0.19141965509914546
1127,2,188,1.0,8,0.06093357606583656,0.19200300557610356
1127,2,189,0.75,8,0.036030880135797465,0.20598469688928694
1127,2,190,0.65,10,0.038613473363003796,0.17221892139696224
1127,2,191,0.7000000000000001,8,0.025149932455056243,0.16100658329219622
1127,2,192,0.8500000000000001,5,0.034473487801285604,0.17424101434831743
1127,2,193,0.7000000000000001,7,0.05126946479993758,0.20948094550934432
1127,2,194,1.0,9,0.03767604334911351,0.15732160931764294
1127,2,195,0.7000000000000001,8,0.021143713976516335,0.1840133237583152
1127,2,196,0.7000000000000001,13,0.048851236348734735,0.21697954431583483
1127,2,197,1.0,11,0.06582779464105888,0.18647392754194847
1127,2,198,0.8500000000000001,3,0.00926456274536145,0.10960059998100041
1127,2,199,1.0,2,0.018999849004901904,0.11343492207288662
1127,2,200,0.9,8,0.028831498418927067,0.17845131996709096
1127,2,201,0.6000000000000001,7,0.0329257908560082,0.21504970052730682
1127,2,202,0.7000000000000001,12,0.03984014060518284,0.16904698558950046
1127,2,204,0.6000000000000001,4,0.03094902740244593,0.1760648578876128
1127,2,205,0.7000000000000001,6,0.052172803213047216,0.17403903998247808
1127,2,206,0.8,8,0.06903787527232581,0.18417760055876956
1127,2,207,0.55,5,0.017549910525242806,0.18067891997594238
1127,2,208,0.75,8,0.056653418616366615,0.202153313768708
1127,2,209,1.0,4,0.028196123390699306,0.13129557122082947
1127,2,210,0.8500000000000001,9,0.0557843534567202,0.1944995444720935
1127,2,211,0.8,5,0.04101897443711076,0.1503815882320343
1127,2,212,0.7000000000000001,9,0.06518498096598056,0.20693059575654663
1127,2,213,0.8,5,0.04348063590153484,0.15408457203808518
1127,2,214,0.55,4,0.02717123003876465,0.20614116062602053
1127,2,215,0.8,8,0.05383998218631038,0.18829845050672372
1127,2,216,0.8,6,0.06748439395925565,0.17708350607277082
1127,2,217,0.75,9,0.035735392809422034,0.17604810918096503
1127,2,218,0.8500000000000001,6,0.060736977705224945,0.17257353568061107
1127,2,219,0.8500000000000001,2,0.028409783851512774,0.12008875081344876
1127,2,220,0.75,7,0.07078572656506561,0.2028673258635916
1127,2,221,0.9,10,0.04624216820219673,0.21144602712668986
1127,2,222,0.75,6,0.03657339091324587,0.19603486295552022
1127,2,223,0.8,2,0.010427295615869473,0.10737321143941807
1127,2,224,0.8,7,0.047278362770156596,0.17055069623959537
1127,2,225,0.8500000000000001,5,0.04500421618830381,0.17271788961077394
1127,2,226,0.6000000000000001,2,0.031510578761707424,0.13448471154590771
1127,2,227,0.75,11,0.0500965558713627,0.2077424523183634
1127,2,228,0.65,8,0.03813720680663984,0.20782840354932322
1127,2,229,1.0,8,0.04294218601142291,0.17500936008716256
1127,2,230,0.75,5,0.05052181060885663,0.2012166165448715
1127,2,232,0.5,10,0.04475587759234971,0.2120072187004328
1127,2,233,0.9,13,0.04446957353018497,0.20338473324637224
1127,2,234,0.6000000000000001,6,0.06363121709137541,0.2159332488795719
1127,2,235,0.6000000000000001,10,0.029541103391904147,0.216490799143393
1127,2,236,0.8,5,0.05999344199738634,0.1837439615193646
1127,2,237,0.5,13,0.03582575414558687,0.22255946555266698
1127,2,238,1.0,10,0.054638551493675025,0.1925957465508515
1127,2,239,0.45,11,0.03518589576728873,0.20289070542465817
1127,2,240,0.55,8,0.040800370898101825,0.23250705317909642
1127,2,241,0.6000000000000001,9,0.049491321653209186,0.21985718876719595
1127,2,242,0.9,6,0.03277687801426909,0.168396240412385
1127,2,243,0.65,8,0.009263497780632459,0.18738892926911252
1127,2,244,0.8,14,0.05212318028924727,0.17609807693229043
1127,2,245,0.8500000000000001,2,0.010427295615869473,0.10737321143941807
1127,2,246,0.65,9,0.03442151348663548,0.18653499939054494
1127,2,247,0.5,12,0.043586654504690577,0.21328470149562506
1127,2,249,1.0,8,0.0408925598420311,0.183462827456287
1127,2,250,0.55,5,0.031610106711347244,0.21166258075381209
1127,2,251,0.65,8,0.049582162355756985,0.2252430914396131
1127,2,252,0.7000000000000001,10,0.02285029852764259,0.181028855932858
1127,2,254,0.65,14,0.05438668296694577,0.19278987919190552
1127,2,255,0.8,5,0.02975463317718209,0.16404054967979728
1127,2,256,0.7000000000000001,6,0.015167549098841509,0.20976532932840652
1127,2,258,0.65,10,0.03320579832345434,0.2129405095972491
1127,2,259,0.8,6,0.05302989837283507,0.1630388939900308
1127,2,260,0.9,6,0.03614738726663703,0.15942424343814685
1127,2,261,0.9,3,0.027710850141652713,0.1227953488684816
1127,2,262,0.65,7,0.03125958003555284,0.17378611165680796
1127,2,264,0.6000000000000001,10,0.029684529400637604,0.1859241194505056
1127,2,265,0.65,7,0.039481025782564676,0.20205885812574872
1127,2,266,0.8,10,0.04210726311005684,0.18817355237201464
1127,2,267,0.8,8,0.035782822219655015,0.1717451824786577
1127,2,268,0.75,7,0.031928169611867604,0.20275159064748252
1127,2,269,0.6000000000000001,7,0.04841841559818981,0.1837858736064917
1127,2,270,0.7000000000000001,8,0.048480722783493066,0.18335082215676785
1127,2,272,0.6000000000000001,6,0.057074286174647944,0.1941247582396415
1127,2,274,0.8,11,0.0626106822432418,0.19593087462802752
1127,2,275,0.75,12,0.04754270940736998,0.18027349865236053
1127,2,279,0.75,10,0.04350514685782198,0.17979577649953576
1127,2,280,0.6000000000000001,5,0.03831722509720198,0.17493459882186682
1127,2,281,0.75,8,0.04085029794836112,0.18004985958586597
1127,2,283,0.8500000000000001,10,0.05427910559389853,0.17812546035103907
1127,2,285,0.8500000000000001,8,0.05628815044817641,0.20374625660507611
1127,2,292,0.6000000000000001,6,0.029471950591936386,0.19513368376977824
1127,2,294,0.75,11,0.054394054798013014,0.2255293752668703
1127,2,302,0.6000000000000001,6,0.05394242021943852,0.20465555896488496
1127,2,305,0.55,8,0.031167917702719792,0.20178964100118768
1127,2,307,0.8500000000000001,12,0.04222795667201315,0.1896776337358268
1127,2,312,0.9,9,0.04474306321976248,0.18568315899097954
1127,2,313,0.65,12,0.05080684787663123,0.20544895482920275
1127,2,318,0.7000000000000001,11,0.05323606437706072,0.20355127363042544
1127,2,324,0.8500000000000001,7,0.06251023685559887,0.1796981927010383
1127,2,325,0.7000000000000001,9,0.04010325027740407,0.20933985471183805
1127,2,329,0.65,11,0.06202496741350549,0.2143074499665902
1127,2,332,0.65,6,0.03736272182825831,0.1811482642007556
1127,2,339,0.55,9,0.03882371124439547,0.19207028276615884
1127,2,343,1.0,8,0.06767939550870826,0.17426191513011813
1127,2,349,0.6000000000000001,9,0.04014547028297961,0.21714899468172424
1127,2,353,0.75,6,0.06574559473754074,0.2155512623058021
1127,2,355,0.9500000000000001,7,0.035319247340536694,0.21940721260657384
1127,2,356,0.8,11,0.04563768246711902,0.21512764372686977
1127,2,357,0.7000000000000001,5,0.038830808056067756,0.2203292923459544
1127,2,366,0.6000000000000001,6,0.030117853319415615,0.20708285878888508
1127,2,371,0.7000000000000001,9,0.04083954396903119,0.21931895397353057
1127,2,373,0.75,8,0.044382246275308075,0.21111406501634658
1127,2,377,0.65,5,0.06253058487510786,0.1856625231205593
1127,2,381,0.75,11,0.05983287026936504,0.2002399486803955
1127,2,386,0.55,7,0.04712175229446688,0.18144077356409755
1127,2,389,0.7000000000000001,6,0.052030626908122365,0.18725329315125916
1127,2,390,0.6000000000000001,6,0.03948077955587666,0.23577160724386106
1127,2,398,0.5,2,0.0544848880245112,0.1753437666907539
1127,2,402,0.6000000000000001,7,0.06063883432364002,0.21276666553473314
1127,2,410,0.65,11,0.04995761436947889,0.21014214414024543
1127,2,416,0.7000000000000001,16,0.048098557765952114,0.21736705641671267
1127,2,421,0.75,8,0.03383758815535092,0.20655015631719453
1127,2,430,0.75,6,0.045988882747448515,0.19894930602431316
1127,2,445,0.6000000000000001,7,0.0314159718525932,0.19570653956872525
1127,2,448,0.65,8,0.030833937302961793,0.21672417108063596
1127,2,450,0.8500000000000001,9,0.040069911517383226,0.19704951933781625
1127,2,451,0.7000000000000001,9,0.031055358215198173,0.19591714405623317
1127,2,452,1.0,6,0.0611035026474081,0.19515810163724956
1127,2,456,0.8500000000000001,7,0.04994287666389803,0.22663251076111787
1127,2,459,0.7000000000000001,6,0.060606776788978266,0.2194349068864592
1127,2,469,0.5,8,0.02512656973054709,0.19663152375429158
1127,2,480,0.75,11,0.04893473570666338,0.20574306140276272
1127,2,490,0.5,6,0.03873839210593211,0.2166286715820218
1127,2,494,0.65,10,0.039435663868679714,0.19034612606550966
1127,2,497,0.55,9,0.03423863624065991,0.2057075166568124
1127,2,503,0.55,5,0.045644639851181404,0.1984317767085076
1127,2,518,0.65,6,0.0671242511994628,0.23836341880751144
1127,2,520,0.6000000000000001,7,0.040231749500921114,0.177824717317953
1127,2,525,0.7000000000000001,11,0.0468477720081827,0.20502700469547053
1127,2,535,0.6000000000000001,7,0.056472144541235864,0.18037301065541775
1127,2,537,0.8,9,0.043707825674513354,0.22379444482196456
1127,2,542,0.65,6,0.036735937100453,0.2311327894372275
1127,2,543,0.7000000000000001,11,0.0476765704677401,0.21227092224177993
1127,2,551,0.6000000000000001,8,0.04064809434565527,0.20614538034741012
1127,2,566,0.65,4,0.017322782376096187,0.19682122085716147
1127,2,583,0.55,8,0.04218644272337075,0.22280612240114403
1127,2,587,0.75,9,0.04699315923291749,0.2010719785894903
1127,2,593,0.6000000000000001,6,0.04613116708299876,0.23933802840027274
1127,2,606,0.6000000000000001,5,0.05541419688997857,0.21077211132182447
1127,2,619,0.9500000000000001,7,0.024986676168468357,0.207179644836419
1127,2,631,0.55,5,0.04223971667490726,0.19546795742579592
1127,2,640,0.9,7,0.05054501114450286,0.18823559095231332
1127,2,646,0.7000000000000001,9,0.045613847256376384,0.20218279519550453
1127,2,672,0.75,7,0.06221131761405711,0.21432765281847277
1127,2,675,0.75,14,0.029918012163729624,0.2046617932416228
1127,2,680,0.6000000000000001,10,0.046892691710127034,0.2043501679722437
1127,2,696,0.9500000000000001,14,0.06494469147670283,0.1932001527352297
1128,3,0,0.8,9,0.02420186477259778,0.19766499822521885
1128,3,1,0.7000000000000001,8,0.03189937216118036,0.17357970061051495
1128,3,2,0.9,7,0.0409446558632634,0.1618713101241887
1128,3,3,0.55,9,0.05496362165476661,0.18335729887846208
1128,3,4,0.8,5,0.034210295287716186,0.16186904251396306
1128,3,5,0.9500000000000001,8,0.030360105288967175,0.1652074616639715
1128,3,6,0.8500000000000001,4,0.014144635160955888,0.14023817586522253
1128,3,7,0.65,7,0.03980354725240218,0.21280739097077456
1128,3,8,0.75,8,0.038400407954876016,0.17879521290269104
1128,3,9,0.6000000000000001,8,0.03331411698242364,0.16682756911132832
1128,3,10,1.0,9,0.04092848085434946,0.17353458766235763
1128,3,11,0.9500000000000001,5,0.03782114792825818,0.15504029201467362
1128,3,12,0.6000000000000001,7,0.0468891700930204,0.1733650850115495
1128,3,13,1.0,2,0.02185097035339709,0.1173648687045463
1128,3,14,0.9500000000000001,5,0.025258332211761148,0.12811574908270398
1128,3,15,0.65,5,0.02747412597200109,0.17817718285731712
1128,3,16,0.65,6,0.029949883224968547,0.1777040611802032
1128,3,17,1.0,13,0.03638071344972349,0.1590770868428777
1128,3,18,0.8,8,0.047766660882881506,0.1848526864799298
1128,3,19,0.65,2,0.021889964318441205,0.11733729580743824
1128,3,20,0.65,6,0.01924909863039033,0.20165253914551917
1128,3,21,0.9,8,0.040848138885940195,0.18701361458381088
1128,3,22,0.9,6,0.045292306446683445,0.1681554676408159
1128,3,23,0.7000000000000001,9,0.04292585700158455,0.17055033374986842
1128,3,24,0.65,9,0.030511584070253138,0.16970425551681564
1128,3,25,0.5,7,0.022442978695055887,0.19247254333038272
1128,3,26,0.8500000000000001,7,0.05427291620764111,0.21256712478754589
1128,3,27,0.55,10,0.049120851429728905,0.17234674699845745
1128,3,28,1.0,8,0.04360292737255093,0.16892503099326378
1128,3,29,0.75,7,0.04124391821450343,0.14638176119472654
1128,3,30,0.65,8,0.03661293592967271,0.16761839470590695
1128,3,31,0.8,3,0.03111351180775969,0.15321733389613953
1128,3,32,0.65,8,0.04638540888469609,0.18599571601778653
1128,3,33,0.7000000000000001,2,0.00014076728516632586,0.10195829109984723
1128,3,34,0.8500000000000001,8,0.04364137135798331,0.18130470317473027
1128,3,35,0.7000000000000001,9,0.031212627176314255,0.17846185041668733
1128,3,36,0.65,8,0.03017865315225092,0.17708170688971914
1128,3,37,0.9,4,0.01639444420517669,0.14694408409411575
1128,3,38,0.6000000000000001,8,0.04586247018431652,0.16789255153222693
1128,3,39,0.75,7,0.04465896244741793,0.14679807655784605
1128,3,40,0.6000000000000001,6,0.049660543259445,0.21470572332607843
1128,3,41,0.8500000000000001,3,0.009404057143676682,0.11982505863354116
1128,3,42,0.55,7,0.044629252040591254,0.19610783742122842
1128,3,43,0.75,8,0.05037970190189652,0.1883834708373643
1128,3,44,0.7000000000000001,2,0.07915359510234388,0.15802787245391922
1128,3,45,0.65,10,0.022269563809740822,0.19091844134391808
1128,3,46,0.65,4,0.009835074391086378,0.11176929268809234
1128,3,47,0.75,9,0.023086938345494336,0.16311570022646943
1128,3,48,0.8500000000000001,8,0.05401019675331206,0.19118248998937132
1128,3,49,0.75,10,0.05214596766212887,0.19823699990605298
1128,3,50,0.65,11,0.047284593662201314,0.1749548405272547
1128,3,51,0.9,3,0.036678995939099644,0.1230629486905686
1128,3,52,0.8,5,0.04391568405788267,0.15013987667773337
1128,3,53,1.0,10,0.047357046018013736,0.17894287611236892
1128,3,54,0.8,3,0.024105742590399264,0.12548129575738348
1128,3,55,0.9500000000000001,3,0.03640686704334769,0.16571249710246902
1128,3,56,1.0,10,0.03656296334360213,0.15113363596515922
1128,3,57,0.65,3,0.07394980738911318,0.19932330319617217
1128,3,58,1.0,3,0.05948700494840032,0.16154414285923724
1128,3,59,0.8,6,0.04694160530679444,0.16210247209549752
1128,3,60,0.8,5,0.017570595647701796,0.12009321217166033
1128,3,61,1.0,8,0.03239539922754028,0.14497086226561756
1128,3,62,0.6000000000000001,5,0.07643580479619727,0.18079481840892417
1128,3,63,0.65,7,0.03931716682473296,0.14254744820913176
1128,3,64,0.9,8,0.03305598045774248,0.16889950474937465
1128,3,65,0.7000000000000001,10,0.04444926160184191,0.17556157132744546
1128,3,66,1.0,4,0.028644454653327545,0.1231212542699894
1128,3,67,0.9,2,0.03747560013250264,0.15039378215460558
1128,3,68,0.8,6,0.04309111735316508,0.16421367509559584
1128,3,69,0.7000000000000001,9,0.033862232756071003,0.1817887207139095
1128,3,70,0.7000000000000001,7,0.027255345193277155,0.16059067479880332
1128,3,71,0.75,8,0.02809329120204195,0.15687160570442285
1128,3,72,1.0,5,0.038005864248228376,0.15528436266438903
1128,3,73,0.9500000000000001,8,0.032099406494149815,0.1600688067847017
1128,3,74,0.8,2,0.009160970595578454,0.12703299201003881
1128,3,75,0.55,7,0.03683522500617732,0.16316714002889965
1128,3,76,0.6000000000000001,7,0.0360947437074527,0.1513905874940075
1128,3,77,0.8,2,0.05932301942603792,0.1438064629145496
1128,3,78,0.8500000000000001,4,0.02164660471763945,0.12834145422404572
1128,3,79,0.7000000000000001,3,0.031021446397839707,0.15261712460329482
1128,3,80,0.7000000000000001,4,0.0360707144038799,0.14830280814848262
1128,3,81,0.65,5,0.03845339316775159,0.17034864073163486
1128,3,82,0.75,11,0.035242483566176264,0.1694782016555453
1128,3,83,0.65,6,0.04836999538939316,0.1684171363627515
1128,3,84,0.65,6,0.052729754702067366,0.17722668147727405
1128,3,85,0.75,7,0.044477569403896466,0.16818789723083763
1128,3,86,0.9500000000000001,11,0.036486275004881344,0.15629055901105454
1128,3,87,0.8500000000000001,3,0.028761115930378306,0.13168729749369967
1128,3,88,1.0,6,0.03824565946829837,0.15078042409863096
1128,3,89,0.8500000000000001,9,0.04173720277753094,0.16513558226692127
1128,3,90,0.8,4,0.04695719207323762,0.1630974788038363
1128,3,91,0.6000000000000001,9,0.032519294179055115,0.15233797039715535
1128,3,92,0.8,8,0.036718966729038544,0.15801342525861706
1128,3,93,0.7000000000000001,8,0.03920550031822496,0.20157358535820696
1128,3,94,0.6000000000000001,5,0.029600401555693306,0.1826624270503749
1128,3,95,0.8500000000000001,8,0.06336672120326103,0.20624189534328874
1128,3,96,0.5,8,0.04370603249703436,0.18889161550630895
1128,3,97,0.8,8,0.04066921346444639,0.16636157225302223
1128,3,98,0.7000000000000001,7,0.040547366366275685,0.15926651334145486
1128,3,99,0.6000000000000001,6,0.06909891645856124,0.17751997814292383
1128,3,100,0.7000000000000001,6,0.036448946920931515,0.14906952703692475
1128,3,101,0.75,6,0.03288212611668171,0.14325892139853683
1128,3,102,0.8500000000000001,8,0.06633399176234676,0.2035372028110874
1128,3,103,0.6000000000000001,3,0.02221263978895087,0.13901192537858206
1128,3,104,0.75,10,0.036490665606115545,0.17582432483970312
1128,3,105,0.8,6,0.04534671560042648,0.17453173253783325
1128,3,106,0.9500000000000001,9,0.02844583452695893,0.183761129912593
1128,3,107,0.9,7,0.0275504644847833,0.1613589395101124
1128,3,108,0.8,2,0.04626945192090201,0.14582287288625806
1128,3,109,0.7000000000000001,8,0.05518566930972686,0.19313956817013103
1128,3,110,0.7000000000000001,2,0.07540744294881206,0.1764525373107203
1128,3,111,0.65,10,0.037809893514618435,0.17499704908695485
1128,3,112,0.5,10,0.034435658573377034,0.16262967814622514
1128,3,113,0.55,5,0.03802311052631282,0.16571228363167217
1128,3,114,0.9,9,0.04790324990425047,0.17052079088539399
1128,3,115,1.0,8,0.0430324582712899,0.1702303074200417
1128,3,116,0.65,6,0.03802323097446724,0.15378100999957137
1128,3,117,1.0,11,0.038867488783070656,0.18956248755684443
1128,3,118,0.8500000000000001,5,0.032662265209310745,0.13150653684067243
1128,3,119,0.9500000000000001,2,0.015581647751251834,0.11287664238490719
1128,3,120,0.9,5,0.0361707929081963,0.14774136024181983
1128,3,121,0.8,3,0.04629423862838893,0.15752592578077942
1128,3,122,0.5,6,0.02838965353771662,0.17664055607385296
1128,3,123,0.9500000000000001,9,0.05577763000375665,0.16962043841145705
1128,3,124,0.75,5,0.04877069570919072,0.1598235576237374
1128,3,125,0.8,6,0.038574302733526716,0.15823567450606552
1128,3,126,0.55,6,0.024787582293476256,0.16746470659457816
1128,3,127,0.8500000000000001,2,0.018939805502201996,0.11545029350671887
1128,3,128,0.6000000000000001,5,0.07702269286255196,0.1737089938524652
1128,3,129,0.8,10,0.06092070898922829,0.19615033130962184
1128,3,130,0.75,7,0.05980843321866753,0.17444754098740547
1128,3,131,0.7000000000000001,7,0.03511131255757775,0.1500447989849379
1128,3,132,0.8,6,0.025832065396572294,0.1298619790617971
1128,3,133,0.8,8,0.03164165436704623,0.1567442283217667
1128,3,134,0.75,7,0.045293415308021376,0.15326594396518314
1128,3,135,0.65,7,0.02480897191630035,0.132034434255743
1128,3,136,0.8,2,0.0023612583566369268,0.12222486937576611
1128,3,137,0.75,5,0.043484675126025586,0.1616263548175748
1128,3,138,0.9,7,0.03760621544988204,0.14777026306794996
1128,3,139,0.9500000000000001,11,0.030499397772856464,0.17389409257843538
1128,3,140,0.7000000000000001,9,0.04995331407293771,0.18635181312936025
1128,3,141,0.9,9,0.03297214948348846,0.19495528752737354
1128,3,142,0.75,8,0.03684412423222865,0.14899149710626539
1128,3,143,0.9,8,0.03815681259190949,0.14124685238479492
1128,3,144,0.9,11,0.038559537383326556,0.17810518559142127
1128,3,145,1.0,10,0.03580221208293581,0.1639736139193962
1128,3,146,0.9500000000000001,7,0.06403752412399318,0.17954559837434184
1128,3,147,0.55,5,0.06372656482000866,0.20844823522157768
1128,3,148,0.8,9,0.04667197213386967,0.1764771247682222
1128,3,149,0.8500000000000001,6,0.035634291999545896,0.15224797326478728
1128,3,150,0.9500000000000001,8,0.05374755151042275,0.1569183433646525
1128,3,151,0.6000000000000001,4,0.03891692253061044,0.16008692425696572
1128,3,152,0.75,2,0.009230722634623628,0.11660431647948306
1128,3,153,0.9500000000000001,5,0.05091236779545105,0.16528381493434557
1128,3,154,0.6000000000000001,8,0.047949040509428754,0.17622915449191595
1128,3,155,0.8500000000000001,6,0.040246824963692605,0.15914816594973497
1128,3,156,0.9,7,0.04047333087524448,0.14686955979425137
1128,3,157,1.0,6,0.038210289907632394,0.14284878267356818
1128,3,158,0.9,7,0.027927686857902766,0.18468608317118257
1128,3,159,0.8,7,0.042279046746076146,0.16405157553031186
1128,3,160,0.65,7,0.03504884173400812,0.15770528818664756
1128,3,161,1.0,9,0.03201409964364257,0.18076486785608914
1128,3,163,0.9500000000000001,8,0.02260124132043497,0.1481675188761366
1128,3,164,0.9,8,0.04261241788044256,0.16449879698380893
1128,3,165,0.8,4,0.031767571876944185,0.13907897666293614
1128,3,166,0.8,4,0.041391070428814104,0.14068730455928982
1128,3,167,0.65,8,0.03104202553022473,0.1601034192681121
1128,3,168,0.8,3,0.006869887198505258,0.10928816779172877
1128,3,169,0.65,5,0.02285578228560021,0.14644829819566407
1128,3,170,0.8,6,0.03638058215772805,0.14897297427468983
1128,3,171,0.65,9,0.04816796028205565,0.16842206402310322
1128,3,172,0.6000000000000001,7,0.017061621619969058,0.19184334949348214
1128,3,173,0.75,6,0.03286844526958286,0.1391472003173962
1128,3,174,0.75,4,0.05424416104211574,0.1751213927973148
1128,3,175,0.6000000000000001,8,0.04912591004098337,0.22304546575834097
1128,3,176,0.65,7,0.043329218127573926,0.18913135792875965
1128,3,177,0.8,3,0.0110458923176978,0.11200985656097452
1128,3,178,0.8500000000000001,4,0.055630523165509815,0.1554520689572169
1128,3,179,0.8500000000000001,4,0.0374022011371921,0.14737579914106363
1128,3,180,0.9,11,0.06266025639342014,0.1783529380260137
1128,3,181,0.75,5,0.02481114619437893,0.153268775921239
1128,3,182,0.7000000000000001,2,3.899396504411388e-05,0.10188632649504495
1128,3,183,0.8,5,0.05855575655193128,0.18046021452962252
1128,3,184,0.65,7,0.04444784777644896,0.1634687471759477
1128,3,185,0.65,4,0.041364602234787724,0.1485971476748485
1128,3,186,0.8,7,0.027909422558975078,0.1435798759041134
1128,3,187,0.7000000000000001,15,0.04743291773476892,0.18198206311269843
1128,3,188,0.8500000000000001,3,0.034474769608546355,0.1398072422270019
1128,3,189,0.65,7,0.01455279545914628,0.17786455086518532
1128,3,190,0.65,6,0.02607860499757664,0.1658171684485011
1128,3,191,0.65,7,0.01058409382777557,0.18208393505221296
1128,3,192,0.55,5,0.07238316810546665,0.19539584062462714
1128,3,193,1.0,8,0.05857291124909594,0.17653633196133323
1128,3,194,0.55,4,0.049931543350484164,0.21121004124988513
1128,3,195,0.7000000000000001,5,0.05503022552626479,0.16553221216452468
1128,3,196,0.6000000000000001,7,0.06019854691473412,0.19400268848795468
1128,3,197,1.0,5,0.08407300034314731,0.16974559734612765
1128,3,198,0.6000000000000001,7,0.0631167687941443,0.20276342596275337
1128,3,199,1.0,13,0.03650626305624993,0.15063289390005233
1128,3,200,0.9,4,0.026471619225498816,0.1985200808401332
1128,3,201,1.0,12,0.05567078597117224,0.19551157332516153
1128,3,202,0.8,8,0.07088297316908915,0.20140792605657237
1128,3,203,0.9500000000000001,10,0.035321538081792024,0.16885007390982412
1128,3,204,0.75,7,0.03521673498192929,0.1643181375113391
1128,3,205,0.8500000000000001,8,0.03979346131236481,0.16535924882046907
1128,3,206,0.8500000000000001,8,0.04361573709434507,0.14220318382422686
1128,3,207,0.8500000000000001,8,0.033492082139046725,0.15545736898766935
1128,3,208,1.0,7,0.04569201651842602,0.14552749510219276
1128,3,209,0.7000000000000001,6,0.03843550757030217,0.162583958249991
1128,3,210,0.5,5,0.043796431618326505,0.1848894070841614
1128,3,211,0.7000000000000001,5,0.03477489199289511,0.18064319857502897
1128,3,212,0.65,6,0.046426161562177215,0.21072681000633883
1128,3,213,1.0,6,0.05797504140351607,0.1669469969866542
1128,3,214,1.0,5,0.04604861607920284,0.17022618097429199
1128,3,215,1.0,4,0.028040605171674695,0.13869801840262258
1128,3,216,0.8,10,0.03772349216127143,0.1681654894300179
1128,3,217,0.8,5,0.01434710296562273,0.16699573832754727
1128,3,218,0.8500000000000001,5,0.03547597256296905,0.12682155353129052
1128,3,219,0.6000000000000001,6,0.06125484491788906,0.18905006685112688
1128,3,220,0.8,7,0.06416806494523944,0.19147700933164263
1128,3,221,0.8,10,0.04737247988546753,0.18589394072180143
1128,3,222,0.8500000000000001,8,0.04286947408835065,0.16747671685831728
1128,3,223,0.6000000000000001,2,0.0328011687922685,0.13629935855506092
1128,3,225,1.0,10,0.027933002587109037,0.14668875282113897
1128,3,226,0.7000000000000001,7,0.04299263890588703,0.15907404215827395
1128,3,227,0.65,7,0.03479804165796631,0.18913922690745885
1128,3,228,0.7000000000000001,7,0.04805242579496029,0.17396209438482516
1128,3,229,0.8,7,0.06202530912938579,0.1994260257343827
1128,3,230,0.9500000000000001,5,0.04553582979069204,0.14925571323268882
1128,3,231,0.75,7,0.03505763145943797,0.15542932128848458
1128,3,232,0.75,7,0.03195625335098847,0.15297407204145805
1128,3,233,0.8,9,0.04833592889100909,0.18787322944104015
1128,3,234,0.7000000000000001,10,0.032648211758803204,0.1735540761282053
1128,3,235,0.55,4,0.07379099536234589,0.1785172645143115
1128,3,236,0.65,2,0.02839445122635688,0.13318333868143095
1128,3,237,0.7000000000000001,9,0.06128561423550509,0.18675148213827453
1128,3,238,0.9500000000000001,3,0.027400020601941164,0.13390028850847027
1128,3,239,0.65,3,0.024508735016303212,0.12868794508938908
1128,3,240,0.7000000000000001,7,0.03775773021797102,0.18065236737356624
1128,3,241,0.75,2,0.054222052838117187,0.14019953484962486
1128,3,242,1.0,9,0.03283047577398104,0.1405455203470939
1128,3,243,0.7000000000000001,8,0.047048424469855604,0.17459549497424695
1128,3,244,0.8500000000000001,7,0.023745440223578405,0.17348521193047767
1128,3,245,0.6000000000000001,6,0.03385166027073258,0.18900007746391903
1128,3,246,0.6000000000000001,5,0.039775209484976204,0.1653640480550027
1128,3,247,0.55,5,0.0571551344896451,0.2047676517989308
1128,3,248,0.8,6,0.04251667318818605,0.17719159653046282
1128,3,249,0.7000000000000001,3,0.016105262732882687,0.11951869962741783
1128,3,250,0.5,5,0.02333295126432159,0.19956704786165674
1128,3,251,0.9,4,0.025404728356560147,0.12566986154667242
1128,3,252,0.8,7,0.05541935184142606,0.1765427742255083
1128,3,253,0.65,5,0.040937892440217366,0.15293670352812408
1128,3,254,1.0,7,0.033199552333336296,0.1615687647164699
1128,3,255,0.75,7,0.05245235751655372,0.2007626428344542
1128,3,256,0.7000000000000001,8,0.02910023308990237,0.16854673234786488
1128,3,257,0.8500000000000001,7,0.04232054052314611,0.1407397164186235
1128,3,258,0.8500000000000001,5,0.046056773692794636,0.17241114323943263
1128,3,259,0.8500000000000001,6,0.025630310245966206,0.17150554798234766
1128,3,260,0.8500000000000001,7,0.0386514035590582,0.1727233494492974
1128,3,261,0.75,4,0.025985044471308758,0.12189846690336319
1128,3,262,0.65,11,0.052220232409521096,0.1855230368634306
1128,3,263,0.65,7,0.04471666572155705,0.16280446469908805
1128,3,264,0.75,7,0.04006479758248293,0.18163914372944487
1128,3,265,0.65,6,0.024905438289714792,0.165720759114184
1128,3,266,0.75,4,0.015545964470487447,0.12136442753075254
1128,3,267,0.8500000000000001,7,0.03826845966282142,0.1443140880461829
1128,3,268,0.8,3,0.015934795704355048,0.11952304092891798
1128,3,269,0.8,5,0.009388211708643703,0.11002902025076067
1128,3,270,0.75,7,0.059422633548129794,0.15873031256131612
1128,3,271,0.75,6,0.013927075780968523,0.1854351522287555
1128,3,272,0.9,5,0.05478116578130049,0.17694010261626278
1128,3,273,0.65,4,0.02342562036624813,0.1330811162556375
1128,3,274,1.0,3,0.031070430229175716,0.11895759681417316
1128,3,275,0.6000000000000001,2,0.052111699582831905,0.14692574606346515
1128,3,276,0.8500000000000001,4,0.046914377906276505,0.15153891329115757
1128,3,277,0.9500000000000001,3,0.020063909271545177,0.11730633406220674
1128,3,278,0.75,7,0.03058721014913693,0.14920821986738206
1128,3,279,0.8500000000000001,5,0.028171589267341594,0.14265063499686773
1128,3,280,0.8,6,0.018177242247495416,0.189262342890013
1128,3,281,0.8,4,0.046606256951041904,0.16550405542099472
1128,3,282,0.65,3,0.01833735617716421,0.1479157328460689
1128,3,283,0.65,10,0.04693230751489306,0.17607464945922086
1128,3,284,0.65,6,0.04354517335496147,0.22377719625612377
1128,3,285,0.8,8,0.06057902985728032,0.19334703758883048
1128,3,286,0.9500000000000001,6,0.0449446512584036,0.16964268134134597
1128,3,287,0.7000000000000001,9,0.047762363100353415,0.17277714403025027
1128,3,288,0.8500000000000001,4,0.016652083477089137,0.11979222559455474
1128,3,289,0.8500000000000001,10,0.060779670986907085,0.18087033969213895
1128,3,290,1.0,8,0.017469821911387195,0.1250443763618409
1128,3,291,0.7000000000000001,9,0.0317376394439855,0.16318052746620926
1128,3,294,0.75,5,0.03794386691138023,0.16552811881014
1128,3,295,0.5,8,0.051618220992619285,0.1965952563948642
1128,3,296,0.9,3,0.05340552585790758,0.13939635972160588
1128,3,297,0.45,4,0.018069390319880786,0.11349420769709444
1128,3,298,0.9,6,0.03314346641187685,0.17162666805811086
1128,3,300,0.65,7,0.043376822674521254,0.17695328159825943
1128,3,301,0.9,10,0.05371889009568556,0.17102231092893805
1128,3,302,0.8,4,0.026989066391632115,0.15077698724710942
1128,3,303,0.9,6,0.04559172277692865,0.13906942402379682
1128,3,304,0.9500000000000001,7,0.031125148925167746,0.16691289498160625
1128,3,305,0.65,6,0.039369506191548484,0.1618710599255345
1128,3,306,0.75,7,0.025535858430902454,0.177294988084835
1128,3,307,0.8,2,0.026538978147359057,0.13449535627789938
1128,3,308,0.55,5,0.026173405230795095,0.1592699710946678
1128,3,310,0.8,7,0.05297640040104303,0.1611796054641947
1128,3,311,0.8,8,0.040146309467212336,0.1687510291788424
1128,3,312,0.65,5,0.01923455628258217,0.1887679991774379
1128,3,313,0.75,11,0.03685737652821805,0.16471977389320094
1128,3,314,0.65,8,0.06283566556226125,0.17172814855377344
1128,3,317,0.6000000000000001,6,0.04866887778702386,0.1761524572960321
1128,3,321,0.65,5,0.021298597886988374,0.18316976631747678
1128,3,323,0.65,8,0.05551029955494877,0.17678419082632768
1128,3,326,0.7000000000000001,7,0.05580919726804449,0.1914134563121003
1128,3,329,0.8500000000000001,8,0.026788472911559183,0.19331717496896042
1128,3,330,0.65,6,0.04686569196479536,0.14237692730288923
1128,3,331,0.7000000000000001,8,0.05400610845588214,0.18185709950303958
1128,3,333,0.55,4,0.012422377736692941,0.17325391793964084
1128,3,336,0.7000000000000001,5,0.028344308155275586,0.1560838541587565
1128,3,341,0.6000000000000001,8,0.034242727454763734,0.15860667569733475
1128,3,342,0.65,11,0.04532136596464399,0.18403797775387892
1128,3,343,0.6000000000000001,4,0.03290606139763554,0.197892793650514
1128,3,346,0.7000000000000001,8,0.048413774913592465,0.18917450036475764
1128,3,348,0.8500000000000001,8,0.04038210556926153,0.20380335562909782
1128,3,349,0.65,8,0.05307830509041185,0.19811842956499504
1128,3,353,0.9,10,0.0374134568574404,0.16528271652794915
1128,3,354,0.7000000000000001,7,0.03731760714635545,0.15533515074030305
1128,3,355,0.55,5,0.032120491724977676,0.18225603179499475
1128,3,356,0.75,7,0.03274671904953875,0.15823432601413726
1128,3,357,0.55,5,0.04259636240617814,0.16142435425155463
1128,3,360,1.0,7,0.0461631052046695,0.1775521770210368
1128,3,365,0.8,9,0.04212850584993998,0.17489018647070903
1128,3,366,0.7000000000000001,9,0.05270248070132389,0.18880771498082569
1128,3,375,0.7000000000000001,4,0.01878392149339062,0.14839828325041066
1128,3,378,0.65,6,0.03317612873496701,0.15137436599669277
1128,3,379,0.6000000000000001,7,0.04153008771377846,0.16877446675721347
1128,3,385,0.9,8,0.06297188551923823,0.1888699143713799
1128,3,386,0.55,5,0.048787124299372216,0.14917377000881796
1128,3,392,0.8,7,0.029823283611602823,0.17196056235578197
1128,3,393,0.75,4,0.061939608384960876,0.20794853867207558
1128,3,394,0.9,7,0.036572958844581095,0.15278549863884122
1128,3,396,0.8,5,0.0396033492298181,0.15851401004325583
1128,3,406,0.65,4,0.019938652206506258,0.18672471182768927
1128,3,412,0.65,5,0.05439613013058776,0.17313950456640076
1128,3,413,0.9,6,0.06662620732761443,0.17490962473796792
1128,3,415,0.7000000000000001,9,0.046410669609371125,0.1618392670318773
1128,3,416,0.75,9,0.06149091282712211,0.20044457259873347
1128,3,424,1.0,5,0.07587941287237791,0.21600480280356824
1128,3,430,0.45,3,0.021368230869389902,0.18042758167615877
1128,3,437,0.9,9,0.05758939633316129,0.20056774645389766
1128,3,439,0.8500000000000001,11,0.056925400679297876,0.20404758657606067
1128,3,447,0.55,8,0.045563778466193694,0.16707300483517307
1128,3,449,1.0,6,0.03888481472507687,0.1706957698523827
1128,3,458,1.0,5,0.015041328885611365,0.1924883017588619
1128,3,468,0.9,9,0.04776439371530372,0.16546469686829374
1128,3,469,0.6000000000000001,7,0.030237257795606168,0.17464787661817974
1128,3,486,0.65,8,0.05101803956720814,0.19498955211190783
1128,3,487,1.0,8,0.03600142621759053,0.16273186954324764
1128,3,492,0.6000000000000001,9,0.04156427742216161,0.19566609748791775
1128,3,493,0.9,13,0.05545182559041486,0.17651069395723365
1128,3,521,1.0,6,0.06053479381262566,0.18458870978458042
1128,3,546,0.8500000000000001,5,0.0676893805555633,0.1822761354768479
1128,3,562,0.65,7,0.033904109278449605,0.14920092875777993
1128,3,564,0.65,7,0.04744881050813098,0.19348448668323437
1128,3,566,0.8,9,0.05602912132716629,0.18638984910117484
1128,3,607,0.75,9,0.05213087407144068,0.21898602465942546
1128,3,654,0.65,5,0.02718071959744027,0.2060616434201553
1128,3,681,0.8500000000000001,6,0.06705822839771161,0.19589836902826538
1128,3,683,0.6000000000000001,9,0.0563998681361747,0.18282227693061842
1128,3,728,0.75,11,0.03600749065153978,0.1796044410683931
1128,3,749,0.6000000000000001,5,0.048171042983281336,0.21131785396486719
1129,4,0,0.9,7,0.04650307149304232,0.20678518862727763
1129,4,1,0.9,13,0.03380136667433603,0.18344763174781312
1129,4,2,0.8,3,0.012633293027863958,0.1569384789448316
1129,4,3,0.6000000000000001,7,0.03997144099581542,0.1696818018161322
1129,4,4,0.45,7,0.02576460335991511,0.19081200243295743
1129,4,5,0.65,8,0.029902002448200567,0.18111063881026718
1129,4,6,1.0,10,0.03151242453934994,0.22149620150500757
1129,4,7,0.75,4,0.05696944317106795,0.2422820046146119
1129,4,8,0.7000000000000001,11,0.040212038447317015,0.19266054744692618
1129,4,9,1.0,7,0.04105575338769257,0.17915692235435485
1129,4,10,0.65,4,0.026876054935334324,0.1795770542330288
1129,4,11,0.8500000000000001,7,0.01856231928300287,0.17893233481432103
1129,4,12,0.8500000000000001,8,0.03800048290517257,0.16608223246383066
1129,4,13,0.65,10,0.020187074719960774,0.17860110142540617
1129,4,14,0.65,4,0.00631621755688432,0.21271035169027416
1129,4,15,0.8,9,0.03213927694334019,0.1843475699754693
1129,4,16,0.8,13,0.054916456604012114,0.2071647676102587
1129,4,17,0.8,8,0.039372128783590914,0.18056059935692753
1129,4,18,0.5,8,0.02733334232035001,0.2201157135381855
1129,4,19,0.4,4,0.04507715918773571,0.21953139813567202
1129,4,20,0.8,10,0.028796000802337542,0.18914968899598925
1129,4,21,0.8,2,0.056398192489637095,0.13987954435608663
1129,4,22,0.8,10,0.037905150292011275,0.20542345445452215
1129,4,23,0.8,5,0.040206077064429815,0.16564390131251974
1129,4,24,0.75,13,0.05168128973279005,0.20549045019726012
1129,4,25,0.7000000000000001,5,0.047136000887080726,0.1816443064280848
1129,4,26,0.55,8,0.03252324869033544,0.19051676024153974
1129,4,27,0.7000000000000001,8,0.02631900453495071,0.19271003625530062
1129,4,28,0.55,6,0.020567146633298006,0.19458297254960677
1129,4,29,0.8,7,0.030955871882775425,0.17816519620046284
1129,4,30,0.75,11,0.025308307325384936,0.1854523923982187
1129,4,31,0.8500000000000001,7,0.03107008255652349,0.18522477161262635
1129,4,32,0.8,5,0.02089276914746707,0.22374993324712272
1129,4,33,0.55,8,0.04321478444416958,0.22517938524632428
1129,4,34,0.8500000000000001,8,0.0409920098740943,0.18607123538612605
1129,4,35,0.8500000000000001,13,0.034040466427779234,0.21769430047432572
1129,4,36,0.8500000000000001,6,0.025283679987994856,0.17679408160877386
1129,4,37,0.5,7,0.04856571235712557,0.21910757864720093
1129,4,38,0.75,5,0.024603450161675103,0.19228511457993136
1129,4,39,0.7000000000000001,3,0.08132463888506737,0.19687788646524326
1129,4,40,0.55,10,0.041866117188715066,0.19706426348846606
1129,4,41,0.75,4,0.05428681040882903,0.16907373890553215
1129,4,42,0.75,8,0.024967469242257116,0.19324118321337608
1129,4,43,0.6000000000000001,11,0.039496094764965024,0.2117088243114191
1129,4,44,0.7000000000000001,9,0.032001624638864634,0.2037379298956278
1129,4,45,0.9500000000000001,9,0.04780825485195964,0.18641389689446022
1129,4,46,0.8500000000000001,4,0.014669565863736954,0.18311884078941326
1129,4,47,0.75,8,0.03931009166108365,0.1810739503826134
1129,4,48,0.7000000000000001,9,0.02718221583050286,0.199384127430133
1129,4,49,0.8,7,0.04232401853669227,0.1868546704066873
1129,4,50,0.8,10,0.03951166627272571,0.215350653977688
1129,4,51,0.7000000000000001,7,0.027768287082348273,0.1956238177738942
1129,4,52,0.6000000000000001,8,0.05716596861833274,0.19828539301119494
1129,4,53,0.55,5,0.015339498355887203,0.21393333234014272
1129,4,54,0.8,5,0.05816532788876434,0.17840103500369767
1129,4,55,1.0,2,0.03061704800449987,0.1974062731360058
1129,4,56,1.0,9,0.03202194582260929,0.19770576438915052
1129,4,57,0.6000000000000001,7,0.05273281165137769,0.23229029592937436
1129,4,58,1.0,6,0.03070503898942318,0.17209002698637602
1129,4,59,0.65,10,0.045741705548227124,0.18384750332864958
1129,4,60,0.8500000000000001,2,0.005728754245550436,0.20816268359494083
1129,4,61,0.9500000000000001,4,0.012729140447887826,0.18432274063418724
1129,4,62,0.75,9,0.0136585117196907,0.20957989241534042
1129,4,63,0.8,8,0.04275000607774066,0.1894418847597893
1129,4,64,0.8500000000000001,3,0.03767543044090791,0.18374513409879786
1129,4,65,0.55,7,0.02092161356680643,0.21775289067567774
1129,4,66,0.5,7,0.029038233573979676,0.2062127221740019
1129,4,67,0.75,8,0.04746114419233962,0.18823909633102848
1129,4,68,0.75,7,0.01707071249352195,0.20578142379134876
1129,4,69,0.8500000000000001,6,0.049816398994866874,0.18832281232775508
1129,4,70,0.8500000000000001,3,0.05653937654449162,0.15891912857978954
1129,4,71,0.55,6,0.05131449937591241,0.20152138038393141
1129,4,72,0.7000000000000001,3,0.05539628593592141,0.15995048601202846
1129,4,73,0.55,5,0.024502994062007896,0.19478403900233454
1129,4,74,0.7000000000000001,9,0.03887856708188409,0.20652596594341963
1129,4,75,0.8,5,0.031030048155992786,0.1751489842854026
1129,4,76,0.6000000000000001,5,0.019316211670172556,0.19851691951451267
1129,4,77,0.9500000000000001,12,0.04435544396750647,0.18497718888256673
1129,4,78,0.75,7,0.027326785553897347,0.2014999118560015
1129,4,79,0.75,4,0.013718847005560354,0.14859126137433507
1129,4,80,0.9,10,0.036285099340014816,0.19561583920312575
1129,4,81,0.45,2,0.05468032114803367,0.2514213803985129
1129,4,82,0.9,10,0.035703833095696635,0.23485500938911308
1129,4,83,0.8500000000000001,2,0.0799485575322061,0.15944040083737168
1129,4,84,0.55,7,0.03755515102656626,0.18776355492063831
1129,4,85,0.8500000000000001,8,0.04487630761903112,0.19693795230362515
1129,4,86,0.65,8,0.024633529102886968,0.1843237552401144
1129,4,87,1.0,9,0.0260806730988892,0.17460208654113832
1129,4,88,0.65,4,0.05118511521366522,0.1533823560813944
1129,4,89,1.0,9,0.028813718605292412,0.2004912796580093
1129,4,90,0.65,11,0.04181165979663022,0.21457338342947888
1129,4,91,0.8,11,0.041616190893613174,0.17561487671715176
1129,4,92,1.0,10,0.028157244609553527,0.20050910461749022
1129,4,93,0.65,5,0.029899513163169,0.17809159592041865
1129,4,94,1.0,7,0.021760827941285456,0.1851542215363696
1129,4,95,0.5,8,0.015160119210345354,0.20767430672266396
1129,4,96,0.8,5,0.059210139082155666,0.1823500494098524
1129,4,97,0.55,5,0.01863828447755202,0.17069831995644577
1129,4,98,0.6000000000000001,2,0.022026956940777775,0.11557541062172806
1129,4,99,0.8500000000000001,11,0.04490634439745783,0.18545279512083443
1129,4,100,0.7000000000000001,7,0.049533549416039054,0.20258227158647607
1129,4,101,1.0,7,0.040749131133865774,0.22085317053453452
1129,4,102,0.75,14,0.04176272742714856,0.1950527938906566
1129,4,103,0.55,7,0.0267661479410691,0.19391580180470624
1129,4,104,1.0,7,0.03944354907788199,0.2074110195831835
1129,4,105,0.65,7,0.049422416480485336,0.20059937328863667
1129,4,106,0.75,7,0.0233165539016881,0.17981176264899887
1129,4,107,0.6000000000000001,7,0.04193542121320917,0.21229205591100217
1129,4,108,0.6000000000000001,7,0.04728056851276929,0.2107946005463888
1129,4,109,0.9,7,0.052604342340625616,0.19536270928709049
1129,4,110,0.9,9,0.0365094754549415,0.16810166022274556
1129,4,111,1.0,8,0.05850729895702343,0.19400260556312954
1129,4,112,0.75,5,0.059831881542718866,0.19941499514373143
1129,4,113,0.7000000000000001,12,0.05804562647620523,0.20848089041100457
1129,4,114,0.7000000000000001,7,0.02329793244121384,0.18993851038101114
1129,4,115,0.65,7,0.024422714928167708,0.19713600328601805
1129,4,116,0.75,7,0.02249902672245799,0.19350179972851925
1129,4,117,0.9500000000000001,9,0.030728299987372944,0.20250328653659508
1129,4,118,0.55,8,0.062338660585537886,0.21873173068987944
1129,4,119,0.75,11,0.023042243565676548,0.21319215524897725
1129,4,120,0.9,5,0.05013707005428351,0.15978603673439637
1129,4,121,0.55,5,0.05619339829012967,0.2228465740846281
1129,4,122,0.6000000000000001,7,0.021526716933791035,0.1858537775597458
1129,4,123,0.8500000000000001,12,0.03969803086963101,0.20239644059670056
1129,4,124,0.6000000000000001,7,0.0492792421338757,0.2039268634882132
1129,4,125,0.5,5,0.024919270379961427,0.18113734729475436
1129,4,126,0.8500000000000001,7,0.02203854449820917,0.1769651513991293
1129,4,127,0.65,9,0.05017592784606491,0.18517106655865886
1129,4,128,0.55,2,0.05096877085180169,0.1360403634980522
1129,4,129,0.8,8,0.04204098672853671,0.18610243579134808
1129,4,130,0.75,6,0.02848834941373872,0.18845458975646615
1129,4,131,0.65,4,0.022804824529362975,0.16460371526395187
1129,4,132,0.6000000000000001,11,0.04591479962292337,0.22511228059361518
1129,4,133,0.8,6,0.025098151638981603,0.18499269928801865
1129,4,134,0.8500000000000001,3,0.022893860077847248,0.156437440961585
1129,4,135,0.55,6,0.05109778574328231,0.20584558718660018
1129,4,136,0.65,7,0.03659735982768027,0.22350755654855875
1129,4,137,0.75,6,0.048098196303790766,0.2248316497997819
1129,4,138,0.55,4,0.02460593562805209,0.21404012086882085
1129,4,139,0.55,9,0.016418582191730355,0.20461753387624246
1129,4,140,0.9500000000000001,2,0.007227478540136323,0.15729415168257826
1129,4,141,0.9,5,0.050839674955663244,0.21778540545364106
1129,4,142,0.6000000000000001,7,0.030077203883554206,0.18897195956360727
1129,4,143,0.8,9,0.023595749049369716,0.19262947335593328
1129,4,144,0.55,13,0.04248803052166739,0.2146821064740867
1129,4,145,0.75,14,0.04682290053631779,0.20573006314665962
1129,4,146,0.75,6,0.02474835402249644,0.18869041535746747
1129,4,147,0.75,10,0.046538044855434384,0.19391503475385136
1129,4,148,0.9500000000000001,4,0.03141955527864338,0.1431980840901686
1129,4,149,0.9,6,0.03231806831246243,0.1614818136083949
1129,4,150,0.6000000000000001,8,0.048209640486608175,0.19098654079793853
1129,4,151,0.8500000000000001,8,0.03317801322999654,0.16894568117300462
1129,4,152,0.9,3,0.025160574125038644,0.15816275361865673
1129,4,153,0.6000000000000001,3,0.023965915879564526,0.19547133378306436
1129,4,154,1.0,10,0.03071314287262704,0.17729262426730227
1129,4,155,0.8,6,0.04408369229649285,0.20499271182660073
1129,4,156,0.65,10,0.029812814423453637,0.18815330559745905
1129,4,157,0.8,7,0.03970420381109227,0.17821945804529996
1129,4,158,0.7000000000000001,13,0.0478389176502432,0.1896839083519362
1129,4,159,1.0,9,0.04568460444050404,0.23286941921071472
1129,4,160,0.6000000000000001,6,0.04695447630407044,0.2054611751220026
1129,4,161,0.7000000000000001,5,0.04536064326047506,0.1738804988777101
1129,4,162,1.0,6,0.02812577689177753,0.15481199320637531
1129,4,163,0.7000000000000001,10,0.048482586287094835,0.21287114860437412
1129,4,164,0.8,10,0.047620046259984714,0.1823279000558488
1129,4,165,0.9500000000000001,6,0.032649715447339786,0.1748005282766482
1129,4,166,0.8500000000000001,7,0.03606828263108425,0.1640857726698927
1129,4,167,0.8,7,0.04019424077885154,0.19216002232831078
1129,4,168,0.6000000000000001,8,0.029670325153519455,0.20979596689018135
1129,4,169,1.0,5,0.04238013249818578,0.16447471873759362
1129,4,170,0.75,13,0.04109698103958864,0.19634054407622317
1129,4,171,0.9500000000000001,4,0.03260640286750424,0.20539253531344215
1129,4,172,1.0,11,0.03769068345537372,0.17275055348315013
1129,4,174,0.6000000000000001,10,0.03422206045363505,0.2083527035068497
1129,4,175,0.55,8,0.05330971323305195,0.20008390631694362
1129,4,176,0.9,9,0.036030610360262755,0.2114122492044379
1129,4,177,0.65,9,0.03765145619410555,0.17813703426181696
1129,4,178,0.8,9,0.01967958027268901,0.19857470009393433
1129,4,179,0.7000000000000001,5,0.0545411556777449,0.20672692191593295
1129,4,180,0.8500000000000001,9,0.02975935867968028,0.17218171241994729
1129,4,181,0.8,6,0.020840382005506645,0.19144713788361709
1129,4,182,0.75,7,0.03212757838976214,0.19036704432723825
1129,4,183,0.55,6,0.04415636266777745,0.2059361291859616
1129,4,184,0.8,11,0.030157886484084677,0.19977601698097908
1129,4,185,0.5,9,0.05008760853561967,0.2279767385251787
1129,4,186,0.9500000000000001,11,0.03335425914249363,0.19266007792124118
1129,4,187,0.9500000000000001,6,0.037920954791386664,0.18469577051935593
1129,4,188,0.7000000000000001,12,0.03188353945620731,0.2023861380596552
1129,4,189,0.6000000000000001,6,0.03976342585958406,0.17252002723656223
1129,4,190,0.75,6,0.030479207642322512,0.18790476137971512
1129,4,191,0.55,6,0.052770076442845835,0.2119481423072803
1129,4,192,0.45,8,0.020417842240474878,0.19040182566387437
1129,4,193,0.7000000000000001,6,0.0324990554191581,0.1980564536605023
1129,4,194,0.75,8,0.04705569749082614,0.2089390446110328
1129,4,195,0.8,4,0.04887520302575793,0.16151710074309944
1129,4,196,0.9,7,0.05485125012979903,0.17107787107342626
1129,4,197,0.7000000000000001,7,0.029653781016785227,0.2071394321658498
1129,4,198,0.65,9,0.034469132559327396,0.19672947172177369
1129,4,199,0.7000000000000001,8,0.02414394265117867,0.20266796261390374
1129,4,200,0.6000000000000001,8,0.036412059182588254,0.17714463784713455
1129,4,201,0.7000000000000001,2,0.04891233910935269,0.13749448032818518
1129,4,202,0.8,11,0.03944757160773236,0.1976753999931806
1129,4,203,0.9500000000000001,10,0.02353835689072924,0.18372877459645198
1129,4,204,0.8,10,0.06313969573515467,0.20817721966533345
1129,4,205,0.65,7,0.03508550555922417,0.1983664380343586
1129,4,206,0.6000000000000001,8,0.020716130156729278,0.20773288443880358
1129,4,207,0.55,5,0.03699547898748364,0.18617736973537596
1129,4,209,0.65,12,0.04813452653195722,0.20041773476013489
1129,4,210,0.9500000000000001,11,0.03435105590001235,0.1885662440683352
1129,4,211,0.8,4,0.011931307363401752,0.22325485834180914
1129,4,212,0.65,12,0.02778112249776845,0.19193753130056104
1129,4,214,0.7000000000000001,6,0.04085440299816953,0.16358668200539725
1129,4,215,0.8500000000000001,8,0.051610984336591725,0.18888100721098244
1129,4,217,0.55,11,0.04379118353697905,0.19863960051938098
1129,4,218,0.7000000000000001,9,0.04253634317119265,0.1910186869397206
1129,4,219,0.6000000000000001,8,0.051211736021874524,0.21650167880932797
1129,4,220,0.8500000000000001,10,0.026627543251422008,0.1839736167993279
1129,4,223,0.6000000000000001,8,0.05143761972763062,0.18640393916579456
1129,4,224,0.7000000000000001,10,0.024146614007341995,0.18836672612179756
1129,4,225,0.75,7,0.056514130138114814,0.19759905234069094
1129,4,226,0.7000000000000001,4,0.026538133751484942,0.22139349724179158
1129,4,227,0.8500000000000001,5,0.047134877591348566,0.18840668533004293
1129,4,229,0.8500000000000001,11,0.042998294500437344,0.1968292963800002
1129,4,230,0.9,6,0.06931574547964132,0.18405501981207917
1129,4,231,0.7000000000000001,9,0.04525776114697079,0.21742642312180657
1129,4,232,0.75,5,0.053947426047283094,0.20493807036425488
1129,4,233,0.55,6,0.05077340824312733,0.21834364100009607
1129,4,234,0.45,7,0.04991065169330862,0.20714738073399788
1129,4,235,0.75,8,0.054993184287257864,0.21402854207947433
1129,4,237,0.65,12,0.04149686446371669,0.21380748404780614
1129,4,238,0.8500000000000001,5,0.025177433504103112,0.18470663666415674
1129,4,239,0.65,8,0.018663204332806875,0.17531413606676638
1129,4,240,1.0,6,0.04976000152447483,0.23177715187578216
1129,4,241,0.65,10,0.05146640579308171,0.21287353180997895
1129,4,242,0.9,7,0.040576677864907755,0.17892752145816013
1129,4,243,0.9,7,0.042269930316281006,0.20429353824798988
1129,4,244,0.75,8,0.03969054399646482,0.20866301982478103
1129,4,246,0.9,11,0.023889682064565314,0.19264997399631978
1129,4,247,1.0,8,0.039067830509052666,0.17951062814447688
1129,4,248,0.8500000000000001,5,0.0548970869834803,0.20528752430603325
1129,4,249,0.9500000000000001,8,0.0599583406203587,0.22225324374806144
1129,4,251,1.0,9,0.028949558127424262,0.18635039582867302
1129,4,252,0.55,6,0.028716591361574968,0.18937330238498343
1129,4,254,0.7000000000000001,9,0.03648311207816902,0.2088974974252395
1129,4,255,0.8,11,0.023288925851174837,0.19807930178683072
1129,4,256,0.75,11,0.030521986759741954,0.19541080969081187
1129,4,259,0.75,13,0.043161183597163706,0.19410741376458646
1129,4,261,0.65,13,0.048308544807313995,0.1969986103107447
1129,4,262,0.45,9,0.028476595615244262,0.20067432709356264
1129,4,264,0.9,9,0.034970757800734095,0.16712155860169786
1129,4,265,0.7000000000000001,15,0.03773427271341252,0.19245279404920987
1129,4,266,0.65,10,0.04407307576810865,0.186253584262339
1129,4,268,0.7000000000000001,9,0.0381821033589855,0.21353074714010395
1129,4,271,0.6000000000000001,7,0.03841205513715382,0.2037536596598391
1129,4,274,0.6000000000000001,8,0.040276191581075406,0.2131644695871909
1129,4,276,0.6000000000000001,6,0.02597584060979687,0.17382149469402927
1129,4,277,0.9,10,0.03438752502578163,0.17305017154668512
1129,4,279,0.75,4,0.06506417398527627,0.2147957797890091
1129,4,284,0.6000000000000001,10,0.03137112560497538,0.21054383160182896
1129,4,290,0.75,6,0.04417013905013635,0.1789829090163715
1129,4,292,0.6000000000000001,8,0.04185546040754791,0.17407451724356957
1129,4,293,0.6000000000000001,10,0.04654763576745133,0.18772565765451904
1129,4,296,0.8500000000000001,10,0.02635557315067574,0.19022819833736798
1129,4,300,0.75,11,0.050049258584029775,0.2263795684294287
1129,4,301,0.5,8,0.037253285960298914,0.20902668015253117
1129,4,302,0.9,10,0.04793131535772892,0.20358440191177968
1129,4,303,0.6000000000000001,10,0.025486109881681516,0.21271110409695487
1129,4,304,0.7000000000000001,6,0.04932014857218943,0.22051070582822727
1129,4,306,0.7000000000000001,4,0.039242446502298856,0.21505854829255563
1129,4,307,0.8,11,0.04576599266811525,0.2081587391340651
1129,4,308,0.8,12,0.048212225651231747,0.18038509701693303
1129,4,320,0.8500000000000001,8,0.06349356082236915,0.18371056616947723
1129,4,324,0.8,13,0.03260794084348702,0.19882335325499195
1129,4,330,0.8,12,0.03694095099115184,0.22162577213805093
1129,4,339,0.6000000000000001,10,0.03918426520113561,0.217682455350603
1129,4,343,0.6000000000000001,8,0.03762174639440557,0.22612226498919813
1129,4,344,0.8500000000000001,8,0.02822544275723432,0.20426998105579744
1129,4,353,0.5,9,0.03708687095227083,0.20066155281810932
1129,4,360,0.75,8,0.05703678244087658,0.23193671899750537
1129,4,364,0.75,13,0.043032023365223715,0.21131205739434208
1129,4,371,0.7000000000000001,7,0.054525632616062046,0.21828782327353813
1129,4,376,0.75,9,0.02539942347381674,0.20458097862297345
1129,4,378,0.65,6,0.026594786923424544,0.2155215764558953
1129,4,385,0.55,4,0.039874213674087444,0.21734317013811866
1129,4,387,0.6000000000000001,6,0.013289610461950166,0.20488849367405845
1129,4,389,0.5,6,0.0479524691676447,0.17432916205629775
1129,4,394,0.8500000000000001,7,0.021170496080055834,0.2007721674022589
1129,4,395,0.5,6,0.03511732552134563,0.2284647172420573
1129,4,399,0.55,6,0.03653664845653649,0.20577122122414201
1129,4,408,0.8,9,0.043435404335854716,0.19846192525952597
1129,4,409,0.7000000000000001,9,0.051399517038518854,0.2238197393165199
1129,4,411,0.9500000000000001,11,0.032463580377096755,0.2074039018202048
1129,4,412,0.6000000000000001,7,0.04194984189565779,0.21355915609300014
1129,4,419,0.5,7,0.049712227443185236,0.21050479940110772
1129,4,436,0.6000000000000001,7,0.031425753698472086,0.20501095030229805
1129,4,442,0.6000000000000001,7,0.03229735676060689,0.2159300202458987
1129,4,448,0.55,5,0.03521789842589372,0.2229802451896256
1129,4,465,0.5,5,0.03107761354521201,0.19936029987287163
1129,4,468,0.65,5,0.05909337460938811,0.23385525382959052
1129,4,485,0.5,5,0.03131539835177365,0.1895515180443562
1129,4,487,0.6000000000000001,10,0.03264388036515486,0.22145676317474092
1129,4,493,0.7000000000000001,7,0.03776670559423129,0.20991390137176458
1129,4,500,0.6000000000000001,5,0.022698826634741282,0.20609615941696396
1129,4,511,0.9,12,0.03918956917027852,0.18320024241978475
1129,4,517,0.75,12,0.04119476353708586,0.1845451103451868
1129,4,518,0.65,6,0.021806827470073592,0.20251412999034327
1129,4,521,0.8,7,0.03475289279127682,0.2312070023877286
1129,4,550,0.55,10,0.034428218178978016,0.2103885178509383
1129,4,554,0.65,7,0.029548082197367972,0.1905239298909797
1129,4,555,0.55,7,0.0399123122201431,0.17969582694790623
1129,4,573,0.8,6,0.024452519342966657,0.20580788907191275
1129,4,580,0.65,10,0.036652569101874775,0.1852688902782572
1129,4,597,0.4,5,0.04263709092424432,0.2334144942740229
1129,4,604,0.9500000000000001,6,0.05388850420738349,0.20454156815446448
1129,4,629,0.6000000000000001,6,0.06295169258431978,0.21804588396773442
1129,4,635,1.0,4,0.0552275746741907,0.21229581168087427
1129,4,645,0.55,11,0.038973951578275434,0.2014524664007766
1129,4,647,0.5,9,0.029148660163011913,0.20517685133106495
1129,4,649,0.5,6,0.04360464201775032,0.21213869048275316
1129,4,690,0.65,12,0.029097146757973574,0.18829547622731058
1130,0,0,0.55,10,0.04805513835581453,0.20894068481202277
1130,0,1,0.65,17,0.03775107002084673,0.22866476125545082
1130,0,2,0.55,8,0.04432283434275566,0.22900375374253862
1130,0,3,0.7000000000000001,10,0.04644674029582776,0.23140006796533638
1130,0,4,0.45,8,0.04070721747913859,0.22234292470014544
1130,0,5,0.35000000000000003,11,0.039860035316436566,0.22468034889401337
1130,0,6,0.8500000000000001,10,0.05823549623114113,0.21008827193339163
1130,0,7,0.75,7,0.05544859942555557,0.21176477553571854
1130,0,8,0.5,10,0.05340254987219013,0.21635764603963273
1130,0,9,0.8,2,0.004718593861776153,0.11878366241774496
1130,0,10,0.65,5,0.053466889149916354,0.18725475382051446
1130,0,11,0.9,10,0.028137372510419274,0.2203312317584206
1130,0,12,0.6000000000000001,10,0.03883456964679578,0.20921181333296723
1130,0,13,0.8,11,0.04647951096257147,0.20716691705527063
1130,0,14,0.35000000000000003,10,0.03298791273437606,0.216163791678668
1130,0,15,0.6000000000000001,13,0.03659767405194228,0.20025338071646856
1130,0,16,0.5,10,0.04234700982134086,0.21233365309331562
1130,0,17,0.9,3,0.06493053591062405,0.17403311320151563
1130,0,18,0.45,10,0.045965164447095086,0.2167204974408647
1130,0,19,0.5,10,0.020750475954428985,0.20443817668767794
1130,0,20,0.45,9,0.037836239217118095,0.21017550089916825
1130,0,21,0.75,13,0.06194131907410589,0.20484370047338413
1130,0,22,0.5,13,0.028996872851465967,0.21730927327197308
1130,0,23,0.8,4,0.03130933586645518,0.12340972878460066
1130,0,24,0.7000000000000001,6,0.040586388177336126,0.16532378615999863
1130,0,25,0.75,4,0.05060890584477242,0.18853413604713978
1130,0,26,0.5,12,0.02853312206488276,0.21467204024509753
1130,0,27,0.4,8,0.023592380325351634,0.20751357678922056
1130,0,28,0.6000000000000001,11,0.04746184273583922,0.20756256168548673
1130,0,29,0.6000000000000001,2,0.05206357340960061,0.13681450581073223
1130,0,30,0.55,13,0.040249138215481324,0.19195345441062314
1130,0,31,0.30000000000000004,2,0.06881935333183073,0.15212555184938825
1130,0,32,0.75,2,0.06730474684298866,0.163038755599139
1130,0,33,0.7000000000000001,9,0.06076103178394696,0.22837334277102983
1130,0,34,0.6000000000000001,10,0.04376985792751021,0.22408117496472313
1130,0,35,0.6000000000000001,18,0.041915893160915665,0.20832009648297245
1130,0,36,0.35000000000000003,12,0.02738093985806705,0.21416987258444306
1130,0,37,0.8500000000000001,8,0.05889723416467296,0.2095626923076923
1130,0,38,0.4,10,0.024313880701738184,0.2036427108251913
1130,0,39,0.45,12,0.03299930964935065,0.19346056463874897
1130,0,40,0.8,10,0.03752765668339889,0.19514796365506493
1130,0,41,0.4,7,0.044785289645767085,0.19384279657305678
1130,0,42,0.6000000000000001,11,0.05682035905589958,0.21726499800475862
1130,0,43,0.8500000000000001,13,0.05686271707079042,0.2137792360709187
1130,0,44,0.4,11,0.03247547568094237,0.21202038303479973
1130,0,45,0.4,14,0.03242318004171953,0.2290575273371691
1130,0,46,0.45,13,0.04059910396098572,0.22984333008845564
1130,0,47,0.8500000000000001,10,0.06177449321138936,0.21269161924439367
1130,0,48,0.45,12,0.03260270715998789,0.21439303555055766
1130,0,49,0.7000000000000001,14,0.0683845618448274,0.2084091661301439
1130,0,50,0.4,6,0.02195011548459435,0.21112914332980603
1130,0,51,0.6000000000000001,6,0.0667779976067007,0.20825976928812703
1130,0,52,0.6000000000000001,9,0.03180100460199914,0.23329732124672764
1130,0,53,0.8500000000000001,11,0.04652381110105034,0.20230373733344817
1130,0,54,0.75,7,0.05137609704503058,0.1596249649136843
1130,0,55,0.75,13,0.04419974855711215,0.2206194726787579
1130,0,56,0.7000000000000001,9,0.03496717553229255,0.2174475752574211
1130,0,57,0.55,11,0.044602288299177506,0.2120937157785552
1130,0,58,0.75,9,0.03180055604382366,0.2132667614188879
1130,0,59,0.30000000000000004,8,0.04127630528932701,0.23070811863138505
1130,0,60,0.9,2,0.0048231562102101075,0.19979799300767118
1130,0,61,0.35000000000000003,10,0.024214164714827124,0.19970752630214794
1130,0,62,1.0,9,0.042935566061096046,0.22177633712758038
1130,0,63,0.7000000000000001,9,0.05301787895086576,0.2110896468687145
1130,0,64,0.4,8,0.02704489999115055,0.21284437805315054
1130,0,65,0.4,11,0.04034874102627942,0.22833917686932506
1130,0,66,0.6000000000000001,17,0.03662607579756211,0.2255543004032024
1130,0,67,0.7000000000000001,12,0.05528059367409151,0.2051513354457031
1130,0,68,0.6000000000000001,10,0.056064915984051944,0.19516140998769074
1130,0,69,0.55,13,0.03923428336269199,0.23356702499676807
1130,0,70,0.8,9,0.033783175959182114,0.2110966627570651
1130,0,71,0.65,5,0.02271995491763085,0.2108854484209534
1130,0,72,0.75,6,0.03636810456500573,0.17159629135379595
1130,0,73,0.8,9,0.06458830033145455,0.22221520502643802
1130,0,74,0.4,9,0.045271505673586045,0.18904950254478992
1130,0,75,0.4,8,0.036269498245394924,0.22757728963290122
1130,0,76,0.65,10,0.036223333697849136,0.20729147221588798
1130,0,78,0.5,9,0.04133917386315123,0.24359246852094538
1130,0,79,0.7000000000000001,9,0.02438524525553583,0.21550395048460985
1130,0,80,0.7000000000000001,11,0.04468294329511875,0.2079302437189134
1130,0,81,0.55,10,0.044834343877814646,0.1857187968062867
1130,0,82,0.75,7,0.042429310180303624,0.2168790685185733
1130,0,83,0.8500000000000001,18,0.0541134026548711,0.2103246563079589
1130,0,84,0.6000000000000001,13,0.029351834829120453,0.21883028095741383
1130,0,85,0.75,8,0.040700819951547396,0.17935287555104032
1130,0,87,1.0,9,0.03534847309710453,0.19509678303840888
1130,0,88,1.0,13,0.04011062160275881,0.22806318865119965
1130,0,89,0.6000000000000001,8,0.059317085917424524,0.2218076155341428
1130,0,90,0.75,12,0.060712709061538354,0.20017207021819713
1130,0,91,0.8,6,0.047474917372540934,0.19073120074053637
1130,0,92,0.55,12,0.04078723706495016,0.21330637349190615
1130,0,93,0.8,14,0.037486747582452205,0.21734488832374085
1130,0,95,0.65,12,0.02892651855562715,0.21384993782272121
1130,0,96,0.8500000000000001,14,0.053863330248769825,0.209663451957974
1130,0,97,0.9500000000000001,9,0.03362833889510462,0.19165328524394584
1130,0,99,0.7000000000000001,5,0.04500442162076148,0.14790375132777686
1130,0,100,0.8,5,0.047478266019385984,0.16963727298715572
1130,0,101,0.75,12,0.051558672854531105,0.19675035579660852
1130,0,102,0.4,10,0.027325168687919666,0.2107545949988082
1130,0,103,0.7000000000000001,12,0.042974357512014394,0.22196294735308117
1130,0,104,0.7000000000000001,14,0.041980118892986355,0.20870089034046352
1130,0,105,0.8,13,0.04424155914705304,0.19856018884728785
1130,0,106,0.6000000000000001,11,0.04575455018153511,0.21778186751406006
1130,0,107,0.8500000000000001,8,0.05105726156940248,0.19823262187249707
1130,0,108,0.45,9,0.032171075327971164,0.21442622726079405
1130,0,109,0.65,13,0.03736186580941936,0.20484851595083906
1130,0,110,0.35000000000000003,11,0.051481518467706024,0.21085166884605158
1130,0,111,0.75,9,0.04807232147433666,0.19451821174484885
1130,0,112,0.35000000000000003,10,0.04048818163557551,0.23201322098520577
1130,0,113,1.0,10,0.0424686461342324,0.2272087400313791
1130,0,114,0.45,12,0.028589703233510014,0.19877643640288137
1130,0,115,0.9,2,0.06027354457005508,0.15806694479205338
1130,0,116,0.55,15,0.05934950025700305,0.20363537770637344
1130,0,117,0.6000000000000001,7,0.042516619521273134,0.18949513617234698
1130,0,118,0.75,10,0.05503273306909627,0.1638942510645414
1130,0,119,0.5,8,0.03475849948616245,0.23588775511905363
1130,0,120,0.5,11,0.0591216896324687,0.23247232166519857
1130,0,121,0.75,8,0.03168038213374313,0.18174226863911241
1130,0,122,0.9,11,0.05226792715553118,0.18902953412750473
1130,0,123,0.5,12,0.03445173121847854,0.20943207724090596
1130,0,124,0.8500000000000001,15,0.042830457849577654,0.190754246508455
1130,0,125,0.55,12,0.0346549642108784,0.24282093926972248
1130,0,126,0.45,13,0.04453324154767128,0.19629982726425832
1130,0,127,0.8,13,0.033075487543304756,0.20693570801355
1130,0,128,0.55,9,0.046149525454120134,0.21217933117033644
1130,0,129,0.55,10,0.042932591319871274,0.2305670330480964
1130,0,130,0.45,10,0.03703399083400032,0.23304678375279111
1130,0,131,0.4,9,0.048292357225866674,0.22234053947581817
1130,0,132,0.7000000000000001,10,0.027825757584080412,0.17738217669735182
1130,0,133,0.45,10,0.04906848345384704,0.20189476233492837
1130,0,134,0.8500000000000001,7,0.051122148789917915,0.19233588703240284
1130,0,135,0.8,11,0.04823974176309119,0.18568166850553827
1130,0,136,0.75,12,0.05742354592267915,0.20226213151312136
1130,0,137,0.75,13,0.03234211210118483,0.20741382771358377
1130,0,138,0.8500000000000001,13,0.04660886826565759,0.18932257810203884
1130,0,139,0.9500000000000001,6,0.06831938604010138,0.1902461088474013
1130,0,140,0.6000000000000001,7,0.04310542947999301,0.19348968595667246
1130,0,141,0.9,13,0.054371523350703894,0.18308515153376673
1130,0,142,0.5,9,0.052322600384819604,0.20935234867449293
1130,0,143,0.8,10,0.06105564476721259,0.22009716843054336
1130,0,144,0.65,12,0.05852022390775432,0.20039809845955836
1130,0,145,0.65,9,0.04719305353377019,0.19739270431939604
1130,0,147,0.45,8,0.0407220406136663,0.19172640923304235
1130,0,148,0.5,13,0.06766330874266957,0.20443504761455053
1130,0,149,0.5,15,0.04931629038254024,0.21407644542758794
1130,0,150,0.5,11,0.05215557068032993,0.20651260015035547
1130,0,151,0.6000000000000001,8,0.026185648471827406,0.20851332016876442
1130,0,152,0.5,14,0.06625059908231183,0.20708394005968303
1130,0,153,0.75,9,0.054334087131129194,0.2159985425927359
1130,0,154,0.6000000000000001,15,0.04347517199524761,0.2145401055026866
1130,0,155,0.75,11,0.03222775524755056,0.19806871190357367
1130,0,157,0.5,8,0.04957173001818401,0.2429684417386585
1130,0,158,0.9,13,0.0531516354994735,0.2207764683741019
1130,0,159,0.65,15,0.04220990469262966,0.19634371329537262
1130,0,160,0.4,7,0.04680041303457254,0.2274169981173544
1130,0,161,0.45,12,0.05718897097034812,0.22958315632302817
1130,0,163,0.8500000000000001,16,0.035800493564428444,0.22853904628910915
1130,0,164,0.8500000000000001,14,0.04647624150891252,0.19866272491970907
1130,0,165,0.55,12,0.04651028603863785,0.2092855572223258
1130,0,166,1.0,10,0.06285073872670621,0.2096113355673998
1130,0,167,0.6000000000000001,10,0.0353106297163766,0.19961035783455627
1130,0,168,0.35000000000000003,6,0.01878590140338218,0.20240683929744407
1130,0,169,0.5,15,0.042948489298195065,0.21061839073388117
1130,0,170,0.7000000000000001,15,0.045270959723377475,0.20786554164550322
1130,0,172,0.45,9,0.06111674667359127,0.19443436849319004
1130,0,175,0.65,12,0.0472554020869949,0.1971810107970906
1130,0,176,1.0,13,0.02844368914024752,0.20063520723855172
1130,0,177,1.0,14,0.04781555306092737,0.17740363849162977
1130,0,178,0.9,12,0.0401876352203041,0.19690047758818188
1130,0,179,0.6000000000000001,11,0.06800482650888327,0.2092954767116767
1130,0,180,0.75,10,0.045762071789047655,0.21642045877766622
1130,0,181,0.6000000000000001,11,0.03561063335295005,0.21819402909087665
1130,0,182,0.7000000000000001,10,0.04986006970912884,0.1767494215214212
1130,0,183,0.8500000000000001,5,0.027445589653080846,0.19118093288174642
1130,0,184,0.55,10,0.049244581530788985,0.21216277504905628
1130,0,185,0.8500000000000001,8,0.05272903303454833,0.1788946787171692
1130,0,186,0.8,10,0.039637258259961,0.20021253393581073
1130,0,187,0.7000000000000001,4,0.04973540514914192,0.16150090566140476
1130,0,188,0.35000000000000003,14,0.041441671448618794,0.215419439974515
1130,0,190,0.6000000000000001,13,0.045538641722871934,0.18609815755946396
1130,0,193,0.9,10,0.0453570390536952,0.17554057652768257
1130,0,195,0.5,13,0.03351407043563238,0.2284839400373839
1130,0,197,0.6000000000000001,6,0.05794235011475128,0.2421522638985478
1130,0,199,0.8500000000000001,13,0.04299737171016989,0.21428918834259056
1130,0,205,0.7000000000000001,14,0.04845221067212961,0.20423669356108223
1130,0,206,0.45,17,0.03843184425873213,0.21528403924223094
1130,0,207,0.45,14,0.039092914926506,0.2226069984619996
1130,0,208,0.5,9,0.051544440266692644,0.22148127528101244
1130,0,209,0.75,9,0.04097663556671336,0.2271824242207664
1130,0,211,0.75,11,0.03610368890904819,0.22008973097890666
1130,0,216,0.55,14,0.03197080956489042,0.18643775143525038
1130,0,219,0.5,8,0.039494381278883876,0.2205761920007067
1130,0,229,0.6000000000000001,12,0.049784498584994334,0.21781112087964283
1130,0,231,0.6000000000000001,12,0.05158369016857745,0.2232848404164983
1130,0,235,0.4,13,0.03721312846554241,0.21990779470292884
1130,0,240,0.6000000000000001,13,0.03483389018201922,0.2104794452741072
1130,0,244,0.65,11,0.05029154355457236,0.1982039414951929
1130,0,250,0.35000000000000003,13,0.03354815570487059,0.19493929978333244
1130,0,254,0.4,8,0.03739665325236721,0.21938803822479452
1130,0,261,0.4,16,0.042216209082713785,0.20278754920989744
1130,0,265,0.45,16,0.04007746204952051,0.22360376237739343
1130,0,274,1.0,13,0.04546408249618349,0.21695403997956159
1130,0,276,0.5,10,0.04570427161280594,0.20462336028541622
1130,0,281,0.4,10,0.04043747783365721,0.2177144672953267
1130,0,282,0.4,11,0.04838408873120513,0.20796717184844873
1130,0,286,0.5,11,0.028460493767025884,0.21400066013163527
1130,0,293,0.5,10,0.04107463658930282,0.2166712154184352
1130,0,301,0.55,8,0.039600178964049465,0.2609590914504406
1130,0,302,0.65,10,0.018785512568294298,0.2095971317191503
1130,0,305,0.5,9,0.04244861477674962,0.20665976069305797
1130,0,311,0.35000000000000003,10,0.037019889348185446,0.22264547845304455
1130,0,313,0.9,10,0.04199840507995015,0.22296136327039545
1130,0,322,0.6000000000000001,8,0.03998251355667302,0.23085448472476267
1130,0,329,0.30000000000000004,6,0.02823651520655781,0.1979523503633517
1130,0,352,0.5,12,0.060193863062052884,0.21586939467744312
1130,0,366,0.65,7,0.07145510695351491,0.20250655923743072
1130,0,380,0.5,10,0.03951967291155856,0.21949905368313524
1130,0,387,0.45,10,0.03919085683362048,0.2315741336678248
1130,0,390,0.65,8,0.05525903719849934,0.21364526100672934
1130,0,407,0.4,7,0.03758962212554357,0.25594766068171915
1130,0,408,0.4,6,0.04231544202352182,0.2214266949027678
1130,0,420,0.55,8,0.037998558050758136,0.23612411841886152
1130,0,433,0.5,10,0.024414360965323224,0.20040746712657503
1130,0,434,0.45,10,0.05124407918966218,0.21858795360943115
1130,0,437,0.30000000000000004,7,0.029212845392762993,0.2265923098339587
1130,0,447,0.45,6,0.037056250980183315,0.21764781209295514
1130,0,472,0.5,12,0.048534998202232525,0.19024349188188402
1130,0,480,0.45,12,0.05223672457264888,0.20975490414577416
1130,0,496,0.5,12,0.040358775731240214,0.23473998931862006
1130,0,513,0.7000000000000001,10,0.04069837469796198,0.22482108815830038
1130,0,518,0.5,9,0.050151877993105796,0.19062500087513112
1130,0,542,0.5,11,0.04672332545761264,0.2381115707533109
1130,0,554,0.45,11,0.040151201053926194,0.20741010983914557
1130,0,566,0.75,12,0.041989385307915066,0.20205573691008807
1130,0,570,0.5,11,0.036076966266901454,0.24924654538494567
1130,0,575,0.4,10,0.04463281489991935,0.20669988522433344
1130,0,577,0.5,16,0.049959897269899106,0.19863639812022016
1130,0,594,0.5,10,0.03697041497376663,0.2342354919836979
1130,0,606,0.6000000000000001,7,0.07395886196199282,0.20841288946991046
1130,0,625,0.8500000000000001,10,0.04617788603664632,0.21892807843229517
1130,0,626,0.4,8,0.023731830945760906,0.21585365096198955
1131,1,0,0.65,15,0.03351562007145595,0.2050146907676647
1131,1,1,0.8500000000000001,10,0.027981400408898186,0.17744491001988613
1131,1,2,0.55,11,0.03374749830067046,0.21282915804501867
1131,1,3,0.7000000000000001,11,0.0578251716497899,0.20092440290637803
1131,1,4,0.7000000000000001,8,0.02573727341978547,0.1772594052042254
1131,1,5,0.65,13,0.02687243310572393,0.207960379973243
1131,1,6,0.9,4,0.034769713554232085,0.18669719122279094
1131,1,7,0.45,14,0.04054169925379988,0.21229379006141097
1131,1,8,0.6000000000000001,14,0.03577818783110623,0.2084355338754811
1131,1,9,0.6000000000000001,8,0.03649158997799643,0.19288686584854242
1131,1,10,0.9,11,0.05263090494363775,0.20025109626180548
1131,1,11,0.35000000000000003,8,0.044893191141574695,0.2219393460106473
1131,1,12,0.8500000000000001,8,0.04135045299195741,0.1995187207660798
1131,1,13,0.45,7,0.021417132026519577,0.18626699981184072
1131,1,14,0.4,11,0.04711144343903725,0.2233192369015973
1131,1,15,0.6000000000000001,19,0.03089743665100815,0.20677494843790284
1131,1,16,0.8500000000000001,12,0.03860929011645584,0.18714509026296308
1131,1,17,0.35000000000000003,8,0.026456747645773746,0.20838709199079647
1131,1,18,0.4,3,0.004775942407010342,0.203312669499214
1131,1,19,0.65,13,0.034601392278831626,0.18964707925465474
1131,1,20,0.8500000000000001,8,0.035109783926383184,0.20381862076670978
1131,1,21,0.75,11,0.040473588775743495,0.21234331404179693
1131,1,22,0.6000000000000001,13,0.037820668520689965,0.19483518993233792
1131,1,23,0.75,8,0.035013684241458655,0.17719032014230138
1131,1,24,0.7000000000000001,12,0.03233036360297592,0.2055598525384156
1131,1,26,0.30000000000000004,9,0.028005553654182225,0.239051562269732
1131,1,27,0.5,15,0.04261191803010901,0.18993911958799836
1131,1,28,0.9500000000000001,16,0.04854194623929666,0.20931344197841745
1131,1,29,0.6000000000000001,11,0.03243242860539046,0.1901096669440031
1131,1,30,0.8500000000000001,6,0.05394812281154561,0.18983123162826612
1131,1,31,0.35000000000000003,9,0.04361393808309063,0.21107340353026738
1131,1,32,0.8,3,0.0712246747583017,0.15511809694956147
1131,1,33,0.65,7,0.029739065811752237,0.22192655995592642
1131,1,34,0.7000000000000001,9,0.04555346734429762,0.18300084782408566
1131,1,35,0.8,9,0.03400184044397129,0.1880350269648818
1131,1,36,0.4,10,0.05927357297946944,0.20832921275733432
1131,1,37,0.45,10,0.04130824510448019,0.22399184067561814
1131,1,38,0.6000000000000001,13,0.038032879014684114,0.230435592621689
1131,1,39,0.75,6,0.07085334246034503,0.19061825619432135
1131,1,40,0.65,11,0.04292422723442756,0.20881824575948296
1131,1,41,0.9,14,0.033643292030006246,0.22281243861181318
1131,1,42,0.45,12,0.02534358107858762,0.20360513275176087
1131,1,43,0.75,13,0.04557113778905757,0.20209484376000322
1131,1,44,0.55,9,0.01654988450680903,0.20558693382870397
1131,1,45,0.45,13,0.03358215234200425,0.21223775358108188
1131,1,46,0.55,13,0.0442066305912058,0.2068097602437794
1131,1,47,0.65,14,0.04590788767782597,0.20045816396608748
1131,1,48,0.55,10,0.044740968546386865,0.19578783026440116
1131,1,49,0.55,12,0.03799293806574133,0.20928736212161939
1131,1,50,0.45,10,0.029903691675689906,0.20628053727543283
1131,1,51,0.6000000000000001,16,0.044955555406789784,0.20298317736467167
1131,1,52,0.65,15,0.053365637128694896,0.2072820862210191
1131,1,53,0.8,6,0.024850259046190766,0.1762429947475552
1131,1,54,0.9,4,0.028285227220898587,0.1563704492233339
1131,1,55,0.8500000000000001,12,0.041816687257367965,0.20741039208557752
1131,1,56,0.5,6,0.045596869017618696,0.21844009019748256
1131,1,57,0.5,9,0.039890920683338944,0.2139353274331802
1131,1,58,0.65,10,0.03450788067353638,0.19074950396923424
1131,1,59,0.7000000000000001,11,0.04601456719644766,0.20861058021658013
1131,1,60,0.5,9,0.05516557323861885,0.1926209915310283
1131,1,61,0.4,9,0.02056738095523247,0.20918961678883546
1131,1,62,0.45,9,0.03164417511042137,0.20240284238540637
1131,1,63,0.8,9,0.04235542695848903,0.20956943875860212
1131,1,64,0.5,6,0.01674037091864385,0.2121676022377964
1131,1,65,0.9500000000000001,10,0.03890802299894096,0.18215466880626857
1131,1,66,0.9,6,0.047615813137159305,0.1953229961718792
1131,1,67,0.55,10,0.030880876298383316,0.21097790658937593
1131,1,68,0.8500000000000001,8,0.03535187498195628,0.20928464749237768
1131,1,69,0.9,10,0.040160882910105104,0.1794449188482609
1131,1,70,0.7000000000000001,17,0.045515279697797756,0.20629087439365998
1131,1,71,0.8,2,0.030903565920364365,0.15749742178663928
1131,1,72,0.8,12,0.02453819146631176,0.18780296850528322
1131,1,73,0.8500000000000001,9,0.043738053094209736,0.1950628509331044
1131,1,74,0.7000000000000001,8,0.018285994576943056,0.21660199279327907
1131,1,75,1.0,9,0.03740262452814801,0.2075153278417444
1131,1,76,0.75,10,0.05166057065934348,0.18890770781918229
1131,1,77,0.8500000000000001,11,0.027784976491074382,0.18577294068643954
1131,1,78,0.65,12,0.03234160224050537,0.1779237965268949
1131,1,79,1.0,14,0.043426323072601,0.21868924051142397
1131,1,80,0.6000000000000001,15,0.04838650363011037,0.19190057899318436
1131,1,81,0.5,8,0.01936640614199766,0.20765312328616817
1131,1,82,0.65,16,0.03437777438383459,0.20891823610197408
1131,1,83,0.45,5,0.030904935202058163,0.21168177523835224
1131,1,84,0.65,9,0.045545711888781544,0.20899246016759115
1131,1,85,0.5,12,0.030035784404389438,0.2059167957623673
1131,1,86,0.35000000000000003,3,0.034124524899916735,0.16834754522031695
1131,1,87,0.7000000000000001,12,0.02696814445823502,0.20139040632144556
1131,1,88,0.9500000000000001,17,0.04559590645929739,0.19181393596591664
1131,1,90,0.7000000000000001,16,0.04030234650189085,0.1994405334934523
1131,1,91,0.65,11,0.04994423154673032,0.20468660365984678
1131,1,92,0.8,14,0.031502305191897666,0.19991972293094995
1131,1,93,0.5,13,0.0497928383029178,0.2107567144505626
1131,1,94,0.75,10,0.03735495205966927,0.21849661477581916
1131,1,95,0.7000000000000001,7,0.0456326302979162,0.1728090082904772
1131,1,96,0.45,13,0.03842265427588564,0.20658534760282762
1131,1,97,0.5,14,0.04017765038360578,0.21628188390979813
1131,1,98,0.5,11,0.03545761244187995,0.22231655348198637
1131,1,99,1.0,13,0.04209158464555047,0.22545898044883084
1131,1,100,0.7000000000000001,16,0.027505363878143778,0.19280145059532067
1131,1,101,0.5,11,0.018223637745849515,0.20681964124207955
1131,1,103,0.65,14,0.043621149424687554,0.21884137408616924
1131,1,104,0.6000000000000001,14,0.03255521708404073,0.2122086889141825
1131,1,105,0.45,5,0.02966765188089031,0.22673377206567383
1131,1,106,0.65,16,0.05009801606224978,0.19605131783877677
1131,1,107,0.75,10,0.03453383889674226,0.20043852876472257
1131,1,108,0.4,10,0.02708502043118182,0.20448755864562904
1131,1,109,0.55,15,0.030280855250079425,0.19921213901524196
1131,1,110,0.6000000000000001,12,0.03497457727298558,0.20048828683740685
1131,1,111,0.75,14,0.042798603461465926,0.20236861246554452
1131,1,112,0.25,9,0.024920785818684708,0.20500034634692912
1131,1,113,0.45,9,0.05004518950329157,0.19468765924235903
1131,1,114,0.7000000000000001,12,0.05771861364224964,0.19657370041640457
1131,1,115,0.4,11,0.01711661112847273,0.1955878794795297
1131,1,116,0.65,7,0.047131304492446964,0.17167591318494882
1131,1,117,0.6000000000000001,7,0.03986079548579925,0.22945642840933209
1131,1,118,0.5,12,0.03419219942929999,0.21412325864951
1131,1,119,0.5,9,0.04108051584949855,0.1919305265523665
1131,1,120,0.8500000000000001,15,0.022496882197224784,0.18569002637064905
1131,1,121,0.65,17,0.04192921080938678,0.21695224443329836
1131,1,122,0.6000000000000001,11,0.038066002179452905,0.19464791010678334
1131,1,123,0.5,12,0.03814972930606368,0.19929711126902017
1131,1,124,0.6000000000000001,11,0.035727598011109626,0.192147347978253
1131,1,125,0.8,7,0.02481750502716033,0.2220956438638119
1131,1,126,0.5,13,0.045493434038329984,0.22304937806191838
1131,1,127,0.55,13,0.05609556870151912,0.20419317115208852
1131,1,128,0.8,11,0.0504361261524928,0.20947139587741342
1131,1,129,0.5,12,0.043236739843138694,0.2230627766688342
1131,1,130,0.9,9,0.030688152602395116,0.1914696432641784
1131,1,131,0.8500000000000001,12,0.041392833264005405,0.17805016501947876
1131,1,132,0.55,12,0.037753987166680034,0.21116566067913164
1131,1,134,0.65,11,0.03932236587146483,0.20413024346111855
1131,1,135,0.5,12,0.0427754007098545,0.21226919507239392
1131,1,136,0.75,9,0.02293572656645268,0.20893573048442377
1131,1,138,0.6000000000000001,12,0.026241991373311527,0.20240943659132984
1131,1,140,0.8500000000000001,11,0.045331623176139355,0.2037043992761556
1131,1,141,0.45,12,0.034729398290602474,0.21561971771860713
1131,1,145,0.65,9,0.04433709270339045,0.19074497437241733
1131,1,146,0.75,13,0.04392382032930324,0.20426868815676313
1131,1,147,0.55,15,0.03981985045502332,0.1844193572148226
1131,1,148,0.5,14,0.03435309946543959,0.20953799398950254
1131,1,149,0.65,11,0.025090572880066823,0.21042858435188638
1131,1,150,0.6000000000000001,19,0.03869397371404418,0.20145307097009785
1131,1,151,0.45,13,0.028672656923188395,0.19694796863378775
1131,1,152,0.45,8,0.02368095954890651,0.20095671809114934
1131,1,153,0.7000000000000001,14,0.039982695877552474,0.209499098154411
1131,1,154,0.9500000000000001,5,0.0413498855695671,0.19476426840215638
1131,1,155,0.75,10,0.029921076275832934,0.18055626818701528
1131,1,156,0.8,15,0.03442174005437672,0.2005802024339583
1131,1,157,0.4,12,0.03746436209837787,0.2163756306121172
1131,1,159,0.55,9,0.05086104153907684,0.20367814938747392
1131,1,160,0.4,7,0.02477107574787177,0.19814424346337217
1131,1,161,0.4,11,0.04379153363228599,0.2181811642143691
1131,1,162,0.6000000000000001,9,0.04095388336618634,0.2248568649854698
1131,1,163,1.0,13,0.02471870227322069,0.21813087791412708
1131,1,165,0.65,11,0.0479775469823595,0.18737237724163205
1131,1,166,0.8500000000000001,13,0.04880814688891081,0.20783133233785067
1131,1,167,0.6000000000000001,13,0.027292568528430622,0.20647158832859047
1131,1,168,0.5,10,0.054095231824398175,0.2259559796280925
1131,1,169,0.7000000000000001,15,0.03986344768407856,0.21011995657942423
1131,1,170,0.30000000000000004,8,0.042629006531399845,0.2093852950971566
1131,1,171,1.0,8,0.03586769824989915,0.1861156865124005
1131,1,172,0.45,13,0.0441839089348026,0.2105847055102885
1131,1,173,0.8500000000000001,10,0.03869216937967506,0.2044757388894455
1131,1,174,0.7000000000000001,9,0.030985320400093046,0.20339786559971443
1131,1,175,0.75,11,0.03482428566971412,0.19488267191536376
1131,1,176,0.6000000000000001,9,0.03356318793300327,0.20260436173243132
1131,1,177,1.0,12,0.044936002847822114,0.20227528049118235
1131,1,178,0.7000000000000001,10,0.043141410224760195,0.20467891973703817
1131,1,179,0.7000000000000001,13,0.03859600431653847,0.20531911075059855
1131,1,180,0.75,14,0.02632031447628063,0.20225235396206562
1131,1,181,0.6000000000000001,10,0.04168409490645054,0.19266950472406946
1131,1,182,0.5,9,0.04284403224663418,0.21875396554210005
1131,1,183,0.8500000000000001,13,0.0393707710395726,0.19607615226792252
1131,1,184,0.55,14,0.03295306624148003,0.22292518079364892
1131,1,185,0.9500000000000001,13,0.04123390053376869,0.20809606728587005
1131,1,187,0.9,15,0.03644813773614913,0.2019598436946795
1131,1,188,0.65,13,0.02756759288626526,0.20308194804242488
1131,1,189,0.55,10,0.028978856928089828,0.21490279553206898
1131,1,190,0.65,10,0.03594467021041044,0.2059582101868677
1131,1,192,0.5,3,0.016089035672143013,0.1863649040597013
1131,1,193,0.45,9,0.029914068314195068,0.20559379436884906
1131,1,194,0.65,13,0.02906072216842108,0.2109997522206397
1131,1,204,0.4,9,0.03661432708277496,0.20077547356270736
1131,1,207,0.5,9,0.03230704385460156,0.21000255906497742
1131,1,209,0.55,11,0.021227669460496063,0.2168231720721474
1131,1,212,0.55,8,0.053983070628910654,0.2093500842805202
1131,1,225,0.55,10,0.03512309933779499,0.20244623086163954
1131,1,233,0.55,8,0.04923302658744589,0.20752378354879875
1131,1,249,0.6000000000000001,8,0.051551739582376396,0.21015784323564352
1131,1,253,0.4,9,0.04269863404021194,0.18502462338221334
1131,1,264,0.55,9,0.048056629085758105,0.1959907501101321
1131,1,277,0.4,13,0.04637748652104418,0.1986938492762686
1131,1,279,0.5,15,0.03366742091361903,0.211192721191094
1131,1,285,0.45,8,0.02852429892415644,0.2188434740151306
1131,1,287,0.35000000000000003,8,0.03383065449211437,0.2029609156178122
1131,1,292,0.4,9,0.03631110847654242,0.22271681112217806
1131,1,310,0.6000000000000001,11,0.03632112270434692,0.22205535427402767
1131,1,312,0.45,12,0.03501423187850943,0.2184943568505969
1131,1,320,0.45,14,0.031243616210505094,0.21355826564344382
1131,1,322,0.75,13,0.03221576630231699,0.21509439683740775
1131,1,323,0.45,8,0.042662197807526406,0.21731813557422308
1131,1,353,0.5,13,0.0435209773213634,0.20974545969016847
1131,1,358,0.4,9,0.042333238432094696,0.21368476600596004
1131,1,360,0.35000000000000003,7,0.030289597324387848,0.2356037793154457
1131,1,369,0.75,17,0.027972605309042706,0.20226168189927324
1131,1,385,0.55,14,0.03351405421347788,0.22730542773685983
1131,1,392,0.4,12,0.03330212192704137,0.21124307126993844
1131,1,414,0.5,10,0.03687299059665334,0.22418832307438996
1131,1,422,0.4,2,0.019638877677062915,0.1909028064579788
1131,1,429,0.4,13,0.04741991310609263,0.21848467381975473
1131,1,433,0.4,8,0.04393505808365141,0.18597343323975862
1131,1,437,0.5,12,0.049157467556187724,0.21034073828495115
1131,1,443,0.35000000000000003,5,0.03375334740861841,0.21410800371615285
1131,1,455,0.4,7,0.031658197360705846,0.19993592032610566
1131,1,462,0.65,15,0.03780905284918099,0.20809034586971265
1131,1,501,0.5,13,0.028347068423212125,0.20116094691340963
1131,1,505,1.0,13,0.03939028043569453,0.22199188180008633
1131,1,516,0.35000000000000003,9,0.042246478023515076,0.20615174791520538
1131,1,522,0.6000000000000001,10,0.03463859033410604,0.1977875237688282
1131,1,540,0.45,10,0.03649670579585156,0.20571803623062906
1131,1,545,0.6000000000000001,6,0.02640956915746833,0.2071305142538722
1131,1,554,0.5,7,0.029538217639253718,0.20118686150066814
1131,1,557,0.55,13,0.026421497679305274,0.20720456516804342
1131,1,566,0.4,10,0.03203213795927608,0.2210203088350994
1131,1,578,0.45,13,0.02532856541913695,0.21632630275548703
1131,1,596,0.5,10,0.04772928592774767,0.22185122560073114
1131,1,599,0.45,11,0.0415155989058755,0.19812446041404827
1131,1,605,0.55,14,0.03379610140582778,0.2268982441918526
1131,1,616,0.45,9,0.03735195900207819,0.21400745939560317
1131,1,631,0.5,11,0.03339057812614224,0.22581381919038457
1132,2,0,0.75,16,0.04685592818392026,0.1916492095205392
1132,2,1,0.6000000000000001,16,0.03981030889944438,0.20806463360788724
1132,2,2,1.0,10,0.06184283162233377,0.19822350476599498
1132,2,3,0.6000000000000001,8,0.04306631055970086,0.23411967784760562
1132,2,4,0.9,7,0.04771889675751979,0.23187509465947756
1132,2,5,0.5,7,0.014185174159245346,0.2131143117275341
1132,2,6,0.9500000000000001,2,0.07453780623493682,0.18520313541128874
1132,2,7,0.8500000000000001,3,0.02249068984475446,0.16343136588973642
1132,2,8,0.55,10,0.06199626802171722,0.21777719078719718
1132,2,9,0.4,10,0.028119508018713876,0.21307805629424842
1132,2,10,0.8500000000000001,11,0.037228866283483666,0.17424313380726117
1132,2,11,0.7000000000000001,9,0.04724666047975202,0.24185913777137882
1132,2,12,0.5,15,0.04303927977824837,0.23863133207150888
1132,2,13,0.45,10,0.04883648042498319,0.2092493463772172
1132,2,14,0.75,10,0.060814956487713505,0.2042382577311897
1132,2,15,1.0,3,0.04608563075690436,0.1512075500417389
1132,2,16,0.9500000000000001,14,0.040831276706401486,0.18149846900607422
1132,2,17,0.55,9,0.05048456407630182,0.2208072201742466
1132,2,18,0.5,8,0.0592762166367779,0.17410284021837907
1132,2,19,0.45,10,0.04506267460038056,0.22206703035006115
1132,2,20,0.65,10,0.04210450285247007,0.21608626885601642
1132,2,21,0.65,14,0.03822728993950143,0.1960670914706335
1132,2,22,0.75,12,0.050190462497238394,0.2300737832361909
1132,2,23,0.45,11,0.0526519594444193,0.20119319201533142
1132,2,24,0.4,8,0.059441398030912855,0.21198578128482615
1132,2,25,0.7000000000000001,11,0.040173193907911076,0.1913078393633664
1132,2,26,0.8,8,0.051370632496607865,0.1666282025412747
1132,2,27,0.8500000000000001,12,0.063441366187067,0.21659092279742462
1132,2,28,0.7000000000000001,12,0.056026787853520554,0.21019619136092058
1132,2,29,0.5,7,0.0413429531360046,0.1882216702392081
1132,2,30,0.75,12,0.042913550702201556,0.20238609483311334
1132,2,31,0.65,13,0.04383075913507923,0.22484299711613007
1132,2,32,0.5,11,0.04680161965562419,0.20278646010733237
1132,2,33,0.65,13,0.05160497605123676,0.1941274809708982
1132,2,34,0.8,11,0.04206597040740038,0.16519889619063813
1132,2,35,0.55,13,0.03161121682497202,0.2165287330949928
1132,2,36,0.6000000000000001,8,0.053612050787988766,0.21551812131875697
1132,2,37,0.7000000000000001,15,0.024403173077621236,0.21358500663364383
1132,2,38,0.9,11,0.0355206588316702,0.2001530365555717
1132,2,39,0.55,11,0.05470837299016427,0.21431470634496197
1132,2,40,1.0,3,0.05991808624145629,0.18393154380225676
1132,2,41,0.8,7,0.054020512444580324,0.18972663638555679
1132,2,42,0.5,12,0.04440269264064175,0.21644991916388714
1132,2,43,0.55,13,0.034307043156417874,0.2156493669569766
1132,2,44,0.8500000000000001,4,0.04204677101642998,0.22265888398639766
1132,2,45,0.55,7,0.045588807122668634,0.15722646449021352
1132,2,46,0.65,2,0.09438820107973311,0.1992394842152747
1132,2,47,0.5,15,0.0411907511723707,0.21062169487618165
1132,2,48,0.75,12,0.06459232345464329,0.2012138496790367
1132,2,49,0.55,12,0.03923240653500649,0.17424213535887256
1132,2,50,0.8500000000000001,11,0.045483587391992555,0.20993539099711137
1132,2,51,0.75,6,0.044478659516725284,0.24289691906644947
1132,2,52,0.55,14,0.04141036611097713,0.20123071754944613
1132,2,54,0.55,9,0.05120721856535589,0.1809280477425387
1132,2,55,0.8,14,0.050869763962420045,0.19657170846352182
1132,2,56,0.8500000000000001,4,0.03542140780482648,0.16638349953932394
1132,2,57,0.6000000000000001,18,0.04553530016333978,0.20882988301102232
1132,2,58,0.6000000000000001,11,0.04844084458009368,0.20161043446958118
1132,2,59,0.8,13,0.044100441564896044,0.21266387973306966
1132,2,60,0.65,10,0.05779620640523085,0.19218409518947402
1132,2,61,0.7000000000000001,12,0.048455103166064904,0.2016677821630768
1132,2,62,0.6000000000000001,6,0.043597430108216984,0.19207597198771528
1132,2,63,0.9,13,0.04502540562520994,0.19449571036912114
1132,2,64,0.45,12,0.05035052074775732,0.20734009132370734
1132,2,65,0.9,11,0.0449529575103823,0.1813529976204282
1132,2,66,0.5,8,0.056882280715981004,0.18274632643336627
1132,2,67,0.5,9,0.03551767942316581,0.17359083342435244
1132,2,68,0.8500000000000001,16,0.055167227383354986,0.20650506942957741
1132,2,69,0.8500000000000001,5,0.04322432787648021,0.18531804684157674
1132,2,70,0.75,7,0.04337209120050859,0.1456078342099656
1132,2,71,0.55,15,0.04173467783386341,0.1700490744886837
1132,2,72,0.8500000000000001,14,0.054292211186291434,0.19029348797964502
1132,2,73,0.7000000000000001,13,0.03156130825243125,0.220159418311605
1132,2,74,0.65,8,0.0462156949819062,0.1646210229852828
1132,2,75,0.5,9,0.03172763902761836,0.22920615505412215
1132,2,76,0.75,6,0.06082841357600041,0.22285736820491486
1132,2,77,0.5,11,0.03996659195998299,0.239516404519026
1132,2,78,0.55,2,0.054733148304309746,0.13870218032166642
1132,2,79,0.55,8,0.03589461752986995,0.22849068881860812
1132,2,80,0.7000000000000001,10,0.0380178356689103,0.1977527196789321
1132,2,81,0.45,13,0.05316989745311714,0.20379650360179413
1132,2,82,0.45,6,0.042475936080874195,0.1837775295969557
1132,2,83,0.6000000000000001,12,0.05606253033329552,0.19890542448957316
1132,2,84,0.8,2,0.026050007861997567,0.11842013720918136
1132,2,85,0.7000000000000001,16,0.04700796399903841,0.2043253111170133
1132,2,86,0.55,6,0.02190324994866181,0.2128543802098334
1132,2,87,0.5,8,0.04774589164246447,0.20104961509412728
1132,2,88,0.7000000000000001,14,0.05172369392074343,0.2009954224103145
1132,2,89,0.75,8,0.022253704941008163,0.13834421807988445
1132,2,90,0.55,7,0.038500347011902615,0.17915221341755316
1132,2,91,0.75,9,0.04462822479774212,0.17537104382440147
1132,2,92,0.6000000000000001,13,0.04027519106144986,0.19615658649716716
1132,2,93,0.9,10,0.06047355366862649,0.19425243432261288
1132,2,94,0.30000000000000004,4,0.03571525438221486,0.17478203076607
1132,2,95,0.45,15,0.03336498592933826,0.20624226780446991
1132,2,96,0.8500000000000001,9,0.040418422443806244,0.17246541146947333
1132,2,97,0.8500000000000001,8,0.035830815297565634,0.1751746382585742
1132,2,98,0.65,9,0.053002833630389275,0.19640931362070554
1132,2,99,0.75,8,0.01670667732302733,0.2204592377445373
1132,2,100,0.65,10,0.053933175000134045,0.22142927551610522
1132,2,101,0.9500000000000001,2,0.018770146722785323,0.15429369448055308
1132,2,102,0.65,12,0.05410295087973946,0.22738849754539656
1132,2,103,0.5,12,0.05000380452006176,0.19505522141431986
1132,2,104,0.6000000000000001,9,0.029310878294346757,0.19278569304216756
1132,2,105,0.65,10,0.040997722722046014,0.1843747986039198
1132,2,106,0.4,9,0.043460443685380525,0.21661959984976967
1132,2,107,0.75,6,0.05520064179729559,0.22999686470100178
1132,2,108,0.8500000000000001,9,0.05347838752434044,0.18745459909747708
1132,2,109,0.35000000000000003,8,0.04012529111527595,0.21401273979393415
1132,2,110,0.9500000000000001,5,0.028866036302812904,0.14210255366792718
1132,2,111,0.75,7,0.06848851025338863,0.19796241721998273
1132,2,112,0.4,9,0.043209531452550944,0.2242687798085237
1132,2,113,0.30000000000000004,9,0.05061924544217815,0.2199528870702442
1132,2,114,0.45,13,0.04295478850227134,0.2024541381566061
1132,2,115,0.6000000000000001,10,0.048882060972299204,0.20004412609976296
1132,2,116,0.7000000000000001,9,0.04487068585704876,0.2349221541081132
1132,2,117,1.0,12,0.05298199721952307,0.20957102435644162
1132,2,118,0.6000000000000001,12,0.05379147494245701,0.2219669774112145
1132,2,120,0.7000000000000001,17,0.0331948099719849,0.20139003463646848
1132,2,121,0.55,8,0.048506710835379205,0.23863492787688184
1132,2,122,0.6000000000000001,5,0.04240609061132905,0.1823974267895375
1132,2,123,0.9,4,0.07591642423223066,0.1852914201632903
1132,2,124,0.6000000000000001,10,0.05806357156377282,0.17807805303817761
1132,2,125,0.55,12,0.05576381736795979,0.20449557240906122
1132,2,126,0.5,11,0.04545779631722292,0.18529556874082287
1132,2,127,0.75,14,0.05598721492685714,0.19704567652014968
1132,2,128,0.6000000000000001,14,0.036036953877363,0.2234116604580793
1132,2,129,0.9500000000000001,10,0.0465994407292868,0.17543664203769763
1132,2,130,0.6000000000000001,15,0.052306130045998066,0.21992214791828246
1132,2,131,0.8500000000000001,4,0.0722657739909416,0.17520727892506163
1132,2,132,0.75,11,0.049840551386954104,0.1823860591953993
1132,2,133,0.7000000000000001,11,0.03649727630333085,0.17735884298338045
1132,2,134,0.75,6,0.03696064831624637,0.1582610070370218
1132,2,135,0.75,8,0.0532215690150515,0.19883087963749638
1132,2,136,0.9,9,0.04392794034509894,0.17148969364752145
1132,2,137,0.7000000000000001,8,0.04830151995777713,0.20748068657861543
1132,2,138,0.9,9,0.0559187481152507,0.18183189224977514
1132,2,139,0.7000000000000001,13,0.03946169393322751,0.19422572189526527
1132,2,140,0.8500000000000001,9,0.04377481202203057,0.16986379587005696
1132,2,141,0.8,8,0.06819581738730172,0.20147038286961494
1132,2,142,0.8500000000000001,5,0.05870729539266122,0.1607119924843333
1132,2,143,0.7000000000000001,11,0.05655541164519079,0.1788720404396487
1132,2,144,0.8500000000000001,13,0.04381056777087672,0.22098820228086546
1132,2,145,0.8,5,0.04753214264629483,0.17779603456514514
1132,2,146,0.4,5,0.06831598225829011,0.221812512898277
1132,2,147,0.9500000000000001,11,0.06776580572539151,0.20283159549429872
1132,2,148,0.9,14,0.04044801626132343,0.23137794898971656
1132,2,149,0.65,13,0.04173560026909217,0.20339727339710884
1132,2,150,0.75,12,0.05184609081038248,0.20896541147689798
1132,2,151,0.45,6,0.038652079768762324,0.22010412152344502
1132,2,152,0.5,6,0.057985581130953555,0.20431179428587054
1132,2,153,0.5,8,0.047676512748432806,0.20354908249458645
1132,2,154,1.0,16,0.05026580305867212,0.21538347740784358
1132,2,155,0.45,14,0.04355880185920947,0.19644187084486245
1132,2,156,0.9,10,0.06688272975725644,0.1992205067015719
1132,2,157,0.7000000000000001,11,0.05011497239803018,0.22077441548828733
1132,2,158,0.65,6,0.029294395140931996,0.1597523619194194
1132,2,159,0.4,11,0.030743415760206363,0.20867275689652223
1132,2,160,0.9,6,0.036660501518717914,0.1593007454344008
1132,2,161,0.6000000000000001,16,0.044079027337651074,0.21033494088539303
1132,2,162,0.45,9,0.056821465653842204,0.2167309941705199
1132,2,163,0.9,14,0.03544092238510948,0.19398557899224098
1132,2,164,0.9,10,0.0429626537704578,0.18603821244647192
1132,2,167,0.8,10,0.04176716479813223,0.21262733737529502
1132,2,168,0.25,8,0.04621366312066448,0.22323475271002086
1132,2,169,0.6000000000000001,4,0.011624643247830203,0.1963811119235636
1132,2,170,0.35000000000000003,8,0.035238445195990696,0.209501583251906
1132,2,172,0.75,16,0.047938715804800885,0.21663682826728747
1132,2,173,0.35000000000000003,8,0.038057663185162766,0.22325232497633743
1132,2,174,0.65,7,0.04202221315206657,0.15828491739921907
1132,2,175,0.8500000000000001,11,0.05516884656000448,0.1993013599389071
1132,2,177,1.0,10,0.06277757377268674,0.19314933812906482
1132,2,178,0.7000000000000001,13,0.05710324069333614,0.20263318975685152
1132,2,179,0.65,14,0.05925707437056407,0.19200301456584573
1132,2,180,0.75,12,0.035951040991482636,0.20099600192760472
1132,2,182,0.45,9,0.050792934873786,0.18694801807593942
1132,2,184,0.4,11,0.05011363207286757,0.22737865579136357
1132,2,185,0.9500000000000001,6,0.05528660381937928,0.17747327816753078
1132,2,187,0.6000000000000001,11,0.05521234858087193,0.19497496406590423
1132,2,189,0.7000000000000001,11,0.039471748936200014,0.2048444253369956
1132,2,191,0.55,15,0.053560032406249146,0.21603311285181348
1132,2,200,0.6000000000000001,12,0.04397595287408163,0.1928180617999007
1132,2,201,0.5,11,0.038824810473735996,0.2121133715563837
1132,2,203,0.75,9,0.038383321074649736,0.21234196363452468
1132,2,204,0.6000000000000001,17,0.05246398161327876,0.2049764497580213
1132,2,205,0.8,10,0.0664067527449846,0.19567927998233267
1132,2,206,0.8,15,0.04063707045972695,0.20463184430027873
1132,2,208,0.65,14,0.0637019569150216,0.20430008433321886
1132,2,211,0.65,14,0.047131229012597406,0.21753506983588064
1132,2,212,0.6000000000000001,10,0.045185657773067635,0.21367474515166154
1132,2,214,0.45,6,0.028153133156581085,0.2094461292643843
1132,2,215,0.65,12,0.05268581407431438,0.20779371268979538
1132,2,219,0.35000000000000003,11,0.04935551821056543,0.20007597835619
1132,2,220,0.45,11,0.038789628537082656,0.1928845048992235
1132,2,222,0.4,5,0.024889713592138776,0.21496694635317098
1132,2,228,0.55,16,0.046332011554363166,0.2008436952933039
1132,2,232,0.35000000000000003,8,0.03868150082194833,0.2163560475303585
1132,2,238,0.5,12,0.041655959803807416,0.21369631021470759
1132,2,248,0.4,12,0.04210702191712407,0.21364011911349998
1132,2,253,0.4,9,0.04756022072758146,0.23959539868856647
1132,2,255,0.5,6,0.047834155081759124,0.241911317257564
1132,2,257,0.45,8,0.04006704761352121,0.1671717731555425
1132,2,258,0.45,10,0.04287214566412735,0.22334690605943236
1132,2,262,0.5,8,0.04061826755620341,0.22002957843590593
1132,2,274,0.45,8,0.052275691432545984,0.2215182728014547
1132,2,298,0.5,8,0.03466914237125965,0.2191649774324939
1132,2,300,0.55,11,0.026164748783191572,0.18777167957011695
1132,2,324,0.35000000000000003,11,0.034720548263217375,0.19323757967813657
1132,2,329,0.55,10,0.04149968813850513,0.22611305784414554
1132,2,331,0.5,10,0.03771903042593638,0.21881578999736098
1132,2,352,0.55,5,0.041913440678874175,0.23033987692093572
1132,2,364,0.55,11,0.03487331184650284,0.20459864713454579
1132,2,383,0.4,11,0.0448060735886601,0.21581234151058126
1132,2,392,0.30000000000000004,10,0.02720560838248408,0.21724168772593022
1132,2,403,0.5,11,0.03339582805737203,0.1962271691957323
1132,2,412,0.45,9,0.0351887984407734,0.19980628380879864
1132,2,423,0.65,10,0.04413466644117401,0.21883903471667385
1132,2,428,0.75,5,0.027502776339548306,0.23257966318702378
1132,2,433,0.5,8,0.051331681801334794,0.19556583595608518
1132,2,449,0.45,11,0.053505190026563114,0.21425158068180644
1132,2,458,0.45,8,0.035690317102656154,0.1938037971617207
1132,2,468,0.4,10,0.018732489949747865,0.21069282110649276
1132,2,469,0.4,7,0.03918895289916396,0.24721378236041977
1132,2,476,0.45,10,0.052696563345626675,0.19720505382720574
1132,2,500,0.4,11,0.03880207096175828,0.20716724742367704
1132,2,504,0.5,11,0.04237938344694516,0.21353917588730742
1132,2,505,0.5,15,0.04739765161985099,0.20858236509727934
1132,2,507,0.5,11,0.02911392984187305,0.21132137927873754
1132,2,508,0.6000000000000001,13,0.04524406183631143,0.194609104658903
1132,2,515,0.45,9,0.021555676190858512,0.20755172630538438
1132,2,523,0.5,13,0.02845868521229856,0.20263159196639374
1132,2,537,0.5,13,0.05775663664017933,0.20729726785489505
1132,2,540,0.5,8,0.04923183692549655,0.20763085715869362
1132,2,545,0.4,11,0.040646496076078224,0.22112619611039863
1132,2,546,0.55,10,0.05389048551368241,0.22281113168817904
1132,2,550,0.4,13,0.05439768374349026,0.21010844826617722
1132,2,556,0.45,7,0.047406556474302856,0.20709532350788942
1132,2,557,0.4,9,0.042906464634221486,0.22292921473981434
1132,2,569,0.5,8,0.0653042286321365,0.23306788288852395
1132,2,577,0.30000000000000004,9,0.03868042349586632,0.19303409654101258
1132,2,588,0.7000000000000001,12,0.043135830629845266,0.2214151629746273
1132,2,601,0.5,13,0.036606460677964345,0.20773534231653368
1132,2,628,0.45,14,0.047529803104323025,0.20152875889017757
1132,2,630,0.65,13,0.047616996737377314,0.19817767321763602
1132,2,643,1.0,13,0.03914889584175778,0.21091486850167498
1133,3,0,0.45,9,0.035092445539192274,0.223786327085699
1133,3,1,0.7000000000000001,9,0.03672564878682726,0.2266548109718324
1133,3,2,0.8,13,0.026025321482095725,0.22307606666743404
1133,3,3,0.8500000000000001,16,0.031021182436512255,0.24709203922836592
1133,3,4,0.5,9,0.03505280276531231,0.22480918632537017
1133,3,5,0.65,7,0.026302279607971765,0.24299000010016833
1133,3,6,0.8500000000000001,3,0.09557333850316198,0.19317871687159383
1133,3,7,0.9,14,0.048479851068147235,0.2176113420036088
1133,3,8,1.0,7,0.02623956257994338,0.23282941100602647
1133,3,9,0.65,9,0.031923145698542335,0.2093235896220228
1133,3,10,0.9,7,0.05357028846313935,0.20592523907306864
1133,3,11,0.75,11,0.039604796574412376,0.2387759359080321
1133,3,12,0.6000000000000001,10,0.023961056657645325,0.2507630997929503
1133,3,13,0.5,11,0.037616858885903215,0.237977141264985
1133,3,14,0.8,8,0.05413428697037204,0.2078041433105584
1133,3,15,0.5,10,0.026151480276311135,0.24454165273335843
1133,3,16,0.8,2,0.10759434873618477,0.17608069360870648
1133,3,17,0.8500000000000001,14,0.030697202321991728,0.2242646498406081
1133,3,18,0.8500000000000001,20,0.04120920196746735,0.2288613122373555
1133,3,19,0.7000000000000001,12,0.03179418608045636,0.22587272540851697
1133,3,20,0.55,10,0.03283024261690229,0.22061538994396807
1133,3,21,0.45,12,0.03689616395786026,0.23398938503333697
1133,3,22,0.6000000000000001,12,0.032429151412561426,0.23419509186008755
1133,3,23,0.7000000000000001,17,0.03159822706116404,0.22954683842814602
1133,3,24,0.55,12,0.027097866214225975,0.22538366851831412
1133,3,25,0.9,13,0.028091279615992525,0.21614159045156178
1133,3,26,0.75,6,0.035543489403270644,0.22183377848412436
1133,3,27,0.9,10,0.047367435544029855,0.2463324228103742
1133,3,28,0.75,12,0.05185588455381526,0.21702784046854062
1133,3,29,0.6000000000000001,14,0.03644657588400523,0.23848841015731656
1133,3,30,0.7000000000000001,11,0.04090784601490551,0.23492802378150052
1133,3,31,0.4,6,0.029853744668367363,0.20088930259547177
1133,3,32,0.4,11,0.03494506928561923,0.2354820880670088
1133,3,33,0.55,12,0.032590158968163335,0.230288719561635
1133,3,34,0.75,12,0.05113495507869745,0.2231947095798804
1133,3,35,0.9500000000000001,10,0.058651680481560255,0.22266058353945462
1133,3,36,0.6000000000000001,9,0.028419674204290493,0.23182322984060078
1133,3,37,0.9500000000000001,12,0.0370273522317968,0.2273590815918457
1133,3,38,0.8,6,0.04980336777509543,0.18339417921640935
1133,3,39,0.45,7,0.027553213409950244,0.21780281151573666
1133,3,40,0.30000000000000004,10,0.031254363950656776,0.24182202254453541
1133,3,41,0.5,16,0.04903080233029602,0.21374072453221654
1133,3,42,0.5,7,0.01611729971787142,0.2559915174593668
1133,3,43,0.4,10,0.027763305511724404,0.23069171347539325
1133,3,44,0.8,12,0.042452147324242163,0.22248953434522775
1133,3,45,0.7000000000000001,13,0.038549482024830314,0.2200817744327469
1133,3,46,0.55,14,0.03977695875132249,0.22937460781707578
1133,3,47,0.4,12,0.03561006356163979,0.22707129516476096
1133,3,48,0.55,6,0.037838165101572695,0.23505074011732718
1133,3,49,0.4,11,0.038213402818756285,0.2498876798875943
1133,3,50,1.0,13,0.03563604382662854,0.21770614526636353
1133,3,51,0.7000000000000001,15,0.052209247068288035,0.2204373753853281
1133,3,52,0.9,11,0.038784635991517734,0.22970754279226588
1133,3,53,0.55,12,0.030292664653169463,0.2346698099398249
1133,3,54,0.55,19,0.048044099579120425,0.22829442897084617
1133,3,55,0.9500000000000001,11,0.053141260216857944,0.22089454265452105
1133,3,56,0.9,14,0.03903064228752607,0.23565062935800696
1133,3,57,0.8500000000000001,11,0.047857205308210124,0.21588534873372806
1133,3,58,0.6000000000000001,16,0.03423986749035107,0.2255968821110105
1133,3,59,0.55,14,0.03838903799975514,0.24101184406218581
1133,3,60,0.9500000000000001,16,0.03348443309453827,0.2428384125932491
1133,3,61,0.8500000000000001,12,0.02972329956765362,0.23174084519890467
1133,3,62,1.0,9,0.05263141943874632,0.21057510508269178
1133,3,63,0.4,8,0.03379080308916138,0.22843073686904058
1133,3,64,0.8,12,0.03420469858501934,0.2594123172034159
1133,3,65,0.45,13,0.024670617362655613,0.25045466801000904
1133,3,66,0.5,19,0.03740551668249586,0.23831181649220695
1133,3,67,0.9,11,0.04974061369489988,0.22284828232723333
1133,3,68,0.55,13,0.03670992555174506,0.22165237902066365
1133,3,69,0.6000000000000001,17,0.0371605335142752,0.20318949356205293
1133,3,70,0.55,10,0.031694031948250205,0.2262732249191687
1133,3,71,0.65,13,0.051783975025418344,0.21786069287151036
1133,3,72,0.45,10,0.041829495087301403,0.22150041666067696
1133,3,73,0.5,13,0.039686807092805414,0.23788562302331287
1133,3,74,0.35000000000000003,6,0.0328999178197436,0.22008218070020902
1133,3,75,0.9500000000000001,11,0.031386421808132815,0.22618509041254278
1133,3,76,0.55,11,0.03510437427307092,0.21380476546658553
1133,3,77,0.45,13,0.03875192718568817,0.23674329623456483
1133,3,78,0.9,10,0.055184830068131414,0.21983386348144657
1133,3,79,0.55,15,0.04858367207873058,0.21502542792419382
1133,3,80,0.6000000000000001,6,0.059608062930205666,0.19839926921486126
1133,3,81,0.75,11,0.05281543397143553,0.21833020846735665
1133,3,82,0.45,9,0.058760312438609054,0.211603677497875
1133,3,83,0.9500000000000001,17,0.03739023440062694,0.2272814436006041
1133,3,84,0.9500000000000001,14,0.048793746427016046,0.22288497329488727
1133,3,85,0.4,11,0.03685349812498697,0.2287401775671504
1133,3,86,0.8500000000000001,16,0.02915300389690702,0.22993074869458574
1133,3,87,0.5,12,0.037858157760132495,0.23135077495007306
1133,3,88,0.55,16,0.0356067471520661,0.23633874296892435
1133,3,89,1.0,8,0.043123527509512566,0.22217193843320987
1133,3,90,0.55,2,0.020069651851101326,0.21883523056154486
1133,3,92,0.6000000000000001,12,0.030234426594262984,0.2355994605248727
1133,3,93,0.5,15,0.05339750989036338,0.22225916805676724
1133,3,94,0.9500000000000001,7,0.04462609455086658,0.1864385883697816
1133,3,95,0.65,11,0.03772699692879334,0.21861484020841546
1133,3,96,0.45,10,0.05398420894425924,0.21180733229524806
1133,3,97,0.55,7,0.02631196611405704,0.229572053074333
1133,3,98,0.4,9,0.04267895118301517,0.22364904985060466
1133,3,99,0.7000000000000001,14,0.023836960259624045,0.24437050435689578
1133,3,100,0.75,13,0.027296238612937142,0.22192793032799704
1133,3,101,0.6000000000000001,9,0.046905898825879234,0.22198500222164758
1133,3,102,0.35000000000000003,11,0.04114988823322944,0.20344118530753486
1133,3,103,0.7000000000000001,8,0.033470858231271966,0.2508454794720272
1133,3,104,0.7000000000000001,9,0.054715158909335364,0.22048543611309387
1133,3,105,0.45,9,0.03669484540137563,0.24404956568755423
1133,3,106,1.0,7,0.023093096677380708,0.228438603213087
1133,3,107,0.8,14,0.0308906724421419,0.22751667008850318
1133,3,108,0.75,13,0.03070104726128097,0.2141026609768287
1133,3,109,0.9,13,0.05339930204303331,0.2150062145703586
1133,3,110,0.7000000000000001,12,0.03617867904253184,0.24043725503508637
1133,3,112,1.0,12,0.033972230426634165,0.22329369502727411
1133,3,113,0.35000000000000003,15,0.037620502830931234,0.2464040004633703
1133,3,114,0.7000000000000001,11,0.0570152580315745,0.22709001748803856
1133,3,115,0.7000000000000001,16,0.035373083279904835,0.2444119883581139
1133,3,116,0.65,13,0.03391973362035179,0.2221684920058022
1133,3,117,0.9500000000000001,16,0.05180785755329771,0.22923688699154546
1133,3,118,0.75,7,0.035579170059593886,0.2111057774481034
1133,3,119,0.5,10,0.03098595970099734,0.2269731906804354
1133,3,120,0.5,16,0.0362548585747321,0.2394033292502466
1133,3,121,0.6000000000000001,10,0.0495040996000922,0.23521052578457372
1133,3,122,0.8,7,0.036011907511070224,0.25356118924458854
1133,3,123,0.5,6,0.047950554035993555,0.22049827509924533
1133,3,125,0.9,2,0.034507629350201394,0.21530157553393547
1133,3,126,0.7000000000000001,10,0.03590752879895692,0.23433002055315102
1133,3,127,0.45,15,0.03000438647776955,0.24027582356900337
1133,3,128,0.8,20,0.03416863665239737,0.24060306229465636
1133,3,129,0.45,12,0.02441487530611352,0.236745751504056
1133,3,131,0.9500000000000001,13,0.05111463604871123,0.22645503447525
1133,3,132,0.55,14,0.03607056491312075,0.23346426889180588
1133,3,133,0.9500000000000001,12,0.0574538508173807,0.23114518478539522
1133,3,134,0.45,12,0.03383041945278361,0.23435250239939712
1133,3,135,0.45,9,0.054252118339034885,0.23941674453659456
1133,3,136,0.7000000000000001,9,0.03150234308196855,0.22227947397452244
1133,3,137,0.55,17,0.032897419135296875,0.23985598191537227
1133,3,138,0.55,12,0.03340343857817143,0.23347985656389636
1133,3,139,0.9500000000000001,12,0.03427149314205249,0.23946424151202636
1133,3,140,0.6000000000000001,13,0.02417211602947328,0.23319252697316967
1133,3,141,0.5,10,0.04087534699954027,0.22862116967612192
1133,3,143,0.45,11,0.05520363882810729,0.21680192301900714
1133,3,144,0.9,11,0.034021868759652636,0.24118769302873855
1133,3,145,0.75,11,0.037942478528664496,0.23217169771883486
1133,3,146,0.65,13,0.0398233465523644,0.23121257868091682
1133,3,147,0.8500000000000001,7,0.05048216027181224,0.1901734070754598
1133,3,149,0.8500000000000001,13,0.034937857448096604,0.2300678856423219
1133,3,150,0.6000000000000001,9,0.03999310085958606,0.22275389978157067
1133,3,151,0.55,11,0.03857135860982197,0.22321880287349255
1133,3,152,0.45,10,0.03494224892886784,0.2284876606418972
1133,3,153,0.6000000000000001,11,0.04049139583594263,0.24066532665301804
1133,3,155,0.65,15,0.03741041993625763,0.2257681650081759
1133,3,157,1.0,6,0.03129685422484514,0.225922723854719
1133,3,158,0.9500000000000001,14,0.04630532847230226,0.21547788233553808
1133,3,159,0.65,13,0.03357350815783464,0.2304528732746099
1133,3,163,0.6000000000000001,14,0.03272296453297993,0.24179307660211555
1133,3,165,0.55,14,0.03686218647464711,0.22781676883068447
1133,3,166,0.35000000000000003,9,0.03246782811608674,0.2403547201438222
1133,3,168,0.5,15,0.05681806590200977,0.2249642135623554
1133,3,170,0.4,10,0.03818135401124786,0.22989239634420283
1133,3,172,0.45,11,0.03922323757941786,0.2502583685061105
1133,3,173,0.35000000000000003,8,0.0465256553847369,0.22989077535526842
1133,3,188,0.45,8,0.034548642555912994,0.24912821821654854
1133,3,199,0.4,8,0.027901423325215793,0.2462709938183645
1133,3,203,0.55,14,0.03708546131192238,0.23445883537375262
1133,3,206,0.5,13,0.034036504447167784,0.22582862412531624
1133,3,210,0.4,9,0.037627737810063754,0.21840173784505518
1133,3,212,0.55,15,0.03329328836070957,0.23007097764300857
1133,3,222,0.55,8,0.026541709312983882,0.25187996396108103
1133,3,224,0.8,11,0.037164387709838244,0.23320744606486263
1133,3,245,0.35000000000000003,12,0.02308319560600117,0.256158783536934
1133,3,249,0.75,11,0.0462925853856964,0.2348707786087263
1133,3,251,0.4,7,0.030554512175405273,0.23829379032247563
1133,3,258,0.35000000000000003,9,0.03905599625418429,0.2485522099637515
1133,3,260,0.5,12,0.038090788669216405,0.22610764354306223
1133,3,265,0.5,10,0.05520377242746214,0.2147036531962304
1133,3,266,0.75,13,0.05121464010574884,0.23149043861973312
1133,3,271,0.35000000000000003,9,0.031484620549716,0.22455314222487394
1133,3,273,0.5,13,0.04176401244126194,0.24487822733302156
1133,3,276,0.55,7,0.017771910275600555,0.25740263398266344
1133,3,278,0.35000000000000003,9,0.048548445435974454,0.22175193723476427
1133,3,286,0.4,12,0.029109220423131143,0.21787785250007355
1133,3,294,0.45,12,0.03440943525950754,0.23835729504230366
1133,3,299,0.55,15,0.028242947836171407,0.2303001663068383
1133,3,306,0.35000000000000003,10,0.031087306281288033,0.24325129743501792
1133,3,307,0.30000000000000004,7,0.03533013873094793,0.25191482981534274
1133,3,311,0.4,10,0.031135804146574277,0.22901525914123705
1133,3,314,0.65,14,0.040064791157541614,0.2367268497337299
1133,3,315,0.7000000000000001,12,0.03194888740469372,0.23999473092837773
1133,3,316,0.45,14,0.035288794939889394,0.23029057268775885
1133,3,332,0.5,8,0.038117226624036375,0.24058535994536528
1133,3,340,0.4,8,0.01399095755562329,0.25355913359671056
1133,3,343,0.30000000000000004,3,0.03207995551729756,0.22667961847405674
1133,3,346,0.5,13,0.046629463944895304,0.21688113314620355
1133,3,354,0.8,10,0.032554325274362056,0.236942054740215
1133,3,371,0.55,15,0.03296732009326754,0.24515025980383065
1133,3,373,0.65,14,0.038060758995325586,0.24291831186182433
1133,3,377,0.45,10,0.04301200653276922,0.23442846524999225
1133,3,378,0.5,7,0.03680542924240897,0.2346004889218276
1133,3,382,0.45,9,0.04612910349354836,0.23952743731754525
1133,3,385,0.5,14,0.04183687450384438,0.23476961448613928
1133,3,416,0.7000000000000001,13,0.046682831789988624,0.21996881414520433
1133,3,419,0.5,11,0.05638667780787837,0.2130691373982669
1133,3,422,0.45,5,0.06329388779543918,0.2062604248701224
1133,3,433,0.45,10,0.03689240649515625,0.22711771193559732
1133,3,439,0.55,17,0.03516191953145122,0.2498051609268094
1133,3,441,0.30000000000000004,5,0.047640317016574354,0.2473341645579119
1133,3,459,0.45,7,0.03037439169343472,0.24604772334850736
1133,3,463,0.6000000000000001,9,0.0451830238619101,0.23080212495312352
1133,3,469,0.5,7,0.03328536679854137,0.2460083313141095
1133,3,472,0.55,14,0.033644129735162655,0.24285081991324625
1133,3,491,0.6000000000000001,8,0.04057277149511252,0.23793237943007858
1133,3,504,0.5,17,0.03053886958265713,0.22085866364258847
1133,3,506,0.5,10,0.035329508406674905,0.24520572683613473
1133,3,513,0.55,9,0.0385902921735619,0.23538451890776083
1133,3,517,0.5,11,0.036723305034433516,0.2387783450207067
1133,3,544,0.45,13,0.03222854395633252,0.24133191819091382
1133,3,561,0.55,15,0.033604363971829754,0.22695865599263523
1133,3,562,0.45,14,0.032566410060672096,0.2355573195674279
1133,3,566,0.5,11,0.04390562540564544,0.23603597581914523
1133,3,583,0.5,14,0.0393707533058083,0.24428329178539018
1133,3,601,0.4,6,0.03137145581304891,0.21708266617828187
1133,3,617,0.5,6,0.04821122777109088,0.2370311472037376
1133,3,623,1.0,5,0.029361568518940055,0.2665956537855464
1133,3,624,0.5,9,0.021683245826721997,0.22864370867048273
1134,4,0,1.0,13,0.05883693703230732,0.1955797010425458
1134,4,1,0.75,11,0.05155643892106632,0.18841910920382252
1134,4,2,0.55,14,0.06058548006385547,0.188686058335632
1134,4,3,0.65,12,0.05148623115106624,0.19882976642436342
1134,4,4,0.55,10,0.05299889156198523,0.20910293060321777
1134,4,5,0.55,14,0.04406256544456169,0.2052401108010884
1134,4,6,0.55,15,0.04032348925306029,0.2176687842465306
1134,4,7,0.45,10,0.04428890737637988,0.19556263258867307
1134,4,8,0.55,12,0.035257129249470845,0.20260261060454918
1134,4,9,0.7000000000000001,12,0.03108550147660492,0.21773056953309644
1134,4,10,0.55,9,0.022747586315890002,0.23463119450139702
1134,4,11,0.9,8,0.05157150618430975,0.22210052711514638
1134,4,12,0.4,12,0.05014111269143642,0.2300697634183743
1134,4,13,0.7000000000000001,16,0.05694288268192111,0.19472884154212233
1134,4,14,1.0,9,0.0546552164871303,0.1911445233230612
1134,4,15,0.75,9,0.04537583168471935,0.23457144771033367
1134,4,16,0.55,9,0.03202914131150495,0.2072258604090873
1134,4,17,0.65,9,0.05708247812675143,0.17489711797420332
1134,4,18,0.55,13,0.04294819889752528,0.18722543496587346
1134,4,19,0.8500000000000001,3,0.017932705567240446,0.16007235902995803
1134,4,20,0.4,10,0.047318425376885985,0.1789002506738133
1134,4,21,0.6000000000000001,15,0.0472673279484499,0.2127707781236071
1134,4,22,0.65,3,0.03837865418222367,0.1598180649192754
1134,4,23,0.9,9,0.049558671832271806,0.2026836554634165
1134,4,24,0.7000000000000001,10,0.04662962750497219,0.18623763013707414
1134,4,25,0.9,7,0.054390844388185235,0.19824281898828197
1134,4,26,0.9500000000000001,8,0.05462688407106433,0.15635282139365364
1134,4,27,0.75,11,0.053325227299464366,0.20119644679651136
1134,4,28,0.9,11,0.03818231481491077,0.2150107033378603
1134,4,29,0.5,11,0.045569456457631045,0.21359728658912405
1134,4,30,0.5,10,0.03526434107050866,0.1798998645396728
1134,4,31,0.9500000000000001,16,0.05802021276092612,0.19592221632629636
1134,4,32,0.9500000000000001,7,0.06503645667158346,0.23377195899598216
1134,4,33,0.7000000000000001,20,0.049268476585530845,0.21343281517020793
1134,4,34,0.6000000000000001,15,0.043009708128092856,0.2146012644937733
1134,4,35,0.75,11,0.06101712103926197,0.19766647410091587
1134,4,36,0.8,12,0.04672910251343788,0.20404609478648217
1134,4,37,0.55,14,0.043008502110518,0.19338860711440514
1134,4,38,0.7000000000000001,11,0.05094426726189665,0.17585081897526167
1134,4,39,0.55,13,0.040264354506603976,0.1937121711545685
1134,4,40,0.6000000000000001,11,0.04460469701605965,0.20801977613752057
1134,4,41,0.45,11,0.03989012681284308,0.2003133319665273
1134,4,42,0.65,14,0.04237323328826215,0.20842266816277402
1134,4,43,0.55,7,0.06513633530237539,0.24010906175762017
1134,4,44,0.7000000000000001,13,0.04285642616037824,0.20344259928771963
1134,4,45,0.45,11,0.0465533025129038,0.18768470728519124
1134,4,46,0.45,10,0.03872270161040503,0.21963808209331495
1134,4,47,0.7000000000000001,12,0.036774570237737766,0.1864309482523275
1134,4,48,0.8500000000000001,11,0.06344109050441983,0.20186483068790342
1134,4,49,0.35000000000000003,8,0.026914088347425674,0.22011423275452802
1134,4,50,0.45,11,0.04362279022666129,0.2138415513723042
1134,4,51,0.8500000000000001,9,0.04648049777556635,0.16898123863436265
1134,4,52,0.8500000000000001,10,0.04275564161887284,0.1839956408399504
1134,4,53,0.75,7,0.05796527732006568,0.21290577492857224
1134,4,54,0.45,11,0.047394126260662764,0.20340745164297278
1134,4,55,0.7000000000000001,11,0.04397444655969851,0.18791221243259537
1134,4,56,0.7000000000000001,12,0.042437226680138454,0.20109526408990955
1134,4,57,0.8500000000000001,9,0.039404471907816485,0.19172511934894657
1134,4,58,0.75,3,0.040818611766550515,0.12616767478600385
1134,4,59,0.5,10,0.05614341923118033,0.19893957100184712
1134,4,60,0.75,9,0.04196863905947375,0.18354121889941655
1134,4,61,0.8,10,0.049877364633718745,0.21976362229763918
1134,4,62,0.7000000000000001,13,0.04845226760751801,0.19936483663151233
1134,4,63,1.0,11,0.03350515293061707,0.19594134785419384
1134,4,64,0.7000000000000001,14,0.041507404827202464,0.2056102695700434
1134,4,65,0.8500000000000001,5,0.039399410167584505,0.16850293527266796
1134,4,66,0.9500000000000001,9,0.056038025849234785,0.17723044161262225
1134,4,67,0.7000000000000001,8,0.05750572483762122,0.18745604152674805
1134,4,68,1.0,10,0.05949615514747794,0.22787821480869472
1134,4,69,0.65,8,0.062352927252554126,0.17721500596290174
1134,4,70,0.35000000000000003,6,0.049444153564200385,0.2273847331007631
1134,4,71,0.7000000000000001,16,0.052848934003030514,0.20532320275339153
1134,4,72,0.65,11,0.05239415139178906,0.21518786225066663
1134,4,73,0.75,2,0.06936865177774415,0.14905104407381115
1134,4,74,0.4,8,0.034082146453904706,0.2287859978839839
1134,4,75,0.45,8,0.028349721114911408,0.21288500626068985
1134,4,76,0.6000000000000001,2,0.04905741595281323,0.13468883148772337
1134,4,77,0.55,5,0.045560390768918026,0.23503533731028528
1134,4,78,0.65,11,0.04744424605915682,0.21014465994137635
1134,4,79,0.8,11,0.05599732197824748,0.18924280431108642
1134,4,80,0.8,19,0.050074200776514755,0.21000132615358202
1134,4,81,0.9,5,0.040605271220317166,0.13791970111715218
1134,4,82,0.5,8,0.06069990801841271,0.21617426161764408
1134,4,83,0.5,11,0.0454334004629415,0.21736016095483163
1134,4,84,1.0,10,0.048778559581435156,0.21424818495030057
1134,4,85,0.35000000000000003,8,0.025901421606959053,0.19267684718831257
1134,4,86,1.0,9,0.04543904932928204,0.15216747741633607
1134,4,87,0.5,12,0.05556171520553194,0.2041810898503336
1134,4,88,1.0,8,0.06139656621472174,0.19346818004996472
1134,4,89,0.75,10,0.0478537752460655,0.1672268557749148
1134,4,90,0.75,14,0.038794162653128586,0.2322345465082507
1134,4,91,0.7000000000000001,9,0.06461549015487737,0.18820209745028457
1134,4,92,0.65,7,0.060414856252512104,0.18302255853403362
1134,4,93,0.45,13,0.040326859965742555,0.22239584580314944
1134,4,94,0.55,3,0.00923028452691413,0.12565812072470675
1134,4,95,0.75,9,0.05587588833532556,0.20236896427130827
1134,4,96,0.8,9,0.041012578054359435,0.18346970845292773
1134,4,97,0.75,11,0.03940097460321709,0.18680761220199515
1134,4,98,0.6000000000000001,10,0.04804542671770456,0.18029412462462066
1134,4,99,0.7000000000000001,9,0.03905435061324982,0.20242512946949726
1134,4,100,0.75,8,0.02573321251159131,0.22600472107742067
1134,4,101,0.9,3,0.04192267151914432,0.1731348277657796
1134,4,102,0.65,11,0.0382338033868112,0.23708445428028344
1134,4,103,0.75,7,0.04853542843890195,0.23448208358186973
1134,4,104,0.55,6,0.021941528857742223,0.2233618606784892
1134,4,105,0.8,2,0.043732245123945475,0.1671787210639681
1134,4,106,0.75,14,0.0604639342106901,0.20971545821712861
1134,4,107,0.8,7,0.05567175631542134,0.16625847539258057
1134,4,108,0.55,14,0.059160754695761125,0.22147271368783603
1134,4,109,0.8,14,0.04420365504560511,0.20744793651011229
1134,4,110,0.75,16,0.035863645462656635,0.22271397759034375
1134,4,111,0.6000000000000001,14,0.0662670748228565,0.1818008684076586
1134,4,112,0.8500000000000001,7,0.047206343256209995,0.1759599239502785
1134,4,113,0.5,9,0.03249454340754203,0.232570268571477
1134,4,114,0.75,12,0.04737973173205128,0.215773940873862
1134,4,115,0.75,7,0.04674181313058432,0.17345508973878696
1134,4,116,0.9,11,0.04026477260714479,0.20453574945698375
1134,4,117,0.9500000000000001,10,0.05034330352283708,0.19644382680537112
1134,4,118,0.75,15,0.061058633662520734,0.1811224898276348
1134,4,119,0.4,6,0.040029939424428014,0.2475746674216721
1134,4,120,0.55,11,0.037248627249095466,0.17919578859090837
1134,4,121,0.8,11,0.06022854878861559,0.19839504429457555
1134,4,122,0.6000000000000001,7,0.04728839697002546,0.2176379095358349
1134,4,123,0.55,13,0.060192250434489857,0.20488385375870355
1134,4,124,1.0,9,0.05039252996813737,0.21770033683629514
1134,4,125,0.9500000000000001,11,0.052864343574608515,0.22106997060772574
1134,4,126,0.5,14,0.06733294545004874,0.19555659974040027
1134,4,127,0.5,11,0.04718471196444357,0.20586267124798877
1134,4,128,0.8500000000000001,6,0.07288837873185791,0.2220816739930943
1134,4,129,0.7000000000000001,12,0.04257260301392486,0.21725552153059766
1134,4,130,0.55,10,0.05976790604745812,0.1824206831976774
1134,4,131,0.8,11,0.05081960725142976,0.18615131591194256
1134,4,132,0.9500000000000001,11,0.058510380534767,0.19906694291332788
1134,4,133,0.6000000000000001,6,0.046681977784449304,0.16664391977986417
1134,4,134,0.9,10,0.041768940451337756,0.1609125749143072
1134,4,136,0.75,18,0.054693815241993925,0.19191770598022687
1134,4,138,0.55,13,0.04046645359570681,0.2058786335582464
1134,4,139,0.8500000000000001,7,0.026759706441528433,0.18236610042025628
1134,4,140,0.8,9,0.05522279370117187,0.1922569183293436
1134,4,141,0.65,11,0.05801021858358817,0.19896927686002516
1134,4,142,0.7000000000000001,11,0.041318491453839555,0.2026277846101947
1134,4,143,0.9500000000000001,12,0.05850874261415195,0.20443525186502873
1134,4,145,0.35000000000000003,7,0.045622140271101584,0.2255779557955082
1134,4,146,0.65,7,0.05618905710808932,0.1886137797766473
1134,4,148,0.8500000000000001,14,0.05777083229118776,0.21280547624692212
1134,4,149,0.45,8,0.04268646111802552,0.22678965256204664
1134,4,152,0.75,12,0.047149731169523604,0.1780631133510944
1134,4,153,0.55,12,0.047840115575155745,0.18235378309952965
1134,4,154,0.65,11,0.028004086900350375,0.22307525016938132
1134,4,155,0.8,11,0.03311040647999113,0.2199760979741667
1134,4,156,0.5,14,0.043150544597978194,0.2277092090072326
1134,4,157,0.8500000000000001,14,0.0607062626608361,0.20860174989352623
1134,4,158,0.8,3,0.05556491650966484,0.1436409549393248
1134,4,159,0.6000000000000001,11,0.05675913214224563,0.184310195139787
1134,4,161,0.6000000000000001,11,0.06222998661682134,0.19238057926496535
1134,4,162,0.6000000000000001,10,0.05661242255324948,0.23492457694049956
1134,4,164,0.5,11,0.03618273830859597,0.20798226138905251
1134,4,165,0.4,11,0.028368382709570532,0.22309712154589556
1134,4,166,0.65,15,0.058877478591665776,0.22096627409291505
1134,4,167,0.7000000000000001,12,0.047342380656554585,0.18452765248424075
1134,4,168,0.45,10,0.0404187231578093,0.17947045455343144
1134,4,169,0.4,12,0.0438373667989883,0.2214100567117935
1134,4,171,0.8500000000000001,13,0.05574486101810393,0.1880369786645487
1134,4,172,0.65,11,0.05881579093647691,0.19449778773262097
1134,4,174,0.6000000000000001,12,0.05411275229650103,0.20464780517687067
1134,4,175,0.75,6,0.056455415827981685,0.19598731742277561
1134,4,176,0.5,11,0.04082640938241855,0.20906644801675214
1134,4,180,0.55,9,0.0623357588870618,0.2205341652351388
1134,4,181,0.45,10,0.06414314054099254,0.21991586117467685
1134,4,182,1.0,13,0.041140373019739725,0.2069178507471965
1134,4,183,0.55,8,0.0330216193495736,0.2115144774847813
1134,4,184,0.45,11,0.03808594045094237,0.21987363870743967
1134,4,185,0.5,12,0.04699746283267342,0.21719750143286334
1134,4,186,0.55,11,0.04870007108217636,0.2161163747316324
1134,4,187,0.45,13,0.04177918510622006,0.20507673876904178
1134,4,188,0.7000000000000001,16,0.048414467808164885,0.21173985834200038
1134,4,189,1.0,8,0.04605653991063331,0.1755155814427215
1134,4,191,0.45,10,0.03506795936441662,0.19972034646665432
1134,4,192,0.65,8,0.05252657057107615,0.19015949834937645
1134,4,193,0.65,12,0.06684171072423956,0.19263322654426063
1134,4,195,1.0,15,0.0405476818004994,0.2192877832938556
1134,4,196,0.9500000000000001,13,0.04664750950087466,0.1793175661734211
1134,4,197,0.45,11,0.05843941864244528,0.19995768006724488
1134,4,198,0.4,10,0.038057446711643274,0.2244060384986757
1134,4,201,0.55,13,0.07268596681139847,0.19852933326238473
1134,4,202,0.5,12,0.04445481320240341,0.2356326082954744
1134,4,203,0.45,9,0.03756847931361976,0.22065213452230484
1134,4,204,1.0,11,0.05651018235046388,0.22664050415304707
1134,4,206,0.55,11,0.06382763092103304,0.19391283341490012
1134,4,208,0.65,11,0.04443068664845235,0.21563051642978542
1134,4,209,0.75,21,0.04655753928107549,0.20998569971641098
1134,4,211,0.8500000000000001,7,0.03385046217891037,0.18529552669428342
1134,4,212,0.7000000000000001,8,0.038218201564611275,0.2256359867222874
1134,4,213,1.0,6,0.04418463343535405,0.1487048739912509
1134,4,216,0.5,6,0.024571978503144458,0.20152840758235316
1134,4,218,0.6000000000000001,9,0.03483961787135444,0.1830504309268647
1134,4,219,0.65,13,0.04276494632630404,0.17344214783307726
1134,4,228,0.7000000000000001,15,0.04881630864861944,0.21846249530093484
1134,4,234,0.55,11,0.04592704893583088,0.21573601095418865
1134,4,244,0.45,10,0.03258526759332672,0.2382832292971627
1134,4,249,0.6000000000000001,9,0.04016591697408983,0.2229418735005446
1134,4,268,0.45,7,0.022663883111181046,0.24870978399632201
1134,4,279,0.4,7,0.024291549826143358,0.1974393468766349
1134,4,289,0.45,12,0.05029017836868898,0.2296618473137407
1134,4,309,0.45,8,0.02809182800733199,0.21782557070003267
1134,4,314,0.4,10,0.05284865722974518,0.21461669702263478
1134,4,315,0.55,12,0.04516022908358798,0.1807432953243657
1134,4,316,0.4,5,0.044885071053551766,0.22552207423245346
1134,4,344,0.6000000000000001,12,0.04759809378650695,0.21679838042923005
1134,4,368,0.55,12,0.028407375791068085,0.23375839768927187
1134,4,382,0.6000000000000001,13,0.05994575885102408,0.20093601590394453
1134,4,383,0.65,13,0.054351365404232604,0.20004216254469487
1134,4,388,0.30000000000000004,6,0.06119284325995347,0.22433105276345142
1134,4,393,0.5,11,0.061537814430012994,0.19348415206053965
1134,4,395,0.65,10,0.03779406943859894,0.22135752656459767
1134,4,400,0.5,13,0.03569024744734462,0.23477153880897123
1134,4,409,0.55,9,0.03876964830278452,0.22954153014572062
1134,4,425,0.45,8,0.06950067900766371,0.19359426061095417
1134,4,432,0.45,9,0.02659398275929996,0.2154455033817146
1134,4,434,0.45,7,0.05880700713404677,0.2356287754805258
1134,4,435,0.45,10,0.06579148769417031,0.21464546094722436
1134,4,437,0.25,11,0.033690168343887356,0.22164425811157046
1134,4,440,0.35000000000000003,13,0.03773930004582651,0.23153453757168976
1134,4,447,0.75,9,0.029592495864597994,0.20739581163457865
1134,4,452,0.6000000000000001,11,0.04034992405883713,0.2340620009787484
1134,4,468,0.35000000000000003,14,0.04167432115230588,0.22655661002536948
1134,4,471,0.6000000000000001,7,0.04822682310390504,0.1951426485432531
1134,4,472,0.5,11,0.043307700826664075,0.23732237774649284
1134,4,490,0.6000000000000001,11,0.04350033168343172,0.2016781221031345
1134,4,515,0.6000000000000001,14,0.050894511285901264,0.19994760946740267
1134,4,519,0.55,9,0.03979963699234451,0.20486431293848784
1134,4,548,0.7000000000000001,14,0.04491430745642954,0.23125436321262063
1134,4,560,0.4,14,0.036192395353033535,0.22807298352219352
1134,4,561,0.45,10,0.058742339938969844,0.19624884495846392
1134,4,620,0.55,11,0.06205597829572619,0.2065109004801936
1134,4,621,0.45,9,0.03806064667079524,0.2091981944244828
1134,4,644,0.6000000000000001,11,0.05220099814186688,0.2017500795473933
1135,0,0,0.9500000000000001,3,0.0677229803740809,0.19867551772116776
1135,0,1,1.0,13,0.05690502319689903,0.20992366896356524
1135,0,2,0.8500000000000001,18,0.04520770551871988,0.21564206612141953
1135,0,3,1.0,10,0.047926366090863516,0.21676298829917284
1135,0,4,0.8,17,0.04140939703403049,0.2198757271839542
1135,0,5,0.75,16,0.04783631248788357,0.22929847695142988
1135,0,6,0.8500000000000001,8,0.03286876426621136,0.2504822698005823
1135,0,7,0.9500000000000001,2,0.05341750643126484,0.1437521038443765
1135,0,8,1.0,11,0.048625496636642264,0.23324298956450307
1135,0,9,0.7000000000000001,14,0.041539695809821135,0.21113972289484506
1135,0,10,0.9,2,0.07772567290907778,0.22260624766642934
1135,0,11,0.8500000000000001,10,0.04260232235955512,0.21529385715141372
1135,0,12,0.8,2,0.012550480274398954,0.15657093584376963
1135,0,13,0.6000000000000001,2,0.02273721978427543,0.22566970952482535
1135,0,14,0.75,17,0.035720816924853786,0.23375041278687653
1135,0,15,1.0,18,0.04686750283964811,0.2305032828905359
1135,0,16,0.9500000000000001,10,0.0452679305368606,0.21554399545856778
1135,0,17,0.9500000000000001,21,0.040847763624893944,0.21569335563396186
1135,0,18,1.0,12,0.050199753149734454,0.2072299910790255
1135,0,19,0.9,20,0.05317705330561245,0.21724755222037334
1135,0,20,0.8,12,0.056799628510711055,0.20853307789868528
1135,0,21,0.8,2,0.0033104947662956695,0.15094862626592578
1135,0,22,1.0,16,0.032763162682614186,0.25090991324115364
1135,0,23,0.8500000000000001,15,0.04406352340210471,0.22303451556093795
1135,0,24,1.0,13,0.04414538809063702,0.2283257410314796
1135,0,25,1.0,16,0.044471387704260595,0.2146838964620886
1135,0,26,1.0,13,0.05493437133660356,0.2245388004431321
1135,0,27,0.8500000000000001,15,0.044758170790809945,0.21097039258787348
1135,0,28,0.9,12,0.045697475307402334,0.19958478185928652
1135,0,29,0.7000000000000001,12,0.04744996666059889,0.21606984625011783
1135,0,30,0.75,8,0.05597622280154325,0.2157059399590185
1135,0,31,0.75,17,0.05528908562828952,0.22733341060067938
1135,0,32,0.8500000000000001,17,0.03763421308659627,0.21769118777284338
1135,0,33,0.8,8,0.03489397099475181,0.24251025017714128
1135,0,34,1.0,9,0.046807745138027164,0.21083027394132278
1135,0,35,0.8,11,0.046689844392447735,0.21491879601179534
1135,0,36,0.9,19,0.042413064372320744,0.20059266595624092
1135,0,37,0.9500000000000001,18,0.048756506365529806,0.22360453225258783
1135,0,38,0.8500000000000001,4,0.05101253401945633,0.21402652618868187
1135,0,39,0.9,18,0.04829968723857874,0.2183725451383033
1135,0,40,1.0,23,0.044174747013622895,0.19418209618801222
1135,0,41,0.8,16,0.043477186802305064,0.23569498575163209
1135,0,42,0.6000000000000001,12,0.05124597149955993,0.2156818244666816
1135,0,43,0.9,19,0.04087732816203248,0.22325390836736694
1135,0,44,0.65,11,0.04073076558098244,0.23493925516918032
1135,0,45,0.75,20,0.04276279136632962,0.22338329033408238
1135,0,46,1.0,17,0.046048047894119995,0.2104761551812206
1135,0,47,0.9,12,0.04172133755281265,0.22456685689622846
1135,0,48,0.9500000000000001,8,0.03405948543209974,0.21554501281074256
1135,0,49,0.9500000000000001,11,0.03585373110077425,0.24392733419738263
1135,0,50,0.9,14,0.03829146250992779,0.22332618514532365
1135,0,51,1.0,5,0.0305225338528108,0.18905366264959125
1135,0,52,0.9500000000000001,8,0.04349911894270158,0.20817749568032187
1135,0,53,1.0,14,0.045076431865526075,0.2089533225093816
1135,0,54,0.9,13,0.04345199632722532,0.19452160908757984
1135,0,55,0.7000000000000001,11,0.05141595470335674,0.23771662121304615
1135,0,56,0.9500000000000001,20,0.04393152879926881,0.22314836441596353
1135,0,57,0.75,14,0.03524306660006726,0.20213887306095163
1135,0,58,0.9,19,0.052362327832574024,0.20609703234650334
1135,0,59,0.9500000000000001,11,0.040675502636035796,0.19373091941615153
1135,0,60,0.9,2,0.1414213562373095,0.2
1135,0,61,0.7000000000000001,11,0.03673401346600197,0.2498312250768087
1135,0,62,0.8500000000000001,12,0.035569762854348756,0.22617957647262563
1135,0,63,0.65,14,0.03970625810934002,0.23131691927738338
1135,0,64,0.7000000000000001,5,0.037294227378255204,0.2437735637632003
1135,0,65,1.0,20,0.04499134946129637,0.21636483073392831
1135,0,66,0.9500000000000001,14,0.05732279709886235,0.21893893537322348
1135,0,67,1.0,5,0.01737071867546192,0.18670952344221253
1135,0,68,1.0,14,0.047371493508739856,0.20421786922165047
1135,0,69,1.0,15,0.041150409992024496,0.22346081186371963
1135,0,70,0.9500000000000001,19,0.05025384507249055,0.20854796774605763
1135,0,71,0.8,15,0.04660754053192864,0.23758984323448207
1135,0,72,1.0,18,0.046144493342980424,0.20862102220296047
1135,0,73,0.8,10,0.04455815874759091,0.2139099369016037
1135,0,74,0.75,12,0.040176588204617766,0.22847028348722917
1135,0,75,0.9500000000000001,10,0.05441670903752425,0.23108787064845412
1135,0,76,0.9500000000000001,7,0.04309388374767161,0.2071470754118125
1135,0,77,0.8500000000000001,13,0.04878708883396377,0.22152416262458927
1135,0,78,0.55,4,0.05184978235589778,0.2480532327173596
1135,0,79,0.9,4,0.07032172400749075,0.2101421276863955
1135,0,80,1.0,20,0.04065320424870005,0.2088314808340884
1135,0,81,0.7000000000000001,10,0.04660116352521452,0.20626438221943838
1135,0,83,0.8,10,0.038227376791263354,0.23118932439425693
1135,0,84,0.8,7,0.05184122252633718,0.2222046659177906
1135,0,85,0.9500000000000001,14,0.039778410375377465,0.21894136582243404
1135,0,86,1.0,14,0.03974309933282427,0.20121869744806825
1135,0,87,0.9,11,0.03716459357310048,0.24262256552752773
1135,0,88,1.0,16,0.05311578237938839,0.22639494398250704
1135,0,89,0.8500000000000001,14,0.039507840570081616,0.20783104011844106
1135,0,91,0.8,16,0.043936275948967325,0.2347691328379421
1135,0,92,0.8,4,0.035012913092430126,0.18357839952247929
1135,0,94,0.8500000000000001,18,0.04805812032288284,0.21356359876248898
1135,0,95,0.9,10,0.028025608436569,0.23126758568115183
1135,0,97,0.75,19,0.04448967189231794,0.21431450686603756
1135,0,98,0.9500000000000001,13,0.04952664569657408,0.20556224764127315
1135,0,99,0.7000000000000001,3,0.05736192146581933,0.24437557918564312
1135,0,100,0.8500000000000001,17,0.038829337183527074,0.2277946480536419
1135,0,102,0.75,19,0.05396813940499031,0.21898449789502705
1135,0,103,0.9,12,0.04717045600367548,0.20339087096211753
1135,0,104,1.0,14,0.05500285585965943,0.23649074259356587
1135,0,105,0.9500000000000001,17,0.046528371441607826,0.20312594876429185
1135,0,106,1.0,12,0.0482262896978625,0.20849596885089502
1135,0,107,0.9500000000000001,11,0.049754059261608835,0.21859473993161263
1135,0,108,0.75,2,0.0967647701438928,0.22240920699318106
1135,0,109,1.0,13,0.03431900836981896,0.22423503107954196
1135,0,110,0.8500000000000001,15,0.042709249116294236,0.22878568342618977
1135,0,111,1.0,17,0.0419376432803494,0.2219440740875357
1135,0,114,0.9500000000000001,20,0.044918728345900646,0.23016235107939811
1135,0,121,0.9,22,0.04611227334544764,0.21251793522145282
1135,0,129,0.9500000000000001,20,0.03573792505836984,0.2105153331782165
1135,0,130,1.0,23,0.044099504350626526,0.21744849542661537
1135,0,132,0.65,9,0.04825403956581227,0.23312740446289804
1135,0,134,0.75,16,0.04681795868033093,0.22633545521585577
1135,0,138,1.0,20,0.05202967719850361,0.21217659661160151
1135,0,142,0.65,6,0.0606949656066219,0.21303742959833694
1135,0,144,0.8500000000000001,10,0.04931898764413838,0.2314370778435082
1135,0,158,0.9,18,0.05245761830813603,0.218561170620847
1135,0,159,1.0,15,0.048584409157767613,0.22333856506288274
1135,0,160,0.8,22,0.04630176636409111,0.21840411396528048
1135,0,163,0.7000000000000001,16,0.04567232319622614,0.22697825998941182
1135,0,164,0.9500000000000001,20,0.0465502847292791,0.20984387220900894
1135,0,166,0.9500000000000001,14,0.049304451066223186,0.21850953991639468
1135,0,178,1.0,18,0.04685513623763648,0.2131723863423689
1135,0,179,0.8,19,0.04436059732185788,0.2167999660104798
1135,0,184,0.75,18,0.04352117393662066,0.23211708906790024
1136,1,0,1.0,6,0.026736129353645267,0.19079115844100977
1136,1,1,0.9500000000000001,2,0.03538839677015883,0.1715352059892649
1136,1,2,0.8500000000000001,5,0.02330926843325941,0.21718013272393288
1136,1,3,0.75,2,0.03108442976312811,0.16387136838156305
1136,1,4,0.8,2,0.09453993257297157,0.23315017258473283
1136,1,5,0.9,17,0.041822445117928334,0.2014041873609718
1136,1,6,0.7000000000000001,2,0.05491545572294655,0.19375583775035574
1136,1,7,0.8500000000000001,19,0.030259635787034025,0.203666417461021
1136,1,8,1.0,18,0.03391882085777123,0.21787770888797023
1136,1,9,1.0,19,0.0321905236491549,0.21108153579205102
1136,1,10,1.0,23,0.043250562264358444,0.19493721418799104
1136,1,11,0.9500000000000001,15,0.024586331553947422,0.20232579361423747
1136,1,12,0.9500000000000001,2,0.014297933727632531,0.17119517196379752
1136,1,13,0.9500000000000001,14,0.03309727577713162,0.22640039826989306
1136,1,14,0.9500000000000001,10,0.031181189942860392,0.20184540410737023
1136,1,15,0.9,22,0.02879305456760057,0.1998330266005585
1136,1,16,0.8500000000000001,15,0.024930937412433428,0.20027099194861103
1136,1,17,0.9500000000000001,19,0.03384284053631034,0.21401726836979337
1136,1,18,0.8,14,0.03968464259802195,0.20911733626218942
1136,1,19,0.9,17,0.036513124839402146,0.20490597186391643
1136,1,20,0.9,21,0.039586009763514625,0.20609515054911715
1136,1,21,1.0,3,0.011801244364261925,0.1427597893545721
1136,1,22,0.9500000000000001,8,0.037142853017757584,0.20747377794013172
1136,1,23,0.8500000000000001,14,0.034121389729768956,0.2036644028205616
1136,1,24,1.0,6,0.03940363914964237,0.19448775016562267
1136,1,25,0.8,5,0.04644939133379788,0.23150181318094268
1136,1,26,0.9500000000000001,9,0.0403891456726231,0.18984870836969325
1136,1,27,1.0,17,0.037035867371317546,0.2101444184407031
1136,1,28,0.8500000000000001,19,0.03648063445483641,0.2135886180491092
1136,1,29,1.0,2,0.06103861429039542,0.17452025990104297
1136,1,30,0.9500000000000001,8,0.04861236917484121,0.19701509344292167
1136,1,31,0.8500000000000001,18,0.036878603772027944,0.20360191656893692
1136,1,32,0.8500000000000001,22,0.0345058552393121,0.20622606285094117
1136,1,34,0.8500000000000001,17,0.03696520941174603,0.20529924343769934
1136,1,35,0.8,8,0.04568706532607155,0.22896457414286092
1136,1,36,1.0,5,0.0308650762064051,0.18554203477241263
1136,1,37,0.45,3,0.015370924850591647,0.17259534970437795
1136,1,38,0.9,21,0.03332643011554126,0.20553330724098115
1136,1,39,1.0,19,0.02857107645765245,0.1936801831574756
1136,1,40,0.9500000000000001,2,0.02817369086660678,0.17887838062767475
1136,1,41,0.7000000000000001,2,0.030290097193310352,0.16532351967644676
1136,1,42,0.8,3,0.03594667028194832,0.19360949345297018
1136,1,45,0.9,17,0.03264392851185641,0.196884352728125
1136,1,46,0.9,20,0.0335434629218166,0.21008733339371344
1136,1,47,0.9500000000000001,22,0.034136895309181306,0.2108542343146781
1136,1,48,1.0,20,0.03171331095991213,0.19174828959615076
1136,1,49,0.8500000000000001,3,0.04162137965197976,0.18453138834818703
1136,1,50,0.9500000000000001,12,0.03121526285094401,0.20001326320203605
1136,1,51,1.0,6,0.03635746232458714,0.19299946083249497
1136,1,52,0.9500000000000001,17,0.03907717238587965,0.20301497206064778
1136,1,53,0.8,3,0.027106860928058838,0.19539414006248013
1136,1,54,0.6000000000000001,3,0.0204421941173654,0.20396796890673452
1136,1,55,0.8,6,0.03315538961746555,0.2011610247581326
1136,1,56,0.8,2,0.06413145368587231,0.18723914309536954
1136,1,57,1.0,17,0.03556410233528213,0.2096482915544624
1136,1,58,0.8,19,0.0342710811265993,0.21656904132605834
1136,1,59,0.8,14,0.040722409269689536,0.21920351074380306
1136,1,60,0.9,15,0.03757024257937915,0.19586096696259794
1136,1,61,1.0,16,0.02911420638410783,0.21903962554066864
1136,1,62,0.8500000000000001,2,0.027545035411215054,0.17932290716321214
1136,1,63,0.75,14,0.03745776588786599,0.2201278431515019
1136,1,64,1.0,24,0.03639669484017243,0.19604953937432398
1136,1,65,0.9,17,0.03906639594900167,0.20268195563184244
1136,1,66,0.9,8,0.0372978968501276,0.22632825850898183
1136,1,67,0.8,17,0.042253231773567164,0.20767804384222685
1136,1,68,0.75,19,0.036006464810353855,0.20150590782540942
1136,1,70,0.9,6,0.0367095429917353,0.21688559080967704
1136,1,71,0.8500000000000001,4,0.029329289358050913,0.19566957947119182
1136,1,72,0.9,14,0.03488634294392972,0.20514067904915595
1136,1,73,1.0,14,0.028579995560536687,0.19154475152369105
1136,1,75,1.0,13,0.027551921629437558,0.21035716974603258
1136,1,76,1.0,8,0.03363012922276679,0.20613063509271842
1136,1,77,1.0,13,0.04347820843718951,0.20599424954058534
1136,1,79,1.0,19,0.027459820081383476,0.19976599827747665
1136,1,80,0.9500000000000001,9,0.03153914203874295,0.2147770179990198
1136,1,84,1.0,16,0.04296146839045337,0.20044118451701923
1136,1,85,1.0,25,0.03880676993197332,0.20014848942833832
1136,1,86,0.9500000000000001,18,0.04453694632475595,0.19229720775075898
1136,1,88,0.9500000000000001,21,0.031993568142960324,0.20598184696870345
1136,1,89,1.0,19,0.02964916930257662,0.19453424450388465
1136,1,90,0.9,22,0.037690687652908214,0.20860644096579464
1136,1,91,1.0,13,0.03653296310790933,0.21638176242844812
1136,1,92,0.9500000000000001,17,0.03917962003564533,0.20825585306840821
1136,1,93,1.0,16,0.029021473823098852,0.19768138524203901
1136,1,95,0.75,13,0.039132911322805615,0.21130770372995608
1136,1,96,0.9,16,0.03320126759820789,0.19874453231605965
1136,1,98,0.9,17,0.03980340060693207,0.21178839181040876
1136,1,99,0.8,11,0.027048470325451626,0.21991474725344534
1136,1,102,1.0,19,0.029883702702346145,0.19854936590532474
1136,1,103,0.7000000000000001,10,0.04097044826164019,0.21992542521512376
1136,1,105,0.7000000000000001,9,0.02818193207719294,0.21828598387593195
1136,1,107,0.9500000000000001,18,0.02775678472260745,0.20484016437925745
1136,1,108,0.6000000000000001,10,0.041984343244075385,0.22644525049201497
1136,1,109,0.9500000000000001,23,0.026857874118391023,0.19622087018984244
1136,1,112,0.9500000000000001,20,0.04000951135079525,0.20849787073355125
1136,1,114,0.8,8,0.058097293795207866,0.19364344404746972
1136,1,115,0.8500000000000001,11,0.034097618034025834,0.2115102583430384
1136,1,118,0.8500000000000001,25,0.029721663429520605,0.19675039985545964
1136,1,119,0.9500000000000001,20,0.029985216158812254,0.20718140239145436
1136,1,126,1.0,23,0.03426973951187296,0.1966581987758
1136,1,140,1.0,14,0.04236500467396334,0.20974189603653767
1136,1,145,0.8,14,0.035788109423747334,0.21793610062539312
1136,1,148,0.75,15,0.03304819646872798,0.21017160575394003
1136,1,152,0.9,15,0.039776303349359325,0.21080318507160506
1136,1,165,1.0,27,0.036911951888190686,0.20137373486150215
1136,1,177,1.0,18,0.029974041606415338,0.21153355254460177
1137,2,0,1.0,24,0.039106043219249806,0.21361750360141432
1137,2,1,0.9,30,0.04381880581898508,0.2128565665973883
1137,2,2,0.9,17,0.04088989127237619,0.2203701289011514
1137,2,3,0.9500000000000001,12,0.04776677159595342,0.22901465594337408
1137,2,4,0.8500000000000001,20,0.03652545690868449,0.22623346271862327
1137,2,5,0.7000000000000001,5,0.041568954322313424,0.17753907546723066
1137,2,6,0.7000000000000001,2,0.01840721051932135,0.1669234077118144
1137,2,7,0.8500000000000001,2,0.06551720629781305,0.1854652608170182
1137,2,8,0.7000000000000001,5,0.019587380379721183,0.2508351045815032
1137,2,9,0.9,3,0.001909778141166201,0.23234418647330868
1137,2,10,0.8500000000000001,19,0.03602682816974196,0.21844799042212087
1137,2,11,0.8,15,0.039264956343471484,0.2255360787915401
1137,2,12,1.0,12,0.04266802266535882,0.20770667275506702
1137,2,13,0.7000000000000001,9,0.041633702772113375,0.2381715212632732
1137,2,14,0.9500000000000001,19,0.034820731220667776,0.20736153509582203
1137,2,15,0.9500000000000001,14,0.0389963539040857,0.2378288293907253
1137,2,16,0.9,10,0.05383601556822686,0.20728752002645207
1137,2,17,0.8500000000000001,14,0.029791798335212775,0.21336714632123738
1137,2,18,1.0,19,0.03593219196669761,0.22006384148995908
1137,2,19,0.8500000000000001,13,0.0263276119757537,0.22402759900514152
1137,2,20,0.9,3,0.03905444302561723,0.19184231432083612
1137,2,21,0.9,21,0.04071270352875921,0.21636024261460393
1137,2,22,0.9,15,0.041017938770488954,0.2210640705719926
1137,2,23,1.0,25,0.039285144635915474,0.2107953226926871
1137,2,24,0.8500000000000001,9,0.03587355804243222,0.24584076384683395
1137,2,25,0.9500000000000001,2,0.09421702983109859,0.22174076382276275
1137,2,26,0.75,14,0.0373778853847852,0.2214925176350085
1137,2,27,0.9,19,0.03437374814017871,0.22444839562627159
1137,2,28,1.0,14,0.033108327139264905,0.20402112778816583
1137,2,29,1.0,17,0.042944355789518905,0.22760735329679566
1137,2,30,0.8500000000000001,15,0.049927476015240065,0.2098960242358016
1137,2,31,1.0,12,0.029413905577373244,0.21273018118259449
1137,2,32,0.8500000000000001,19,0.04662938035812516,0.20546652977379512
1137,2,33,0.9500000000000001,3,0.058128930479055145,0.21896627068620447
1137,2,34,0.7000000000000001,11,0.04661980027729082,0.21947725594649314
1137,2,35,0.8500000000000001,4,0.048181659631565496,0.22712226580582578
1137,2,36,0.75,15,0.04433911780781753,0.2366345263673823
1137,2,37,1.0,19,0.03064878240143677,0.19783818944700834
1137,2,38,1.0,12,0.05108491425338588,0.21560948970229452
1137,2,39,0.8500000000000001,6,0.03418614174010764,0.266310412327099
1137,2,40,0.8500000000000001,17,0.040950077817075464,0.20726633997009758
1137,2,41,0.8,7,0.02552646982630318,0.2390815634068266
1137,2,42,0.9,17,0.03450544608928725,0.20306571400483908
1137,2,43,0.9500000000000001,14,0.03233670355718331,0.20625932861592983
1137,2,44,1.0,16,0.05137387878203442,0.2153761778017635
1137,2,45,0.8,2,0.011561192641243842,0.16329426084116522
1137,2,46,0.9500000000000001,16,0.04822825883001816,0.22162917416426622
1137,2,47,1.0,17,0.033787896967457036,0.1947825460678513
1137,2,48,0.9500000000000001,25,0.04191545699773825,0.21164903736491283
1137,2,49,0.9500000000000001,13,0.03091264696856286,0.19467744300906803
1137,2,50,0.8500000000000001,13,0.043251253782914334,0.2303645418850914
1137,2,51,0.8500000000000001,17,0.0422614642088346,0.21268730782340053
1137,2,52,0.7000000000000001,2,0.0014921761784719675,0.16306965554536956
1137,2,53,0.9,23,0.034541245010691876,0.21556843739873865
1137,2,54,0.9,12,0.0382372026630934,0.22598948156696078
1137,2,55,0.8,18,0.036681039943173406,0.21863997662830795
1137,2,56,1.0,9,0.02278757623833977,0.23248199789039883
1137,2,57,0.8500000000000001,19,0.04365463582107721,0.2185135440757707
1137,2,58,1.0,15,0.034258156234352834,0.1936487533835129
1137,2,59,1.0,14,0.04525291456570752,0.21466459880569919
1137,2,60,0.7000000000000001,2,0.07142577538929076,0.1699137840467714
1137,2,61,0.9500000000000001,17,0.05397133513795745,0.21824315829862598
1137,2,62,1.0,14,0.03453735684447273,0.23074400133795897
1137,2,63,0.75,16,0.04625097189502173,0.23217261777285636
1137,2,64,0.9500000000000001,2,0.059060335511713066,0.203776491390332
1137,2,65,0.9,12,0.045221865255360455,0.22573833172108237
1137,2,66,0.7000000000000001,5,0.05254331718221066,0.2388465652336184
1137,2,67,0.75,15,0.035605987782150184,0.23958965824082165
1137,2,68,0.65,13,0.037725180227343266,0.2385748692452085
1137,2,69,0.9500000000000001,21,0.03643050352179052,0.2127495540219183
1137,2,70,0.8,19,0.042660055883948486,0.22493545685320374
1137,2,71,0.9500000000000001,18,0.04195872616876505,0.23171085226120208
1137,2,72,0.9,19,0.044310144695876304,0.21104624824582877
1137,2,73,0.9,17,0.03650994610435236,0.22015743828084317
1137,2,74,1.0,12,0.039273266269699736,0.20084026991660764
1137,2,75,0.8500000000000001,13,0.03325829163967525,0.21858910701614206
1137,2,76,0.75,13,0.030092966247364898,0.23986391123946105
1137,2,77,1.0,7,0.042290221555304756,0.21701815394315815
1137,2,78,1.0,25,0.04423730291878558,0.21637709276840567
1137,2,81,0.9,21,0.04644523394002375,0.2092306823305157
1137,2,83,0.75,12,0.028048807690491447,0.21672298446528815
1137,2,85,1.0,19,0.03450172704278419,0.20361422984811262
1137,2,87,0.75,18,0.04538659883374257,0.22907773967414466
1137,2,88,0.8,19,0.042498644087494396,0.21477815952988022
1137,2,89,0.6000000000000001,2,0.0014921761784719675,0.16306965554536956
1137,2,90,0.9500000000000001,21,0.04241795348401785,0.23570249461403042
1137,2,91,0.8,21,0.033387359477924226,0.22534026653212277
1137,2,92,1.0,21,0.03173523934775958,0.22070326627752165
1137,2,93,0.9,19,0.046346538553087936,0.2206013023503304
1137,2,94,0.8,21,0.036453241428071326,0.22999466023677062
1137,2,95,0.8500000000000001,20,0.035080908308692454,0.2086389488431759
1137,2,96,0.8,2,0.024145178696997862,0.2284652355402088
1137,2,97,0.8500000000000001,16,0.028563780290360476,0.22938612265427247
1137,2,98,0.8500000000000001,10,0.025541462684523113,0.2199194561209524
1137,2,99,0.6000000000000001,2,0.014475721082779306,0.16970339055255657
1137,2,101,0.9500000000000001,18,0.04813817902515676,0.21235060561326244
1137,2,103,0.9,12,0.04673592605431238,0.2238014789835362
1137,2,104,0.75,14,0.02247395508856916,0.214654514363066
1137,2,105,0.65,10,0.038711873451989606,0.2327609944649855
1137,2,106,0.8,12,0.041183409266580207,0.2201504291512526
1137,2,107,0.9,20,0.03733434678478119,0.21664644395662203
1137,2,108,0.75,15,0.04580926935396757,0.21488412502211213
1137,2,109,1.0,18,0.036518990774223346,0.2067735148363965
1137,2,110,0.8,14,0.046245571385598344,0.21717785097293102
1137,2,113,0.9,16,0.04412963737794696,0.22491178326992922
1137,2,122,0.8500000000000001,10,0.02892316858385632,0.2287633923697087
1137,2,123,0.9,11,0.03589959536253378,0.2196907829632728
1137,2,125,0.9,24,0.043187640995107905,0.20668033170421385
1137,2,130,0.75,18,0.03505099139230699,0.2295582204584362
1137,2,131,0.9500000000000001,14,0.034408010426219514,0.24243853882863184
1137,2,132,1.0,17,0.028442547401132483,0.2259812624918886
1137,2,134,0.8500000000000001,18,0.041865523432098,0.22989764031466
1137,2,135,0.8500000000000001,12,0.032543246198085914,0.22618839527080503
1137,2,136,0.9,13,0.040004134717246904,0.21417411715138696
1137,2,138,0.8500000000000001,10,0.03141112964660773,0.23083855499061423
1137,2,140,1.0,19,0.03543549469014495,0.20864195380503664
1137,2,144,1.0,21,0.037833764709514564,0.19812826399359484
1137,2,145,0.75,11,0.057221365999529594,0.21728466405016675
1137,2,146,0.9500000000000001,19,0.039969905613891625,0.21541396821543624
1137,2,150,0.9500000000000001,22,0.037418978898230995,0.21036240032947456
1137,2,151,0.8,17,0.04169207922595365,0.20923088397664968
1137,2,153,0.8,12,0.04295770653616188,0.23528067499103247
1137,2,154,0.7000000000000001,16,0.03233114124294789,0.22919122060746172
1137,2,159,0.9,7,0.023934814648468274,0.20900472827768105
1137,2,174,0.9,9,0.04100944235159035,0.23311406147339586
1137,2,179,0.8,18,0.03513761155818073,0.22868042957499413
1137,2,180,0.7000000000000001,13,0.03273313585929186,0.23300983345793666
1137,2,184,0.8500000000000001,14,0.03421997375214307,0.22657606116817947
1137,2,185,0.7000000000000001,19,0.035461129645775635,0.2360242691227111
1137,2,187,1.0,24,0.037334326670654394,0.21585399533867242
1137,2,216,0.8,13,0.0378694118757443,0.2273383732272887
1137,2,222,0.9,23,0.04500122801441928,0.22065928861830364
1138,3,0,1.0,21,0.03745305028349284,0.2236810705963234
1138,3,1,1.0,23,0.03546364969466413,0.2260671383645736
1138,3,2,0.75,16,0.03531959751267289,0.23260494805139323
1138,3,3,0.9500000000000001,18,0.038885958033819036,0.2391344479154688
1138,3,4,0.9,16,0.045794001201406954,0.2216969889712741
1138,3,5,1.0,16,0.036274910600447845,0.22392171477979228
1138,3,6,0.8500000000000001,18,0.03195143882463979,0.21995312108823595
1138,3,7,1.0,8,0.04174271620777215,0.2427921478520542
1138,3,8,1.0,10,0.056145551816688,0.2303090067138335
1138,3,9,1.0,21,0.04043381987839253,0.2270647480390114
1138,3,10,0.75,13,0.03690060914621836,0.24039966528499898
1138,3,11,0.8,18,0.04172888502028179,0.22022844754846518
1138,3,12,0.8,10,0.01977240012375507,0.24061780791793225
1138,3,13,0.8,23,0.041570132546460914,0.228588283410106
1138,3,14,0.9,11,0.03779115344554122,0.23928364000816185
1138,3,15,1.0,11,0.029531071525116942,0.24062005660420915
1138,3,16,0.7000000000000001,12,0.04743644691394966,0.23106014832469435
1138,3,17,0.9,19,0.030043457935879172,0.24429278679082306
1138,3,18,0.9,4,0.06284980668341603,0.19797522053675962
1138,3,19,0.9,15,0.03907275910799503,0.22831388874258046
1138,3,20,0.7000000000000001,14,0.03283293772992694,0.2370357859999416
1138,3,21,0.8500000000000001,22,0.048978589166632724,0.22397097674051888
1138,3,22,0.65,12,0.04094514394348043,0.23524296757010077
1138,3,23,0.75,2,0.03572132436595844,0.1743629646174324
1138,3,24,0.75,21,0.031259845851454714,0.23672353122832215
1138,3,25,0.75,16,0.036563763384667866,0.23539963536910447
1138,3,26,0.9,17,0.033075020966435865,0.23825524053055264
1138,3,27,0.7000000000000001,11,0.03458438459056441,0.24983860783884435
1138,3,28,0.9500000000000001,19,0.030151348151977543,0.23434934954144535
1138,3,29,0.55,12,0.028003645579223014,0.2376579206959555
1138,3,30,0.8500000000000001,25,0.04458166193435688,0.22375807959478866
1138,3,31,0.8,18,0.03162624597771056,0.2355731528705185
1138,3,32,0.8,7,0.04681142727464666,0.23680640602871206
1138,3,33,1.0,12,0.041254967150062744,0.2410772647787777
1138,3,34,0.9,25,0.03970808897184314,0.23015005485107562
1138,3,35,0.8,14,0.02242974485468465,0.23025789195504093
1138,3,36,0.8,18,0.04478146710778714,0.22822198070113275
1138,3,37,1.0,12,0.039762247430087314,0.2178948099395411
1138,3,38,0.8500000000000001,28,0.040126582954892444,0.22876033759089429
1138,3,39,0.75,15,0.029728021367942864,0.2436929272956112
1138,3,40,0.7000000000000001,2,0.008929639150839117,0.2623677686924309
1138,3,41,0.4,3,0.042378558055887194,0.19814456479819606
1138,3,42,0.9,18,0.03238786558921656,0.22906349953853627
1138,3,44,1.0,15,0.029588549169024498,0.23154009363534017
1138,3,45,0.7000000000000001,12,0.033760641355924756,0.23195315179539325
1138,3,46,0.8500000000000001,16,0.020536936735759802,0.24633902121625428
1138,3,47,0.8500000000000001,14,0.04537933302243868,0.2208995945088414
1138,3,48,0.9500000000000001,29,0.03780756962941179,0.23060656771635893
1138,3,49,0.75,18,0.04351762815417978,0.23618595377678706
1138,3,50,1.0,12,0.03215384780157427,0.2090446269798186
1138,3,51,1.0,13,0.039878596213466566,0.23908786670396392
1138,3,52,0.75,13,0.037314666690648216,0.23271613302254524
1138,3,53,0.7000000000000001,2,0.003353001294246755,0.15358198275644175
1138,3,54,0.65,15,0.02885937917045631,0.24267523598411989
1138,3,55,0.7000000000000001,13,0.04525151291557124,0.23368545104089058
1138,3,56,0.8500000000000001,20,0.042672190788384294,0.23166855459309618
1138,3,57,0.7000000000000001,21,0.031341149430340755,0.23849876758236402
1138,3,58,0.9500000000000001,13,0.027586224117487117,0.2318961560269275
1138,3,59,1.0,4,0.02257951390982238,0.1898911606067252
1138,3,60,1.0,17,0.030293554955464933,0.22510575868999816
1138,3,61,1.0,23,0.04045548009346717,0.22494083707295576
1138,3,62,0.7000000000000001,10,0.025903234169300474,0.25125299413515567
1138,3,63,0.75,2,0.04713367110597746,0.16846581956972329
1138,3,64,0.9500000000000001,15,0.032902850838963396,0.22946907813646203
1138,3,65,0.9500000000000001,18,0.026262374207985134,0.23642031205397387
1138,3,66,0.9500000000000001,15,0.03957294284155921,0.21857107300199513
1138,3,67,0.9,14,0.03233811555542307,0.23275916701125055
1138,3,68,0.8,26,0.03292550069722145,0.2243500460248036
1138,3,69,0.6000000000000001,2,0.02532570050970606,0.14214364921438985
1138,3,70,0.7000000000000001,16,0.035708150412282896,0.23678617969640717
1138,3,71,0.65,11,0.033405465061727806,0.24235935433221908
1138,3,72,0.7000000000000001,17,0.03217162221822118,0.2295018060957224
1138,3,73,0.8,20,0.03893648993154317,0.213184255629211
1138,3,74,0.75,21,0.03381605310656587,0.23467866954953254
1138,3,78,0.6000000000000001,12,0.03461099796762512,0.23991740897526084
1138,3,80,0.9500000000000001,9,0.03952797226588602,0.21009742515287222
1138,3,81,0.8500000000000001,15,0.0407985235474842,0.20942614087104836
1138,3,82,0.7000000000000001,8,0.020545889524431416,0.25243195874462626
1138,3,83,0.8500000000000001,18,0.03897634099401149,0.23811607292951528
1138,3,85,0.9,15,0.0351863196012352,0.21954423269100143
1138,3,87,1.0,14,0.026736941147319903,0.22461242936354586
1138,3,88,0.75,11,0.03495343715395062,0.2521823577693793
1138,3,89,0.8500000000000001,18,0.042644890118239215,0.22436433851068044
1138,3,90,0.9,19,0.03268157998849074,0.24373219390122788
1138,3,92,0.9,8,0.04961323583228058,0.24039557224581173
1138,3,93,0.8500000000000001,27,0.0414018179858588,0.2348977309248646
1138,3,94,0.8500000000000001,13,0.02658046678023771,0.23191695801359702
1138,3,95,0.8,16,0.038222484529665306,0.2395366059374952
1138,3,96,0.75,11,0.029967272942411798,0.23701552816774932
1138,3,98,0.9,19,0.03606957947691913,0.23431986113015477
1138,3,99,0.65,14,0.044738353246263136,0.23064478702889338
1138,3,100,0.7000000000000001,9,0.021624851482709956,0.2416185446197401
1138,3,101,0.7000000000000001,16,0.02645118677170306,0.24401373787485559
1138,3,102,1.0,15,0.04360220547985809,0.2263296313275426
1138,3,103,0.75,23,0.037021619199183134,0.23484079202077499
1138,3,106,0.7000000000000001,9,0.025960723838242383,0.24058781570267554
1138,3,107,0.9,17,0.030022835605207163,0.23557760041026937
1138,3,109,0.9500000000000001,10,0.028239618396199224,0.2376234213111028
1138,3,110,0.6000000000000001,6,0.05733698411404521,0.23529846581895364
1138,3,111,1.0,9,0.04344223732696262,0.23500098286937465
1138,3,112,0.65,11,0.0318070348521913,0.2321109161333554
1138,3,114,0.7000000000000001,13,0.05211353133269511,0.23585122054181035
1138,3,115,0.9500000000000001,15,0.03426445649398813,0.22826927834049293
1138,3,116,0.8,15,0.04046625871626277,0.21696047833410811
1138,3,119,0.8,23,0.04565997884478868,0.22053503576121614
1138,3,120,1.0,21,0.03320813993812351,0.23830195339795696
1138,3,121,0.6000000000000001,7,0.06564445403948467,0.23458679888891967
1138,3,122,0.75,18,0.04123346815529505,0.2324597774447289
1138,3,125,0.9,17,0.03944567523512912,0.2249251532092695
1138,3,127,0.9500000000000001,14,0.032233002508429476,0.24640534948130646
1138,3,130,0.9,19,0.03872814628185762,0.24099576332055445
1138,3,131,0.7000000000000001,17,0.03770943143742177,0.2352117197524433
1138,3,132,1.0,8,0.05020991340960402,0.2526035967347849
1138,3,133,0.9,11,0.035001133465208306,0.22843924662144585
1138,3,134,0.9500000000000001,13,0.03344167030640904,0.2270161052415636
1138,3,137,0.75,19,0.03842514154803087,0.23743292383165585
1138,3,139,0.8,13,0.0370870975309076,0.2265670306177499
1138,3,145,0.75,15,0.04410517745400042,0.22852678622130204
1138,3,151,0.75,15,0.03736162930231413,0.23194449789817473
1138,3,152,0.9500000000000001,12,0.03293940036078665,0.22789652018111597
1138,3,153,0.65,10,0.04273763539495489,0.23360899378920194
1138,3,155,0.75,15,0.031189797253546137,0.2497164179131194
1138,3,156,1.0,17,0.042764191756204536,0.22135847298250033
1138,3,157,0.9500000000000001,26,0.03651777792813694,0.2197069438458435
1138,3,159,0.8,15,0.034734016561951346,0.24870880890658545
1138,3,161,0.8,20,0.03884412027585915,0.22119579541393009
1138,3,167,0.75,15,0.028513222907847604,0.2371473331795816
1138,3,168,0.7000000000000001,18,0.04199946065391201,0.22447140660476805
1138,3,169,0.8,7,0.03883606990602469,0.2365364290365633
1138,3,188,0.9,24,0.03630243876790089,0.21642243203460085
1138,3,191,1.0,16,0.038868026119050346,0.22365919922146874
1138,3,196,0.75,12,0.023441115716934923,0.2452383252208975
1138,3,202,0.9500000000000001,19,0.037074465276456504,0.23258475001369067
1138,3,204,0.9500000000000001,16,0.040854701571334695,0.23172596051757546
1138,3,214,0.75,17,0.03566050295615484,0.2384546912758001
1138,3,216,0.75,7,0.05049747921056524,0.22844295825384608
1138,3,232,1.0,13,0.02788408794787963,0.24016698328453176
1138,3,242,0.7000000000000001,15,0.032714304453405466,0.23252217222632152
1138,3,286,1.0,21,0.03764715127210358,0.23579892762070673
1139,4,0,0.7000000000000001,14,0.03948742470211431,0.22954507647860076
1139,4,1,0.9,10,0.020303069546753878,0.2109603989980359
1139,4,3,1.0,19,0.03856185120980224,0.22658523787913562
1139,4,4,0.9,18,0.0218976005514811,0.22326595922897663
1139,4,5,0.8500000000000001,16,0.031730332710691804,0.23708881008405672
1139,4,6,0.9500000000000001,19,0.03366089167632761,0.21609886483768742
1139,4,7,0.6000000000000001,2,0.07316935093171262,0.2059066858786825
1139,4,8,0.65,17,0.034766258691037825,0.23584218082978084
1139,4,9,0.65,2,0.028164318938701194,0.17732144922393572
1139,4,10,0.9,7,0.04178634473256544,0.22218373611756398
1139,4,11,0.8500000000000001,17,0.03935070497248736,0.22079906059718546
1139,4,12,0.9,8,0.02661046667101462,0.21816649308603966
1139,4,13,0.75,19,0.033670099603447544,0.22934309232621902
1139,4,14,0.7000000000000001,12,0.04357181070614645,0.22603937641490213
1139,4,15,0.9,22,0.039963704192772155,0.22223162275794925
1139,4,16,1.0,8,0.04106006181778896,0.22722769569386392
1139,4,17,0.75,13,0.03646104867267504,0.23689060822874008
1139,4,18,0.8500000000000001,20,0.02655442431233062,0.21551232591744696
1139,4,19,0.7000000000000001,13,0.03311623135289725,0.23076610778547774
1139,4,20,0.8,15,0.038841766658346585,0.22527841812041516
1139,4,21,1.0,10,0.03575812925158765,0.23686972307071769
1139,4,22,0.8500000000000001,10,0.02857928980620131,0.2446642424022361
1139,4,23,0.7000000000000001,23,0.03435451085772221,0.23933395939306865
1139,4,24,0.9,23,0.037401967224860014,0.22326403572861722
1139,4,25,0.8,15,0.043455554810338734,0.23200236794624834
1139,4,26,0.8,13,0.04039132018417152,0.22829528641826127
1139,4,27,0.8,19,0.03985209150138392,0.22827462598153336
1139,4,29,0.8,10,0.032504209648407556,0.2289213601111678
1139,4,30,0.8500000000000001,14,0.03621156409648605,0.2283034069178588
1139,4,31,0.8,17,0.03625505528709963,0.22466907040868975
1139,4,32,0.8500000000000001,6,0.056574810378432365,0.24061160085502
1139,4,33,0.75,6,0.02887657540460733,0.23327524506449215
1139,4,34,0.8500000000000001,3,0.031333818109862036,0.2315240431037525
1139,4,35,0.9,13,0.04725440633007025,0.22527429261098408
1139,4,36,0.7000000000000001,9,0.04717522151190055,0.23167354578903293
1139,4,37,1.0,14,0.04392746740334837,0.22426884446188425
1139,4,38,0.9500000000000001,8,0.034724689311068625,0.21714905921386027
1139,4,39,0.9500000000000001,24,0.035208931978126384,0.23242297278476298
1139,4,40,0.7000000000000001,15,0.03909506506719527,0.23918391631872296
1139,4,41,0.8500000000000001,2,0.05644944693639427,0.20928229819315344
1139,4,42,1.0,23,0.03938806912369149,0.22516347187387797
1139,4,43,0.7000000000000001,18,0.04083064423376713,0.21484599833098522
1139,4,44,0.9,17,0.030127463217872942,0.21220905169283202
1139,4,45,0.8,14,0.04563621275386477,0.23040822548296264
1139,4,46,0.8,5,0.03746625235802665,0.18344622247771775
1139,4,47,0.9500000000000001,19,0.037188010561996464,0.22230343981168238
1139,4,48,0.75,13,0.02310382650667646,0.226600358971217
1139,4,49,0.7000000000000001,18,0.04324569780113532,0.23160615215314706
1139,4,50,0.75,16,0.05097100136196068,0.22082997551821928
1139,4,51,0.7000000000000001,13,0.044582273199606504,0.2327497775354724
1139,4,52,0.9,11,0.035302327525543506,0.2035401321707492
1139,4,53,0.9,3,0.04186930058610124,0.18431548843533171
1139,4,54,0.9,24,0.034477397134935694,0.22177211150424495
1139,4,55,0.9500000000000001,4,0.006946700252800293,0.21660167562845603
1139,4,56,0.9,9,0.03354873733987729,0.236718823541111
1139,4,57,0.75,9,0.028966763057510406,0.2305023014361573
1139,4,58,0.9,8,0.05281630669013345,0.2143446367104368
1139,4,59,0.75,7,0.03380596720583175,0.21843990314280756
1139,4,60,0.75,12,0.04144895798561652,0.227495358434142
1139,4,61,0.75,10,0.054662215660579036,0.24727871001897492
1139,4,62,0.8500000000000001,22,0.03526240238202122,0.2257481530907807
1139,4,63,1.0,18,0.03924875423864246,0.2316623467965672
1139,4,64,0.9,16,0.027882709993675942,0.2435616823706111
1139,4,65,0.8500000000000001,12,0.03708968622069055,0.23815196852255052
1139,4,66,0.8500000000000001,30,0.0392209825314655,0.22442912122728068
1139,4,67,1.0,16,0.03322794535342476,0.23215983082327307
1139,4,68,0.9,18,0.03268627863364006,0.23519252196981455
1139,4,69,1.0,19,0.04036152433573926,0.22046021074428632
1139,4,70,0.8,23,0.032999216110291656,0.24119484797054427
1139,4,72,0.75,21,0.03434005697240169,0.24402746192761576
1139,4,73,0.7000000000000001,19,0.0334031427507099,0.24277138048751865
1139,4,74,0.8,16,0.03664409883467027,0.22094139593393283
1139,4,75,0.8500000000000001,14,0.03546098487027569,0.23710873125540907
1139,4,76,0.8500000000000001,11,0.033787694210781795,0.2112673673781037
1139,4,77,0.8500000000000001,13,0.04130388885713631,0.21953635689423476
1139,4,78,0.8,23,0.03242053957094854,0.2378836452208778
1139,4,79,0.75,16,0.04072013917352957,0.240237577758863
1139,4,80,1.0,3,0.03177632660223099,0.18447087994956604
1139,4,82,0.9500000000000001,21,0.03871591826669176,0.21653895563697495
1139,4,83,0.7000000000000001,15,0.03874408461286091,0.2361205947841036
1139,4,85,0.8500000000000001,20,0.04055505688172572,0.22301064418756691
1139,4,86,0.9500000000000001,2,0.0360405864699151,0.18498053563311156
1139,4,87,0.75,16,0.03813514392683234,0.23649586090027838
1139,4,88,0.9,24,0.039396412828435715,0.22335384540543748
1139,4,89,0.9,17,0.03358463051753461,0.22787806458483903
1139,4,90,1.0,18,0.03556642468269676,0.2321080784378722
1139,4,91,0.7000000000000001,13,0.025609695212920305,0.24502556860442956
1139,4,92,0.9,2,0.03392233883622048,0.2303910186908531
1139,4,95,1.0,5,0.03608242948034196,0.2211532416160514
1139,4,96,0.75,15,0.035032055860020936,0.23317406358699652
1139,4,99,0.7000000000000001,15,0.03319717442967713,0.2372818898206856
1139,4,101,0.7000000000000001,10,0.03039165577377032,0.22520161674831343
1139,4,102,1.0,23,0.04122719961437341,0.2233892988936219
1139,4,103,1.0,17,0.034933633606798055,0.2249936427684258
1139,4,104,0.7000000000000001,8,0.02405995268289363,0.23842688693369427
1139,4,105,0.9500000000000001,15,0.031593282545529025,0.2067195281271145
1139,4,107,0.75,20,0.02877210884727905,0.24205942204235517
1139,4,110,0.8500000000000001,16,0.03682276461121066,0.22870432687768835
1139,4,111,1.0,20,0.042346986055830836,0.21804356316017767
1139,4,113,0.9500000000000001,16,0.03725676531498428,0.22060594444763532
1139,4,121,0.75,10,0.03501052075549784,0.23072523174729173
1139,4,124,0.75,11,0.029170571336985994,0.22496889353050406
1139,4,126,1.0,23,0.0403487939801543,0.2238701561928405
1139,4,127,1.0,15,0.04374429192937252,0.2282125094835849
1139,4,128,0.8,27,0.037248979367335656,0.22169184936952643
1139,4,129,1.0,20,0.03850346181980673,0.21353840897621654
1139,4,132,1.0,21,0.05149374566764985,0.2235706495271273
1139,4,134,0.8500000000000001,24,0.03252440253822161,0.23354215645279552
1139,4,135,0.9500000000000001,21,0.03839485716972349,0.2197683782875725
1139,4,137,1.0,21,0.04077555618726126,0.22140048945715995
1139,4,139,0.8,12,0.04025146671448705,0.21736746089449074
1139,4,140,0.9,26,0.03181725754215329,0.23057955190218543
1139,4,143,0.9500000000000001,17,0.028999537026899044,0.2325715858790303
1139,4,146,0.9,18,0.044864516788331726,0.21680129850175106
1139,4,147,0.8500000000000001,13,0.04464365137789697,0.22721391706638108
1139,4,150,1.0,22,0.037044586860815854,0.2142282326345191
1139,4,153,1.0,21,0.0441119305329895,0.2210819106161089
1139,4,155,0.75,15,0.036380716952598494,0.22575177280897624
1139,4,156,0.75,15,0.03169380620545979,0.2241502585090049
1139,4,159,0.9,20,0.031182452729158858,0.2321689858671753
1139,4,161,0.8,13,0.034835148305003234,0.22542689642849167
1139,4,165,0.65,18,0.030609561003880074,0.22530241879185425
1139,4,168,0.8500000000000001,12,0.03355383547903082,0.2368399979193807
1139,4,170,0.8,13,0.038255431792156375,0.22724331268066222
1139,4,175,0.7000000000000001,6,0.03202143026089641,0.23931153248214665
1139,4,177,0.7000000000000001,16,0.044321844711411075,0.22919033029033828
1139,4,178,0.8500000000000001,16,0.03803698113301589,0.2336215316914036
1139,4,221,0.8,12,0.036730960890824255,0.2427563901403572
1139,4,275,0.8500000000000001,16,0.04060054469597013,0.22632438627212376
1140,0,0,0.6000000000000001,7,0.06232238806552227,0.19969561496156096
1140,0,1,0.55,6,0.04212378393555127,0.22701359980061106
1140,0,2,0.75,10,0.037409817022097,0.20126662573895965
1140,0,3,0.8,12,0.04640951344076153,0.19426407826782832
1140,0,4,1.0,7,0.04441027258082457,0.2148409135023905
1140,0,5,0.75,14,0.04784470687396764,0.20545196680580577
1140,0,6,0.8,14,0.05010178443794516,0.20965866325768243
1140,0,7,0.65,10,0.03692766545867023,0.2198849989387183
1140,0,8,0.5,6,0.01240625356838748,0.17358082113612872
1140,0,9,0.7000000000000001,7,0.026266928331434833,0.17780157325038842
1140,0,10,0.55,7,0.03895499138330696,0.18534965862809866
1140,0,11,0.8500000000000001,3,0.024439437092223782,0.1612461935093734
1140,0,12,0.9,8,0.03519106856200866,0.21736265945462588
1140,0,13,0.9,6,0.041592774398418846,0.20106247373453434
1140,0,14,0.9500000000000001,4,0.04970754856390859,0.2202768244716107
1140,0,15,0.8,11,0.03069191233660735,0.19394113629316329
1140,0,16,1.0,6,0.0385418290459379,0.19881735049512872
1140,0,17,0.75,13,0.04958940487842159,0.20790007277647699
1140,0,18,0.65,6,0.03906263155765991,0.2106843155542032
1140,0,19,0.8500000000000001,10,0.03886481578398348,0.19817748392109985
1140,0,20,0.5,6,0.052598779858994776,0.22119449380132183
1140,0,21,0.75,9,0.04044118241526512,0.23217542182649606
1140,0,22,0.8,4,0.06095440171328288,0.22691067888826516
1140,0,23,0.8,13,0.051883541225022055,0.210114187288018
1140,0,24,0.65,9,0.04837458963070518,0.18682826906832262
1140,0,25,1.0,2,0.03843927635488165,0.1693408673918601
1140,0,26,0.8,2,0.11578455166899093,0.18187204164178766
1140,0,27,0.9500000000000001,8,0.0492929113813122,0.23367639162267098
1140,0,28,0.9,12,0.04643315584799293,0.18404017647918267
1140,0,29,0.8500000000000001,4,0.06167458746450743,0.24455599261462457
1140,0,30,0.6000000000000001,12,0.034776832967253785,0.22033863545856655
1140,0,31,0.9500000000000001,6,0.05757810016283839,0.22835874461260972
1140,0,32,0.45,6,0.054077054825966524,0.17798117634807342
1140,0,33,0.75,9,0.03264400495808917,0.1901410208156057
1140,0,34,0.6000000000000001,11,0.03463595883202029,0.198425351342257
1140,0,35,0.6000000000000001,3,0.06841106923238385,0.21556804796410048
1140,0,36,0.6000000000000001,8,0.028126586383519475,0.18481134423998857
1140,0,37,0.9500000000000001,7,0.043060304532438476,0.16290572665320074
1140,0,38,0.9,3,0.03012600917181784,0.13476451578108695
1140,0,39,0.5,11,0.0430651611250252,0.21946838974685054
1140,0,40,0.55,8,0.043093180423976196,0.23120587831254183
1140,0,41,0.75,2,0.016712352627937604,0.18470412249350515
1140,0,42,0.6000000000000001,7,0.04565392179284893,0.23655176974107553
1140,0,43,0.8,9,0.04497165211253563,0.19700376247484797
1140,0,44,0.5,6,0.03019784169921901,0.22754297181433478
1140,0,45,0.75,5,0.06573057963668523,0.17817620183970737
1140,0,46,0.6000000000000001,11,0.046252981740087316,0.20335370951664594
1140,0,47,0.55,7,0.039059982364518964,0.19059038492340394
1140,0,48,0.55,6,0.03576784219668513,0.22308425999993245
1140,0,49,0.55,8,0.04495963885338867,0.18552862033423195
1140,0,50,0.75,8,0.039435504921852965,0.1669803028478312
1140,0,51,0.55,9,0.03521232294492251,0.18532125260524976
1140,0,52,1.0,7,0.031040112375508248,0.1787354498877102
1140,0,53,0.7000000000000001,10,0.04160395140495218,0.2029930611371369
1140,0,54,0.9500000000000001,11,0.046137047131714536,0.19298737834105972
1140,0,55,0.6000000000000001,7,0.05004532205319157,0.22924103966220008
1140,0,56,0.6000000000000001,6,0.015501238597787698,0.18341933948845215
1140,0,57,0.7000000000000001,12,0.03840133979220074,0.2037504894991932
1140,0,58,0.7000000000000001,5,0.019142538218160185,0.23463482774003475
1140,0,59,0.9500000000000001,7,0.04079732337846876,0.19530077874512264
1140,0,60,0.5,11,0.036996425605946646,0.19904891587646098
1140,0,61,0.7000000000000001,9,0.03781470762705318,0.20553059960924142
1140,0,62,0.9500000000000001,10,0.04393213590706741,0.20324149052525392
1140,0,64,0.75,9,0.029756262233979897,0.20683359642523527
1140,0,65,0.65,6,0.025629464128917968,0.18395797287090598
1140,0,66,0.65,6,0.04071920738963641,0.203147594706795
1140,0,67,0.65,9,0.056343724402271776,0.2122787262327337
1140,0,68,0.9,11,0.03571245541671347,0.20042213493307806
1140,0,69,1.0,7,0.04894293979267283,0.16547700403155186
1140,0,70,0.9500000000000001,3,0.06043910161030107,0.18901239780746013
1140,0,71,0.75,8,0.01775835906033296,0.17525299775677075
1140,0,72,0.45,8,0.037195202608174875,0.1872537754914615
1140,0,73,0.8,8,0.029427696048225673,0.18996026603065372
1140,0,74,0.9,10,0.04445366158642067,0.19628011830526942
1140,0,75,0.9,8,0.043304051545890496,0.22276458870837207
1140,0,76,0.8,3,0.023741106785886177,0.12738537682424356
1140,0,77,0.8,10,0.03645179935829585,0.23037574138424866
1140,0,78,0.55,6,0.0430217832461373,0.18132962499159525
1140,0,79,0.4,5,0.0473537838772877,0.22018413437665493
1140,0,80,0.65,11,0.04119010224099745,0.23293527061238592
1140,0,81,0.8,9,0.051369976307438864,0.18838462879119094
1140,0,82,0.7000000000000001,9,0.0666559438107926,0.21729025403168548
1140,0,83,0.9,7,0.04633831519018021,0.1945362970056419
1140,0,84,0.75,11,0.034792295347173645,0.18507175228028563
1140,0,85,0.75,3,0.018556399843445787,0.1570176491943033
1140,0,86,0.8500000000000001,9,0.05107957089473443,0.21725424694453507
1140,0,87,0.6000000000000001,7,0.043758920914525275,0.22376234908809217
1140,0,88,0.8,10,0.04287557038729884,0.19895690952473313
1140,0,89,0.9,10,0.03521583038304853,0.199650205903165
1140,0,90,0.7000000000000001,7,0.06787736210375028,0.18164225581902524
1140,0,91,0.45,7,0.04871881398742459,0.20277801221425668
1140,0,92,0.55,7,0.045619555213041035,0.21154250364658925
1140,0,93,0.8,13,0.03920340032663933,0.1928662990776376
1140,0,94,0.8,11,0.02866941317236039,0.17321449578667855
1140,0,95,0.8,2,0.028281397604613973,0.11999796802765553
1140,0,96,0.8500000000000001,12,0.04363388704956951,0.20948005902563235
1140,0,97,0.9,3,0.05574916848706194,0.1643735792526243
1140,0,98,0.65,2,0.0224066976130357,0.18067761254012668
1140,0,99,0.8,8,0.025360931899011094,0.18440470594340255
1140,0,100,0.75,10,0.05811320796441973,0.21864598260522922
1140,0,102,0.65,11,0.05265314843796948,0.21614510627449127
1140,0,103,0.65,6,0.041029195528458635,0.18684482962267931
1140,0,104,0.8,8,0.058972905926014826,0.18856235856207343
1140,0,105,0.8500000000000001,5,0.025761848206348668,0.16911347493252396
1140,0,106,0.5,6,0.048936130753074514,0.21845838298892317
1140,0,107,0.65,9,0.0582725062826895,0.2168647059319856
1140,0,108,0.8500000000000001,8,0.020402310786001156,0.16905603666721122
1140,0,109,0.75,13,0.04201997419675332,0.2086690839951079
1140,0,110,0.7000000000000001,8,0.05500111688366578,0.19792728378824193
1140,0,111,0.5,6,0.04905470316734139,0.18620815407441338
1140,0,112,0.8,8,0.03904682866590497,0.1913001866846683
1140,0,113,1.0,7,0.04375006640463685,0.16686134274546152
1140,0,114,0.65,14,0.04044754184567167,0.2202334122769137
1140,0,115,0.5,9,0.04301920266321592,0.19438397539971788
1140,0,116,0.5,8,0.033789878624113166,0.2010841519728556
1140,0,117,0.8,9,0.046740049122742204,0.2032187433210567
1140,0,118,0.75,7,0.06995566881370825,0.21061637874794956
1140,0,119,0.5,11,0.03105973568349035,0.20697117487422736
1140,0,120,0.8500000000000001,8,0.05696346761760148,0.1918687716665008
1140,0,121,0.65,12,0.03799077316875765,0.19304131802619626
1140,0,122,0.9,6,0.0645282002689242,0.2285996072591032
1140,0,123,0.6000000000000001,9,0.03985894992716674,0.22173067886418316
1140,0,124,0.6000000000000001,7,0.036715543690202065,0.19250933552740782
1140,0,125,0.6000000000000001,11,0.03211679648107175,0.18302045442831583
1140,0,126,0.8,11,0.035202299147629866,0.1981861844874743
1140,0,127,0.65,12,0.05880308522159404,0.21602169051041464
1140,0,128,0.7000000000000001,7,0.02159065446729878,0.17643220412917468
1140,0,129,0.8,12,0.04610044033438266,0.19950834037124074
1140,0,130,0.7000000000000001,12,0.04251559823512155,0.2041439146681228
1140,0,131,0.6000000000000001,8,0.05277631993803791,0.21855472783682547
1140,0,132,0.55,9,0.046556440747169976,0.20278026968028845
1140,0,133,0.5,6,0.026173162902394298,0.1767774372122173
1140,0,134,0.8,10,0.045671998676384024,0.19659385244729513
1140,0,135,0.7000000000000001,6,0.03960441636660371,0.19105191295607205
1140,0,136,0.55,11,0.04692913094866837,0.19928864605873997
1140,0,137,0.5,11,0.048817690474732826,0.2145756654311505
1140,0,138,0.9,10,0.04678249608665708,0.2001458553230596
1140,0,139,0.6000000000000001,10,0.04006067432432412,0.20108723802760342
1140,0,141,0.65,5,0.05149062142843433,0.176988769837283
1140,0,142,0.65,5,0.019178747223483505,0.16196549078445005
1140,0,143,0.7000000000000001,11,0.04334522523099587,0.1900426603741014
1140,0,144,0.6000000000000001,7,0.04189258728280656,0.21438611887318948
1140,0,145,0.9,11,0.06161112650311395,0.21341005319962159
1140,0,146,0.55,9,0.043177624226246165,0.20103956892454752
1140,0,147,0.6000000000000001,8,0.024102220823413543,0.17699217997610836
1140,0,148,0.7000000000000001,5,0.04018628951681166,0.17945894610457191
1140,0,149,0.4,5,0.042549468221110144,0.18678872000561247
1140,0,150,0.9500000000000001,5,0.0591652413250047,0.2146846077591257
1140,0,151,0.7000000000000001,10,0.03529913541908881,0.19373578125880977
1140,0,152,0.7000000000000001,9,0.045006117380672006,0.20863745678260764
1140,0,154,0.55,7,0.05035176898451979,0.20944400203839944
1140,0,155,0.75,8,0.05722882114578347,0.1860614721418085
1140,0,156,0.55,5,0.025901315014069316,0.1759127251322198
1140,0,157,0.65,7,0.06970660255698874,0.19207629998906267
1140,0,158,0.8,11,0.04527372787288345,0.20211665673943466
1140,0,159,0.6000000000000001,7,0.05927241115251833,0.20744790489089773
1140,0,160,0.45,7,0.04903539370080427,0.2019193054337947
1140,0,162,1.0,11,0.04111482774046013,0.19604688531607947
1140,0,163,0.7000000000000001,6,0.04452852245447719,0.170265367231931
1140,0,164,0.7000000000000001,14,0.049791374148431496,0.1934034724725912
1140,0,165,1.0,12,0.04708562107861293,0.19840824274371202
1140,0,167,0.7000000000000001,11,0.04566580506488655,0.21731172445009783
1140,0,168,0.45,12,0.048369279672913934,0.23031511785242073
1140,0,169,0.45,9,0.03432385037072757,0.19635320396854455
1140,0,171,0.45,6,0.0428514183604884,0.20528956707999077
1140,0,172,0.8,11,0.036806336184277935,0.19530073352609412
1140,0,173,0.5,9,0.03375661233163018,0.19665037334327645
1140,0,177,0.55,4,0.04276178224177943,0.2627116282736653
1140,0,178,0.8,12,0.04933506570245258,0.20858853528808075
1140,0,179,0.8500000000000001,7,0.032168481230629306,0.18672984833882586
1140,0,180,0.9,6,0.02259656370805477,0.17969871656586903
1140,0,181,1.0,11,0.05108255076386049,0.1896864704526244
1140,0,182,0.75,8,0.03378590127073395,0.19060304524313704
1140,0,183,0.6000000000000001,4,0.06278477448338692,0.1852352972313062
1140,0,184,0.8,10,0.04554001349274887,0.1935968844686935
1140,0,186,0.7000000000000001,9,0.02857712115444486,0.20410277043260638
1140,0,188,0.8500000000000001,9,0.04074166351120097,0.19856270166332188
1140,0,189,0.6000000000000001,13,0.05083879879214272,0.22091875016206536
1140,0,190,0.8500000000000001,7,0.04628013589488287,0.21204703921163381
1140,0,191,0.6000000000000001,9,0.049656115229554626,0.18943949577224023
1140,0,192,0.65,8,0.046117312863805,0.21724280796695583
1140,0,193,0.65,9,0.04227716883783698,0.191503700830988
1140,0,194,0.6000000000000001,7,0.06745994953591268,0.20909906990965796
1140,0,195,0.9,10,0.03890880915618437,0.20029894989979277
1140,0,197,0.8,9,0.0633048947227416,0.20169200412094881
1140,0,198,0.7000000000000001,9,0.04382893785738927,0.2200816736041401
1140,0,199,0.8,8,0.04254069935178688,0.21710919628171813
1140,0,200,0.9,8,0.04049945522335738,0.22526168342167402
1140,0,201,0.75,4,0.05412011521145398,0.17692346518923838
1140,0,202,0.9,9,0.04376914293539963,0.2087362995303625
1140,0,204,0.75,11,0.04316964756148859,0.20706237502971375
1140,0,205,0.4,3,0.009072789762385543,0.18653213806487945
1140,0,206,0.8,7,0.037124962517057054,0.18826475160563882
1140,0,207,0.9500000000000001,14,0.05121293020410348,0.21479054398968125
1140,0,208,0.8,5,0.019815021429800767,0.18409098507226845
1140,0,209,0.55,8,0.030540102672854414,0.23932069006762718
1140,0,210,0.8,15,0.0461164535775403,0.1896388789518424
1140,0,211,0.8500000000000001,5,0.0459029668712046,0.2213185694497009
1140,0,212,0.6000000000000001,6,0.029499560699876668,0.19325135453170425
1140,0,213,0.8500000000000001,9,0.04347978443631363,0.16542469186774167
1140,0,214,0.7000000000000001,4,0.02083987445912953,0.16837749983778144
1140,0,215,0.45,10,0.04320331406100276,0.21350342303555542
1140,0,217,0.65,5,0.06434102732839506,0.2026744714629916
1140,0,219,0.8,12,0.04474738110343464,0.19000299274045063
1140,0,222,1.0,5,0.07044921548824311,0.20642910916835908
1140,0,223,0.5,9,0.05929137142505917,0.21192185130874075
1140,0,224,0.7000000000000001,9,0.040716794759152686,0.19605899405080066
1140,0,225,1.0,10,0.03152821726434652,0.1987687313605941
1140,0,227,0.55,7,0.054778111922500046,0.21108888428170855
1140,0,228,0.45,11,0.04441617077297125,0.2150450081418873
1140,0,230,1.0,11,0.021438859800665545,0.16774444225842836
1140,0,231,0.8,6,0.04384787704939461,0.24511896913173337
1140,0,232,0.65,11,0.05208952436250647,0.19576236575620803
1140,0,233,0.4,9,0.055820116802858324,0.20476632185736984
1140,0,235,0.55,9,0.04236544761567995,0.20730688218646223
1140,0,237,0.4,8,0.0254352892389699,0.1974451699202304
1140,0,242,0.6000000000000001,8,0.02326509615398241,0.20201891074890213
1140,0,244,0.7000000000000001,15,0.04555520008668917,0.22576817322703413
1140,0,245,0.65,7,0.02567088965013126,0.2057214245851826
1140,0,246,0.5,8,0.03820992214259553,0.20538033890977908
1140,0,247,0.6000000000000001,7,0.051666933967731955,0.20848545908508775
1140,0,249,0.6000000000000001,5,0.03258840915552698,0.18710285015385217
1140,0,250,0.6000000000000001,5,0.051394500672297644,0.2275873240636292
1140,0,252,0.55,7,0.0557512241416959,0.2013936040538364
1140,0,254,0.6000000000000001,11,0.0409985868911456,0.19945552185467944
1140,0,257,0.6000000000000001,16,0.043026315386787584,0.20419583349267717
1140,0,261,0.55,11,0.0366119295246521,0.21337226454693378
1140,0,266,0.55,8,0.039328982516697954,0.19977318397277927
1140,0,267,1.0,10,0.04798652934848954,0.19832878203679502
1140,0,271,0.65,6,0.02642462452672502,0.17690397235087893
1140,0,272,0.8,11,0.03778951424672078,0.18948757111791315
1140,0,273,0.6000000000000001,5,0.0486970863006641,0.22303637026276307
1140,0,281,0.75,12,0.038722418260614046,0.20776330755053274
1140,0,285,0.55,13,0.05836325879369035,0.20577804764675106
1140,0,288,0.45,6,0.03642940588965069,0.20243648580839843
1140,0,289,0.6000000000000001,5,0.04028495701691769,0.20605131157217965
1140,0,290,0.7000000000000001,7,0.051798369832734246,0.21702816247893847
1140,0,303,0.65,10,0.03403147288856476,0.21206058882343534
1140,0,304,0.7000000000000001,7,0.04890166649300608,0.20259157302946576
1140,0,309,0.55,9,0.04589521475507905,0.22135527566392688
1140,0,315,0.4,11,0.043208159475385984,0.23149359448219087
1140,0,316,0.55,7,0.020170824153786137,0.18565430409105474
1140,0,317,0.45,8,0.033571734498184715,0.19688722677956522
1140,0,323,0.55,9,0.052416970158872034,0.22702094138220053
1140,0,346,0.8500000000000001,14,0.04843405514577511,0.18998418001476008
1140,0,353,0.45,6,0.042224897380554016,0.2367509754683447
1140,0,366,0.65,11,0.05810623233774432,0.21430098208268775
1140,0,369,0.75,7,0.03937784644360386,0.2326373810282689
1140,0,375,1.0,8,0.040435460983254005,0.226043786771286
1140,0,377,0.55,7,0.029076646720273738,0.20083064559832767
1140,0,382,1.0,11,0.0528969866301255,0.23417708237418478
1140,0,398,0.8,11,0.05567221869662336,0.23287678498412923
1140,0,400,0.8,9,0.060145091621860554,0.20865110392150787
1140,0,405,0.6000000000000001,7,0.060032290149330654,0.20523270486910813
1140,0,409,0.6000000000000001,8,0.03713436453868309,0.19015542660215815
1140,0,411,0.55,9,0.045622222400644806,0.18329163160802403
1140,0,416,0.45,9,0.03980647861663356,0.21379750863556912
1140,0,417,0.5,4,0.04766586274524499,0.23230599662081577
1140,0,418,0.45,7,0.04417198573803286,0.21360322711137694
1140,0,424,0.5,12,0.04423350835192676,0.2108960313291497
1140,0,430,0.45,6,0.04510405066630245,0.22213050953812785
1140,0,432,0.8500000000000001,12,0.059071658916775446,0.2001262896451733
1140,0,437,0.5,3,0.02556888910378609,0.16364717421914612
1140,0,439,0.75,5,0.05019331008951119,0.2501773406186636
1140,0,444,0.65,4,0.044047464031228,0.24033314304103676
1140,0,450,0.6000000000000001,6,0.05136792554464992,0.20823266297198426
1140,0,473,0.55,8,0.04038565395176006,0.21848465588014598
1140,0,477,0.6000000000000001,8,0.047410308194103926,0.2084557157587134
1140,0,481,0.5,7,0.05523093287573698,0.20723380362094404
1140,0,484,0.45,8,0.034967160495581545,0.24975420892393174
1140,0,485,0.65,10,0.04425299920098729,0.20222267392238283
1140,0,488,0.5,7,0.042895071386768666,0.20296108937409146
1140,0,496,0.5,5,0.029723489667502188,0.21086496556854728
1140,0,513,0.6000000000000001,14,0.05490339197393125,0.1942345059488094
1140,0,516,0.5,6,0.03555785241299598,0.2129169159192361
1140,0,521,0.55,8,0.05092984138540144,0.22260598826112948
1140,0,537,0.8,12,0.0429517793129373,0.2174702613983955
1140,0,540,0.65,9,0.07462841932020135,0.222956205530065
1140,0,545,0.55,7,0.049566468917939074,0.21457165141820575
1140,0,546,0.6000000000000001,8,0.046202849218679044,0.20469835132956216
1140,0,556,0.55,7,0.02599689172192317,0.19476340955752142
1140,0,562,1.0,10,0.009208102070094775,0.18531351542922483
1140,0,563,0.8500000000000001,11,0.05252712916610293,0.19912340864605937
1140,0,565,0.65,6,0.040278438288413015,0.2097957247204986
1140,0,591,0.4,5,0.04935696758663819,0.20137407848408437
1140,0,604,0.65,9,0.04343154363148818,0.2144087702654991
1140,0,607,0.55,6,0.04133512609389198,0.26278581198782613
1140,0,621,0.75,7,0.03929487552119563,0.22240095670848606
1140,0,629,0.4,8,0.042776458323168,0.23856149218296785
1140,0,649,0.55,9,0.025311267547683352,0.21080235320495636
1140,0,651,0.9,6,0.026856681283185482,0.21363255745358178
1140,0,661,1.0,9,0.029437075823306864,0.18928824643771983
1140,0,672,0.45,5,0.03245633430077949,0.19055423870345456
1140,0,673,0.4,7,0.04983600247883022,0.22828013124979768
1140,0,674,0.45,8,0.043874906940182284,0.21306498723332468
1140,0,676,0.55,9,0.030050494730701156,0.1714484276967459
1140,0,679,0.8500000000000001,9,0.0396900813427892,0.21329273739346266
1140,0,686,0.65,14,0.03988137513902734,0.20796970414584948
1140,0,691,0.65,7,0.04352203625296253,0.22457929751861788
1140,0,698,0.55,8,0.03931034401164611,0.2081116310699293
1141,1,0,0.5,8,0.04078231040821125,0.2065822470282856
1141,1,1,1.0,11,0.03383878952388961,0.21016043514090557
1141,1,2,0.5,9,0.02872932513707788,0.2013101788310249
1141,1,3,0.8500000000000001,13,0.028566357751128958,0.21830855738578195
1141,1,4,0.75,6,0.015184462992357178,0.2162015721405279
1141,1,5,0.6000000000000001,16,0.03016612360575275,0.21485740693561922
1141,1,6,0.75,10,0.03669467600055442,0.24081088728142377
1141,1,7,0.65,11,0.029026805018650032,0.20676733280990625
1141,1,8,0.8,11,0.029703231492994957,0.21064673808188605
1141,1,9,0.5,7,0.02669582765922765,0.20682852779890043
1141,1,10,0.8,9,0.03014720984992896,0.20756118672445964
1141,1,11,0.45,7,0.023064053128247917,0.22288508963985673
1141,1,12,0.9,3,0.015133627337160983,0.18125079006423625
1141,1,13,0.45,9,0.02862712234018621,0.19657531594999195
1141,1,14,0.55,11,0.03048590619366944,0.20819668076143108
1141,1,15,0.5,6,0.028671037617141574,0.2007051871642768
1141,1,16,1.0,18,0.02098256037432895,0.20886415878495737
1141,1,17,0.65,13,0.03501903895351837,0.21006852567705273
1141,1,18,0.35000000000000003,12,0.018985733371298625,0.20253656479861318
1141,1,19,0.8500000000000001,2,0.024047087860791256,0.20451420404073883
1141,1,20,0.6000000000000001,11,0.03166010180052259,0.2143854472383304
1141,1,21,0.6000000000000001,7,0.018430861301529714,0.20273378314964924
1141,1,22,0.9,7,0.055979812116905184,0.19951773509984694
1141,1,23,0.75,8,0.03823810457494967,0.1785639813616003
1141,1,24,0.7000000000000001,9,0.04355275303737849,0.20488799974516195
1141,1,25,0.9,6,0.043318115766604916,0.18251149166097466
1141,1,26,0.9,2,0.009318314714729254,0.1809213016225692
1141,1,27,0.45,9,0.03582909595289774,0.22184288569246113
1141,1,28,0.65,10,0.021880826548793048,0.20487247279003107
1141,1,29,0.8,9,0.03923654635816286,0.18996425835474426
1141,1,30,0.8,7,0.015287315076106818,0.1933111808685141
1141,1,31,0.65,10,0.031199276518548924,0.22193719602181944
1141,1,32,0.9,8,0.041248045590397624,0.1876865995425154
1141,1,33,0.8500000000000001,2,0.07434141018591434,0.15256731526543071
1141,1,34,0.8,11,0.040684078414164965,0.21613785759340357
1141,1,35,0.4,7,0.024167277268592757,0.19854712598297672
1141,1,36,0.55,8,0.020655907025709876,0.2160934370876053
1141,1,37,0.6000000000000001,11,0.02490634343919081,0.1966871752493849
1141,1,38,0.8,12,0.03898037472401238,0.21832776160546466
1141,1,39,0.7000000000000001,4,0.016652646305811772,0.18286584811093515
1141,1,40,0.55,11,0.023674156712891272,0.22772014884488564
1141,1,41,0.75,10,0.040553149992968364,0.1989597268672723
1141,1,42,0.8,9,0.020869984883772466,0.20410518169446637
1141,1,43,0.8500000000000001,3,0.06367445330658815,0.17046297965271062
1141,1,44,0.65,9,0.0467891674310965,0.20110008900666218
1141,1,45,0.6000000000000001,10,0.01582615341075559,0.2129544985052488
1141,1,46,0.75,6,0.019486003462885322,0.21855984849878976
1141,1,47,0.65,9,0.012264252309486481,0.21030965171298585
1141,1,48,0.75,5,0.06548440395038721,0.19670652842355857
1141,1,49,0.6000000000000001,9,0.047686918576433625,0.20230655428964506
1141,1,50,0.9,4,0.05577420502225702,0.1722650107889778
1141,1,51,0.7000000000000001,7,0.02487506748982166,0.19900657023883128
1141,1,52,0.4,2,0.004205637116199497,0.17592590192494312
1141,1,53,0.9500000000000001,11,0.029674437879647474,0.21486514797192166
1141,1,54,0.5,7,0.022446008691933243,0.1933827291103861
1141,1,55,0.7000000000000001,13,0.029965780062847152,0.21465278222957698
1141,1,56,0.8500000000000001,7,0.020934310154780828,0.20665585637601644
1141,1,57,0.8,10,0.007187993919249827,0.22036618899370297
1141,1,58,0.8,10,0.021890116295616706,0.20246886419851978
1141,1,59,0.65,5,0.020084409227063144,0.20706399118250957
1141,1,60,0.9,8,0.05003913350368015,0.19438762583400587
1141,1,61,0.75,4,0.012687855617281769,0.1731711984314985
1141,1,62,0.6000000000000001,10,0.03888919788705318,0.22932966510144204
1141,1,63,0.4,9,0.018275444645881312,0.20879888757929338
1141,1,64,0.65,11,0.025142240919850498,0.2235938600235193
1141,1,65,0.75,4,0.03625848724060133,0.1543603732262915
1141,1,66,0.6000000000000001,9,0.026220158618063056,0.1954528766746817
1141,1,67,0.8,10,0.029406881719102943,0.20096380890426283
1141,1,68,0.65,10,0.03351339775932725,0.19938669893016764
1141,1,69,0.9,10,0.02612849086614899,0.21414756596596218
1141,1,70,0.8,8,0.03288330981840296,0.21049049030162303
1141,1,71,0.6000000000000001,10,0.021667904730622863,0.1978820371400085
1141,1,72,0.4,6,0.010489605644182862,0.21373918651303514
1141,1,73,0.9500000000000001,10,0.025172788903852248,0.2029298249847372
1141,1,74,0.9,5,0.02894689946638318,0.20818856126701374
1141,1,75,0.8500000000000001,12,0.01682316430381912,0.2067621311685107
1141,1,76,0.65,11,0.0428604771371763,0.20425689314224327
1141,1,77,0.6000000000000001,12,0.04018912974504632,0.21903221487847255
1141,1,78,0.6000000000000001,10,0.03224361199029594,0.22734075852444224
1141,1,79,0.8500000000000001,8,0.025774122202343475,0.19722673587611728
1141,1,80,0.8500000000000001,12,0.041098196725465226,0.20003423090610772
1141,1,81,0.9500000000000001,11,0.02855674889490851,0.2138791969308774
1141,1,82,0.8,14,0.029855895344615174,0.20985472959269116
1141,1,83,0.5,13,0.0243316642210107,0.20554204168475343
1141,1,84,1.0,12,0.01716184904841118,0.2026557673765569
1141,1,85,0.5,10,0.03462023576515128,0.20712483886108335
1141,1,86,0.7000000000000001,8,0.024779452934023793,0.20586290783008893
1141,1,87,0.8,11,0.036104500740187284,0.21527850200633655
1141,1,88,0.6000000000000001,6,0.04602929859414747,0.1907890476239231
1141,1,89,0.75,10,0.042426245764797844,0.21475752230754633
1141,1,90,1.0,2,0.021780566423518333,0.18973344431470757
1141,1,91,0.7000000000000001,3,0.009934965724084064,0.18811195788391855
1141,1,92,0.7000000000000001,8,0.021767438265420398,0.2174253625773022
1141,1,93,0.6000000000000001,7,0.0415625624832238,0.2162186458443915
1141,1,94,0.45,7,0.03555530163684165,0.22799790254714208
1141,1,95,0.8500000000000001,9,0.04725152411017971,0.20421095571107478
1141,1,96,0.8500000000000001,10,0.028001024730955972,0.2207301782901625
1141,1,97,0.8500000000000001,9,0.048404482230325785,0.2008342404489201
1141,1,98,0.5,8,0.022164791580387554,0.20781628643738936
1141,1,99,0.65,17,0.019802933923773327,0.21338004171431948
1141,1,100,0.65,8,0.0425070371484611,0.19336598565682395
1141,1,101,1.0,6,0.06183744600312017,0.2069780504231502
1141,1,102,0.6000000000000001,6,0.04532393402974026,0.22339468720768582
1141,1,103,0.55,8,0.030301383058198978,0.2345910033447497
1141,1,104,0.55,10,0.026582202975364542,0.20594486912778542
1141,1,105,0.5,11,0.028700842667146693,0.21660689529153354
1141,1,106,0.8500000000000001,12,0.014560545076270777,0.2088548299809101
1141,1,107,0.75,8,0.037086581292481526,0.17626525479031474
1141,1,108,0.55,8,0.023803227712630364,0.203727933786446
1141,1,109,0.7000000000000001,9,0.027853919607309062,0.20726621170359152
1141,1,110,0.8,12,0.04806862087818497,0.21733974413929427
1141,1,111,0.6000000000000001,12,0.029269062621547336,0.20735410636096926
1141,1,112,0.55,5,0.02063847306291073,0.20337047795187396
1141,1,113,0.9,8,0.01686064856677356,0.1990227316165877
1141,1,114,0.4,8,0.040003627183738046,0.22163090566762478
1141,1,115,0.5,11,0.02036867075772762,0.19826110980406406
1141,1,116,0.75,14,0.0437489908953775,0.19863711595321853
1141,1,117,0.75,10,0.018995885103603276,0.1958140224678877
1141,1,118,0.6000000000000001,12,0.032720746135531976,0.21967006764002786
1141,1,119,0.7000000000000001,9,0.028280155939419686,0.21690594013447653
1141,1,120,0.5,5,0.009964475332855612,0.21086102879285784
1141,1,121,0.4,9,0.03254322068377394,0.2143589407828179
1141,1,122,0.7000000000000001,9,0.03168557189074824,0.2206275317641916
1141,1,123,1.0,8,0.042823610438915145,0.18929620120014212
1141,1,124,0.6000000000000001,8,0.01830938473194577,0.19499151857160615
1141,1,125,0.75,15,0.03546598842064961,0.2092478091674881
1141,1,126,0.65,11,0.01847682643392509,0.20374183128767925
1141,1,127,0.5,8,0.02570924797990845,0.20542880374152547
1141,1,128,0.9,16,0.03830300380712076,0.2126539830659876
1141,1,129,0.8,9,0.04539632477184213,0.21736413831644744
1141,1,130,0.45,7,0.03794942579500234,0.22462705373211977
1141,1,131,0.55,9,0.04081361238246127,0.221873175686593
1141,1,132,0.65,11,0.02450002740975235,0.20678223313136979
1141,1,133,0.9,2,0.03486905271622745,0.1987196374999692
1141,1,134,0.5,8,0.04019233406238271,0.184780853112425
1141,1,135,0.6000000000000001,7,0.03426009426908487,0.21319491509547617
1141,1,136,0.7000000000000001,11,0.04958277523030021,0.19654894960545324
1141,1,137,0.9500000000000001,9,0.03060360891615597,0.21516261341760204
1141,1,138,0.8500000000000001,9,0.022656749740201067,0.19492241625036613
1141,1,139,0.4,6,0.022482826179673964,0.1989129602059073
1141,1,140,0.75,14,0.04332616185221735,0.20703490621495071
1141,1,141,0.65,9,0.021044075831177348,0.2117390586246331
1141,1,142,0.9500000000000001,11,0.037701383944911813,0.193396694284933
1141,1,143,0.7000000000000001,12,0.021634478674317514,0.20332419487089515
1141,1,144,0.7000000000000001,2,0.037463717906354145,0.1973877448315044
1141,1,145,0.55,5,0.02390075986960538,0.21536588229451784
1141,1,146,0.7000000000000001,11,0.032544300869920474,0.2177069584725121
1141,1,147,0.7000000000000001,12,0.02064433009390212,0.20786094189184498
1141,1,149,0.5,6,0.016528692737945452,0.20360847656096473
1141,1,150,0.6000000000000001,12,0.02597489074247523,0.2064526261600987
1141,1,151,0.45,8,0.015263101445170367,0.20876092853763006
1141,1,152,0.7000000000000001,8,0.02693032726881786,0.2033711610318349
1141,1,153,0.45,10,0.03521008640991622,0.21594809781815177
1141,1,154,0.75,11,0.016965880520224307,0.20497198473190828
1141,1,155,1.0,7,0.02491326000907645,0.20299879539461127
1141,1,156,0.55,8,0.03176708241149596,0.2173595253915415
1141,1,157,0.55,10,0.03448467416107774,0.21477528088498268
1141,1,158,0.4,7,0.024299525137674846,0.1984374924834284
1141,1,159,0.45,9,0.018163727404923384,0.21046960670532158
1141,1,160,0.65,10,0.03449560432477602,0.2006925515094172
1141,1,161,0.8500000000000001,5,0.05087776156974414,0.18097918914141428
1141,1,163,0.7000000000000001,9,0.02726850572660471,0.20916266576415807
1141,1,165,0.45,10,0.031185469253707295,0.20067952499842384
1141,1,166,1.0,9,0.054332401993348836,0.20508110675654562
1141,1,167,0.5,8,0.0409931557877177,0.2240069871103735
1141,1,168,0.8,9,0.023219967052741732,0.18994330774513804
1141,1,169,0.55,11,0.021894527240756367,0.2094248450755958
1141,1,170,0.65,7,0.03903516402513654,0.21727949715986955
1141,1,171,0.6000000000000001,18,0.028893443889418294,0.21123258581923607
1141,1,173,0.6000000000000001,13,0.03414092698431228,0.20738737322075862
1141,1,174,0.9,5,0.02099081537118671,0.20047211517308455
1141,1,175,0.6000000000000001,7,0.036081375457346056,0.20443577910749827
1141,1,176,0.75,7,0.04362186284910531,0.236100773539009
1141,1,177,0.5,8,0.033568245836160214,0.22337034746500184
1141,1,180,0.7000000000000001,9,0.017918484426514083,0.21158310594643542
1141,1,181,1.0,10,0.022592783692718898,0.20122205491666603
1141,1,183,0.8500000000000001,9,0.048405820831946764,0.2031320018711113
1141,1,184,0.8500000000000001,5,0.0246202467144574,0.18672202612107086
1141,1,185,0.65,10,0.025578213358790937,0.21637434571585556
1141,1,186,0.8,8,0.03810339136796614,0.2077786139920328
1141,1,187,0.9,10,0.035327628638247975,0.21310206255136363
1141,1,189,0.45,5,0.020974531980395693,0.1949098625527572
1141,1,190,0.8500000000000001,8,0.02147126538767981,0.21143357792044956
1141,1,191,0.6000000000000001,14,0.028005940313548135,0.20454292165250368
1141,1,193,0.55,11,0.017775249795999225,0.20616001027981554
1141,1,194,0.8,7,0.03364273467324523,0.21827105200934954
1141,1,196,0.6000000000000001,9,0.025505385821457616,0.20204073169473055
1141,1,197,0.75,13,0.045571681810603705,0.20610442785791516
1141,1,198,0.75,9,0.01988655995753446,0.20091129321070855
1141,1,199,0.45,5,0.034148914018593796,0.2260413034104861
1141,1,200,1.0,7,0.04248788287321459,0.19006310909969906
1141,1,201,0.65,8,0.016892873201970478,0.2161775070978546
1141,1,203,0.55,8,0.04072496848515267,0.22478506144093896
1141,1,205,0.6000000000000001,13,0.019853631198249205,0.2088976482633715
1141,1,208,0.9,14,0.024169025784670402,0.2070642096003132
1141,1,209,0.55,12,0.035735065849929866,0.23040117262371565
1141,1,210,0.75,12,0.02072275205715878,0.20627489017786008
1141,1,211,0.8,11,0.041528955415530755,0.22311296387706037
1141,1,214,0.6000000000000001,7,0.04642751915135237,0.19906331478714384
1141,1,215,0.5,7,0.02790056864540886,0.19952267533083928
1141,1,216,0.45,6,0.020944198407742885,0.2021053929640767
1141,1,218,0.8,13,0.04018458773990485,0.2025684876861012
1141,1,219,0.5,9,0.03876065058375389,0.2164284877911251
1141,1,221,0.5,6,0.026430669724665023,0.20336155620869065
1141,1,222,0.7000000000000001,11,0.02319520090638232,0.2285507554441573
1141,1,223,0.55,6,0.02032806913181528,0.205992774160076
1141,1,224,0.55,5,0.01828024966455228,0.20491528334212541
1141,1,225,0.7000000000000001,11,0.04155671898337072,0.19882316929591354
1141,1,227,0.55,7,0.030746714536675157,0.20063145940696556
1141,1,228,0.6000000000000001,11,0.039820435936350575,0.21131248588252236
1141,1,230,0.4,7,0.026530545602874444,0.2043763527625234
1141,1,231,0.8500000000000001,11,0.01868380100977336,0.2034665155220523
1141,1,232,0.7000000000000001,10,0.041906793622194016,0.19819270869622369
1141,1,233,0.6000000000000001,6,0.024852428370692806,0.2132706574863212
1141,1,237,0.75,13,0.04764259222854262,0.20324138462308816
1141,1,245,0.8,6,0.04204011401269766,0.23092865396685827
1141,1,253,0.5,7,0.040315523721245715,0.18138274433093615
1141,1,260,0.65,9,0.03922557154274254,0.2055800061709076
1141,1,263,0.65,7,0.016443403440274597,0.2229529270873609
1141,1,267,0.45,11,0.0221945407378486,0.1989571821385108
1141,1,268,0.65,10,0.04050869797846557,0.1938493368025654
1141,1,269,0.9,10,0.02752316912646011,0.21921395880259437
1141,1,275,0.5,5,0.0186222761637803,0.2272144052220703
1141,1,279,0.7000000000000001,8,0.04188231670696869,0.22705716933895925
1141,1,286,0.7000000000000001,5,0.018950762879356986,0.21134690958266403
1141,1,293,0.45,8,0.015433579083382032,0.21864831512944233
1141,1,294,0.75,11,0.030818366815465865,0.21586553133758413
1141,1,296,0.5,13,0.025594415509474593,0.21736017736324442
1141,1,305,0.4,6,0.014679234261182394,0.20949222406503723
1141,1,314,0.5,8,0.026084542026754295,0.21945239989225318
1141,1,319,0.35000000000000003,5,0.024492011565452658,0.20292829513288466
1141,1,326,0.45,7,0.014503882635733167,0.22614342062588055
1141,1,332,0.6000000000000001,5,0.021264664385082132,0.2118559352433822
1141,1,337,0.7000000000000001,10,0.03393236096074643,0.2106178673790981
1141,1,342,0.7000000000000001,14,0.03188083239664198,0.22017426641368673
1141,1,359,0.45,5,0.030894018687870433,0.2094112247117615
1141,1,366,0.65,5,0.020924476506906597,0.1941002522657877
1141,1,370,0.65,6,0.033800735792910666,0.20620391624375653
1141,1,375,0.6000000000000001,12,0.042365570336738455,0.21239968469305834
1141,1,377,0.55,7,0.016739130697001618,0.20881478113741167
1141,1,380,0.6000000000000001,9,0.026257627629547114,0.2117579543624892
1141,1,389,0.65,11,0.0404820693779972,0.20897284979833708
1141,1,392,0.8,5,0.019884994819043617,0.21671004211398898
1141,1,406,0.5,7,0.04697842995894872,0.22866268397802375
1141,1,409,1.0,7,0.02247752172137828,0.19715283913652398
1141,1,416,0.45,8,0.03809190876478913,0.21797379122673405
1141,1,425,0.5,12,0.02752391218667624,0.213021244965632
1141,1,426,0.35000000000000003,6,0.033035928968914954,0.21891284504813
1141,1,434,0.65,6,0.05208356511890734,0.1970254199963485
1141,1,444,0.7000000000000001,10,0.03158785665855844,0.215760442372032
1141,1,452,0.5,11,0.04103320655482077,0.22067867865499216
1141,1,454,0.7000000000000001,9,0.020839804908378657,0.20096526076179608
1141,1,459,0.45,8,0.0393678607085139,0.21826127974891324
1141,1,460,0.55,7,0.046875470536638084,0.23153632849555386
1141,1,470,0.5,7,0.016495249575757372,0.22019582884245284
1141,1,474,0.65,10,0.02394929155217191,0.20208674847309163
1141,1,481,0.6000000000000001,11,0.025642037125973148,0.2131238366362175
1141,1,487,0.5,11,0.029283579327813947,0.21848822668537046
1141,1,492,0.6000000000000001,11,0.03409660798497057,0.21469321624690751
1141,1,499,0.5,6,0.020328206110446,0.21849366326269584
1141,1,511,0.65,4,0.01928723841085671,0.19201895603005265
1141,1,519,0.7000000000000001,8,0.037729206703870304,0.20808823054432046
1141,1,525,0.45,8,0.03616702620456587,0.23962717818985513
1141,1,533,0.65,11,0.02788918837582087,0.21063341370146327
1141,1,537,0.4,7,0.016767977125305176,0.21614524365390436
1141,1,545,1.0,6,0.04103054146291725,0.2262034313940905
1141,1,553,0.55,8,0.018413838069297316,0.21456654352541177
1141,1,556,0.45,11,0.02977958798051841,0.20811891014063005
1141,1,557,0.65,4,0.02445282810023693,0.20585058314937135
1141,1,559,0.6000000000000001,9,0.03348324779801316,0.22643776156031267
1141,1,563,0.75,8,0.056218137250527135,0.2012097538681841
1141,1,567,0.65,15,0.023278871536143646,0.20546964003942164
1141,1,589,0.45,9,0.03726536983483548,0.22683840647730114
1141,1,591,0.6000000000000001,11,0.033255077597228476,0.2131819593352373
1141,1,600,0.5,9,0.032900376956203105,0.21896933888886766
1141,1,603,0.6000000000000001,11,0.025588519153036185,0.21513259774140786
1141,1,632,0.5,8,0.03998121613635685,0.23442539917353877
1141,1,636,0.55,6,0.029509240362542034,0.20322548610398491
1141,1,660,0.55,9,0.025807771577419834,0.19808864862926448
1141,1,665,0.65,11,0.028486522096678287,0.21233986426416881
1142,2,0,0.75,6,0.0678936488616713,0.21580030872312625
1142,2,1,0.65,9,0.039871794084846465,0.17403678829032743
1142,2,2,0.6000000000000001,4,0.013378659208842033,0.17869049458840433
1142,2,3,0.75,3,0.020801999055260458,0.16188822699467278
1142,2,4,0.8500000000000001,4,0.03916656391066044,0.15586438509258704
1142,2,5,0.8500000000000001,11,0.0523507457175354,0.20525588212287074
1142,2,6,0.7000000000000001,6,0.04989272103014989,0.23856305125141408
1142,2,7,0.7000000000000001,14,0.04872438110436849,0.2031784231136409
1142,2,8,0.9,11,0.07129924105760459,0.20979975463004957
1142,2,9,0.5,9,0.04870224312277013,0.21434840032601715
1142,2,10,0.65,8,0.028405901071755956,0.15607365711129084
1142,2,11,0.7000000000000001,6,0.03514191827165775,0.17894228963243305
1142,2,12,0.65,10,0.05182191571575009,0.21416677845886425
1142,2,13,0.5,8,0.04361945824473471,0.23125304490113474
1142,2,14,0.75,8,0.037084622134017774,0.1630006956933666
1142,2,15,0.6000000000000001,7,0.04307992495853067,0.20828207588629405
1142,2,16,0.65,8,0.03952082469917168,0.2066557471335752
1142,2,17,0.5,10,0.0452844596687958,0.22147468673485077
1142,2,18,0.7000000000000001,10,0.0449639035520589,0.17020487770990275
1142,2,19,0.7000000000000001,6,0.03380885344994491,0.1473427305408331
1142,2,20,0.7000000000000001,13,0.051171150225386146,0.23272773526692678
1142,2,21,0.9500000000000001,9,0.04612996382442058,0.1910887142125125
1142,2,22,0.4,8,0.02193478488641415,0.16431366767303002
1142,2,23,0.55,9,0.056103530908389106,0.1994380670889963
1142,2,24,0.7000000000000001,7,0.01556969433777721,0.16628226920199324
1142,2,25,0.55,5,0.03869668679441975,0.15735094227750998
1142,2,26,0.8500000000000001,10,0.04923744202565241,0.17606925840005866
1142,2,27,1.0,11,0.03703205411830059,0.1839544666987593
1142,2,28,0.6000000000000001,14,0.05669426596855227,0.21105199565435878
1142,2,29,1.0,8,0.023870467656185824,0.18618660782383634
1142,2,30,0.65,9,0.045105190269626755,0.2071376456533025
1142,2,31,1.0,6,0.06772735085484162,0.17833714264651948
1142,2,32,0.6000000000000001,12,0.05899341923249962,0.1938592885273734
1142,2,33,0.8,5,0.03976456793767514,0.20940864754124894
1142,2,34,0.8,8,0.026117487927107743,0.1940233201084695
1142,2,35,0.65,5,0.019567252233906877,0.1809793317153094
1142,2,36,0.65,9,0.041693215254725205,0.19491545234965776
1142,2,37,0.6000000000000001,9,0.04296935155304749,0.1776814833782457
1142,2,38,0.8,8,0.045389091576629285,0.1997955971221178
1142,2,39,0.45,8,0.053131351016483315,0.22770055749521428
1142,2,40,0.6000000000000001,7,0.034845846445518434,0.16413612747352208
1142,2,41,0.45,10,0.030408787246338602,0.16527162359099595
1142,2,42,0.9,13,0.04179885247406416,0.19726957476115198
1142,2,43,0.8500000000000001,3,0.027003578444684557,0.15645470528859093
1142,2,44,0.5,7,0.06091939024760219,0.19165513150201005
1142,2,45,0.7000000000000001,7,0.046088435649818446,0.18841409883890828
1142,2,46,0.7000000000000001,8,0.03434518189242127,0.19116597240140118
1142,2,47,0.75,3,0.0321273489667172,0.13537995443511208
1142,2,48,0.7000000000000001,12,0.057994890186266204,0.20108138231894238
1142,2,49,0.9,7,0.026141047453844823,0.16434845585162125
1142,2,50,0.6000000000000001,11,0.0484090730251551,0.20864089968502617
1142,2,51,1.0,2,0.01641212674460387,0.13804918724085752
1142,2,52,0.75,6,0.04114329749946436,0.15684977024246646
1142,2,53,0.9500000000000001,3,0.049619399609774587,0.15769993672818997
1142,2,54,0.7000000000000001,10,0.04672688964680137,0.20871580392092687
1142,2,55,0.65,12,0.04162269007235216,0.22512691479226188
1142,2,56,1.0,6,0.05221678035001558,0.19279105903901553
1142,2,57,0.7000000000000001,11,0.04714597130415255,0.1989785440343773
1142,2,58,0.8500000000000001,7,0.07046868256664435,0.18534497388145083
1142,2,59,1.0,10,0.02787193679254996,0.18664411310686474
1142,2,60,0.8500000000000001,8,0.04229317252081429,0.19073497764437364
1142,2,61,0.8500000000000001,10,0.04292622475864841,0.20048172107998577
1142,2,62,0.8,11,0.02778433697015312,0.17555169704074922
1142,2,63,0.8,8,0.045599572432325625,0.17521120455187802
1142,2,64,0.9,11,0.05073616624604153,0.21242338590591114
1142,2,65,0.7000000000000001,11,0.04398386737265099,0.19339310127560003
1142,2,66,0.7000000000000001,5,0.04730856558154406,0.21631743035096235
1142,2,67,0.65,8,0.060618336297713286,0.18424489654676884
1142,2,68,0.5,10,0.054382242002572266,0.23695225840731698
1142,2,69,1.0,2,0.022649561479884492,0.1751442189786348
1142,2,70,0.55,9,0.03743390536953154,0.18140154424571456
1142,2,71,0.65,10,0.053583230134777,0.1920039749176971
1142,2,72,0.8500000000000001,2,0.09395981031738859,0.1738212713384477
1142,2,73,0.5,4,0.04902982861369508,0.16997287020056978
1142,2,74,0.6000000000000001,8,0.026527567929483846,0.1749313778639015
1142,2,75,0.65,8,0.03385492538104053,0.20103453504480878
1142,2,76,0.6000000000000001,8,0.038753683670930336,0.2127085438719798
1142,2,77,0.75,2,0.018698774944345072,0.11322203056302751
1142,2,78,0.7000000000000001,3,0.03217695681900349,0.16696169776309697
1142,2,79,0.9,11,0.04425182193268041,0.1640714934699108
1142,2,80,0.45,7,0.046171899742091516,0.22216827765961858
1142,2,81,0.7000000000000001,7,0.03550767383313408,0.18521498208846907
1142,2,82,0.65,11,0.06152913034920564,0.20966347436945298
1142,2,83,0.8,6,0.05803856258540033,0.22398420697000002
1142,2,84,0.8500000000000001,8,0.06709254865494425,0.18888443347595252
1142,2,85,0.55,7,0.042983295692571755,0.20491502831860992
1142,2,86,0.7000000000000001,9,0.059430783780891464,0.186493996181084
1142,2,87,0.7000000000000001,9,0.0336901493757431,0.1739816918362884
1142,2,88,0.9500000000000001,5,0.026439768442623215,0.16593570668967417
1142,2,89,0.8,3,0.008145274984767449,0.1421877567727097
1142,2,90,0.9,9,0.03253743335385603,0.1842615555872227
1142,2,91,0.6000000000000001,6,0.026365288367922995,0.1889389357024905
1142,2,92,0.8500000000000001,8,0.060784211902736536,0.21077812326976836
1142,2,93,0.6000000000000001,4,0.05773473757370338,0.22567031005351845
1142,2,94,0.5,2,0.0031057047333659716,0.188404509556126
1142,2,95,0.9,11,0.053956194300290944,0.1852806842904065
1142,2,96,1.0,10,0.062911633307353,0.22085448576416464
1142,2,97,0.8500000000000001,6,0.03573966520968446,0.16668727947763787
1142,2,98,0.8500000000000001,8,0.040809290329187786,0.18815201147832045
1142,2,99,0.65,6,0.046712844412832355,0.1846121064574802
1142,2,100,0.5,9,0.04962382808619488,0.20231031904448962
1142,2,101,0.8,9,0.053653329163718094,0.20787688910634783
1142,2,102,0.45,9,0.051426715596262385,0.21615028778413917
1142,2,103,0.7000000000000001,9,0.050657918913083785,0.19955827139705754
1142,2,104,0.8500000000000001,3,0.02724289879562572,0.13844154177966614
1142,2,105,0.75,9,0.06368771071662464,0.19045031262534343
1142,2,106,1.0,9,0.05763793894572076,0.16972807156530573
1142,2,107,0.8,11,0.04117889898941559,0.17652599559627905
1142,2,108,0.9500000000000001,11,0.047127024573899716,0.2207551081050293
1142,2,109,0.9,4,0.04560086607102728,0.14255828543011514
1142,2,110,0.6000000000000001,11,0.051151656172784325,0.2168454300807929
1142,2,111,0.7000000000000001,3,0.008695212634281966,0.15197486704345228
1142,2,112,0.65,11,0.05772717010781387,0.18813155599095346
1142,2,113,0.55,7,0.027408318228724346,0.17224385601003972
1142,2,114,0.75,8,0.052857390577856996,0.20517235753059276
1142,2,115,0.65,11,0.049742169818491264,0.23104195217569146
1142,2,116,0.6000000000000001,12,0.051179975129652715,0.21264335759744343
1142,2,117,0.75,8,0.028429997023863632,0.17301558950098367
1142,2,118,0.75,7,0.06535470013435044,0.22778883520749463
1142,2,119,0.8,8,0.06350300986621646,0.18830466556236386
1142,2,120,0.55,4,0.03123998477821308,0.19126676531189307
1142,2,121,0.5,7,0.06264381301647141,0.2213789008335323
1142,2,122,0.8,7,0.04254524320775294,0.24740502687842805
1142,2,123,0.5,9,0.04362388866638917,0.22000984015382272
1142,2,124,0.45,5,0.06311218970443801,0.2047692243632766
1142,2,125,0.45,15,0.05063191345854997,0.21322105436816366
1142,2,126,0.65,6,0.037700596963863124,0.165734081714603
1142,2,127,0.65,10,0.04446104550049623,0.17240259300862376
1142,2,128,0.7000000000000001,12,0.05111113059665121,0.20190170495968637
1142,2,129,0.6000000000000001,8,0.05862695185191604,0.20632159489856453
1142,2,130,0.8500000000000001,4,0.036737474196237796,0.15863620813362334
1142,2,131,0.6000000000000001,9,0.05958633269118398,0.2018903392437328
1142,2,132,0.7000000000000001,11,0.04414554898467842,0.19691069919283588
1142,2,133,0.8,2,0.0864688051326626,0.2388573215295961
1142,2,134,0.8,4,0.07593491751290023,0.23191166149394715
1142,2,135,0.7000000000000001,12,0.044545101857948,0.20147815269897315
1142,2,136,0.8500000000000001,4,0.03407462786743945,0.14768661552561405
1142,2,137,0.6000000000000001,10,0.057434638379015905,0.20975563153945026
1142,2,138,0.75,8,0.044631498365409035,0.19990604646047777
1142,2,139,0.75,7,0.05550012573591163,0.18955558200425143
1142,2,140,0.65,9,0.05254419612258279,0.17344637124315984
1142,2,141,1.0,5,0.038540905735670185,0.20032336460781236
1142,2,142,0.8500000000000001,7,0.05346103118804873,0.20775569808200092
1142,2,143,0.7000000000000001,9,0.051296426984214535,0.1696511294360738
1142,2,144,0.6000000000000001,8,0.05989217195123502,0.20460761876090977
1142,2,145,0.5,7,0.05073131748225109,0.23064685919120373
1142,2,147,0.9,5,0.04988590665184932,0.16197762755708
1142,2,148,0.8500000000000001,10,0.046638376008160565,0.16825230711704936
1142,2,149,0.6000000000000001,5,0.07514358654396364,0.22056016742100937
1142,2,150,0.5,7,0.05089909411382201,0.20231058207272137
1142,2,151,0.65,8,0.03749931996640889,0.20033796606611298
1142,2,152,0.75,13,0.04551660856129761,0.18698686952998844
1142,2,153,0.55,9,0.05095450016428772,0.1946498755842323
1142,2,154,0.75,10,0.0657636986154611,0.2181120531337542
1142,2,155,0.65,8,0.0367571257060264,0.189417335611893
1142,2,156,0.75,15,0.04482299015128581,0.1794275904594249
1142,2,157,0.55,7,0.04674036367915781,0.22568053518730125
1142,2,158,0.9,5,0.06563145412134122,0.19075159061244812
1142,2,159,0.65,10,0.03510473482004985,0.15700392379903264
1142,2,160,0.9,11,0.06315615104318538,0.19180330082172467
1142,2,162,1.0,5,0.06715373283364996,0.2506850427870792
1142,2,163,0.7000000000000001,8,0.031756846897223606,0.1696004299669091
1142,2,165,0.75,11,0.05864260724494769,0.22879216139518793
1142,2,166,0.75,11,0.039010152015245776,0.18676441077014772
1142,2,167,0.75,9,0.03965699074266321,0.18698018901932356
1142,2,168,0.7000000000000001,9,0.031314078968182786,0.1791498134340287
1142,2,169,0.65,10,0.03805748321177531,0.2236512351056052
1142,2,170,1.0,7,0.032162838831177015,0.2065461510436206
1142,2,171,0.75,9,0.05263624903670918,0.21445433504709105
1142,2,172,0.9500000000000001,8,0.053148685298051605,0.18588542674424838
1142,2,173,1.0,6,0.0632545551931707,0.19127152086627586
1142,2,174,0.5,6,0.03978154853828146,0.22753305268605106
1142,2,175,1.0,7,0.06440700083225537,0.19055107318587522
1142,2,176,0.4,6,0.0410190740883522,0.2179524709164614
1142,2,177,0.75,5,0.07611376777927686,0.19306866752319987
1142,2,178,0.8,2,0.007901210521937341,0.13908835737095737
1142,2,179,0.9500000000000001,14,0.049648968017031746,0.21252026410359176
1142,2,180,0.9500000000000001,6,0.04135107961679918,0.16811560473914636
1142,2,181,0.8500000000000001,7,0.03323000376712453,0.15973011932258344
1142,2,182,0.75,3,0.020886547617571343,0.12255701456893135
1142,2,183,0.4,6,0.03346071571724021,0.23923889598844747
1142,2,184,0.75,8,0.05211977616027163,0.18371179098661514
1142,2,185,0.8,3,0.03256345739791277,0.1766887096250828
1142,2,186,0.8,11,0.05061142623732461,0.20426299006203982
1142,2,187,0.6000000000000001,9,0.044891515159848815,0.192437903633977
1142,2,189,0.8,5,0.052884695287249595,0.16816429389031323
1142,2,191,0.5,7,0.05711681367157044,0.18591799773111303
1142,2,192,0.5,9,0.043864493268618604,0.17677413053944765
1142,2,193,0.65,6,0.0471633397888429,0.19529415949360485
1142,2,194,0.8,7,0.02576130396134647,0.18542245433876642
1142,2,195,0.8500000000000001,8,0.048496199449903875,0.18235643071538532
1142,2,196,0.8,6,0.03810812745763217,0.18334020885184588
1142,2,197,0.9500000000000001,6,0.03559638530418816,0.17776122856718146
1142,2,198,1.0,6,0.0486242955279909,0.21991956794183443
1142,2,199,1.0,10,0.043781105410268355,0.17365202720779527
1142,2,200,0.35000000000000003,9,0.04711458243064408,0.21112111609661394
1142,2,201,0.75,11,0.039420587618690855,0.1829297646517352
1142,2,202,0.9,2,0.010522498824852749,0.15084812940523695
1142,2,203,1.0,10,0.03569807981871583,0.18223417817680207
1142,2,204,0.9,11,0.059373940982876655,0.20661205094208607
1142,2,209,0.6000000000000001,7,0.059762611613743154,0.22137236492222181
1142,2,210,0.5,9,0.05832959673432396,0.23087888022708114
1142,2,211,0.65,12,0.03016921265840343,0.18774174908551602
1142,2,212,0.7000000000000001,8,0.06824526586773573,0.20386884929637755
1142,2,213,0.5,8,0.045563556563393386,0.19395052942074734
1142,2,214,0.5,9,0.04213956895428685,0.1814271901204458
1142,2,217,0.75,5,0.05863771538952294,0.17934308494712609
1142,2,218,0.8,9,0.04129307631109443,0.19619286164864685
1142,2,221,0.65,4,0.07512139233712606,0.21797623770808322
1142,2,222,0.55,6,0.023800847915291634,0.169930836548251
1142,2,223,0.8,7,0.05174370335969523,0.21707944704928295
1142,2,224,0.5,7,0.05105436574416141,0.17208810937392233
1142,2,225,0.65,7,0.04419943176816283,0.2243761098281761
1142,2,226,0.7000000000000001,9,0.05379544840906814,0.20876534107651332
1142,2,227,0.65,7,0.05170475685835356,0.2116146762490114
1142,2,228,0.8,8,0.05305981266180757,0.19919847831438314
1142,2,229,0.65,9,0.054593613481388185,0.21191202753032057
1142,2,230,0.65,11,0.05245067251202782,0.18954204601638278
1142,2,231,0.7000000000000001,9,0.04833475840458363,0.18129898819540585
1142,2,232,0.7000000000000001,8,0.04500320490371657,0.20721535447485667
1142,2,233,0.65,6,0.053142994294896516,0.20902478778839276
1142,2,234,1.0,11,0.04570496992075607,0.20065312882706962
1142,2,235,0.75,7,0.039685640483433156,0.18679900124365736
1142,2,236,0.4,5,0.057906755097999675,0.22358756058057372
1142,2,239,0.5,9,0.03811569320136419,0.22570545787315321
1142,2,240,0.8500000000000001,10,0.03839054070717375,0.17107114426910108
1142,2,241,0.65,5,0.04899321445625967,0.19624220100366063
1142,2,244,0.65,10,0.04958387890335696,0.16812645679884192
1142,2,246,0.7000000000000001,6,0.035749748845010705,0.18222909597819173
1142,2,247,0.55,8,0.05134947159493,0.20388768711338867
1142,2,248,1.0,12,0.03809382634586394,0.18051111579225243
1142,2,250,0.6000000000000001,7,0.039344966320489054,0.18472112496597765
1142,2,254,0.75,6,0.027338272458563993,0.14997539762705311
1142,2,255,0.65,10,0.04922288640697981,0.1958283858885123
1142,2,257,0.6000000000000001,12,0.06049808987692586,0.2042491243030926
1142,2,258,0.65,9,0.041187977956138815,0.19857434110744218
1142,2,259,0.5,7,0.07334302939412608,0.18616603098142484
1142,2,260,0.5,8,0.030306138833906267,0.16396213443665542
1142,2,261,0.5,7,0.04546635413237599,0.20622342644843755
1142,2,263,0.6000000000000001,9,0.05497482956636916,0.21207809059180763
1142,2,264,0.6000000000000001,9,0.06289062426005909,0.2110952843305524
1142,2,266,0.5,4,0.04631556364151922,0.21366109298795197
1142,2,268,0.8,11,0.045005030552243246,0.22101714153710822
1142,2,269,0.7000000000000001,8,0.04898891283267051,0.2258716966648704
1142,2,273,0.45,4,0.02802665986689077,0.21296556171311704
1142,2,274,0.5,7,0.04258643910505019,0.21231525452541103
1142,2,277,0.75,13,0.04884051014066848,0.2017230806914036
1142,2,279,0.45,6,0.06750065806243828,0.20157601421421958
1142,2,281,0.55,11,0.052816664573079326,0.1962023840960404
1142,2,283,0.5,7,0.036330432151203525,0.16774669509974224
1142,2,287,0.75,10,0.04542106295701079,0.18632896270373156
1142,2,291,0.55,7,0.033413128332627065,0.20582465543713213
1142,2,292,0.8500000000000001,11,0.05457796858229913,0.19065403259774427
1142,2,295,0.5,6,0.05592614688198405,0.20642365415867303
1142,2,299,0.55,7,0.07103013164373548,0.21810016869302
1142,2,300,0.8,6,0.07182772652219084,0.20481686043723776
1142,2,301,0.65,11,0.05954182604400231,0.20019821053504083
1142,2,303,0.65,7,0.06199731973638407,0.21938380154356799
1142,2,305,0.55,5,0.07384249727048067,0.22697711437641238
1142,2,314,0.8500000000000001,10,0.046668898533492244,0.18424681766570594
1142,2,320,0.7000000000000001,9,0.043548247559996395,0.17550469888791087
1142,2,321,0.65,12,0.05115319362492436,0.19297923763443806
1142,2,328,0.65,10,0.045173192561915654,0.19570195194122655
1142,2,332,0.8,9,0.06718845651556682,0.22101069690537542
1142,2,334,0.6000000000000001,11,0.05186254458777036,0.18547340021174819
1142,2,338,0.8,8,0.027772236819602218,0.15664999143248134
1142,2,339,0.7000000000000001,8,0.05189615490912636,0.21530379966940832
1142,2,341,0.65,11,0.04677493620141624,0.194197422147015
1142,2,348,0.5,7,0.04391823619927104,0.2137654116784969
1142,2,350,0.35000000000000003,4,0.06765030552394195,0.23074231356471225
1142,2,353,0.5,8,0.04707162332464138,0.21475695850283139
1142,2,356,0.45,7,0.04514032680909467,0.18871585520389036
1142,2,384,0.65,13,0.049980458853542145,0.20798846185676872
1142,2,394,0.65,10,0.04515425007719512,0.19346529223883524
1142,2,405,0.5,8,0.039966279703403364,0.20845460094913015
1142,2,406,0.7000000000000001,6,0.07766869445407293,0.19007460383164818
1142,2,424,0.55,6,0.029099800561693215,0.19874202219239878
1142,2,425,0.45,7,0.038875177279739014,0.182150317342097
1142,2,433,0.6000000000000001,12,0.059991800394710054,0.21093705196516752
1142,2,450,0.6000000000000001,5,0.04864152300931488,0.24170431995310432
1142,2,452,0.8,7,0.04449381826806468,0.17891496207150168
1142,2,464,0.45,7,0.04106517247903836,0.23728572482960558
1142,2,476,0.6000000000000001,9,0.036221374897867746,0.23092578548359727
1142,2,492,0.5,8,0.03838728305186248,0.2112732430009519
1142,2,499,0.6000000000000001,6,0.07142278908670335,0.22000176315080497
1142,2,518,0.6000000000000001,8,0.049855497214205846,0.19313535613047547
1142,2,519,0.6000000000000001,7,0.05458697445969501,0.18846004708441647
1142,2,520,0.75,10,0.04933431872554843,0.1956623691777093
1142,2,526,0.55,7,0.055914003761292554,0.21025332311557238
1142,2,533,0.7000000000000001,11,0.049942230333012004,0.19268178549781256
1142,2,539,0.5,7,0.052682355089675975,0.2055485712121818
1142,2,570,0.65,9,0.040143593339877943,0.2105516524342522
1142,2,579,0.7000000000000001,11,0.04427446011395438,0.21272282866773076
1142,2,582,0.7000000000000001,8,0.0576893645372794,0.20096311219708657
1142,2,590,0.65,9,0.0565208320473435,0.195566600721002
1142,2,600,0.55,6,0.028871941736126772,0.24750103107982172
1142,2,601,0.5,6,0.05161120694887759,0.2341104925514995
1142,2,628,0.55,5,0.05117453505712189,0.2508736845726077
1142,2,638,0.45,7,0.034783559300593146,0.20449703138531466
1142,2,639,0.9,8,0.052194420066725845,0.2134749314189729
1142,2,642,0.7000000000000001,10,0.03980573276237691,0.21304379246773947
1142,2,649,0.65,9,0.05925798668630783,0.23359619444284474
1142,2,656,0.8,4,0.0359074541206333,0.19167378149266306
1142,2,660,0.4,3,0.05918751181424747,0.19630796688189658
1142,2,662,0.5,11,0.05390644546996589,0.23096021535215175
1142,2,669,0.6000000000000001,9,0.021039624188154193,0.18075468550602997
1142,2,677,0.55,14,0.03267773093364902,0.1913474331940099
1142,2,691,0.55,7,0.04819529365743699,0.21898819214626325
1142,2,697,0.5,11,0.0422238002839671,0.2250065298082557
1142,2,700,0.6000000000000001,6,0.01461577235214088,0.1821803607830723
1142,2,704,0.5,8,0.05007281112000263,0.17676842583237867
1142,2,706,0.5,7,0.06847331872998487,0.20113532653549
1143,3,0,0.9,7,0.023284034885064118,0.1595993710942094
1143,3,1,0.9,12,0.047332955266183696,0.1749923260970736
1143,3,2,0.8,9,0.03601544156657133,0.19424756424761874
1143,3,3,0.35000000000000003,6,0.018445495557676723,0.21080968425172206
1143,3,4,0.75,6,0.05096142354213294,0.16636112211756837
1143,3,5,0.9,9,0.044303367991168734,0.1769605285129443
1143,3,6,0.5,10,0.04162153976495973,0.22484075233376508
1143,3,7,0.5,7,0.04132195771534381,0.24709148170841172
1143,3,8,0.8500000000000001,9,0.0642823748987592,0.18144323053012407
1143,3,9,0.7000000000000001,5,0.0349995412598659,0.1708748317342152
1143,3,10,0.8500000000000001,4,0.03019752447045248,0.13984236655426985
1143,3,11,0.65,9,0.06125695160085768,0.20248288766878642
1143,3,12,0.55,5,0.03810813640735195,0.21116944970811438
1143,3,13,0.65,5,0.03499570984312386,0.18540779612924077
1143,3,14,0.65,10,0.042248015234224466,0.19360783597661593
1143,3,15,0.8,9,0.05537613332962582,0.20420673383528742
1143,3,16,0.9500000000000001,6,0.060686642593667385,0.17015940932653087
1143,3,17,0.7000000000000001,8,0.039848991634121825,0.16587829985786545
1143,3,18,0.6000000000000001,7,0.041202956871558276,0.16553203992682244
1143,3,19,0.9500000000000001,9,0.049343713650399086,0.20600405080432033
1143,3,20,0.8,8,0.04187293044256203,0.18318073182703615
1143,3,21,0.5,10,0.05718763039056394,0.20931789696748834
1143,3,22,0.8,6,0.03988214400990202,0.16528387517143203
1143,3,23,0.65,8,0.05905097335630942,0.20675650936408146
1143,3,24,0.5,8,0.048384687941507874,0.19826151598775738
1143,3,25,1.0,7,0.06029113135734429,0.1805236724072604
1143,3,26,0.8,5,0.06235284108901852,0.19937287615684168
1143,3,27,0.75,12,0.0404826712822426,0.18404740565619337
1143,3,28,0.75,10,0.04462815965818368,0.18849821778337855
1143,3,29,0.55,5,0.05215969892813418,0.17057699531603915
1143,3,30,0.65,7,0.05203400919928135,0.18434171693573073
1143,3,31,0.7000000000000001,9,0.041155420182408586,0.19527449321882018
1143,3,32,0.75,6,0.033233211689854936,0.15522422516399448
1143,3,33,0.45,5,0.05634028077508559,0.18769161334099654
1143,3,34,0.45,6,0.032262526418396824,0.17286557631974964
1143,3,35,0.55,8,0.051566145999347876,0.19622546301530785
1143,3,36,0.6000000000000001,13,0.051286831286934516,0.19445679347395578
1143,3,37,0.5,10,0.056985332610296625,0.20037180785449885
1143,3,38,0.65,4,0.07104938383777415,0.21420443223218677
1143,3,39,0.45,7,0.03873002651890298,0.2123607744573714
1143,3,40,0.75,7,0.046452018123094664,0.208019546966457
1143,3,41,0.8,7,0.05617466030359015,0.1807161729766373
1143,3,42,0.75,11,0.0424780928572548,0.2007687341435224
1143,3,43,0.75,7,0.04207552157908311,0.16932478643107576
1143,3,44,0.7000000000000001,5,0.037809873905004635,0.14356271262388529
1143,3,45,0.7000000000000001,7,0.027604845765225473,0.18047999596234796
1143,3,46,0.55,8,0.04359858972778872,0.18216661965664233
1143,3,47,0.65,8,0.03543797755459982,0.17702156514273565
1143,3,48,0.75,7,0.03533343550949882,0.18733426813591553
1143,3,49,1.0,8,0.0517266666874438,0.18732902750495012
1143,3,50,0.8500000000000001,6,0.04817085276679165,0.181827693210434
1143,3,51,0.55,2,0.03394530266577103,0.13516011492615315
1143,3,52,0.8500000000000001,13,0.04286917269183749,0.1953350133161913
1143,3,53,0.7000000000000001,11,0.06674724671078112,0.19368133145605287
1143,3,54,0.8,7,0.033521905718733244,0.19298313276625936
1143,3,55,0.75,4,0.013699274503421215,0.14663396092899764
1143,3,56,0.65,8,0.04088760052652634,0.19767001432367204
1143,3,57,0.55,8,0.04221667366457231,0.21452695402765573
1143,3,58,0.8,10,0.05227787791583184,0.21480720066405393
1143,3,59,0.8500000000000001,9,0.061110820631892965,0.20825346141164178
1143,3,60,0.6000000000000001,5,0.0277701366024563,0.14386342971904592
1143,3,61,0.7000000000000001,8,0.04465507194545755,0.1661190621398473
1143,3,62,0.65,9,0.055059295529887496,0.19451689052549587
1143,3,63,0.8,5,0.024386016889458604,0.13286806013307342
1143,3,64,0.8,6,0.023069316575013994,0.16652917881594834
1143,3,65,0.8,5,0.05758881332767911,0.18437021613980767
1143,3,66,0.55,10,0.04750661499602747,0.2174745579308733
1143,3,67,0.65,7,0.03527719036752491,0.14920612734302646
1143,3,68,0.65,5,0.05024725338861868,0.16885198254511619
1143,3,69,0.7000000000000001,10,0.05013792522371682,0.19333957772863308
1143,3,70,0.5,5,0.04314168857639976,0.2628594090034754
1143,3,71,0.8500000000000001,5,0.035942098387023586,0.13991909773339056
1143,3,72,0.55,9,0.05882848219363891,0.1976875780900395
1143,3,73,0.5,2,0.016555733209414114,0.1228638324416487
1143,3,74,0.45,8,0.04097970433758957,0.22541089259979247
1143,3,75,0.9,6,0.035327240874640294,0.1848794947229174
1143,3,76,0.55,8,0.05321452299358817,0.20986682955866232
1143,3,77,0.55,8,0.05045359941567295,0.20004737826861674
1143,3,78,0.9,8,0.0462602076070835,0.23143142617928436
1143,3,79,0.75,4,0.03837913642588875,0.13675495364136436
1143,3,80,0.7000000000000001,8,0.03542004653782417,0.1737029164970054
1143,3,81,0.45,9,0.03271747831152421,0.19431913664318573
1143,3,82,0.6000000000000001,8,0.045331984431178765,0.1777736840148298
1143,3,83,0.5,9,0.05486882788053965,0.19143674741154298
1143,3,84,0.8,9,0.045568105162642196,0.18043677033680414
1143,3,85,0.7000000000000001,7,0.04290476558358588,0.19767952542404174
1143,3,86,0.9,10,0.037396228883271654,0.1771480265697755
1143,3,87,0.5,9,0.04964796997565002,0.20961499793609623
1143,3,88,0.5,10,0.0412743488092589,0.1974141262333369
1143,3,89,0.6000000000000001,2,0.09016735650778734,0.17491511045007807
1143,3,90,0.6000000000000001,10,0.047207100955214486,0.2182318033729953
1143,3,91,0.55,7,0.02625736012884791,0.16341683167952545
1143,3,92,0.55,10,0.039766654041687104,0.23418005708744408
1143,3,93,0.6000000000000001,9,0.052104738425727055,0.22407998411791455
1143,3,94,0.65,9,0.03303442308833093,0.18143114609805633
1143,3,95,0.7000000000000001,17,0.05264117484030506,0.2130067220810718
1143,3,96,0.8500000000000001,9,0.058667233519289486,0.20510878808923674
1143,3,97,0.75,8,0.04606987977340842,0.18839434813423495
1143,3,98,0.55,7,0.03865790551886594,0.1952908172338905
1143,3,99,0.6000000000000001,12,0.046457134826313515,0.21379536796103749
1143,3,100,0.7000000000000001,14,0.05999657884751771,0.2073813302552962
1143,3,101,0.7000000000000001,11,0.04964117373756894,0.1886055986124461
1143,3,102,0.5,6,0.050360277248661676,0.1989438411612664
1143,3,103,0.5,9,0.04997901807887509,0.22593815861666877
1143,3,104,0.35000000000000003,8,0.04453635850211104,0.19795698118960045
1143,3,105,0.75,7,0.047558036307687984,0.17323276378734292
1143,3,106,0.55,10,0.04352721959682485,0.2055110569013987
1143,3,107,0.75,5,0.03795053534506864,0.16151429075328597
1143,3,108,0.8,4,0.027055673178263566,0.17683742339702863
1143,3,109,0.75,6,0.027693966085410048,0.1644155463807001
1143,3,110,0.8500000000000001,8,0.05898104254041939,0.19659050514929874
1143,3,111,0.6000000000000001,8,0.06006688038880717,0.1932991992321156
1143,3,112,1.0,7,0.017607460364058285,0.15272667117277683
1143,3,113,0.75,8,0.03253778945643988,0.19156950204051976
1143,3,114,0.9500000000000001,9,0.04024661772189206,0.23210448756644458
1143,3,115,0.9500000000000001,7,0.03991579847214619,0.2279252854321467
1143,3,116,0.65,8,0.04372969888230024,0.21013496450720054
1143,3,117,0.6000000000000001,8,0.0374678774710282,0.18765211683747796
1143,3,118,0.55,6,0.05350050706560777,0.2064603803974181
1143,3,119,0.5,5,0.026688853538751382,0.16023060487493965
1143,3,120,0.6000000000000001,10,0.06038028628114217,0.20578648424274562
1143,3,121,0.6000000000000001,11,0.058349346637873306,0.20553857502334988
1143,3,122,0.55,8,0.05707057668788802,0.17341810285480935
1143,3,123,0.5,6,0.03130603926445185,0.22104293325718824
1143,3,124,0.5,6,0.04042147065304719,0.23201909062933188
1143,3,125,0.7000000000000001,8,0.039876680796133414,0.1896692751479072
1143,3,126,0.6000000000000001,11,0.04703318353357129,0.20060278961045996
1143,3,127,0.55,9,0.0410925475301041,0.2249940310587519
1143,3,128,0.7000000000000001,10,0.04533730126890164,0.19862269479325761
1143,3,129,1.0,9,0.04697324579858535,0.1773850545514942
1143,3,130,0.9,4,0.011873015571409276,0.15934708615718762
1143,3,131,0.8500000000000001,8,0.038450789827984284,0.19445204751617562
1143,3,132,0.8,7,0.04372761263483921,0.16839772780688086
1143,3,133,0.9,7,0.053711101692624816,0.2321506118345525
1143,3,134,0.5,2,0.015797312594278412,0.150583468274625
1143,3,135,0.8500000000000001,6,0.02614714978564292,0.16659196004421964
1143,3,136,0.8,8,0.06462116415863876,0.2197722278745899
1143,3,137,0.7000000000000001,5,0.039372642827048006,0.18519798460916825
1143,3,138,0.65,6,0.045413065545172465,0.16413502100090593
1143,3,139,0.9,10,0.05238476761614967,0.18912498200991876
1143,3,140,0.5,7,0.04484092658351877,0.19198369645594376
1143,3,141,0.65,2,0.062071434721128124,0.1438911324092878
1143,3,142,0.65,11,0.05640260718512799,0.19752505393485895
1143,3,143,0.5,7,0.045864565724159104,0.18619451107009263
1143,3,144,0.8500000000000001,3,0.028637676875776362,0.17695945752819744
1143,3,145,0.75,13,0.0502027788476902,0.18737301138251714
1143,3,146,0.8,5,0.038594812939275684,0.15284991931263986
1143,3,147,0.7000000000000001,6,0.07012372357217486,0.1893692674029419
1143,3,148,0.7000000000000001,5,0.03081045283295772,0.16038068516370596
1143,3,149,0.7000000000000001,8,0.057971362604311995,0.20209257341590514
1143,3,150,0.55,7,0.04490697302770323,0.17882871369432887
1143,3,151,0.8,9,0.04853344124214631,0.1767858290718326
1143,3,152,0.45,7,0.04621485154775135,0.22683396201897432
1143,3,153,0.7000000000000001,2,0.014660007822565605,0.16466367606763366
1143,3,154,0.9,10,0.03969721086657683,0.2216955039051403
1143,3,155,0.5,4,0.026385033845722525,0.1789584503799138
1143,3,156,0.5,9,0.049207705856122545,0.21216466310422832
1143,3,157,0.8500000000000001,2,0.0023122222174402187,0.13776189903299613
1143,3,158,0.7000000000000001,13,0.05280666824706158,0.21708761939017734
1143,3,159,0.4,9,0.05293275240389168,0.21017995502870424
1143,3,160,0.6000000000000001,13,0.05227251065465848,0.1894512011664749
1143,3,161,0.7000000000000001,14,0.04607781914693425,0.21561575840745734
1143,3,162,0.45,7,0.046734744138820276,0.2146831982413944
1143,3,163,0.9,5,0.0455039124136344,0.1768124183324027
1143,3,164,0.8,10,0.05167028106414338,0.21327106655673042
1143,3,165,0.8500000000000001,8,0.05200164955524287,0.21529478513833275
1143,3,166,0.5,5,0.06129962545519858,0.20237675886804968
1143,3,167,0.55,8,0.03826158207675843,0.20043101648564016
1143,3,168,0.55,7,0.020370848233373238,0.19141735818291397
1143,3,169,0.75,6,0.02844129443995337,0.17307847716952374
1143,3,170,0.75,9,0.05951713944448339,0.1860193130579025
1143,3,171,0.55,10,0.03660127147481031,0.1944876297799606
1143,3,172,0.6000000000000001,9,0.057107954657751314,0.21017888311014674
1143,3,173,0.9,2,0.0068348498434436826,0.1442460500873779
1143,3,174,0.65,7,0.05234263347217078,0.18029926252316802
1143,3,175,0.7000000000000001,7,0.04368360299450866,0.19476281598812978
1143,3,176,0.9500000000000001,2,0.0016857443104091967,0.210563098965254
1143,3,177,1.0,10,0.05267113857574344,0.2061542041407823
1143,3,178,0.65,9,0.04931206057754951,0.1932609456012072
1143,3,179,0.6000000000000001,5,0.04285080835682351,0.17130940884179954
1143,3,180,0.75,4,0.04756987674270044,0.1564029609178623
1143,3,181,0.55,5,0.03324078839807817,0.15416648225505533
1143,3,182,0.8,10,0.0277217432482431,0.16288778787254582
1143,3,183,0.65,10,0.045289130123464666,0.19429667007763224
1143,3,184,0.65,2,0.08165492646648571,0.19713563926429925
1143,3,186,0.75,8,0.03986609538443864,0.1908592123305686
1143,3,187,0.8500000000000001,10,0.03894100385943125,0.18799254825494757
1143,3,188,0.6000000000000001,9,0.04007898425517598,0.1875133111879776
1143,3,189,0.8500000000000001,8,0.03818480761012024,0.16266796903081204
1143,3,190,0.6000000000000001,10,0.04936702369460099,0.2277014630746917
1143,3,191,0.8500000000000001,8,0.04540602217672385,0.17949620052861653
1143,3,193,0.8500000000000001,3,0.02314801089056,0.14868348939739276
1143,3,194,0.65,5,0.06896260204886126,0.1934093971879065
1143,3,195,0.65,10,0.05939651429505029,0.20845544769169191
1143,3,196,0.65,7,0.0398175263079106,0.1592219702367115
1143,3,197,0.4,9,0.0350902722020614,0.18222006086993892
1143,3,198,0.55,6,0.04638657853285542,0.19578214110492279
1143,3,200,0.9,3,0.05471738951758023,0.15680732048802584
1143,3,201,0.6000000000000001,6,0.04680711574132364,0.24285889122411006
1143,3,202,0.7000000000000001,7,0.04425858777392946,0.22490894313441995
1143,3,203,0.5,7,0.048238296657750215,0.18290086165052696
1143,3,204,0.5,8,0.058851739030693684,0.20860217199830713
1143,3,206,0.5,8,0.05224936739315144,0.21970479276862215
1143,3,208,0.65,11,0.03304762986717706,0.18209554348263934
1143,3,210,0.5,5,0.06293532600348865,0.18371334174084938
1143,3,213,0.65,12,0.03985102814631608,0.2075973863950706
1143,3,214,0.75,11,0.04613949478824137,0.16751813931957185
1143,3,215,0.8500000000000001,10,0.06967109124884523,0.2138891723089988
1143,3,216,0.75,11,0.03879778058088234,0.22124593211530297
1143,3,217,1.0,7,0.03190158584302372,0.17718113798948126
1143,3,219,0.5,8,0.06944512896047247,0.20139150009092524
1143,3,220,0.65,7,0.03984487700940707,0.1715222760330455
1143,3,221,0.9,8,0.05505352087055772,0.16932038240435746
1143,3,222,0.5,5,0.04093294690666285,0.20314692587547886
1143,3,223,0.45,5,0.03471926391796659,0.24081251381864854
1143,3,224,0.6000000000000001,6,0.06453601737018157,0.22425251674202798
1143,3,225,0.9500000000000001,4,0.024967750121536462,0.13696603288031556
1143,3,226,0.6000000000000001,9,0.05002411295715225,0.182389763886089
1143,3,227,0.6000000000000001,9,0.04684273255890534,0.20152799625285525
1143,3,228,0.75,6,0.037908163429141446,0.16975069037692836
1143,3,229,0.5,4,0.04610825281683297,0.20147076341039832
1143,3,230,0.6000000000000001,8,0.03487596949670965,0.19556366924418656
1143,3,231,0.9,7,0.04121188477855252,0.14777710843089756
1143,3,232,1.0,6,0.04892065807761819,0.18550658740021622
1143,3,233,0.45,8,0.06615626729922176,0.20487698496772677
1143,3,234,0.75,5,0.06046837307141226,0.19986772940365843
1143,3,235,0.7000000000000001,6,0.03442564189262609,0.15995512385219274
1143,3,236,0.55,9,0.052456920690995966,0.23536061493216337
1143,3,237,0.9,5,0.05172245102408591,0.17220916563749614
1143,3,238,0.7000000000000001,8,0.045824037435769495,0.171513168076754
1143,3,239,0.6000000000000001,11,0.04582750171387213,0.18160721357916115
1143,3,241,0.75,8,0.04458776870109893,0.21173906956995187
1143,3,242,0.55,10,0.05503683622898374,0.19835670608868525
1143,3,243,0.5,5,0.06264927004524574,0.17922064267620014
1143,3,247,0.65,8,0.018089604780864903,0.16705882932068614
1143,3,248,0.75,8,0.04239938899255059,0.1705241186152882
1143,3,251,0.8,6,0.0336626989901436,0.14368177136154783
1143,3,252,0.65,10,0.055202553315133476,0.1976500898709012
1143,3,253,0.4,7,0.05493792679259586,0.20190481060181265
1143,3,254,0.8,10,0.037972047165562045,0.18098214646167787
1143,3,255,0.7000000000000001,5,0.04972239347427278,0.17301027731512736
1143,3,256,0.8,15,0.04956717758890331,0.1984322226383809
1143,3,257,0.75,5,0.0362137118150713,0.1658951345233434
1143,3,259,0.6000000000000001,10,0.05373329078460347,0.18884665561747066
1143,3,260,0.9500000000000001,5,0.04296565064772374,0.1477820922757385
1143,3,263,0.9,8,0.05165772866453834,0.18160545244720594
1143,3,264,0.7000000000000001,7,0.04600950767653428,0.20716218161799552
1143,3,265,1.0,11,0.05279480372898178,0.19780325634551374
1143,3,267,0.7000000000000001,10,0.05848833408777608,0.19492820009558307
1143,3,269,0.45,6,0.052825933975587464,0.20481959971776112
1143,3,270,0.65,11,0.03947367212309812,0.17797464814673183
1143,3,271,0.65,7,0.054938337584412904,0.19234151874048316
1143,3,274,0.65,6,0.04870369644671855,0.23034775393792153
1143,3,276,0.6000000000000001,8,0.04352307183694887,0.19345360220925917
1143,3,279,0.55,5,0.0400795065567844,0.2346620656103004
1143,3,281,0.65,7,0.04884086919544597,0.2063177821314437
1143,3,282,0.55,5,0.030579265714038396,0.26550616788095505
1143,3,291,0.45,12,0.029095357562140465,0.1833670316518972
1143,3,293,0.65,15,0.041062570386154504,0.20388276418618373
1143,3,294,0.8500000000000001,9,0.0537033829400066,0.20595517863605167
1143,3,297,0.8,7,0.038295253444160016,0.21134687981346145
1143,3,299,0.5,6,0.057100371533585804,0.20194087341911346
1143,3,303,0.65,8,0.06465939137280566,0.2181947263366862
1143,3,307,0.6000000000000001,10,0.054641375237330925,0.19912790972577027
1143,3,308,0.7000000000000001,9,0.07319572682949789,0.19187695736700047
1143,3,309,1.0,13,0.04931262176422766,0.1905687230284722
1143,3,311,0.55,8,0.045321555315114594,0.22206122801286798
1143,3,312,0.65,11,0.03985489203008188,0.22806561372855808
1143,3,315,0.65,7,0.046621866158610484,0.17595113539772975
1143,3,316,0.8500000000000001,9,0.041687643464256595,0.19348001529921077
1143,3,320,0.5,10,0.04769326097087592,0.19404237863099572
1143,3,323,0.55,6,0.040238715790103546,0.22561275723152233
1143,3,326,0.75,9,0.034207548246964745,0.2157036345190201
1143,3,329,0.45,7,0.04290649805653816,0.20836425070107797
1143,3,331,0.75,8,0.04844547539130469,0.22442694740141314
1143,3,332,0.45,3,0.049666665263097716,0.2187536624276767
1143,3,333,0.5,8,0.053076680120863785,0.16131153585651015
1143,3,334,0.5,5,0.05516261902175962,0.2051738420594965
1143,3,336,0.55,12,0.04669133437568396,0.21585700585505638
1143,3,339,0.45,6,0.051948616509235546,0.20276312891565926
1143,3,340,0.65,9,0.06361678755728338,0.20154888193674264
1143,3,342,0.6000000000000001,8,0.054366244028815666,0.2234045732596232
1143,3,343,0.65,8,0.038080188645455613,0.20348724361683582
1143,3,344,0.65,6,0.053210876564743166,0.21905732792970267
1143,3,348,0.7000000000000001,8,0.05128080891541655,0.216626295156492
1143,3,350,0.5,5,0.028704293572693437,0.19833590171431928
1143,3,361,0.6000000000000001,13,0.04906429262568683,0.1910055327264461
1143,3,362,0.6000000000000001,5,0.025186938287694104,0.2482204319287578
1143,3,374,0.75,12,0.05579406646494411,0.21699826235974995
1143,3,384,0.55,12,0.050645860903746585,0.21063567416287513
1143,3,401,0.8,11,0.04621397676837003,0.2234259156763242
1143,3,406,0.7000000000000001,10,0.05774976538276727,0.21795717845452794
1143,3,414,0.5,8,0.034153018049920505,0.21339247117132465
1143,3,430,0.8,5,0.032896441351438085,0.2129417704774763
1143,3,439,0.4,7,0.03354598310576972,0.22097429082106212
1143,3,448,0.6000000000000001,6,0.06159146358095922,0.22658939325831992
1143,3,462,0.75,7,0.04216774444322897,0.19123473896013876
1143,3,478,0.7000000000000001,9,0.02812769179453098,0.2040950116665496
1143,3,487,0.75,10,0.05446095585311513,0.21870376291723664
1143,3,503,0.4,6,0.04618589433462441,0.19612737224801602
1143,3,528,0.8,7,0.04497067276624866,0.19648515561106492
1143,3,536,0.7000000000000001,5,0.055387106045795734,0.21800885141758886
1143,3,553,0.7000000000000001,5,0.0375334098944262,0.23629670443060888
1143,3,556,0.55,6,0.03560621510180112,0.21336183438686604
1143,3,572,0.6000000000000001,10,0.050507710713580345,0.22058128499324337
1143,3,575,0.8,12,0.01872429383381421,0.20727914770615016
1143,3,579,0.65,7,0.04273741940643925,0.19303114892040166
1143,3,593,0.8,4,0.029377663455104196,0.26234722068023314
1143,3,598,0.45,4,0.020833403368881512,0.21128040131471207
1143,3,600,0.75,8,0.04511264307063998,0.207105934952177
1143,3,603,0.65,13,0.050560597189765376,0.21014001762201534
1143,3,608,0.7000000000000001,8,0.05713097954611118,0.19695424759871305
1143,3,617,0.7000000000000001,8,0.03417655959158134,0.21185027835701054
1143,3,624,0.55,6,0.054223551861276205,0.22260071688518876
1143,3,632,0.65,13,0.06504009344301473,0.19830055659596443
1143,3,651,0.65,8,0.0467455284467081,0.2047148505735398
1143,3,655,0.7000000000000001,13,0.03708245248115416,0.21562574479216037
1143,3,667,0.55,6,0.04944254711277941,0.17770634408332897
1143,3,668,0.5,6,0.05459228192965216,0.18353836677069402
1143,3,676,0.7000000000000001,9,0.0505481813928519,0.20685794191851842
1144,4,0,0.65,2,0.012477106957798148,0.124128959290188
1144,4,1,0.5,6,0.02674344782168834,0.20086735956976728
1144,4,2,0.9500000000000001,7,0.050708149687638225,0.16582261311286636
1144,4,3,0.55,8,0.03676452089019533,0.17654724432832233
1144,4,4,0.6000000000000001,6,0.023712236919587612,0.19418292121445035
1144,4,5,0.9,12,0.05819716953744809,0.19043254393083153
1144,4,6,1.0,10,0.031867672227411874,0.19188721878339757
1144,4,7,0.9500000000000001,7,0.04019799501480253,0.15309880359110487
1144,4,8,0.45,7,0.05504187604636693,0.21489266373873064
1144,4,9,0.8500000000000001,4,0.03665028935365383,0.15849790379710185
1144,4,10,0.45,10,0.05365576171961185,0.2096402345138396
1144,4,11,0.65,8,0.0574876033434789,0.21879083060083648
1144,4,12,0.5,7,0.03192718112157984,0.19033739483068432
1144,4,13,0.75,7,0.03780775705875554,0.19376871632900358
1144,4,14,0.8500000000000001,9,0.024753878342353704,0.17595938225946395
1144,4,15,0.9500000000000001,10,0.04886646563862293,0.20157995896253716
1144,4,16,0.9,6,0.038460846658564314,0.17867793542035385
1144,4,17,0.7000000000000001,11,0.04995248075557358,0.17630896299411195
1144,4,18,0.65,4,0.04333960159133991,0.16052301000511915
1144,4,19,0.9,5,0.02063120623160633,0.1649987175900612
1144,4,20,0.75,8,0.033111045282447224,0.16090720568582462
1144,4,21,0.55,3,0.005012500166208058,0.15971173109662198
1144,4,22,1.0,6,0.03284901860363166,0.16476169971067425
1144,4,23,0.8500000000000001,5,0.05156059319323761,0.18386591112422648
1144,4,24,0.8,8,0.04108355734490731,0.1815368273072689
1144,4,25,0.5,12,0.04980333330332329,0.20226594865996383
1144,4,26,0.8500000000000001,10,0.03648017511227925,0.18038468617674924
1144,4,27,0.55,11,0.043278874186194624,0.18766030016267832
1144,4,28,1.0,7,0.05106623251673796,0.1500957744185373
1144,4,29,0.6000000000000001,6,0.04867908962464952,0.21950199033498574
1144,4,30,0.55,11,0.03533028070025662,0.21481251864493922
1144,4,31,0.5,8,0.04445978760434189,0.21124737915246106
1144,4,32,0.8,15,0.05946844231926976,0.1907249301516992
1144,4,33,0.55,6,0.030632604642762216,0.17964345717887223
1144,4,34,0.55,8,0.055525864529344354,0.19923151667777117
1144,4,35,0.6000000000000001,6,0.03571799468238881,0.15651446393279644
1144,4,36,0.6000000000000001,8,0.04905836606951945,0.20114201147806027
1144,4,37,0.5,8,0.0432254952196122,0.2136341714673669
1144,4,38,0.6000000000000001,5,0.03149641123371932,0.18556545657242524
1144,4,39,1.0,8,0.053803761046225605,0.20027009612165253
1144,4,40,0.8500000000000001,13,0.04990016785077083,0.2027701108529618
1144,4,41,0.5,10,0.03705303250738729,0.2150056066312985
1144,4,42,0.8500000000000001,9,0.04391607968841407,0.15584447235305376
1144,4,43,0.9,2,0.011620758881070533,0.14905708124975148
1144,4,44,0.9500000000000001,5,0.0362225349284747,0.14387876118353302
1144,4,45,0.65,2,0.03727627883570145,0.13278440719289064
1144,4,46,1.0,8,0.02777530696802335,0.14165413671438687
1144,4,47,0.7000000000000001,11,0.04444531256049695,0.19300176766835422
1144,4,48,0.5,9,0.03537997144664816,0.1938999433478324
1144,4,49,0.55,8,0.029904968691680623,0.19817357129330643
1144,4,50,0.75,9,0.06327540729419891,0.18455759971091043
1144,4,51,0.8,9,0.03299504258056314,0.16646992656789986
1144,4,52,0.5,5,0.056460273627560696,0.17745920065110043
1144,4,53,0.55,10,0.02554173873352053,0.197798429102824
1144,4,54,0.65,6,0.02846252989364452,0.1711302839346344
1144,4,55,0.6000000000000001,9,0.035557382536524317,0.2074778974575374
1144,4,56,0.6000000000000001,6,0.04923358871919343,0.17779973350720737
1144,4,57,0.45,5,0.00960786694434969,0.20783815717538445
1144,4,58,0.65,7,0.051366402520118,0.15916910668629167
1144,4,59,0.6000000000000001,7,0.0363218120560983,0.1658385076548852
1144,4,60,0.7000000000000001,11,0.03864413583195547,0.17065578242990376
1144,4,61,0.8,9,0.04495247000252085,0.20294314740637043
1144,4,62,0.8500000000000001,8,0.03340526168087782,0.1676714802377819
1144,4,63,0.6000000000000001,5,0.03597525170733884,0.2049444045312816
1144,4,64,0.5,7,0.03427683237824109,0.18534532272694618
1144,4,65,0.7000000000000001,4,0.03169634509079109,0.1626897790512637
1144,4,66,0.55,5,0.020511358634295866,0.1844549169362888
1144,4,67,0.8500000000000001,6,0.041600281847707796,0.16055352169824075
1144,4,68,0.75,2,0.03582475286863199,0.1661718895301546
1144,4,69,0.9,3,0.014714550635140098,0.12871121716029385
1144,4,70,0.6000000000000001,7,0.02560727291529508,0.19988082307006963
1144,4,71,0.7000000000000001,4,0.02517526215632821,0.23712358345714163
1144,4,72,0.7000000000000001,6,0.03686953126028598,0.17780534977533483
1144,4,73,0.55,11,0.03548882529159438,0.19032676394353956
1144,4,74,0.7000000000000001,6,0.0448397065397597,0.1739484617524439
1144,4,75,0.75,12,0.039244238703789035,0.1689685237609335
1144,4,76,0.6000000000000001,7,0.045253133491233374,0.21281543357157703
1144,4,77,0.8500000000000001,10,0.042588871162742195,0.2036450182325038
1144,4,78,0.7000000000000001,3,0.007685876028070227,0.10724413666716821
1144,4,79,0.45,9,0.04794549389719292,0.19654573229739045
1144,4,80,0.8500000000000001,10,0.052704966047033674,0.2287348056548618
1144,4,81,0.9,11,0.05376509766049486,0.2216895250648701
1144,4,82,0.7000000000000001,7,0.07021323098157403,0.18982591487583983
1144,4,83,0.8500000000000001,5,0.013515753812949297,0.15127154878702048
1144,4,84,0.5,8,0.03595398580230516,0.18401536462064677
1144,4,85,0.65,7,0.040395531923738605,0.2190026261957668
1144,4,86,0.6000000000000001,5,0.04314806966497956,0.15747415701000722
1144,4,87,0.8500000000000001,2,0.023300304215965146,0.11647580311481846
1144,4,88,0.75,11,0.04641410338551304,0.1962883008046514
1144,4,89,0.7000000000000001,9,0.043059821747510385,0.16407124226321806
1144,4,90,0.9,11,0.05259922238551402,0.1981336614157411
1144,4,91,0.6000000000000001,8,0.06025029077964722,0.18408553536803868
1144,4,92,0.75,10,0.053391110561337794,0.19607962455510647
1144,4,93,0.8500000000000001,11,0.040387444487105725,0.18315474619301558
1144,4,94,0.65,8,0.044709850482237246,0.17485601659086575
1144,4,95,0.65,11,0.03885294780097143,0.18585919934301856
1144,4,96,0.9,12,0.042870596800421185,0.17233456177050488
1144,4,97,0.65,9,0.025180680612813137,0.20801897678267345
1144,4,98,0.8,6,0.04199517504792179,0.1488181827837228
1144,4,99,0.7000000000000001,7,0.037170140867289675,0.16467789949985442
1144,4,100,0.6000000000000001,10,0.023848564976597264,0.18911114172843604
1144,4,101,0.4,7,0.029269631044589756,0.20196872951621264
1144,4,102,0.65,4,0.0030346628731913222,0.15966818508796743
1144,4,103,0.8500000000000001,6,0.04380908560447331,0.17760273316452493
1144,4,104,0.9,11,0.04450349667040338,0.19621830173406254
1144,4,105,0.8,7,0.06905441584712516,0.21854529064130176
1144,4,106,0.8500000000000001,8,0.037263054901909884,0.15554347939416513
1144,4,107,0.75,6,0.03282728266653521,0.16173760873131346
1144,4,108,0.45,7,0.049177427536534514,0.2137500183906579
1144,4,109,0.6000000000000001,12,0.06650131895845171,0.2085920065046588
1144,4,110,0.6000000000000001,5,0.025959074706779012,0.20373635517964148
1144,4,111,0.75,14,0.05343276689859433,0.192903274122951
1144,4,112,1.0,12,0.034964096357404724,0.2047649576489966
1144,4,113,0.9,8,0.04342864815778224,0.19140581996293893
1144,4,114,0.8,2,0.03749994782298526,0.1594680736294115
1144,4,115,0.5,7,0.06720363548365711,0.19912830989103322
1144,4,116,0.75,11,0.030343683505179644,0.2032145092836869
1144,4,117,0.65,7,0.04153605992422226,0.18392389804435028
1144,4,118,0.7000000000000001,8,0.041628628979910536,0.15470940467722266
1144,4,119,0.8500000000000001,10,0.03843797941763424,0.15282410881787434
1144,4,120,0.5,9,0.04416336922061043,0.21290766180059445
1144,4,121,0.8,4,0.03633507903573773,0.15410328118918054
1144,4,122,0.65,10,0.058068912552537745,0.17542504788948912
1144,4,123,0.75,9,0.04557483855184595,0.20057238632268382
1144,4,124,0.9500000000000001,5,0.0405015148429221,0.15698482344201525
1144,4,125,0.55,8,0.04098567288810443,0.19456873415611484
1144,4,126,0.6000000000000001,8,0.06416384644996218,0.17217117835781903
1144,4,127,0.8500000000000001,6,0.06368973800500378,0.19533232427941868
1144,4,128,0.8500000000000001,15,0.030757801271840385,0.1905008303786934
1144,4,129,0.6000000000000001,9,0.042513339873393924,0.17078109929526475
1144,4,130,0.7000000000000001,10,0.04158179110059075,0.174575067028717
1144,4,131,0.7000000000000001,7,0.04887346458338432,0.17364207590507735
1144,4,132,0.75,11,0.03241469551400811,0.19961827057342152
1144,4,133,0.65,7,0.04822848055474746,0.19456687563887437
1144,4,134,0.7000000000000001,9,0.05686507033708667,0.18006885241982848
1144,4,135,0.9,8,0.04930521577531957,0.21569663366895891
1144,4,136,0.55,7,0.0306430314512976,0.20619267698603955
1144,4,137,0.65,7,0.04710789378298101,0.18610229078663582
1144,4,138,1.0,9,0.03754367364568406,0.1713607360115082
1144,4,139,0.7000000000000001,4,0.02351062333803135,0.16065950870611212
1144,4,140,0.55,10,0.04763827437016016,0.2086204769998013
1144,4,141,0.9500000000000001,9,0.02864013467015156,0.21161242160123855
1144,4,142,0.4,6,0.04084811884577581,0.19098638058456094
1144,4,143,0.65,7,0.06156353186813677,0.20607263109541568
1144,4,144,0.8,8,0.05454430569410556,0.17936789107151185
1144,4,145,0.55,7,0.0375065980033924,0.2052355510030613
1144,4,146,0.65,2,0.01851991184515958,0.14604716148232633
1144,4,147,0.55,11,0.035043456775493205,0.21002151574541658
1144,4,148,0.7000000000000001,11,0.05777052743193489,0.18892877219112175
1144,4,149,0.9,10,0.044611927134859126,0.20348663365888897
1144,4,150,0.8500000000000001,11,0.03649553634703524,0.169890615754958
1144,4,151,0.75,6,0.042928982927326095,0.17616811774373353
1144,4,152,0.7000000000000001,11,0.05643306543013416,0.20120812224528553
1144,4,153,0.55,6,0.05344296860785828,0.2072839945603634
1144,4,154,0.8500000000000001,8,0.03944477792510853,0.17482976373067088
1144,4,155,0.5,6,0.060842557252381156,0.21737271350221635
1144,4,156,0.75,7,0.04075441876250282,0.21489437700914693
1144,4,157,0.65,10,0.042714226013274695,0.17931963583089805
1144,4,158,0.65,11,0.051366136174412255,0.18381309452875874
1144,4,159,0.5,9,0.041245526473247994,0.20186834027901485
1144,4,160,0.75,8,0.07794945574023761,0.1858177794480587
1144,4,161,0.9,10,0.05212869736798627,0.20166334165291247
1144,4,162,0.4,7,0.04052049233190141,0.22196301438261562
1144,4,163,0.7000000000000001,9,0.03875666662636868,0.18187936931992643
1144,4,164,0.45,8,0.04186596232462564,0.21885064776886065
1144,4,165,0.6000000000000001,11,0.037579610478991755,0.19785625048506753
1144,4,166,0.7000000000000001,8,0.03364424654460511,0.19927561088766113
1144,4,167,0.8,7,0.04765612925750105,0.15495419284652692
1144,4,168,0.5,7,0.01921296483285547,0.21812816181585284
1144,4,169,0.75,10,0.03863892583094756,0.18509839059162364
1144,4,170,0.65,4,0.03744412815662196,0.23177938051591512
1144,4,171,0.9,8,0.04237902844337513,0.18321372274219724
1144,4,172,0.45,8,0.04301366866418479,0.2090476721493444
1144,4,173,0.6000000000000001,8,0.04697199502502983,0.1866779508354406
1144,4,174,0.65,6,0.03899109746114688,0.19999095213353987
1144,4,175,0.6000000000000001,7,0.053536239477937224,0.20255846177915285
1144,4,176,0.65,8,0.054298200546753446,0.18320321360139724
1144,4,177,0.6000000000000001,9,0.040871061814384914,0.20076677100509688
1144,4,178,0.9,2,0.04602992280063974,0.1478543829005647
1144,4,179,0.4,2,0.034499874069863525,0.13673717631371432
1144,4,180,0.65,8,0.054308862935491524,0.19991128521920193
1144,4,181,1.0,4,0.043312023431149996,0.15609539439770087
1144,4,182,1.0,9,0.03912690482362836,0.18163465737605825
1144,4,183,0.75,7,0.0399292446611116,0.15697442140753534
1144,4,184,1.0,4,0.026283375084257037,0.17063463332744944
1144,4,185,0.75,4,0.0875805693613261,0.20436514962822752
1144,4,186,0.9,3,0.05949758881314674,0.24549948018793022
1144,4,187,0.8500000000000001,5,0.047840006988395,0.17505975094033305
1144,4,188,0.8,2,0.011959939455694082,0.1719454991586885
1144,4,189,0.7000000000000001,8,0.045980003158262596,0.17156044713961194
1144,4,190,0.65,6,0.03116072723348484,0.14008703439813067
1144,4,191,0.8500000000000001,4,0.058683060865526944,0.22980103841951138
1144,4,192,0.6000000000000001,9,0.043144052162842596,0.1610968788250272
1144,4,193,0.9500000000000001,10,0.056912866490018664,0.16776343674131117
1144,4,194,0.7000000000000001,5,0.053839902075642224,0.1789915090484137
1144,4,195,0.75,7,0.042141992416945016,0.1698559820431719
1144,4,196,0.55,7,0.04056142375767906,0.16047729309584405
1144,4,197,0.8500000000000001,8,0.05771586250251339,0.18418287793895974
1144,4,198,0.5,8,0.04968067777305133,0.1943974866701355
1144,4,199,0.55,5,0.022201602770780957,0.21852015222088345
1144,4,200,0.8500000000000001,9,0.050860808612174194,0.2036925474388191
1144,4,201,0.6000000000000001,12,0.03625714665473337,0.19806931901763927
1144,4,202,0.8500000000000001,12,0.0336972722761516,0.17853640214174163
1144,4,203,0.7000000000000001,6,0.031405414841664196,0.19398327278945823
1144,4,204,0.75,6,0.046419993415982505,0.16557939728699694
1144,4,205,0.6000000000000001,7,0.0460487844698306,0.20248894192470449
1144,4,206,0.5,7,0.029233316758946155,0.1813579278459112
1144,4,207,0.8500000000000001,8,0.032334399650225915,0.17604800319069858
1144,4,208,0.8500000000000001,5,0.04000051891623519,0.17535085857517227
1144,4,209,0.45,6,0.024313780335082576,0.1873711832224664
1144,4,210,0.8,2,0.05601070337698237,0.1804455120193052
1144,4,211,1.0,2,0.07052337976550438,0.1498675600643823
1144,4,213,0.8,6,0.04719065407707393,0.18841318254700634
1144,4,214,0.8500000000000001,4,0.025341469606266865,0.1590995097072192
1144,4,215,0.7000000000000001,3,0.009977881759878692,0.19149708696692577
1144,4,216,0.65,7,0.050826040767592215,0.18681084985270718
1144,4,217,0.6000000000000001,12,0.05064719556660283,0.19525197781624903
1144,4,218,0.6000000000000001,8,0.03213092189008334,0.196748652324737
1144,4,219,0.5,7,0.039219297349374856,0.21986758287328942
1144,4,220,0.7000000000000001,5,0.021825176776573994,0.20097992884762048
1144,4,221,0.7000000000000001,10,0.05190770835648034,0.19030710885077987
1144,4,222,0.4,7,0.05218404890512642,0.18170136052257813
1144,4,223,0.55,9,0.03758295664478106,0.20600677021314018
1144,4,225,0.9,8,0.04733680098385085,0.17824927373150515
1144,4,226,0.65,8,0.05178951332650121,0.21720598907234667
1144,4,228,0.6000000000000001,9,0.06031146552650528,0.18237788909551286
1144,4,229,0.8500000000000001,13,0.04825490897579759,0.2024446802404121
1144,4,233,0.9,7,0.03751617222974868,0.14692444734183865
1144,4,234,0.8500000000000001,6,0.04344861638971623,0.1835468593381023
1144,4,235,1.0,7,0.06972200553299497,0.20401145205175217
1144,4,237,0.6000000000000001,8,0.047505216216977834,0.20024913685066825
1144,4,239,0.6000000000000001,9,0.051291426775072,0.21337434226559923
1144,4,241,0.75,9,0.04093959815308562,0.1761827848986037
1144,4,243,0.55,12,0.05809271907773573,0.20479240343653718
1144,4,244,0.7000000000000001,8,0.039336245100115526,0.20240798160711113
1144,4,246,0.75,8,0.018489837696454882,0.18952292231164392
1144,4,248,0.7000000000000001,14,0.04017554362705872,0.20474965769916825
1144,4,249,0.6000000000000001,5,0.02040006354715109,0.20869242565604976
1144,4,250,1.0,8,0.03553490615864894,0.2159936206905459
1144,4,251,0.55,8,0.04774899262555979,0.21046108589956813
1144,4,253,0.7000000000000001,12,0.04160700989069341,0.18741694441334578
1144,4,255,0.45,6,0.03917046066423088,0.24828940629168686
1144,4,256,0.75,11,0.04118175609343383,0.1919235777011035
1144,4,259,0.9500000000000001,4,0.011143515645287923,0.20454910951326077
1144,4,260,0.6000000000000001,9,0.03518164569328955,0.20196119943526653
1144,4,263,0.55,8,0.03534595194643502,0.18130150293945707
1144,4,265,0.6000000000000001,11,0.035501137553836985,0.20423730587890035
1144,4,267,0.45,4,0.012088294550584184,0.16942889553821783
1144,4,269,0.6000000000000001,7,0.0634191126873914,0.1784681806929205
1144,4,270,0.7000000000000001,7,0.05139237709003427,0.2273327192381103
1144,4,271,0.7000000000000001,7,0.036436273106295894,0.1609390915413722
1144,4,273,0.9500000000000001,7,0.023558423226216225,0.1752182213638809
1144,4,280,0.65,4,0.030113572431719755,0.19443543299651522
1144,4,281,0.45,11,0.05592838939134015,0.21397437903660502
1144,4,282,0.55,9,0.032520794814521664,0.18832769412969014
1144,4,284,0.8500000000000001,7,0.06896490855115466,0.18457812914338137
1144,4,286,0.6000000000000001,9,0.05555711953204278,0.19850503513548048
1144,4,287,0.8,6,0.059293737125198295,0.18681666136336217
1144,4,288,0.55,7,0.052077029572495034,0.18500122908096367
1144,4,292,0.5,10,0.026376395518402932,0.2097061788199473
1144,4,294,0.55,7,0.049162365649616444,0.22817089643240504
1144,4,295,0.7000000000000001,7,0.04450952667004795,0.18761008500149293
1144,4,298,0.65,9,0.03924942140884494,0.19467733222723302
1144,4,300,0.75,12,0.05129997985822412,0.18445511964367192
1144,4,311,0.7000000000000001,7,0.04612456837819104,0.16995508933867728
1144,4,312,0.9,10,0.04232201750653353,0.18795697363241812
1144,4,314,0.75,8,0.04666860629219589,0.17958819110021468
1144,4,315,0.45,8,0.045644466390224826,0.21036171920849595
1144,4,323,0.5,6,0.030452832179278397,0.19864872848072276
1144,4,327,0.6000000000000001,8,0.03864282144644258,0.20025975369315813
1144,4,329,0.8,13,0.04089809809058227,0.1957316231154737
1144,4,336,1.0,8,0.051848134288289036,0.21624865301755244
1144,4,342,0.55,8,0.04786245438833235,0.19270457089638313
1144,4,347,0.75,12,0.04234127912320863,0.2016803190317568
1144,4,348,0.65,10,0.03801847321637808,0.19927751421168102
1144,4,358,0.6000000000000001,9,0.04112452544679798,0.20264217387024108
1144,4,364,1.0,10,0.05423929626959663,0.19116947439789306
1144,4,365,0.6000000000000001,5,0.019627819067450546,0.20885952754675033
1144,4,366,0.5,7,0.02499941115142867,0.19101579958908005
1144,4,367,0.45,6,0.01878702066500698,0.1965556018400366
1144,4,368,0.6000000000000001,7,0.033043061069586085,0.1959805932117749
1144,4,376,1.0,11,0.049032236567809036,0.22937090080100245
1144,4,379,0.6000000000000001,6,0.03955728607464829,0.19873269583554973
1144,4,395,0.6000000000000001,7,0.056073069395680845,0.1981017327320114
1144,4,401,0.9500000000000001,8,0.049201151538872036,0.19677838318952875
1144,4,408,0.5,5,0.05162454737928351,0.22566557533259068
1144,4,417,0.55,15,0.04877057681349236,0.20854822237036333
1144,4,436,0.6000000000000001,8,0.04195462463720401,0.18291677362764108
1144,4,451,0.75,10,0.041304073423245824,0.20293454962105248
1144,4,458,0.8,7,0.040817568561335386,0.1761885087476631
1144,4,467,0.8,6,0.033425802107112254,0.1905528654890977
1144,4,469,0.5,12,0.05097896307587769,0.2239503394968265
1144,4,474,0.55,7,0.02377863626740844,0.22031139236711914
1144,4,478,0.5,7,0.052822194944551724,0.20867894338840953
1144,4,479,0.45,7,0.05469135235819336,0.20795505594397504
1144,4,487,0.75,12,0.06349982724583597,0.22692801217319838
1144,4,489,0.65,8,0.06897104573435371,0.1984597896417282
1144,4,493,0.9,7,0.04843119754252732,0.20128060345309873
1144,4,504,0.5,10,0.02603300244241749,0.20265120641472315
1144,4,514,0.55,7,0.052849070033769464,0.19531396320729297
1144,4,532,0.55,9,0.039483133286260436,0.19187688020296922
1144,4,533,0.8,5,0.03917345538633671,0.20048988293511477
1144,4,536,0.6000000000000001,9,0.0367936579127299,0.18200635428129033
1144,4,543,0.7000000000000001,9,0.05870783538400013,0.19989426400833485
1144,4,547,0.7000000000000001,5,0.06350717860804962,0.20543813384922763
1144,4,550,0.7000000000000001,3,0.02757604699465998,0.1852491844652916
1144,4,552,0.65,5,0.03849205325700686,0.25374664364349137
1144,4,566,0.6000000000000001,7,0.0346861283497127,0.21338793359474498
1144,4,571,0.6000000000000001,12,0.05132033637582246,0.19626799490583488
1144,4,600,0.5,8,0.035967112866447534,0.23028629868132558
1144,4,643,0.6000000000000001,12,0.038424425069780464,0.2336643077978762
1144,4,646,0.45,8,0.058238334577846544,0.19263002030532808
1144,4,650,0.7000000000000001,7,0.04390337715420151,0.2081166980669296
1144,4,657,0.35000000000000003,9,0.039399755635347436,0.2102245817449002
1144,4,663,0.75,9,0.03246925171808381,0.19946672616816702
1144,4,669,1.0,10,0.03965099280252455,0.21305379536598218
1144,4,675,0.65,7,0.04894300031695919,0.2000598828358546
1144,4,679,0.55,9,0.04564258441181634,0.22443626180150933
1145,0,0,0.65,8,0.023532247097090266,0.17369058939872922
1145,0,1,0.6000000000000001,7,0.03234285073501866,0.17186830338143944
1145,0,2,0.7000000000000001,15,0.03846560452284132,0.15935553403141875
1145,0,3,0.65,6,0.030177512725466985,0.1358010322925624
1145,0,4,0.9,5,0.03316741814734317,0.20649210480634492
1145,0,5,0.9,8,0.03306718052996439,0.14565419844499225
1145,0,6,0.75,9,0.03863159750989365,0.1936998286430235
1145,0,7,0.75,5,0.01920124340431421,0.1271734876263445
1145,0,8,0.6000000000000001,7,0.04635332082134008,0.17602279588878084
1145,0,9,0.55,6,0.03755394389243461,0.15067226872763115
1145,0,10,0.8,5,0.02728075555460412,0.1629647714853685
1145,0,11,0.6000000000000001,10,0.04003691666356334,0.17394017905319278
1145,0,13,0.9500000000000001,6,0.03367745469500807,0.1639431393755581
1145,0,14,0.55,13,0.045374782456562505,0.17636474524653536
1145,0,15,0.45,11,0.036923309242666964,0.18727071266021345
1145,0,16,0.55,8,0.031146440123641896,0.17642023762891396
1145,0,17,0.7000000000000001,12,0.03985932905712152,0.17578534551754507
1145,0,18,0.65,10,0.033337935481141966,0.18201396108540124
1145,0,19,0.7000000000000001,12,0.03488306010087141,0.1880364959442776
1145,0,20,0.6000000000000001,6,0.037527639570275,0.19338876234017122
1145,0,21,0.8,7,0.03570934630876352,0.17487969411542403
1145,0,22,0.8,6,0.026891425315539765,0.13685823270610337
1145,0,23,0.65,11,0.04514655655977689,0.20463062579758534
1145,0,24,0.7000000000000001,16,0.030427517262010408,0.19029171596200117
1145,0,25,1.0,7,0.05431769117165852,0.18360664262027118
1145,0,26,0.9500000000000001,11,0.03363981077834074,0.18920692662881491
1145,0,27,0.55,8,0.03302889289169391,0.19421738370216857
1145,0,28,0.8500000000000001,6,0.04196349017571083,0.15898609661459032
1145,0,29,0.9,3,0.01798816513653035,0.13834114303987208
1145,0,30,0.7000000000000001,12,0.04531371571287839,0.18416804128976508
1145,0,31,0.55,5,0.046857592070027855,0.17201475464140364
1145,0,32,0.8500000000000001,5,0.02719502169913809,0.1508997944468772
1145,0,33,0.9,8,0.03582513229631392,0.18244956366488047
1145,0,34,0.8500000000000001,11,0.04757219655230735,0.17272871644544674
1145,0,35,0.8500000000000001,8,0.019741281488750744,0.19178902484387833
1145,0,36,0.55,9,0.04636225476383228,0.1909531609599758
1145,0,37,0.55,8,0.03543722609183081,0.17048205788088086
1145,0,38,0.6000000000000001,5,0.03061360316881062,0.1951146481506758
1145,0,39,0.75,10,0.029496449668163234,0.16950222852673233
1145,0,40,0.9500000000000001,2,0.061571865175074916,0.1760855017070577
1145,0,41,0.8,9,0.038961554411344995,0.14664962655393005
1145,0,42,0.5,11,0.047058400332515224,0.20229909588891803
1145,0,43,0.5,7,0.04254517727037442,0.16473480309492752
1145,0,44,0.6000000000000001,10,0.030857044550193172,0.18112739036620798
1145,0,45,1.0,9,0.058963178825937886,0.1805041029598437
1145,0,46,0.9500000000000001,8,0.034186773032101075,0.17759982078447945
1145,0,47,0.8,11,0.03650027756136262,0.16687802079306954
1145,0,48,1.0,11,0.028621337088948023,0.15279443804945958
1145,0,49,0.8,4,0.015365728219417674,0.11754654095528544
1145,0,50,0.65,11,0.036102404526994356,0.17248679740345993
1145,0,51,0.55,8,0.05893103444305001,0.1958538351195241
1145,0,52,0.9500000000000001,11,0.019970155051197896,0.1497881072882455
1145,0,53,0.8,11,0.03203071216673535,0.17164302547129534
1145,0,54,0.8,5,0.024010985020323363,0.1439209933749392
1145,0,55,0.5,10,0.024057634216360785,0.17080743050863392
1145,0,56,0.65,8,0.0288624053504063,0.18132492180526127
1145,0,57,0.8500000000000001,6,0.039029373914256565,0.15073492599970076
1145,0,58,0.65,8,0.04864741971252038,0.16970108574173462
1145,0,59,0.8500000000000001,6,0.04629011664281605,0.1724565358586498
1145,0,60,0.9500000000000001,9,0.030365881123222676,0.16464322891519867
1145,0,61,0.8,10,0.027644384672842054,0.17685682121788457
1145,0,62,0.8500000000000001,8,0.04296434142711157,0.18381241897150885
1145,0,63,0.9500000000000001,10,0.05582339619212908,0.1856984755370994
1145,0,64,0.75,9,0.034508079779235326,0.18718386931767123
1145,0,65,0.5,8,0.03254005835085716,0.16350647749747235
1145,0,66,0.55,10,0.0357828559382178,0.18092997533235705
1145,0,67,0.6000000000000001,6,0.03254006178351544,0.17632349903070565
1145,0,68,1.0,10,0.037191256068006884,0.16968267652050056
1145,0,69,0.9,4,0.0210245246071588,0.14218151543900964
1145,0,70,1.0,2,0.02937225668021186,0.1533432614435481
1145,0,71,0.8500000000000001,8,0.03694358931781144,0.14401773067781193
1145,0,72,0.5,9,0.033535293680291865,0.16214164026281955
1145,0,73,0.75,9,0.03479236263259247,0.1576470140348758
1145,0,74,0.8500000000000001,6,0.036389419626162656,0.15619394292093516
1145,0,75,0.75,9,0.04042907467736705,0.16591423407948433
1145,0,76,0.65,10,0.027908791402649763,0.16476312497927453
1145,0,77,0.7000000000000001,10,0.030240634286919685,0.1865071624651209
1145,0,78,0.65,6,0.043529251612546956,0.1864266709169736
1145,0,79,0.8,8,0.03910072499613277,0.16215115433900407
1145,0,80,0.8,9,0.023264603423456095,0.18763822920257486
1145,0,81,0.75,8,0.027013456053005803,0.15890056488399246
1145,0,82,1.0,10,0.04929231080496903,0.19534919701806577
1145,0,83,0.5,10,0.032995026448670715,0.18417499956491126
1145,0,84,0.65,12,0.03053157961087639,0.17454527105633164
1145,0,85,0.8,8,0.046344653761010934,0.1644530817856853
1145,0,86,0.5,4,0.04408916021930083,0.18236473951523208
1145,0,87,0.9,4,0.03244494248154227,0.1356449945046943
1145,0,88,0.8,10,0.05135268133494939,0.18968321460833942
1145,0,89,0.9,11,0.03935419079714796,0.1594314852624015
1145,0,90,0.75,13,0.051521360765596755,0.19096656422537087
1145,0,91,0.9500000000000001,10,0.02599347676388656,0.155869083893522
1145,0,92,0.9,10,0.04221136748248517,0.18193800003723967
1145,0,93,0.9,5,0.04749500584218764,0.1571917254603644
1145,0,94,0.8,6,0.06525924757146404,0.1995558364167536
1145,0,95,0.6000000000000001,11,0.02490177167584061,0.1530008337121484
1145,0,96,0.55,7,0.022615551610087523,0.18999961725209946
1145,0,97,0.9500000000000001,14,0.05550993927998993,0.18793510349558568
1145,0,98,1.0,6,0.048626284622400255,0.21405448549631492
1145,0,99,0.9500000000000001,10,0.03877982463850391,0.17133792265062783
1145,0,100,0.55,7,0.027171740878707783,0.17174941653220202
1145,0,101,0.6000000000000001,9,0.03530689487729327,0.18561871940372995
1145,0,102,0.65,7,0.0413082742032449,0.19014623456901988
1145,0,103,0.6000000000000001,8,0.03907824953874089,0.16781654749888092
1145,0,104,0.65,13,0.03200295983820449,0.1716291829891045
1145,0,105,0.7000000000000001,9,0.04342965115229355,0.16152146363039302
1145,0,106,0.9,16,0.034782907655734205,0.16334121510323876
1145,0,107,0.8,6,0.03084832292958144,0.16498806419523146
1145,0,108,0.75,10,0.04271231359938485,0.18074555751011834
1145,0,109,0.55,7,0.032349394415727095,0.1719987729093251
1145,0,110,0.6000000000000001,5,0.03866280487450135,0.1898893401826039
1145,0,111,0.65,11,0.031311891694674264,0.14908957231803188
1145,0,112,1.0,10,0.03889575093645364,0.1763278493211901
1145,0,113,0.55,9,0.021923855906762706,0.15510971841513324
1145,0,114,0.5,7,0.03586821055119637,0.16658047269038745
1145,0,115,0.6000000000000001,12,0.03544794768262646,0.19496674453432172
1145,0,116,0.8500000000000001,6,0.038120926930903604,0.15350790854732746
1145,0,117,0.65,8,0.054535069009149666,0.18727856627351896
1145,0,118,0.8500000000000001,11,0.03689401244178338,0.16352869322647065
1145,0,119,0.9,7,0.05378058232327309,0.199158795016471
1145,0,120,0.8500000000000001,9,0.04336049147347524,0.182311375127794
1145,0,121,0.45,4,0.051858351823960674,0.1655375589752408
1145,0,122,0.8500000000000001,3,0.060455352824884914,0.16489142743045607
1145,0,123,0.65,8,0.04372454964461086,0.191349654840402
1145,0,124,0.8500000000000001,5,0.030080646026424254,0.15745705777970556
1145,0,125,1.0,12,0.05663914825982632,0.17088531646025132
1145,0,126,0.75,10,0.05305606197560048,0.1983276607732786
1145,0,127,0.7000000000000001,4,0.032362988285238474,0.16282896688702447
1145,0,128,0.6000000000000001,8,0.040955617913612505,0.17123192643486107
1145,0,129,0.45,5,0.03224788783860647,0.16468647024734503
1145,0,130,0.75,8,0.03490336880175059,0.14115208534983126
1145,0,131,0.55,12,0.052513530565520064,0.1801486495251323
1145,0,132,0.75,10,0.04372441629564356,0.16723446693938257
1145,0,133,0.8,8,0.039160589079042976,0.17107258737041037
1145,0,134,0.8,8,0.02599164545542263,0.15963967819149105
1145,0,135,0.8500000000000001,8,0.03180608402368568,0.1585287779761632
1145,0,136,0.7000000000000001,7,0.04538246631748467,0.16461431785522648
1145,0,137,0.8500000000000001,12,0.030637257319677792,0.1507931671364299
1145,0,138,0.45,6,0.030009206096641906,0.1694153547119243
1145,0,139,0.9500000000000001,7,0.02829458355004456,0.16230046968025177
1145,0,140,0.7000000000000001,9,0.03427898994916251,0.1855305506728112
1145,0,141,0.75,6,0.022068342380936804,0.1807021106152273
1145,0,142,0.8,6,0.03737353469124633,0.16572841463365165
1145,0,143,0.7000000000000001,15,0.05298343445838348,0.18639454543665548
1145,0,144,0.65,10,0.03784595547780661,0.17801766574141129
1145,0,145,0.65,5,0.017511963866442663,0.16328902326968933
1145,0,146,0.65,8,0.03630469528191111,0.1871014798001549
1145,0,147,0.65,13,0.03671279303590889,0.1887738088796419
1145,0,148,0.6000000000000001,13,0.036649234245121905,0.16867154030563475
1145,0,149,0.8500000000000001,14,0.045031439643612926,0.18781602278156484
1145,0,150,0.65,15,0.03273548870046457,0.1800441306982972
1145,0,151,0.75,11,0.03880695720950818,0.17960549404781923
1145,0,152,0.6000000000000001,6,0.04074072435108274,0.18864128134278535
1145,0,153,0.8500000000000001,6,0.07026610409054299,0.1940939527601673
1145,0,154,0.65,18,0.03509793042963048,0.17386973493588076
1145,0,155,0.6000000000000001,10,0.035966813784704565,0.1781980226119645
1145,0,156,0.8500000000000001,10,0.03415099130795598,0.15978489496803455
1145,0,157,0.9,9,0.04196612407540164,0.1661929244588062
1145,0,158,0.9,11,0.03538583914648168,0.1523862373192663
1145,0,159,0.7000000000000001,4,0.04691739756747292,0.1770519385368152
1145,0,160,0.6000000000000001,8,0.038129110335063846,0.18194646252663893
1145,0,161,0.7000000000000001,2,0.016527150245451188,0.11168646001224745
1145,0,162,1.0,8,0.04770841997861988,0.17494998249467858
1145,0,163,0.65,5,0.01525703251328568,0.1973669206622612
1145,0,164,0.65,5,0.007365347741249316,0.16088306095833896
1145,0,165,0.8,7,0.02130684197205321,0.16561596001626394
1145,0,166,1.0,13,0.05721265560935109,0.1792213485242685
1145,0,167,0.9,6,0.0609852891186837,0.19995016068634822
1145,0,168,0.7000000000000001,5,0.030993853523508072,0.15344633795434343
1145,0,169,0.7000000000000001,12,0.02727361474676718,0.18342176522303252
1145,0,170,0.65,12,0.04177757228721422,0.19156041162036372
1145,0,171,0.8500000000000001,10,0.024709513742773498,0.16176892188732364
1145,0,172,0.8,9,0.042225114856640794,0.1844425724315394
1145,0,173,0.7000000000000001,7,0.026981106625046738,0.15741683511132826
1145,0,176,1.0,8,0.036156830232413235,0.1574252287061033
1145,0,177,0.7000000000000001,15,0.04780653303683986,0.1933590232363139
1145,0,178,0.6000000000000001,10,0.03843082396128881,0.16386204523097558
1145,0,179,0.8500000000000001,16,0.05006494596869308,0.18351233898386468
1145,0,181,0.8500000000000001,8,0.02816375492631967,0.1572547521306491
1145,0,182,0.75,3,0.029559761952676882,0.12644043717119183
1145,0,184,0.75,11,0.034336170524670306,0.16568333653218614
1145,0,185,0.5,8,0.051000843793248034,0.17711298728774874
1145,0,187,0.9,7,0.0319206377856452,0.16937895537160882
1145,0,190,0.65,8,0.03623593343240645,0.1592614720982141
1145,0,193,0.55,9,0.043443701635394495,0.2019656669998338
1145,0,195,0.65,9,0.039198640944646417,0.18492626100266374
1145,0,196,0.5,7,0.02243085035265128,0.18269175220664874
1145,0,197,0.9500000000000001,8,0.024188618722566953,0.16093761673103757
1145,0,199,0.45,5,0.025952396058361655,0.18413589884420994
1145,0,203,0.55,11,0.04263843678685697,0.16831306753580555
1145,0,206,0.8500000000000001,10,0.0314124260496925,0.18554495298814383
1145,0,207,0.75,11,0.03631666637406565,0.17678145263010225
1145,0,209,0.6000000000000001,10,0.03601209843332526,0.1600976577524567
1145,0,215,0.55,6,0.03173600679193799,0.17131419815674412
1145,0,216,0.55,8,0.038201471502736284,0.17744290950194644
1145,0,220,0.8,15,0.04653044336596395,0.20383006018173722
1145,0,224,0.5,8,0.03817280509333839,0.17651649865954797
1145,0,226,0.75,9,0.02818578530676328,0.1680614720609198
1145,0,227,0.9,6,0.05383419939324861,0.1856282000277656
1145,0,229,0.7000000000000001,9,0.045168945157847654,0.1712164360971125
1145,0,232,0.6000000000000001,15,0.04520962350524421,0.19741206584457052
1145,0,235,1.0,7,0.049572495693475965,0.1597155912758003
1145,0,240,0.7000000000000001,11,0.048739728935042345,0.2066632246931882
1145,0,244,0.4,9,0.024012740657197853,0.19487146618602097
1145,0,245,0.55,8,0.041531000674402394,0.17378782792527636
1145,0,246,0.7000000000000001,14,0.030411027269622075,0.16613552016047722
1145,0,248,0.8,8,0.03621925441199855,0.18316320143084697
1145,0,249,0.55,8,0.04058396322335835,0.1880375819218853
1145,0,258,0.55,9,0.054905158940120546,0.18529934960729
1145,0,260,0.55,9,0.027770176066436326,0.1849537117662367
1145,0,261,0.5,5,0.06594228064361159,0.18860465641872098
1145,0,266,0.8500000000000001,8,0.031855818075997695,0.18563146633387267
1145,0,269,0.65,12,0.03890931239196624,0.16914902935622342
1145,0,270,0.4,10,0.04548446449534475,0.19226080771146656
1145,0,273,0.55,5,0.02441510121240642,0.2024451472020424
1145,0,276,0.7000000000000001,9,0.02347965811165236,0.15891704988717623
1145,0,278,0.6000000000000001,9,0.04615334737304018,0.2067888019327111
1145,0,279,1.0,13,0.044385928110945536,0.18778264334845376
1145,0,282,0.65,7,0.059549989308524315,0.1942657740143192
1145,0,300,0.6000000000000001,7,0.02589805527498074,0.1471905280785861
1145,0,302,0.65,9,0.040398641484692716,0.16387521591189114
1145,0,303,0.5,6,0.025270493492041593,0.1724684417353973
1145,0,317,0.7000000000000001,14,0.04047025770035094,0.1834476563775944
1145,0,318,0.6000000000000001,7,0.032292499001130036,0.16994324886721796
1145,0,328,0.45,8,0.0248702508314078,0.19686103948121247
1145,0,334,0.65,14,0.040220175362725374,0.19317717815427252
1145,0,346,0.6000000000000001,10,0.03560930839731667,0.18477574011303693
1145,0,352,0.55,4,0.0362849608996831,0.1591841830959682
1145,0,355,0.75,9,0.031932198859557843,0.195151465362914
1145,0,359,0.75,12,0.03209686162199106,0.176343274003415
1145,0,410,0.7000000000000001,11,0.0445168877012203,0.20264486749279492
1145,0,418,0.8500000000000001,13,0.041703394738454885,0.18629502063991635
1145,0,423,0.55,7,0.03745994667464547,0.206840711863582
1145,0,431,0.6000000000000001,8,0.05816847304382601,0.19346628916804504
1145,0,446,0.8,11,0.02764906548558911,0.1764092267212989
1145,0,463,0.75,11,0.04584026098674826,0.18040032361095942
1145,0,468,0.6000000000000001,8,0.027487149619277552,0.18650023263343624
1145,0,473,0.6000000000000001,4,0.04129399540272229,0.16509452297896945
1145,0,476,0.45,8,0.023486317550329875,0.19139279716640234
1145,0,478,0.65,15,0.04904811555780407,0.19157871350402716
1145,0,481,0.75,7,0.04534741800073798,0.15923358390459327
1145,0,500,0.75,13,0.03765102291644017,0.1739016451905101
1145,0,501,0.5,7,0.04612452110094325,0.17230685272418605
1145,0,508,0.55,7,0.03268462545722823,0.17855615679587636
1145,0,513,0.7000000000000001,12,0.034455967664730795,0.18723211727080266
1145,0,515,0.75,15,0.04710181358744157,0.192575308682882
1145,0,519,0.8500000000000001,7,0.06345296043053449,0.18652004723908802
1145,0,524,0.55,8,0.05017900245506033,0.16504317049050096
1145,0,530,0.65,13,0.031529701879906655,0.19604699272058246
1145,0,532,0.7000000000000001,7,0.03988928385369761,0.17102911577853316
1145,0,543,0.65,10,0.03489723600180066,0.17440348731752492
1145,0,553,1.0,11,0.0377037111999401,0.17080565793111105
1145,0,563,0.75,5,0.05783434984917591,0.21021568986163158
1145,0,566,0.5,8,0.04532886021622427,0.181559008839205
1145,0,568,0.7000000000000001,10,0.047223820033901326,0.20394852987512152
1145,0,576,1.0,12,0.03224778323638347,0.16772246714476682
1145,0,585,0.75,10,0.05391915664821133,0.19416682899650847
1145,0,591,0.65,8,0.03358573682508784,0.18484976743573872
1145,0,592,0.6000000000000001,7,0.039186812718314736,0.1923723898223682
1145,0,594,0.75,10,0.02347003962642374,0.1959955325101712
1145,0,595,0.8500000000000001,11,0.03765348928377254,0.18883280622550472
1145,0,605,0.65,11,0.05581436990531241,0.1735277863364278
1145,0,612,0.7000000000000001,13,0.03717583168269227,0.18681301262265068
1145,0,616,0.8,12,0.03348464101532318,0.18980370558625584
1145,0,627,0.75,8,0.046592327896156416,0.19317901534186202
1145,0,628,0.65,10,0.035329783483934236,0.18390466192710997
1145,0,633,1.0,9,0.03256720017104862,0.19037759219558767
1145,0,641,0.55,7,0.024063895894920678,0.19964623670665485
1145,0,642,0.65,7,0.03803910594525377,0.18079984405011776
1145,0,644,0.5,11,0.048300066093424146,0.1992931328673875
1145,0,645,0.65,13,0.03399181984692118,0.1993990876387672
1145,0,648,0.65,7,0.04839584548248059,0.1912973112020429
1145,0,656,0.75,15,0.03268777360206321,0.1994025528276136
1145,0,667,0.55,9,0.022661906892408275,0.1793872551666674
1145,0,678,0.8,10,0.04515676299238509,0.1920085817840842
1145,0,680,0.75,6,0.028243496782085792,0.1878014107466418
1145,0,682,0.8,9,0.05883342313208469,0.1833214341527067
1145,0,685,0.6000000000000001,8,0.0377379538683808,0.18322342907719671
1145,0,692,0.7000000000000001,6,0.03586406577921973,0.20202041317482977
1145,0,697,0.55,7,0.037641708526138094,0.1861057006984501
1145,0,703,0.6000000000000001,5,0.043980492122060386,0.1862905332769046
1145,0,704,0.45,9,0.03213714119890649,0.17907697503217193
1146,1,0,0.65,12,0.034362831800697775,0.1784831336343586
1146,1,1,0.75,9,0.043550349967409405,0.18234969210600194
1146,1,2,0.8500000000000001,8,0.025970968025811916,0.14932522668124254
1146,1,3,0.9500000000000001,2,0.03863607609207172,0.15093373246021935
1146,1,4,0.7000000000000001,12,0.04206065408097693,0.18429378967214305
1146,1,5,0.6000000000000001,12,0.04727628143111921,0.19672336903984652
1146,1,6,0.6000000000000001,12,0.020429884037241157,0.18740106603612436
1146,1,7,0.6000000000000001,7,0.04845934913024828,0.21126291849852016
1146,1,8,0.75,10,0.035434566711283595,0.17059828208055022
1146,1,9,0.55,4,0.020211963060889057,0.21356019311312716
1146,1,10,0.75,8,0.03078117396454672,0.18374370795917122
1146,1,11,0.8,3,0.016012067530503892,0.11376568922984287
1146,1,12,0.65,11,0.0406237143672645,0.1708754740701727
1146,1,13,0.9,8,0.04076497760405929,0.16225837173076066
1146,1,14,0.6000000000000001,6,0.03825240623594629,0.16405006859774163
1146,1,15,0.7000000000000001,13,0.03136838289758813,0.17280702568549067
1146,1,16,0.65,5,0.026728070841745884,0.20451330869504222
1146,1,17,0.9500000000000001,9,0.050998627837304134,0.18495672477328814
1146,1,18,0.6000000000000001,8,0.02591797114897922,0.19950428211371246
1146,1,19,1.0,11,0.037976721056015274,0.179850340067677
1146,1,20,0.9,7,0.0452770795826433,0.1706795053578782
1146,1,21,0.8,11,0.04258663344017082,0.20218733482152373
1146,1,22,0.55,8,0.03193518942021113,0.18777561845028923
1146,1,23,0.8500000000000001,7,0.05044866277545168,0.22134599848537942
1146,1,24,0.65,13,0.052779496368361274,0.19491235328463333
1146,1,25,1.0,10,0.0408670771735602,0.17731581527156204
1146,1,26,0.8500000000000001,11,0.03202240971039586,0.19327768014578145
1146,1,27,0.9,3,0.025602728731973612,0.14938692148706104
1146,1,28,0.9,6,0.03839547531190156,0.20587179273258352
1146,1,29,1.0,6,0.036192458240697147,0.18426239939640257
1146,1,30,1.0,15,0.0425411566651039,0.18910433403188473
1146,1,31,1.0,6,0.038457084253899106,0.1532932514283138
1146,1,32,0.5,11,0.041817914121576656,0.17518573097896886
1146,1,33,1.0,2,0.032709908327241535,0.12312939799018281
1146,1,34,0.75,5,0.05123455628326402,0.1645287954311174
1146,1,35,0.8500000000000001,7,0.0328593870344457,0.17187893097421406
1146,1,36,0.55,15,0.038711485774551524,0.19994047511914415
1146,1,37,1.0,7,0.04041705341585149,0.15610998333896697
1146,1,38,0.75,9,0.04742251523818894,0.17246960188325455
1146,1,39,0.9,7,0.04938273613860535,0.16110105194497776
1146,1,40,0.9500000000000001,10,0.03860446116514562,0.19954589264397235
1146,1,41,0.7000000000000001,7,0.02692938570929551,0.1898607130388548
1146,1,42,0.7000000000000001,8,0.029546484244883278,0.15853290912331314
1146,1,43,0.8500000000000001,8,0.03228740803956786,0.1634612564351352
1146,1,44,0.7000000000000001,8,0.03172417352292658,0.1593567118673148
1146,1,45,0.6000000000000001,11,0.039824752069971416,0.21428252461953423
1146,1,46,0.65,12,0.03809899094479808,0.1990548281178349
1146,1,47,0.75,8,0.05488027687346158,0.15599724037126356
1146,1,48,0.75,14,0.03979614443464421,0.1825119915391556
1146,1,49,0.9,6,0.021272272962492813,0.15327630969344017
1146,1,50,0.6000000000000001,9,0.047947122028293605,0.18087284849730867
1146,1,51,0.8500000000000001,5,0.04244682979441466,0.17271108094044396
1146,1,52,0.45,6,0.028038903340839975,0.18790123497410852
1146,1,53,0.7000000000000001,10,0.04568560558856845,0.181246343337585
1146,1,54,0.55,13,0.03142201980707807,0.18356162300006112
1146,1,55,0.7000000000000001,9,0.03143733149367774,0.14949911837816757
1146,1,56,0.7000000000000001,9,0.04593749016546299,0.1987749609524791
1146,1,57,0.45,8,0.039308129283578665,0.1965744666984964
1146,1,58,0.8500000000000001,10,0.038823596034659756,0.19412829105406937
1146,1,59,0.8500000000000001,13,0.041961945712438484,0.18960911203079395
1146,1,60,0.8,11,0.034365871315954935,0.1901737758986706
1146,1,61,0.75,9,0.023272627646403206,0.19366412478869777
1146,1,62,0.8,5,0.021244446910207163,0.14751514140249852
1146,1,63,0.9,12,0.043305649993292394,0.1661340465534131
1146,1,64,0.8,11,0.037324738299199,0.16440253914403
1146,1,65,0.9,3,0.02434725138106772,0.11873927276703973
1146,1,66,0.55,9,0.0575351342259891,0.17444366356760022
1146,1,67,0.8500000000000001,9,0.03346258105374928,0.2083268938170881
1146,1,68,0.7000000000000001,8,0.03805626223520452,0.19005510757304214
1146,1,69,0.8,13,0.04012017901591043,0.18203521933810277
1146,1,70,0.6000000000000001,11,0.04802089632523247,0.19219595881129733
1146,1,71,0.65,14,0.044489793294369355,0.2020580547777971
1146,1,72,0.8500000000000001,12,0.05068439859581174,0.1984168124776574
1146,1,73,0.6000000000000001,10,0.0372637805104849,0.20823061824846004
1146,1,74,0.7000000000000001,5,0.058856503640415815,0.16267566433503336
1146,1,75,0.9,3,0.019537237713574823,0.12152702537810027
1146,1,76,0.8500000000000001,6,0.06420775068427395,0.19204920754386226
1146,1,77,0.7000000000000001,3,0.035404013807642104,0.14950407327045617
1146,1,78,0.55,8,0.03794621517978882,0.18522754546505382
1146,1,79,0.6000000000000001,12,0.04060674944670367,0.1876927993417178
1146,1,80,0.8,8,0.05094765062555655,0.21927091789669037
1146,1,81,0.65,7,0.023663733920003028,0.1962926105148743
1146,1,82,0.6000000000000001,10,0.03868218350890731,0.1845936917832193
1146,1,83,0.6000000000000001,14,0.04284806666967243,0.17616717396975462
1146,1,84,0.8,9,0.040024175770546316,0.1804610870406791
1146,1,85,0.9,9,0.031645418223380566,0.16586834828954042
1146,1,86,0.5,10,0.03058494220165512,0.16949940290255844
1146,1,87,0.9500000000000001,6,0.04581848890940525,0.2150569389767122
1146,1,88,0.6000000000000001,7,0.0439818470810202,0.19887126070964348
1146,1,89,1.0,16,0.0446841702232536,0.1858040840819053
1146,1,90,0.5,11,0.044204526679106834,0.22321603092820294
1146,1,91,1.0,8,0.03376019262389409,0.17107039249014125
1146,1,92,0.9,11,0.04423956808344708,0.1750161705313434
1146,1,93,0.75,6,0.03479487616782979,0.22486839487029783
1146,1,94,0.9500000000000001,8,0.05502170152356562,0.2041974085744323
1146,1,95,0.8,14,0.04557441251845037,0.17043297861791223
1146,1,96,0.5,11,0.035601331745658486,0.17354243058835678
1146,1,97,0.65,8,0.03519883218723008,0.15532183431050461
1146,1,98,0.6000000000000001,8,0.04080732421749753,0.1879469001936445
1146,1,99,1.0,8,0.028999750086048305,0.17999380634641438
1146,1,100,0.8500000000000001,7,0.035874149506371085,0.15329525131010488
1146,1,101,0.8,8,0.02928948509298429,0.22670448027633944
1146,1,102,0.65,15,0.038651989334881974,0.16646441099069773
1146,1,103,0.75,9,0.0385400313526042,0.17932526377366392
1146,1,104,0.8500000000000001,7,0.039653755007319276,0.16774904187771597
1146,1,105,1.0,6,0.035576316727149185,0.1804263411248993
1146,1,106,0.7000000000000001,2,0.048219319166435945,0.1577101086238613
1146,1,107,0.55,10,0.04194726651906373,0.19048824724154267
1146,1,108,1.0,5,0.01757396192195831,0.12695287740499123
1146,1,109,1.0,9,0.04055370220167108,0.20200858021749749
1146,1,110,0.55,8,0.04282432356356571,0.222479502002838
1146,1,111,0.7000000000000001,15,0.05734016037531442,0.19213179190707652
1146,1,112,0.9500000000000001,9,0.039696614564246335,0.17762996492624
1146,1,113,0.8500000000000001,13,0.04519829750855521,0.20676107500898208
1146,1,114,0.55,9,0.03693280843155942,0.17558010474040459
1146,1,115,0.8500000000000001,16,0.028752727887248898,0.19398962324006463
1146,1,116,0.65,9,0.03843139973050542,0.18595688593283521
1146,1,117,0.7000000000000001,8,0.03532264492804038,0.17433041074715858
1146,1,118,0.6000000000000001,9,0.0388120613243661,0.1608791753113568
1146,1,119,0.6000000000000001,6,0.05742358424565479,0.17251427262579203
1146,1,120,0.6000000000000001,10,0.037788308492728864,0.1859200201809304
1146,1,121,0.65,10,0.030732377475669512,0.20452952371484873
1146,1,122,0.9,6,0.04330338606594971,0.16768058736214952
1146,1,123,0.8,9,0.02808926926906806,0.17536048930345635
1146,1,124,0.55,12,0.046150114986585465,0.20828511501500743
1146,1,125,0.8,15,0.041244788295998466,0.19494127270093203
1146,1,126,1.0,6,0.031151084843446447,0.1693103355622411
1146,1,127,0.8,10,0.04238088939688638,0.17851349331956434
1146,1,128,0.65,12,0.03690522520315505,0.1688920485685281
1146,1,129,0.7000000000000001,5,0.0778704370900701,0.18395972336261024
1146,1,130,0.6000000000000001,9,0.04299327835639698,0.18775351852759697
1146,1,131,0.75,9,0.036718956957604416,0.17209690663303895
1146,1,132,0.7000000000000001,11,0.04936072045328014,0.18808167400556694
1146,1,133,0.9500000000000001,7,0.0271399750797316,0.16931597272353696
1146,1,134,0.6000000000000001,10,0.041431984303283494,0.19302302522480522
1146,1,135,1.0,12,0.040296829762651636,0.20589496383292008
1146,1,136,0.9500000000000001,12,0.046475894599713415,0.18705337015262866
1146,1,137,0.8,2,0.03445319125324869,0.18466171879594145
1146,1,138,0.75,8,0.04256333411020416,0.16065566131203732
1146,1,139,0.65,12,0.047760017284895456,0.18833548120339674
1146,1,140,0.7000000000000001,10,0.03897718424373268,0.17768089405644327
1146,1,141,0.5,8,0.05099682711899192,0.1894629927260094
1146,1,142,0.65,8,0.04575282923655791,0.19549931832466172
1146,1,143,0.9500000000000001,5,0.03917652197480049,0.156348034401211
1146,1,144,0.75,11,0.03954847227766683,0.17395560017990805
1146,1,145,1.0,12,0.033899370006136936,0.1866466547529417
1146,1,146,0.8500000000000001,3,0.05541742064202959,0.15833953445383375
1146,1,147,0.5,9,0.03487438979776865,0.16550862344110182
1146,1,148,0.8,13,0.04751758522468612,0.18148491711405204
1146,1,149,0.45,7,0.06169859712814144,0.19322976495701827
1146,1,150,0.55,7,0.04667721616384069,0.2006562098780422
1146,1,151,0.55,17,0.03921785193127051,0.18189784173272025
1146,1,152,1.0,3,0.04362547483188615,0.14281665179954106
1146,1,153,0.8,8,0.06020941109778439,0.20541755519892235
1146,1,154,0.8,10,0.05425320426613608,0.17959983535642804
1146,1,155,0.8500000000000001,9,0.05450266141944757,0.17718162925278164
1146,1,156,0.75,9,0.03564015233034399,0.15996460905807253
1146,1,157,0.8,8,0.04304319261370323,0.1527918660855731
1146,1,158,0.8500000000000001,15,0.047675788891486784,0.18376657762398602
1146,1,159,0.7000000000000001,8,0.03830294334452676,0.15843432644324076
1146,1,160,0.8,6,0.04178547288983964,0.14014087376262233
1146,1,161,0.6000000000000001,10,0.025931226677148776,0.20577789557553397
1146,1,162,0.8,6,0.031045429414759945,0.13930919719135063
1146,1,163,0.9,2,0.02567442882509734,0.12811358504607123
1146,1,165,0.75,10,0.03646125819545244,0.1687755229321033
1146,1,167,0.55,15,0.031140783152654193,0.21147393934259667
1146,1,168,0.6000000000000001,8,0.02918825334260646,0.20000519370677905
1146,1,169,0.6000000000000001,10,0.044454804575520694,0.19657767323611644
1146,1,172,0.5,9,0.03496041917706848,0.19649358884577253
1146,1,173,0.45,8,0.031218726744836355,0.20660302487317928
1146,1,174,0.55,7,0.05556801276716552,0.22080446963670747
1146,1,177,0.75,9,0.04970061505041809,0.18544138171065905
1146,1,178,0.6000000000000001,8,0.02311523634345495,0.16638759151622012
1146,1,180,0.75,13,0.038180569105659416,0.1986072388255265
1146,1,181,0.9500000000000001,7,0.030997238052200685,0.14611137362275023
1146,1,191,0.8500000000000001,8,0.05231382506526497,0.20487107747714017
1146,1,204,0.55,8,0.05131850268010988,0.18883238421927936
1146,1,205,0.55,7,0.03346079480218672,0.1904924801544079
1146,1,206,0.7000000000000001,14,0.040611370538872316,0.20910339661443214
1146,1,208,0.65,8,0.030913403916814585,0.1670109067822859
1146,1,213,0.45,10,0.028612836190143803,0.22782304210885637
1146,1,218,0.7000000000000001,12,0.027401814088925787,0.19366384229330416
1146,1,219,0.75,10,0.0484686251767127,0.18624665224292647
1146,1,220,0.8500000000000001,7,0.041095003458599726,0.18375023346875677
1146,1,221,0.7000000000000001,9,0.0330754652539798,0.186179147698084
1146,1,225,0.5,11,0.0335047129765217,0.19066408473847896
1146,1,228,0.55,9,0.04273821566294473,0.19822557541474253
1146,1,229,0.6000000000000001,8,0.032540467802994966,0.16120537475910507
1146,1,230,0.7000000000000001,11,0.0371335032192549,0.18333067559360613
1146,1,233,0.65,9,0.033878789938114356,0.19105649728081486
1146,1,242,0.5,7,0.025214068290904584,0.22441212323043538
1146,1,243,0.5,8,0.041946309520114286,0.21107940821596782
1146,1,244,0.75,11,0.04290461417455112,0.2123174405556152
1146,1,260,0.65,12,0.05136174208761667,0.19675221210652769
1146,1,267,0.5,7,0.03745921389506277,0.20378404962645405
1146,1,270,0.6000000000000001,7,0.03141596082591536,0.17803576952738873
1146,1,276,0.7000000000000001,13,0.05764425696708341,0.19733936308482167
1146,1,278,0.65,7,0.03928859260811109,0.20409192171208154
1146,1,280,0.7000000000000001,9,0.0579316212613752,0.18169800200879527
1146,1,284,0.5,15,0.04053570813198274,0.2077296681042579
1146,1,294,0.8,10,0.05493054971002742,0.19937868226128833
1146,1,307,0.6000000000000001,12,0.044425187934914755,0.2009053168174204
1146,1,310,0.45,11,0.03356323009719953,0.20307108378726849
1146,1,313,0.5,8,0.028299865003531953,0.21381934621620735
1146,1,318,0.6000000000000001,14,0.034250820699873424,0.22526639056512243
1146,1,323,0.55,16,0.03171757459428215,0.19176863160574104
1146,1,325,0.55,5,0.01879588784454961,0.19143842206211592
1146,1,327,0.55,5,0.06065504584986298,0.2064484172087075
1146,1,332,0.55,11,0.05500773008264693,0.203094350904494
1146,1,333,0.6000000000000001,13,0.027869281182344722,0.20798845273792102
1146,1,334,0.55,7,0.02598522924185912,0.19746325009899615
1146,1,335,0.7000000000000001,14,0.04399996274422071,0.20053191369360515
1146,1,347,0.55,7,0.05139522337218985,0.18753352486234678
1146,1,348,0.6000000000000001,10,0.04337752143409192,0.1749283349459009
1146,1,355,0.65,9,0.043434787791221514,0.2114417117754387
1146,1,365,0.6000000000000001,9,0.04372205868689357,0.19281050977716677
1146,1,368,0.5,5,0.025727257527381513,0.16708907389591005
1146,1,377,0.5,7,0.03575085870275971,0.19472488281000686
1146,1,415,0.5,6,0.03438935092319228,0.20177196601647387
1146,1,419,0.55,6,0.04565395498199395,0.1789374287709924
1146,1,445,0.65,9,0.021980838400430316,0.20190966410060876
1146,1,447,0.65,8,0.03307939810132452,0.1862043605079253
1146,1,458,0.5,11,0.05175745111126212,0.2105049889152788
1146,1,459,0.75,12,0.045208363803043806,0.21255440988970473
1146,1,460,0.65,6,0.035518028877662866,0.20546870930741315
1146,1,463,0.65,10,0.03851687405530698,0.1974276891086635
1146,1,471,0.55,14,0.035988681308094746,0.18721066145252907
1146,1,475,0.65,12,0.0545539534807208,0.20416472896403606
1146,1,480,0.65,6,0.048680166613955286,0.20082747853456726
1146,1,482,0.5,12,0.03097736274251533,0.18579000870012627
1146,1,484,0.6000000000000001,9,0.039501646559341734,0.1729061179371874
1146,1,487,0.6000000000000001,6,0.06458161271514781,0.20910248227889658
1146,1,489,0.7000000000000001,12,0.031217004995975343,0.19557212784782696
1146,1,490,0.45,9,0.036606508840042185,0.1943942604185403
1146,1,497,0.7000000000000001,5,0.030946686058078838,0.19270818002846563
1146,1,508,0.55,10,0.041619458785974624,0.20340511113153587
1146,1,509,0.65,9,0.04124508763463634,0.19772868699953544
1146,1,514,0.55,7,0.056223374328900455,0.18354400941162216
1146,1,517,0.55,4,0.042144436264741625,0.19377480763159385
1146,1,519,0.7000000000000001,11,0.02986785620020865,0.18462688938848706
1146,1,527,0.7000000000000001,10,0.04433160124061067,0.20091276656119508
1146,1,529,1.0,7,0.04842643351533778,0.16600565998724814
1146,1,534,0.4,13,0.03487874876500715,0.18711871517609127
1146,1,535,0.6000000000000001,7,0.03749164138941839,0.19467108349262155
1146,1,537,0.65,14,0.04063942903160867,0.19147067717835148
1146,1,542,0.8500000000000001,8,0.05332099603293897,0.22688344814779496
1146,1,548,0.55,9,0.01780479659378768,0.21342815106605761
1146,1,563,0.65,8,0.0325993775779295,0.19322675170183984
1146,1,568,0.65,11,0.037654357970016095,0.21440488495204146
1146,1,575,0.75,5,0.031036800678225413,0.18702100064134056
1146,1,577,0.55,6,0.029839530466551738,0.1890624924227846
1146,1,593,0.55,7,0.04165663726217824,0.22997961494441205
1146,1,606,0.55,11,0.04044344896317121,0.17817637966981345
1146,1,612,0.7000000000000001,15,0.04068473588647076,0.18730232462157215
1146,1,614,0.65,8,0.027206855941717907,0.17694103348952445
1146,1,615,0.9,13,0.05333067313919936,0.2087227082202476
1146,1,618,0.6000000000000001,5,0.04702719726673963,0.2049523412222754
1146,1,633,0.55,10,0.039755851795069574,0.19690535587127414
1146,1,637,0.5,6,0.02914388571320907,0.23058478190485446
1146,1,642,0.55,7,0.04380059164972905,0.17538807665541434
1146,1,643,0.6000000000000001,10,0.03511032998340783,0.1986454364350019
1146,1,648,0.9500000000000001,9,0.04162183126983329,0.18868334781704033
1146,1,651,0.65,7,0.026510350248201236,0.1929715449176277
1146,1,653,0.75,15,0.037240534994392185,0.1874982259449377
1146,1,658,0.45,12,0.045899667826687904,0.21617145150713402
1146,1,660,0.7000000000000001,10,0.032146727622383985,0.18193638571644627
1146,1,667,0.55,7,0.05869155485644394,0.22178531458998532
1146,1,684,0.65,13,0.045010424870695995,0.1956488518295858
1146,1,685,0.7000000000000001,7,0.055441993484359145,0.18936683212620964
1146,1,686,0.55,8,0.039258387882424646,0.15307913537316745
1146,1,692,1.0,8,0.051673636117184764,0.20921301294155553
1146,1,696,0.9,13,0.03542716961952114,0.1791378893148797
1146,1,702,0.45,14,0.051336967465780994,0.21083606527903548
1147,2,0,0.5,11,0.039397209100851434,0.20039898271847906
1147,2,1,0.75,8,0.03369681995347529,0.163397546635276
1147,2,2,0.75,6,0.069375921791549,0.16888469939880493
1147,2,3,0.7000000000000001,5,0.050367875722264525,0.2139830392629717
1147,2,4,0.7000000000000001,10,0.041818732162830496,0.16997779281717873
1147,2,5,0.8,12,0.05440494331881743,0.18556882787497833
1147,2,6,0.6000000000000001,12,0.042173942159080706,0.1950385829897143
1147,2,7,0.8,7,0.048399497101842284,0.2081427126744007
1147,2,8,0.8,11,0.05441983571337375,0.18558247589544596
1147,2,9,0.65,3,0.04427466275502065,0.1676964254752676
1147,2,10,0.65,8,0.04944721541830344,0.18330129883246168
1147,2,11,0.9500000000000001,5,0.025226730458675576,0.15325778941914409
1147,2,12,0.8,8,0.05324592363374242,0.16703593060233116
1147,2,13,0.8,17,0.0587115686710422,0.1822167870811372
1147,2,14,0.8500000000000001,13,0.047182609491079344,0.18040088829851142
1147,2,15,0.7000000000000001,8,0.03794264074417447,0.20514223909961518
1147,2,16,0.7000000000000001,11,0.058357918382189546,0.19002151586997149
1147,2,17,0.75,13,0.04442701185377531,0.16204439364825224
1147,2,18,0.65,11,0.05023229619822507,0.18112416262888098
1147,2,19,0.8,6,0.046052067279572305,0.16884003650507973
1147,2,20,0.8,10,0.04232214085771023,0.17686901972437505
1147,2,21,1.0,10,0.06303544771717921,0.211271462219147
1147,2,22,0.7000000000000001,8,0.04342751205449697,0.14653406649170786
1147,2,23,0.65,10,0.05402531414376804,0.1949783560477652
1147,2,24,0.9,6,0.025126856504323707,0.15266245395362815
1147,2,25,1.0,3,0.07577046239785143,0.16137007552135846
1147,2,26,0.8500000000000001,4,0.016441409166367684,0.1554594522718697
1147,2,27,0.8500000000000001,11,0.045444983157186335,0.17665728680388101
1147,2,28,0.8,7,0.03894650023538047,0.15910671942467394
1147,2,29,0.7000000000000001,9,0.042493293349972476,0.17504226829368832
1147,2,30,0.6000000000000001,6,0.05111551093003635,0.2227331347887317
1147,2,31,0.75,9,0.05989688805455775,0.18726053461338105
1147,2,32,0.9,11,0.03581934493246037,0.17004335085112512
1147,2,33,0.8,9,0.05511249169478326,0.17410926917750044
1147,2,34,0.8500000000000001,4,0.029176843509868964,0.14281173609858533
1147,2,35,0.9500000000000001,5,0.033555517215252254,0.1485000182404773
1147,2,36,0.65,13,0.04187186975626786,0.1965932395788454
1147,2,37,0.9,2,0.02572779771430182,0.14363248409310028
1147,2,38,0.9,13,0.04331016790932906,0.17782627578692592
1147,2,39,0.65,11,0.05186360598765587,0.18307171632773425
1147,2,40,0.55,11,0.05008308311337849,0.19693249423624576
1147,2,41,0.9,6,0.04798624758739827,0.1810586973730092
1147,2,42,0.9,11,0.044602567667299746,0.18743596271383378
1147,2,43,0.8500000000000001,2,0.06378105890679593,0.15114028562057258
1147,2,44,0.8500000000000001,9,0.035517931459627575,0.1890947687492635
1147,2,45,0.6000000000000001,2,0.009511803969072915,0.11276612744416711
1147,2,46,0.8,10,0.0597708199622655,0.17003953914411635
1147,2,47,0.9500000000000001,8,0.058486196025932524,0.1633305495851371
1147,2,48,0.65,8,0.06287348775902166,0.18053313431792886
1147,2,49,0.8,11,0.049933408720313974,0.17767836983259674
1147,2,50,0.9500000000000001,9,0.044801455043817884,0.16000970442970952
1147,2,51,0.8,5,0.06094105514318489,0.1646806284098023
1147,2,52,0.9,2,0.09262256086366123,0.1909342247418803
1147,2,53,1.0,9,0.04374569283177901,0.15136115752602805
1147,2,54,0.6000000000000001,8,0.045242776659657945,0.19158869118613941
1147,2,55,0.6000000000000001,12,0.051378653234959694,0.2040394734870342
1147,2,56,0.6000000000000001,9,0.05939892419017829,0.16921941582272088
1147,2,57,0.65,6,0.03669268626365745,0.15139355634745805
1147,2,58,0.9500000000000001,2,0.018205440841162594,0.1436734883726889
1147,2,59,0.65,13,0.04757311716299468,0.1961244137715224
1147,2,60,0.5,7,0.03149194482533137,0.19628731542264907
1147,2,62,0.9500000000000001,11,0.04156384008172094,0.17152169421160487
1147,2,63,0.9500000000000001,7,0.052223375035693916,0.20317867632207862
1147,2,64,1.0,9,0.057042142149150765,0.1727919428596012
1147,2,65,0.4,8,0.03783673869029629,0.22630367556407588
1147,2,66,1.0,12,0.055296743796326805,0.18584946643123756
1147,2,67,0.9500000000000001,7,0.05927644584352913,0.18729165104213688
1147,2,68,0.8,12,0.055165751321199274,0.18768607223166445
1147,2,69,1.0,9,0.0702331545010683,0.19916145596075405
1147,2,70,1.0,10,0.04089331056191732,0.17426200349761908
1147,2,71,0.7000000000000001,8,0.042300972607472516,0.155580263517909
1147,2,72,0.75,4,0.04392256480446728,0.2123791064056872
1147,2,73,0.6000000000000001,8,0.06422574623988164,0.18113824950761706
1147,2,74,0.9,7,0.03826455694166177,0.1711198319654658
1147,2,75,0.8,11,0.04801160472110005,0.1910523852571698
1147,2,76,0.75,10,0.03177378951640638,0.14935201245313628
1147,2,77,0.8,9,0.042260317128104984,0.18416397086746036
1147,2,78,0.6000000000000001,11,0.05957362470185764,0.1948989026823527
1147,2,79,1.0,12,0.05288004233330353,0.1740997926605454
1147,2,80,0.75,11,0.040233106275763174,0.1854923393098877
1147,2,81,0.8500000000000001,2,0.008379245138062425,0.12487527664106396
1147,2,82,0.65,11,0.03478162994200261,0.15959035287522297
1147,2,83,0.75,6,0.04064742386544632,0.16492023149131638
1147,2,84,0.5,11,0.04936698265758674,0.22018347499598126
1147,2,85,0.8,11,0.051226129974711154,0.20946160350251442
1147,2,86,1.0,7,0.025897891891122227,0.1663271159770955
1147,2,87,1.0,3,0.037516629197152,0.1465741711769769
1147,2,88,0.65,10,0.0338449336219242,0.1593616773043689
1147,2,89,0.6000000000000001,11,0.0486986864435497,0.20131665011587316
1147,2,90,0.5,12,0.03076698337718544,0.17100660753473496
1147,2,92,0.75,14,0.050874960339028455,0.19680008681717284
1147,2,93,0.8500000000000001,4,0.03645222288180085,0.1543860613697528
1147,2,94,0.8,3,0.030574806096075692,0.15858076018421838
1147,2,95,0.9,13,0.048176750916307715,0.17640173252170868
1147,2,97,0.65,9,0.03670272133210473,0.15375377423414185
1147,2,98,0.9,5,0.03200355338534616,0.15092228452684342
1147,2,99,0.6000000000000001,11,0.04862568812893929,0.18883839000634248
1147,2,100,0.45,6,0.05613574626360456,0.1765355550043719
1147,2,101,0.65,11,0.043138192842881694,0.16071878211934312
1147,2,102,0.75,10,0.042534607976117335,0.16892096436224988
1147,2,103,0.8,5,0.06834484187410776,0.1996275477438228
1147,2,104,0.65,7,0.0353987916798468,0.23278338231525325
1147,2,105,0.75,7,0.044507455449373914,0.18051661793351162
1147,2,106,0.7000000000000001,16,0.05915449145408016,0.20142256321856178
1147,2,107,0.75,7,0.023010067458524568,0.14192394683152512
1147,2,108,0.9500000000000001,10,0.034790117100251594,0.16737086567599943
1147,2,109,0.7000000000000001,10,0.056294888781163156,0.21102803973285617
1147,2,111,1.0,17,0.05379203347847582,0.18059293919022149
1147,2,112,0.6000000000000001,6,0.04896375340878742,0.17660719470502986
1147,2,113,0.6000000000000001,6,0.07978498105058626,0.17704152572288587
1147,2,114,0.65,13,0.06100013467624783,0.17750994177586404
1147,2,115,0.55,6,0.03040810524631129,0.19777726763724468
1147,2,117,0.8500000000000001,5,0.03688242388167073,0.25057552524330584
1147,2,121,0.7000000000000001,9,0.061964138291277955,0.19834717550690936
1147,2,122,0.65,12,0.03896215021231081,0.1856984265176319
1147,2,126,0.65,12,0.040532983562569506,0.1901133702922332
1147,2,128,0.65,5,0.04146933014605725,0.19014908047961415
1147,2,129,0.65,10,0.03627134883369613,0.16199396550471262
1147,2,130,0.9,8,0.03845190736631188,0.16253447306373736
1147,2,131,0.55,9,0.04783255371641416,0.2174839503575044
1147,2,132,0.65,15,0.050872547034183146,0.18930989390813474
1147,2,136,0.55,8,0.044468069675077763,0.21527240164303688
1147,2,137,0.75,8,0.035907409535805984,0.20674802837444617
1147,2,138,0.8500000000000001,8,0.058340063006757516,0.19582645629170511
1147,2,144,0.65,8,0.04453434439560325,0.21541544995347747
1147,2,145,0.65,10,0.04926229659976436,0.2054910310456653
1147,2,146,0.6000000000000001,13,0.04650739528700976,0.19977811408386972
1147,2,147,0.65,7,0.0354914131303265,0.19359643436033552
1147,2,149,0.8500000000000001,12,0.05328161494766256,0.19977921105685179
1147,2,152,1.0,7,0.05786627135559099,0.17218388410236438
1147,2,154,0.8,14,0.04693147289239721,0.18442543498415068
1147,2,155,0.65,15,0.048984735276971676,0.19950779742074237
1147,2,157,0.6000000000000001,12,0.056925281867842265,0.18162568979922397
1147,2,158,0.65,6,0.025781639766491032,0.19682329228890638
1147,2,160,0.6000000000000001,8,0.04808318397020059,0.20220971620805858
1147,2,162,0.55,11,0.04898277303119489,0.1869804472566601
1147,2,165,0.75,8,0.03910634669345221,0.15365071508586614
1147,2,166,0.65,8,0.04377490539825367,0.22440988858737043
1147,2,167,0.65,6,0.06450775724756203,0.18786934635174538
1147,2,172,0.5,8,0.045795166698981864,0.17497568321695353
1147,2,174,0.65,15,0.04740603447692066,0.19381483932568008
1147,2,175,0.7000000000000001,11,0.033729370596355286,0.19149128695495596
1147,2,180,0.55,7,0.046603277215893024,0.20190373672935183
1147,2,181,0.8500000000000001,14,0.03993509072598981,0.20730096525891056
1147,2,184,0.55,11,0.050926799587892195,0.21019389028019517
1147,2,186,0.55,6,0.06892966016826531,0.1875118002214172
1147,2,188,0.7000000000000001,5,0.02513018413627275,0.20818078620616937
1147,2,189,0.55,7,0.03459271029183848,0.1839439708692586
1147,2,190,0.8500000000000001,8,0.04684440107875038,0.1674638755795268
1147,2,191,0.45,5,0.041453245147636195,0.1932965335308452
1147,2,192,0.75,7,0.044391564590447304,0.22059614141027223
1147,2,193,0.75,12,0.05260556166719624,0.21662920363082208
1147,2,194,0.55,12,0.04388260697797376,0.21541466924020858
1147,2,195,0.6000000000000001,11,0.05466960881753709,0.21124036882652755
1147,2,197,0.65,8,0.0460500929671261,0.22940174182749085
1147,2,202,0.7000000000000001,8,0.051686004112988446,0.18865323907543374
1147,2,203,0.5,8,0.04769410606455729,0.1688565578899693
1147,2,210,0.8,9,0.045894836244383695,0.18925622661314292
1147,2,212,0.75,10,0.041239201781337,0.21898676677265425
1147,2,216,0.55,8,0.05112713342968474,0.2126565582685021
1147,2,218,0.65,6,0.048759098331739616,0.18695408778118547
1147,2,221,0.65,12,0.05603481819309501,0.2006236789005326
1147,2,226,0.6000000000000001,10,0.05519690552199056,0.1849868396330438
1147,2,227,0.55,18,0.050884285766581286,0.17912980857657887
1147,2,231,0.8500000000000001,5,0.05341910508910139,0.22191397844350574
1147,2,232,0.55,8,0.04299998795300907,0.21400477513280702
1147,2,233,0.7000000000000001,12,0.04296602290329895,0.20771073851993457
1147,2,235,0.9500000000000001,19,0.045345347599211744,0.20738736163227073
1147,2,237,0.55,11,0.05054527102069338,0.20225369398526352
1147,2,239,0.8500000000000001,13,0.03404629240966716,0.1810036578292403
1147,2,245,0.7000000000000001,9,0.048076860131921424,0.16219977863302637
1147,2,246,0.45,8,0.04457676793402508,0.2016199656264741
1147,2,247,0.7000000000000001,12,0.05319872572097011,0.19869492263256086
1147,2,252,0.65,15,0.04803160455727687,0.20819112126377234
1147,2,253,0.8500000000000001,13,0.04923268706085321,0.2137702669869849
1147,2,255,0.55,5,0.04000081909071672,0.21141754421736056
1147,2,256,0.6000000000000001,10,0.04268712936169306,0.20029203979556254
1147,2,257,0.9,16,0.05281721476304155,0.20690227711985826
1147,2,259,0.75,16,0.048598285839886804,0.19061493699649756
1147,2,262,0.5,6,0.07321187472320322,0.21618591469570483
1147,2,265,0.5,10,0.05104757045967257,0.2145588175683435
1147,2,270,0.7000000000000001,9,0.03916799099814587,0.2128740335258384
1147,2,271,0.8,6,0.025352872023861245,0.15514131793791272
1147,2,273,0.65,10,0.018637022118911693,0.19897062031590554
1147,2,275,0.5,6,0.036168102878960995,0.22232109860090207
1147,2,279,0.7000000000000001,10,0.055248683034155595,0.1887028759857164
1147,2,284,0.6000000000000001,13,0.05817935486983826,0.19404289660104368
1147,2,286,0.5,7,0.04247651001930758,0.18556240165666882
1147,2,290,0.55,11,0.03860312956365994,0.18024009755251022
1147,2,291,0.8,7,0.04751017160207502,0.2146542339278154
1147,2,292,0.65,7,0.04437727586321589,0.2290388510282728
1147,2,294,0.55,12,0.04591434306318231,0.20232332352049567
1147,2,303,0.55,11,0.054254566972136875,0.2019912498388175
1147,2,304,0.5,11,0.04672398660944021,0.19116741536120677
1147,2,306,0.55,6,0.049834487346176834,0.1739441227100856
1147,2,309,0.55,12,0.04121843148403346,0.17913357239462255
1147,2,310,0.6000000000000001,15,0.05116227160041203,0.19608176712969735
1147,2,322,0.55,7,0.04170989000968339,0.2208147115084255
1147,2,330,0.65,13,0.04158765718120076,0.19488654565675384
1147,2,336,0.75,13,0.044304809170972057,0.21802762232247191
1147,2,340,0.45,8,0.025056941960132213,0.21908507526571985
1147,2,348,0.75,7,0.047306242026824395,0.2193417563171541
1147,2,350,0.6000000000000001,9,0.058363320343836934,0.20396907184684965
1147,2,353,0.65,9,0.061525754124881996,0.20038611536613338
1147,2,363,0.8,11,0.052152453636704864,0.18949831484913301
1147,2,364,0.65,9,0.04693059134135763,0.20923405300606837
1147,2,365,0.5,8,0.05225451598698019,0.21593269272284943
1147,2,366,0.8500000000000001,8,0.045186954225103694,0.19051128330681955
1147,2,385,0.6000000000000001,7,0.05079657635606254,0.21823642255176662
1147,2,387,1.0,19,0.05064398513667839,0.1886945982193263
1147,2,388,0.75,15,0.046902132454519754,0.22879138101399257
1147,2,390,0.8,6,0.036177982564453995,0.17632470173008444
1147,2,392,1.0,9,0.04338232709926338,0.18377552387253587
1147,2,394,0.45,7,0.04077816961754621,0.19416114024962638
1147,2,409,0.9,12,0.05372285305397952,0.19939696043049393
1147,2,411,0.7000000000000001,11,0.06173341966764988,0.20379154017420065
1147,2,419,0.65,9,0.049135413073303165,0.21843481877585444
1147,2,428,0.5,10,0.03962254600942288,0.18626151979902
1147,2,437,0.55,9,0.05962305515426016,0.20242010597227175
1147,2,438,0.6000000000000001,13,0.037938670728330966,0.18778271477619046
1147,2,439,0.75,6,0.055992207067943306,0.21169107641019672
1147,2,444,0.7000000000000001,10,0.05174061173634771,0.17411417972980187
1147,2,449,0.65,14,0.041418286575149885,0.20453964483139825
1147,2,452,0.5,10,0.04811785512369063,0.18868205504024352
1147,2,459,0.4,10,0.048315733252739655,0.1716683156356351
1147,2,464,0.75,8,0.05312742235549485,0.1917870921468704
1147,2,466,0.75,10,0.0477031624206618,0.19018536859233176
1147,2,469,0.9,5,0.036642646687343225,0.15247185469838112
1147,2,477,0.7000000000000001,7,0.024379527400429236,0.24089345672812
1147,2,480,0.6000000000000001,15,0.05557772553545771,0.1907746492321498
1147,2,481,0.55,11,0.058053570275704985,0.21106017929899767
1147,2,488,0.5,9,0.05293588472222044,0.19364267890220818
1147,2,490,0.7000000000000001,13,0.04393279011122458,0.18731938736154344
1147,2,495,0.75,14,0.04976234601589356,0.21087606571368944
1147,2,501,0.45,8,0.027291840292699467,0.18554166895484758
1147,2,504,0.7000000000000001,10,0.03576091366922905,0.20280674245743252
1147,2,512,0.55,7,0.02949344257572251,0.17503561908138585
1147,2,524,1.0,11,0.051569316216754126,0.19516956927368015
1147,2,527,0.6000000000000001,10,0.04804465156857817,0.20826254977875563
1147,2,529,0.5,10,0.044817919859429234,0.1981268684559431
1147,2,534,0.7000000000000001,14,0.044027354000768855,0.2065185179378132
1147,2,538,0.65,17,0.052209588363294354,0.19521389949819573
1147,2,539,0.45,8,0.04792204623943172,0.19577952151936462
1147,2,552,0.7000000000000001,7,0.03177738211994272,0.200423351650975
1147,2,553,0.65,10,0.03652132000561147,0.1689094219453977
1147,2,554,0.6000000000000001,15,0.05360019962753572,0.19751945687597203
1147,2,559,0.55,10,0.04843295282259187,0.21822616078313448
1147,2,566,0.5,8,0.04650932295066886,0.2151409380599355
1147,2,574,0.6000000000000001,6,0.05139609845410107,0.18808907970770186
1147,2,579,0.6000000000000001,10,0.06056197203943837,0.20705431967927984
1147,2,587,0.6000000000000001,8,0.03941329701072583,0.21738536446745002
1147,2,589,0.65,9,0.04540875339653834,0.19356403503801145
1147,2,591,0.9,9,0.05258791102834376,0.2172826255274315
1147,2,623,0.5,8,0.04398652866725785,0.23158150765747168
1147,2,635,0.7000000000000001,14,0.0475060419054074,0.19920561600172745
1147,2,638,0.7000000000000001,7,0.04822072078184048,0.192546696821534
1147,2,640,0.55,9,0.048869748128107515,0.2136878409474493
1147,2,641,0.75,10,0.04593927576059602,0.2311035557395839
1147,2,644,0.8,10,0.05560246974687255,0.19878473282828588
1147,2,656,0.8500000000000001,5,0.031270261403072375,0.17713064858669605
1147,2,661,0.8500000000000001,11,0.041833506053532005,0.19536618329469235
1147,2,669,1.0,8,0.05543968601555905,0.2211982770928554
1147,2,671,0.45,8,0.050961115089205644,0.21012296396438748
1147,2,685,0.65,10,0.05230107095757488,0.21485417724846417
1147,2,687,0.65,10,0.04450584839821636,0.19678924836336262
1147,2,702,0.55,11,0.06174456575701706,0.21269634028535728
1147,2,703,0.7000000000000001,10,0.06683993705640165,0.22266339104845195
1148,3,0,0.65,8,0.0289392123413193,0.22018205346634007
1148,3,1,1.0,6,0.04341837922469136,0.17270876132566362
1148,3,2,0.7000000000000001,13,0.024753362582064006,0.22182389835279034
1148,3,3,0.55,9,0.04934257011946956,0.2282621341823766
1148,3,4,0.5,14,0.043792606066542145,0.20655108650758375
1148,3,5,0.5,11,0.05078622235779941,0.23402217355569715
1148,3,6,1.0,7,0.04360500185935201,0.19010821734367261
1148,3,7,0.5,8,0.03021488583479616,0.23424080257464425
1148,3,8,0.8,7,0.04671220915136938,0.16951646305007664
1148,3,9,0.6000000000000001,6,0.026171994038426433,0.22589106344575435
1148,3,10,0.9,8,0.06065384805652432,0.17056201015517064
1148,3,12,0.75,12,0.040035677015107414,0.21290206168312423
1148,3,13,0.8500000000000001,2,0.01478329399440233,0.11045336743171626
1148,3,14,0.9,5,0.04290355219736165,0.1656267075289645
1148,3,15,0.8500000000000001,3,0.054590979962965636,0.16518479336010852
1148,3,16,1.0,11,0.04404705760928137,0.2284393345818937
1148,3,17,0.65,10,0.046691881184772806,0.2199553917661437
1148,3,18,0.9500000000000001,12,0.05405195737197564,0.17184086042292598
1148,3,19,0.5,12,0.03402233563744521,0.23435569881694318
1148,3,20,0.75,8,0.05700125752108934,0.19257761987237784
1148,3,21,0.8,12,0.048633678188785105,0.2039818073560967
1148,3,22,0.75,11,0.05015773485864003,0.17283014850741296
1148,3,23,0.7000000000000001,9,0.04058270841725277,0.18104720112442735
1148,3,24,0.8500000000000001,6,0.05796888985869021,0.1732373158995338
1148,3,25,0.65,16,0.05227103385656367,0.20336264731758064
1148,3,26,0.9,8,0.060338928759015635,0.21042383078905624
1148,3,27,0.8500000000000001,13,0.052675703544098396,0.20037076899397036
1148,3,28,0.9500000000000001,13,0.04405456401198484,0.21808704345823032
1148,3,29,0.55,12,0.052969489638299186,0.18763263650949832
1148,3,30,0.65,7,0.033437351480143415,0.17386707562815418
1148,3,31,0.8500000000000001,13,0.046196751862570426,0.20843023887422263
1148,3,32,0.6000000000000001,8,0.04640853736293775,0.22050611845274035
1148,3,33,0.55,14,0.048131190776476394,0.22063575298767488
1148,3,34,0.9,12,0.05241937409384092,0.208968742718457
1148,3,35,0.6000000000000001,15,0.04586194167361624,0.2096793499915063
1148,3,36,0.6000000000000001,6,0.04996740938113932,0.17958825800736652
1148,3,37,0.6000000000000001,13,0.05278466364919537,0.2064088534771526
1148,3,38,0.75,11,0.0504365081044053,0.21619373083184204
1148,3,39,1.0,15,0.04604290916783585,0.20172328481829918
1148,3,40,0.8500000000000001,8,0.033076292988662694,0.23028357092081164
1148,3,41,0.75,19,0.03344077282738064,0.21136437339194192
1148,3,42,0.8,12,0.061293615585633204,0.2000257462532015
1148,3,43,0.5,7,0.035048025162801505,0.21278013852079086
1148,3,44,0.6000000000000001,13,0.03279279614931786,0.2248789809793242
1148,3,45,0.9,7,0.048087894734253615,0.1721540369827986
1148,3,46,0.9500000000000001,10,0.03597026949622467,0.1825722227637558
1148,3,47,0.55,13,0.034148364106237346,0.2347575542647638
1148,3,48,0.8500000000000001,4,0.03309513574265851,0.12667143467690206
1148,3,49,1.0,12,0.03954992544059887,0.19616626826040431
1148,3,50,0.9500000000000001,8,0.049577436133003853,0.19798505030670666
1148,3,51,0.75,11,0.04384817335677057,0.21354559159299857
1148,3,52,0.6000000000000001,12,0.036349875210615806,0.2340184968149787
1148,3,53,0.7000000000000001,14,0.05783997494062819,0.2250509507690778
1148,3,54,0.65,8,0.04270548840641117,0.21552979211626644
1148,3,55,0.6000000000000001,7,0.03760200047879529,0.23075718160423175
1148,3,56,0.9500000000000001,5,0.075181158848717,0.23741648941530724
1148,3,57,0.9,11,0.04876880518831507,0.20632080590174162
1148,3,58,0.6000000000000001,9,0.03098510890955434,0.209682296148187
1148,3,59,0.9,10,0.03247636380461983,0.24230456980539428
1148,3,60,0.75,11,0.05680202870792606,0.19341701739151548
1148,3,61,0.55,10,0.04023004735063432,0.2229856272669702
1148,3,62,0.9500000000000001,7,0.04401676290100099,0.18024587479245438
1148,3,63,0.8,16,0.04894996586441506,0.22237650679095744
1148,3,64,0.5,8,0.03183378047387333,0.22491135478535534
1148,3,65,0.55,9,0.05291150966251192,0.18493480523728822
1148,3,66,0.7000000000000001,6,0.0546140947465081,0.21528841138498503
1148,3,67,0.8,9,0.0479270865838919,0.21713183869950345
1148,3,68,0.9500000000000001,12,0.06122695352645775,0.2047413020561243
1148,3,69,0.8500000000000001,3,0.02664217324315783,0.1483218398171422
1148,3,70,0.7000000000000001,9,0.05576124594167242,0.2045201747226531
1148,3,71,0.75,12,0.056572952479524645,0.21296159790044444
1148,3,72,0.8,9,0.057207716518803735,0.1991536718952296
1148,3,74,0.5,11,0.04451434077802317,0.21739172186390548
1148,3,75,0.6000000000000001,14,0.04839671065110378,0.21577018535100892
1148,3,76,0.9,13,0.04703114396821302,0.19217722911227852
1148,3,77,1.0,11,0.05868711814687391,0.209238342434563
1148,3,78,0.8500000000000001,10,0.04917678633746054,0.18630177112671453
1148,3,79,0.8500000000000001,8,0.05252320005461417,0.2000763971323955
1148,3,80,0.65,7,0.054320843325710196,0.17559619107395633
1148,3,81,1.0,2,0.01184524020558989,0.10837584967415614
1148,3,82,0.8,13,0.05292875452251785,0.19387201500414622
1148,3,83,0.9,10,0.055602825779741856,0.20368883263472531
1148,3,84,0.9,3,0.06538132525063485,0.1574047005730915
1148,3,85,0.6000000000000001,9,0.05708470681359913,0.17423342501913272
1148,3,86,0.65,13,0.034789687171794516,0.219851381054768
1148,3,87,0.9500000000000001,5,0.04154455654534983,0.14233127435818588
1148,3,88,0.7000000000000001,10,0.04587981544309861,0.17503555486427697
1148,3,89,0.8500000000000001,4,0.06557751088644036,0.1627195154091124
1148,3,90,0.75,3,0.04422892240700544,0.1413734493626393
1148,3,91,0.8,6,0.045316390283468455,0.17423601719892468
1148,3,92,0.8500000000000001,7,0.03711570908133493,0.19305844094307564
1148,3,93,0.75,7,0.04355467057735431,0.16611995196560406
1148,3,94,0.8500000000000001,3,0.06821880820376665,0.1543759395636502
1148,3,95,0.9,4,0.06492459742357334,0.19565188858422952
1148,3,96,0.65,13,0.03483733768428858,0.22639297261830127
1148,3,97,0.6000000000000001,6,0.06307937583238948,0.20110706357683403
1148,3,98,0.8500000000000001,3,0.021774513388647197,0.14174056029605595
1148,3,99,0.7000000000000001,8,0.053831745655852865,0.20066292203069166
1148,3,100,0.6000000000000001,12,0.05133753649515026,0.2131601604893931
1148,3,101,0.5,7,0.04801987415698231,0.19416794732402773
1148,3,102,0.6000000000000001,9,0.04484391519257758,0.19839702343065002
1148,3,103,1.0,3,0.06767083564480753,0.1972932334708568
1148,3,104,0.75,4,0.03498934879187857,0.17137459544232664
1148,3,105,0.5,12,0.05498298683504327,0.2252217822614014
1148,3,109,0.8,16,0.0567181088993869,0.20074757018855338
1148,3,110,0.75,13,0.047465832571753824,0.20597015762820078
1148,3,113,0.5,13,0.0406399184184338,0.23171636168645465
1148,3,114,0.7000000000000001,11,0.06175563429239174,0.21118728133175343
1148,3,115,0.55,8,0.03850045377486466,0.22231764198235482
1148,3,117,0.6000000000000001,7,0.04808074885096484,0.18694997741446473
1148,3,121,0.6000000000000001,11,0.034684109038135076,0.21781517131148495
1148,3,123,0.6000000000000001,13,0.058200099915206686,0.19354413344629398
1148,3,128,0.65,13,0.03760341479454465,0.2084620325532736
1148,3,129,0.6000000000000001,7,0.04014222511757373,0.19977505371836157
1148,3,130,0.55,13,0.028379421639080506,0.22738506241550205
1148,3,131,0.65,7,0.048148884608501814,0.1697933048158342
1148,3,132,0.65,9,0.03616061309600941,0.23837621656761243
1148,3,133,0.65,14,0.04628433905046284,0.19764040809442326
1148,3,135,0.65,5,0.05061285397077638,0.18835024952464724
1148,3,142,0.7000000000000001,11,0.061182068473970445,0.21115873348419018
1148,3,144,0.8,9,0.036735647940761666,0.227512355242421
1148,3,145,0.5,11,0.04478100516344201,0.23177022333921504
1148,3,148,0.6000000000000001,9,0.05886360452351483,0.2149502877782277
1148,3,150,0.6000000000000001,9,0.03625253946040972,0.22474700860229596
1148,3,153,0.6000000000000001,8,0.045341326330344184,0.20518236279603588
1148,3,155,0.75,6,0.06416088706514718,0.1837625480814603
1148,3,158,0.6000000000000001,4,0.05419332643706953,0.19789755492828717
1148,3,161,0.8,7,0.07292707556004357,0.2044508353721049
1148,3,162,0.6000000000000001,12,0.04107370590242639,0.22205498800268317
1148,3,163,0.55,10,0.039831793184466294,0.19756019320515567
1148,3,168,0.5,5,0.03645478407689373,0.2094663413919268
1148,3,169,0.75,12,0.06876223093228391,0.20959983389517037
1148,3,173,0.45,8,0.04922648200176797,0.22382708570037613
1148,3,184,0.7000000000000001,6,0.06149827880166144,0.22956167449228135
1148,3,185,0.65,10,0.05131699430034783,0.20668054122759708
1148,3,186,0.6000000000000001,7,0.03947660516089231,0.2223367109714053
1148,3,189,0.55,15,0.030256433465213384,0.22693294110282725
1148,3,193,0.6000000000000001,10,0.05609106208613834,0.22476480790982892
1148,3,197,0.45,13,0.036615276514129005,0.2260480309463697
1148,3,200,0.75,11,0.04095425344620697,0.217780549261843
1148,3,205,0.75,10,0.03588219827935463,0.19696075054683782
1148,3,215,0.6000000000000001,9,0.03542077339645183,0.21837234069958256
1148,3,221,0.6000000000000001,14,0.04569381105664676,0.21056483837282816
1148,3,223,0.65,10,0.03939411140184711,0.22520637740369906
1148,3,225,0.6000000000000001,6,0.058185337500818966,0.21259228215981807
1148,3,231,0.55,10,0.03124469452467675,0.22161147951480586
1148,3,234,0.75,13,0.04840231907250223,0.20396304976968008
1148,3,243,0.55,12,0.04765967443314559,0.21713620016351665
1148,3,248,0.7000000000000001,7,0.05422631259337177,0.22672585442112383
1148,3,251,1.0,8,0.0387724315662768,0.2467654421774355
1148,3,254,0.5,12,0.04038929183291325,0.2376087488393043
1148,3,262,0.55,15,0.02854368396445085,0.21179783059641827
1148,3,263,0.6000000000000001,13,0.046739329721254254,0.21240050775771885
1148,3,264,0.5,14,0.042614441624867515,0.2268931039348563
1148,3,265,0.55,12,0.04414986210966973,0.2084897939394504
1148,3,269,0.75,9,0.05297075446465193,0.2169059526317316
1148,3,270,0.6000000000000001,9,0.030743924572759193,0.2273791390893739
1148,3,272,0.8,13,0.04375416623399265,0.21702961553310865
1148,3,273,0.6000000000000001,11,0.04825879905743278,0.21076434234137667
1148,3,274,0.7000000000000001,8,0.04374729790043501,0.23006724807241663
1148,3,276,0.65,14,0.04015537659079037,0.21280763025315405
1148,3,280,0.45,9,0.0572897587709514,0.22161418556169088
1148,3,286,0.5,10,0.05944099742772122,0.19512757073555248
1148,3,288,0.6000000000000001,7,0.02465895945007613,0.23488326945694782
1148,3,298,0.6000000000000001,12,0.045790196225277295,0.19978921438691763
1148,3,302,0.75,14,0.04792631140412931,0.23047871916127569
1148,3,308,0.65,8,0.0328439251262563,0.22696728096461027
1148,3,316,0.5,11,0.05168218752959062,0.19890821429831507
1148,3,318,0.45,5,0.031945129265111595,0.1747684017168977
1148,3,329,0.65,8,0.03313951666994755,0.23203989575632117
1148,3,330,0.65,15,0.045654134346257785,0.22324754029453994
1148,3,335,0.5,13,0.032232720546768824,0.2367226739654133
1148,3,338,0.6000000000000001,11,0.05764453567595655,0.22021243295390855
1148,3,343,0.55,10,0.029686422968332873,0.23260947891483505
1148,3,354,0.65,10,0.033441777291449315,0.23790438548921947
1148,3,371,0.75,13,0.03241480148380713,0.21834265422330928
1148,3,373,1.0,16,0.04430047999889071,0.21137853144090823
1148,3,376,1.0,6,0.04476601037140943,0.250729845826319
1148,3,382,0.65,8,0.0625979710429424,0.18821253495697676
1148,3,384,0.55,13,0.044918160764768546,0.21236656548426552
1148,3,391,0.55,10,0.044042682508838006,0.21541517800882543
1148,3,396,0.65,11,0.04957991377200891,0.23606623716767636
1148,3,404,0.9500000000000001,12,0.04132829790797409,0.2273816578985817
1148,3,415,0.7000000000000001,14,0.04812896856394889,0.22599827337037656
1148,3,423,0.5,9,0.025763310700868024,0.22448367156139643
1148,3,427,0.7000000000000001,9,0.039567387515626655,0.20099273040130822
1148,3,429,0.8,17,0.04928390629383466,0.21506215185920707
1148,3,437,0.65,7,0.030616334248326476,0.22993335464585987
1148,3,446,0.55,7,0.03183824309874855,0.23193805145881163
1148,3,454,0.65,15,0.05059784415970384,0.21201625356599324
1148,3,456,0.65,10,0.05681871059442261,0.21729910672755787
1148,3,457,0.5,10,0.02904577514802593,0.23980803116663366
1148,3,461,0.55,17,0.04368962156804526,0.21520651270141022
1148,3,463,0.75,11,0.041568078825861214,0.2309836434210008
1148,3,465,0.5,11,0.04998653187493323,0.21913741382955376
1148,3,466,0.6000000000000001,9,0.0419342779421924,0.2094089563216256
1148,3,469,0.55,11,0.050440962237606586,0.22364051788522774
1148,3,475,0.45,11,0.04468890937334568,0.2168456729424509
1148,3,476,0.5,11,0.03828542171651219,0.20810232811777923
1148,3,479,0.6000000000000001,7,0.046382695843356775,0.21162159063596245
1148,3,486,0.4,11,0.04119929358126639,0.229671049203904
1148,3,490,0.65,9,0.036258410771017234,0.22552577665529633
1148,3,493,0.55,14,0.04189714920846608,0.21533624244780727
1148,3,498,0.6000000000000001,8,0.0470585353841048,0.21812686320682959
1148,3,501,0.55,10,0.05793348917318296,0.20736160251363006
1148,3,502,0.7000000000000001,11,0.017958303248676963,0.22974559871016237
1148,3,503,0.65,13,0.04052765203360489,0.22308074142474466
1148,3,516,0.6000000000000001,8,0.04902677614706288,0.20863022117102464
1148,3,523,0.7000000000000001,9,0.06312184451920405,0.2086813177713367
1148,3,524,0.65,7,0.024421667647251077,0.23638692388445173
1148,3,536,0.6000000000000001,10,0.029349809394036662,0.23456015541974434
1148,3,538,0.6000000000000001,13,0.029199016554223488,0.22156842350970132
1148,3,539,0.5,11,0.03739843103254951,0.21764446742243482
1148,3,540,0.55,5,0.030671963536194453,0.2457469430011244
1148,3,541,0.75,7,0.04023253666446495,0.24201585762244782
1148,3,548,0.6000000000000001,12,0.05620064192014857,0.2115911095470253
1148,3,556,0.8,5,0.02907497322000217,0.21200829185670972
1148,3,562,0.55,10,0.028681881617903554,0.23471021457639019
1148,3,566,0.65,11,0.04693694973928,0.20423157448009074
1148,3,567,0.65,8,0.04733202032524162,0.21145430589441888
1148,3,572,0.75,10,0.041682933834824284,0.23118936078832109
1148,3,578,0.7000000000000001,6,0.037912213365194805,0.22657794495451858
1148,3,589,0.55,15,0.03169770095598122,0.2310067575153593
1148,3,594,0.65,10,0.03536982061991499,0.22649163472919534
1148,3,595,0.75,9,0.029646077551615125,0.22071044037045184
1148,3,611,0.6000000000000001,7,0.037558721891218165,0.18782515186494544
1148,3,612,0.6000000000000001,9,0.054064003628671926,0.21984692798944072
1148,3,616,0.5,10,0.044879585035976916,0.2197262088008544
1148,3,624,0.8,7,0.056570525405888264,0.20435935489518267
1148,3,629,0.55,8,0.016851554416848172,0.21379448017798602
1148,3,630,0.6000000000000001,9,0.035497517881524505,0.2391772808979314
1148,3,633,0.7000000000000001,13,0.04678760595168038,0.21179194275859278
1148,3,638,0.5,7,0.045706627024231165,0.212466044498198
1148,3,645,0.6000000000000001,8,0.03504382789182968,0.22607952146063287
1148,3,647,0.6000000000000001,10,0.0194146923694648,0.2232374966091665
1148,3,649,0.8,13,0.03746488218010183,0.22960080044431147
1148,3,650,0.7000000000000001,9,0.03815540367969595,0.1922272606192972
1148,3,651,0.65,14,0.030992213969944737,0.2007365213195611
1148,3,652,0.7000000000000001,14,0.036624882502163836,0.23485804371219104
1148,3,656,0.6000000000000001,9,0.023469842174234173,0.21917600183306682
1148,3,659,0.6000000000000001,5,0.03599033361233692,0.19754182157618821
1148,3,660,0.6000000000000001,7,0.03367321144277609,0.22045863803795296
1148,3,661,0.45,15,0.03171321390292276,0.21817554858405416
1148,3,664,0.7000000000000001,9,0.042041300044040095,0.19025823559705787
1148,3,665,0.5,10,0.05061267548911419,0.20412171908804577
1148,3,667,0.5,13,0.03390045072240164,0.2269930208521545
1148,3,668,0.65,12,0.050179337651915866,0.22178912891283772
1148,3,672,0.5,11,0.0478362320687815,0.22921013920174377
1148,3,680,0.6000000000000001,10,0.04029702578693897,0.2269267849698086
1148,3,684,0.65,8,0.05917793050506716,0.19398831061373967
1148,3,685,0.7000000000000001,6,0.045700873493588715,0.2477985778744122
1148,3,686,0.8,5,0.043663093401469545,0.22090671876503984
1148,3,687,0.65,11,0.05629042601149031,0.1878604163606207
1148,3,691,0.55,10,0.043400595975842705,0.2248644920338986
1148,3,694,0.6000000000000001,7,0.054278498146773844,0.22225032896958755
1149,4,0,0.65,19,0.036961679252158534,0.21558999528459033
1149,4,1,0.65,10,0.0460905334533124,0.20640323393284662
1149,4,2,0.7000000000000001,5,0.04975062832227671,0.23839430317597587
1149,4,3,0.65,16,0.051015684305874276,0.20951247411471297
1149,4,4,0.75,10,0.03658198856501161,0.21232736339623112
1149,4,5,0.65,12,0.03256118361204575,0.22064989182839825
1149,4,6,0.9,3,0.07751862359908394,0.16076581828858902
1149,4,7,0.4,9,0.045027559317531364,0.2013092478278721
1149,4,8,0.65,9,0.04364437925423044,0.2317905957109335
1149,4,9,0.7000000000000001,10,0.045338571930216225,0.21412245327476148
1149,4,10,0.65,13,0.034858695338054704,0.1952723522628834
1149,4,11,0.6000000000000001,13,0.04165917012965988,0.19495640275558404
1149,4,12,0.6000000000000001,14,0.04079405452675573,0.22718450501715834
1149,4,13,0.7000000000000001,9,0.05021329393666619,0.18811622751785168
1149,4,14,0.8,13,0.044246035050631814,0.21387782889329005
1149,4,15,0.55,8,0.04680285965218131,0.24065765871649678
1149,4,16,0.75,13,0.05040210305962136,0.2264153407325159
1149,4,17,0.75,9,0.053413425074542456,0.18652812471813668
1149,4,18,0.6000000000000001,10,0.05599154795448831,0.2084969919285169
1149,4,19,0.9,10,0.052595889032089185,0.2107619049278701
1149,4,20,0.7000000000000001,7,0.047319847633192504,0.23608421258080672
1149,4,21,0.9,14,0.05699883567799491,0.21009333157200163
1149,4,22,1.0,10,0.06019925415546819,0.21543663310104394
1149,4,23,0.6000000000000001,20,0.04206990935679436,0.21554728623114922
1149,4,24,0.8500000000000001,2,0.05844089595099473,0.14132395382556584
1149,4,25,1.0,10,0.052114313035241756,0.21381387511453226
1149,4,26,0.8500000000000001,7,0.04123639774515465,0.19108744514828843
1149,4,27,0.5,8,0.03281909832806269,0.21252436351720552
1149,4,28,0.4,9,0.04661085129781177,0.21859027578066498
1149,4,29,0.55,17,0.048508957268963884,0.22278975148130067
1149,4,30,0.75,7,0.05407316892898739,0.18238825121725685
1149,4,31,0.6000000000000001,10,0.04350872312842731,0.22714149361611727
1149,4,32,0.75,7,0.03543393032432288,0.21446581208455026
1149,4,33,0.8500000000000001,13,0.03395853887803286,0.18936727621795477
1149,4,34,0.75,9,0.030891586525822863,0.17299341850097863
1149,4,35,0.55,12,0.03483377418322766,0.22640028410194749
1149,4,36,0.9,10,0.03407922964116412,0.234994148489295
1149,4,37,0.9,3,0.0390975612332832,0.168756877439277
1149,4,38,0.7000000000000001,12,0.06108455461819448,0.21164546260474162
1149,4,39,0.6000000000000001,13,0.05952472254755484,0.20662749884289766
1149,4,40,0.9500000000000001,11,0.0552217405823391,0.18126141650404395
1149,4,41,0.5,8,0.041241360230211986,0.2005285676726081
1149,4,42,1.0,12,0.03445674722013997,0.21773898817912252
1149,4,43,0.8500000000000001,5,0.05119825109831173,0.1902328489156301
1149,4,44,0.7000000000000001,13,0.05275145278434144,0.21343421508824184
1149,4,45,0.65,4,0.04667570976526925,0.15035646297391586
1149,4,46,0.9,10,0.05208540328339836,0.2130067497338703
1149,4,47,0.55,10,0.052218901495687205,0.20629170633692975
1149,4,48,0.55,22,0.0456075309944673,0.2178904050903775
1149,4,49,1.0,13,0.03975656847488033,0.21727746558608246
1149,4,50,0.7000000000000001,6,0.02098792493348333,0.1698976421704439
1149,4,51,0.8500000000000001,5,0.02843342678698175,0.15689811750342614
1149,4,52,0.55,10,0.05333551666344123,0.21491481511416835
1149,4,53,0.6000000000000001,12,0.06177105250483481,0.22943603667386384
1149,4,54,0.7000000000000001,8,0.04335524274767157,0.19944852278136765
1149,4,55,0.8500000000000001,12,0.04597440643063766,0.2283131367273886
1149,4,56,0.9,13,0.043267279564177356,0.2107057704569658
1149,4,57,0.8,10,0.04981618567016676,0.1951686569171382
1149,4,58,0.9500000000000001,2,0.06626104112720538,0.14685363150952763
1149,4,59,0.5,6,0.042478597274061815,0.19110317755462755
1149,4,60,0.9,9,0.04429356112578116,0.1927488062015082
1149,4,61,1.0,3,0.0421902671582371,0.13937918250133766
1149,4,62,0.9500000000000001,4,0.05939634600535509,0.16246166441209003
1149,4,63,0.9500000000000001,4,0.04262949435443152,0.13831083965933216
1149,4,64,0.75,10,0.06178116051642211,0.2219787046594684
1149,4,65,0.5,9,0.04576934222619538,0.19109447744002103
1149,4,66,0.75,10,0.05454693684532817,0.2254895655918443
1149,4,67,0.8500000000000001,13,0.0535847715032323,0.20544723438106025
1149,4,68,0.75,18,0.05280290698640942,0.21115717214398547
1149,4,69,0.6000000000000001,8,0.03397935378981305,0.17777976733422968
1149,4,70,0.9,6,0.050996131038709,0.22516425386689135
1149,4,71,0.5,9,0.03891202353902788,0.21610781961111258
1149,4,72,0.6000000000000001,7,0.036863699399787835,0.21288871375557944
1149,4,73,0.7000000000000001,11,0.035986240858462526,0.20829657952812308
1149,4,74,0.9500000000000001,13,0.054767248099369746,0.2182070259694446
1149,4,75,0.9500000000000001,4,0.0456906045452043,0.17741733496957485
1149,4,77,1.0,5,0.03829587251957754,0.17387590714441767
1149,4,78,0.6000000000000001,15,0.04477814074151556,0.22478590355340936
1149,4,79,0.75,11,0.04317284352150521,0.20058865551264396
1149,4,81,0.5,11,0.04212583022305362,0.21877621351505827
1149,4,82,0.8,8,0.027920457110179743,0.16756147010440026
1149,4,83,0.5,12,0.04246531476327376,0.2135590638169397
1149,4,84,0.9,9,0.0464549797545604,0.18428517086329727
1149,4,86,0.55,10,0.049089613783568964,0.22189891900329534
1149,4,88,0.6000000000000001,9,0.027107969940990743,0.22102519850820712
1149,4,90,0.5,9,0.03573758325662495,0.23570038352118214
1149,4,91,0.6000000000000001,16,0.054781863947603746,0.20271451069368437
1149,4,93,0.65,8,0.05570993012201494,0.21457129701476318
1149,4,95,0.8500000000000001,5,0.030260447274941045,0.1658901349991322
1149,4,96,0.6000000000000001,8,0.040670000846427655,0.22654804129509487
1149,4,98,1.0,13,0.050820089605106054,0.19925085331050332
1149,4,99,0.65,12,0.03489260809713072,0.22518629407053004
1149,4,101,0.7000000000000001,11,0.042075579435635516,0.19243717264003574
1149,4,102,0.75,7,0.05803409824043352,0.17036903022640087
1149,4,103,0.8500000000000001,7,0.054958280967422474,0.18243501832892992
1149,4,104,0.9,8,0.05648342578260385,0.17984496890090973
1149,4,108,0.8500000000000001,6,0.07021499708696526,0.2318151624447284
1149,4,109,0.5,9,0.030184561924666634,0.19547257508394647
1149,4,112,0.75,9,0.03831294646629377,0.21484510073897303
1149,4,113,0.75,8,0.04038785702092451,0.22607008730293238
1149,4,114,0.7000000000000001,6,0.04660857584421452,0.22245144356143595
1149,4,118,0.65,6,0.023926499758217885,0.17742253315239198
1149,4,120,1.0,6,0.05901930412298454,0.20465824945855113
1149,4,122,0.6000000000000001,9,0.04127294075082676,0.23069735238280892
1149,4,125,0.55,8,0.04798927196151715,0.17807512028744787
1149,4,129,0.6000000000000001,10,0.05564708624653749,0.21710782108959856
1149,4,130,0.9,11,0.038923588305497143,0.18554300024828194
1149,4,131,0.6000000000000001,7,0.035484545236962185,0.2306778657666215
1149,4,134,0.65,11,0.046334042988290386,0.23640732548040014
1149,4,135,0.8500000000000001,9,0.048298826499342584,0.20903578231101372
1149,4,137,0.65,11,0.043919556674728306,0.19917362266887428
1149,4,139,0.5,14,0.045522245676538765,0.2161538485163607
1149,4,140,0.55,8,0.030724787243001473,0.20514716849305992
1149,4,141,0.7000000000000001,13,0.03792288120074714,0.19712297119473787
1149,4,142,0.7000000000000001,18,0.048227945622633155,0.22527816797929232
1149,4,145,0.7000000000000001,10,0.04954634394795576,0.21236932627399896
1149,4,148,0.7000000000000001,9,0.05874294980949203,0.21836473139294296
1149,4,154,0.7000000000000001,11,0.03191469782789116,0.23195473952734103
1149,4,155,0.6000000000000001,10,0.034942911363244115,0.20695133300059476
1149,4,156,0.55,13,0.04230736142666792,0.22337290165244872
1149,4,158,0.7000000000000001,14,0.04332039218160624,0.22777505307833115
1149,4,161,0.7000000000000001,9,0.04393594628523566,0.21719786289204848
1149,4,162,0.7000000000000001,15,0.05245305475686662,0.21179258127683406
1149,4,163,0.7000000000000001,11,0.05255287505919713,0.22236063153375146
1149,4,164,0.8,9,0.03457380215522752,0.23795604819061994
1149,4,165,0.6000000000000001,11,0.0475036086691077,0.22106260365796765
1149,4,166,0.55,10,0.030191141503342043,0.25111459298603533
1149,4,167,0.65,16,0.04589117032797396,0.21186833362965557
1149,4,168,0.7000000000000001,8,0.045051448742024734,0.20618145763651957
1149,4,174,0.6000000000000001,9,0.05120643483475891,0.20317133209011806
1149,4,175,0.6000000000000001,8,0.05920167838079413,0.1840594654403984
1149,4,177,0.45,10,0.04950467599445527,0.22195759647019386
1149,4,182,0.6000000000000001,9,0.04448756428168204,0.21569074565446802
1149,4,184,0.6000000000000001,7,0.03548483281176653,0.25664170280453075
1149,4,185,0.7000000000000001,9,0.057553869554281406,0.22360766927411765
1149,4,186,0.65,11,0.033264633281894385,0.21367524235229218
1149,4,191,0.65,12,0.058662501121719515,0.21578975299208772
1149,4,192,0.7000000000000001,5,0.04269065444331229,0.21934279161996567
1149,4,193,0.5,12,0.03515452141398878,0.24472563411998405
1149,4,201,0.8,6,0.06252211756570977,0.23418327604969336
1149,4,203,0.6000000000000001,8,0.04138891081211201,0.2038967440254511
1149,4,205,0.6000000000000001,11,0.04937764608064493,0.2058259591849333
1149,4,211,0.6000000000000001,14,0.04627821384407393,0.205405644598625
1149,4,215,0.6000000000000001,10,0.03579319928651737,0.2251053721427637
1149,4,220,0.7000000000000001,10,0.04600408308182965,0.21518474458365106
1149,4,222,0.55,10,0.029659792791039474,0.21445752310960914
1149,4,224,0.65,10,0.03935718096730885,0.22502701995750485
1149,4,225,0.5,11,0.043122059711121076,0.21795891238975082
1149,4,230,0.55,10,0.044717057168466676,0.2234009571015137
1149,4,235,0.7000000000000001,12,0.03910192995587856,0.22574838208584946
1149,4,241,0.55,11,0.0574777877499305,0.22151423770121
1149,4,242,0.6000000000000001,11,0.05273787943127536,0.212145811528565
1149,4,243,0.7000000000000001,13,0.05156126051546553,0.21158134912716703
1149,4,248,0.6000000000000001,9,0.036831189925437206,0.24312671738940506
1149,4,250,0.6000000000000001,9,0.027439963781177485,0.24274046707072705
1149,4,259,0.65,11,0.038228584851944664,0.2538438033976498
1149,4,262,0.6000000000000001,12,0.04562794386064832,0.2112029656325006
1149,4,266,0.75,13,0.044828718401545876,0.21971933445403338
1149,4,272,0.5,13,0.04969240216359251,0.21686257370151374
1149,4,276,0.6000000000000001,9,0.03665736685157512,0.24306313252232734
1149,4,285,0.6000000000000001,8,0.05529709826417968,0.202867098902218
1149,4,290,0.6000000000000001,8,0.04074576995942068,0.2094028674597711
1149,4,292,0.65,12,0.04282314447260776,0.21927630239610665
1149,4,297,0.6000000000000001,5,0.03960398345916183,0.2260594148922756
1149,4,305,0.7000000000000001,14,0.04583711976048512,0.2358738958334247
1149,4,307,0.7000000000000001,11,0.037283614391553775,0.2267764255750052
1149,4,308,1.0,10,0.04827259823084401,0.21273516939436452
1149,4,310,0.65,13,0.05238483831148313,0.2098258465742078
1149,4,314,0.7000000000000001,14,0.04708743038811333,0.2206266958328363
1149,4,317,0.9,16,0.04752519379744348,0.20409093349960417
1149,4,319,0.6000000000000001,11,0.03830069875123533,0.2225657362228637
1149,4,329,0.55,7,0.05094335204241618,0.20209593278287166
1149,4,330,0.7000000000000001,10,0.05273799275950205,0.22108060154756556
1149,4,332,0.5,8,0.02950499296555805,0.22935486169307204
1149,4,346,1.0,11,0.05338384870157474,0.2192248198455701
1149,4,348,0.65,9,0.046165409859150484,0.240535466029824
1149,4,352,0.65,10,0.055674582141245994,0.19804289754151463
1149,4,357,0.55,8,0.045242580370795815,0.22879779487048002
1149,4,359,0.55,10,0.04586924585072971,0.22474905313225246
1149,4,360,0.75,10,0.05206440977771605,0.20784756777576668
1149,4,366,0.75,11,0.050779369825723994,0.21404283400613877
1149,4,367,0.55,6,0.04431161358034029,0.21306523639269428
1149,4,370,0.5,8,0.038877370042782106,0.2377429846846278
1149,4,373,0.45,6,0.04422050244177196,0.19569984181713543
1149,4,377,0.9,9,0.04504455689250881,0.23560715515351888
1149,4,382,0.75,10,0.036647435637547916,0.23732833451687751
1149,4,389,0.7000000000000001,9,0.056356834126160334,0.20729605494733971
1149,4,391,0.6000000000000001,8,0.0412912423701967,0.23635763496494483
1149,4,392,0.5,10,0.04542879961825336,0.19945687818349572
1149,4,396,0.6000000000000001,14,0.05359405605311171,0.22266252725165478
1149,4,399,0.75,13,0.041685567208584184,0.22760706953916443
1149,4,400,0.65,10,0.04512310711569008,0.23145269881169242
1149,4,405,0.75,19,0.0454709649924142,0.22540954720742834
1149,4,409,0.45,8,0.039355992863683825,0.21651391451194335
1149,4,412,0.65,6,0.04754802556909632,0.2065809789214991
1149,4,413,0.6000000000000001,12,0.04755961780036602,0.22135899917795746
1149,4,432,0.5,14,0.04364138857540619,0.22652400203385345
1149,4,434,0.55,13,0.05714315513749572,0.2257087376531626
1149,4,438,0.7000000000000001,6,0.036629319200535776,0.2560988847887631
1149,4,445,0.75,9,0.06196529326393622,0.2358656935339814
1149,4,446,0.7000000000000001,13,0.04467175324361041,0.22757906624925633
1149,4,447,0.7000000000000001,7,0.02537781106487884,0.2600060338121574
1149,4,448,0.65,14,0.04933029715485572,0.2242989719214667
1149,4,450,0.6000000000000001,15,0.04474039519908482,0.22024720126576053
1149,4,455,0.6000000000000001,10,0.041600268834771324,0.2194991679375528
1149,4,458,0.65,11,0.032349240169030534,0.2319783942651482
1149,4,465,0.75,12,0.03991210419231402,0.22872653494636494
1149,4,470,0.6000000000000001,7,0.054486046226352336,0.223696060342838
1149,4,471,0.7000000000000001,11,0.03426465482213989,0.20257415267256257
1149,4,474,0.9500000000000001,13,0.03957505756552046,0.21667904264028165
1149,4,479,0.6000000000000001,14,0.04570774746690457,0.20430544070004886
1149,4,482,0.8,7,0.04175835503554676,0.2074594325216347
1149,4,485,0.65,6,0.06112256789199533,0.2387112149668855
1149,4,492,0.5,8,0.027365384576133547,0.20894133031721135
1149,4,496,0.65,16,0.06207232486002273,0.21182448538574622
1149,4,503,0.55,9,0.030711837293556525,0.21184128769465987
1149,4,505,0.55,7,0.04514929973726777,0.20167100107877295
1149,4,514,0.6000000000000001,9,0.041582493466302335,0.2526884435067246
1149,4,516,0.7000000000000001,12,0.0514180294882963,0.21223576933983257
1149,4,517,0.75,9,0.047741409004918474,0.23825323578133112
1149,4,521,0.7000000000000001,8,0.05140621406810174,0.2050644279799455
1149,4,526,0.7000000000000001,16,0.0445396213044476,0.21572239666591453
1149,4,528,0.6000000000000001,12,0.05964472818423912,0.2212109019120547
1149,4,531,0.7000000000000001,8,0.0578235579745243,0.18632914136068351
1149,4,532,0.6000000000000001,9,0.03466792820425206,0.2438017685224347
1149,4,534,0.8,12,0.06517241009197369,0.2146722086732592
1149,4,536,0.6000000000000001,13,0.03535898352963686,0.22297496207103695
1149,4,566,0.8,15,0.05245157243274318,0.21074656803725317
1149,4,572,0.55,7,0.03758594433691491,0.1983111518506598
1149,4,577,0.75,11,0.03841642153213361,0.21995990263428666
1149,4,582,0.45,8,0.04312370236669595,0.24209843417468935
1149,4,589,0.55,19,0.0384300965876865,0.22239171828974877
1149,4,590,0.55,10,0.04056090099779885,0.22618975052331533
1149,4,591,0.65,8,0.047671542423772154,0.23082386888098505
1149,4,592,0.7000000000000001,9,0.0370364086647192,0.18210964414595365
1149,4,606,0.55,9,0.040958983875718974,0.22635734487649772
1149,4,608,0.6000000000000001,12,0.05336516609825831,0.21279277723832513
1149,4,623,0.75,12,0.04717955290917957,0.2212323418424417
1149,4,635,0.4,8,0.04741371517564132,0.21786016637578257
1149,4,642,0.5,10,0.04270371239326324,0.2419478773716249
1149,4,650,0.7000000000000001,7,0.047280779319354295,0.2188511195747934
1149,4,657,0.35000000000000003,8,0.040602143411678615,0.2164377440510288
1149,4,659,0.65,8,0.03221753210665554,0.22870350096886383
1149,4,668,0.7000000000000001,8,0.029910251339516008,0.21534883447354908
1149,4,685,1.0,11,0.06139888360113193,0.19353136021624062
1149,4,686,0.6000000000000001,8,0.03193843620053021,0.19689187977747305
1149,4,688,0.55,12,0.04383668808032677,0.2145491868659338
1150,0,0,0.75,13,0.031214475654336837,0.2047058066798772
1150,0,1,0.8500000000000001,14,0.04350372682355226,0.20931783248644178
1150,0,2,0.9,2,0.10308404645832187,0.1728914282828285
1150,0,3,0.75,10,0.054961916831443,0.23388144982472814
1150,0,4,0.65,15,0.032569358649665106,0.20688499662777324
1150,0,5,1.0,12,0.04103104334162553,0.2034267064102027
1150,0,6,0.6000000000000001,9,0.05518849287972308,0.2061434402910037
1150,0,7,0.8500000000000001,15,0.05000410437425781,0.22544181935444704
1150,0,8,0.55,14,0.04416066766700478,0.23421716244494678
1150,0,9,0.8,10,0.06027588318635248,0.22311586949407167
1150,0,10,0.4,16,0.047919529230390445,0.22092649750831
1150,0,11,0.8,15,0.044428861870118685,0.21947584854404142
1150,0,12,0.7000000000000001,21,0.041131958303355996,0.21069346378608012
1150,0,13,0.65,11,0.024806978597683178,0.204946445518705
1150,0,14,0.7000000000000001,9,0.05574917605489295,0.19598049933246017
1150,0,15,0.7000000000000001,18,0.03700590236483607,0.2178434123509295
1150,0,16,0.7000000000000001,9,0.05005748030012175,0.2079614971742956
1150,0,17,0.45,21,0.03933562604396434,0.22167927766149223
1150,0,18,0.8,3,0.05059629993169182,0.15816773803845013
1150,0,19,0.75,11,0.029469048829341146,0.22138462152897348
1150,0,20,0.75,11,0.04458436276363489,0.1888903801724973
1150,0,21,0.8,18,0.0437043370112768,0.22269803090752965
1150,0,22,0.45,17,0.04330913841405874,0.21892960250199694
1150,0,23,0.75,15,0.05246704158518739,0.21707364927099262
1150,0,24,0.4,6,0.056101364662234934,0.19684336602872854
1150,0,25,0.8,11,0.03775899285749579,0.22597105920500613
1150,0,26,0.8,8,0.07659474816343058,0.1886026152102403
1150,0,27,0.65,6,0.018078844370596977,0.20272298737232863
1150,0,28,0.7000000000000001,11,0.03573716807019436,0.21211676581329034
1150,0,31,0.8,13,0.043984556030977215,0.18890653802398621
1150,0,32,0.6000000000000001,10,0.05180657797898527,0.20313547547849198
1150,0,33,0.6000000000000001,11,0.044814376005126486,0.19980247320920447
1150,0,34,0.9,14,0.048925202610580615,0.21067928171107247
1150,0,35,0.75,12,0.034225011887186504,0.23070984903420066
1150,0,36,0.45,10,0.028298943231045186,0.22945425202809466
1150,0,37,0.5,10,0.03749173929030504,0.2010181626467495
1150,0,38,0.65,14,0.0464288964961062,0.21786887935605476
1150,0,39,0.7000000000000001,15,0.046376433256839295,0.20920128971057628
1150,0,40,0.8500000000000001,14,0.04657687729054074,0.20922207610720545
1150,0,41,0.4,9,0.027124778687092628,0.2093352619298069
1150,0,42,0.5,11,0.04059199441903235,0.20466161168748528
1150,0,43,0.5,7,0.045743496620485484,0.22750868969911037
1150,0,44,0.4,15,0.03292066123621487,0.2210596037246099
1150,0,45,0.5,12,0.048482581932513515,0.20737568363051984
1150,0,46,0.45,10,0.03677823069674217,0.1999385268707102
1150,0,47,0.7000000000000001,17,0.0495614555930932,0.21634523231882782
1150,0,48,0.65,19,0.04527305546540888,0.23284764659733367
1150,0,49,0.8500000000000001,4,0.022954964641661607,0.14369270718278693
1150,0,50,1.0,8,0.039095184106511915,0.18683289490096427
1150,0,51,0.75,8,0.05318901497218093,0.18739052825358204
1150,0,52,0.45,12,0.0371931373561163,0.1890184923922267
1150,0,53,0.8,16,0.04401367838187431,0.21125594247583063
1150,0,54,0.9500000000000001,5,0.04534366655113539,0.16311229160943236
1150,0,55,0.45,9,0.04695080065714966,0.209792095100299
1150,0,56,1.0,14,0.047460429775430954,0.2119866433574021
1150,0,57,0.55,15,0.04022514374098,0.22436872997936116
1150,0,58,0.75,10,0.05364397341759091,0.1967156547914109
1150,0,59,0.9500000000000001,12,0.04740914053356242,0.20474514730823665
1150,0,60,0.75,13,0.040702031150916994,0.2013910590179252
1150,0,61,0.75,15,0.04580399643353384,0.23073818317772746
1150,0,62,0.8500000000000001,13,0.045509957074555955,0.19546503011376615
1150,0,63,0.8,16,0.03817940331219746,0.19185136044358472
1150,0,64,1.0,14,0.04838302982312584,0.21514675211060522
1150,0,65,0.45,10,0.05944489417193181,0.19654514084882962
1150,0,66,0.5,10,0.02426189890154341,0.21705481469720223
1150,0,68,0.45,12,0.03635272360524982,0.20112999205282125
1150,0,69,0.8500000000000001,12,0.04086482789412615,0.19390280546640934
1150,0,70,0.6000000000000001,10,0.04316608744305338,0.20971512517778984
1150,0,71,0.4,12,0.047133453667844626,0.19378022367136896
1150,0,72,0.45,10,0.050497389279307144,0.19901353706505126
1150,0,73,0.9500000000000001,12,0.05987915066012586,0.1991993415448772
1150,0,74,0.5,7,0.04592908139125542,0.2016368516484607
1150,0,75,0.8500000000000001,11,0.05259739652667362,0.20704423813318173
1150,0,76,1.0,9,0.05647319458054169,0.17799763005598115
1150,0,77,0.5,15,0.024271275547957445,0.21601429968067634
1150,0,78,0.9,3,0.0634652140500529,0.16865893448508743
1150,0,79,0.9,13,0.04791358122899611,0.2000174787483583
1150,0,91,0.9500000000000001,14,0.03039829828977156,0.21451412094449837
1150,0,92,0.45,12,0.030901196711556198,0.237429693742093
1150,0,93,0.5,10,0.03456574820824305,0.23726865612569883
1150,0,97,0.65,19,0.04081671772776626,0.21676885664031023
1150,0,98,0.8,12,0.053549504962763096,0.2091183969264583
1150,0,101,0.65,9,0.05341013147303153,0.2349216322912245
1150,0,103,0.6000000000000001,14,0.036120332234378674,0.22431518573837428
1150,0,105,0.5,15,0.0353266987803376,0.22918856342271193
1150,0,107,0.5,17,0.036347200593671226,0.1992610268047182
1150,0,108,0.5,12,0.04656029846436866,0.19837112534837698
1150,0,118,0.55,11,0.05955098043807761,0.23596440285583095
1150,0,120,0.55,12,0.03514037331432328,0.2121807021198415
1150,0,126,0.45,12,0.03162392447520373,0.2299991782244852
1150,0,127,0.4,15,0.0423140324551228,0.23587773767578737
1150,0,128,0.75,10,0.043370315236819036,0.2124738974372554
1150,0,133,0.5,12,0.044264393056428215,0.21486131481073342
1150,0,134,1.0,13,0.04991840972083219,0.2258020317542357
1150,0,139,0.55,18,0.046947598302192826,0.2157676171318551
1150,0,147,0.65,12,0.053638703637081855,0.2237922742859563
1150,0,152,0.9,10,0.03445191214428642,0.19226465243343546
1150,0,153,0.7000000000000001,9,0.05567196841035614,0.2212349618405057
1150,0,159,0.4,9,0.053879413962399675,0.20194638128023426
1150,0,175,0.55,10,0.05721810053460248,0.23052515025241677
1150,0,178,0.4,9,0.03504581306154659,0.22288454051747397
1150,0,179,0.65,19,0.046980955485621624,0.2213916928678358
1150,0,188,0.45,17,0.04304798448232285,0.21502054427914497
1150,0,198,0.45,15,0.03864562558474115,0.21176971672515701
1150,0,212,0.6000000000000001,12,0.04754196080309451,0.22094327278230877
1150,0,216,0.45,7,0.0479968628951898,0.19479138245497493
1150,0,218,0.55,11,0.04250773600174974,0.21773900228424517
1150,0,221,0.45,15,0.04809049910092142,0.19799632066021056
1150,0,223,0.5,11,0.035547561766869074,0.23257694516287533
1150,0,225,0.55,12,0.05125158307026584,0.19617429227737251
1150,0,227,0.5,9,0.04702336996218044,0.2266431466962126
1150,0,231,0.45,16,0.043488236503214574,0.21598804064538168
1150,0,239,0.4,15,0.04562917661462426,0.20377006095330008
1150,0,248,0.5,9,0.046776352272101085,0.21815067505313493
1150,0,249,0.6000000000000001,11,0.04915427724433496,0.22603288345870898
1150,0,254,0.55,14,0.045878576868430845,0.21349052301146124
1150,0,258,0.6000000000000001,10,0.054827967061772856,0.21587125575110977
1150,0,263,0.55,14,0.050411399640274114,0.22105862349218747
1150,0,264,0.65,12,0.046590761756270194,0.20446605483078584
1150,0,275,0.4,13,0.03995467676772089,0.22212705692924495
1150,0,279,0.45,18,0.04368850761473193,0.21560582126446062
1150,0,281,0.7000000000000001,11,0.0488991737390185,0.2199250827360807
1150,0,283,0.65,10,0.0435032426301301,0.22499046394773287
1150,0,284,1.0,13,0.03811214816985843,0.22249392724630457
1150,0,285,0.5,14,0.04603949228815814,0.20157844407512138
1150,0,286,0.6000000000000001,11,0.037857219417580336,0.21251372547903433
1150,0,291,0.45,10,0.050602310258483885,0.21201485883730684
1150,0,294,0.45,19,0.04545140972329428,0.21451140201435442
1150,0,297,0.5,11,0.04119035895814551,0.21156109544668575
1150,0,298,0.6000000000000001,15,0.042355524022319055,0.22246465742858523
1150,0,301,0.5,11,0.04558518394273398,0.22907007738241356
1150,0,303,0.55,16,0.05211238706864773,0.21614197044770372
1150,0,314,0.6000000000000001,12,0.04631340207974067,0.21658390817906872
1150,0,316,0.45,8,0.053897601821567685,0.20924101263739087
1150,0,323,0.9,12,0.04947665644385722,0.20652707155633265
1150,0,324,0.5,5,0.028805702872582585,0.20241938331499482
1150,0,325,0.6000000000000001,11,0.029958982744955186,0.23089791524833708
1150,0,328,0.55,13,0.03945525463485517,0.20828449193534795
1150,0,332,0.6000000000000001,12,0.030236787459874435,0.19680920798569665
1150,0,334,0.7000000000000001,12,0.03949255485859342,0.22582274854406234
1150,0,335,0.45,12,0.03348255834565888,0.2276360089600794
1150,0,337,0.35000000000000003,11,0.049741645185584785,0.2306897535928799
1150,0,339,0.45,8,0.022281916674779897,0.22877658339529497
1150,0,343,0.9500000000000001,10,0.039551168712179875,0.2509610622244002
1150,0,351,0.45,14,0.045705451708283,0.2156556430098076
1150,0,352,0.8,12,0.02998585965145347,0.22516020059575115
1150,0,356,0.4,12,0.031629265742802025,0.21899963377160203
1150,0,358,0.7000000000000001,13,0.03838445808740304,0.2215066395903052
1150,0,362,0.35000000000000003,11,0.040079572369269165,0.19865962118472916
1150,0,364,0.4,10,0.02941909885857391,0.2251677553389933
1150,0,370,0.4,9,0.05168702999500926,0.2032917391160356
1150,0,380,0.75,8,0.052683573153808616,0.2383782309680588
1150,0,385,0.45,12,0.03982269861981125,0.2055444269849095
1150,0,391,0.5,15,0.04569513088538314,0.2297028111306277
1150,0,392,0.6000000000000001,11,0.028762141409877713,0.2134748683572571
1150,0,395,1.0,19,0.03359823390997845,0.2302984695961449
1150,0,396,0.8,13,0.032719649273862846,0.21640048102446088
1150,0,401,0.45,10,0.043855683514226515,0.2041977161814598
1150,0,404,0.7000000000000001,14,0.03984567173079872,0.20568027548972312
1150,0,408,0.75,14,0.04343279555629044,0.21557437514013889
1150,0,416,0.7000000000000001,11,0.04218494595047828,0.21197773763258212
1150,0,424,0.45,14,0.043453285379620586,0.19695574492385473
1150,0,428,0.55,16,0.0368192074653472,0.23379448414286147
1150,0,431,0.6000000000000001,11,0.05173225294574104,0.21727085576344118
1150,0,438,0.55,17,0.05432736192716587,0.22007341552469314
1150,0,440,0.4,10,0.053397745546167455,0.2276527145565313
1150,0,441,0.5,15,0.03365341558076618,0.2159984905743141
1150,0,442,0.4,12,0.04512351209451175,0.21973046346288885
1150,0,443,0.6000000000000001,10,0.03577815016305017,0.20903956652110903
1150,0,450,0.6000000000000001,9,0.04744194041116762,0.2346740588954506
1150,0,453,0.45,11,0.027516299687558334,0.20759141327634173
1150,0,462,0.45,11,0.03650780731446296,0.2387961814269347
1150,0,463,0.55,15,0.052098956010597046,0.20300139232916375
1150,0,467,0.55,13,0.05073355162593436,0.22384902865147488
1150,0,469,0.5,7,0.038760118848509356,0.2085746250087957
1150,0,473,0.55,20,0.044260441598755654,0.21466010583225384
1150,0,474,0.4,9,0.040099825159980944,0.21265444485862528
1150,0,480,0.35000000000000003,11,0.04729422254651375,0.21501473648291886
1150,0,485,0.65,13,0.04554239002616782,0.231039519201619
1150,0,487,0.65,19,0.046194037560835226,0.20947070755166836
1150,0,489,0.55,16,0.041486327755771144,0.21104109711577754
1150,0,495,0.6000000000000001,9,0.029793905235005847,0.23719056686713202
1150,0,497,0.6000000000000001,17,0.03871624472369395,0.2115607462027883
1150,0,503,1.0,9,0.06813161367983053,0.21577698238690912
1150,0,510,0.4,11,0.049676517383934214,0.22076874955104547
1150,0,518,0.5,7,0.017441266262886067,0.2105385952844207
1150,0,520,0.55,18,0.042618153177025664,0.2233282862903746
1150,0,528,0.45,13,0.04417335228824799,0.2299842765214812
1150,0,530,0.55,11,0.053215941554892246,0.21637672129412303
1150,0,534,0.55,14,0.054416247667405694,0.2050405365085077
1150,0,543,0.65,7,0.05520216874300021,0.2216359180727004
1150,0,555,0.5,12,0.03300996361817596,0.20002675985558008
1150,0,566,0.65,8,0.06421228568417578,0.20465488269090631
1150,0,572,0.55,13,0.055857838251790755,0.20888280844606014
1150,0,579,0.5,10,0.058434639335898216,0.20664245138194595
1150,0,584,0.7000000000000001,9,0.057534368234037715,0.2102834756300579
1150,0,596,0.55,17,0.04282706052830039,0.21394362532720157
1150,0,601,0.6000000000000001,13,0.04025926382934287,0.20582649370956382
1150,0,603,0.45,12,0.04138894470008047,0.21786495788974425
1150,0,606,0.55,8,0.0431134715009001,0.2319371378326387
1150,0,615,0.5,9,0.03317217402184454,0.23199504304606697
1150,0,618,0.75,13,0.03406274846011492,0.2301415287060806
1150,0,624,0.45,13,0.030957367237034166,0.21638176189796518
1150,0,625,0.65,8,0.04819929463078688,0.22335641625633604
1150,0,629,1.0,6,0.08382208838002282,0.21667340561358348
1150,0,632,0.5,15,0.0334345975163815,0.21144284014490783
1150,0,634,0.6000000000000001,7,0.027739917217893716,0.22739037491316222
1151,1,0,0.8500000000000001,16,0.050766135431795076,0.20380596985894073
1151,1,1,0.8,7,0.05529624944511564,0.16204039289066596
1151,1,2,0.9500000000000001,11,0.045977136967365745,0.1799022296855666
1151,1,3,0.65,9,0.039288861972758354,0.16978519445831097
1151,1,4,0.65,7,0.05817528998087481,0.2319695187191116
1151,1,5,0.7000000000000001,7,0.049735572279418994,0.21840163975136043
1151,1,6,0.55,9,0.04787140211566965,0.24547458095818234
1151,1,7,0.45,13,0.04775110787052599,0.21212385407638987
1151,1,8,0.65,13,0.052379106963213684,0.21086909248368563
1151,1,9,0.8,6,0.04421462905311519,0.1704105756274137
1151,1,10,0.4,15,0.043241980160002885,0.20017386047200347
1151,1,12,0.45,6,0.04561485724723294,0.22435052521061186
1151,1,13,0.55,20,0.04514493833535352,0.19824162866797815
1151,1,14,0.7000000000000001,10,0.06456188682903923,0.21142998066600027
1151,1,15,0.8500000000000001,11,0.03671694552418535,0.18347755975280478
1151,1,16,0.75,11,0.04655407137028855,0.1884826620171839
1151,1,17,0.6000000000000001,9,0.05212620054685978,0.19252557141643345
1151,1,18,0.7000000000000001,14,0.04877854073670095,0.2033437535789576
1151,1,19,1.0,10,0.04946287877415643,0.19700650044672988
1151,1,20,0.8,13,0.03642327040083632,0.19247429316127926
1151,1,21,0.8500000000000001,14,0.04809059221308501,0.22180443214030432
1151,1,22,0.55,15,0.04933802010620498,0.22691240623042855
1151,1,23,0.8500000000000001,11,0.05053210031109987,0.21439972464105506
1151,1,25,0.7000000000000001,11,0.05571657030487437,0.17842798712966712
1151,1,26,0.9500000000000001,15,0.057652602219716624,0.20347754495043707
1151,1,27,0.75,19,0.05175349519155465,0.2113230370654758
1151,1,28,1.0,2,0.02751051039738281,0.11945286845589241
1151,1,29,0.75,13,0.03980795837182047,0.18292809272596505
1151,1,30,0.75,13,0.05790884069834342,0.21554608011813542
1151,1,32,0.45,9,0.05690821406707962,0.23169503129758195
1151,1,34,0.6000000000000001,10,0.03238404015312674,0.2072382116369275
1151,1,35,0.7000000000000001,11,0.058570876492496135,0.19301979748477818
1151,1,37,0.7000000000000001,11,0.04051739392601738,0.21474660234569812
1151,1,38,0.6000000000000001,16,0.054928589799307745,0.20829198234704382
1151,1,39,1.0,9,0.03141045393236,0.18552567592430577
1151,1,40,0.65,8,0.04160517282845453,0.24088858443103936
1151,1,41,0.7000000000000001,7,0.04330767691696781,0.1712992249591007
1151,1,42,0.65,12,0.025009986759871292,0.17719355020328376
1151,1,43,0.8,12,0.055825583102985986,0.19741243233686634
1151,1,44,0.6000000000000001,15,0.05298114043216515,0.1983434849198428
1151,1,45,0.75,12,0.04848547910795044,0.21458564693609225
1151,1,47,0.9,5,0.03306583104244724,0.14746239247418416
1151,1,48,0.65,12,0.052082058442185025,0.2041477714898945
1151,1,49,1.0,7,0.039609733268347665,0.14985428744209112
1151,1,50,0.6000000000000001,9,0.05420664331173765,0.22332383988748608
1151,1,51,0.8,18,0.05079209594551376,0.23013191345330394
1151,1,52,0.8,10,0.04629221542430903,0.20602538019355196
1151,1,53,0.8500000000000001,11,0.06728733469862683,0.19843097578664964
1151,1,54,0.65,8,0.05949041358599554,0.21337899986122055
1151,1,55,0.55,12,0.054138479110670296,0.22478984456833243
1151,1,56,0.9,10,0.0414210294178859,0.20014200269154844
1151,1,57,0.5,15,0.05810277579208709,0.2067560150793815
1151,1,58,0.6000000000000001,14,0.04660939294698622,0.20470435718879973
1151,1,59,0.5,9,0.0271136936354001,0.20177799037541475
1151,1,60,0.7000000000000001,19,0.04825702525953228,0.2199222763625758
1151,1,61,0.8,12,0.055064178723303936,0.20910064103559697
1151,1,62,0.45,14,0.04306416987559014,0.21918154212083021
1151,1,63,0.65,10,0.03342507315088865,0.2231766788832367
1151,1,64,0.8500000000000001,19,0.046790200888577216,0.21029899280992148
1151,1,65,0.65,5,0.025514884494996257,0.18469881442847086
1151,1,66,0.5,10,0.04705787428906808,0.18931967388867438
1151,1,67,0.75,9,0.03903438911678463,0.15875408762340015
1151,1,68,0.65,9,0.06588210733061126,0.21009097991618916
1151,1,69,0.45,12,0.05396314071598859,0.195529798729725
1151,1,70,0.65,8,0.043166823980340184,0.22919505490592898
1151,1,71,0.6000000000000001,15,0.04783615028289996,0.19154041464018215
1151,1,72,0.8,10,0.03745824693629383,0.19582274964020305
1151,1,73,0.5,13,0.05917475937426504,0.22745810977919823
1151,1,74,0.8,7,0.016259551001160652,0.16610399740232365
1151,1,79,0.75,11,0.06143233285430136,0.21531868189956516
1151,1,81,0.75,9,0.053394779031903955,0.20813498710595818
1151,1,84,0.6000000000000001,10,0.04691547040119571,0.21429092147327705
1151,1,86,0.8500000000000001,16,0.03912128363552865,0.19525593200187463
1151,1,89,0.5,12,0.04972092646043221,0.20859539940092364
1151,1,90,0.35000000000000003,15,0.04988723600330105,0.22006865482108598
1151,1,91,0.4,6,0.03546403787791822,0.17912888445870614
1151,1,92,0.8500000000000001,11,0.051036982417067264,0.19959683315129598
1151,1,94,0.7000000000000001,9,0.05893688415332969,0.19078021414507604
1151,1,95,0.45,11,0.05364590304583433,0.20683593874121628
1151,1,96,0.55,11,0.04438494076500922,0.23792969082796278
1151,1,99,0.4,15,0.051898583347178506,0.20395659624322077
1151,1,101,0.45,14,0.05196222122186102,0.199195529028578
1151,1,104,0.65,12,0.039320813814936725,0.20170673626245247
1151,1,105,0.5,7,0.059192989407293284,0.2141977505107881
1151,1,111,0.55,15,0.0634758109823756,0.20914203584519422
1151,1,112,0.65,8,0.062387710883397444,0.22221425451117793
1151,1,113,0.65,11,0.05302763975377048,0.19531277072010722
1151,1,119,0.75,6,0.02098381326437738,0.16706900312789755
1151,1,120,0.4,13,0.056747160372288455,0.20141480795165093
1151,1,121,0.55,15,0.037210173483442355,0.20277863001076654
1151,1,122,0.6000000000000001,12,0.059136675318379836,0.2114753280095735
1151,1,124,0.4,11,0.042074557964469066,0.2060459744861768
1151,1,125,0.5,11,0.04005945205567699,0.21730752999671699
1151,1,126,0.8500000000000001,15,0.05242650718025123,0.19964168025849766
1151,1,129,0.4,12,0.036420098804999176,0.19054329344463003
1151,1,135,0.9,13,0.04854623082091274,0.20635540870278143
1151,1,137,0.7000000000000001,19,0.05901405073300513,0.20548962502052617
1151,1,149,0.30000000000000004,11,0.05197640881342677,0.22177311622678705
1151,1,154,0.30000000000000004,12,0.04475253620419465,0.23239295675963154
1151,1,159,0.6000000000000001,6,0.04778122149481254,0.20647804091319333
1151,1,164,0.6000000000000001,15,0.04686872954797491,0.23113710662710207
1151,1,165,0.75,19,0.04863139473711115,0.21341712065234794
1151,1,166,0.35000000000000003,12,0.04114688818571718,0.23118334608127789
1151,1,168,0.55,14,0.0626816843686425,0.20833037717930947
1151,1,169,0.5,13,0.05555616871197354,0.1989120889309867
1151,1,171,0.4,11,0.04891247223322781,0.20744447639185173
1151,1,185,0.75,10,0.053784200178968726,0.23521522038565212
1151,1,189,0.6000000000000001,11,0.047339836043892546,0.1832488976522706
1151,1,190,0.45,6,0.06652664429196259,0.18069661796642378
1151,1,192,0.45,9,0.06042801728424723,0.23060928655445048
1151,1,193,0.65,12,0.0444906167679676,0.2333459908522064
1151,1,198,0.5,10,0.039741612683438905,0.16999355477645758
1151,1,200,0.5,9,0.0596828282392441,0.2028781506679457
1151,1,204,0.7000000000000001,13,0.048866540962738125,0.24105973707765735
1151,1,206,0.6000000000000001,13,0.05543734232575868,0.2219994057608915
1151,1,208,0.8,8,0.06482718936490536,0.21711486359111265
1151,1,209,0.65,17,0.04333696762070053,0.22195094379833247
1151,1,221,0.6000000000000001,13,0.030709038995929718,0.2156247231190268
1151,1,233,0.55,9,0.053264122174052644,0.22711731507947247
1151,1,238,0.45,16,0.052360136230804225,0.22315383107266612
1151,1,243,0.4,10,0.04333475498628893,0.19927793174390876
1151,1,244,0.75,10,0.03962263502959972,0.21292303144767777
1151,1,246,0.6000000000000001,14,0.049100247330361994,0.22262806912217123
1151,1,248,0.7000000000000001,12,0.053341727462792046,0.21700954729532396
1151,1,255,0.35000000000000003,10,0.0386945791877337,0.2198177419040787
1151,1,259,0.45,9,0.035833510107342544,0.19192484847672558
1151,1,260,0.6000000000000001,10,0.051442450263319506,0.20862748573485446
1151,1,261,0.6000000000000001,12,0.056894106962002235,0.23411585034288687
1151,1,264,0.5,12,0.05225517246586776,0.22845026789878997
1151,1,265,0.5,13,0.04507742844541064,0.23453192917928006
1151,1,266,0.45,9,0.043157424229887296,0.19892299545448855
1151,1,269,0.6000000000000001,10,0.05063831040941122,0.2366741455534207
1151,1,270,0.4,10,0.03527986383079627,0.1940037922323806
1151,1,274,0.5,16,0.04151289692274012,0.22106500069552526
1151,1,280,0.45,14,0.03325638588390244,0.19724447606859266
1151,1,282,0.65,16,0.04425218293420638,0.18674581992355893
1151,1,285,0.55,20,0.0532587411904914,0.20680984738013083
1151,1,287,0.4,9,0.054504293869407125,0.19448656176801693
1151,1,294,0.55,12,0.03569909803707777,0.20270075072040253
1151,1,297,0.8,8,0.07178021086655083,0.2157554036266613
1151,1,299,0.8,7,0.06440142804309279,0.2176749691274574
1151,1,301,0.55,15,0.04282766036649016,0.2310031943948448
1151,1,305,0.45,10,0.04257932399209625,0.2080895893932056
1151,1,312,0.9500000000000001,11,0.03874078041339936,0.2130560842102921
1151,1,313,0.55,8,0.030191299802962892,0.18060860348648047
1151,1,319,0.6000000000000001,10,0.016583523955420874,0.2146049107576684
1151,1,324,0.5,17,0.04033923883095962,0.20893148312107623
1151,1,329,0.75,12,0.04603772771540424,0.2163994620008887
1151,1,330,0.75,16,0.039059500364863504,0.1884600164269663
1151,1,332,1.0,9,0.05166258113723432,0.22734189342241923
1151,1,334,0.45,11,0.04898446809712664,0.2216317708036172
1151,1,337,0.4,12,0.029495951818451438,0.19893910552578234
1151,1,349,0.55,8,0.05931032320163876,0.21361256146486535
1151,1,351,0.6000000000000001,8,0.046788210111226004,0.23953666209922675
1151,1,354,0.5,10,0.06711226162147246,0.20733408771736067
1151,1,370,0.5,15,0.04787886787952035,0.21156326888748272
1151,1,374,0.65,6,0.035678199012825894,0.1929191912926952
1151,1,377,0.8,16,0.05431917984911147,0.2188668465873152
1151,1,386,0.55,11,0.04813717541142968,0.20473544648042355
1151,1,392,0.45,14,0.05743454859494036,0.2187444044542529
1151,1,412,0.5,17,0.048379562877188115,0.1912880644353183
1151,1,414,0.7000000000000001,6,0.0601778121959214,0.22643402777912033
1151,1,419,0.5,14,0.04661902885648837,0.20194484279368302
1151,1,440,0.5,16,0.05829685879133163,0.21387817386711272
1151,1,442,0.6000000000000001,10,0.05744781404171462,0.21742954241459117
1151,1,445,0.55,12,0.04364805349932891,0.23294434497134334
1151,1,447,0.4,15,0.04351059042805157,0.219612749677029
1151,1,455,0.45,19,0.04817350827677636,0.22738207139222466
1151,1,468,0.55,13,0.04064784795165871,0.20439605402711286
1151,1,470,0.6000000000000001,9,0.05653835464648752,0.2265741989885163
1151,1,495,0.8,9,0.05997476396876587,0.2053615610882608
1151,1,499,0.45,8,0.055580129249748096,0.2026834291910274
1151,1,500,0.55,19,0.05908285056699498,0.19502344323613793
1151,1,505,0.4,8,0.033989926735084636,0.1758605684026634
1151,1,507,0.5,13,0.043843477730388186,0.2285507396980153
1151,1,511,0.6000000000000001,9,0.03336551086537826,0.18870487982289272
1151,1,535,0.45,13,0.05675211938973401,0.1967746834958349
1151,1,538,0.6000000000000001,7,0.03828474522971883,0.21904767632018293
1151,1,540,0.65,10,0.04290353266078883,0.21390971153407895
1151,1,552,0.4,13,0.036910748243146475,0.21563153274991256
1151,1,558,0.55,14,0.04675362025909989,0.21927460175785432
1151,1,568,0.6000000000000001,11,0.04966367918872621,0.23211236516391584
1151,1,569,0.5,16,0.049587652438083774,0.23184785725091855
1151,1,570,0.6000000000000001,17,0.045916380861824035,0.22773238886451197
1151,1,571,0.55,10,0.06866607392050567,0.2301708620245861
1151,1,575,0.5,13,0.05504313274319885,0.2114851317058686
1151,1,576,0.45,12,0.048945357838578535,0.22722471442596623
1151,1,581,0.5,14,0.05317277548054261,0.20417640046913504
1151,1,586,0.7000000000000001,11,0.028637707559030782,0.1944023154960126
1151,1,587,0.75,14,0.04846010631506248,0.218364985339825
1151,1,592,0.8,11,0.055070802048069,0.2403384068906376
1151,1,593,0.55,8,0.04425064908788912,0.2137155194735314
1151,1,595,0.6000000000000001,8,0.05030568285486693,0.2554492970144797
1151,1,598,0.4,11,0.0413821661822594,0.20198267385632976
1151,1,602,0.8500000000000001,11,0.0583433410425058,0.2246517375791122
1151,1,610,0.55,9,0.03450734737242627,0.2503506473131158
1151,1,611,0.7000000000000001,7,0.03406093043189892,0.24926292888964047
1151,1,622,0.65,9,0.05385968764880403,0.22286427331184214
1151,1,624,0.5,10,0.05378108033368632,0.21294892431571816
1151,1,633,0.45,16,0.04813860344263679,0.21712769355020212
1151,1,634,0.65,7,0.036204266274752615,0.2095445547616873
1151,1,640,0.4,12,0.04991886335116851,0.18739525544754657
1151,1,650,0.9,15,0.04826062897456417,0.21069337650373415
1151,1,652,0.5,18,0.055583272848446774,0.21939878238155566
1151,1,653,0.6000000000000001,13,0.040804662571516805,0.2160377916000835
1151,1,654,0.65,15,0.04050751547134505,0.20517791269519733
1151,1,657,0.6000000000000001,13,0.0527493801400685,0.20083797347985927
1151,1,658,0.75,8,0.07092270627744003,0.20578360069370294
1151,1,660,0.45,18,0.04943579725935133,0.22227670279534154
1151,1,662,1.0,14,0.061240746610627915,0.22083119312198593
1151,1,663,0.7000000000000001,15,0.04343765691835317,0.21075779033224087
1151,1,667,0.7000000000000001,13,0.06025290670553277,0.1946253668362716
1151,1,674,0.5,12,0.05638894382161273,0.20191972582651774
1152,2,0,0.5,12,0.04588096035484052,0.22671331069132664
1152,2,1,0.6000000000000001,10,0.04282818684136182,0.22872137558097116
1152,2,2,0.45,13,0.03786675520296666,0.2188515692623354
1152,2,3,0.6000000000000001,15,0.0602729759338699,0.19981488604833159
1152,2,4,0.8,8,0.05969465446002447,0.19674314226405762
1152,2,5,0.5,11,0.05107879188575973,0.22673356704323516
1152,2,6,0.5,15,0.03751963980541216,0.2011764402879312
1152,2,7,0.7000000000000001,11,0.04177925277460797,0.22221512124667342
1152,2,8,0.55,16,0.049261278748902966,0.19694506330343148
1152,2,9,0.6000000000000001,15,0.061984325488968456,0.2064052867584537
1152,2,10,0.9,13,0.05581567600962993,0.20602769393632483
1152,2,11,0.45,10,0.04535306850950513,0.22783125596201806
1152,2,12,0.7000000000000001,13,0.049762623659275064,0.2142432858982943
1152,2,13,0.75,15,0.06271764272557355,0.20715401497747946
1152,2,14,0.8500000000000001,15,0.027645511771932214,0.22642171791153146
1152,2,15,1.0,4,0.03937278672169468,0.13765658222434402
1152,2,16,0.8,12,0.0577591433509602,0.200086490966622
1152,2,17,0.8500000000000001,13,0.03701199706601591,0.2267846885451013
1152,2,18,0.55,17,0.049066354676472294,0.2006577460539374
1152,2,19,0.8500000000000001,14,0.056228092379598915,0.21027293526947033
1152,2,20,0.65,18,0.05382569339447197,0.2070329587927203
1152,2,21,0.9500000000000001,3,0.04530186874799182,0.16577305019483157
1152,2,22,0.75,9,0.06810371962077634,0.19999765423241891
1152,2,23,0.6000000000000001,15,0.05756635367131903,0.21225830843296978
1152,2,24,0.75,9,0.04276091578279952,0.1797988736395714
1152,2,25,0.8500000000000001,12,0.05325429731437844,0.17367014382094562
1152,2,26,0.65,10,0.03413720014497863,0.1571005001508759
1152,2,27,0.5,10,0.032829391238672824,0.20233074931881773
1152,2,28,0.75,7,0.05715602649587786,0.17954970360519407
1152,2,29,0.55,12,0.04869757658229519,0.20884485187737098
1152,2,30,0.5,6,0.03661035640413171,0.20725861930096565
1152,2,31,0.55,9,0.03435322284282883,0.24356931150574657
1152,2,32,0.8500000000000001,8,0.05055312075942579,0.16327999115624434
1152,2,33,0.8500000000000001,5,0.06285225411157382,0.19183701002202952
1152,2,34,0.6000000000000001,8,0.05582924303186949,0.21562631181863284
1152,2,35,0.65,12,0.03971929603104932,0.206011403417901
1152,2,36,0.65,11,0.0665289080409234,0.20807738325961073
1152,2,37,0.75,5,0.033190418822150645,0.15153049082507514
1152,2,38,0.6000000000000001,11,0.04713487153594878,0.19447915951430952
1152,2,39,0.9500000000000001,14,0.04416347578956179,0.17530102256701793
1152,2,40,0.75,11,0.06245997788588384,0.1975379160286134
1152,2,41,0.75,12,0.0460827196998216,0.21381857253406814
1152,2,42,0.9500000000000001,13,0.05472070815327776,0.2246821758516397
1152,2,43,0.5,19,0.04678449374449153,0.2116400035153118
1152,2,44,0.55,14,0.052581495573970946,0.2006082007163983
1152,2,45,0.75,8,0.05631909801924925,0.2022088072199893
1152,2,46,0.8,6,0.041503761030285656,0.16989684169209818
1152,2,47,0.9,11,0.04596728553324164,0.1741431725750221
1152,2,48,0.8500000000000001,4,0.060051018644406935,0.14154202578557112
1152,2,49,0.9500000000000001,9,0.06248288351236068,0.195552739757292
1152,2,50,1.0,15,0.059068428690319676,0.2063774980675232
1152,2,51,1.0,16,0.05154101716564723,0.20533219143301287
1152,2,52,0.6000000000000001,9,0.03937383284664512,0.21179175378703607
1152,2,53,0.6000000000000001,16,0.04465231483444971,0.24010612203600112
1152,2,54,0.7000000000000001,2,0.016164490241807526,0.1384213559982181
1152,2,55,0.9,2,0.021024272387863606,0.15031718705003755
1152,2,56,0.9500000000000001,2,0.03824712526992362,0.20367687547650348
1152,2,57,0.8500000000000001,9,0.04061535025303926,0.15906488918532294
1152,2,58,0.9500000000000001,12,0.05315425069393598,0.2047102756107421
1152,2,59,0.9500000000000001,14,0.04086894659726843,0.20310057979620463
1152,2,60,0.75,9,0.05242681050665986,0.21381751239194266
1152,2,61,0.5,12,0.04070701320330844,0.22604297947269425
1152,2,62,0.6000000000000001,10,0.0352876744855,0.15868004470698882
1152,2,63,0.65,14,0.06568486585186904,0.20876523366948987
1152,2,64,0.6000000000000001,14,0.03695360264531702,0.18736482804036284
1152,2,66,0.35000000000000003,14,0.036383459006751856,0.23424455858199789
1152,2,68,0.9500000000000001,12,0.056928127108600755,0.1784750064953362
1152,2,70,0.8500000000000001,10,0.05019026046767268,0.22319230958755804
1152,2,71,0.7000000000000001,15,0.04456498107115089,0.1888705636306547
1152,2,72,0.5,9,0.05366618056132971,0.22316191192804954
1152,2,73,0.75,12,0.04032900307200992,0.1808880670308771
1152,2,74,0.5,18,0.05157117094244348,0.21457277415677864
1152,2,75,0.55,13,0.05925992528685553,0.21982463280396794
1152,2,77,0.8,16,0.05963867271817176,0.20130677639042976
1152,2,81,0.55,10,0.04330455695587509,0.24675545784495462
1152,2,82,0.55,9,0.03657666768680015,0.1965668575261767
1152,2,83,0.55,14,0.046235165495089055,0.22836828732681091
1152,2,87,0.6000000000000001,12,0.04440840005420985,0.22665757320001303
1152,2,88,0.6000000000000001,7,0.04715949900499683,0.24766949697991983
1152,2,89,0.55,10,0.0360921115741811,0.23777881401961895
1152,2,90,0.55,13,0.04803238973738128,0.22680404331547374
1152,2,95,0.55,12,0.05113272567193866,0.22617831909335293
1152,2,97,0.5,16,0.04612004265213558,0.20673170724780304
1152,2,100,0.55,13,0.051554484512361005,0.23123916501757572
1152,2,101,0.6000000000000001,13,0.03085030527521478,0.18722030293330164
1152,2,102,0.55,9,0.047033952849943814,0.2280548012567975
1152,2,103,0.5,11,0.04573070397964018,0.22631685683037486
1152,2,105,0.35000000000000003,11,0.05583489471680524,0.22789866567182848
1152,2,106,0.45,13,0.06296588781659493,0.21072575321587403
1152,2,111,0.65,8,0.04451192338407184,0.2260027460568233
1152,2,114,0.4,10,0.041521214165697,0.20174321751921456
1152,2,115,0.4,12,0.05918163185719697,0.21319060578427304
1152,2,117,0.7000000000000001,12,0.04901905796168555,0.19864662933882962
1152,2,118,0.55,18,0.054197544769640865,0.204663600495502
1152,2,123,0.65,15,0.04320254963545014,0.22892084706133817
1152,2,127,0.4,14,0.04123925426246546,0.2359306074126619
1152,2,128,0.7000000000000001,17,0.04886394808872756,0.22088472495863462
1152,2,133,0.5,8,0.04893657276621228,0.19575254988464447
1152,2,137,0.8,8,0.06810153732615858,0.23547253336006463
1152,2,138,0.5,16,0.056697713801043784,0.22132230493389113
1152,2,139,0.55,9,0.055648096311310104,0.21546402264282563
1152,2,143,1.0,12,0.04806007068919724,0.21018190039628945
1152,2,150,0.5,8,0.047274224221589924,0.1883920941723738
1152,2,151,0.6000000000000001,14,0.04323735408707767,0.22320377497845031
1152,2,156,0.65,13,0.03864862740901948,0.21816314461997058
1152,2,158,0.6000000000000001,6,0.0735773877135299,0.19025698272872593
1152,2,160,0.9500000000000001,15,0.05683980829344154,0.2124675658257898
1152,2,166,0.5,12,0.05103837025883364,0.21846804385693164
1152,2,167,0.55,15,0.05048853506298627,0.19924077943212481
1152,2,169,0.5,9,0.03242660082899348,0.22700884231852866
1152,2,171,0.65,12,0.05232255620597054,0.2252027435904468
1152,2,176,0.65,19,0.050445197181469136,0.21722076121490852
1152,2,177,0.4,12,0.05820948162288399,0.20916282926150465
1152,2,179,0.45,16,0.051775668350234685,0.21654727696702658
1152,2,182,0.45,11,0.04152578250325062,0.22518709512540971
1152,2,184,0.4,12,0.04527250018799757,0.2119802168926386
1152,2,186,0.5,8,0.03644353912978885,0.2402751306294414
1152,2,187,0.75,17,0.04544831237814261,0.2144140009877739
1152,2,191,0.75,10,0.03413166958477077,0.18423749503675904
1152,2,199,0.55,12,0.03431432151002566,0.20978311349650816
1152,2,206,0.35000000000000003,9,0.05398470091062827,0.19075619110513153
1152,2,208,0.55,8,0.041875398888382084,0.22727974650156638
1152,2,223,0.65,10,0.05332655080094596,0.20409182808315504
1152,2,224,0.5,12,0.04493495287785885,0.2239332128737261
1152,2,239,0.6000000000000001,13,0.03475443406495163,0.21523216770458206
1152,2,246,0.4,10,0.043234798608113835,0.22668943251717638
1152,2,248,0.55,11,0.046059715789381415,0.2130415612510242
1152,2,252,0.4,6,0.03036504433232764,0.22940399589712734
1152,2,253,0.65,9,0.053392580151136765,0.19628651945243833
1152,2,254,0.45,13,0.04802097814731239,0.22447898375762834
1152,2,256,0.65,17,0.051348877141303526,0.22634250136452674
1152,2,269,0.6000000000000001,13,0.044383215382691216,0.23567880306597952
1152,2,275,0.55,16,0.056554732866997776,0.19471832484852847
1152,2,278,0.7000000000000001,10,0.056069226818602644,0.22611774150695108
1152,2,283,0.5,14,0.035244467430641066,0.23564031805014873
1152,2,287,0.6000000000000001,7,0.0601341869595692,0.20059279913787206
1152,2,292,0.55,9,0.05916653261521938,0.20514284817238415
1152,2,301,0.7000000000000001,15,0.0620745438904488,0.22184825065289548
1152,2,306,0.4,8,0.039248284410171384,0.19236441851776045
1152,2,312,0.55,12,0.04689948381175133,0.20114065049417437
1152,2,319,0.5,15,0.04943551691787161,0.20199864405398346
1152,2,325,0.65,14,0.06069925196965151,0.20220480606399316
1152,2,329,0.5,12,0.041337907982103274,0.2114876640392143
1152,2,330,0.6000000000000001,9,0.03477462694087972,0.23841066684501216
1152,2,334,0.55,11,0.03534932270847951,0.20891373881024392
1152,2,339,0.7000000000000001,14,0.04817946910214616,0.2250087978022303
1152,2,341,0.65,9,0.050380579560023724,0.2357583755982279
1152,2,344,0.45,12,0.04468655457828768,0.20875985169256236
1152,2,346,0.45,10,0.03930803513082515,0.20485993963007737
1152,2,354,0.5,12,0.03668493251364308,0.22782839696151247
1152,2,357,0.65,13,0.049324209790373004,0.1940172744174822
1152,2,358,0.5,10,0.03103147773603611,0.23339394425516707
1152,2,359,0.65,19,0.05347546317836529,0.22701358047055736
1152,2,369,0.55,10,0.048011607218869254,0.23992318101168583
1152,2,371,0.45,12,0.05100471302912018,0.22642486644952683
1152,2,375,0.5,9,0.0634023174789266,0.20844069055890885
1152,2,379,0.55,13,0.04514374135840404,0.1989624388466842
1152,2,380,0.55,14,0.047776871161462425,0.2357204435171331
1152,2,384,0.5,9,0.05537092469691965,0.21922968801666276
1152,2,390,0.65,13,0.03798149000265102,0.2204924451777845
1152,2,393,0.55,12,0.04872687697662937,0.21639197077611436
1152,2,401,0.6000000000000001,7,0.06625837578119773,0.21841521368002637
1152,2,402,0.7000000000000001,14,0.05324824408971492,0.2141747248661778
1152,2,404,0.55,9,0.053692673062974504,0.21671611392438528
1152,2,413,0.65,9,0.03351691353080246,0.21542630916126548
1152,2,415,0.65,12,0.04306475747098103,0.21685499483747053
1152,2,416,0.55,11,0.033745795381636676,0.2092018486190056
1152,2,417,0.55,12,0.062389580307931576,0.20503687228449818
1152,2,424,0.8500000000000001,14,0.0424171408059247,0.17531260127526846
1152,2,427,0.6000000000000001,15,0.047078666716762516,0.20162780335953628
1152,2,441,0.6000000000000001,8,0.050252378030442836,0.2209591248320056
1152,2,447,0.7000000000000001,7,0.03534491707619735,0.25325025376612065
1152,2,448,0.75,7,0.05831209148950733,0.1727744831848051
1152,2,452,0.65,7,0.02785448178395228,0.23934815868508474
1152,2,460,0.6000000000000001,13,0.04194422926374308,0.22638671434948765
1152,2,461,0.5,12,0.06489276779796532,0.2282000432034946
1152,2,466,0.8,11,0.06392332963056711,0.21433314318564972
1152,2,469,0.4,19,0.04098734187426121,0.208043214470392
1152,2,471,0.8,10,0.03139028551835904,0.18453835424737033
1152,2,476,0.4,11,0.04771589350084365,0.21283760341957894
1152,2,481,0.45,13,0.03562881621296961,0.24371506875082594
1152,2,483,1.0,13,0.04601447135555134,0.22952092265451987
1152,2,498,0.65,9,0.03804452586056976,0.19929992817676434
1152,2,500,0.45,10,0.05055796375259358,0.24286693438523121
1152,2,501,0.6000000000000001,8,0.06801430106184321,0.2110404357149203
1152,2,502,0.5,13,0.06636498177737285,0.21163382483416127
1152,2,508,0.6000000000000001,11,0.03643805223341598,0.22042749778291865
1152,2,511,0.55,9,0.04227463240382669,0.2051164048371322
1152,2,514,0.65,11,0.04108816413540237,0.23365354589576093
1152,2,530,0.6000000000000001,16,0.056423345863201635,0.21548143077671156
1152,2,532,0.5,14,0.047468700667885444,0.2236131157458002
1152,2,536,0.65,16,0.03760278579357519,0.23719177250685383
1152,2,542,0.5,13,0.03273200791153751,0.22263455074092375
1152,2,545,0.6000000000000001,7,0.06668459739254896,0.2006934881616697
1152,2,548,0.65,13,0.05077730750819255,0.1999396950835252
1152,2,557,0.5,12,0.05845200614149818,0.19757174182448747
1152,2,564,0.65,15,0.04462581928292745,0.21421469722147038
1152,2,566,0.6000000000000001,12,0.053076709684337954,0.20005301353723312
1152,2,573,0.55,8,0.03298135255520866,0.19957007762566542
1152,2,577,0.55,10,0.056046371865487,0.2051009164263644
1152,2,578,0.55,6,0.044600427347708284,0.1986977140533993
1152,2,588,0.9,13,0.05196122479857813,0.21302073980553793
1152,2,589,0.65,16,0.047483475192759694,0.22150876090456845
1152,2,591,0.45,7,0.05657352727871516,0.22426210036488475
1152,2,595,0.4,6,0.04606546089642489,0.19964465870432146
1152,2,600,0.5,10,0.050783891387361266,0.22150031849603374
1152,2,607,0.55,10,0.046490154560058665,0.2277955488837903
1152,2,618,0.5,13,0.038724913819878075,0.2126151705345184
1152,2,620,0.9500000000000001,9,0.0422623579133328,0.22256208586889917
1152,2,622,0.9,8,0.048225872016984805,0.23334994865641012
1152,2,630,0.65,8,0.043087941761337935,0.2157153213793286
1152,2,647,0.65,12,0.04543555746649892,0.2047446909979814
1152,2,651,0.65,9,0.06282542658053919,0.21922986636726202
1152,2,653,0.7000000000000001,14,0.0558868984517924,0.20775665046358996
1152,2,654,0.65,15,0.04590440740483147,0.22306653853745492
1152,2,656,0.7000000000000001,15,0.05180915947073029,0.2274251043098279
1152,2,659,0.6000000000000001,7,0.04100118424864711,0.23990732008118515
1152,2,661,0.8500000000000001,8,0.04277799982845665,0.22888874509708373
1153,3,0,0.9500000000000001,4,0.03211498125293722,0.16180088305766718
1153,3,1,0.65,13,0.03210839973251372,0.18318272928661797
1153,3,2,0.6000000000000001,15,0.028690034657247135,0.18912840080218768
1153,3,3,0.5,11,0.041562618653897904,0.17127908500345826
1153,3,4,0.8,18,0.04310166554574304,0.18833240040857144
1153,3,5,0.5,12,0.049652247048600016,0.1957439028021212
1153,3,6,0.6000000000000001,14,0.03481451904988092,0.18392676491753032
1153,3,7,0.8,9,0.033195098607766954,0.1892693098557775
1153,3,8,0.5,8,0.02657271785695897,0.18478644114347334
1153,3,9,1.0,12,0.040598535709184,0.185422304754341
1153,3,10,0.6000000000000001,15,0.02550774631339841,0.20646046405765597
1153,3,11,0.5,13,0.02933737263233962,0.18469190064657376
1153,3,12,0.8,9,0.03250900230182728,0.191266490008237
1153,3,13,0.8,3,0.015339561313030355,0.15268671075432097
1153,3,14,0.75,22,0.045499062773049354,0.18811606639797554
1153,3,15,0.45,8,0.016980172669801452,0.1839520096699469
1153,3,16,0.8,15,0.04329170204510597,0.1953250967948157
1153,3,17,0.4,14,0.030442935982402355,0.19925233936429615
1153,3,18,0.9500000000000001,11,0.03447755820360617,0.19338054975664506
1153,3,19,1.0,14,0.03769284814337892,0.1753123579360829
1153,3,20,0.9,14,0.04623955738797873,0.2015151379989312
1153,3,21,0.8,14,0.0320468098108691,0.1822611992913686
1153,3,22,0.65,17,0.03975129484553266,0.1850508388633154
1153,3,23,0.5,9,0.03811856343460738,0.18633827775788714
1153,3,24,1.0,15,0.04488446016379393,0.18013026101527355
1153,3,25,0.9,10,0.05246333734039223,0.1814128527667453
1153,3,26,0.55,8,0.04324510375612481,0.2065827124079066
1153,3,27,0.55,16,0.04683595448866981,0.19142446683365938
1153,3,28,0.9500000000000001,10,0.04455789706840732,0.1915087232231812
1153,3,29,0.6000000000000001,16,0.041449439769736425,0.19160765179336503
1153,3,30,0.55,11,0.037277582261935636,0.19785559769319014
1153,3,31,1.0,6,0.03230288898620965,0.17490234869749577
1153,3,32,0.5,16,0.041224914563735345,0.17604144656359644
1153,3,33,1.0,2,0.035399491590934244,0.12503122055450577
1153,3,34,0.55,11,0.038161634438578756,0.21275320988477783
1153,3,35,0.9,4,0.022267586962772225,0.13236101685799945
1153,3,36,0.5,13,0.028772171386485395,0.19232128522145983
1153,3,38,0.5,11,0.04198614117754827,0.20095131169935473
1153,3,39,0.45,15,0.029938369254476443,0.21264184827279015
1153,3,40,0.8500000000000001,2,0.027065915010556083,0.15456838976597914
1153,3,41,0.5,15,0.03713411193457131,0.21955099167684633
1153,3,43,0.4,13,0.03056242089632615,0.19618990059127014
1153,3,44,0.7000000000000001,15,0.045736587289221566,0.17983479212929243
1153,3,45,0.8500000000000001,17,0.03693514074085042,0.18912754871333182
1153,3,46,0.5,10,0.045653906681112716,0.20548187408573626
1153,3,47,0.8,13,0.03858803004361855,0.16368981509691047
1153,3,48,0.65,11,0.03710633121841496,0.17227055923139584
1153,3,49,0.45,14,0.03398296548101982,0.16718357500704992
1153,3,50,0.65,12,0.035713030433153686,0.1932384725095961
1153,3,51,0.6000000000000001,12,0.04629128952827157,0.18373609793881543
1153,3,52,0.9500000000000001,12,0.050960161501776916,0.17225800346873274
1153,3,53,0.6000000000000001,9,0.02900491703828712,0.20156580867836582
1153,3,54,0.5,11,0.029233321431944514,0.18798177748187095
1153,3,55,0.55,14,0.04060354852024302,0.18009404623741357
1153,3,56,0.55,11,0.03231535374912939,0.1939615426488941
1153,3,57,0.5,14,0.05273184214946196,0.18912390292796114
1153,3,58,0.45,12,0.04244379837143157,0.1955166756165854
1153,3,59,0.75,15,0.04068303820958395,0.18451881079048915
1153,3,60,0.6000000000000001,14,0.0409450650060908,0.20893927996902928
1153,3,61,0.25,9,0.028098527861241788,0.1543879659328068
1153,3,62,0.75,15,0.0420533444807223,0.18558190140874375
1153,3,63,0.6000000000000001,13,0.040884004020811236,0.1980854569885617
1153,3,64,0.65,7,0.027187121545289968,0.16223762505784514
1153,3,65,0.65,15,0.038585663862960966,0.1970178957913917
1153,3,66,0.8,10,0.026677133551705617,0.21923857413575645
1153,3,67,0.4,9,0.03023835937808191,0.18573458446195978
1153,3,70,0.7000000000000001,8,0.037207745397453106,0.18791248822206247
1153,3,71,0.5,11,0.032161983156261356,0.1880749407023217
1153,3,72,0.9,9,0.036755932208243795,0.19631975036526153
1153,3,73,0.6000000000000001,12,0.042880983012701594,0.18835014920799006
1153,3,74,1.0,13,0.03907176054773732,0.19782727595942554
1153,3,75,0.7000000000000001,12,0.04608701168922526,0.1883955943467788
1153,3,76,0.4,11,0.02824306319864562,0.19573735366437195
1153,3,77,0.5,9,0.03737220848622409,0.1827497645641156
1153,3,78,0.75,11,0.03773343611923961,0.19102290724659587
1153,3,79,0.7000000000000001,11,0.030797765534045247,0.18809524298559363
1153,3,80,0.75,13,0.0328905393968346,0.2002967049011804
1153,3,81,0.7000000000000001,9,0.044023327448241965,0.1985536206568889
1153,3,83,1.0,8,0.0386696054188937,0.19115888372885304
1153,3,85,0.6000000000000001,10,0.03519643259922324,0.16282710753860624
1153,3,86,0.8,11,0.033033936999883697,0.19486574236489662
1153,3,87,0.7000000000000001,16,0.03413639899605563,0.1901409649981152
1153,3,88,0.9500000000000001,11,0.0453434615464407,0.1813715104378598
1153,3,89,0.75,11,0.0524216438344605,0.18842832582787983
1153,3,90,0.8,12,0.032826905021277115,0.2042793888655395
1153,3,91,0.9,9,0.04237217528788453,0.17329120402051873
1153,3,92,0.75,12,0.0367694213534499,0.16768610950568327
1153,3,93,0.75,12,0.043381216812123743,0.19027926372967452
1153,3,94,0.6000000000000001,14,0.033483784728515056,0.19372840229399674
1153,3,95,0.4,9,0.030557019056413334,0.191862649584004
1153,3,96,0.35000000000000003,10,0.043944119381526474,0.19516416093613423
1153,3,100,0.6000000000000001,12,0.03041035716960483,0.2051439059127004
1153,3,102,0.65,11,0.05317222125505112,0.19195038655421365
1153,3,103,0.75,11,0.037470508048957206,0.19249001561223053
1153,3,104,0.5,14,0.04929430302766274,0.19725564302829843
1153,3,105,0.45,10,0.04486933343003203,0.19307273668893057
1153,3,106,0.55,8,0.046072716867328826,0.22963495322933197
1153,3,108,0.5,9,0.04498725697118753,0.2230589300179942
1153,3,111,0.6000000000000001,18,0.04048972011383456,0.2046461714276817
1153,3,112,0.75,11,0.034918251220047145,0.19528614162131094
1153,3,115,0.5,10,0.03160865393261609,0.1957225505220348
1153,3,120,0.65,12,0.04409000903404843,0.20847355641860035
1153,3,122,0.7000000000000001,13,0.04512795180007082,0.2120899876354686
1153,3,124,0.8,14,0.03900101284619011,0.17728044632024867
1153,3,128,0.9,10,0.04265804933841393,0.1742338445531098
1153,3,133,0.6000000000000001,15,0.04169214219953906,0.20202352985897706
1153,3,135,0.8,14,0.04050353826291437,0.19396822453643894
1153,3,136,0.9500000000000001,12,0.03836532643651802,0.20062006869805393
1153,3,137,0.5,13,0.03864554688649806,0.19583207133852557
1153,3,142,0.55,16,0.02769984920832837,0.1983870430458535
1153,3,144,0.6000000000000001,11,0.023537565617043493,0.18244207387976408
1153,3,146,0.6000000000000001,8,0.03947111054241856,0.1834260049081584
1153,3,147,0.65,14,0.027185529951565864,0.187103784970127
1153,3,153,0.8,12,0.031209531782927544,0.19395127192268946
1153,3,156,0.6000000000000001,8,0.034312121767652005,0.2143185990199314
1153,3,167,0.55,9,0.025247816806277686,0.2022229893669572
1153,3,168,0.9,17,0.03179155691444905,0.19157085069235408
1153,3,173,0.65,13,0.026583934869368567,0.1787820958706144
1153,3,174,0.4,16,0.03469974294390429,0.19795722552826545
1153,3,175,0.55,7,0.052274436733245014,0.20241589345445918
1153,3,176,0.55,16,0.030343173355681267,0.19913002557890305
1153,3,178,0.45,12,0.048182613585721006,0.19242253526006017
1153,3,183,0.45,13,0.03597081440467332,0.20455899770218908
1153,3,190,0.65,12,0.03216223446519585,0.17720761809712773
1153,3,196,0.45,13,0.054152452916872644,0.19728228285362445
1153,3,198,0.7000000000000001,14,0.04354974679871525,0.17545333860112722
1153,3,209,0.8,11,0.035075054049951725,0.1982502903726404
1153,3,214,0.7000000000000001,12,0.04213074636732358,0.1797976833926798
1153,3,217,0.65,14,0.03425866750380929,0.19622566925799842
1153,3,219,0.45,12,0.03587220220374514,0.18987589067323743
1153,3,222,0.4,15,0.041749554761045776,0.21200295994958565
1153,3,223,0.7000000000000001,8,0.04815794586020676,0.19701597003450086
1153,3,230,0.75,7,0.05956566961452929,0.2008691643902685
1153,3,235,0.45,9,0.04589290711065919,0.18381568069642432
1153,3,238,0.5,13,0.036824850761824374,0.1888060837976748
1153,3,242,0.7000000000000001,8,0.04044218614509815,0.1877156522503014
1153,3,266,0.55,17,0.03531269494239928,0.1907946375042325
1153,3,274,0.65,5,0.03395372775202334,0.21866637790862326
1153,3,275,0.65,9,0.028670136236716697,0.19342568045778327
1153,3,277,0.5,13,0.033086262987135816,0.2150506562194
1153,3,279,0.4,12,0.03223197980548505,0.21088970545616428
1153,3,282,0.45,6,0.01828858933661132,0.15719594521381233
1153,3,285,0.55,11,0.04168275145378029,0.20160880716302423
1153,3,288,0.45,7,0.031691347442492815,0.1774448612258092
1153,3,291,0.7000000000000001,12,0.04609851874954163,0.19846969756805558
1153,3,298,0.9500000000000001,13,0.029538709233799858,0.18036146575496453
1153,3,329,0.5,10,0.035536874512830635,0.1951541924179235
1153,3,331,0.4,13,0.043788723249178485,0.19442649921771563
1153,3,338,0.55,18,0.04136002979989506,0.2018745576470873
1153,3,345,0.5,10,0.02672020575285521,0.1792924096104645
1153,3,349,0.7000000000000001,8,0.03038124389076857,0.19668959023718563
1153,3,350,0.5,9,0.027342570325516537,0.18089021256885915
1153,3,352,0.8500000000000001,10,0.03859109346685419,0.19183566263612034
1153,3,354,0.4,12,0.03703420951725485,0.1817127102644657
1153,3,356,0.55,13,0.030029175836214724,0.18736420313137342
1153,3,363,0.5,9,0.030934802624194426,0.19835376535990898
1153,3,365,0.55,13,0.0451162056763872,0.18918392112446053
1153,3,366,0.55,15,0.04211306403973885,0.17240174522382917
1153,3,370,0.55,11,0.05188182820274422,0.20688520400747185
1153,3,371,0.5,8,0.03348549365368037,0.23267398206427647
1153,3,381,0.5,11,0.03413374736121547,0.20025090139362103
1153,3,383,0.45,11,0.026866975004792064,0.21197819515694524
1153,3,389,0.55,17,0.04198963374338047,0.19773669486038464
1153,3,392,0.55,8,0.03853709379358195,0.20497834600466122
1153,3,395,0.4,12,0.03895295261385877,0.18964822661477332
1153,3,403,0.55,17,0.03327490949381183,0.20534990939204142
1153,3,412,0.55,7,0.037354805153035284,0.2044071176830733
1153,3,414,0.6000000000000001,13,0.034387706303882146,0.19496788053154604
1153,3,415,0.7000000000000001,13,0.037784368328549846,0.19863483878139693
1153,3,434,0.5,16,0.03406066398264419,0.19516128968707955
1153,3,440,0.65,7,0.04548253940685621,0.1909357712030603
1153,3,455,0.55,11,0.051594063278662894,0.19737561121296407
1153,3,466,0.45,9,0.04804234701226777,0.19714624686602458
1153,3,467,0.5,14,0.02972465832966548,0.18058905951139945
1153,3,469,0.6000000000000001,14,0.04213327033415636,0.20423534122672846
1153,3,475,0.6000000000000001,19,0.03067081989681407,0.19259635148047632
1153,3,476,0.45,9,0.02800555498200317,0.184012709103335
1153,3,478,0.6000000000000001,5,0.03277054959176827,0.204074522884162
1153,3,481,0.65,12,0.03283106558581741,0.1898682816359664
1153,3,485,0.45,17,0.03640980644910379,0.1996754790853906
1153,3,486,0.65,14,0.051365303849378145,0.20425438900394613
1153,3,487,0.75,20,0.039503985089021525,0.19781847868594685
1153,3,491,0.45,12,0.04288262473775425,0.17578648348893902
1153,3,492,0.65,8,0.038687730467751494,0.19401136906289712
1153,3,496,0.55,11,0.04540895801997269,0.20502205118283276
1153,3,502,0.5,10,0.03204885798805539,0.1957049212748699
1153,3,511,0.35000000000000003,16,0.039725001722676095,0.19990501213572615
1153,3,515,0.5,10,0.03381515114367286,0.19528765030040557
1153,3,518,0.7000000000000001,11,0.03343190598335603,0.1738141655388921
1153,3,525,0.45,10,0.0291696059898617,0.1868100406485825
1153,3,531,0.5,12,0.03149310002677066,0.19694710115963812
1153,3,542,0.6000000000000001,15,0.035827791646856504,0.1874715795016656
1153,3,548,0.45,14,0.04422781096152512,0.1991314350667752
1153,3,549,0.6000000000000001,9,0.04098845498116046,0.1772242312761713
1153,3,560,0.35000000000000003,13,0.03642557271699121,0.20009263665266147
1153,3,561,0.5,10,0.038182920677994836,0.19160458962529134
1153,3,563,0.65,13,0.033850462150190344,0.20699685254194533
1153,3,575,0.7000000000000001,7,0.049866739537825,0.21650544212373396
1153,3,587,0.6000000000000001,9,0.040525432927957954,0.19601260984661484
1153,3,591,0.65,9,0.03790689525783074,0.20938657005318148
1153,3,597,0.8500000000000001,11,0.03670778691149941,0.1908713839952407
1153,3,602,0.45,8,0.03144469111209099,0.18824563915327186
1153,3,605,0.65,10,0.028911679455579625,0.19698563110728046
1153,3,614,0.5,14,0.03422146007407587,0.20789960830274978
1153,3,621,0.55,14,0.03056111740984222,0.20133592910269418
1153,3,629,0.45,12,0.051644523475741964,0.19033773724789257
1153,3,632,0.6000000000000001,11,0.03403461516202916,0.19343344056719716
1153,3,635,0.4,9,0.02124752692005514,0.19255785785034027
1153,3,642,0.4,6,0.056912669598338496,0.19808426113741706
1153,3,644,0.5,11,0.03711401144224743,0.20018893077443006
1153,3,645,0.4,16,0.03954519847723974,0.18535124939140565
1153,3,646,0.5,10,0.032525619320330726,0.1955140582373805
1153,3,647,0.6000000000000001,8,0.02369033354554601,0.18797340214891584
1153,3,653,0.45,11,0.034223857161715256,0.20311593010658607
1154,4,0,0.8500000000000001,15,0.045894377573557646,0.19419194777399432
1154,4,1,0.45,10,0.026579669347067812,0.190294677760198
1154,4,2,0.9500000000000001,13,0.05144635028662071,0.18337981059243003
1154,4,3,0.5,8,0.02223024835872403,0.19450810627248766
1154,4,4,0.45,13,0.03055012974275504,0.20734983923940445
1154,4,5,0.9,14,0.03741517865814219,0.1806556449610514
1154,4,6,0.55,9,0.04241314070777865,0.19584880428249907
1154,4,7,0.7000000000000001,9,0.039294881852335074,0.18188304610280295
1154,4,8,0.5,13,0.025268042115823532,0.18669614450363195
1154,4,9,0.7000000000000001,4,0.06536805066734996,0.16478848398169102
1154,4,10,0.6000000000000001,20,0.040511266527408385,0.20784416809459852
1154,4,11,0.9,13,0.04092116075666286,0.18972122142267636
1154,4,12,0.4,11,0.014551040385003346,0.19913548689669414
1154,4,13,0.8500000000000001,9,0.027240062345689237,0.19464736855052048
1154,4,14,0.9500000000000001,14,0.053794562174832444,0.19973700074646633
1154,4,15,0.6000000000000001,12,0.03289990490815653,0.1853645219370428
1154,4,16,0.7000000000000001,16,0.04631863800182861,0.19365973762663818
1154,4,17,0.7000000000000001,15,0.0317107152831681,0.18090586415937224
1154,4,18,0.8,13,0.034775117198210324,0.2004602918516909
1154,4,19,0.8500000000000001,12,0.04123576098122367,0.18868435018818905
1154,4,20,0.75,18,0.03348416567279143,0.19661718663371539
1154,4,21,0.4,6,0.011578861156665631,0.2079338400123042
1154,4,22,0.45,17,0.03161065505843147,0.1984330441449389
1154,4,23,0.6000000000000001,12,0.04573457883511271,0.19538882590257067
1154,4,24,0.8,14,0.04717168025296943,0.19144133386550413
1154,4,25,0.55,13,0.026787089519126776,0.19441577189233128
1154,4,26,0.5,10,0.018921852599308946,0.18972313832276008
1154,4,27,0.8,18,0.034150973079299596,0.19883042706719758
1154,4,28,0.7000000000000001,11,0.03354839837060826,0.20736469583752803
1154,4,29,0.55,8,0.045391216311479486,0.21951204350575476
1154,4,30,0.7000000000000001,13,0.03814416447541675,0.19714439927922767
1154,4,31,0.55,8,0.05289725258266161,0.1957663229507364
1154,4,32,0.5,10,0.03978767296857004,0.19358378625212652
1154,4,33,0.7000000000000001,19,0.03931925489891544,0.21783801255878144
1154,4,34,1.0,7,0.03484257510367421,0.19868914086225112
1154,4,35,0.5,9,0.04108528253978804,0.18251614779392916
1154,4,36,0.55,12,0.03203639078834621,0.20172849331379547
1154,4,37,0.8500000000000001,13,0.04795650383968032,0.20599931137134828
1154,4,38,0.9,13,0.05689060697296519,0.19446759445750084
1154,4,39,0.9500000000000001,9,0.04794503016600372,0.21178269270215194
1154,4,40,0.6000000000000001,16,0.037186361702765465,0.21027527156937598
1154,4,41,0.65,13,0.02431447330685126,0.18326526837932988
1154,4,42,0.5,10,0.049838927706233445,0.2002512519639074
1154,4,43,0.8,15,0.037359198124058364,0.2026429859147521
1154,4,44,0.8500000000000001,15,0.03154000519695446,0.18251833333186765
1154,4,45,1.0,10,0.02299770471889148,0.182940431956816
1154,4,46,0.6000000000000001,9,0.03950463218849406,0.20892384736438432
1154,4,47,0.65,9,0.043606578479820586,0.1775307124580466
1154,4,48,1.0,11,0.03666567459303852,0.1976859181739439
1154,4,49,0.65,9,0.051948965992201314,0.18938343203408853
1154,4,50,0.8500000000000001,14,0.04335489952559215,0.1851714593492306
1154,4,51,0.7000000000000001,12,0.03619402829665128,0.21110075532154168
1154,4,52,0.8500000000000001,11,0.02303865930148487,0.19430782475402353
1154,4,53,0.4,14,0.05344005463021993,0.20636646102751594
1154,4,54,0.5,12,0.024978658930207533,0.21525152075580767
1154,4,55,0.65,14,0.03389281878844977,0.20594009507031852
1154,4,56,0.5,13,0.054651216051659214,0.21884737384007216
1154,4,57,0.9,12,0.055302514190666965,0.20992467421602393
1154,4,58,0.75,10,0.0185186235107124,0.18953723802313735
1154,4,59,0.65,11,0.03071444698605504,0.18381413264822297
1154,4,60,0.9,18,0.038573006966736004,0.20743509230040538
1154,4,61,0.65,11,0.04824658403600505,0.2126036658793942
1154,4,62,0.55,10,0.03778638762061902,0.1812802567798322
1154,4,63,0.8,8,0.03659995659826706,0.19521849923218842
1154,4,64,0.5,13,0.06095070565227366,0.20006317860484402
1154,4,65,0.4,7,0.013026631748179541,0.18934695931779064
1154,4,66,0.8,21,0.035181873412891806,0.20072723209831486
1154,4,67,0.5,10,0.029042501476497205,0.20033981431450068
1154,4,68,0.45,10,0.0240019488665428,0.1954173027579124
1154,4,69,1.0,5,0.030186446635491002,0.16255022568856203
1154,4,70,0.5,12,0.023886012945061687,0.19003274455448535
1154,4,71,0.5,12,0.023770464703960523,0.20300822789486525
1154,4,72,1.0,7,0.03095754770264774,0.1595586749869797
1154,4,73,0.4,17,0.04101804259901016,0.2240700705770965
1154,4,74,0.65,14,0.05036090992132525,0.19591981114716975
1154,4,75,0.4,13,0.042073088300725155,0.21187115111295293
1154,4,76,0.7000000000000001,13,0.03586799807354666,0.19684048474237958
1154,4,77,0.45,12,0.01911792124566613,0.20310663882800106
1154,4,78,0.8,9,0.04500559503272365,0.2137162235895785
1154,4,79,0.75,15,0.03754566010180506,0.1882794040911782
1154,4,80,0.4,19,0.026429020607598244,0.1984075864841635
1154,4,82,0.8,11,0.028929682899439993,0.19263656219094025
1154,4,83,0.8,11,0.036590397443404955,0.2038223743408426
1154,4,84,0.8,13,0.039407413970410296,0.2109764711016407
1154,4,85,0.7000000000000001,10,0.027066781220249594,0.20005243625903307
1154,4,86,0.7000000000000001,11,0.0321916573847052,0.20906841986514976
1154,4,88,0.45,19,0.040851472714096185,0.19470014768301888
1154,4,89,0.9500000000000001,17,0.047734950053887865,0.2060266048558182
1154,4,90,0.5,11,0.04020798981405788,0.2096278390326786
1154,4,91,0.8,12,0.02059674702297107,0.1876896928671241
1154,4,92,1.0,10,0.03494837340143387,0.19073535368143588
1154,4,93,0.55,13,0.03613594640276705,0.187864436623221
1154,4,94,0.55,15,0.03551371792602738,0.21486943971636682
1154,4,95,0.6000000000000001,10,0.029629852116835685,0.20779213336609445
1154,4,96,0.8,11,0.032425051662400305,0.18717093732700096
1154,4,97,0.45,13,0.04760327266154047,0.2233870279878501
1154,4,98,0.8,19,0.04348383097165161,0.21681338549291487
1154,4,107,0.9,12,0.03757469159583247,0.2110304630452047
1154,4,109,0.65,16,0.048824466231660396,0.19267010670113227
1154,4,113,0.5,16,0.030091636654129502,0.20123002100295206
1154,4,118,0.75,6,0.05425519402042496,0.1949119477780685
1154,4,120,0.45,13,0.04399097968296469,0.20546430830604806
1154,4,122,0.5,17,0.029188896885962445,0.20048431342683284
1154,4,124,0.75,16,0.04276191047011457,0.18842642691566092
1154,4,125,0.45,13,0.02416691547758368,0.2023997157513831
1154,4,126,0.6000000000000001,18,0.034448786565341345,0.1875304811177471
1154,4,128,0.45,11,0.041460356280031675,0.22156737124314924
1154,4,130,0.55,12,0.05041539527128931,0.2036856973926673
1154,4,134,0.6000000000000001,13,0.05983728143759584,0.21007796864772607
1154,4,139,0.7000000000000001,9,0.040482867350024085,0.2094423372558005
1154,4,141,0.45,14,0.03268961705525592,0.2086719324484457
1154,4,142,0.6000000000000001,6,0.05723143093881636,0.21667303607056632
1154,4,149,0.5,9,0.04285421197934156,0.19192773275594674
1154,4,153,0.5,10,0.021746020176321348,0.19719769280481586
1154,4,155,0.5,9,0.02758339482985994,0.19769553592917724
1154,4,158,0.35000000000000003,16,0.026454965185051253,0.18737170287711066
1154,4,166,0.5,18,0.02996358610680526,0.188070138106891
1154,4,168,0.5,12,0.025152517580908834,0.20034739234484686
1154,4,169,0.6000000000000001,8,0.02737223559126636,0.1975324759455388
1154,4,174,0.55,16,0.04037478181254685,0.19183693914714378
1154,4,179,0.7000000000000001,9,0.017839794460839473,0.19173542421662976
1154,4,183,0.55,12,0.04082330730634179,0.20998020374332885
1154,4,184,0.5,9,0.04035542976433576,0.22786640681407272
1154,4,187,0.45,10,0.035291304951248645,0.20430580372749355
1154,4,191,0.5,8,0.03142008315324563,0.19352313290059958
1154,4,193,0.5,7,0.04023040382526388,0.2006542754911574
1154,4,203,0.65,9,0.04096644558321333,0.1978148120164564
1154,4,216,0.5,6,0.029627658250957388,0.2209044426762726
1154,4,218,0.45,15,0.032772042161618276,0.20275435548762957
1154,4,226,0.5,12,0.047668099002292394,0.1816695754694766
1154,4,229,0.7000000000000001,10,0.02111461748011041,0.20774074293805306
1154,4,234,0.45,6,0.023303348476627652,0.19757189101529626
1154,4,235,0.5,8,0.04055297862944778,0.22217080524126237
1154,4,236,0.4,13,0.028961578835158507,0.190769464080006
1154,4,240,0.55,7,0.03948523010641544,0.19531966504299478
1154,4,243,0.55,13,0.020573102110324294,0.19896605631243483
1154,4,256,0.75,8,0.021046388860999042,0.1815012276542421
1154,4,268,0.35000000000000003,10,0.0492960560840658,0.20464227875080288
1154,4,269,0.6000000000000001,7,0.021387738013776556,0.2109565060281935
1154,4,275,0.65,9,0.0459120837370589,0.20595763124793715
1154,4,290,0.55,12,0.04655889080216749,0.20789257524955193
1154,4,300,0.45,8,0.05340736457880266,0.19984160470859344
1154,4,303,0.65,8,0.03815126370375362,0.2048849723035713
1154,4,305,0.55,15,0.027139314011248406,0.20317982585828673
1154,4,306,0.55,8,0.0415277830018002,0.21470453838259057
1154,4,314,0.5,8,0.028244001332709944,0.19829786482772538
1154,4,315,0.5,11,0.03866194997414649,0.19960033126765164
1154,4,325,0.45,9,0.026858810573766493,0.1973777609333981
1154,4,329,0.4,13,0.03505145162081222,0.2056841535974727
1154,4,332,0.4,12,0.03587294381507456,0.2072106754282895
1154,4,339,0.55,15,0.03717380222327093,0.2101525354556031
1154,4,343,0.6000000000000001,8,0.034220311076286085,0.20601161857808137
1154,4,344,0.30000000000000004,9,0.024350014743400917,0.21000035327835498
1154,4,345,0.65,16,0.019540885215988575,0.19087723652234617
1154,4,358,0.4,8,0.04579355207382309,0.1969551498202894
1154,4,359,0.35000000000000003,12,0.030912596212989092,0.19773855357438155
1154,4,360,0.65,12,0.03985086089300934,0.18188535026520056
1154,4,361,0.65,14,0.04333606036800941,0.20254107252771428
1154,4,363,0.6000000000000001,14,0.05106893360641005,0.20148844860817303
1154,4,365,0.45,11,0.03695097159802391,0.20059719836656545
1154,4,368,0.45,12,0.024343309568658038,0.19384471518116175
1154,4,372,0.45,9,0.01668243530619277,0.21026685633839
1154,4,394,0.6000000000000001,12,0.039690354081296925,0.2077173355739346
1154,4,397,0.5,13,0.02799090892877372,0.200858212183395
1154,4,403,0.6000000000000001,9,0.02380686136679756,0.20250521330687582
1154,4,405,0.5,5,0.04709922949621318,0.21849439244142407
1154,4,408,0.6000000000000001,15,0.04283482160049932,0.2099361481962058
1154,4,413,0.5,10,0.02332460527279432,0.19572411072627924
1154,4,416,0.5,16,0.01889383658448732,0.19714752430563856
1154,4,420,0.6000000000000001,9,0.057708198928487664,0.1932669748075788
1154,4,429,1.0,8,0.027244155052291278,0.206388665201721
1154,4,433,1.0,8,0.037332800056711975,0.16991605052397968
1154,4,434,0.45,9,0.02022616552564462,0.17984677965739035
1154,4,436,0.55,14,0.04075361095205384,0.19337702665074735
1154,4,441,0.5,9,0.04413961986323199,0.18262290951826676
1154,4,447,0.5,12,0.026172417925717617,0.1978804477264281
1154,4,448,0.5,10,0.041496508110344894,0.20910410178027655
1154,4,450,0.5,8,0.05415072148987035,0.20209010521537324
1154,4,452,0.5,13,0.047129465727676234,0.2213319865497492
1154,4,458,0.5,9,0.022877036342885654,0.18283113705010529
1154,4,460,0.5,15,0.02955199424431477,0.1984608360939112
1154,4,462,0.45,9,0.025566949832425703,0.19263907375910178
1154,4,464,0.55,18,0.040514716497617974,0.20909946796945722
1154,4,473,0.75,9,0.04482876796254607,0.21177249989044766
1154,4,476,0.55,8,0.02112327358372675,0.20821844459203592
1154,4,479,0.55,10,0.033662963981581126,0.21478039792702516
1154,4,482,0.55,10,0.03519516991259258,0.20848363135634593
1154,4,490,0.45,13,0.040008876427823165,0.19818099245502527
1154,4,494,0.65,11,0.02848657667099721,0.20460959041546
1154,4,501,0.45,11,0.02918442918492006,0.19569430611418107
1154,4,503,0.45,13,0.0312802326402697,0.19877610802703888
1154,4,505,0.75,9,0.043149840312256785,0.20698523662698112
1154,4,517,0.7000000000000001,5,0.04757090485128372,0.21902851288795694
1154,4,518,0.55,8,0.03337805709514829,0.18890410660625162
1154,4,522,0.5,6,0.020942764682366204,0.20670443132562222
1154,4,526,0.6000000000000001,12,0.04062912054051071,0.18203620520727923
1154,4,533,0.55,9,0.030211897702465202,0.1910954897004985
1154,4,536,0.9,9,0.028148166622609265,0.20605850593105052
1154,4,540,0.55,9,0.030849845934951273,0.220800577369275
1154,4,547,0.4,12,0.02621645605811881,0.1872529964780716
1154,4,564,0.55,8,0.025358326608103752,0.18525584634127162
1154,4,568,0.5,16,0.03864103571409349,0.19792550583082955
1154,4,579,0.8,10,0.05486092653867363,0.18159293787767433
1154,4,580,0.7000000000000001,13,0.0440226615493678,0.21683698395276724
1154,4,587,0.4,14,0.04690128827172513,0.20379740648987557
1154,4,595,0.6000000000000001,13,0.028131806434459013,0.20791964678672223
1154,4,601,0.55,15,0.04296012178144134,0.21413809703304587
1154,4,609,0.45,16,0.035298384368906206,0.2025266907185237
1154,4,611,0.5,8,0.03665208098848505,0.18410287905291545
1154,4,616,0.55,10,0.03507246559357574,0.22360799219400967
1154,4,624,0.55,15,0.027635691165093627,0.19534869274489525
1154,4,651,0.5,10,0.033573610329287885,0.20595032992172432
1154,4,653,0.7000000000000001,8,0.028644089930168388,0.21124132897576436
1154,4,656,0.8,12,0.039791397104464304,0.2174139248970833
1154,4,658,0.4,7,0.03029960738682817,0.1767528533271194
1155,0,0,0.8500000000000001,20,0.039872532000334845,0.23702742234304272
1155,0,1,0.75,21,0.043860881203561186,0.21060271711116244
1155,0,2,0.7000000000000001,16,0.03756105708214341,0.2414683693212294
1155,0,3,0.9,13,0.04610747727089341,0.255103859610008
1155,0,4,0.55,7,0.02719145456753775,0.26582420274383173
1155,0,5,0.9500000000000001,24,0.036649317653775715,0.24676667661322738
1155,0,6,0.75,17,0.039034960376711614,0.24878584008188853
1155,0,7,0.75,13,0.03727338488409779,0.23917560360221476
1155,0,8,0.9,17,0.043169512641383696,0.23290699395522665
1155,0,9,1.0,16,0.04061792040630964,0.2371103703516565
1155,0,10,0.75,17,0.047936817409120425,0.24116588372225078
1155,0,11,0.6000000000000001,15,0.04193413112022111,0.24588854626810808
1155,0,12,0.65,14,0.029215419331237356,0.25928911447117126
1155,0,13,1.0,17,0.03921749003768805,0.23204722100848563
1155,0,14,0.75,14,0.031873143496577716,0.2579279992866169
1155,0,15,0.9,17,0.03334282121186091,0.2419254506991748
1155,0,16,0.8,15,0.04787347678604728,0.2347415107421115
1155,0,17,0.9,19,0.0362659051527105,0.22668441674976783
1155,0,18,0.9,22,0.042533548991454666,0.23451618246198463
1155,0,19,0.75,29,0.037170849985007075,0.2391952440104274
1155,0,20,0.9500000000000001,17,0.04653215714197352,0.22911476421078183
1155,0,21,0.65,20,0.04423396185600484,0.22555013605421728
1155,0,22,0.6000000000000001,19,0.04930748993644436,0.2300317674281882
1155,0,23,0.8,14,0.04741572244013924,0.23557224937189614
1155,0,24,0.6000000000000001,12,0.04477665283005528,0.24625638969471217
1155,0,25,0.7000000000000001,18,0.04036791567498637,0.24182276018369808
1155,0,26,0.75,26,0.04243886570887092,0.24164326465417887
1155,0,27,0.55,15,0.03796539706661951,0.22595815427349358
1155,0,28,0.9500000000000001,16,0.047898246812258086,0.2291494971260544
1155,0,29,0.55,21,0.037939320517773316,0.2376361106529095
1155,0,30,0.6000000000000001,19,0.04198434971267002,0.2374714970840913
1155,0,31,0.7000000000000001,22,0.03986073571923061,0.2239896189035508
1155,0,32,0.7000000000000001,11,0.03514696339602003,0.26143143096000426
1155,0,33,0.8,19,0.04648475911871491,0.24788480160262338
1155,0,34,0.7000000000000001,16,0.040702492365962926,0.22772135927595114
1155,0,35,0.8500000000000001,19,0.033904797510548125,0.23203886758898148
1155,0,36,0.7000000000000001,10,0.030606172340679274,0.23897377509554052
1155,0,37,0.65,12,0.03763405106833154,0.21319680400940352
1155,0,38,0.65,16,0.042937305154583605,0.23677610031469415
1155,0,39,1.0,20,0.04708300506984838,0.211712437576311
1155,0,40,0.9500000000000001,7,0.04669754169553566,0.23293071934104007
1155,0,41,0.9500000000000001,16,0.05529802060735963,0.21366276813122473
1155,0,42,1.0,16,0.046629577228519556,0.2359112016013951
1155,0,43,0.55,16,0.040584071346870226,0.22537872517978977
1155,0,45,0.65,20,0.038882042199115306,0.24351588783959022
1155,0,46,1.0,15,0.044641012132928835,0.21700121408121104
1155,0,47,0.7000000000000001,21,0.03912649917510553,0.24375257247757934
1155,0,48,1.0,16,0.05511638743484317,0.2366957839842655
1155,0,49,0.7000000000000001,17,0.028845392365768146,0.24412416832061493
1155,0,50,0.5,11,0.03713511226779578,0.2557051242797578
1155,0,51,0.55,17,0.0418142769190972,0.2552775579454029
1155,0,52,0.8500000000000001,2,0.05263343412341949,0.22862774097470095
1155,0,53,0.8,15,0.049570734248094224,0.24299057831244528
1155,0,54,0.75,22,0.04442115680591303,0.24404804666768676
1155,0,55,0.8500000000000001,13,0.04830555975276883,0.24672873857241592
1155,0,56,0.8,7,0.05263498520109649,0.2275319237319405
1155,0,57,0.8500000000000001,5,0.061681807494957795,0.19009968854860076
1155,0,58,0.65,16,0.04713368001512719,0.2279489491565178
1155,0,59,0.8500000000000001,11,0.03230359684405397,0.2549281673899316
1155,0,60,0.8500000000000001,14,0.03539194053945346,0.25058135424259426
1155,0,61,0.8500000000000001,15,0.053285164215893105,0.22927752666450507
1155,0,62,0.8500000000000001,10,0.02774554573069212,0.24215825390978005
1155,0,63,0.65,21,0.04806644720347763,0.22923529049001404
1155,0,64,1.0,2,0.030534419503827855,0.22678080229804937
1155,0,65,1.0,19,0.04253672015392548,0.25641411433518024
1155,0,66,0.8,16,0.0356634706071074,0.24237655543215492
1155,0,67,1.0,21,0.05057717121651151,0.23717894852092125
1155,0,68,0.45,12,0.02927174460891281,0.2539222804112072
1155,0,69,0.65,9,0.042793460071382315,0.2405681246813684
1155,0,70,0.65,18,0.04869176040290593,0.22867106410974036
1155,0,71,0.8500000000000001,13,0.04598307893762477,0.25402759061777425
1155,0,72,0.8,20,0.04145950242490388,0.232456735135164
1155,0,73,0.5,11,0.024094416337679867,0.2630631409351125
1155,0,74,0.5,19,0.04620408621733675,0.24275290108750727
1155,0,75,0.6000000000000001,11,0.04105376214575957,0.2128368224408682
1155,0,76,0.9500000000000001,19,0.05219628588053378,0.22645606554395745
1155,0,77,0.7000000000000001,17,0.03514405144876183,0.2239534808482716
1155,0,78,0.8,18,0.036725539171428116,0.24786835842277766
1155,0,79,0.75,12,0.03953369110683149,0.23314194224212625
1155,0,80,0.8,4,0.00886697409775882,0.21281126973422454
1155,0,81,0.8500000000000001,14,0.0557169165013474,0.23702653935573076
1155,0,82,0.55,10,0.03573513646946376,0.22940544638871757
1155,0,83,0.6000000000000001,9,0.04608253186225799,0.22317375082249016
1155,0,84,0.8500000000000001,19,0.03539749518863345,0.23541789753868822
1155,0,85,0.8,16,0.051973045689725106,0.22930226882721783
1155,0,86,0.55,8,0.04878703376391581,0.2313623326349289
1155,0,87,0.6000000000000001,16,0.03302679767866615,0.2652012892444303
1155,0,88,0.9,15,0.042506601273107444,0.2554587757626606
1155,0,89,0.8,2,0.07705774861998123,0.22671689981044607
1155,0,90,0.8500000000000001,21,0.04391435343823956,0.23177376996243132
1155,0,91,0.7000000000000001,7,0.042289635938392175,0.2488574448027272
1155,0,92,0.65,16,0.04455011981410503,0.23699108517359407
1155,0,93,0.65,11,0.030020949391970784,0.26092689982588707
1155,0,94,0.5,10,0.026204289171774062,0.24390471247692055
1155,0,95,0.8,15,0.042150689972789694,0.2539234261527088
1155,0,97,0.9,14,0.05045651081885711,0.2325184927538038
1155,0,100,0.75,16,0.045208650826243105,0.22316161108947316
1155,0,101,0.7000000000000001,17,0.05704952317988488,0.2289867653765063
1155,0,103,0.9,15,0.05848194299445472,0.23143155784972153
1155,0,104,0.6000000000000001,14,0.0483726601057825,0.23842229647859753
1155,0,105,0.8500000000000001,16,0.04659872635596881,0.23240870512438966
1155,0,108,0.75,19,0.04114027193342105,0.2197094419146187
1155,0,110,0.9,14,0.04007339267087778,0.23550257145636191
1155,0,111,0.65,11,0.03760007875472526,0.21273591440403886
1155,0,113,0.8,21,0.03539490463589252,0.25122969749441093
1155,0,115,0.6000000000000001,18,0.04776348472715493,0.24043535405594246
1155,0,118,0.9500000000000001,16,0.042682383745874755,0.24668632496821158
1155,0,119,0.8,15,0.04294782758021065,0.229159188135223
1155,0,120,0.8,23,0.046366275103698375,0.24190597347465537
1155,0,121,0.65,18,0.04082518746402896,0.2447853603728607
1155,0,128,1.0,18,0.04674052987500814,0.22573107245259413
1155,0,130,0.65,18,0.048469161039480006,0.20961137667203705
1155,0,131,0.75,17,0.050433573210581874,0.23024150113316091
1155,0,134,0.8,18,0.040172615480368816,0.21497751352211325
1155,0,139,0.55,9,0.042997780146206005,0.24161644679052477
1155,0,144,0.6000000000000001,9,0.02603267842268883,0.2707226578895446
1155,0,148,0.45,15,0.037768055683041854,0.2536806539776845
1155,0,165,0.5,15,0.0498869181005488,0.23729355602960645
1155,0,172,0.6000000000000001,9,0.05079634097863218,0.2151251359613925
1155,0,178,0.6000000000000001,15,0.03992286204354287,0.24824386471131082
1155,0,186,1.0,20,0.03702534583280803,0.2452111366902751
1155,0,188,1.0,11,0.032572793954180945,0.257379767054022
1155,0,190,0.55,17,0.04134224269011708,0.23458380149161898
1155,0,191,0.5,17,0.042077883044883,0.24213603115573026
1155,0,193,0.8,17,0.03923308870396218,0.2351451548660129
1155,0,197,0.65,8,0.05502080209426451,0.24001323548461972
1155,0,203,0.75,21,0.038651586613690364,0.2441841484578194
1155,0,231,0.5,11,0.04028818806811119,0.25551851520885194
1155,0,232,0.55,14,0.044359988264131414,0.2451100585465313
1155,0,238,0.5,10,0.031204308323982723,0.2481727456080934
1155,0,250,0.75,19,0.0474217959205407,0.23090103219171593
1155,0,251,0.45,13,0.04273763583801742,0.23980283288711682
1155,0,267,0.65,17,0.03939187578859838,0.24591685644045255
1155,0,271,0.9,19,0.04014312195690569,0.23340696747464046
1155,0,278,0.6000000000000001,8,0.028935332783678835,0.2621631312917414
1155,0,294,0.65,14,0.04346657798333282,0.23665637325550123
1155,0,308,0.6000000000000001,25,0.040814499405765675,0.24588714693178704
1155,0,309,0.55,15,0.04721789668918342,0.23004223602582083
1155,0,310,0.55,14,0.04155535572901573,0.24661910724899871
1155,0,313,0.7000000000000001,26,0.04778714858252684,0.2394599595388501
1155,0,316,0.65,18,0.03984419260904834,0.2347011198536305
1155,0,326,0.8,13,0.04244584701697316,0.24775690745537793
1155,0,351,0.75,12,0.05570741411388172,0.23328170738122486
1155,0,355,0.65,18,0.038639024535472,0.2393831465838026
1155,0,368,0.5,10,0.045862790706883365,0.23691655475023993
1155,0,398,0.6000000000000001,14,0.03929907755013017,0.2345576794929301
1155,0,420,0.55,10,0.04816127679129956,0.22952672615608968
1155,0,422,0.55,15,0.03115515317321849,0.2376888008605654
1155,0,430,0.6000000000000001,11,0.04486785648677279,0.23655195226755865
1155,0,439,0.65,11,0.04732937429992864,0.23915331786100721
1155,0,442,0.5,22,0.04084848067698239,0.24318365052961638
1155,0,450,1.0,12,0.03252285063956403,0.2388165751983575
1155,0,469,0.55,10,0.032423679086799856,0.2553499508979368
1155,0,470,0.7000000000000001,5,0.045809969081886844,0.25488644175209135
1155,0,471,0.7000000000000001,15,0.03913397634463954,0.23241161118718068
1155,0,480,0.65,20,0.039958069024271216,0.23655989720511772
1155,0,498,0.75,9,0.05106822897698835,0.21867825774433833
1155,0,517,0.65,8,0.03618583885194236,0.24116585562938564
1155,0,522,0.6000000000000001,9,0.04743487359298815,0.24452786312061636
1155,0,524,0.6000000000000001,10,0.045964001944003546,0.22901815759298474
1155,0,526,0.7000000000000001,6,0.021264582334834473,0.2529577614755553
1155,0,533,0.7000000000000001,10,0.03678140571606717,0.25454783083914007
1155,0,535,0.65,16,0.034702231153123146,0.22247296622811844
1156,1,0,0.75,16,0.048412005076068534,0.21404128717529453
1156,1,1,0.8,17,0.048749585678963384,0.2291601782462644
1156,1,2,0.7000000000000001,17,0.03560724107973922,0.22287202535344477
1156,1,3,0.65,22,0.049455359178524935,0.2061171038835389
1156,1,4,0.65,20,0.04823216477313933,0.2191933263331201
1156,1,5,0.75,19,0.04712780087128098,0.22886190394936143
1156,1,6,0.55,18,0.044325438201834946,0.2298282470101629
1156,1,7,0.7000000000000001,22,0.058755429439543365,0.22036806970641365
1156,1,8,1.0,22,0.051486097337198486,0.20217660465423054
1156,1,9,1.0,16,0.04286160687627576,0.21966896091007793
1156,1,10,1.0,20,0.05214804761692769,0.22052297501654214
1156,1,11,0.8500000000000001,13,0.039639925448727,0.21421732121851436
1156,1,12,0.6000000000000001,11,0.05574112533617282,0.21408788828178407
1156,1,13,1.0,20,0.04965143453539308,0.2030113587094354
1156,1,14,0.9,13,0.04825641837130213,0.19923500135549566
1156,1,15,0.65,14,0.05504768750049617,0.205951500842971
1156,1,16,0.8,15,0.041219405475161064,0.21184398040606
1156,1,17,0.9500000000000001,8,0.048345694256573535,0.1991948864877588
1156,1,18,0.6000000000000001,13,0.054064589153376544,0.23058540004545047
1156,1,19,0.6000000000000001,12,0.036467685641957084,0.24116507912374863
1156,1,20,0.6000000000000001,11,0.048807995068951816,0.20208780617372044
1156,1,21,0.7000000000000001,13,0.0601321337439705,0.2318050149608583
1156,1,22,0.65,12,0.05130316005098988,0.21732051907018726
1156,1,23,0.9,14,0.05667363136011684,0.22133883082807862
1156,1,24,1.0,19,0.05414434533634861,0.2214666084840674
1156,1,25,0.7000000000000001,24,0.04990276267275785,0.2196686675658114
1156,1,26,0.9500000000000001,19,0.0488135159446387,0.22468855157677506
1156,1,27,1.0,8,0.05280754454368416,0.20703279241380013
1156,1,28,0.9,6,0.05707406276971576,0.16834403482086654
1156,1,29,0.7000000000000001,14,0.040829926339850546,0.2399850554134933
1156,1,30,0.7000000000000001,4,0.03145669763453336,0.18417696492366456
1156,1,31,0.6000000000000001,15,0.05286071945068636,0.23098603925976918
1156,1,32,0.65,12,0.05287841257428527,0.23176217628642296
1156,1,33,0.55,18,0.04877878011962974,0.20828707724496567
1156,1,34,1.0,15,0.05081071526429974,0.1971501813097595
1156,1,35,0.8500000000000001,2,0.059543522937005156,0.19379780329828294
1156,1,36,0.9,2,0.06379328465406525,0.1742946968698877
1156,1,37,0.55,14,0.047675629624306604,0.2317921872109628
1156,1,38,0.65,2,0.1204878208947644,0.18519775520507809
1156,1,39,0.9,17,0.055738079948478916,0.21464675020063856
1156,1,40,0.9500000000000001,18,0.0412207421042893,0.18918660906338947
1156,1,41,1.0,2,0.029400164398482205,0.23289996728970877
1156,1,42,0.75,14,0.04328570632615208,0.2198964397794973
1156,1,43,0.55,11,0.056816398157495215,0.2031876761221796
1156,1,44,0.65,12,0.04769150902780892,0.21801335047847437
1156,1,45,0.7000000000000001,15,0.050196054960942184,0.22707898420802072
1156,1,46,0.7000000000000001,16,0.05254454468004787,0.21165266868968818
1156,1,47,1.0,8,0.042670050768576905,0.25283237377473733
1156,1,48,0.65,7,0.05023655947965819,0.23895611660485233
1156,1,49,0.65,22,0.04515944759880096,0.22828104054877263
1156,1,50,0.65,18,0.05876833003940465,0.2206244504660819
1156,1,51,1.0,13,0.04608526992829326,0.2309975351998585
1156,1,52,0.65,27,0.04973558099693632,0.21551442745512808
1156,1,54,0.6000000000000001,16,0.050588140031390644,0.22721980703381525
1156,1,55,0.7000000000000001,17,0.03908635688783257,0.19700163248153033
1156,1,56,0.8500000000000001,17,0.0404153540560921,0.19540161020964483
1156,1,57,0.5,15,0.05035532915394559,0.21306927150132418
1156,1,58,0.8500000000000001,7,0.052692195923084904,0.1575034219862186
1156,1,59,0.6000000000000001,14,0.04160548332322064,0.2193625123986282
1156,1,60,0.65,16,0.0579080926582977,0.20836441956049598
1156,1,61,0.8500000000000001,15,0.04243242535248882,0.193888861111618
1156,1,62,0.55,6,0.038346929377936115,0.24916080828629572
1156,1,63,0.55,16,0.04239628594548263,0.21313912974395766
1156,1,64,0.8,18,0.04329998550619239,0.2132241407225086
1156,1,65,0.55,11,0.0485069731208441,0.20934762745003
1156,1,66,0.65,9,0.055311137745772766,0.2254740074707402
1156,1,67,0.8,15,0.04921617732045696,0.1948352174838212
1156,1,68,0.5,5,0.030789781719124314,0.23860738927051406
1156,1,69,0.65,9,0.03756941325684819,0.23755743416218744
1156,1,70,0.9500000000000001,15,0.0507364323402784,0.23595795282760035
1156,1,72,0.7000000000000001,17,0.04677937320808258,0.19242700006558433
1156,1,73,0.6000000000000001,8,0.05823418914380786,0.21266845213776453
1156,1,74,0.7000000000000001,15,0.051459863280460746,0.21256057129694278
1156,1,75,0.65,8,0.038531061473140796,0.23488126105322987
1156,1,76,0.65,20,0.04548115697428577,0.21953257348884084
1156,1,77,0.5,9,0.048254351518911526,0.23944810219599066
1156,1,78,1.0,10,0.04459743273550202,0.2290741671177113
1156,1,79,0.8500000000000001,18,0.038475495681426594,0.21883927331006156
1156,1,80,0.65,10,0.051888884441863015,0.22170515323017742
1156,1,81,0.9,18,0.04459725031818404,0.21870893789087367
1156,1,82,0.9,18,0.04840626322659046,0.20264350768115766
1156,1,83,0.75,11,0.040201809725082124,0.21904898093063546
1156,1,84,0.6000000000000001,6,0.04346342634017114,0.22799788574251434
1156,1,85,0.75,25,0.047057747150320135,0.23053832471793598
1156,1,86,0.6000000000000001,21,0.053546106873262,0.205473264919948
1156,1,87,0.9,11,0.051830476088788886,0.1894121430755948
1156,1,88,0.8500000000000001,21,0.04290678295939579,0.22501653981595213
1156,1,90,0.8,22,0.05254855757774272,0.20238271819503587
1156,1,92,0.6000000000000001,7,0.06702832735493301,0.23910425100966795
1156,1,93,0.9,15,0.05141340597336437,0.1995864613990488
1156,1,94,0.55,10,0.05614851098939845,0.20669919701495637
1156,1,95,0.75,7,0.05067093835043677,0.1995885018384272
1156,1,97,0.75,20,0.052566862994972346,0.2020778030886547
1156,1,98,0.8,18,0.04860242634373599,0.204387826059379
1156,1,99,0.55,16,0.04753310848901454,0.2067038996532068
1156,1,100,0.8500000000000001,4,0.06490477858210844,0.18114110504208608
1156,1,101,0.75,15,0.037998780879323554,0.20281564191089205
1156,1,102,0.6000000000000001,6,0.02077354035004871,0.2669043788381284
1156,1,103,0.8500000000000001,10,0.051071620101709694,0.1984340421325435
1156,1,104,1.0,23,0.051579494745501844,0.21414729346169536
1156,1,105,0.9,15,0.04833900207847561,0.21659973672232383
1156,1,106,0.7000000000000001,23,0.049781643492965176,0.2106555831975921
1156,1,108,0.6000000000000001,13,0.03333807133642348,0.2287526063774048
1156,1,109,0.75,16,0.0646188511782646,0.20532405816035576
1156,1,110,1.0,16,0.04616507693902246,0.20079193544084223
1156,1,112,0.6000000000000001,16,0.057533935583139205,0.2312847230298515
1156,1,113,1.0,12,0.03801236408723193,0.1936152687785504
1156,1,115,0.7000000000000001,18,0.05821611839775364,0.20670646980906293
1156,1,116,0.65,13,0.04773438769890571,0.2274084433581337
1156,1,118,0.75,12,0.05451882862974081,0.19505763051698535
1156,1,119,0.6000000000000001,19,0.04633684063981006,0.2249023827991313
1156,1,120,0.75,17,0.048910340136828656,0.21649253852267125
1156,1,121,0.9500000000000001,9,0.05527953926702087,0.19613023739616267
1156,1,122,1.0,14,0.05989588519808824,0.20294082023065535
1156,1,124,0.55,14,0.053717768832695884,0.22492432403196044
1156,1,125,0.6000000000000001,9,0.040872551889035054,0.22817627942772725
1156,1,126,0.6000000000000001,15,0.05500507217420531,0.2198713149635459
1156,1,127,0.6000000000000001,21,0.04853524259294461,0.22258691545187023
1156,1,128,0.65,10,0.04982814559673903,0.21321835419952548
1156,1,129,0.65,7,0.04331723747734079,0.20613989142055478
1156,1,130,0.5,11,0.04037241376697288,0.23778150831426348
1156,1,131,0.8500000000000001,13,0.049341661572670795,0.21054163130101997
1156,1,132,0.6000000000000001,16,0.030479808018852757,0.21588845162096396
1156,1,135,0.65,14,0.0425273708175685,0.2233343348269762
1156,1,137,0.6000000000000001,9,0.05111527120548214,0.23485694462702794
1156,1,138,0.8,14,0.05057191492200483,0.21566031378150524
1156,1,141,0.75,17,0.04197348749805575,0.21901276518169135
1156,1,142,0.7000000000000001,15,0.04831109392068153,0.20870521022973895
1156,1,145,0.8,21,0.05227421337435999,0.20650136560493487
1156,1,147,0.75,17,0.04585654811500341,0.2208383176580766
1156,1,149,0.75,14,0.03963246599711179,0.1907292217146525
1156,1,157,0.6000000000000001,18,0.043587165073290406,0.20826019704373197
1156,1,160,0.75,18,0.04390667806050331,0.22519159253589985
1156,1,172,0.65,12,0.05619351969489547,0.23081748628404844
1156,1,176,0.7000000000000001,16,0.053815118466008414,0.21539117805061697
1156,1,177,0.8,6,0.05000052163658,0.19158777720053918
1156,1,181,0.75,11,0.041519162645776854,0.22690024153627528
1156,1,189,0.65,11,0.05063419523892874,0.23527530166483138
1156,1,190,0.5,6,0.0504346203470748,0.21086332195784352
1156,1,195,0.9,17,0.046626584564301334,0.2283043731231226
1156,1,198,0.9500000000000001,15,0.04994925723898026,0.214232073198479
1156,1,201,0.65,11,0.041259445288683076,0.2211384756966973
1156,1,226,0.8,19,0.04805749805843378,0.20142443295428658
1156,1,232,0.8500000000000001,15,0.038687075963654095,0.21515350187724003
1156,1,236,0.65,17,0.05788544445887198,0.2000429348639039
1156,1,259,0.55,9,0.061537057802875765,0.23522650366974374
1156,1,261,0.5,16,0.05614343827815327,0.2155605238352766
1156,1,264,0.65,4,0.021187006070161333,0.27018248321585003
1156,1,271,0.55,12,0.03818956624464586,0.25101147300593324
1156,1,273,0.75,23,0.046233902356251924,0.2169024217000683
1156,1,281,0.7000000000000001,17,0.04281190520326668,0.2312104102510829
1156,1,283,0.9,9,0.053876290849164135,0.19831462783274495
1156,1,341,0.55,20,0.05356801686607775,0.2276277415028704
1156,1,390,0.55,6,0.03716893495518345,0.2506234953371734
1156,1,399,0.6000000000000001,9,0.061311924832537223,0.23580606929426778
1156,1,408,0.75,22,0.050312548875200556,0.2065416453059516
1156,1,456,0.7000000000000001,25,0.0501767031357725,0.22004347654719075
1156,1,457,0.5,12,0.04006246712791563,0.24969986102337272
1156,1,464,0.7000000000000001,18,0.05794758698623417,0.20518264448310206
1156,1,469,0.65,15,0.04934898912310142,0.22787823391836204
1156,1,481,0.65,8,0.03886295356983081,0.22541472501808316
1156,1,497,0.55,19,0.04371205464494438,0.22223496374076396
1156,1,501,0.75,12,0.045854447306824475,0.22992465611366544
1157,2,0,1.0,13,0.05124423668111139,0.20636728846674685
1157,2,1,0.8,23,0.04285373482943539,0.1976196542343505
1157,2,2,0.7000000000000001,11,0.04180842983027637,0.2247528437604352
1157,2,3,0.75,18,0.04936820984892575,0.20769386627138733
1157,2,4,0.8500000000000001,10,0.04235927525181146,0.19394877297725982
1157,2,5,0.8500000000000001,11,0.05377025332516085,0.18861569307470588
1157,2,6,0.7000000000000001,13,0.050265959352946026,0.20477276537535702
1157,2,7,0.8,13,0.02598092331644943,0.1949662164653067
1157,2,8,0.75,7,0.06630644132906001,0.19606813896850797
1157,2,9,0.7000000000000001,21,0.049899349015733376,0.20831596099370084
1157,2,10,0.8500000000000001,17,0.05215673605652197,0.1938076255530504
1157,2,11,0.65,11,0.049829220795160827,0.2216368010915917
1157,2,12,0.75,13,0.04937921497181696,0.2197623507178485
1157,2,13,0.8,11,0.048472707163471546,0.19153661963434043
1157,2,14,1.0,11,0.0496675275817415,0.18233389363320232
1157,2,15,0.6000000000000001,11,0.03910224329152147,0.2190861730732931
1157,2,16,0.9,2,0.00405407560435796,0.1347953092985094
1157,2,17,0.65,13,0.04012480714938219,0.2067866987887399
1157,2,18,0.6000000000000001,6,0.044630713344798775,0.21647896398931735
1157,2,19,0.8500000000000001,2,0.0669056016864923,0.17655233020602865
1157,2,20,0.6000000000000001,18,0.04352244968283064,0.20767314269738088
1157,2,21,0.75,27,0.05685325944676306,0.2024120129324458
1157,2,22,0.9,18,0.040454548722588746,0.19583539077454967
1157,2,23,0.8500000000000001,9,0.03504754313338307,0.19207662062297948
1157,2,24,0.8,19,0.049237333682802684,0.20889338645702787
1157,2,25,0.7000000000000001,13,0.06414453372967446,0.2045666810997117
1157,2,26,0.8500000000000001,14,0.0437024950159369,0.22597237383687288
1157,2,27,0.8,14,0.054684076625724366,0.19037352550401734
1157,2,28,0.8,17,0.060019725933463344,0.1862684102383365
1157,2,29,1.0,19,0.041710734829199486,0.1867305314921876
1157,2,30,0.8,9,0.04429098118556627,0.17415639486633636
1157,2,31,0.6000000000000001,17,0.049607398066894244,0.21145147816414542
1157,2,32,0.8500000000000001,18,0.037458329079627775,0.2142937877618648
1157,2,33,0.9500000000000001,14,0.05273099479381767,0.20897490024117762
1157,2,34,0.55,7,0.05100639741557912,0.22122924388645032
1157,2,35,0.7000000000000001,11,0.05878518938866252,0.19359802294321646
1157,2,36,0.7000000000000001,2,0.032506040125741965,0.12298524140243416
1157,2,37,0.9,16,0.04699775658399861,0.2088691851781327
1157,2,38,0.9,19,0.053509246496277425,0.20203253172463206
1157,2,39,0.6000000000000001,14,0.05834352146839931,0.22050030081510136
1157,2,40,0.8500000000000001,19,0.05420168294057857,0.20807636473626126
1157,2,41,0.9,18,0.05408841391834593,0.19913456626323242
1157,2,42,1.0,17,0.05346630231983135,0.19716785291239172
1157,2,43,0.9500000000000001,11,0.03956259300610233,0.18472377691225467
1157,2,44,1.0,9,0.048992681167433806,0.2131616411074596
1157,2,45,1.0,11,0.040808153721951554,0.20518187880048722
1157,2,46,0.8,13,0.04004953572289202,0.20456863459186503
1157,2,47,0.7000000000000001,18,0.048586700350615374,0.19649237358594457
1157,2,48,1.0,8,0.06635334368371543,0.220494437827781
1157,2,49,0.9,13,0.03784256779837954,0.202690568781494
1157,2,50,0.75,20,0.047652885852300805,0.17855671011782928
1157,2,52,0.75,18,0.05040963103686317,0.2048067406922761
1157,2,53,0.9500000000000001,17,0.062328516598786105,0.2040899209159818
1157,2,54,0.6000000000000001,17,0.0578357819452931,0.20972754499545204
1157,2,55,0.75,19,0.05271745350549569,0.20157245583376515
1157,2,56,0.8,2,0.003899708096283033,0.17869956103023857
1157,2,57,0.75,14,0.0463738373645214,0.20969494872073183
1157,2,58,0.75,17,0.04052092706949157,0.18667135065337942
1157,2,60,0.75,15,0.0415149224566212,0.18815817774792742
1157,2,61,1.0,14,0.03679199367386696,0.2056333538763537
1157,2,62,0.8500000000000001,7,0.05717038821952652,0.20195793393682268
1157,2,63,0.9500000000000001,20,0.049738962536083224,0.18491116218543863
1157,2,64,0.7000000000000001,23,0.052063572506296174,0.20310011659645916
1157,2,65,0.9,13,0.043080167749034705,0.22342895271653296
1157,2,66,1.0,18,0.052178000655803115,0.20991971506356885
1157,2,67,1.0,15,0.06590625423183755,0.19123493452760754
1157,2,68,0.75,21,0.03817249737812101,0.1994114432884253
1157,2,69,0.5,6,0.05724275005210422,0.2245828954704514
1157,2,71,0.65,13,0.04809785225704362,0.21301068486403027
1157,2,72,1.0,17,0.05281407029010576,0.1874244151771217
1157,2,73,0.9,16,0.04887470489745361,0.18795773800909701
1157,2,74,0.8500000000000001,13,0.05241726798750527,0.20166279529368358
1157,2,75,0.7000000000000001,7,0.04541626167736468,0.22333598182100406
1157,2,76,0.8500000000000001,19,0.03342791445052618,0.2087218539698428
1157,2,77,0.65,7,0.03805927042399001,0.20857211359513675
1157,2,78,0.65,18,0.04199759802761442,0.22039627585729984
1157,2,79,0.65,13,0.051478568029747436,0.1966509232905412
1157,2,80,0.8500000000000001,3,0.05273543978620109,0.18845586508049617
1157,2,81,0.75,15,0.049361305485877235,0.20261177489030865
1157,2,83,1.0,12,0.05054606346608618,0.18831209414825867
1157,2,84,0.7000000000000001,21,0.0346708724597363,0.19722957157073098
1157,2,85,0.9,20,0.04497091102508155,0.20154126622643037
1157,2,86,0.9500000000000001,23,0.0487728111997338,0.19634578081576953
1157,2,87,0.8500000000000001,21,0.048671175084248695,0.20761755384840028
1157,2,88,0.9,17,0.04412364291597573,0.21235898950302937
1157,2,89,0.9,3,0.05301887652413884,0.2055760252898037
1157,2,90,0.8,15,0.05332331317375468,0.22404351454100918
1157,2,91,0.8,16,0.045994862546437684,0.20757724685536078
1157,2,92,0.8500000000000001,9,0.05704897746374461,0.21606893314505138
1157,2,93,0.8500000000000001,21,0.04812130825212511,0.20728855603318538
1157,2,94,0.75,23,0.04315040831669451,0.195795128362485
1157,2,95,0.75,21,0.054122182633159106,0.20481372281598365
1157,2,96,0.75,20,0.04713964113005948,0.19851036417973728
1157,2,98,1.0,20,0.05159825707904715,0.20638617507472934
1157,2,99,0.8,18,0.044583503546528395,0.20244538243728505
1157,2,100,0.75,20,0.039053158257241045,0.1922294005935183
1157,2,101,0.8500000000000001,16,0.0417236067595374,0.19270376798178845
1157,2,102,0.8,9,0.05456831682321264,0.20193865345284076
1157,2,103,0.55,12,0.05164213882827837,0.21483538141396938
1157,2,104,0.55,8,0.05429718714156128,0.2250172407222271
1157,2,105,0.6000000000000001,10,0.03937020151929316,0.22420698683094292
1157,2,106,0.75,19,0.04024171728281601,0.19562407305699275
1157,2,107,0.9,14,0.05390214839640653,0.21337411424421818
1157,2,108,0.8500000000000001,11,0.05324071316861769,0.19821053660078947
1157,2,109,0.65,6,0.03225308353997005,0.2625575166297361
1157,2,110,1.0,10,0.05760850619966211,0.19406212203450218
1157,2,111,0.6000000000000001,8,0.04350565883302382,0.24785960766187193
1157,2,112,0.75,19,0.04462828594390163,0.20690925478820602
1157,2,113,0.65,21,0.044832249960812656,0.20453453797257318
1157,2,115,0.65,10,0.04312718321927786,0.2225544257869013
1157,2,116,0.8500000000000001,12,0.04465796898460801,0.21587961443137282
1157,2,118,0.65,10,0.052311317089370916,0.19517732579546462
1157,2,119,0.65,8,0.04228200801038713,0.19367690351868067
1157,2,120,0.5,9,0.040297279699108686,0.23325702920114505
1157,2,121,0.8500000000000001,17,0.045759908811495324,0.21181601246405207
1157,2,124,0.55,16,0.055572413906825456,0.22112594337435326
1157,2,125,0.55,6,0.031336924276773544,0.25695415298597496
1157,2,128,0.65,19,0.043631468671572034,0.2049580789028099
1157,2,129,1.0,13,0.053487053610171136,0.20704483186081615
1157,2,131,0.75,12,0.051356164386567725,0.1967130805223323
1157,2,133,0.9500000000000001,18,0.04065163960749338,0.20606768417182694
1157,2,134,0.6000000000000001,14,0.03569700950759953,0.20726029671381646
1157,2,139,0.75,14,0.03505280630739364,0.20446862902112858
1157,2,140,0.65,8,0.03655592969132607,0.23157853296251946
1157,2,144,0.8,16,0.04337923568472543,0.21152291218816893
1157,2,149,0.8,17,0.050082905581844514,0.19445595981826264
1157,2,150,0.8,22,0.05240050992553212,0.20397376211679383
1157,2,154,0.6000000000000001,9,0.057131718704568075,0.20323230965983244
1157,2,159,0.8,18,0.04938342086029651,0.20603141016742954
1157,2,160,0.75,14,0.045744358610440135,0.21608586975026414
1157,2,166,0.55,11,0.033096128854442255,0.2128523753536695
1157,2,169,0.9,11,0.05586716856386565,0.19284139016466134
1157,2,170,0.8500000000000001,18,0.05581040193772623,0.19736040449130396
1157,2,176,0.65,12,0.048446332092071116,0.22220435647753767
1157,2,177,0.65,18,0.055205753207106356,0.21605498645561172
1157,2,179,0.8,16,0.0491524202804905,0.21415741737693283
1157,2,180,0.9,16,0.05269915165158129,0.21391364790410383
1157,2,184,0.65,16,0.049482997504429756,0.20187640805223672
1157,2,188,0.6000000000000001,4,0.05866336035811339,0.1968457713591749
1157,2,189,0.65,15,0.05174937201968324,0.21248189160469103
1157,2,193,0.65,22,0.0534983135609279,0.20032222123138466
1157,2,203,0.65,13,0.055370709890584374,0.21366189380170864
1157,2,204,0.6000000000000001,12,0.0550990693360059,0.2003139054486992
1157,2,206,0.55,9,0.055579858756026196,0.21228161595813966
1157,2,210,0.8500000000000001,17,0.04513737418663132,0.19743910761007552
1157,2,211,0.75,18,0.040888844294779146,0.22061207723153684
1157,2,212,0.55,4,0.033888819019950195,0.2595595022033364
1157,2,221,0.7000000000000001,18,0.05386809180050293,0.2064026255382535
1157,2,227,0.65,9,0.05271657966275526,0.2287298633079222
1157,2,235,0.7000000000000001,12,0.04142689262812631,0.2236837974076401
1157,2,238,0.8,22,0.044320804373139025,0.2059647920371843
1157,2,239,0.55,11,0.05056773239742219,0.21999273324712235
1157,2,267,0.7000000000000001,14,0.04849120505085678,0.20856840856162853
1157,2,274,0.8500000000000001,20,0.04654589096304088,0.20378840731415088
1157,2,277,0.6000000000000001,9,0.057071124023040765,0.21449513342698326
1157,2,280,0.75,14,0.043003974314091815,0.2273749644559079
1157,2,297,0.5,8,0.02845698461998996,0.21491306216839562
1157,2,323,0.6000000000000001,11,0.03522885250418029,0.2273696557059128
1157,2,326,0.8500000000000001,19,0.04080372814548015,0.20208310880921157
1157,2,360,0.7000000000000001,13,0.02550084218669599,0.20132887019948928
1157,2,386,0.75,14,0.046276433121629,0.2175357870152494
1157,2,405,0.65,12,0.04144078320706692,0.22042503203290495
1158,3,0,0.9500000000000001,12,0.03657267130895561,0.1948926703438204
1158,3,1,0.7000000000000001,19,0.0482816557063397,0.19497272707497038
1158,3,2,0.9,14,0.03482912267576746,0.19381038232403872
1158,3,3,0.75,6,0.04108548092412822,0.19091850938187702
1158,3,4,0.75,4,0.06293619477603214,0.18344091431382348
1158,3,5,0.8,23,0.041659813129947224,0.21359266440684366
1158,3,6,0.65,12,0.03696667907077777,0.21689337433887199
1158,3,7,0.65,16,0.039504021611764105,0.22111953402577533
1158,3,8,0.8500000000000001,16,0.051165218880219576,0.1935043772258571
1158,3,9,0.8500000000000001,23,0.050643726680986836,0.2095457682425428
1158,3,10,0.8,12,0.028083192936785756,0.22120418590039514
1158,3,11,0.8500000000000001,22,0.03905262444909191,0.2148215502928873
1158,3,12,0.75,21,0.04150748141105615,0.21378636202675927
1158,3,13,0.75,17,0.03919063730765742,0.21683567330666248
1158,3,14,0.8500000000000001,16,0.04490822602873509,0.20562769392097197
1158,3,15,0.8,16,0.06047171356273937,0.21349118719152627
1158,3,16,0.8,16,0.05429073140526636,0.22112780559143924
1158,3,17,0.8,18,0.04560742735263771,0.1972401414994071
1158,3,18,0.65,9,0.03677479255451473,0.2179720311382302
1158,3,19,1.0,16,0.04665060796404193,0.19711391235024522
1158,3,20,0.9,11,0.05573393919379458,0.20599529802067315
1158,3,21,1.0,12,0.04726162693418694,0.20746325591859072
1158,3,22,0.9,13,0.03442091000346855,0.22015991985571792
1158,3,23,0.7000000000000001,21,0.03213818559128457,0.2189167984595692
1158,3,24,0.9500000000000001,19,0.03444283982545617,0.21416519364883568
1158,3,25,1.0,16,0.037800446013427705,0.21187976764184285
1158,3,26,0.75,14,0.051712819388770016,0.19678033856492336
1158,3,27,0.65,17,0.045448852442003924,0.22305248087115043
1158,3,28,0.7000000000000001,6,0.029238386439478046,0.20405822397800544
1158,3,29,0.6000000000000001,14,0.03221572359623157,0.20009316484239045
1158,3,30,0.8,21,0.04853696419985045,0.2045531890604871
1158,3,31,0.8,5,0.05197431966011824,0.20165190428903118
1158,3,32,0.55,12,0.03500598654004481,0.21727935764348097
1158,3,33,0.9500000000000001,12,0.053230698954553804,0.21193513128041183
1158,3,34,0.65,12,0.03650490152477688,0.22158117128163415
1158,3,35,0.8,23,0.039427716717600224,0.2126608357542716
1158,3,36,0.8,15,0.049442313822385106,0.20224418174202713
1158,3,37,0.75,9,0.03959170890970767,0.23264829445742052
1158,3,38,0.9,6,0.05819219786761911,0.2283029449502564
1158,3,39,0.75,22,0.03710336572700104,0.20677463580987843
1158,3,40,0.75,20,0.04515868297389917,0.21407467251968132
1158,3,41,0.65,8,0.048391983216258885,0.21201085542330508
1158,3,42,0.9,20,0.053414154521435005,0.20778453086574
1158,3,43,0.8500000000000001,20,0.04587996706778379,0.20627943925654085
1158,3,44,0.75,16,0.03449136990706389,0.21935723314174838
1158,3,45,0.8,17,0.030222102501608627,0.21815009617808678
1158,3,46,1.0,26,0.05267570344839374,0.2100012102353033
1158,3,47,0.8500000000000001,15,0.04213070389662337,0.2160221739913473
1158,3,48,0.8,2,0.08294773929817591,0.16247266014123857
1158,3,49,0.8,14,0.044121998971238766,0.2059619994054078
1158,3,50,0.65,12,0.051651681335278594,0.21335028239517795
1158,3,51,0.75,8,0.03606150042794265,0.20663049810543632
1158,3,52,0.8500000000000001,2,0.09274058061931854,0.16879688658698505
1158,3,53,0.8500000000000001,8,0.0649610388567121,0.22661016006597295
1158,3,54,0.65,14,0.035445015317473655,0.22889076854263218
1158,3,55,0.75,23,0.035997970043400704,0.19419441247131242
1158,3,56,0.9500000000000001,23,0.044926756015112555,0.20094755834120112
1158,3,57,0.65,13,0.04099717163260116,0.2241524356353633
1158,3,58,0.8,24,0.044934085713045364,0.20935061891222473
1158,3,59,0.9500000000000001,12,0.040516571889086736,0.19333500712700846
1158,3,60,0.75,2,0.040806294277324504,0.17722901541930147
1158,3,61,1.0,2,0.029442235237269816,0.1240381973294502
1158,3,62,0.75,16,0.041073907254308484,0.21388960345866248
1158,3,63,0.75,9,0.03490305397207561,0.20740512862806812
1158,3,64,0.7000000000000001,9,0.04247399394555934,0.2138310935923553
1158,3,65,0.75,14,0.03523620406410879,0.2042018849778607
1158,3,66,0.55,2,0.044286716448410805,0.1313154375171571
1158,3,67,0.65,8,0.028263483939951307,0.2241355610485072
1158,3,68,0.75,16,0.03701102683031602,0.20514247617170156
1158,3,69,1.0,12,0.042428869540240007,0.21880671327336917
1158,3,70,1.0,18,0.03931198328443567,0.20565081661805984
1158,3,71,0.7000000000000001,19,0.04088279204977663,0.21982730167815354
1158,3,72,0.7000000000000001,18,0.041045585808711364,0.22014291773197714
1158,3,73,0.55,21,0.03244111768377343,0.22619286104393152
1158,3,74,0.6000000000000001,13,0.04807116793095898,0.23071860990508747
1158,3,75,0.7000000000000001,18,0.04503738065148778,0.20131108353694666
1158,3,76,0.7000000000000001,14,0.036532994434005414,0.21332521748879718
1158,3,77,0.7000000000000001,17,0.04348458168516007,0.2218778334243554
1158,3,78,0.7000000000000001,20,0.041537071938425145,0.20559467640290166
1158,3,79,0.6000000000000001,9,0.05375617868575647,0.22243019413565435
1158,3,80,0.55,17,0.044302763864451984,0.22324322817632403
1158,3,81,0.75,15,0.0561431712872277,0.20345431728331487
1158,3,82,0.65,21,0.04142178933243311,0.2211749178083106
1158,3,83,0.8500000000000001,13,0.04936646729085896,0.19186784536499177
1158,3,84,0.75,17,0.054927658344695825,0.19884067171672604
1158,3,86,0.9500000000000001,9,0.02872253205936484,0.2235761669327263
1158,3,87,0.8,17,0.027346608764345737,0.2070475308404982
1158,3,88,0.8500000000000001,12,0.0571092657396726,0.17979743666315048
1158,3,89,0.6000000000000001,10,0.020470441365188857,0.2229288286224552
1158,3,90,0.6000000000000001,12,0.01621863570353421,0.21764343258721067
1158,3,92,0.55,12,0.05745071911456059,0.21746658021781642
1158,3,94,0.8500000000000001,18,0.0474744026340895,0.20315205836354877
1158,3,95,0.8500000000000001,19,0.047871379034034114,0.19912896049040119
1158,3,97,0.8,16,0.048543831726180015,0.17903013753821068
1158,3,98,0.6000000000000001,7,0.03080243400253142,0.21097634564395487
1158,3,99,0.75,23,0.03912091026820018,0.20495143687527384
1158,3,101,0.65,15,0.04039679639000286,0.21129030167513144
1158,3,102,0.7000000000000001,18,0.04161649902828456,0.20177715120201803
1158,3,103,0.9,15,0.0482297601876933,0.20344434259257732
1158,3,104,0.8,19,0.03652459403935934,0.2064605614423339
1158,3,105,0.5,8,0.03508037319290754,0.23425504280399534
1158,3,106,0.7000000000000001,12,0.03988947160557451,0.1924479169618218
1158,3,107,0.9500000000000001,14,0.04105682012005041,0.23180064505879416
1158,3,108,0.6000000000000001,16,0.0355540877839665,0.21729830900506894
1158,3,109,0.65,19,0.04363812031737551,0.20948302997950818
1158,3,110,0.8,9,0.044526360056180304,0.21445481209781658
1158,3,111,0.8,20,0.0501723557226627,0.20214463645508346
1158,3,112,0.7000000000000001,19,0.04385613776431477,0.2142836862294846
1158,3,113,0.9500000000000001,5,0.038154412554214055,0.18694528504111893
1158,3,114,0.7000000000000001,18,0.05192600717952333,0.20342812130481663
1158,3,115,1.0,17,0.0566099940538544,0.19414802449757243
1158,3,116,0.9,15,0.051080739688637744,0.21829497591135005
1158,3,117,0.7000000000000001,15,0.046595851084394305,0.2127853414724311
1158,3,118,1.0,16,0.05320347246301357,0.2076407606650321
1158,3,120,0.9,20,0.05100560744148166,0.2128476386392275
1158,3,122,1.0,19,0.0420906251919914,0.22098030110389588
1158,3,123,0.75,19,0.03760178050318624,0.19834792294754597
1158,3,124,0.75,12,0.04522709067090032,0.22032274284662776
1158,3,125,0.65,13,0.05417202064698169,0.2209897558122542
1158,3,126,0.65,18,0.0335552887028206,0.21235908723609598
1158,3,127,0.6000000000000001,16,0.04985112987752133,0.21004057618681496
1158,3,128,0.65,9,0.03787384402787994,0.23974415599893767
1158,3,129,0.7000000000000001,21,0.04574866970171645,0.20759283272835477
1158,3,133,0.9,18,0.03903031159177843,0.20649797062065667
1158,3,135,0.65,19,0.04687354698185909,0.22346768228572642
1158,3,137,0.6000000000000001,9,0.04810511249150167,0.19061709719199074
1158,3,146,0.6000000000000001,14,0.03801461414657417,0.20204603980650487
1158,3,149,0.8,14,0.04654189037062483,0.2053762088953626
1158,3,150,0.75,13,0.04405287286266625,0.2027689620534588
1158,3,151,0.5,10,0.040199901595745165,0.23068134441635796
1158,3,152,0.55,15,0.05248501117219738,0.20446309741758797
1158,3,153,0.65,15,0.04931883782252571,0.1985162693762233
1158,3,159,0.8500000000000001,14,0.043564780834355187,0.22560142040860978
1158,3,167,0.8,20,0.04651304088818315,0.21577173970041583
1158,3,168,0.7000000000000001,22,0.04129294090103246,0.20271632506085294
1158,3,176,0.6000000000000001,9,0.03786984902346035,0.22662742512121728
1158,3,188,0.6000000000000001,14,0.044549876038768435,0.21900863558977804
1158,3,201,0.9,12,0.03617961156249643,0.23467035398660777
1158,3,204,0.7000000000000001,15,0.04771884938202706,0.22227039867983048
1158,3,206,0.6000000000000001,10,0.0265356991715561,0.24471572137342407
1158,3,216,0.55,10,0.03775451007462921,0.23981678442142657
1158,3,231,0.55,12,0.04940398835067208,0.22074596243020791
1158,3,244,0.6000000000000001,11,0.05211603833926998,0.2144959670220462
1158,3,248,0.8500000000000001,16,0.04771007210115607,0.22292263687250408
1158,3,250,0.6000000000000001,9,0.0341215960257549,0.21650677756236758
1158,3,269,0.55,9,0.03421367521982736,0.21726206863762157
1158,3,279,0.6000000000000001,14,0.05429088969640998,0.20726547358345224
1158,3,290,0.45,14,0.031909678817306435,0.21647752425647257
1158,3,304,0.7000000000000001,18,0.03632005333448652,0.22795195477324187
1158,3,309,0.8,13,0.0510713004089918,0.22348261033163536
1158,3,315,0.55,8,0.043522986743620797,0.22991335807518576
1158,3,325,0.7000000000000001,16,0.04435354237771239,0.21747104135905398
1158,3,346,0.65,23,0.035257038533328657,0.2208367358574279
1158,3,354,0.7000000000000001,12,0.039970426235112426,0.20279431975088813
1158,3,397,0.6000000000000001,8,0.062296190895176004,0.21781062115804806
1158,3,407,0.8500000000000001,20,0.04880479008513759,0.21885508589911468
1158,3,411,0.8,19,0.041233773139543566,0.22216326495372715
1158,3,437,1.0,9,0.034746104712411394,0.2488432576132699
1158,3,449,0.5,12,0.04050791718225641,0.2068894554968939
1159,4,0,0.75,11,0.033385768333706156,0.207627537521354
1159,4,1,0.6000000000000001,14,0.03171645081383428,0.21578750920633594
1159,4,2,0.75,26,0.03315198355964414,0.20675944830243173
1159,4,3,0.9500000000000001,19,0.038496716397393015,0.18642078781972762
1159,4,4,0.6000000000000001,2,0.05511726005851733,0.16117029124433427
1159,4,5,1.0,14,0.04059812342802939,0.21276789243672642
1159,4,6,0.9500000000000001,9,0.04323827708129511,0.20244431281133227
1159,4,7,0.55,7,0.03716340915024303,0.21824588831108674
1159,4,8,0.65,21,0.03212029952178022,0.2002012001079938
1159,4,9,0.9,20,0.03813554537317297,0.20006386814725224
1159,4,10,0.9,19,0.0492765338547299,0.1895905913442835
1159,4,11,0.9,4,0.05182613931973237,0.19343524127801948
1159,4,12,0.8,19,0.042435351694094015,0.1988564004521897
1159,4,13,0.55,8,0.021447786455069028,0.20472434871058937
1159,4,14,0.75,20,0.03799509590311801,0.1963160652693557
1159,4,15,0.55,8,0.013101613926216928,0.20982455787641102
1159,4,16,1.0,8,0.039696773302913706,0.1892497977906786
1159,4,17,0.65,11,0.03441063916916811,0.22117154748775664
1159,4,18,0.8,19,0.0406377642465209,0.19543368561730964
1159,4,19,0.65,13,0.038339619966372314,0.19810832258498606
1159,4,20,0.65,9,0.044199428312931686,0.19628886429753195
1159,4,21,1.0,10,0.028905092044607304,0.18599300794011114
1159,4,22,0.8,23,0.0359750534688898,0.20359695409011652
1159,4,23,0.9500000000000001,19,0.04111957438721734,0.2176441313814665
1159,4,24,0.8,15,0.0374507259681223,0.20361463437087465
1159,4,25,0.7000000000000001,23,0.0384090647087819,0.2012116788885537
1159,4,26,0.7000000000000001,21,0.04141590788224653,0.19739729917051163
1159,4,27,0.8,22,0.03715122067147395,0.20233809326342247
1159,4,28,0.8500000000000001,2,0.09584950626507992,0.1899723387499547
1159,4,29,0.9,14,0.016726916387273576,0.19491561286718412
1159,4,30,1.0,10,0.028542545696369107,0.17623862419149436
1159,4,31,0.75,31,0.03923414416146088,0.20527165274934758
1159,4,32,0.75,23,0.03860379573620272,0.2004348725263667
1159,4,33,0.8,18,0.04431834530230919,0.20402303885356995
1159,4,34,0.8500000000000001,21,0.04419881160771649,0.19928217339344878
1159,4,35,0.7000000000000001,9,0.01985951905890399,0.18886148571767958
1159,4,36,0.45,11,0.04365923061451453,0.21489568413422966
1159,4,37,1.0,5,0.05635641688614488,0.19430657171660476
1159,4,38,0.8,21,0.04275363195389185,0.19325255097137295
1159,4,39,1.0,20,0.039592932473017935,0.21404274580891847
1159,4,40,0.8,22,0.03670512462506443,0.1991860597305712
1159,4,41,0.9500000000000001,14,0.03989143145972024,0.20004387760113904
1159,4,42,0.65,13,0.04509928784474307,0.21020004851413632
1159,4,43,0.9,18,0.031912640803900126,0.19578449929687053
1159,4,44,1.0,13,0.044473950958568785,0.2169746143890432
1159,4,45,1.0,14,0.027657853132912434,0.21263452617376505
1159,4,46,0.75,9,0.026826470678446988,0.19998212907204743
1159,4,47,0.8500000000000001,19,0.028838715230837277,0.2056374723092114
1159,4,48,0.65,11,0.040120355268229914,0.21387880183554211
1159,4,49,0.9500000000000001,10,0.03240948153522095,0.16879874156694627
1159,4,50,1.0,19,0.03389195235915258,0.20529611469825707
1159,4,51,0.6000000000000001,21,0.03148075996781878,0.20027032372823134
1159,4,52,0.6000000000000001,6,0.029781709035169603,0.1984007776166107
1159,4,53,0.75,15,0.038691170536198104,0.2095423017235213
1159,4,55,1.0,15,0.0317888962244418,0.20065362637249162
1159,4,56,0.7000000000000001,24,0.035596583163395173,0.20688746811990688
1159,4,57,0.9,9,0.03452358012847013,0.20648022134263921
1159,4,58,0.8,12,0.03147081927943034,0.1938735874216823
1159,4,59,0.9500000000000001,19,0.027342960836080846,0.21170584406251547
1159,4,60,0.75,16,0.02779041325113174,0.21214244290878903
1159,4,61,1.0,20,0.040477813083189186,0.19273152833342563
1159,4,62,0.8500000000000001,16,0.021695991940652987,0.20769488335338923
1159,4,63,0.7000000000000001,15,0.044181285931617555,0.21804890706102248
1159,4,64,0.8500000000000001,15,0.0367787360035411,0.1976894488950699
1159,4,65,0.65,3,0.010239043522801798,0.20886835479328472
1159,4,66,1.0,13,0.03531717778803232,0.19206218928316468
1159,4,67,0.55,4,0.03372368378597698,0.20768174486337734
1159,4,68,0.75,19,0.030774726839212736,0.19222501140951312
1159,4,69,0.8,10,0.041752855659674605,0.21199119535902017
1159,4,70,0.9500000000000001,11,0.03741616156995864,0.20362688788212527
1159,4,71,0.9,15,0.03438023192616796,0.2057062018896909
1159,4,72,0.75,16,0.037893795420568546,0.20912394486476787
1159,4,73,0.7000000000000001,22,0.0317807928977728,0.2157459550053412
1159,4,74,0.7000000000000001,23,0.04196091822925421,0.20217375184531242
1159,4,75,0.8,3,0.019442715838594377,0.1957511596225705
1159,4,76,0.9,18,0.03530096876869647,0.20370123009678393
1159,4,77,0.55,16,0.03583050769389223,0.2098073185641119
1159,4,78,0.65,8,0.04215703419106779,0.22295233214743498
1159,4,79,1.0,13,0.049551053853421505,0.19140813514900296
1159,4,80,1.0,12,0.045767450550941294,0.20941668855763007
1159,4,81,0.8,17,0.032624661080766844,0.21821827912907815
1159,4,82,0.6000000000000001,11,0.02560546681518995,0.22129801615517247
1159,4,83,1.0,22,0.04001597223131502,0.19786284520632338
1159,4,84,1.0,6,0.03339937739815331,0.17993000838749906
1159,4,85,0.8,15,0.03240785124784701,0.21699383547696696
1159,4,86,0.8500000000000001,17,0.03354175241921841,0.20190964857244048
1159,4,87,1.0,24,0.03873716146882989,0.2023431023593337
1159,4,88,0.6000000000000001,11,0.052446078425475696,0.22062938230381102
1159,4,89,0.65,17,0.04401984745877938,0.21238520036475275
1159,4,90,0.7000000000000001,10,0.048046345759384074,0.19518524189020675
1159,4,91,0.8500000000000001,2,0.11689566799573167,0.20485422242764736
1159,4,92,0.75,3,0.02573573280402178,0.15065183698501292
1159,4,93,1.0,15,0.031407298505392596,0.19834565393243167
1159,4,94,0.7000000000000001,22,0.03612419203463353,0.20962703374842964
1159,4,95,0.9,6,0.06846947583239259,0.1833920134086683
1159,4,96,0.8,16,0.04470508605584751,0.21153195362130084
1159,4,97,0.75,6,0.052449462347029574,0.1827336470708636
1159,4,98,0.5,16,0.03943964521795647,0.2134086030497775
1159,4,99,0.6000000000000001,21,0.03538864396294032,0.21312825694928478
1159,4,100,1.0,16,0.04011599168425935,0.21585284609420474
1159,4,101,0.75,12,0.02280058734097674,0.19866559213907622
1159,4,102,1.0,14,0.02270596339325584,0.20177393562147625
1159,4,103,0.65,15,0.02875977483718012,0.21198519819177075
1159,4,104,0.8500000000000001,3,0.052119220124805875,0.15147635148228547
1159,4,105,0.65,13,0.04837381192873447,0.2041774477360818
1159,4,106,0.65,15,0.030966968755537193,0.20564948446871303
1159,4,107,0.8500000000000001,12,0.03879427930700417,0.20112340390743166
1159,4,108,0.9500000000000001,15,0.04808820068908123,0.20483897966068768
1159,4,109,0.8,11,0.029384569155993148,0.19980315298762427
1159,4,110,1.0,8,0.05751147490277335,0.21111244580609476
1159,4,111,0.7000000000000001,10,0.03269041489671786,0.21298839103031378
1159,4,112,0.55,21,0.03130233354668023,0.1996686048419479
1159,4,113,0.5,10,0.029004692945593994,0.20748950766381213
1159,4,114,0.8,14,0.03257848170912171,0.20683348678482713
1159,4,115,0.6000000000000001,17,0.03149049076580667,0.19510186627115023
1159,4,116,0.7000000000000001,13,0.03388228720899525,0.21561446569976409
1159,4,117,0.6000000000000001,19,0.038199518159472194,0.2213514918483671
1159,4,118,0.6000000000000001,11,0.04252371045720597,0.22533337683077104
1159,4,119,0.9500000000000001,19,0.03467915539097351,0.19386673392108078
1159,4,120,0.6000000000000001,9,0.04000086362035392,0.212498550926579
1159,4,123,0.8,10,0.05281895433226075,0.21387208981525146
1159,4,125,0.75,19,0.0338782840194146,0.1936306962423009
1159,4,127,0.8,21,0.0419977920371096,0.2132504502539093
1159,4,128,0.8,17,0.03275464400079655,0.21929296004635396
1159,4,129,0.8,21,0.044753208814275254,0.19528712953907565
1159,4,130,0.7000000000000001,26,0.040101400567446245,0.20436424443407963
1159,4,133,0.55,7,0.03783066089973429,0.19357334848136604
1159,4,134,0.8500000000000001,18,0.02770943651357578,0.20550621186063772
1159,4,136,0.6000000000000001,12,0.04272348686651077,0.20077354894947771
1159,4,138,0.9,19,0.03378002060572535,0.20264917627875775
1159,4,139,0.7000000000000001,20,0.05092333356814869,0.20808535839735298
1159,4,140,0.8,21,0.030696371981878905,0.20370352446920986
1159,4,141,0.8,3,0.041561992367846766,0.2528787068874971
1159,4,143,0.7000000000000001,13,0.03947229636592449,0.20765824114336062
1159,4,145,1.0,19,0.035238411652127016,0.19953646921812696
1159,4,146,0.6000000000000001,10,0.027705162097370246,0.21458203106181695
1159,4,147,1.0,17,0.03920969737157864,0.22154256537414022
1159,4,148,0.6000000000000001,10,0.029986567629469992,0.21374671939200574
1159,4,149,0.6000000000000001,18,0.036243890129671184,0.213219063426106
1159,4,152,0.45,7,0.03157493334851084,0.21263388140426384
1159,4,154,0.8,21,0.04141685062867968,0.1912277877048813
1159,4,170,0.65,14,0.024619094326741222,0.21165958921883807
1159,4,186,0.9500000000000001,17,0.03349043937491494,0.20927768428491753
1159,4,190,0.5,12,0.029990199849462575,0.2268850806225855
1159,4,202,0.6000000000000001,6,0.0234507166855081,0.2082146026732057
1159,4,203,0.9,14,0.036555581906914894,0.20680801002026278
1159,4,206,0.6000000000000001,9,0.04967916358070712,0.20436756143046522
1159,4,211,1.0,15,0.028184638444460064,0.20149315628876222
1159,4,212,0.6000000000000001,6,0.021595408894333142,0.21927674982910625
1159,4,213,0.65,13,0.04175094542062539,0.19790011703512247
1159,4,233,0.65,15,0.03884043712777355,0.21715985745885416
1159,4,287,0.65,18,0.03523219573223975,0.2090574466169853
1159,4,300,0.6000000000000001,17,0.04226601770478276,0.2183413319447467
1159,4,304,0.6000000000000001,9,0.045641268883524724,0.20926303822230408
1159,4,312,0.8,22,0.03490537968819124,0.21406824645906528
1159,4,346,0.8,17,0.043644466887385366,0.20549236169855914
1159,4,367,0.6000000000000001,13,0.0362798851269184,0.20738634984803836
1159,4,389,0.5,7,0.036667237017027426,0.2258715540299517
1159,4,394,0.55,16,0.03537747804068904,0.19790585732522092
1159,4,404,0.55,8,0.0159136413947695,0.21358470868641904
1159,4,442,0.75,24,0.03600667984614614,0.20287029912274993
1160,0,0,0.75,3,0.00872938568305595,0.11398225101101471
1160,0,1,0.9,7,0.021488514042818943,0.1363284180290907
1160,0,2,0.55,12,0.07448028500822776,0.20290609124119666
1160,0,3,0.6000000000000001,12,0.05981144528040817,0.20861112214465186
1160,0,4,0.8500000000000001,10,0.04225595578653152,0.2081570602265915
1160,0,5,0.75,5,0.03080040282370544,0.14980363508917469
1160,0,6,0.8,13,0.05883356032219804,0.18986559563964195
1160,0,7,0.8500000000000001,10,0.05461767252680555,0.16531931542098313
1160,0,8,0.65,13,0.05053331608068568,0.19141015421315205
1160,0,9,0.75,11,0.06725478155224962,0.18570081570440103
1160,0,10,0.55,11,0.059606519340592454,0.20633020680711844
1160,0,11,0.55,6,0.0515267141952302,0.1812478530200811
1160,0,12,0.65,9,0.049688885567138776,0.16877017121654225
1160,0,13,0.7000000000000001,13,0.06053254048059284,0.1852285067027425
1160,0,14,0.5,6,0.06061337926694138,0.1852707516363219
1160,0,15,0.9500000000000001,3,0.030405364797534796,0.13991662312119202
1160,0,16,0.8500000000000001,12,0.0565012858982194,0.21411474650036924
1160,0,17,0.6000000000000001,12,0.0494563355270092,0.18755461139338517
1160,0,18,0.8,12,0.05596296832566345,0.19058842764374875
1160,0,19,0.9500000000000001,8,0.0236633980966533,0.14358842127050814
1160,0,20,0.9,3,0.022480608775570753,0.12550172970465573
1160,0,21,0.8,7,0.0789715305186722,0.17386235563864802
1160,0,22,0.8500000000000001,6,0.06649948300606136,0.1735532406968059
1160,0,23,0.8500000000000001,3,0.005854754023076241,0.10984273910613102
1160,0,24,0.6000000000000001,12,0.06754940663781184,0.1985944046354543
1160,0,25,0.9500000000000001,14,0.05210714550689953,0.17598816115140756
1160,0,26,0.8,14,0.054900269333977354,0.21007364203362294
1160,0,27,0.5,10,0.06387963117181109,0.20598259048702672
1160,0,28,0.65,11,0.05345681542428554,0.23363132514139373
1160,0,29,0.75,7,0.03676491989002332,0.1489140686445173
1160,0,30,0.55,9,0.06346266482362235,0.2114375942273147
1160,0,31,0.9,8,0.06860964080839643,0.1878620505255685
1160,0,32,0.75,7,0.05038125700299733,0.15251379227011838
1160,0,33,0.8500000000000001,11,0.07127739632239594,0.20994843062654825
1160,0,34,0.8,6,0.06978309201891043,0.1888020012707293
1160,0,35,0.75,9,0.050085451531988706,0.14777437782029568
1160,0,36,0.55,14,0.05111131942529397,0.20064626764438484
1160,0,37,1.0,8,0.06579996278274491,0.19653573699220186
1160,0,38,1.0,9,0.047817559803998516,0.1771928811300182
1160,0,39,0.9500000000000001,9,0.053495880129198856,0.16900629185186386
1160,0,40,0.9500000000000001,9,0.06428167357813701,0.1805442285695036
1160,0,41,0.55,9,0.04179929281821132,0.19345028528845132
1160,0,42,0.6000000000000001,9,0.0710295712974613,0.19819697992730123
1160,0,43,0.9500000000000001,2,0.023630359997082965,0.13325953271745017
1160,0,44,0.9500000000000001,7,0.026028836299887313,0.13843650378013542
1160,0,45,0.65,9,0.03893082447096444,0.1411085737852481
1160,0,46,0.8,16,0.05971527209158627,0.18373253385121097
1160,0,47,0.7000000000000001,5,0.05852006751779234,0.16093572720552674
1160,0,48,0.45,11,0.04177722263315545,0.19795601608014898
1160,0,49,0.9500000000000001,3,0.004713267455606093,0.11227242532757019
1160,0,50,0.6000000000000001,12,0.06217184622070601,0.19891344472460779
1160,0,51,0.6000000000000001,11,0.04032934491993928,0.157392907936057
1160,0,52,0.75,4,0.06577476563001157,0.17215233258446677
1160,0,53,0.65,14,0.05996748427114502,0.19200118051769338
1160,0,54,0.65,5,0.049299759756644156,0.15308814588605799
1160,0,55,0.9,2,0.005105169994542345,0.10360990032225098
1160,0,56,0.9,4,0.007792848711393059,0.11716432858220498
1160,0,57,0.9500000000000001,9,0.0677942141512897,0.1988858722944096
1160,0,58,0.55,13,0.0588690455157042,0.21355790420689358
1160,0,59,0.6000000000000001,9,0.06002675176564981,0.1715569348845864
1160,0,60,0.9,11,0.04472823936981495,0.15280929843737995
1160,0,61,0.8500000000000001,8,0.061836168174354236,0.18045516580259957
1160,0,62,0.75,8,0.05351352352162738,0.19876935911688903
1160,0,63,0.9,6,0.03876312557945013,0.1497121175564159
1160,0,64,0.55,10,0.060309301620170196,0.20265524923810524
1160,0,65,0.5,12,0.05512021861179333,0.22536340048544745
1160,0,66,0.8500000000000001,20,0.06045518210565668,0.17963854579329447
1160,0,67,0.65,8,0.05025268292524579,0.19922322709083706
1160,0,68,0.9,10,0.05421974478774925,0.16646655097355278
1160,0,69,1.0,9,0.039586055131192524,0.14565481000077438
1160,0,70,0.55,2,0.006434493342286505,0.11176967452033246
1160,0,71,0.9,2,0.00407157158258005,0.1028790358761288
1160,0,73,0.75,9,0.0476926110553323,0.18072477391713507
1160,0,74,0.9500000000000001,6,0.06297420560901525,0.2017595598297075
1160,0,75,0.5,14,0.04342596053330116,0.22985794982685187
1160,0,76,0.55,8,0.05247754396753684,0.21113909621872506
1160,0,78,0.65,11,0.04871480081431786,0.20249635496951743
1160,0,79,0.8,5,0.06998467809003914,0.1720136249679637
1160,0,81,0.7000000000000001,6,0.016834820796805157,0.11591466490556492
1160,0,82,0.75,8,0.04581169056049112,0.17461538831504086
1160,0,85,0.7000000000000001,9,0.03066437470702461,0.15274859769564064
1160,0,87,0.8,8,0.05750466666083765,0.1528088506874598
1160,0,88,0.75,10,0.05838297419979236,0.1902589530442868
1160,0,89,0.65,16,0.06678362279334038,0.20496588101958457
1160,0,91,0.65,8,0.05179440025357832,0.19344655734196117
1160,0,92,0.75,11,0.034510621435061874,0.15361965223199833
1160,0,93,0.8,11,0.06563499561752352,0.18544393954620453
1160,0,94,0.6000000000000001,6,0.03124612293944164,0.20753007304438656
1160,0,95,0.5,5,0.06696095745900676,0.19334233644989027
1160,0,96,0.55,6,0.04486797090386893,0.21469946643650636
1160,0,99,1.0,13,0.0432383617528541,0.18065633854482005
1160,0,101,0.9500000000000001,7,0.024100618331599145,0.13617017828457842
1160,0,102,0.55,6,0.06771427187963228,0.18423958543046923
1160,0,104,0.6000000000000001,10,0.05008987548745554,0.17516839103496287
1160,0,105,0.55,13,0.06206186296809694,0.1955386798482309
1160,0,106,0.7000000000000001,12,0.062462623395916114,0.1969906935354555
1160,0,109,0.6000000000000001,12,0.06242991693107818,0.21487049917739695
1160,0,110,0.55,11,0.053243328186620024,0.20557240103674285
1160,0,111,0.75,13,0.03788454741692997,0.21358469309866976
1160,0,112,0.55,10,0.06298136061475301,0.2309937642398919
1160,0,114,0.55,11,0.05765859780218413,0.20556173694364646
1160,0,115,0.7000000000000001,12,0.07129170919335838,0.2056893243394726
1160,0,116,0.5,10,0.05161319887405268,0.2258713888694915
1160,0,117,0.9,5,0.024601331203686256,0.1258037704356217
1160,0,118,0.9,10,0.04296815501421628,0.18665970385436842
1160,0,119,0.9500000000000001,4,0.05894637685444061,0.1565716428463042
1160,0,120,0.65,8,0.0609995903089721,0.17797723177748395
1160,0,122,0.8,10,0.043656335526208116,0.15415353574544732
1160,0,124,1.0,15,0.051061702764314154,0.17518372341973237
1160,0,125,0.55,10,0.04585416909404613,0.16692217425989625
1160,0,126,0.7000000000000001,11,0.07189378893640386,0.1775931005663397
1160,0,127,0.55,10,0.056674216276733816,0.19233151643036997
1160,0,129,0.9,13,0.04316513409516148,0.15291415697855715
1160,0,130,0.8,18,0.06015951133721476,0.1985863134939385
1160,0,134,0.5,11,0.04606974933994268,0.15994872747953767
1160,0,135,0.7000000000000001,10,0.051648552470697176,0.19001684478907263
1160,0,136,0.8,13,0.057695499495468004,0.18438145080420731
1160,0,141,0.5,9,0.056208315825557624,0.1754861387283594
1160,0,142,0.5,6,0.044693591739944284,0.22085826968052927
1160,0,144,0.8,5,0.06275231757898296,0.1927661389797522
1160,0,145,0.7000000000000001,11,0.05523524585463032,0.18073482677937494
1160,0,147,0.7000000000000001,13,0.0538228089617811,0.17929702194058625
1160,0,150,0.6000000000000001,8,0.03712743050961373,0.15149543469221038
1160,0,151,0.75,15,0.050586075502717084,0.16044933927510288
1160,0,153,0.6000000000000001,8,0.04660972588318892,0.1724229423302711
1160,0,154,0.55,6,0.05769234350633807,0.22761086453455195
1160,0,155,0.8,9,0.06733938415365928,0.19486461119807608
1160,0,156,0.5,14,0.05120182753063624,0.2223364216206954
1160,0,157,0.75,9,0.0598880336310629,0.16785248751898305
1160,0,158,0.9500000000000001,11,0.06923627125279136,0.20264387390237362
1160,0,159,0.65,8,0.04771406812350917,0.23347713077668864
1160,0,160,0.7000000000000001,8,0.05287984598862958,0.151208080578399
1160,0,161,0.7000000000000001,12,0.061527172755200296,0.1960409003598118
1160,0,162,0.7000000000000001,12,0.06066695712672615,0.21302541996633037
1160,0,163,0.55,15,0.05406246663255558,0.20685084165496487
1160,0,164,0.6000000000000001,11,0.06767670991966752,0.1953686585441699
1160,0,166,0.55,12,0.0447489980341413,0.20314488544587603
1160,0,167,0.7000000000000001,6,0.05287299265859393,0.1863644717408366
1160,0,172,0.5,10,0.047751328628272985,0.22920845284528285
1160,0,184,0.6000000000000001,8,0.06797386914682386,0.2236345422824405
1160,0,186,0.55,11,0.06463902764157603,0.1933789931532061
1160,0,187,0.5,9,0.05639308430135615,0.17463751578203018
1160,0,191,0.75,6,0.06472411389896186,0.20933519950594623
1160,0,194,0.8500000000000001,9,0.05380433619662849,0.20572927645043804
1160,0,195,0.45,6,0.041498011680988114,0.19175039883345224
1160,0,200,0.75,7,0.03127375866128173,0.1344257765949661
1160,0,201,0.65,11,0.05723995452623236,0.20494355418898402
1160,0,206,0.75,8,0.05623565897121387,0.19267790808172888
1160,0,209,0.65,14,0.06453201022512721,0.21088141167612542
1160,0,211,0.65,14,0.06234938573098814,0.2277944581446126
1160,0,213,0.8,6,0.05563287158580245,0.2294829551771834
1160,0,219,0.45,8,0.03964401223001358,0.2094294245502894
1160,0,221,0.55,7,0.06859481438742658,0.229661780345416
1160,0,235,0.7000000000000001,14,0.053132767885562975,0.19530870351619087
1160,0,239,0.65,4,0.05390926966021608,0.23375553549628972
1160,0,244,0.9500000000000001,10,0.05943466495404482,0.1943257134627811
1160,0,249,0.65,5,0.06962711820042812,0.19871116870262057
1160,0,257,0.65,6,0.04567923598491693,0.1617072336343827
1160,0,258,0.6000000000000001,10,0.06697842186717173,0.23090335599574954
1160,0,259,0.75,5,0.05356402021821999,0.18127285637762017
1160,0,263,0.65,15,0.05665652314327514,0.20399186150260024
1160,0,267,0.9500000000000001,8,0.06441442340065709,0.21048838695869848
1160,0,269,0.65,7,0.03992107213346632,0.21591698493228675
1160,0,281,0.45,8,0.06942636288870763,0.21503159272774972
1160,0,284,0.75,7,0.06383602177504506,0.2166917974924223
1160,0,289,0.6000000000000001,13,0.06997588534181032,0.19679494634631434
1160,0,291,0.6000000000000001,10,0.07140671247671167,0.20446106854261262
1160,0,304,0.8500000000000001,11,0.058541154402570246,0.2153124703347302
1160,0,305,0.6000000000000001,9,0.05147503512913787,0.22247009343942
1160,0,314,0.6000000000000001,9,0.0681693156303233,0.2214698791330412
1160,0,317,0.65,7,0.055075938370042925,0.203430604665042
1160,0,325,0.65,4,0.024780268377746,0.1536299596537257
1160,0,329,0.55,7,0.06277895412251779,0.178733452515723
1160,0,334,0.7000000000000001,8,0.06340269187364404,0.24475529275094832
1160,0,340,0.8,15,0.057237136468201735,0.20562807874832914
1160,0,342,0.7000000000000001,12,0.06653574438367715,0.20732349628350402
1160,0,347,0.6000000000000001,5,0.06499874034217867,0.17042817926380846
1160,0,352,0.55,11,0.0664882572703275,0.19556837169741292
1160,0,353,0.55,7,0.06306116683200419,0.18137876442067088
1160,0,355,0.55,6,0.05739350420070257,0.20834806226956828
1160,0,358,0.7000000000000001,11,0.06703171133719309,0.1870252225289616
1160,0,359,0.7000000000000001,6,0.05499936857216179,0.2085325257110385
1160,0,361,0.55,14,0.052785785277358256,0.22376396980905988
1160,0,371,0.55,10,0.0665293429440317,0.2037133972019014
1160,0,377,0.65,8,0.0487994907855592,0.21299647024728616
1160,0,381,0.6000000000000001,11,0.06488227955738336,0.23496676181787854
1160,0,383,0.55,8,0.05206966253888423,0.18456138902235794
1160,0,384,0.65,9,0.05847011698167356,0.19750732767222853
1160,0,387,0.75,6,0.03416306795193705,0.18310248740842505
1160,0,392,0.75,10,0.05911971591430196,0.19762095122736703
1160,0,394,0.65,10,0.05072361938491997,0.2216475902864768
1160,0,399,0.45,6,0.06502527901698286,0.19571421377652998
1160,0,400,0.65,6,0.029440184996017055,0.14929128042237563
1160,0,403,0.9,7,0.06931736447166334,0.20229099941457543
1160,0,408,0.45,8,0.05332021663366773,0.21134445060174392
1160,0,409,0.9500000000000001,12,0.051547459467934494,0.17150279489776668
1160,0,416,0.6000000000000001,9,0.04887570671726785,0.21642510401597337
1160,0,418,0.6000000000000001,9,0.041235859085744245,0.23700149127945716
1160,0,423,0.5,10,0.04765200236005789,0.2016367751335566
1160,0,425,0.7000000000000001,7,0.03818903232416142,0.20292477090825153
1160,0,436,0.6000000000000001,9,0.02209905748419572,0.24146072181749587
1160,0,439,1.0,9,0.06285927189301728,0.21527540284561583
1160,0,442,0.45,6,0.0658243721318648,0.21541549589823047
1160,0,445,0.8,15,0.06104930702647493,0.18004818846692142
1160,0,449,0.65,8,0.06240706346562852,0.20190573348329716
1160,0,451,0.55,17,0.051631189267720125,0.22166270828633747
1160,0,452,0.65,11,0.0426141529419723,0.22660891111133427
1160,0,453,0.65,12,0.06690260471338488,0.20233916124127363
1160,0,461,0.6000000000000001,13,0.047430197131761734,0.18112796748046153
1160,0,463,0.5,15,0.03901328041473782,0.22906984381488826
1160,0,465,0.75,15,0.060923619566679944,0.18072663964322289
1160,0,480,0.65,14,0.0513076477960035,0.17909441961718495
1160,0,490,0.7000000000000001,8,0.06353406766226329,0.21351866370539513
1160,0,492,0.8500000000000001,14,0.06391545997725015,0.2160717450547654
1160,0,493,0.65,7,0.03585671747633092,0.16790320233320397
1160,0,497,0.65,6,0.04249543320208205,0.19539037748551527
1160,0,498,0.5,10,0.053289619764379556,0.21266728937960103
1160,0,501,0.55,10,0.06567382325685232,0.2013568523587594
1160,0,503,0.5,9,0.05158054891342541,0.17564944303081817
1160,0,511,0.7000000000000001,8,0.052388944764473484,0.20014708964200412
1160,0,513,0.75,6,0.0679225349936109,0.2138284296769576
1160,0,519,0.75,6,0.06505422619162989,0.2097868486893313
1160,0,527,0.55,9,0.04025836892639596,0.22838945842057048
1160,0,529,0.65,12,0.05341395575093436,0.22881083978717087
1160,0,531,0.5,16,0.042732853397275186,0.21218818577884516
1160,0,532,0.55,11,0.04733700255542964,0.19852670272729728
1160,0,536,0.5,16,0.061216484183057425,0.1984913591165249
1160,0,543,0.55,15,0.053553917771346056,0.22896235475872853
1160,0,556,0.65,10,0.07520153960892301,0.19679012322602343
1160,0,561,0.8500000000000001,7,0.0445823041935899,0.2011717886184356
1160,0,564,0.55,6,0.0679336548685419,0.19814959496004017
1160,0,572,0.75,8,0.05434453189830565,0.18847227536585962
1160,0,573,0.55,10,0.044906750202536115,0.20923152194209127
1160,0,575,0.6000000000000001,13,0.06418214514424808,0.19512594498554622
1160,0,578,0.75,3,0.05228750009644279,0.17910689095604856
1160,0,580,0.6000000000000001,12,0.059454025346176526,0.21563826698737687
1160,0,586,0.75,15,0.047779669094352537,0.22424701437829173
1160,0,598,0.9500000000000001,5,0.04455528302877215,0.21443897462031652
1160,0,602,0.55,9,0.04575821377689734,0.19174594299987552
1160,0,610,0.7000000000000001,9,0.05761499105870521,0.22868799324265948
1160,0,611,0.55,15,0.06594719220188759,0.20139881542223442
1160,0,614,0.7000000000000001,12,0.05254304494442393,0.20041601972931442
1160,0,625,0.65,5,0.032843595050376505,0.1374130601734514
1160,0,626,0.7000000000000001,10,0.05506557385865338,0.20134546098299713
1160,0,629,0.65,8,0.047114637326620086,0.2023656306437792
1160,0,631,0.75,10,0.05826770386727846,0.2006980159535665
1160,0,632,0.5,11,0.04530463258852674,0.21474894696077812
1160,0,636,0.55,16,0.060407892622344056,0.2215574703373065
1160,0,638,0.5,14,0.061714002151735704,0.19664037442762658
1160,0,641,0.65,10,0.0686180866454681,0.22101433468463066
1160,0,643,0.55,7,0.058345317212005865,0.18256689911458812
1160,0,645,0.75,8,0.0344896248792206,0.21033833510726568
1160,0,653,0.55,7,0.06277860130869052,0.20148088337322653
1160,0,656,0.55,11,0.05958249485722667,0.18404919046116122
1160,0,660,0.6000000000000001,7,0.03874351096200892,0.16446849068071906
1160,0,666,0.55,10,0.0654652754310677,0.2182209975764236
1160,0,675,0.65,11,0.054913658519269944,0.2058888516301753
1160,0,687,0.55,10,0.04681213416336131,0.17567952494752032
1160,0,689,0.55,9,0.03321264742767499,0.1574201929311411
1160,0,690,0.5,13,0.06705206800420424,0.20044305517202407
1160,0,691,0.65,4,0.03995436414632188,0.22009959231265128
1160,0,692,0.55,9,0.06242410614087286,0.20569010231468832
1160,0,694,0.9,7,0.03936802868986432,0.14048384277263867
1160,0,695,0.7000000000000001,8,0.04749739352124243,0.1752099235889995
1160,0,697,0.75,5,0.06807806679609221,0.2253016949988788
1161,1,0,0.7000000000000001,8,0.03364744711934978,0.1955578614986343
1161,1,1,0.8,3,0.028643451759267257,0.1962959772354537
1161,1,2,0.8,12,0.024882446789098976,0.2097132751137231
1161,1,3,0.65,11,0.04113489508762565,0.19417461823159865
1161,1,4,0.5,14,0.04813311549761495,0.20985557305928618
1161,1,5,0.9,11,0.039069524786623275,0.1853801837182349
1161,1,6,0.8,5,0.0514489854652584,0.15749503781116186
1161,1,7,0.9,15,0.04389820002265138,0.2190093057451811
1161,1,8,0.6000000000000001,10,0.04410506309053513,0.2181376961570194
1161,1,9,0.8500000000000001,2,0.033729919385114895,0.1569993418950696
1161,1,10,0.9500000000000001,3,0.022403192759318364,0.18519342808855255
1161,1,11,0.9500000000000001,10,0.03651501404249458,0.21334467164819637
1161,1,12,0.8,13,0.05256802075478191,0.2031126524704295
1161,1,13,0.8500000000000001,12,0.038017741497207914,0.1816033134439933
1161,1,14,0.45,7,0.031980335297135495,0.20545967252045444
1161,1,15,0.7000000000000001,7,0.04032780288617346,0.17714065266361764
1161,1,16,0.5,6,0.03645042760045368,0.19974605521074992
1161,1,17,1.0,11,0.053147711516984275,0.20667466269951112
1161,1,18,0.75,9,0.05673547814052432,0.21324110482904693
1161,1,19,0.5,8,0.041238845203142534,0.18810831184189908
1161,1,20,0.75,14,0.04202135522867934,0.19085796656312543
1161,1,21,0.9,4,0.05306173648985543,0.16068267968337535
1161,1,22,0.6000000000000001,10,0.04329727603601034,0.215552905492895
1161,1,23,0.75,12,0.04055257704251027,0.17166711148088787
1161,1,24,1.0,10,0.027576074315825455,0.18703266771692967
1161,1,25,0.6000000000000001,12,0.03049888834380286,0.20881231122692537
1161,1,26,0.75,15,0.04910715642828595,0.19837176368722625
1161,1,27,0.65,7,0.03637863824492387,0.18224604372316452
1161,1,28,0.5,6,0.03934571794846889,0.21341965562341345
1161,1,29,0.65,10,0.023956644681474345,0.17006624969490666
1161,1,30,0.9500000000000001,3,0.05147323088724252,0.15561914672363406
1161,1,31,0.5,9,0.03488097949908099,0.1971450276688496
1161,1,32,0.9,9,0.05685646428546722,0.22090587888995822
1161,1,33,1.0,8,0.05844304841661257,0.18644802257767093
1161,1,34,0.65,12,0.040981349648173446,0.21653488727308537
1161,1,35,0.6000000000000001,12,0.052422499489477005,0.21628037233167677
1161,1,36,0.65,11,0.04391378669911185,0.18713368573918193
1161,1,37,0.55,13,0.0345386534137391,0.19862030746487894
1161,1,38,0.55,8,0.023598252717363502,0.19934862877076734
1161,1,39,0.7000000000000001,13,0.05165880658716729,0.19019232331838476
1161,1,40,0.8500000000000001,11,0.03751080829432688,0.17639038748556016
1161,1,41,0.5,9,0.023222416674763626,0.2026184005054606
1161,1,42,0.6000000000000001,9,0.025633396085921835,0.1967043345993537
1161,1,43,0.75,10,0.05574515995466037,0.18184262016763303
1161,1,44,0.7000000000000001,8,0.042837111524950636,0.18340732220652642
1161,1,45,0.8500000000000001,3,0.04507768432053088,0.16964960304053436
1161,1,46,0.65,9,0.052674401207104656,0.21044814134745848
1161,1,47,0.75,9,0.03522026910724463,0.1770993566101599
1161,1,48,0.55,11,0.03358401167345256,0.20022855284159463
1161,1,49,0.75,11,0.04439276145197935,0.19368223582164532
1161,1,50,0.9,8,0.03350936119253743,0.17622607019983835
1161,1,51,0.7000000000000001,9,0.030035647330525897,0.16396043429235047
1161,1,52,0.6000000000000001,9,0.04407649317187886,0.21297319146217134
1161,1,53,0.45,9,0.028327273745724926,0.21096902242142795
1161,1,54,0.75,9,0.04287764668837991,0.19362757485696747
1161,1,55,0.7000000000000001,14,0.04868508602423364,0.2315268201094816
1161,1,56,0.9500000000000001,2,0.014789656122746637,0.17291951595849042
1161,1,57,0.55,7,0.03670005328754587,0.16203255649508336
1161,1,58,0.55,10,0.025773661135070385,0.20637355671166663
1161,1,59,0.65,12,0.04958757510563701,0.19699318035409338
1161,1,60,0.7000000000000001,8,0.030885187562452933,0.20940790178725044
1161,1,61,0.7000000000000001,12,0.03792981829722381,0.21390468364109871
1161,1,62,0.45,12,0.04384953040098003,0.20646311604458775
1161,1,63,0.7000000000000001,7,0.045653890067929886,0.21833630204211613
1161,1,66,0.65,13,0.04363899272456188,0.20235849797754674
1161,1,67,0.7000000000000001,11,0.05150119926261072,0.19722150183340154
1161,1,68,0.7000000000000001,10,0.042814865791983965,0.18716623991299935
1161,1,69,0.8,10,0.02637726685750679,0.17586691721321068
1161,1,70,0.55,8,0.034465084506701923,0.21866345040637822
1161,1,71,0.6000000000000001,8,0.024627441445605833,0.20836431742504966
1161,1,72,0.5,12,0.03957099063241194,0.19694772982038486
1161,1,73,0.8,12,0.053141477274567084,0.20396265457387497
1161,1,74,0.6000000000000001,10,0.04411774418147588,0.18700409759528
1161,1,75,0.65,15,0.05223117917947273,0.18800981016670298
1161,1,76,0.9500000000000001,12,0.04254495267681211,0.20800002322316255
1161,1,77,0.6000000000000001,9,0.04389835645425444,0.18553841914791272
1161,1,78,0.8500000000000001,10,0.04205204412050659,0.16746842173217052
1161,1,79,0.65,14,0.038480332957322144,0.20087552028064357
1161,1,80,0.65,10,0.03653184375412787,0.1883126531448502
1161,1,81,1.0,11,0.048255954405918886,0.18976594946377892
1161,1,82,0.7000000000000001,12,0.03834236533045217,0.1984824470329936
1161,1,83,0.75,6,0.05498581246981433,0.1996819776277857
1161,1,85,0.65,8,0.038800655250496155,0.21857789459063584
1161,1,86,0.9500000000000001,7,0.036717722211079926,0.18671378094512145
1161,1,87,0.8,14,0.04661000398382051,0.20139235112708387
1161,1,88,0.9,10,0.018466709048762346,0.21529658202683954
1161,1,90,0.65,8,0.04067241389313099,0.18882283291540955
1161,1,91,0.45,8,0.030611019038524104,0.16833499519764977
1161,1,92,1.0,9,0.04458722060066603,0.18249344957531155
1161,1,93,0.65,7,0.052446090134450396,0.1913197439937931
1161,1,95,0.55,10,0.034973722912266615,0.2152615904973147
1161,1,96,0.8,8,0.04216693887024484,0.20501003762397002
1161,1,97,0.55,9,0.03562741109901266,0.20132107400601473
1161,1,100,0.7000000000000001,11,0.03470186788131955,0.19138221146353984
1161,1,102,0.65,13,0.03905203240106168,0.18212324675340888
1161,1,103,0.75,11,0.04471237305383407,0.18168228824620758
1161,1,104,0.8500000000000001,12,0.04015886576525688,0.18099145417989196
1161,1,105,0.75,11,0.06164646852435873,0.1991101650641027
1161,1,106,0.8,12,0.046219174984666905,0.18282298866974578
1161,1,107,0.65,17,0.03382545275930795,0.1864805477918562
1161,1,108,0.75,11,0.028137124963218955,0.192333377734499
1161,1,110,0.8,6,0.055665200411818355,0.18782605164269586
1161,1,112,0.45,13,0.02229054069099767,0.19849044581141714
1161,1,113,0.7000000000000001,7,0.05193866374873196,0.16630801258329683
1161,1,114,0.55,11,0.044082155159304845,0.21779108929027904
1161,1,115,0.55,5,0.034201205601353354,0.15576037368563417
1161,1,119,0.75,8,0.03560808135310251,0.1667264337241361
1161,1,120,0.75,13,0.04611842066726449,0.2107202125560195
1161,1,121,0.5,8,0.06271905580619898,0.19205518547858988
1161,1,124,0.7000000000000001,10,0.055265519518071404,0.18644206643795186
1161,1,125,0.45,6,0.01769111401582177,0.20659077282071203
1161,1,126,0.55,9,0.024088035755309923,0.1754672484911464
1161,1,128,0.6000000000000001,8,0.027684050499486607,0.20375077414756781
1161,1,130,0.8500000000000001,10,0.048352245386791184,0.20577587790039353
1161,1,131,0.6000000000000001,17,0.03975269965644612,0.21172039982222163
1161,1,132,0.75,9,0.026851973455425605,0.20570396664240542
1161,1,134,0.55,13,0.03841870894411676,0.21402727078846995
1161,1,136,0.55,11,0.04420312591451603,0.18752689135294534
1161,1,140,0.55,11,0.031471365072102575,0.2173655263782126
1161,1,141,0.6000000000000001,12,0.029439260183480392,0.19740517996393214
1161,1,144,1.0,13,0.031097483701022076,0.20555908229446304
1161,1,147,0.7000000000000001,13,0.03216344361534027,0.22410317457276246
1161,1,148,0.75,12,0.03735842555958018,0.21355800060659258
1161,1,149,0.55,9,0.03622532241814787,0.21423169385034616
1161,1,157,0.8,15,0.0495032476106434,0.19800551647382972
1161,1,161,0.6000000000000001,10,0.03650598742593652,0.2137553304978018
1161,1,163,0.5,10,0.03011927002983216,0.2000877696376291
1161,1,166,0.8,11,0.04282460997982147,0.18359097313093112
1161,1,169,0.55,10,0.046455279758197646,0.21236626998229152
1161,1,176,0.6000000000000001,14,0.03307194799409446,0.18347925747103713
1161,1,177,0.8500000000000001,9,0.05235556549051687,0.21241540892477945
1161,1,182,0.75,12,0.020124168105129365,0.2094705129217335
1161,1,188,0.65,9,0.052117719614994146,0.20833943115663944
1161,1,191,0.65,13,0.04730947466845767,0.21571200664113957
1161,1,193,0.6000000000000001,15,0.039851804685444615,0.20768608227228716
1161,1,194,0.55,11,0.031758003795487016,0.22038693853033517
1161,1,195,0.6000000000000001,5,0.038551381236148374,0.18858430597349693
1161,1,197,0.65,8,0.034627458280336136,0.19193567687687185
1161,1,198,0.45,10,0.040959540469403796,0.20582962586521397
1161,1,203,0.8500000000000001,9,0.026996776754271732,0.1887582639727402
1161,1,205,0.55,10,0.04151338661031387,0.1856549287604261
1161,1,210,0.5,11,0.03024774204012612,0.18402563982983733
1161,1,215,0.45,12,0.025788216559189343,0.23347664597076642
1161,1,220,0.7000000000000001,11,0.03766606066877127,0.18508456562206785
1161,1,221,0.55,13,0.04108771939406513,0.2228192200881782
1161,1,223,1.0,6,0.05237670036752616,0.21460996949311437
1161,1,229,0.65,11,0.04516419277924386,0.20113900036893673
1161,1,230,0.55,13,0.041719008546447944,0.21563419249426433
1161,1,236,0.6000000000000001,10,0.05015100763372924,0.21323357610337043
1161,1,238,0.55,8,0.024772252952396122,0.1976637789009281
1161,1,242,0.55,12,0.039819053660413294,0.20340086149175887
1161,1,244,0.6000000000000001,9,0.044522237523785035,0.2040412338696292
1161,1,248,0.7000000000000001,8,0.042966538353308506,0.20907990527460957
1161,1,254,0.65,9,0.034601782282735326,0.2146707028800202
1161,1,258,0.9500000000000001,13,0.0373801376072106,0.21431246664932055
1161,1,260,0.65,9,0.031493969551146236,0.21635988189129138
1161,1,265,0.8500000000000001,10,0.032658979923991326,0.20778522026299795
1161,1,266,0.5,8,0.035365644015836854,0.20537878596788484
1161,1,277,0.65,6,0.026857424659874774,0.19673900662214328
1161,1,279,0.7000000000000001,8,0.06009047464174572,0.20321981471456663
1161,1,283,0.5,9,0.05265835852083798,0.18437767314334083
1161,1,287,0.55,11,0.040548515006344404,0.20380090820236677
1161,1,294,0.5,9,0.05239435901315239,0.19619353585639746
1161,1,295,0.45,11,0.05114247331714232,0.2158923738806516
1161,1,309,0.55,9,0.042826281611433974,0.22185932922245785
1161,1,314,0.55,10,0.019194775706765588,0.19465224610850046
1161,1,315,0.75,8,0.06327048266628166,0.20796265964694202
1161,1,316,0.6000000000000001,9,0.04641340445834715,0.21544619408552856
1161,1,318,0.9500000000000001,20,0.04616669811017672,0.21211077170903647
1161,1,319,0.7000000000000001,15,0.05786121095382658,0.19649122270149075
1161,1,320,0.9500000000000001,13,0.03163998934948152,0.2028302371499372
1161,1,321,0.65,6,0.043097321584520405,0.2116859904560748
1161,1,322,0.5,17,0.0355615470937314,0.21721651069564207
1161,1,327,0.8500000000000001,6,0.04918456002053765,0.2239659891375101
1161,1,340,0.55,7,0.036372368168492444,0.19979682039227464
1161,1,349,0.5,14,0.04532162832029032,0.21304554611089072
1161,1,364,0.4,11,0.05040787996965462,0.21188058632224527
1161,1,372,0.45,10,0.029867417982801667,0.21543410543880775
1161,1,377,0.6000000000000001,11,0.04433486888616138,0.20478021477655986
1161,1,378,0.55,11,0.034628258153280675,0.20703927698898966
1161,1,383,0.45,4,0.011379781695810349,0.20896848325106637
1161,1,384,0.5,11,0.05284220476305777,0.20179826992534347
1161,1,388,0.45,10,0.030850576600601632,0.22136901589103236
1161,1,400,0.75,5,0.04965122519768354,0.23766915122618987
1161,1,403,0.45,12,0.038931957739050366,0.19197234633989088
1161,1,406,0.7000000000000001,9,0.05529111605545179,0.2016811060099581
1161,1,407,0.5,14,0.04177114563125257,0.2151165338830676
1161,1,410,0.65,9,0.04623027049838178,0.19208164554930626
1161,1,412,0.45,8,0.02356582551353732,0.20791708459006503
1161,1,415,0.45,10,0.01877646428958547,0.20523119874804502
1161,1,417,0.4,10,0.029024749464264348,0.2074215479613634
1161,1,418,0.65,10,0.04620803800280786,0.22444323554826515
1161,1,427,0.55,15,0.04259327334129195,0.218582000034427
1161,1,431,0.65,12,0.046608784043556666,0.174594548859881
1161,1,438,0.9,15,0.04570260666873071,0.20225684290863824
1161,1,444,0.7000000000000001,10,0.043548469048078055,0.22964178180038952
1161,1,446,0.7000000000000001,7,0.050302185352410815,0.1999660425107841
1161,1,458,0.45,5,0.03819483926331394,0.2194374097890738
1161,1,459,0.6000000000000001,12,0.05208528832422197,0.20600122525236317
1161,1,462,0.4,8,0.020129223616625863,0.19141411637545455
1161,1,467,0.5,18,0.045650690845506665,0.20497581697552325
1161,1,468,0.6000000000000001,10,0.035222597141108966,0.22746632216973964
1161,1,478,0.65,6,0.039892857191290675,0.25133105954162854
1161,1,481,0.8,9,0.04700164181341543,0.21142524152682102
1161,1,484,0.65,14,0.034793747537832376,0.20970940307540023
1161,1,486,0.6000000000000001,8,0.03689276523303272,0.23519968637955685
1161,1,487,0.65,16,0.04241479377849703,0.20831555120346398
1161,1,488,0.6000000000000001,8,0.03183191057383321,0.18324486977787635
1161,1,491,0.65,14,0.02945791407107484,0.1913665282861873
1161,1,500,0.75,8,0.024630688463730732,0.20290070343917693
1161,1,503,0.55,6,0.04106780362117325,0.190907670634769
1161,1,510,0.65,15,0.03988936955629146,0.22633841047455142
1161,1,511,0.6000000000000001,8,0.04831312717534621,0.21512826254082576
1161,1,516,0.55,10,0.03393562317647646,0.20307921607773052
1161,1,531,0.8,10,0.02764642719648996,0.20555547398615698
1161,1,551,0.6000000000000001,6,0.03435635714564358,0.22323346990037662
1161,1,558,0.5,6,0.035448040788123,0.21333247634967856
1161,1,562,0.75,16,0.03731987085421287,0.19654224025150902
1161,1,566,0.65,6,0.03458232902589999,0.16287159771559537
1161,1,569,0.65,10,0.03741141633092313,0.18608885954012153
1161,1,573,0.8,8,0.03152684012384565,0.21959055344179124
1161,1,576,0.35000000000000003,8,0.04707299378240098,0.23464737025082893
1161,1,579,0.6000000000000001,14,0.039634081042772926,0.17276591474093045
1161,1,591,0.35000000000000003,12,0.02477579438078135,0.2035846517932646
1161,1,593,0.65,6,0.036371506668525413,0.2355753272300517
1161,1,596,0.55,14,0.03868113384822415,0.22101128226531278
1161,1,597,0.6000000000000001,12,0.05435369985817129,0.2149296288548368
1161,1,598,0.6000000000000001,12,0.03595256613409571,0.201439578836079
1161,1,604,0.7000000000000001,15,0.049046213892751676,0.20631310461455724
1161,1,605,0.65,7,0.041765405161067956,0.21090873322991172
1161,1,606,0.9,7,0.02780964409796858,0.2018200910267212
1161,1,609,0.5,11,0.04653643251498303,0.20140995336966033
1161,1,611,0.45,10,0.04270549579178536,0.22584325672259137
1161,1,616,0.8500000000000001,8,0.051426500928446105,0.1890991374587269
1161,1,619,0.8500000000000001,4,0.012027060471524255,0.20851586021815177
1161,1,636,0.65,6,0.02574893822164038,0.22888840951119507
1161,1,640,0.6000000000000001,7,0.026360651292215275,0.20097090481045107
1161,1,645,0.7000000000000001,15,0.050428573508704215,0.21271076306970776
1161,1,648,0.5,15,0.04102505635800921,0.20834070078848618
1161,1,652,0.55,10,0.048211800215435766,0.19398774822355813
1161,1,653,1.0,10,0.04242464728178911,0.1990063903153805
1161,1,659,0.6000000000000001,16,0.044077539241503115,0.19295331064148483
1161,1,668,0.6000000000000001,8,0.05158636823863324,0.20687210535769057
1161,1,672,0.55,13,0.050607433216524084,0.20769332282212094
1161,1,675,0.8,13,0.029334868667586975,0.20191401947833887
1161,1,678,1.0,16,0.03959471427209642,0.19614709690666218
1161,1,685,0.55,8,0.035563592685445705,0.19012718609174456
1162,2,0,0.7000000000000001,7,0.043340250278519114,0.20335471240543881
1162,2,1,0.65,9,0.04148940626782329,0.19523695025309884
1162,2,2,0.75,10,0.046218322295702705,0.20910033752038842
1162,2,3,0.75,12,0.05298886147072934,0.18752336088944896
1162,2,4,0.75,9,0.05099840470089903,0.17112538824004606
1162,2,5,0.6000000000000001,8,0.042666228889625596,0.20327871653441082
1162,2,6,0.9,7,0.04748636890731321,0.1709704409570774
1162,2,7,0.8500000000000001,6,0.04811872083112107,0.16935100770942982
1162,2,8,0.6000000000000001,12,0.04938202340831376,0.20188629422725032
1162,2,9,0.8500000000000001,7,0.039890279357791436,0.16091484548952223
1162,2,10,1.0,7,0.04866677947743165,0.17963063776961263
1162,2,11,0.9,6,0.03661886060331329,0.15785810319512789
1162,2,12,0.65,4,0.028358458460358105,0.15490183477960545
1162,2,13,0.6000000000000001,6,0.04540471964135353,0.19044848019778313
1162,2,14,0.9,3,0.04044734164909891,0.14669702740414273
1162,2,15,1.0,4,0.04709283564647489,0.1700430843862451
1162,2,16,1.0,7,0.04122695692353297,0.19071366690889674
1162,2,17,0.75,9,0.04441820372532008,0.20826005777517764
1162,2,18,0.6000000000000001,11,0.05346775845460814,0.19515577379404556
1162,2,19,0.8500000000000001,22,0.04052985871246864,0.20085288958733233
1162,2,20,0.55,10,0.05388367079636657,0.19561379385260141
1162,2,21,0.6000000000000001,8,0.04673027685802782,0.2146062307055898
1162,2,22,0.65,11,0.04058053313749891,0.1893243507170678
1162,2,24,0.8500000000000001,14,0.048263471595612555,0.20383166785512244
1162,2,25,0.55,10,0.042952093425421056,0.19430118487884268
1162,2,26,0.9,14,0.03893962309526176,0.18576649963173628
1162,2,27,0.9,3,0.03400627896420807,0.13602972677698558
1162,2,28,0.65,8,0.021264876701953817,0.2309874289588869
1162,2,29,0.7000000000000001,17,0.04332375845233829,0.20465577740724164
1162,2,30,1.0,7,0.05729181172265413,0.18529618934180433
1162,2,31,0.9,11,0.03244506754866417,0.19338104840056733
1162,2,32,0.5,8,0.053973987771254256,0.22385602897540763
1162,2,33,0.9500000000000001,9,0.04173416985979643,0.22111923908272849
1162,2,34,0.75,8,0.03476032386612312,0.16656386228199227
1162,2,35,0.7000000000000001,15,0.042758642274108485,0.19544346936830426
1162,2,36,0.75,11,0.04877204535200341,0.18132060589371457
1162,2,37,0.65,9,0.04470215294203326,0.22273812875397678
1162,2,38,0.75,12,0.05102982975771915,0.18611282099749937
1162,2,39,0.6000000000000001,15,0.04541901262705257,0.18976987052455802
1162,2,40,0.5,10,0.04826364028167739,0.21117492251807293
1162,2,41,0.8500000000000001,12,0.05264159631657555,0.2205809884316909
1162,2,42,0.7000000000000001,8,0.037825357847398884,0.22469607570699396
1162,2,43,0.55,13,0.043479759580737735,0.19670181003779447
1162,2,44,0.6000000000000001,14,0.029262737365871896,0.20488074869932577
1162,2,45,0.8500000000000001,11,0.04651608533647929,0.20331609970017614
1162,2,46,0.9,6,0.05025152266371591,0.18761171498606896
1162,2,47,0.8500000000000001,16,0.05194787981360097,0.19032858370170228
1162,2,48,0.6000000000000001,11,0.04665279636370613,0.18706168244946084
1162,2,49,0.75,8,0.05534915440073007,0.1882479176059168
1162,2,50,0.8500000000000001,9,0.03740741891519961,0.18349654332726942
1162,2,51,0.6000000000000001,8,0.0635819524007358,0.21467378936013587
1162,2,52,0.8500000000000001,5,0.05457706754006364,0.15552921252059376
1162,2,53,0.8,7,0.029724725262696042,0.17757018443863765
1162,2,54,0.55,10,0.043926116724710564,0.225263428660387
1162,2,55,0.7000000000000001,13,0.03823916311704495,0.192860981604668
1162,2,56,0.55,13,0.04199298715372794,0.2121005228313223
1162,2,57,0.8500000000000001,2,0.008486951463406965,0.12168737410854202
1162,2,58,0.6000000000000001,15,0.03792552208664953,0.19359463234175847
1162,2,59,0.8,13,0.04731600673927913,0.20322506707188864
1162,2,60,0.8,10,0.053878037251880735,0.20408065719727767
1162,2,61,0.9500000000000001,13,0.05868609895374806,0.1868053773510934
1162,2,62,0.7000000000000001,12,0.030032283024158595,0.20644248220309505
1162,2,63,0.6000000000000001,9,0.0549707293755364,0.21048883266337398
1162,2,64,0.7000000000000001,9,0.04518788718694781,0.20309443835415195
1162,2,65,0.75,7,0.02818733003521597,0.14694474894961915
1162,2,66,0.75,2,0.003928890565433889,0.11846433833852402
1162,2,67,0.9,11,0.02909332690369383,0.20155322919484686
1162,2,68,0.65,2,0.07016829230267235,0.16673133124331302
1162,2,70,0.9,11,0.03688549573984661,0.2165187273550617
1162,2,71,0.45,14,0.05493338279268168,0.2014747993639459
1162,2,72,1.0,8,0.04104521359090023,0.16876715931269776
1162,2,73,1.0,11,0.06144374031753725,0.1776946409372302
1162,2,74,0.5,14,0.046117266252396205,0.21922137128485536
1162,2,75,0.75,10,0.047410896777168525,0.1971803038782257
1162,2,76,0.7000000000000001,9,0.03588108700578096,0.22848008616403787
1162,2,77,0.8500000000000001,8,0.045449814852153846,0.18824442076800993
1162,2,79,0.75,6,0.043800983801148864,0.2155683690602319
1162,2,80,0.8500000000000001,11,0.03621929278957978,0.19986953828241252
1162,2,81,0.9,10,0.03534284987239591,0.21941434323373424
1162,2,83,0.8,11,0.025308548987294514,0.21056651534268164
1162,2,84,0.6000000000000001,13,0.04337452010683633,0.21119784906548872
1162,2,85,0.65,6,0.04926458713622559,0.19229322403951868
1162,2,86,1.0,9,0.035258016167148534,0.1864541063311912
1162,2,87,0.6000000000000001,15,0.04607343676067167,0.2022108377531167
1162,2,88,0.7000000000000001,10,0.03731530669529234,0.19765400002612155
1162,2,89,0.65,12,0.05026030796777429,0.20628361178544352
1162,2,91,0.55,7,0.039768476804936365,0.17672071743182236
1162,2,92,0.7000000000000001,8,0.0507365324415813,0.1886110818360358
1162,2,93,0.8,6,0.03515151232459687,0.16074763458257504
1162,2,94,0.65,7,0.05318579112017122,0.20395620989991142
1162,2,95,0.65,6,0.030984019717431786,0.20274485163055334
1162,2,98,0.65,11,0.06194734111105861,0.1930188610137306
1162,2,100,0.6000000000000001,9,0.04665251553769185,0.19550561750527112
1162,2,101,0.5,9,0.032549401271190465,0.21694135208667817
1162,2,102,0.6000000000000001,11,0.04264112945408352,0.18479902688071972
1162,2,103,1.0,13,0.0518115881719487,0.2049362599490054
1162,2,104,0.8500000000000001,12,0.04751080709110304,0.19376147582302686
1162,2,105,1.0,10,0.03505440873778217,0.2283815435974091
1162,2,106,0.55,9,0.033145767382573584,0.2137813630293891
1162,2,107,0.45,10,0.051407916794613595,0.20505135012774853
1162,2,108,0.5,8,0.030283051415157067,0.21348471398960467
1162,2,110,0.55,10,0.034194203680178906,0.20943645248307327
1162,2,111,0.8500000000000001,10,0.04915380258423062,0.20229673355055144
1162,2,112,0.9500000000000001,10,0.046917812665261995,0.19287935419435592
1162,2,113,1.0,7,0.040234664425735034,0.17020198988992694
1162,2,115,0.5,10,0.036392288229611755,0.1936345622720968
1162,2,118,0.55,12,0.04571302674101279,0.19132090136641197
1162,2,119,0.6000000000000001,7,0.0470062687750376,0.22649739365675897
1162,2,124,0.45,9,0.033491120336358336,0.22064654000057762
1162,2,125,0.65,10,0.03374835088138406,0.19552755055880502
1162,2,131,0.6000000000000001,7,0.024565562054342748,0.21258335666080622
1162,2,132,0.5,8,0.028488835111559963,0.20079388230206513
1162,2,139,0.55,14,0.04153448578462426,0.19136129633386217
1162,2,142,0.6000000000000001,12,0.0537454996244406,0.2067126266098717
1162,2,146,0.5,12,0.04313020550160155,0.21011773573380063
1162,2,148,0.55,15,0.04668386966376681,0.1870089215035083
1162,2,154,0.55,12,0.035635107699660946,0.22890416867224558
1162,2,155,0.55,7,0.03271006159675691,0.20950442405166605
1162,2,158,0.55,11,0.0474233920374831,0.20071305130464287
1162,2,163,0.45,9,0.030278946589524874,0.17589201103451857
1162,2,165,0.7000000000000001,12,0.03640292806567518,0.19631301268206694
1162,2,168,0.55,7,0.03856340741268107,0.18872513604984836
1162,2,169,0.6000000000000001,7,0.036885507065601605,0.17688614108697814
1162,2,170,0.6000000000000001,11,0.04373863503383361,0.19067033964332805
1162,2,173,0.65,11,0.039095224264516205,0.19264260219393267
1162,2,177,0.5,8,0.025900969121858092,0.18406557793378295
1162,2,178,0.6000000000000001,10,0.04730794237103136,0.18255107723517458
1162,2,182,0.9,10,0.04591410846368578,0.19096037061635635
1162,2,185,0.7000000000000001,15,0.04139592363044608,0.22209153615117788
1162,2,188,0.45,7,0.04886192128537425,0.22302507359765217
1162,2,189,0.65,10,0.048113201602499996,0.19869132287453678
1162,2,191,0.55,13,0.030184604026825757,0.22011085644429224
1162,2,192,0.55,9,0.041430631777286404,0.1943069472855132
1162,2,194,0.5,12,0.039528941444791736,0.2019156873659773
1162,2,195,0.5,6,0.04421106077704846,0.1910051779441365
1162,2,198,0.5,15,0.036547460401116914,0.2035511097376274
1162,2,202,0.65,10,0.041732908882407535,0.20561775619831196
1162,2,203,0.5,9,0.044563484371028986,0.2088610758868506
1162,2,208,0.45,14,0.02495381086792554,0.2307460850358918
1162,2,212,0.5,14,0.03554187869150698,0.2025458510933731
1162,2,216,0.9500000000000001,11,0.051328719872221165,0.20295777933183048
1162,2,218,0.45,12,0.030774316114355774,0.21694986250400738
1162,2,226,0.7000000000000001,14,0.04577056373106099,0.20258341876663596
1162,2,227,0.55,13,0.0556244039903734,0.20413571340741576
1162,2,230,0.55,17,0.03949416251645807,0.2036953542885803
1162,2,239,0.6000000000000001,8,0.04362255965456352,0.23832843553039235
1162,2,244,0.5,9,0.042183022119077145,0.23961496488338996
1162,2,245,0.55,9,0.05232921365752263,0.20162461695890643
1162,2,250,0.55,10,0.049972203176019137,0.24329675545520332
1162,2,253,0.6000000000000001,13,0.04365951106345901,0.2119014594750298
1162,2,255,0.65,18,0.051682485809070935,0.2158969045983909
1162,2,257,0.6000000000000001,14,0.05618717502920369,0.2012433649882785
1162,2,260,0.55,13,0.03779254388273017,0.2147818121565492
1162,2,262,0.65,8,0.02472863327868867,0.20855914777282464
1162,2,268,0.5,11,0.031904295151390316,0.19478501183109917
1162,2,270,0.55,7,0.0440357371287141,0.2298669661845043
1162,2,271,0.55,11,0.04952403666501421,0.21065066803606386
1162,2,276,0.4,12,0.04190504376305138,0.22742927521438816
1162,2,278,0.45,9,0.028584564179561747,0.20037511678441108
1162,2,281,0.65,8,0.038760232920547276,0.1848919835990021
1162,2,286,0.65,11,0.04946478340075797,0.21326351369772364
1162,2,290,0.6000000000000001,9,0.05568605141730384,0.19900912871989102
1162,2,292,0.7000000000000001,6,0.04463065628662872,0.20561751266814518
1162,2,296,0.6000000000000001,9,0.02481270828102309,0.21683183839530903
1162,2,297,0.5,8,0.06354969264970567,0.22735369852979198
1162,2,301,0.5,12,0.044575740311017006,0.2019304283405302
1162,2,306,0.8,14,0.05055906501773284,0.19985306922767257
1162,2,314,0.65,13,0.047516026479199176,0.20112988276437305
1162,2,317,0.7000000000000001,9,0.05054944553231068,0.18207491193340808
1162,2,320,0.55,16,0.044230143269389094,0.21909620346688172
1162,2,332,0.8,7,0.027863740448236973,0.18725978546179187
1162,2,340,0.55,11,0.034871241406020215,0.1976454780153782
1162,2,347,0.5,10,0.04101921376768764,0.17637469923422294
1162,2,348,0.55,8,0.04458162052812604,0.18664593203540175
1162,2,350,0.6000000000000001,9,0.047672632680506616,0.19785529583060354
1162,2,353,0.8,15,0.03962141530923203,0.2303224115263038
1162,2,356,0.4,11,0.03927565606602696,0.20655630406619963
1162,2,365,0.8500000000000001,9,0.04612193334243432,0.1720518722358437
1162,2,366,0.7000000000000001,12,0.03620305717895108,0.19614647045664968
1162,2,367,0.55,12,0.04374474710816318,0.21268058939519027
1162,2,368,0.65,13,0.03844169642916086,0.21577712863245255
1162,2,386,0.6000000000000001,6,0.034281392276679985,0.17852897060334702
1162,2,397,0.75,7,0.04749146818318465,0.1644424847435824
1162,2,408,0.7000000000000001,14,0.05275544054812176,0.18822667558447365
1162,2,413,0.75,13,0.04777678592449253,0.21886061603416354
1162,2,418,0.8,8,0.05147804005657679,0.2138061015631479
1162,2,419,0.9,12,0.041040036646020024,0.21928158768686426
1162,2,421,0.55,7,0.04074170022651905,0.1859689280652889
1162,2,422,0.55,11,0.048280017571705275,0.19702798164983848
1162,2,423,0.9500000000000001,8,0.03920364741737545,0.23467858630369634
1162,2,432,0.7000000000000001,11,0.035946637052731635,0.2019888262488654
1162,2,434,0.8500000000000001,13,0.04184201746407011,0.1990240268141126
1162,2,436,0.65,7,0.015599914379491108,0.2325320664749649
1162,2,441,0.5,15,0.04914216922866732,0.21280986582705572
1162,2,445,0.6000000000000001,7,0.03897180215327909,0.20554809013824718
1162,2,458,0.5,9,0.04461198174099873,0.19389341798981843
1162,2,461,0.45,6,0.03601493539265195,0.20768363235532275
1162,2,468,0.6000000000000001,14,0.04471097845521087,0.21176353160085257
1162,2,470,0.6000000000000001,10,0.038532693637765354,0.19314889506486813
1162,2,475,0.65,9,0.04057119628289785,0.2085639709636421
1162,2,477,0.65,6,0.044472538084021046,0.22125539201231006
1162,2,482,0.6000000000000001,9,0.04622402882694072,0.22870702703203508
1162,2,484,0.75,7,0.03922475843066166,0.19229034762121652
1162,2,487,0.65,9,0.0399183029030312,0.18462141862563788
1162,2,491,0.45,9,0.05506701328844881,0.19586231618459654
1162,2,493,0.55,10,0.03332919205934444,0.20605456319684654
1162,2,497,0.55,8,0.04871800320810919,0.20325840875009626
1162,2,500,0.45,9,0.025724890618295356,0.2107682579425535
1162,2,506,0.75,9,0.03171068188485928,0.2058725329405845
1162,2,513,0.9,12,0.03149780249209028,0.191933577808556
1162,2,519,0.6000000000000001,13,0.04255777931983445,0.19588685803843447
1162,2,523,0.55,13,0.03135632708190589,0.21503788541918506
1162,2,526,0.55,11,0.03890454534567041,0.2369243892497993
1162,2,528,0.65,6,0.04336296152902425,0.22517110919451455
1162,2,535,0.55,7,0.024072328251299777,0.19265911610417266
1162,2,536,0.55,10,0.04682908476434864,0.22204808124504524
1162,2,537,0.5,13,0.029443490356434364,0.2071850090585361
1162,2,538,0.5,9,0.04659357170648294,0.20166324022987187
1162,2,543,0.55,13,0.04508490735871369,0.19735591804599742
1162,2,545,0.55,8,0.043595487090863104,0.20784330170949805
1162,2,550,0.5,10,0.026194317545201972,0.21630317424061363
1162,2,551,0.65,9,0.04790761281667798,0.21817377906781457
1162,2,552,0.45,16,0.038425445507757734,0.21561074876630165
1162,2,553,0.6000000000000001,8,0.02832305404511844,0.22342692376477685
1162,2,555,0.75,8,0.04179938925264451,0.22681708058458455
1162,2,557,0.75,17,0.044344757592730565,0.21398732811600923
1162,2,560,0.6000000000000001,8,0.0420790914362173,0.20745283835455436
1162,2,563,0.65,6,0.0418638326431314,0.22141552978699655
1162,2,564,0.55,10,0.038534119124430076,0.1855476617067346
1162,2,566,0.7000000000000001,14,0.05913071739472435,0.20063681525032823
1162,2,567,0.55,8,0.06721014022671883,0.21682302594081376
1162,2,569,0.55,8,0.058995165709116684,0.19783895915722322
1162,2,573,0.6000000000000001,7,0.04177134824054539,0.2208412614957918
1162,2,604,0.7000000000000001,9,0.02859981933171341,0.22260944377288056
1162,2,607,0.7000000000000001,15,0.034854150971206026,0.20949942994817142
1162,2,610,0.65,7,0.025412107823355602,0.21550287170750665
1162,2,616,0.5,14,0.04626531086781793,0.2074026055871312
1162,2,630,0.65,10,0.02642210021945739,0.23768133947569586
1162,2,634,0.6000000000000001,8,0.03542479817221048,0.2357315663785205
1162,2,642,0.75,15,0.03372487739328359,0.2037785634747792
1162,2,645,0.9500000000000001,13,0.04454724401491246,0.21133302428623402
1162,2,661,0.65,7,0.03941315201325459,0.17625349772872867
1162,2,665,0.6000000000000001,8,0.044976348398851826,0.22129332208254487
1162,2,668,0.5,21,0.04293235416021836,0.210337063641801
1162,2,673,0.8,6,0.06199662684346695,0.21642402668482086
1162,2,674,0.6000000000000001,8,0.01946513515750185,0.22619825783348263
1162,2,675,0.55,9,0.028770701583518396,0.21367308538014265
1162,2,676,0.55,13,0.05709861029595977,0.20791979580657996
1163,3,0,0.65,11,0.037882271962599336,0.19717122725094993
1163,3,1,1.0,7,0.04161577091115157,0.1869799538818777
1163,3,2,0.65,11,0.01921628539008093,0.19070538222748504
1163,3,3,0.45,9,0.03843762411176721,0.24142071405032006
1163,3,4,0.7000000000000001,15,0.04280835456767212,0.22859481478064803
1163,3,5,0.8,12,0.04197573476494657,0.2152692250790984
1163,3,6,0.65,13,0.032801643225581885,0.2260872903192115
1163,3,7,0.7000000000000001,9,0.04146726744078481,0.21829521260851253
1163,3,8,0.45,11,0.0393033602286786,0.23284482609766502
1163,3,9,0.7000000000000001,12,0.02608661188521811,0.19735554371997
1163,3,10,0.5,9,0.04503826000238089,0.2326774182179749
1163,3,11,0.65,8,0.03655283604618246,0.2196508604290872
1163,3,12,0.9,14,0.05189245208640618,0.21976365605880796
1163,3,13,0.55,10,0.03481260761841453,0.20884286757884735
1163,3,14,0.9,12,0.028928849895809784,0.2297247640230751
1163,3,15,0.7000000000000001,13,0.04099156100496516,0.22091934578587757
1163,3,16,0.7000000000000001,7,0.038119131433121324,0.21809804182992093
1163,3,17,0.55,8,0.033557576480149,0.24105817222836262
1163,3,18,0.8500000000000001,7,0.03400636605589986,0.20397880694952025
1163,3,19,0.8500000000000001,10,0.04618347741269442,0.18864328724750087
1163,3,20,1.0,15,0.051805792506193674,0.2090373248739742
1163,3,21,0.4,9,0.030949038318828795,0.20073551713119797
1163,3,22,0.8,12,0.026396976789766664,0.21729474148029557
1163,3,23,0.9,8,0.04221793495601629,0.18272332218300716
1163,3,24,0.65,14,0.04033141792044504,0.2345825715245001
1163,3,25,0.55,8,0.038047610119171835,0.20961856050526678
1163,3,26,0.5,10,0.042369461301014294,0.21924487610378302
1163,3,27,0.55,15,0.03712265876653537,0.22344184854961596
1163,3,29,0.65,10,0.04154762860816292,0.23287509478839968
1163,3,30,0.65,15,0.038842042733525234,0.2423245943069355
1163,3,31,1.0,12,0.029609002270240214,0.21218260096718725
1163,3,32,0.8,12,0.03980896395915615,0.22998903863793455
1163,3,33,1.0,19,0.040770963959061865,0.21262554903724384
1163,3,34,0.75,12,0.03541028859386175,0.22406503926286034
1163,3,35,0.75,15,0.04268386254884581,0.2121754420187848
1163,3,36,0.6000000000000001,13,0.0550001361964125,0.2138007035660099
1163,3,37,0.75,17,0.04887740978095759,0.22451935589005356
1163,3,38,0.55,11,0.03985226063874659,0.2235316493221771
1163,3,39,0.7000000000000001,8,0.03942275633566465,0.22116271393266385
1163,3,40,0.6000000000000001,13,0.029625711417993722,0.22531929174842352
1163,3,41,0.9,10,0.04018955850811657,0.23572307357814667
1163,3,42,0.9,8,0.05233196055325415,0.2033549954658178
1163,3,43,0.7000000000000001,6,0.051462916712071254,0.19233179346019028
1163,3,44,1.0,13,0.054981243981570366,0.22358249471103137
1163,3,46,0.6000000000000001,10,0.04456081261176128,0.23060117613703723
1163,3,47,0.8500000000000001,6,0.04106115803923394,0.17726720916163755
1163,3,48,1.0,7,0.026977772597054583,0.2501584987064692
1163,3,49,0.8500000000000001,13,0.03534042020538239,0.21348154630974608
1163,3,50,0.9500000000000001,13,0.04707326304277091,0.2036034534338667
1163,3,52,0.65,10,0.04285190771189854,0.2227894590555798
1163,3,54,0.7000000000000001,9,0.038082454745421684,0.24340373118800512
1163,3,55,0.45,8,0.03378533204210659,0.21663498182031804
1163,3,56,0.55,9,0.04211081083018213,0.20540483002866186
1163,3,57,0.6000000000000001,12,0.04174001917659294,0.2394732665728938
1163,3,58,0.7000000000000001,12,0.03866978511800707,0.2240659554499147
1163,3,59,0.75,5,0.055502729735240675,0.20939707205810126
1163,3,60,0.6000000000000001,8,0.054009672685977866,0.22562450691734406
1163,3,61,0.55,9,0.023852860935608396,0.24090314524459602
1163,3,62,0.5,18,0.033762592133690546,0.22567417718500554
1163,3,63,0.75,5,0.0801397973734508,0.21227567292188554
1163,3,64,0.9500000000000001,15,0.03222161455548955,0.22347490269354417
1163,3,65,0.6000000000000001,8,0.03463171879144175,0.22865472014304372
1163,3,66,0.75,13,0.04006633381994297,0.20901721415308397
1163,3,68,0.6000000000000001,13,0.03491678269831923,0.24258581586743533
1163,3,69,0.8500000000000001,9,0.04472779288837032,0.19790967277676477
1163,3,71,0.45,11,0.026153050046129844,0.22285684848746543
1163,3,72,0.8,11,0.028914539251734032,0.2295849873781222
1163,3,73,0.9,14,0.04181994007295107,0.21247475498688925
1163,3,74,0.9500000000000001,9,0.048327987630818164,0.21098013295442686
1163,3,76,0.9500000000000001,12,0.04286062003716057,0.19941941014251338
1163,3,77,0.7000000000000001,9,0.043744562093090314,0.2040181115137533
1163,3,78,0.65,6,0.059315660300594916,0.19304443542981883
1163,3,80,1.0,9,0.032869777412852,0.217920279138612
1163,3,82,0.6000000000000001,13,0.04024615958378958,0.22390481677366061
1163,3,83,0.9500000000000001,14,0.04010298610068618,0.21844238933716792
1163,3,85,0.55,11,0.03589595081800914,0.2335407433087311
1163,3,86,0.5,8,0.021805865951425606,0.20806141988928817
1163,3,87,0.8,14,0.046656446467756185,0.2309847586400664
1163,3,89,0.7000000000000001,11,0.03665678308832736,0.21529646226034352
1163,3,91,0.6000000000000001,9,0.03512521249707654,0.21643799522887217
1163,3,92,0.65,7,0.04967982366811522,0.2161027512274917
1163,3,95,0.45,12,0.05480564617232579,0.21904792801278775
1163,3,99,0.6000000000000001,13,0.02992076847564901,0.23210845305314368
1163,3,100,0.75,9,0.02849054674323925,0.23551763892851907
1163,3,101,0.6000000000000001,13,0.026935567015263485,0.19914274317704012
1163,3,102,0.7000000000000001,15,0.03553548140852829,0.2223604856045318
1163,3,104,0.5,12,0.03841401100183798,0.21884270037639578
1163,3,106,0.6000000000000001,9,0.039684970734682856,0.22638014469931297
1163,3,107,0.5,14,0.04163136162923809,0.23335568411841562
1163,3,115,0.5,11,0.057016807081932915,0.22642643412621297
1163,3,119,0.6000000000000001,15,0.04295858534773787,0.21430582160375117
1163,3,120,0.55,13,0.036068207593593436,0.21954472094025895
1163,3,121,0.65,10,0.05488517017396495,0.21452903003641705
1163,3,122,0.55,8,0.037083794785492286,0.22737449647874952
1163,3,123,0.7000000000000001,9,0.03732739283773175,0.21530903058568673
1163,3,124,0.6000000000000001,13,0.03169383766066589,0.2299825784241147
1163,3,126,0.75,14,0.04031752679485756,0.23036926393634244
1163,3,129,0.55,10,0.03850096437557931,0.24185229486870358
1163,3,130,0.65,12,0.05307851229740242,0.21537478177813776
1163,3,131,0.7000000000000001,11,0.046832280544702516,0.23230657198944477
1163,3,132,0.4,8,0.03124842240232686,0.20798958787033012
1163,3,134,0.65,9,0.06697784899366797,0.21857676436786427
1163,3,139,0.45,11,0.03944800234591722,0.21992101504559852
1163,3,140,0.65,8,0.028108487734063006,0.21229093352733366
1163,3,144,0.6000000000000001,7,0.02425548200098507,0.2180766371620381
1163,3,148,0.65,11,0.029813365796513256,0.25432768657991867
1163,3,149,0.65,14,0.04175099514010711,0.21030972208418922
1163,3,151,0.65,9,0.052758799233445536,0.19760704089769515
1163,3,155,0.7000000000000001,7,0.04721441438830605,0.23459422522568849
1163,3,156,0.6000000000000001,9,0.05602153639840295,0.21711764125025104
1163,3,159,0.6000000000000001,15,0.03947671879690281,0.22572376164506544
1163,3,162,0.6000000000000001,11,0.03436283604700758,0.23047880397583057
1163,3,164,0.55,9,0.033452728481282376,0.21153241146363375
1163,3,168,0.7000000000000001,11,0.029060378695953556,0.22745374334407453
1163,3,172,0.7000000000000001,7,0.02598161562755653,0.2358704528062639
1163,3,173,0.65,15,0.0402344065495844,0.21923284791722553
1163,3,177,0.6000000000000001,10,0.04254523176212098,0.21555941854156818
1163,3,179,0.6000000000000001,16,0.03697391512213579,0.22388462174095275
1163,3,181,0.55,8,0.019554114664049122,0.21789076863310708
1163,3,184,0.6000000000000001,9,0.03855364165254323,0.2283644377407686
1163,3,185,0.6000000000000001,13,0.03255407234509979,0.23233195289080033
1163,3,189,0.5,10,0.03165158111812518,0.2114516375888794
1163,3,190,0.5,9,0.057823869516111716,0.2141623747284057
1163,3,196,0.5,14,0.03499396512144282,0.22926037238322072
1163,3,201,0.5,13,0.03687987844186757,0.22812596861983653
1163,3,206,0.65,15,0.04016420143303252,0.22595951048948398
1163,3,208,0.65,15,0.03626030257435958,0.21807111821261824
1163,3,212,0.8500000000000001,13,0.03757321762508516,0.21197054648564503
1163,3,214,0.55,12,0.02713530148874972,0.21066317191447415
1163,3,225,0.45,16,0.03145218660608268,0.21790777177598092
1163,3,235,0.75,10,0.03776158737170768,0.235702964691234
1163,3,237,0.5,10,0.03822749579119935,0.21505249975509128
1163,3,242,0.6000000000000001,13,0.025981292271134864,0.21375963550489782
1163,3,245,0.7000000000000001,11,0.031138550647872784,0.20835662011096015
1163,3,249,0.5,9,0.02966218599245647,0.23544798655409138
1163,3,250,0.6000000000000001,8,0.041256473064797856,0.23990441237840385
1163,3,253,0.6000000000000001,7,0.040228076968273394,0.2345919376738159
1163,3,256,0.55,14,0.03868118228721567,0.21899253201187505
1163,3,260,0.55,8,0.04271818171163555,0.2223540403530611
1163,3,266,0.55,10,0.058048194081652814,0.22491223063511318
1163,3,272,0.45,12,0.03457815819434906,0.22037657789387657
1163,3,282,0.45,9,0.029450067343596807,0.21941772272208718
1163,3,284,0.55,10,0.05238633421990632,0.21181906016440982
1163,3,286,0.6000000000000001,7,0.020389904381559885,0.20246349396553023
1163,3,287,0.6000000000000001,9,0.04866352669331566,0.21712906717842306
1163,3,290,0.7000000000000001,15,0.03009967169367828,0.23857148493811822
1163,3,301,0.45,6,0.028492274261547726,0.19786327227723569
1163,3,305,0.6000000000000001,13,0.03461617669791676,0.24659813608128942
1163,3,306,0.35000000000000003,13,0.04095404168467236,0.21970514004678363
1163,3,309,0.45,13,0.04377885567042055,0.2323170920343922
1163,3,315,0.5,11,0.046165184069872314,0.21964689432700418
1163,3,326,0.65,9,0.03185593316410498,0.24709861353795926
1163,3,331,0.5,10,0.031158451681442184,0.2315561262532943
1163,3,338,0.7000000000000001,9,0.042327393686274604,0.24265110147453697
1163,3,353,0.4,9,0.026294868270745453,0.21708135746051613
1163,3,354,0.55,13,0.031679919719313096,0.23082418274834432
1163,3,356,0.8,12,0.040431185780359175,0.24121567499699828
1163,3,361,0.55,14,0.03886794318188886,0.24044429038192905
1163,3,374,0.8,11,0.05195125784364045,0.21269308325609168
1163,3,378,0.75,5,0.02852714578856964,0.21381126328060568
1163,3,389,0.6000000000000001,9,0.06267049896201744,0.21521192883886148
1163,3,392,0.55,18,0.0339573182083888,0.22831819664521685
1163,3,400,0.65,9,0.037215883053657806,0.23501344286210632
1163,3,401,0.45,7,0.02943846611530287,0.20002161254467382
1163,3,410,0.7000000000000001,15,0.03624620949211924,0.24112914885340908
1163,3,414,0.9500000000000001,13,0.05401548552963782,0.2236502727827269
1163,3,416,0.5,12,0.032444603655818645,0.2274340283153706
1163,3,418,0.65,9,0.05121146287185056,0.21042716895369767
1163,3,427,0.8,11,0.053146196643824105,0.22091753512670145
1163,3,433,0.55,10,0.037692279555331845,0.22264304692976652
1163,3,439,0.55,14,0.03625883745520511,0.22276883557966448
1163,3,440,0.75,9,0.03844816731834309,0.24070193514003727
1163,3,444,0.75,11,0.036959821811614335,0.23114354432285084
1163,3,446,0.6000000000000001,10,0.019592697128369307,0.22688032988977894
1163,3,449,0.55,8,0.031513071310839684,0.23369884276713748
1163,3,452,0.9,11,0.03839276444759268,0.22402484739218267
1163,3,460,0.55,17,0.045758617773054414,0.2188385539332524
1163,3,461,0.55,9,0.02290710885096786,0.214877780217614
1163,3,472,0.55,7,0.05074650003838343,0.1880402280682465
1163,3,474,0.65,15,0.052200087412258636,0.2274054682186342
1163,3,477,0.55,9,0.05295244332682875,0.18966330792992048
1163,3,478,0.65,16,0.04834940326337238,0.22904330257906866
1163,3,482,0.7000000000000001,5,0.03618213507461291,0.2172200629816098
1163,3,488,0.6000000000000001,10,0.02600925639240655,0.23121204260000372
1163,3,491,0.55,11,0.02556015352165113,0.2240423219275022
1163,3,499,0.45,13,0.05280952536457075,0.2413664741124991
1163,3,502,0.4,11,0.040381576850744935,0.21970711006527044
1163,3,503,0.6000000000000001,14,0.03659207162658499,0.23202389081017985
1163,3,510,0.7000000000000001,9,0.03002514156827434,0.23360130587557779
1163,3,523,0.6000000000000001,10,0.03376000105526291,0.24095421962999528
1163,3,525,0.6000000000000001,9,0.031558002595793895,0.21394950965079496
1163,3,528,0.65,10,0.02934177827994968,0.22483476453305928
1163,3,536,0.45,10,0.02557885393751591,0.21162265881008735
1163,3,537,0.45,11,0.02261293881323187,0.23355393168142255
1163,3,548,0.45,14,0.04199413164616414,0.2332825201046195
1163,3,552,0.65,8,0.04185256742731368,0.24231797195492408
1163,3,559,0.7000000000000001,13,0.0465228819203785,0.21130863155897017
1163,3,561,1.0,8,0.04149720170791805,0.2207484376954456
1163,3,567,0.5,13,0.03035179981464268,0.22704768067217737
1163,3,571,0.65,7,0.03696724957182572,0.22799104655448435
1163,3,572,0.4,9,0.027927464762138993,0.1936138576664091
1163,3,573,0.45,9,0.026117549815220437,0.19974265276147019
1163,3,574,0.5,10,0.04312347018354482,0.23119484521963213
1163,3,576,0.5,10,0.03926378892334892,0.2159585548784201
1163,3,581,0.45,8,0.055837899122059664,0.21281714101477509
1163,3,582,0.55,9,0.03701847960321866,0.24356166076627536
1163,3,595,0.6000000000000001,9,0.04267939234302336,0.2108961827764193
1163,3,596,0.45,11,0.04335017253083413,0.21841173468845138
1163,3,602,0.7000000000000001,13,0.02737571235190918,0.2365103836939247
1163,3,607,0.4,8,0.045758979447529144,0.21848539618240265
1163,3,608,0.45,9,0.04626526008633113,0.21564661573028399
1163,3,614,0.7000000000000001,8,0.026586715284250644,0.2358820734174576
1163,3,616,0.55,13,0.0327237186245661,0.22090609045479725
1163,3,617,0.5,9,0.04564862253537965,0.19859192979559614
1163,3,621,0.55,8,0.02160631464167401,0.23500495676203947
1163,3,625,0.55,11,0.03359394994700977,0.21898495112018654
1163,3,629,0.5,11,0.03399223685474251,0.23083549899177813
1163,3,636,0.45,15,0.037313824797365114,0.2193021962892985
1163,3,639,0.65,8,0.03613267354512576,0.2003214538019753
1163,3,640,0.5,11,0.04153205625929882,0.2263886209001926
1163,3,643,0.55,17,0.04264263344639359,0.2336173380151863
1163,3,645,0.75,5,0.02377066854898851,0.24924474607646077
1163,3,647,0.7000000000000001,14,0.034421295900106154,0.2239938025741751
1163,3,654,0.55,9,0.02757825922656861,0.19972252003873656
1163,3,655,0.55,8,0.027802883205439395,0.2005658128137987
1163,3,657,0.65,12,0.041371452206284146,0.2059010544537022
1163,3,658,0.55,8,0.05301375252821918,0.20793072421605402
1163,3,659,0.8,8,0.028273882047179767,0.20352563925125278
1163,3,663,0.55,9,0.03512602981100365,0.24271276818688423
1163,3,666,0.6000000000000001,8,0.03606399751254596,0.2264288448772968
1163,3,670,0.6000000000000001,15,0.0321047880779467,0.22283929021191054
1164,4,0,0.6000000000000001,9,0.02745712618816068,0.15507425164631003
1164,4,1,0.55,11,0.049859927644343216,0.17949764611075578
1164,4,2,0.75,9,0.051167097940021555,0.16597404552407985
1164,4,3,0.75,8,0.04735285482226695,0.18678494803092083
1164,4,4,0.7000000000000001,12,0.04358854718271305,0.1716307932030329
1164,4,5,0.6000000000000001,7,0.03020420694783702,0.16283578614388006
1164,4,6,0.8,6,0.032302377834052966,0.1297397239401502
1164,4,7,0.7000000000000001,8,0.0348295706949097,0.16843795495012875
1164,4,8,0.8500000000000001,2,0.09177729647452361,0.16489634869610387
1164,4,9,0.6000000000000001,2,0.022773010734690183,0.159048511944685
1164,4,10,0.75,12,0.04744424746634238,0.1895941657663527
1164,4,11,0.45,10,0.04221793429881743,0.1969756640344421
1164,4,12,0.7000000000000001,9,0.048396810779977574,0.20763503830117688
1164,4,13,0.75,10,0.0493743113946516,0.18709121480495858
1164,4,14,0.9,9,0.05036654736310059,0.1716458099085355
1164,4,15,1.0,12,0.03955007527743414,0.19362497951289523
1164,4,16,0.9,12,0.03298380504862987,0.20913278444038308
1164,4,17,0.6000000000000001,4,0.027495846161114647,0.17421915762525952
1164,4,18,1.0,11,0.04710655898850659,0.18702392101069584
1164,4,19,0.5,5,0.037822968743161225,0.19569286868205837
1164,4,20,0.65,10,0.046104855093712725,0.20891001367049128
1164,4,21,0.5,8,0.03543907874362207,0.23059408819637942
1164,4,22,0.8500000000000001,12,0.04859980282524588,0.18656754830683298
1164,4,23,0.5,14,0.033002809040453,0.20057010671357617
1164,4,24,0.8500000000000001,12,0.04146066574716756,0.17732672393832274
1164,4,25,0.5,13,0.04261238475114186,0.20618894688255424
1164,4,26,0.8500000000000001,2,0.052833428634792894,0.13779258660222088
1164,4,27,0.55,10,0.034231627288493244,0.1943857475175657
1164,4,28,0.75,10,0.0518777980021554,0.16744938686771152
1164,4,29,0.55,9,0.04110060400996128,0.21937037087688052
1164,4,30,0.75,5,0.05279402868942129,0.1673406245865219
1164,4,31,0.8500000000000001,4,0.0495657590153536,0.15895725150661869
1164,4,32,0.75,14,0.04062043872291297,0.20017479511983233
1164,4,33,0.8,10,0.038419316235707573,0.20305036352675984
1164,4,34,0.6000000000000001,11,0.053819173815631255,0.18918928116773473
1164,4,35,0.8500000000000001,11,0.040492285258002796,0.2113122233158606
1164,4,36,0.8500000000000001,19,0.03427506010718802,0.1828578179895989
1164,4,37,0.7000000000000001,2,0.05590133283613861,0.13996192246702313
1164,4,38,0.75,5,0.08043002413262226,0.21088622065267507
1164,4,39,0.9,6,0.03397593646927486,0.1682740346319854
1164,4,40,0.5,8,0.034314299043307676,0.1968871100454848
1164,4,41,0.6000000000000001,9,0.0569763779196089,0.19171776894099424
1164,4,42,0.9,7,0.04689064483012164,0.17947681172549507
1164,4,43,0.65,19,0.04674022989616266,0.1927339880274068
1164,4,44,0.9500000000000001,5,0.04141125923813764,0.14497415846227685
1164,4,45,0.55,8,0.04784727759588459,0.18010200247259073
1164,4,46,0.9,9,0.04173444787607968,0.1793792782293472
1164,4,47,0.9500000000000001,7,0.011482093540278557,0.18157283934869553
1164,4,48,0.6000000000000001,6,0.034371423974530135,0.20400182066024986
1164,4,49,0.75,13,0.04737683075223532,0.1774034105512779
1164,4,50,0.8500000000000001,13,0.03897249431929533,0.18832333071000884
1164,4,51,0.8500000000000001,11,0.056018306207184454,0.18037217360677285
1164,4,52,0.7000000000000001,11,0.04919871399215989,0.1781024282680951
1164,4,53,0.55,10,0.03632935670230409,0.18936774601723333
1164,4,54,0.55,8,0.046531008568265315,0.213081565717095
1164,4,55,0.9500000000000001,10,0.03544130427966232,0.1631027547416221
1164,4,56,0.7000000000000001,11,0.030054561321751338,0.1907742951015385
1164,4,57,0.55,17,0.05661964502666864,0.2021258895481783
1164,4,58,0.65,10,0.03435013130031814,0.21901105438508991
1164,4,59,0.9,3,0.11169426335974021,0.1712402411336318
1164,4,60,0.9500000000000001,4,0.04601137356478088,0.15143690569372495
1164,4,61,0.7000000000000001,6,0.04285607964377487,0.188528688904589
1164,4,62,0.8500000000000001,15,0.03289074024366165,0.19859897014649236
1164,4,63,0.65,3,0.016287565425690865,0.11522932035295581
1164,4,64,0.9,2,0.027428690329270908,0.12792633243512153
1164,4,65,0.65,10,0.04902613511145998,0.1756650509709086
1164,4,67,0.9,8,0.03653470294256628,0.17452833660771255
1164,4,68,0.6000000000000001,8,0.03227554965385706,0.22280485809014308
1164,4,69,0.7000000000000001,7,0.06014796364185176,0.17913443250535235
1164,4,70,0.55,5,0.06095052481622982,0.20539677014230504
1164,4,71,0.7000000000000001,6,0.02612134602137656,0.14879813753186166
1164,4,72,0.8500000000000001,10,0.05036102025975203,0.20909867127876963
1164,4,73,0.5,14,0.041762869105425676,0.1923889147628946
1164,4,74,0.75,10,0.040583301075971134,0.19671718327161014
1164,4,75,0.55,11,0.04439863126890927,0.1897600141137098
1164,4,76,0.7000000000000001,9,0.05596917704218694,0.17596168527721437
1164,4,77,0.65,12,0.05035481662847485,0.19178640887375262
1164,4,78,0.75,9,0.04138605462906064,0.18064539474998448
1164,4,79,0.75,9,0.04009215095856936,0.18517990681278407
1164,4,80,0.6000000000000001,8,0.01698556833403908,0.2121344039105502
1164,4,81,0.7000000000000001,11,0.04373630376604608,0.17201942026027942
1164,4,82,0.8,10,0.0442213450086074,0.20490031241770482
1164,4,83,0.7000000000000001,9,0.047340714887854476,0.18309279631016154
1164,4,84,0.6000000000000001,7,0.03208679303257691,0.20522429611062368
1164,4,85,0.55,8,0.037959565060584746,0.1859731521807312
1164,4,86,0.7000000000000001,9,0.04453860048787933,0.21009278452534336
1164,4,87,0.65,13,0.04626980223730348,0.1878432570318542
1164,4,88,0.6000000000000001,10,0.04508601117354983,0.16763877688795908
1164,4,89,0.9,13,0.04277875989267212,0.17742924035333763
1164,4,90,0.75,3,0.050972635728425655,0.2079627128784575
1164,4,91,0.75,11,0.04324101370566465,0.19662562279131504
1164,4,93,0.6000000000000001,9,0.023485321278313948,0.18615553810881946
1164,4,94,0.45,12,0.03357868160714612,0.19775928124352019
1164,4,95,0.8500000000000001,8,0.047301332716001857,0.20733123174843127
1164,4,96,0.8500000000000001,10,0.04046270512738756,0.19389334580100376
1164,4,97,0.65,6,0.03858209802944712,0.21227897559807488
1164,4,98,0.9500000000000001,12,0.04531318429401083,0.20431127048061226
1164,4,99,0.55,8,0.03760548618389886,0.18854141054030132
1164,4,100,0.8500000000000001,15,0.05139711395333019,0.19878267409404737
1164,4,101,0.6000000000000001,9,0.041581976080302896,0.22562270110533433
1164,4,102,0.7000000000000001,11,0.03843845067176228,0.19693440731706416
1164,4,103,0.8500000000000001,11,0.03434908607828049,0.1812333560200565
1164,4,104,0.7000000000000001,11,0.03269996568537575,0.18634367293105883
1164,4,105,0.65,13,0.03566819648867006,0.21361823836941532
1164,4,106,0.8,9,0.05199267605441808,0.16901380271982835
1164,4,107,0.75,10,0.04688545587176154,0.18700293529972373
1164,4,109,0.6000000000000001,13,0.027723590505209793,0.21032266011668294
1164,4,110,0.8,11,0.04710266383818726,0.1974609140879936
1164,4,111,0.9,7,0.046144403210680494,0.1620856380350777
1164,4,112,0.6000000000000001,10,0.040165532466534974,0.19848719104508233
1164,4,113,0.9,10,0.046854624274016446,0.20262482672733778
1164,4,116,1.0,15,0.04869129004533628,0.18400635135114182
1164,4,117,0.45,8,0.030943441660759692,0.1771566704828921
1164,4,119,0.65,9,0.03731709010559679,0.16744864413222516
1164,4,120,0.6000000000000001,8,0.045720954115089786,0.19941784287483855
1164,4,121,0.9,6,0.046561804245557725,0.14813601694059214
1164,4,122,0.55,11,0.05045541359041127,0.18608480966612895
1164,4,123,0.7000000000000001,14,0.03756655367689394,0.20490757297539194
1164,4,124,0.65,7,0.034890193520582174,0.19613201380980758
1164,4,125,1.0,6,0.030968280485814667,0.15104643816298224
1164,4,128,0.75,9,0.05514064716324052,0.17209490934351931
1164,4,129,0.6000000000000001,9,0.040877636170265894,0.18448645941232222
1164,4,131,0.65,19,0.047344872555563876,0.19314959439736046
1164,4,133,0.55,6,0.050703332461632666,0.21818270548836102
1164,4,134,0.45,8,0.019981847170496635,0.21642736277391636
1164,4,135,0.8,14,0.03204717886330401,0.1907289080697208
1164,4,136,0.5,10,0.034930899577393336,0.2087887946032096
1164,4,137,0.75,12,0.03923172991647541,0.1862502017487605
1164,4,138,0.6000000000000001,6,0.02564197155299997,0.2034953051414902
1164,4,139,0.55,14,0.045628288272472485,0.19016184865225502
1164,4,140,0.8500000000000001,9,0.03191480980043491,0.17220327496555232
1164,4,142,0.45,10,0.02989214527506157,0.2072503450601885
1164,4,144,0.9500000000000001,10,0.0471425645256799,0.18363624969394207
1164,4,145,0.7000000000000001,8,0.04846170022135573,0.20730505633854834
1164,4,147,0.9500000000000001,12,0.04690995237722429,0.18644954273694445
1164,4,148,0.65,8,0.03527657533707329,0.20567691761344126
1164,4,151,0.9,7,0.046317659539976436,0.19061582085906387
1164,4,153,0.55,7,0.03481829158557791,0.15957701880542458
1164,4,157,0.5,6,0.02326618140706547,0.20065093128290776
1164,4,161,0.55,10,0.04047227685165657,0.22402852732067585
1164,4,162,0.8,15,0.04120317535304925,0.1857552562927793
1164,4,167,0.45,9,0.045372453209260075,0.18588372520658125
1164,4,169,0.65,18,0.032986630697999925,0.20090337592849764
1164,4,172,0.65,12,0.03514440714146976,0.18603397847704364
1164,4,173,0.6000000000000001,14,0.04340825277972991,0.2133892030904216
1164,4,174,0.8,12,0.03930332476105485,0.18997751380107197
1164,4,175,0.5,13,0.03672418547272276,0.2103367232010927
1164,4,178,0.8,12,0.02574136042435261,0.21466731750666312
1164,4,182,0.5,10,0.02826182334990649,0.1936208600898041
1164,4,183,0.55,11,0.0488332819568382,0.18230590856289142
1164,4,185,0.55,14,0.05094024003531735,0.20068965684187753
1164,4,187,0.6000000000000001,11,0.029263296199043762,0.20395058322384074
1164,4,190,0.55,11,0.035734439615915575,0.1812903047028619
1164,4,197,0.55,10,0.0448988926539276,0.1909653287392059
1164,4,198,0.4,8,0.05765789291365685,0.17976550027120136
1164,4,200,0.7000000000000001,12,0.02876944071413212,0.23321177009713423
1164,4,204,0.8,9,0.0468775126885295,0.16799558149815544
1164,4,206,0.65,8,0.030839370996700248,0.21512058858120858
1164,4,207,0.55,8,0.06925368108740958,0.20675311371478317
1164,4,208,0.65,16,0.03255061218002657,0.1911766560172677
1164,4,210,0.4,11,0.04688927525884711,0.16438122807870545
1164,4,214,0.65,7,0.0389545951760244,0.19884320641846312
1164,4,217,0.7000000000000001,7,0.0363762819906411,0.19723741572848524
1164,4,218,0.45,8,0.03918093275589039,0.18895811127022194
1164,4,228,0.5,14,0.03551891042688266,0.19388777893470227
1164,4,239,0.8,13,0.030824577611205443,0.1977269346509084
1164,4,240,0.65,11,0.057387567400863544,0.198477902593735
1164,4,246,0.6000000000000001,12,0.02621141323959704,0.2110051588488672
1164,4,247,0.75,8,0.0446356112577755,0.20140405785926063
1164,4,256,0.8500000000000001,10,0.04869151392605893,0.20717937933827485
1164,4,257,0.8500000000000001,16,0.03528709361438837,0.18981180496960495
1164,4,263,0.7000000000000001,13,0.04650983641092425,0.20591938915421967
1164,4,264,0.9,11,0.026477431180164948,0.20003853935946306
1164,4,267,0.65,9,0.024916764012539783,0.20412982701466234
1164,4,270,0.5,13,0.03769758047260624,0.18142785151536145
1164,4,273,0.9500000000000001,15,0.04832222928735673,0.19907565787904155
1164,4,279,0.9,7,0.0480587475785301,0.1857885450874419
1164,4,281,0.7000000000000001,8,0.03926486692826828,0.18345499452339298
1164,4,284,0.45,9,0.04865835910579108,0.19457724745700533
1164,4,288,0.65,7,0.04454934562447106,0.18290209558068077
1164,4,292,0.9,10,0.043927787774591075,0.19596918622160048
1164,4,295,0.6000000000000001,7,0.028890799651650607,0.19010957381826385
1164,4,296,0.55,5,0.029463264649376594,0.19594461830622137
1164,4,302,0.65,7,0.044449764451376175,0.20524653153001124
1164,4,309,0.65,12,0.026428012900774435,0.20798463358850874
1164,4,317,0.65,7,0.0462644044363057,0.19686178353236589
1164,4,319,0.65,9,0.03363417025237991,0.23086597932703423
1164,4,323,0.55,9,0.05081122672892592,0.17470968550910196
1164,4,325,0.55,10,0.036704083687014,0.2166793247731474
1164,4,329,0.5,11,0.04552361221172338,0.21091741064115743
1164,4,331,0.5,10,0.04707986271627247,0.20064206551538483
1164,4,333,0.8,10,0.044996809930554715,0.1874789407027806
1164,4,334,0.7000000000000001,9,0.04559961355940076,0.1974175694597919
1164,4,345,0.55,8,0.037434940925960544,0.1947003716491668
1164,4,350,0.45,10,0.037408882824070164,0.18183375569937205
1164,4,361,0.6000000000000001,10,0.031107008815614925,0.20773396161844504
1164,4,362,0.45,9,0.03330238293500472,0.20350968706202355
1164,4,363,0.55,14,0.02203643332147557,0.20083200486009486
1164,4,365,0.8,12,0.03690083689256548,0.19219476570089755
1164,4,367,0.6000000000000001,11,0.05410495021434603,0.19604728852992467
1164,4,374,0.9,10,0.04540985513806647,0.22143342150572773
1164,4,381,0.5,13,0.038844062564850165,0.19201088173063244
1164,4,383,1.0,11,0.02916878749385328,0.18804945487191074
1164,4,388,0.55,13,0.04280232444635382,0.21144810701996578
1164,4,389,0.6000000000000001,10,0.041909298020365957,0.21392489102056045
1164,4,390,0.7000000000000001,10,0.03134654998714171,0.19232302412900643
1164,4,395,0.6000000000000001,10,0.05410107005780871,0.19956002832020864
1164,4,403,0.55,7,0.027870560856138538,0.20388763480566116
1164,4,415,0.55,8,0.039858917314138695,0.19712165003382098
1164,4,419,0.35000000000000003,9,0.04320807255477614,0.18448479517303884
1164,4,426,0.6000000000000001,13,0.02760013616800793,0.21089779434510195
1164,4,428,0.8,9,0.03787196338811414,0.20633272954032972
1164,4,430,0.55,11,0.0434152668579966,0.17460585847348262
1164,4,431,0.65,7,0.05994724861319754,0.21203922309001716
1164,4,436,0.45,10,0.03297246414117561,0.18952456664007095
1164,4,441,0.8,8,0.026638488809388045,0.18612216788328598
1164,4,443,0.7000000000000001,6,0.05277606947772848,0.21435818511745242
1164,4,455,0.55,6,0.047764617750793846,0.16914724094630504
1164,4,458,0.6000000000000001,10,0.05732478963809815,0.18809246700559207
1164,4,460,0.45,12,0.042581654379511176,0.19994916902567947
1164,4,466,0.5,9,0.03399399066472655,0.202880125490939
1164,4,468,0.65,9,0.03443056255467267,0.17930066737088646
1164,4,480,0.65,7,0.03645177890261718,0.1791048442843989
1164,4,488,0.6000000000000001,10,0.05724469854547235,0.20859568431690262
1164,4,491,0.6000000000000001,7,0.03977666408620676,0.19409627764787643
1164,4,493,0.65,6,0.04679891495913611,0.1990059535508377
1164,4,504,0.6000000000000001,9,0.0458183624899849,0.18994238358728915
1164,4,505,0.4,8,0.037274968440753065,0.19399965148882928
1164,4,506,0.45,11,0.04111443839290526,0.18627365872526006
1164,4,513,0.55,9,0.03453958793409515,0.2165729950118159
1164,4,522,0.65,7,0.04205177125526791,0.21166694586866797
1164,4,523,0.45,8,0.039496328295953426,0.20229650175302805
1164,4,529,0.5,7,0.04808655518563541,0.18386591161294238
1164,4,534,0.6000000000000001,12,0.03561156986494886,0.2015143545958272
1164,4,540,0.55,14,0.03454941426074086,0.19188210958718097
1164,4,542,0.55,7,0.02295826963756761,0.19049256074982934
1164,4,564,0.5,12,0.03322797274742736,0.20092994414566082
1164,4,574,0.6000000000000001,8,0.03793360235297137,0.1675740948093758
1164,4,599,0.6000000000000001,13,0.02942386492061509,0.20258856300659558
1164,4,600,0.65,6,0.03312212166278743,0.22140178209377037
1164,4,611,0.4,12,0.04339190713546798,0.21309063431107664
1164,4,613,0.75,13,0.051304366364764806,0.19519046856858635
1164,4,618,0.45,16,0.03221959961663641,0.20538734333018735
1164,4,625,0.7000000000000001,8,0.050139605102614344,0.21304055482664405
1164,4,628,0.5,8,0.03430931672571543,0.19707179506009742
1164,4,637,0.55,8,0.028723463186641075,0.22591452698196363
1164,4,644,0.55,7,0.03804716234151429,0.2329510432238317
1164,4,649,0.6000000000000001,9,0.02848471917180578,0.1906213405706199
1164,4,650,0.5,9,0.04634268656958519,0.2118454831608599
1164,4,651,0.6000000000000001,10,0.027700831556093857,0.18839817473715803
1164,4,659,0.5,8,0.04891342074649919,0.19137456200021516
1164,4,671,0.6000000000000001,13,0.026747411012780373,0.21444099588962237
1164,4,674,0.6000000000000001,15,0.04155475567282145,0.21633972025479278
1164,4,675,0.5,12,0.0347979213842525,0.22481090126507378
1164,4,677,0.8,13,0.040832501209343335,0.20169239091714616
1164,4,678,0.75,11,0.0524412617534869,0.18961701308485424
1165,0,0,0.55,6,0.023160203580304236,0.19206655436345774
1165,0,1,0.75,8,0.05941738986437849,0.2113679060214025
1165,0,2,0.65,9,0.05282667896867147,0.18418076564166283
1165,0,3,0.9,7,0.024127142916696313,0.1466147960529201
1165,0,5,0.9500000000000001,3,0.09675887404212317,0.19539488989731824
1165,0,6,0.9,3,0.04184596301143584,0.13278789608819205
1165,0,7,0.7000000000000001,16,0.04022319683773352,0.19465014720782903
1165,0,8,0.65,7,0.042726970118212144,0.18747967114119835
1165,0,9,0.7000000000000001,4,0.020141517153572756,0.15445321852539887
1165,0,10,0.75,13,0.049515723667225044,0.19874869245640833
1165,0,11,0.75,4,0.05732868170578991,0.1812976531515901
1165,0,12,1.0,6,0.03413541934373936,0.14658636543056883
1165,0,13,0.65,8,0.058278102102622,0.19311244524125817
1165,0,14,0.6000000000000001,8,0.03118672729538208,0.16465716323792626
1165,0,15,0.9,12,0.0476032485224926,0.19740555727109577
1165,0,16,0.9,11,0.04437972717574257,0.18628704350718783
1165,0,17,0.9,5,0.03212872099172237,0.1417879333538496
1165,0,18,0.75,13,0.06793485236502579,0.20966040594567442
1165,0,21,0.8500000000000001,17,0.0389705942710311,0.17439345289885763
1165,0,22,0.75,13,0.03998223834609917,0.22646361225336042
1165,0,23,0.6000000000000001,11,0.05125274626669031,0.19380825245637323
1165,0,24,0.8,8,0.048824553447764374,0.18639829116966572
1165,0,25,0.75,11,0.02708575299256634,0.1873670758891612
1165,0,26,0.75,10,0.048946616543854946,0.21178793912003596
1165,0,27,0.7000000000000001,8,0.04403408654543784,0.16386697870826583
1165,0,28,0.9500000000000001,10,0.04458149041281887,0.18753584316083552
1165,0,29,0.65,7,0.05036564186423854,0.20445062555336418
1165,0,30,0.75,10,0.03888758706872616,0.15410918457573858
1165,0,31,1.0,6,0.031550288457408336,0.15521708123757105
1165,0,32,0.75,10,0.023482899321625533,0.15623965022755068
1165,0,34,0.7000000000000001,9,0.041596583315417116,0.18303884601042753
1165,0,36,0.7000000000000001,11,0.03520956615981208,0.17805138621625496
1165,0,37,0.6000000000000001,9,0.048523099148400174,0.19463104577736637
1165,0,38,0.5,10,0.04768724590785489,0.18621497466927645
1165,0,39,0.6000000000000001,7,0.02930580107731564,0.16405505837136203
1165,0,40,0.75,9,0.056350386230322146,0.2080358634409043
1165,0,41,0.6000000000000001,12,0.054675536626260804,0.1918771120856612
1165,0,42,0.75,8,0.03320150767987436,0.15763697311617644
1165,0,43,0.9,13,0.052892215369823574,0.17670573838471307
1165,0,44,0.75,11,0.040288889152973364,0.17369341843951694
1165,0,45,0.65,7,0.03949808797224611,0.20371242538575432
1165,0,46,1.0,14,0.04775321966752227,0.17551088768424222
1165,0,47,0.75,12,0.05446734699326116,0.1993153970308634
1165,0,49,1.0,14,0.04751946811282676,0.18493777308290782
1165,0,50,0.7000000000000001,8,0.042154968923512434,0.2116894191696217
1165,0,51,0.65,11,0.04562892225654837,0.17488662996101564
1165,0,52,0.7000000000000001,7,0.049337638083861546,0.19722102071903516
1165,0,55,0.75,11,0.059832237144276726,0.21177958224519253
1165,0,59,0.75,11,0.05566579368707067,0.19034539914135254
1165,0,60,0.65,9,0.049339827983775994,0.20582174284138208
1165,0,61,0.8,6,0.050168372366120574,0.16723487505959744
1165,0,62,0.8,9,0.03658719123170164,0.15468216786487787
1165,0,63,0.7000000000000001,6,0.04664870178116499,0.2220171278403619
1165,0,64,0.8,8,0.05475228234794095,0.17743157058150838
1165,0,65,0.8,7,0.0378413411030217,0.16090542870363236
1165,0,66,0.6000000000000001,7,0.03743733409818257,0.2157671662583267
1165,0,67,0.8500000000000001,9,0.04262907067340046,0.1722421832740616
1165,0,68,0.7000000000000001,8,0.042433307784382444,0.20344100455836522
1165,0,71,0.75,8,0.04157792594970743,0.16463379374331932
1165,0,72,0.65,7,0.035748325718552264,0.23541439899660152
1165,0,73,0.9,10,0.0640776270558481,0.1703973250058676
1165,0,76,0.75,8,0.050460198591534784,0.19396378318876067
1165,0,77,0.9,7,0.04823334742314825,0.19627419208686914
1165,0,78,0.65,10,0.04490017235468368,0.2290965283576655
1165,0,80,0.8500000000000001,7,0.03723387966284472,0.14538066610518469
1165,0,81,0.55,8,0.022761575872616055,0.17881671219051015
1165,0,84,0.75,12,0.0483482189123556,0.20754926548497557
1165,0,85,0.6000000000000001,17,0.04448810270963274,0.19602736327919487
1165,0,86,1.0,5,0.06429736963003459,0.2146430089286154
1165,0,89,0.75,8,0.0557104360566429,0.1977555696345829
1165,0,90,0.7000000000000001,13,0.05663958342618086,0.1908148735538343
1165,0,91,0.9,11,0.04361257526076485,0.20513581319943955
1165,0,92,0.8,13,0.0507851665461489,0.21391923076958086
1165,0,94,0.7000000000000001,7,0.049037541725207245,0.183040971727309
1165,0,97,0.8500000000000001,12,0.05108067213836729,0.21035124046270356
1165,0,98,0.6000000000000001,8,0.05720975411806661,0.2060351709210712
1165,0,99,0.55,9,0.04321429045376332,0.17915937544398347
1165,0,100,0.55,8,0.04828112591505014,0.19237833830263457
1165,0,102,0.6000000000000001,8,0.03994997050674846,0.19263989993459993
1165,0,103,0.8500000000000001,14,0.053533207630242205,0.19381482524952465
1165,0,105,0.45,19,0.04304979524090271,0.1858041809658367
1165,0,106,0.55,12,0.04631514108658117,0.22424840837324875
1165,0,108,0.8,18,0.043454142672298635,0.2099583128894523
1165,0,110,0.55,9,0.04704984014937972,0.19730382300883514
1165,0,112,0.75,9,0.020397070911827023,0.1467462182677932
1165,0,113,0.9,14,0.0417836972574383,0.19308008735605617
1165,0,114,0.9500000000000001,11,0.04259499306371222,0.17471948128630527
1165,0,115,0.9,7,0.01912645247664156,0.17213645050132897
1165,0,117,0.8,5,0.03164774503231802,0.1719113639286205
1165,0,120,0.7000000000000001,11,0.04613051396190679,0.18636248882532075
1165,0,126,0.8,8,0.05076642854006096,0.19668031484551776
1165,0,127,0.6000000000000001,12,0.03993082649415972,0.2178345923376974
1165,0,130,0.6000000000000001,9,0.060556911734003835,0.20056099244042452
1165,0,131,0.9,14,0.03824653653335029,0.185191857219361
1165,0,133,0.7000000000000001,8,0.03786218875590607,0.19680917042419963
1165,0,136,0.8,7,0.06428795358965253,0.2005819490037662
1165,0,137,0.75,11,0.05247667959008833,0.2142653677019025
1165,0,141,0.55,13,0.053317110022460965,0.1942359448000528
1165,0,146,0.7000000000000001,9,0.047858039323720875,0.21795774980289642
1165,0,147,0.6000000000000001,11,0.050447968231680816,0.18890163709061622
1165,0,149,0.9,6,0.06534121947187499,0.1823979174659206
1165,0,150,0.75,9,0.044207236547609885,0.17814860531868934
1165,0,151,0.65,10,0.05836669874125587,0.2042710760380589
1165,0,153,0.55,13,0.060180978028540576,0.20510501199080367
1165,0,156,0.65,14,0.06080534854531494,0.18175418452009892
1165,0,157,0.6000000000000001,12,0.045741059228770836,0.21742385365982606
1165,0,158,0.9,9,0.037861368502106404,0.21008363825318246
1165,0,159,0.65,9,0.04924128992658642,0.19615449503470062
1165,0,161,0.6000000000000001,7,0.04988830466689744,0.21155275611755275
1165,0,166,0.55,8,0.04165315994574773,0.17856855301113633
1165,0,170,0.8500000000000001,12,0.05502491419955093,0.19430183589227243
1165,0,172,0.6000000000000001,9,0.06520201532655588,0.1940934389350407
1165,0,174,0.75,12,0.05617247023112401,0.1863706765767085
1165,0,179,0.65,8,0.03981520655352777,0.1844826961213455
1165,0,180,0.6000000000000001,9,0.05601887545849994,0.22220466651409088
1165,0,184,0.6000000000000001,9,0.05099437451038017,0.19444992864698116
1165,0,185,0.9,7,0.04439036784118991,0.2045662753551118
1165,0,186,0.6000000000000001,13,0.05150157130604484,0.2008316465856794
1165,0,191,0.9,7,0.05826988794066519,0.2024827262922024
1165,0,192,0.8500000000000001,17,0.04552806791463762,0.1962621407008791
1165,0,193,0.65,6,0.023578562052459718,0.1748589517557386
1165,0,196,0.55,9,0.0543367482646595,0.20694555680325297
1165,0,203,0.6000000000000001,10,0.053045581797236924,0.19720813225984604
1165,0,204,0.65,10,0.038236307035201964,0.16339594181315514
1165,0,205,0.5,8,0.052028176717582815,0.20461279747857308
1165,0,206,0.55,12,0.04072128736088516,0.17494669464164203
1165,0,207,0.65,7,0.0513937765007186,0.188427738990504
1165,0,209,0.7000000000000001,9,0.04891738400611567,0.2133969543141112
1165,0,210,0.65,6,0.02718295037309112,0.17178274431189164
1165,0,212,0.75,8,0.056380176195797445,0.20585022886610968
1165,0,214,0.75,16,0.043387278537491636,0.20826051066154833
1165,0,216,0.7000000000000001,7,0.0370888338761286,0.20138598383506331
1165,0,218,0.6000000000000001,10,0.04086345093772285,0.20606765897448973
1165,0,221,0.8,11,0.05801793166191312,0.19508078695009018
1165,0,228,0.7000000000000001,7,0.05030747547775346,0.23319070331398956
1165,0,231,0.8,12,0.05894307184072516,0.20848987967910826
1165,0,244,0.55,10,0.05113794740312731,0.18146396493120032
1165,0,248,0.55,9,0.03148300263914267,0.18744874009782017
1165,0,250,0.7000000000000001,9,0.05494009715460701,0.19783636365952123
1165,0,257,0.7000000000000001,15,0.039410323485337774,0.21371288437876945
1165,0,261,0.75,11,0.04223033939709197,0.1676799542889696
1165,0,263,0.55,6,0.041681840821125776,0.21546121694627454
1165,0,264,0.8,8,0.03604795551866502,0.18096796209701788
1165,0,266,0.7000000000000001,10,0.05118467940891861,0.21406663591179034
1165,0,269,0.6000000000000001,13,0.03827138694587913,0.20688107211306822
1165,0,270,0.9,7,0.06657115655279973,0.1848103623478236
1165,0,271,0.65,12,0.047951650811835264,0.19264598492440568
1165,0,272,0.65,10,0.043215741507701265,0.21119663045074438
1165,0,273,0.7000000000000001,13,0.05612042300632485,0.1863203137564475
1165,0,274,0.7000000000000001,11,0.05453438548983613,0.19047139532378218
1165,0,275,0.6000000000000001,9,0.04161210198113382,0.17643263806874093
1165,0,277,0.65,8,0.047287190209521414,0.18416823424835518
1165,0,281,0.6000000000000001,8,0.05640350645566076,0.19735447733552108
1165,0,283,0.65,13,0.047609044076515235,0.18163383266157201
1165,0,285,0.5,6,0.04580064558946934,0.18511772324009046
1165,0,286,0.65,9,0.04225614106308152,0.19552707699620767
1165,0,287,0.7000000000000001,8,0.05765305521067642,0.2212674458365762
1165,0,289,0.6000000000000001,13,0.045846673829599775,0.19764604937183133
1165,0,295,0.75,16,0.0442960398260002,0.19524007994137751
1165,0,297,0.7000000000000001,8,0.046017484338608916,0.1691269762399085
1165,0,298,0.65,10,0.0626507809730036,0.21746512212299254
1165,0,305,0.6000000000000001,10,0.03729221330348729,0.17279567697397805
1165,0,307,0.7000000000000001,8,0.048837960262276055,0.23143806565691616
1165,0,310,0.6000000000000001,7,0.012420261359410942,0.19122788658049075
1165,0,311,0.6000000000000001,16,0.05445176455679654,0.20238638348308766
1165,0,314,0.65,10,0.03852164126083819,0.2355372651480859
1165,0,319,0.8500000000000001,8,0.054021429291110895,0.19496155581642663
1165,0,326,0.65,9,0.0511779559081647,0.1937086770625567
1165,0,327,0.8,7,0.06216438302894824,0.22034907878891127
1165,0,333,0.7000000000000001,10,0.03470395031588633,0.21361060651503214
1165,0,336,0.7000000000000001,6,0.052602684498420246,0.16138787915032735
1165,0,339,0.75,9,0.05225622082543821,0.17658931635554184
1165,0,340,0.7000000000000001,8,0.028077960763828444,0.17963278608606886
1165,0,350,0.65,14,0.05593455659817885,0.18770573580497962
1165,0,352,0.75,7,0.02854174058974733,0.22668220247773513
1165,0,353,0.7000000000000001,15,0.034237529359570494,0.20168494288094765
1165,0,355,0.65,7,0.04328287223062486,0.2002047689484599
1165,0,356,0.8,13,0.05674710476383416,0.19783200364881828
1165,0,357,0.9500000000000001,8,0.049937729640908896,0.2119123270613864
1165,0,358,0.6000000000000001,12,0.05700883218624733,0.2084242072391267
1165,0,362,0.65,10,0.050623067890215014,0.1767028618448284
1165,0,364,0.6000000000000001,8,0.043815778851284785,0.22630383759015124
1165,0,366,0.6000000000000001,7,0.03562825826423478,0.2242335331577387
1165,0,370,0.8,9,0.05102512060408119,0.21031819591038192
1165,0,371,0.7000000000000001,13,0.055633012370119334,0.20072116678854618
1165,0,372,0.7000000000000001,8,0.03630269117951797,0.20991905558803053
1165,0,378,0.8500000000000001,8,0.04279081706537147,0.19556288981248343
1165,0,380,0.6000000000000001,7,0.05416147243591756,0.18021787580703172
1165,0,381,0.55,12,0.06755959887218885,0.20557275117043394
1165,0,392,0.75,14,0.05839176977841617,0.21046636931773358
1165,0,393,0.7000000000000001,5,0.04516686772986781,0.2233920834237099
1165,0,396,0.65,7,0.05398349523201794,0.1966392541429132
1165,0,399,0.65,9,0.042761912060847625,0.20279062126977307
1165,0,410,0.65,9,0.0309128853683745,0.17964671175391908
1165,0,412,0.65,8,0.04201432271833445,0.16836685489080855
1165,0,415,0.65,11,0.042960419058636054,0.18703138565573932
1165,0,419,0.75,13,0.052701669996831256,0.19416766508450162
1165,0,420,0.55,14,0.05451157889880127,0.18221332819811414
1165,0,425,0.65,9,0.048614948067561864,0.213536800864804
1165,0,439,0.55,14,0.0556348224585907,0.20987427779015724
1165,0,440,0.8500000000000001,14,0.05275183629445629,0.2038221238691912
1165,0,447,0.75,8,0.05582371160762036,0.18683216592633933
1165,0,449,0.8,7,0.05649328772521343,0.21712822166062298
1165,0,460,0.6000000000000001,9,0.05320616478172668,0.182966325645654
1165,0,466,0.75,9,0.05054154572673435,0.21098414383128944
1165,0,471,0.7000000000000001,10,0.06071554773849054,0.2134062878934131
1165,0,472,0.65,11,0.045184028029166615,0.1850158712476491
1165,0,473,0.65,13,0.048407047558988274,0.1970108168927504
1165,0,486,0.55,12,0.05603375150763423,0.19347530322690917
1165,0,487,0.65,7,0.05662146308788801,0.1871015832392164
1165,0,491,0.65,10,0.04149102055710077,0.21486413659168796
1165,0,494,0.55,16,0.04978904785187267,0.2141892326888403
1165,0,495,0.8,5,0.05868788428904869,0.21127919872313433
1165,0,498,0.65,7,0.044273261994203214,0.1846361078267928
1165,0,509,0.65,9,0.040540920299351905,0.18882759316448577
1165,0,512,0.75,11,0.047461489386205376,0.21864625778568347
1165,0,515,0.75,9,0.05679195822168527,0.22826990886281667
1165,0,529,0.55,11,0.03554245110377718,0.2096268903056235
1165,0,535,0.6000000000000001,10,0.05401671458266992,0.20524725200123548
1165,0,536,0.45,7,0.018459644428104202,0.16941025206637664
1165,0,542,0.8,8,0.0357324212448727,0.17518685857578947
1165,0,544,0.75,6,0.06195143800578818,0.20264873836332478
1165,0,545,0.65,10,0.04356947060839176,0.20649869095144915
1165,0,548,0.55,11,0.03642516861030278,0.2120002321169408
1165,0,550,0.7000000000000001,14,0.0502032193508624,0.20845280453981396
1165,0,553,0.6000000000000001,9,0.05165504212250942,0.20345444958421194
1165,0,556,0.65,13,0.052657764733895024,0.1830531922675706
1165,0,557,0.5,13,0.04039710822185067,0.1979316140539005
1165,0,559,0.7000000000000001,11,0.037303593872635994,0.1841923409520265
1165,0,562,0.65,17,0.05573440566107374,0.1953447233670431
1165,0,565,0.65,9,0.06396087519308512,0.18525908820647016
1165,0,566,0.55,10,0.03668316319798622,0.19308464374890594
1165,0,568,0.8,10,0.04029370301854446,0.19437051506834352
1165,0,569,0.7000000000000001,8,0.04742324984627519,0.1887476162444507
1165,0,572,0.65,9,0.0637297111442173,0.22866223784730588
1165,0,578,0.7000000000000001,9,0.04259978510424513,0.22258849559269414
1165,0,586,0.6000000000000001,8,0.05574857835565639,0.2020599862232964
1165,0,588,0.55,9,0.04296086687624435,0.201157428294746
1165,0,593,0.5,9,0.04382511399693061,0.20544775316858552
1165,0,596,0.75,8,0.05414304893005057,0.2103814058206533
1165,0,598,0.65,8,0.04737579555975074,0.1891728372648529
1165,0,602,0.55,12,0.044274093447054644,0.195414036673934
1165,0,614,0.6000000000000001,6,0.04954310365532864,0.18640874693103604
1165,0,615,0.8500000000000001,11,0.05469037825519132,0.22697181831369562
1165,0,618,0.6000000000000001,11,0.03715367229070252,0.20689021987488312
1165,0,625,0.8500000000000001,10,0.04322609773306925,0.23411373712766675
1165,0,628,0.75,13,0.053312882933587116,0.20369608838142872
1165,0,631,0.5,10,0.03146736067114651,0.1840441630055135
1165,0,638,0.7000000000000001,10,0.038106442709654006,0.19860165178231814
1165,0,642,0.65,10,0.03788768885180582,0.22511670952107501
1165,0,649,0.6000000000000001,15,0.049928715589633195,0.17721850261231217
1165,0,653,0.55,12,0.05294012570555107,0.20228735096303238
1165,0,665,0.6000000000000001,10,0.053112871264432995,0.19377652197409714
1165,0,671,0.65,7,0.03624154728749764,0.1982200092305951
1165,0,677,0.65,9,0.04639964638513063,0.18851100712099864
1165,0,682,0.9,12,0.04942875154009395,0.2031746687963104
1166,1,0,0.65,15,0.028352436647164584,0.185121072425719
1166,1,1,0.65,10,0.026487105263965756,0.18603188463856732
1166,1,2,0.9500000000000001,6,0.023097286466930583,0.16802545678461886
1166,1,3,0.8,6,0.03307812770184075,0.15298328682449772
1166,1,4,0.6000000000000001,6,0.05566878722447816,0.1783689434482448
1166,1,5,0.9,9,0.03976311444952296,0.1690047983686352
1166,1,6,0.7000000000000001,8,0.05835470492390055,0.18933915654389794
1166,1,8,0.8,11,0.03372733422724407,0.17129438668004318
1166,1,9,0.8500000000000001,12,0.03058116805366608,0.19209143792409333
1166,1,10,1.0,9,0.030758825389077007,0.16455603577745964
1166,1,11,0.65,13,0.03512909008184182,0.18997146978559615
1166,1,12,0.65,5,0.021878333664910345,0.18544352393218075
1166,1,13,0.9,10,0.03544116301768868,0.17288499312364097
1166,1,14,0.8500000000000001,13,0.027278676621051327,0.18442976459752553
1166,1,15,1.0,14,0.040743896365968,0.18332919619438853
1166,1,16,0.7000000000000001,13,0.05136624720814848,0.16627021979116247
1166,1,17,0.7000000000000001,9,0.03609867202118763,0.16137154423436378
1166,1,18,0.8500000000000001,7,0.04680900901753148,0.17559341080020854
1166,1,19,0.65,10,0.04586207088827872,0.18042048710952882
1166,1,20,0.55,10,0.043620384323258724,0.20520806248054385
1166,1,21,0.8500000000000001,12,0.029545970462928006,0.17992899047163968
1166,1,22,0.75,6,0.03336309077414029,0.1902197881824307
1166,1,23,0.8500000000000001,4,0.037561971071940585,0.1549590835565345
1166,1,24,0.8500000000000001,10,0.03585886531145333,0.195130097352233
1166,1,25,0.8,7,0.02791302594575318,0.1920576067967535
1166,1,26,0.65,7,0.04792282482996611,0.2040553082213106
1166,1,27,0.65,13,0.04047814301076947,0.1914154280348219
1166,1,28,0.8,12,0.04894690007480171,0.1789930220122612
1166,1,29,0.65,16,0.03905957168494987,0.19181426455683975
1166,1,30,0.65,2,0.04173723037209808,0.16120550843775316
1166,1,31,0.7000000000000001,9,0.04669729090715186,0.21058714130089073
1166,1,32,0.6000000000000001,9,0.027286352815691955,0.17343534838472835
1166,1,34,0.6000000000000001,9,0.024839467144250376,0.1752966481549817
1166,1,35,0.65,8,0.04796554107393622,0.17047197395886432
1166,1,36,0.75,6,0.020430531946225336,0.15570529239816763
1166,1,37,0.9500000000000001,10,0.040807845797299035,0.17466500562709786
1166,1,39,0.8500000000000001,16,0.03657307572982771,0.183949341895724
1166,1,40,0.7000000000000001,11,0.05153445814764227,0.18692345851629683
1166,1,41,0.7000000000000001,10,0.026843240971957505,0.1607986646018322
1166,1,42,0.75,6,0.024867038637796896,0.16385104599592581
1166,1,43,0.9,10,0.029057871428190753,0.16261302947288828
1166,1,44,0.7000000000000001,10,0.034685560380170934,0.1788801454450677
1166,1,45,0.6000000000000001,9,0.025886252783953234,0.19074870313630596
1166,1,46,0.6000000000000001,7,0.02812829616573074,0.16816598671001312
1166,1,47,0.9,10,0.03952320872647886,0.18833940613680983
1166,1,49,0.5,7,0.026801981764137957,0.20082117287073636
1166,1,50,0.8,6,0.029215928193715962,0.15875364253631313
1166,1,51,0.8,10,0.045359859168496795,0.19572563258794665
1166,1,53,0.7000000000000001,12,0.029315753364532935,0.2046711412673032
1166,1,54,0.55,9,0.04106158981226752,0.18440080376765405
1166,1,55,0.8,17,0.04095748590975473,0.17758248920941858
1166,1,56,0.75,8,0.03694574855782135,0.17278548633952967
1166,1,57,0.65,11,0.027072878031428233,0.17776187287735334
1166,1,58,0.8500000000000001,10,0.03377419433792666,0.16994961091748687
1166,1,59,0.65,12,0.04983446734749714,0.18122028866649553
1166,1,60,0.9500000000000001,12,0.030710662041894966,0.1704553507692893
1166,1,61,0.6000000000000001,8,0.03230487127394367,0.1622219079768055
1166,1,62,0.8,9,0.041663556474395735,0.17687162003156942
1166,1,63,0.75,12,0.033587544367346824,0.19195507257302372
1166,1,64,0.6000000000000001,10,0.03573637662780692,0.18381970924211097
1166,1,66,0.65,12,0.025603177328538822,0.16749652885597313
1166,1,67,0.8500000000000001,10,0.031838172787789096,0.1854134568813957
1166,1,68,0.6000000000000001,14,0.038929152839162796,0.20130445640588837
1166,1,69,0.75,8,0.03394685359969528,0.16849621595481606
1166,1,70,1.0,6,0.04151403051087199,0.17413374844570972
1166,1,71,0.65,11,0.03324028245043362,0.17697137541595936
1166,1,72,0.8,7,0.026811584681845895,0.15508357659720165
1166,1,73,1.0,10,0.03349740688678317,0.1787114269448217
1166,1,74,0.7000000000000001,14,0.03240803075377006,0.19248727253982137
1166,1,75,0.5,8,0.05170112655471341,0.18228135857677505
1166,1,76,0.65,12,0.03591732098710901,0.2034964418735895
1166,1,77,0.8500000000000001,6,0.05404566169081623,0.15679077826182705
1166,1,78,0.65,13,0.04335256218782524,0.2070532780217798
1166,1,79,0.55,8,0.030764892204114824,0.1937050180163803
1166,1,80,0.9500000000000001,10,0.04013201595880195,0.1713880759665723
1166,1,81,0.5,7,0.030717431602931236,0.20390986641836037
1166,1,82,0.6000000000000001,10,0.03128133818321164,0.1784365241795125
1166,1,83,0.7000000000000001,12,0.05348550575741686,0.179581503367552
1166,1,84,0.65,6,0.04113685365555156,0.2107319779286256
1166,1,85,0.55,8,0.027278776303304515,0.1977578082348284
1166,1,86,0.8,14,0.053522350031418066,0.1911561252507889
1166,1,87,0.6000000000000001,10,0.034555558994985754,0.1852910520976712
1166,1,88,0.55,13,0.042702420272115696,0.18659614087958282
1166,1,89,0.6000000000000001,8,0.032230583841329825,0.16031084778553406
1166,1,90,0.8500000000000001,5,0.04002402232802088,0.20064321514875877
1166,1,91,0.6000000000000001,6,0.026425199171156887,0.18605010416488824
1166,1,92,0.75,11,0.04829978923251909,0.18261788198521012
1166,1,93,0.9500000000000001,16,0.03463636513707438,0.1781965899918887
1166,1,94,0.9500000000000001,13,0.031991563822897875,0.1593225207173631
1166,1,96,0.6000000000000001,14,0.03356091227554986,0.18365515665223703
1166,1,97,0.75,10,0.042289697051998296,0.18162299829325662
1166,1,98,0.8,5,0.0398889010541951,0.17117172577408352
1166,1,99,0.8,7,0.04572065418319244,0.16102344863948756
1166,1,100,0.6000000000000001,7,0.030753673811120992,0.1607385184247859
1166,1,101,0.55,6,0.03294055922130696,0.17495495446173723
1166,1,102,0.75,11,0.03900855203205048,0.16023704718093937
1166,1,103,0.8,8,0.024397476567635603,0.1689364330161458
1166,1,104,0.6000000000000001,6,0.03594487614465442,0.15105353259401136
1166,1,105,0.8500000000000001,3,0.009831618983947658,0.15307647900607171
1166,1,106,0.5,10,0.03226334550614823,0.1884172616821503
1166,1,108,0.65,7,0.049138311005405104,0.22261834037910272
1166,1,111,0.5,11,0.04303234937663913,0.20017025583199166
1166,1,113,0.8500000000000001,12,0.035050343323347916,0.15757205125363097
1166,1,115,0.55,8,0.02285373983229789,0.17678755623603193
1166,1,117,0.75,12,0.021109166322433752,0.18737718337187922
1166,1,121,0.65,8,0.028150829297230902,0.20329967113768782
1166,1,122,0.75,7,0.040541047853478,0.17553178289365753
1166,1,123,0.8500000000000001,16,0.04578069991555441,0.1939725353872223
1166,1,124,0.7000000000000001,9,0.023752781219452308,0.18486068911965722
1166,1,126,0.6000000000000001,9,0.048383345457627416,0.19496872982637917
1166,1,130,0.75,8,0.022905357974341425,0.1938785791935639
1166,1,135,0.6000000000000001,9,0.019990968632599606,0.1801806944143943
1166,1,137,0.65,6,0.02197534242614579,0.16230659362600505
1166,1,140,1.0,11,0.034055849129637134,0.17544336668767355
1166,1,144,0.65,13,0.02092960104423151,0.1915741075787683
1166,1,145,0.6000000000000001,15,0.03135970530442267,0.19338231823233673
1166,1,149,0.65,8,0.03820801591542056,0.16832185965182173
1166,1,150,0.7000000000000001,9,0.022365334382970357,0.14695264371740466
1166,1,151,0.65,8,0.025799273637511198,0.1813894248450479
1166,1,152,0.65,8,0.03470248248014336,0.18001721482903396
1166,1,159,0.7000000000000001,8,0.028605041981664237,0.1962354314858306
1166,1,164,0.65,14,0.03049295921284849,0.18032552161990334
1166,1,168,0.65,11,0.02330003514812624,0.1784120578928297
1166,1,172,0.8,15,0.03128535743324993,0.1776012435987545
1166,1,181,0.7000000000000001,11,0.02530459856127004,0.18539132070004552
1166,1,182,0.6000000000000001,6,0.024196786584762445,0.1853658626521354
1166,1,185,0.8,11,0.049066934563039614,0.18448812257478647
1166,1,186,0.7000000000000001,13,0.03814826586480235,0.208524808366698
1166,1,191,0.5,10,0.03050335723516651,0.18353044318381415
1166,1,193,0.9500000000000001,9,0.032596445907216894,0.19536753105271365
1166,1,195,0.65,7,0.05278706860157913,0.17373661311907948
1166,1,199,0.6000000000000001,7,0.02926872351609262,0.17694769238040897
1166,1,200,0.6000000000000001,16,0.03430466110421381,0.18667877156566162
1166,1,202,0.55,12,0.029902043273452392,0.1788821571007667
1166,1,205,0.55,10,0.03898507805354347,0.20011019726994933
1166,1,206,0.75,17,0.038935568718127346,0.1999198836681842
1166,1,207,0.55,7,0.04212100680208516,0.19063694755209784
1166,1,209,0.55,12,0.0490698182540464,0.19115856593398628
1166,1,210,0.7000000000000001,13,0.044518995206560226,0.20876807229973635
1166,1,212,0.65,8,0.028285371493693617,0.17784837321498315
1166,1,213,0.8,12,0.0513698124869834,0.1869825177807305
1166,1,214,0.65,15,0.04182318135537087,0.17872634286346525
1166,1,223,0.65,10,0.03485485222135921,0.19576243863075132
1166,1,225,0.6000000000000001,12,0.03759951863666074,0.21760110359955623
1166,1,227,0.7000000000000001,8,0.025806795922054124,0.17500691160206472
1166,1,231,0.55,7,0.027186309169484675,0.16825308803497946
1166,1,235,0.65,9,0.028974527530720738,0.1775810096569064
1166,1,238,0.55,7,0.03327567085204879,0.16627125085052924
1166,1,256,0.6000000000000001,8,0.02367656402534261,0.20171795023347505
1166,1,257,0.5,16,0.036834898365125955,0.19071380467485907
1166,1,269,0.5,10,0.024525338571975235,0.2062100119196638
1166,1,273,0.8,7,0.05109458595926178,0.2024888714797948
1166,1,276,0.75,6,0.06986866619820707,0.20122321579454192
1166,1,281,0.55,9,0.0370791194944987,0.20382926709888774
1166,1,284,0.8,8,0.04796937132199386,0.20076660505778532
1166,1,297,0.8,6,0.05052049186814202,0.17926776549609094
1166,1,300,0.55,14,0.029076902267597,0.18057292103941588
1166,1,311,0.5,9,0.041195320594505494,0.18575635621733164
1166,1,313,0.75,9,0.03411443583488602,0.18985504790199054
1166,1,316,0.55,14,0.026805699826168032,0.1802611631413639
1166,1,319,0.65,8,0.051912648671555706,0.18643663251156697
1166,1,321,0.55,9,0.03055595456537063,0.18761055520518374
1166,1,323,0.6000000000000001,8,0.032841047225850475,0.17656229370134346
1166,1,325,0.7000000000000001,5,0.03759056819534495,0.1969765318926401
1166,1,328,0.75,11,0.035000317438926384,0.1836438298796972
1166,1,334,0.55,9,0.02736979374548666,0.18959200990929534
1166,1,343,0.65,7,0.041655098212760325,0.20762807868311942
1166,1,344,0.7000000000000001,13,0.053932254830315725,0.19565248159275156
1166,1,345,0.6000000000000001,7,0.03649876243330687,0.1950156334515317
1166,1,346,0.55,4,0.04017287733194189,0.18481557475405885
1166,1,347,0.55,6,0.03515600103775841,0.20330358525833694
1166,1,349,0.6000000000000001,8,0.04001942628552745,0.1905257873367588
1166,1,352,0.7000000000000001,12,0.029070685191789323,0.1868789931626126
1166,1,356,0.65,7,0.05091232158423816,0.19498605603847594
1166,1,357,0.7000000000000001,12,0.030439548231281213,0.16757652451611635
1166,1,360,0.7000000000000001,11,0.02098673653235645,0.17476197693809856
1166,1,363,0.7000000000000001,16,0.03259196712806988,0.17461471423182076
1166,1,371,0.5,4,0.041150018512713604,0.1606618949230989
1166,1,373,0.7000000000000001,9,0.039686759700628085,0.18856222351050345
1166,1,376,0.8500000000000001,7,0.039080402513003897,0.19984745339119994
1166,1,381,0.8,19,0.04279382028132195,0.18370997444450998
1166,1,382,0.65,13,0.040500991662281376,0.2020703058952186
1166,1,386,0.55,13,0.03320081702879472,0.19088988129765128
1166,1,387,0.55,8,0.04240945119381979,0.19605699110323077
1166,1,389,0.65,13,0.043343578641553894,0.19003222081620563
1166,1,392,0.75,12,0.044256258522219795,0.190378331289997
1166,1,393,0.5,9,0.029246799736581376,0.1874178644201438
1166,1,394,0.65,9,0.038523259867246855,0.20981995146346857
1166,1,403,0.75,11,0.03218278194724073,0.22026211117086544
1166,1,407,0.6000000000000001,11,0.03855298401541571,0.20203128962817782
1166,1,408,0.75,8,0.035020846368905366,0.16999235002618004
1166,1,414,0.6000000000000001,11,0.0308746573958863,0.16257910173681214
1166,1,419,0.75,9,0.03655276369961447,0.1800977002973167
1166,1,420,0.75,13,0.041501290527168395,0.1814422666737115
1166,1,421,0.6000000000000001,10,0.04542920927158369,0.1941712833659327
1166,1,429,0.8500000000000001,14,0.04914365984928627,0.1879461183578043
1166,1,431,0.7000000000000001,8,0.03234983704504147,0.20521588975152236
1166,1,432,0.7000000000000001,7,0.026282226957003108,0.2054723452994275
1166,1,440,0.5,9,0.024636621751366498,0.20522457214022405
1166,1,441,0.55,9,0.027807064722331253,0.1831729855788743
1166,1,443,0.55,8,0.03730163916442715,0.20043688187274294
1166,1,450,0.6000000000000001,6,0.03319290096420047,0.1582926350131211
1166,1,452,0.55,13,0.03764041607389499,0.1840798748187007
1166,1,453,0.7000000000000001,6,0.04231018774775304,0.19845529233380035
1166,1,455,0.55,11,0.036321078071861246,0.2009743229627038
1166,1,469,0.8,12,0.04367553147651175,0.20785333168089795
1166,1,470,0.7000000000000001,16,0.04584284157769969,0.19418975984888664
1166,1,478,0.65,7,0.04957915170534039,0.1773012584521241
1166,1,483,0.55,5,0.021472733274470135,0.1841768041181046
1166,1,485,0.7000000000000001,7,0.037576210625840246,0.2028398252049146
1166,1,486,0.75,12,0.04737308357415529,0.1916233703941412
1166,1,487,0.7000000000000001,8,0.05392917236425543,0.2040951938238852
1166,1,491,0.6000000000000001,11,0.04071576306975518,0.1830168331180574
1166,1,494,0.55,7,0.029287362667014444,0.1804719537506119
1166,1,495,0.65,6,0.030488913469678684,0.2033432856240233
1166,1,499,0.75,9,0.044265894542258793,0.18622413829188195
1166,1,505,0.6000000000000001,9,0.03304122734042617,0.1983040739515905
1166,1,518,0.7000000000000001,9,0.03634733944632281,0.18616812815390452
1166,1,519,0.75,9,0.03602645006782352,0.19085832242935735
1166,1,520,0.8,7,0.02882228312959612,0.19382205969906727
1166,1,525,0.75,14,0.03045825471989566,0.17975765053552467
1166,1,527,0.65,16,0.0416435858731135,0.1833686908447595
1166,1,528,0.45,9,0.03883356347462602,0.2070657966208716
1166,1,538,0.75,12,0.029628168647250423,0.19496710254487756
1166,1,540,0.7000000000000001,9,0.02761661849217561,0.17559186877922003
1166,1,542,0.55,6,0.0250926774553823,0.19186750286821272
1166,1,549,0.65,8,0.0445204675190881,0.1993625506683504
1166,1,551,0.45,9,0.0487303740954943,0.18696802994765915
1166,1,563,0.5,10,0.04440490615461647,0.19891478246197344
1166,1,570,0.8500000000000001,14,0.03206745323977637,0.17085193651505876
1166,1,585,0.8,8,0.03575660875461914,0.2056904583098389
1166,1,594,0.5,9,0.05363863130713491,0.19244424410021768
1166,1,597,0.65,7,0.03326978482499335,0.19944596235880777
1166,1,607,0.6000000000000001,14,0.03241646482785012,0.1944723611341122
1166,1,609,0.7000000000000001,9,0.05155349766628247,0.18130769823114173
1166,1,610,1.0,6,0.034106438633221714,0.17001907095411417
1166,1,611,0.65,8,0.02484422809803264,0.20505277006459463
1166,1,615,0.5,12,0.03775243686870558,0.19838669085665406
1166,1,617,0.6000000000000001,15,0.03438655532535561,0.2060872608198602
1166,1,621,0.75,12,0.03155539193344362,0.18749257220016258
1166,1,626,0.6000000000000001,7,0.030806185724296897,0.18654541092825694
1166,1,627,0.9500000000000001,8,0.03230909275858229,0.17026628298886204
1166,1,628,0.65,16,0.043851911227376104,0.18946663570666325
1166,1,629,0.65,9,0.02813362489509325,0.17282914070202154
1166,1,636,0.75,13,0.04248598751847177,0.2068411088006759
1166,1,661,0.8,7,0.025271984856795347,0.18009240757617004
1166,1,663,0.65,17,0.03588087293264158,0.1869613552580509
1166,1,676,0.75,6,0.05470916911528377,0.19231282580337503
1166,1,680,0.55,7,0.0407133957451858,0.19161726224057868
1166,1,687,0.65,15,0.041885085628324686,0.1989863727380868
1166,1,692,0.8,9,0.03817440588922991,0.1995105175320522
1166,1,693,0.75,11,0.043458720651270884,0.19061926886991643
1166,1,699,0.55,13,0.019238553581501693,0.1876107187204446
1166,1,701,0.75,7,0.03740339253384753,0.20617992093796486
1166,1,704,0.6000000000000001,7,0.04169476339539694,0.21853638570809317
1167,2,0,0.8,6,0.015927989134933086,0.19792468498020419
1167,2,1,0.5,10,0.04509679218263984,0.19696149622754772
1167,2,2,0.9500000000000001,11,0.05438018625170935,0.17710296189488794
1167,2,3,0.65,10,0.03476388394803715,0.18826492673572143
1167,2,4,0.7000000000000001,10,0.04738961685397176,0.20852185775570856
1167,2,5,0.6000000000000001,9,0.046555005107532896,0.17160734759725724
1167,2,6,0.75,5,0.04172984947355346,0.15660702440196955
1167,2,7,0.7000000000000001,13,0.026281532805397967,0.20592024697749808
1167,2,8,0.65,8,0.01432376000397188,0.22029544208355045
1167,2,9,0.65,14,0.033777137387307435,0.19273339785582616
1167,2,10,0.6000000000000001,8,0.050310882210004085,0.17568497359666682
1167,2,11,0.9500000000000001,7,0.05012140300879879,0.15379449431008416
1167,2,12,0.8,9,0.0536558617331263,0.18849260555483405
1167,2,13,0.6000000000000001,9,0.03819502307070719,0.23489031669846178
1167,2,14,0.8,8,0.03940533348620193,0.20448069733345514
1167,2,15,0.7000000000000001,7,0.02798147093679581,0.2035104122237188
1167,2,16,1.0,11,0.054359451156107574,0.18705083733215558
1167,2,17,0.6000000000000001,10,0.04860196832300018,0.18196222696640746
1167,2,18,1.0,8,0.034349109485756556,0.17529528803945932
1167,2,19,0.65,8,0.038074078895362386,0.21188597998096445
1167,2,20,0.8,4,0.02899551190479616,0.13381030321414242
1167,2,21,1.0,5,0.030282531408046806,0.1469652167666919
1167,2,22,0.55,9,0.029285175288094732,0.23070323415329705
1167,2,23,0.8,3,0.05384077254850667,0.16143673936543265
1167,2,24,0.5,13,0.051244932283180576,0.20812477055728337
1167,2,25,0.6000000000000001,10,0.049695423510884996,0.20101401963193027
1167,2,26,0.8,15,0.04722976020074625,0.20904266939210236
1167,2,27,0.6000000000000001,10,0.046320938228042986,0.20864144450073913
1167,2,28,0.6000000000000001,10,0.037033037096559286,0.22656378264347224
1167,2,29,0.75,11,0.03716612712598579,0.19817377709881837
1167,2,30,1.0,4,0.04980181053902779,0.1836559920287839
1167,2,31,0.8,13,0.06106209565049947,0.20217407688061564
1167,2,32,0.65,13,0.04652337357837282,0.18445664305618112
1167,2,33,1.0,10,0.04535141950037673,0.18869475220408954
1167,2,34,0.65,11,0.04132793728574853,0.20522842501081334
1167,2,35,1.0,7,0.03453911601403946,0.15738553801901453
1167,2,36,0.7000000000000001,10,0.05012401904220398,0.22337475981795557
1167,2,37,0.6000000000000001,13,0.042237918531459744,0.19297377522746262
1167,2,38,0.8,11,0.03717201313696526,0.19982571490325063
1167,2,39,0.65,7,0.05057888871848491,0.18744249954939254
1167,2,40,0.75,9,0.038116958405350544,0.17049265342968412
1167,2,41,0.8500000000000001,14,0.039988216189896786,0.1762622839531383
1167,2,42,0.55,10,0.05039453294600114,0.19628550760360203
1167,2,43,0.8,7,0.04581965951810014,0.15646400108337113
1167,2,44,0.8,10,0.032656895561437145,0.1971367785848382
1167,2,45,0.9,7,0.05233263112415655,0.19590624342251287
1167,2,46,0.8,9,0.0194053524087108,0.2152408312992457
1167,2,47,0.9,12,0.03914949176527376,0.1908329379361496
1167,2,48,0.7000000000000001,7,0.021859699319677534,0.216185559034552
1167,2,49,0.9,13,0.050953804131467335,0.1734080641756326
1167,2,50,0.8500000000000001,8,0.03545389962577047,0.19841158654443208
1167,2,51,0.75,13,0.056363196019843825,0.17846284102592053
1167,2,52,0.8500000000000001,6,0.03834707613771465,0.1525287491356038
1167,2,53,1.0,18,0.04684310913497341,0.19588578231613035
1167,2,54,0.5,10,0.04615990338412026,0.20092862967008887
1167,2,55,0.9500000000000001,2,0.06570804583332802,0.15989953206653293
1167,2,56,0.8500000000000001,10,0.05592513218066304,0.18984862686191556
1167,2,57,0.7000000000000001,2,0.011167259258686375,0.1078964447490854
1167,2,58,0.75,12,0.04853348867057208,0.19340111746997568
1167,2,60,0.9,7,0.040575887936738754,0.2056757792518307
1167,2,61,0.8,8,0.05610659673573476,0.19035873677473714
1167,2,62,0.8,9,0.056866131611394484,0.20347993985364948
1167,2,63,0.75,6,0.0384228299725623,0.14496545703823163
1167,2,64,0.75,9,0.037111354223753654,0.18031021108199707
1167,2,65,0.65,12,0.03304452237593851,0.19709767403273223
1167,2,66,0.55,9,0.043999587398441356,0.18677155696467074
1167,2,70,0.7000000000000001,7,0.043069738180902234,0.18267433723114754
1167,2,71,0.7000000000000001,9,0.03188706499128401,0.20875502979310073
1167,2,72,0.8,8,0.033542116247600416,0.16271405374684905
1167,2,73,0.6000000000000001,10,0.04779229827227686,0.18745939157366237
1167,2,74,0.75,12,0.03954394656561319,0.18823572073575848
1167,2,76,0.7000000000000001,16,0.04926083915460672,0.19465332541603253
1167,2,79,0.6000000000000001,9,0.043560344081875396,0.17240761505290234
1167,2,80,0.8,7,0.05520536911423428,0.1993161279314868
1167,2,81,0.75,7,0.04778539893274529,0.18159151884068228
1167,2,82,0.7000000000000001,8,0.010610981556823482,0.2111268944820779
1167,2,86,0.75,10,0.05034338259621872,0.1648797423240245
1167,2,89,0.75,8,0.03111044022648592,0.1587653355713189
1167,2,90,0.75,14,0.02834817535216587,0.21093348006676718
1167,2,92,0.7000000000000001,18,0.05173491084332307,0.1839411975156435
1167,2,93,0.55,8,0.037065035377409836,0.19016080002860591
1167,2,94,0.65,14,0.04926930160848139,0.20639642539977626
1167,2,95,0.8500000000000001,14,0.03778424611411958,0.19232929339948282
1167,2,98,0.75,8,0.02277473240720656,0.21765386874664783
1167,2,99,0.65,9,0.039175785831691366,0.2223610883100396
1167,2,100,0.55,13,0.04554809125836641,0.19348957095326677
1167,2,101,0.8,9,0.04745044957241055,0.17698590049821336
1167,2,102,0.8500000000000001,9,0.041032191023180196,0.18929607247425084
1167,2,103,0.5,10,0.038451638031797346,0.2220596946004587
1167,2,104,0.65,8,0.06014301261510746,0.19320966053006505
1167,2,108,0.65,6,0.05303164531975031,0.21271274213435856
1167,2,109,0.7000000000000001,5,0.04754410147673748,0.2050035178379229
1167,2,111,0.9,9,0.05893574195136825,0.1898157866098829
1167,2,113,0.7000000000000001,10,0.02607347541681934,0.21537384053844738
1167,2,114,0.9500000000000001,6,0.05521447780936707,0.1675347258898041
1167,2,115,0.9,6,0.034433628150553536,0.1934465184149016
1167,2,116,1.0,12,0.04400345064067131,0.20712739934944302
1167,2,117,0.8,7,0.054934739757762134,0.1587460443680321
1167,2,118,0.65,8,0.038090577320456814,0.1767133492493462
1167,2,119,0.55,6,0.06139025020806049,0.19002793644943447
1167,2,120,0.6000000000000001,7,0.03605385550327412,0.1619798267607799
1167,2,123,1.0,7,0.05403535036401094,0.17504874631081904
1167,2,125,0.6000000000000001,11,0.041671486609565156,0.2120688326136004
1167,2,128,0.7000000000000001,12,0.03997519648837856,0.17775061992748478
1167,2,133,0.55,14,0.034690619991482284,0.20106108783403118
1167,2,135,0.55,5,0.02737799753774082,0.17447864374123914
1167,2,137,0.75,7,0.03560840414027207,0.22718663016400922
1167,2,140,0.75,12,0.0384329170045892,0.22713379830092648
1167,2,141,0.8,18,0.04858118532804967,0.2128792229364889
1167,2,143,0.6000000000000001,14,0.040363610425937196,0.21509150365824384
1167,2,144,0.8,16,0.03606359148792657,0.21114880468270308
1167,2,153,0.75,14,0.040968494524343174,0.2166522280521055
1167,2,154,0.65,11,0.04358350059155252,0.21121784668627727
1167,2,155,0.6000000000000001,8,0.02495307764441661,0.2227808693655075
1167,2,156,0.7000000000000001,8,0.04314570009146535,0.19870394825196808
1167,2,158,0.6000000000000001,8,0.029254858873285553,0.1986446261667035
1167,2,160,0.8,11,0.041202398210393364,0.20049016338950576
1167,2,162,0.55,9,0.029911929881132077,0.20533973012900228
1167,2,165,1.0,11,0.052016090659729855,0.21356347971757336
1167,2,166,0.65,7,0.037517820951796815,0.16957644022756815
1167,2,167,0.65,11,0.03403584099632798,0.2196256617609194
1167,2,168,0.5,18,0.03912106543272716,0.202659809802223
1167,2,171,0.75,7,0.04526719330522317,0.18662757670702965
1167,2,175,1.0,9,0.02037928926004583,0.19141063737748168
1167,2,179,0.75,8,0.03831131286022179,0.20020859783786493
1167,2,181,0.8,13,0.0497451831553446,0.1963258722036464
1167,2,184,0.65,10,0.05268522324733846,0.2139173610884156
1167,2,185,0.55,11,0.023638041240440465,0.1947733384213045
1167,2,189,0.55,12,0.04089562793703453,0.21681681560905663
1167,2,190,0.65,6,0.06440987813221802,0.20047950302607834
1167,2,202,0.65,7,0.02607273371866183,0.20839536514438484
1167,2,203,0.7000000000000001,9,0.02246382731682382,0.19512725665421382
1167,2,204,0.7000000000000001,8,0.0495039492201139,0.22059160302273367
1167,2,206,0.65,12,0.035217968802094844,0.1932535393242216
1167,2,208,0.6000000000000001,6,0.04427684464819976,0.19436257744088134
1167,2,210,0.6000000000000001,11,0.05018020749548381,0.19951994136141585
1167,2,218,0.55,10,0.02386172391466689,0.20576970544943637
1167,2,219,0.75,14,0.03784578416388117,0.21367463620790167
1167,2,221,0.6000000000000001,10,0.038805207945831074,0.1980529580089992
1167,2,226,0.7000000000000001,9,0.030595644356130033,0.21958379972171874
1167,2,227,0.6000000000000001,11,0.03151325138389773,0.20929883327568366
1167,2,233,0.6000000000000001,5,0.058135911814094506,0.21553444147136638
1167,2,234,0.55,15,0.04374334329718458,0.21644808618851683
1167,2,241,0.55,8,0.05843231082113745,0.18224619116613497
1167,2,242,0.55,9,0.05166393413795335,0.2034545680897265
1167,2,243,0.75,12,0.03723395786057056,0.21262948442356522
1167,2,245,0.65,8,0.03329598836116221,0.22460854056249
1167,2,246,0.55,13,0.034413638984510414,0.22812363904253155
1167,2,248,0.6000000000000001,6,0.045745477541895,0.1788774514847209
1167,2,251,0.6000000000000001,13,0.03991726997702097,0.20572711330434507
1167,2,260,0.8,10,0.05092632868951445,0.20434131234067537
1167,2,264,0.6000000000000001,9,0.052543139834913655,0.20939856336186555
1167,2,270,0.7000000000000001,15,0.04236457503242039,0.21431023682983819
1167,2,273,0.5,11,0.026288320319226795,0.21246965972414789
1167,2,286,0.6000000000000001,5,0.03735478696341468,0.1988435555436839
1167,2,289,0.7000000000000001,10,0.04424238571706143,0.20810363230144097
1167,2,290,0.65,13,0.03715800954981177,0.21916933902742589
1167,2,298,0.75,8,0.05074186192953154,0.21913722309630493
1167,2,299,0.7000000000000001,14,0.04282658420943986,0.2148387551155056
1167,2,301,0.6000000000000001,12,0.05271647043160274,0.1862687322785909
1167,2,308,0.8,15,0.05324217012483944,0.1977840675483336
1167,2,309,0.55,8,0.02758554058464388,0.19211818642428358
1167,2,314,0.7000000000000001,7,0.039292701432526604,0.18330179596400534
1167,2,316,0.55,11,0.05277553049407179,0.1952749500438766
1167,2,317,0.7000000000000001,12,0.04298118843764629,0.22128709154549633
1167,2,322,0.5,11,0.05196777404289689,0.20798721442879922
1167,2,324,0.55,9,0.018660362167586306,0.20220920117853608
1167,2,328,0.5,13,0.032855003320478186,0.22983527520963853
1167,2,341,0.6000000000000001,13,0.03951181498126992,0.2249767164536673
1167,2,343,0.65,7,0.015630964450890406,0.21155789173529652
1167,2,347,0.6000000000000001,8,0.014192047890988073,0.19988832859679
1167,2,354,0.5,11,0.042892995214936225,0.20180003869449833
1167,2,359,0.6000000000000001,13,0.04426781948147256,0.20418810474180663
1167,2,360,0.7000000000000001,6,0.03635484344565281,0.18208309478273996
1167,2,363,0.55,14,0.050797172681049156,0.20354615875649446
1167,2,370,0.75,11,0.038813378715951384,0.19866386173646075
1167,2,371,0.6000000000000001,6,0.03852951276010929,0.19379698297834935
1167,2,378,0.65,6,0.02059416807442441,0.22091969686091292
1167,2,381,0.8,7,0.037986052721566285,0.19393255922931935
1167,2,382,0.55,9,0.052103858147082426,0.20286906328212012
1167,2,384,0.7000000000000001,17,0.03685367268661825,0.20941503133356493
1167,2,385,0.55,13,0.03551135418824076,0.18838174815808165
1167,2,386,0.55,8,0.03636015730969785,0.2196395219952852
1167,2,388,0.5,12,0.03814477581448853,0.19413932611775894
1167,2,389,0.4,6,0.03049987773837976,0.1980780643230596
1167,2,400,0.7000000000000001,12,0.03577785882284429,0.22141287661855036
1167,2,401,0.55,8,0.04879009864177463,0.2159913644358165
1167,2,405,0.8500000000000001,6,0.03552869479416059,0.19542000573602425
1167,2,407,0.65,9,0.030640665726151924,0.21205404236906547
1167,2,412,0.8,11,0.04355207914722111,0.2024388333323211
1167,2,413,0.75,8,0.061252117574661015,0.20735343020472885
1167,2,416,0.6000000000000001,10,0.03497140289631468,0.19944546271130617
1167,2,421,0.55,9,0.05003885721710608,0.2224646523945153
1167,2,424,0.75,9,0.028768494913556368,0.2244920832155799
1167,2,428,0.65,7,0.038568394981132945,0.22309289265403764
1167,2,431,0.55,6,0.03283542002068042,0.1966744192672268
1167,2,438,0.65,8,0.04453885338695058,0.18430666838694515
1167,2,442,0.65,15,0.04051347115147698,0.1953835850616194
1167,2,443,0.65,8,0.0245710208747509,0.21527372137077558
1167,2,445,0.6000000000000001,13,0.03740152615156435,0.18728309712726426
1167,2,446,0.75,15,0.04727095291786442,0.19791569199873868
1167,2,447,0.55,12,0.0453804122441898,0.2118177799815915
1167,2,457,0.55,13,0.04097434426113662,0.2193392161046797
1167,2,459,0.65,13,0.02937674280112307,0.20469123808455134
1167,2,462,0.7000000000000001,13,0.066666771329153,0.2001295587627186
1167,2,463,0.55,7,0.019958037376793806,0.21421366188756577
1167,2,468,0.65,11,0.04928409621581381,0.1958851569507629
1167,2,470,0.75,11,0.047475483873226504,0.19951370015353895
1167,2,471,0.55,4,0.042471298782009,0.16936595482935624
1167,2,483,0.75,9,0.04498838728156432,0.21779813991507047
1167,2,484,0.7000000000000001,7,0.04852806804934655,0.17402417260453382
1167,2,485,0.8,12,0.04622019490583175,0.18940150682945375
1167,2,487,0.7000000000000001,11,0.033402661671486124,0.22367554498316086
1167,2,490,0.75,6,0.052969870180488175,0.20684114599617157
1167,2,495,0.6000000000000001,6,0.02225136392633355,0.20615154604105002
1167,2,496,0.6000000000000001,8,0.053447005458010684,0.18892130942516383
1167,2,498,0.6000000000000001,11,0.017504548094456875,0.21149116784154706
1167,2,503,0.65,10,0.053830769841302493,0.20723538026708432
1167,2,506,1.0,6,0.055183047965401195,0.19897101112164575
1167,2,510,0.65,14,0.03555064650966794,0.19407073538569028
1167,2,515,0.6000000000000001,11,0.03251301701690382,0.21288560193067074
1167,2,518,0.6000000000000001,12,0.04349946932190861,0.21004391005628129
1167,2,522,0.75,6,0.04939644874417591,0.1981515913027966
1167,2,523,0.6000000000000001,10,0.053389434893927584,0.18353664053375768
1167,2,527,0.55,13,0.0476516208393609,0.21610811837147637
1167,2,535,0.6000000000000001,10,0.06326458849390001,0.20139473442151684
1167,2,551,0.6000000000000001,10,0.03721836591082487,0.20256526311019424
1167,2,563,0.8,9,0.04295813118083401,0.21769870167047112
1167,2,564,0.9,8,0.053194002645657136,0.17879968284837733
1167,2,566,0.55,11,0.02283779777745901,0.2005178963501831
1167,2,573,0.65,14,0.04050713585035571,0.21298281155457713
1167,2,574,0.9500000000000001,10,0.03166210650901447,0.19041128460604514
1167,2,575,0.55,17,0.037078603811464945,0.19774684229722303
1167,2,578,0.55,10,0.035539536606035566,0.20317570741741448
1167,2,592,0.55,8,0.030652603328572274,0.19770296113585
1167,2,593,0.65,9,0.02777729627336803,0.2013482650943841
1167,2,602,0.7000000000000001,8,0.01579623659107724,0.22403844318725707
1167,2,607,0.65,7,0.038715766097393266,0.1990758012565706
1167,2,608,0.65,13,0.03767454988605766,0.2038443615900083
1167,2,613,0.75,9,0.03172447541467406,0.23515294411084195
1167,2,623,0.8500000000000001,13,0.04038713605782422,0.20844904902777633
1167,2,625,0.7000000000000001,14,0.0626267695353858,0.19936763433581514
1167,2,631,0.7000000000000001,8,0.045234585288642715,0.2057012569343686
1167,2,634,0.6000000000000001,13,0.03169077513505981,0.20652409511391795
1167,2,637,0.9,8,0.06741144430888009,0.2044798139618171
1167,2,647,0.65,10,0.031384371322832574,0.20457391816386786
1167,2,650,0.6000000000000001,11,0.03923835008778144,0.18715862929302052
1167,2,651,0.65,7,0.016011268758760897,0.20626576419678186
1167,2,652,0.55,12,0.039559030284746804,0.2105357158857182
1167,2,654,0.7000000000000001,9,0.036506767132653564,0.1975358256262769
1167,2,655,0.6000000000000001,13,0.04365899386462994,0.21653822300105746
1167,2,663,0.6000000000000001,10,0.042948392428088754,0.19332666216950373
1167,2,667,0.65,8,0.05878814295154768,0.2055790604262771
1167,2,670,0.6000000000000001,8,0.04695399921089557,0.18901221440903562
1168,3,0,0.75,9,0.03614603730549326,0.18295669549773472
1168,3,1,0.65,10,0.031010272766058864,0.1995559307652079
1168,3,2,0.7000000000000001,11,0.05317087996359802,0.21775722255445007
1168,3,3,0.75,12,0.03562848877792133,0.2148997196163506
1168,3,4,0.75,6,0.03325874284036606,0.21437021869983539
1168,3,5,0.6000000000000001,11,0.029400719305770297,0.20181128298484322
1168,3,6,0.8500000000000001,12,0.029692073643075988,0.212849829904464
1168,3,7,0.6000000000000001,9,0.024670173679765088,0.21166073543532146
1168,3,8,0.6000000000000001,10,0.026378927321293287,0.19591451262093046
1168,3,9,0.75,12,0.02701248560051979,0.2081774166056887
1168,3,11,0.5,10,0.029401670193913855,0.21018673321256837
1168,3,12,0.6000000000000001,12,0.050730361103424944,0.20768336416366365
1168,3,13,0.8,9,0.020583842294989257,0.20120879064164818
1168,3,14,0.9,14,0.02077255544179425,0.1996255734518588
1168,3,15,0.7000000000000001,9,0.02757387735707402,0.19837906131740984
1168,3,16,0.6000000000000001,10,0.016900553573733358,0.19553221468476506
1168,3,17,0.75,8,0.03907043148765754,0.178814811239973
1168,3,18,0.6000000000000001,7,0.024990672715506958,0.2080873151605358
1168,3,19,0.65,10,0.03179666787113727,0.21233647679540138
1168,3,20,0.9500000000000001,5,0.059047869213328136,0.18463813422286832
1168,3,21,0.65,10,0.02580323652610106,0.20438352254885866
1168,3,22,0.9,10,0.03526775132549042,0.18586816128103373
1168,3,23,0.9,7,0.033933465984358015,0.1728237718277085
1168,3,24,0.5,10,0.03068154535446925,0.20140986341483696
1168,3,25,0.55,8,0.04241191477035089,0.19962390195172047
1168,3,26,0.9500000000000001,13,0.03167914163797535,0.1856735162695936
1168,3,27,0.8,16,0.03061652871012899,0.2081931303168147
1168,3,28,0.8500000000000001,9,0.05521475069182967,0.2066357089755161
1168,3,29,0.65,11,0.025897817519855783,0.20172777299896147
1168,3,30,0.9,13,0.03851927268418701,0.19203613610428583
1168,3,31,0.65,12,0.030800297475790158,0.2131833920755497
1168,3,32,0.65,8,0.033319415105683974,0.1967765370931233
1168,3,33,0.65,14,0.02780871916986666,0.20978544905717325
1168,3,34,0.65,10,0.030581163610942798,0.20384661076032726
1168,3,35,0.8,8,0.019112050831067078,0.1950996276733139
1168,3,36,0.6000000000000001,9,0.031235957838588815,0.21255544932933748
1168,3,37,0.55,13,0.0245863368279046,0.20214787957883149
1168,3,38,1.0,6,0.03672515654574599,0.17248775474062064
1168,3,39,0.9,13,0.021434341829919795,0.20193488308873728
1168,3,40,0.65,11,0.018426992967060435,0.19486971758969426
1168,3,41,0.65,7,0.02496960768553875,0.20775599910028603
1168,3,42,0.6000000000000001,6,0.025723260157176422,0.22296672888807523
1168,3,43,0.65,14,0.025419364033374633,0.20353987729410825
1168,3,44,0.8,2,0.09303249471761446,0.16578390788552685
1168,3,45,0.65,11,0.027465841594288436,0.20717780545771677
1168,3,46,0.75,7,0.02442901631375336,0.2017448801525168
1168,3,47,0.65,10,0.01960184967864007,0.19461089928420114
1168,3,50,0.55,9,0.030658140670992835,0.20418355335521302
1168,3,51,1.0,9,0.01503185930290799,0.19622620955448597
1168,3,52,0.75,12,0.017769256460677754,0.19646021738205724
1168,3,53,0.8500000000000001,20,0.04172099656203885,0.20675362617399004
1168,3,54,0.75,10,0.025789657761121482,0.20032919036833957
1168,3,55,0.9500000000000001,13,0.032129712941447466,0.1881504911903374
1168,3,56,0.75,13,0.024717337306569172,0.19732681785950146
1168,3,57,0.6000000000000001,14,0.028637631660169582,0.21287001316611434
1168,3,58,0.5,12,0.02730021676129001,0.20268759355459118
1168,3,59,0.8,10,0.023934295329672842,0.2014193511377913
1168,3,60,0.65,11,0.036239022574866046,0.18568529857123017
1168,3,61,0.9,11,0.02599896774450627,0.19307929707303154
1168,3,62,0.7000000000000001,6,0.0324356113298356,0.19979335527706008
1168,3,63,0.6000000000000001,14,0.020716231776462028,0.19596038672357646
1168,3,64,0.65,12,0.025975153622094797,0.20878875469757588
1168,3,66,0.6000000000000001,11,0.04348101112619761,0.20933799750530363
1168,3,68,0.6000000000000001,11,0.020347485977062048,0.20737456895886536
1168,3,71,0.6000000000000001,11,0.026399688983293108,0.20102054666195251
1168,3,72,0.65,9,0.03279909512738209,0.1758899685017702
1168,3,74,0.5,10,0.03356543914479268,0.2178886463409076
1168,3,75,0.7000000000000001,17,0.032141294757969584,0.20871539713881213
1168,3,76,0.9,7,0.053521314414477855,0.19655866169119748
1168,3,78,0.7000000000000001,12,0.02571029391633489,0.20034442075509706
1168,3,83,0.6000000000000001,8,0.009522522359236042,0.18372785377511494
1168,3,86,0.55,10,0.023220339267745804,0.2002607117074639
1168,3,89,0.9,13,0.026866307595090413,0.20302999355382528
1168,3,90,0.65,12,0.02549700300643849,0.20831308022807107
1168,3,92,0.8,10,0.038238190375718975,0.21172903901896373
1168,3,94,0.55,11,0.02773320635879743,0.20132456218551867
1168,3,95,0.6000000000000001,12,0.04340333403742669,0.20676111395179397
1168,3,98,1.0,5,0.07287395168017559,0.21147940344239907
1168,3,100,0.55,11,0.02136767925429084,0.1928495522490893
1168,3,101,0.6000000000000001,11,0.026201853742802525,0.21723193885609654
1168,3,102,0.65,7,0.035270484200195074,0.21680873657948113
1168,3,106,0.55,7,0.044129820275598496,0.18183013373840812
1168,3,107,0.65,7,0.031291863972824276,0.20772020096269744
1168,3,109,0.7000000000000001,8,0.025869961363358063,0.19872730253404117
1168,3,110,0.7000000000000001,8,0.02541341657097054,0.21321083407210356
1168,3,111,0.65,13,0.0210011530082535,0.19967240028091263
1168,3,112,0.7000000000000001,10,0.02513939222714839,0.21924412727049872
1168,3,113,0.7000000000000001,12,0.04678555820801076,0.19520900343022451
1168,3,116,0.6000000000000001,12,0.026066751473898857,0.21331539138475342
1168,3,118,0.7000000000000001,10,0.037398554953042784,0.18339501975188005
1168,3,121,0.65,12,0.02867284211050755,0.20529560959441628
1168,3,129,0.65,8,0.01954170856073964,0.20110600666935324
1168,3,133,0.6000000000000001,13,0.04448074167536481,0.20387221385520396
1168,3,139,0.6000000000000001,7,0.020066211152099136,0.2108983458208877
1168,3,140,0.55,8,0.010058530112131557,0.186117731459748
1168,3,141,0.8,9,0.01772600574777092,0.1950338336268626
1168,3,148,0.7000000000000001,13,0.026551433413192882,0.20286143486829433
1168,3,149,0.55,11,0.037012819397587174,0.18900550543498343
1168,3,150,0.75,14,0.03269982076287555,0.21273816134318305
1168,3,154,0.5,12,0.03297046546631762,0.20800387651662558
1168,3,157,0.6000000000000001,8,0.02863674859372277,0.2204511629839453
1168,3,161,0.6000000000000001,10,0.02585997011331587,0.20029060928981238
1168,3,166,0.6000000000000001,16,0.02796226598188155,0.20273490412306422
1168,3,167,0.65,11,0.030580654535268294,0.22103285885591992
1168,3,173,0.55,7,0.03104115454297022,0.20650742878129602
1168,3,174,0.8,8,0.027996185742963517,0.20909311769202202
1168,3,175,0.75,8,0.029851400542923866,0.21179249642519601
1168,3,178,0.8,12,0.028584981439908067,0.20497642718241002
1168,3,179,0.65,12,0.02561362629456601,0.2101130700145801
1168,3,180,0.7000000000000001,9,0.038700995774310555,0.1887035579532252
1168,3,182,0.6000000000000001,7,0.043791449121886504,0.2197040327607669
1168,3,183,0.6000000000000001,9,0.0439590119654846,0.1970456704424794
1168,3,189,0.9,14,0.03616014698682817,0.21755813645993946
1168,3,190,0.65,11,0.023769288552273758,0.20479553613356238
1168,3,192,0.65,10,0.02419747145792369,0.21369914107204163
1168,3,193,0.45,8,0.04422694233212996,0.21522448360814017
1168,3,196,0.7000000000000001,10,0.01886878339440217,0.20183543969964363
1168,3,202,0.7000000000000001,7,0.022150527154472004,0.2196936423919171
1168,3,203,0.45,10,0.01665092311924886,0.20896131267694457
1168,3,205,0.65,10,0.043077387573646445,0.21892101182097398
1168,3,215,0.65,11,0.010572079724062738,0.1914124444208472
1168,3,217,0.75,15,0.031652511041646736,0.20634097983936303
1168,3,218,0.75,12,0.028518587660241318,0.20599208217425716
1168,3,222,0.6000000000000001,11,0.026166060481923863,0.20266256083035605
1168,3,232,0.65,9,0.01770668435000598,0.19252211967061403
1168,3,234,0.6000000000000001,15,0.027901562281430356,0.20139583179882056
1168,3,236,0.8500000000000001,11,0.01543673527640204,0.1966508814640979
1168,3,239,0.6000000000000001,9,0.040707735243553436,0.22637679112289938
1168,3,244,0.65,7,0.025488445756212456,0.19929532502644667
1168,3,246,0.7000000000000001,16,0.036534252436604124,0.19477541905841564
1168,3,248,0.65,8,0.05910849699121361,0.21024068991469577
1168,3,260,0.5,9,0.03450360165618148,0.2074076151006039
1168,3,266,0.7000000000000001,7,0.04528589285626784,0.22345164493835856
1168,3,267,0.55,13,0.026056071563694272,0.20091776398919933
1168,3,271,0.7000000000000001,10,0.0388910667995199,0.21195393564520998
1168,3,275,0.6000000000000001,12,0.023669387686999454,0.20342809815321947
1168,3,276,0.55,9,0.011761376206985611,0.18710728813991365
1168,3,283,0.55,18,0.024360725599501573,0.21081330038697016
1168,3,290,0.65,11,0.035820945609491485,0.2132167309889333
1168,3,295,0.6000000000000001,9,0.03169616943655763,0.21323134058062929
1168,3,299,0.7000000000000001,6,0.02025172229194808,0.1947695560966292
1168,3,320,0.6000000000000001,12,0.03372919139217609,0.21690063847150332
1168,3,321,0.6000000000000001,13,0.022668566260201688,0.214388262841186
1168,3,326,0.6000000000000001,15,0.03703558124737574,0.20433672356821034
1168,3,330,0.7000000000000001,17,0.029597760744438272,0.2074372267501864
1168,3,331,0.6000000000000001,9,0.015822223348303546,0.195990887420734
1168,3,332,0.75,15,0.016351719711244984,0.1972931627286747
1168,3,335,0.75,16,0.028623104664492742,0.2111974566707091
1168,3,345,0.7000000000000001,14,0.0258507705039368,0.20765657393586961
1168,3,347,0.65,9,0.03794360810064485,0.2125408229248777
1168,3,352,0.75,8,0.042847907127782366,0.22747163716888316
1168,3,355,0.65,11,0.02949385115070757,0.19732084106731743
1168,3,356,0.75,7,0.03498997185838973,0.17659029554043787
1168,3,359,0.65,17,0.035644089181161284,0.21684665444228418
1168,3,361,0.65,11,0.030405721003025573,0.2002363381101349
1168,3,364,0.7000000000000001,8,0.04395416654784013,0.20802994883447146
1168,3,368,0.6000000000000001,7,0.02679440310167195,0.19696719183005848
1168,3,369,0.55,12,0.026770628748818956,0.1970803433972427
1168,3,375,0.6000000000000001,11,0.028780780123642248,0.20090019263230194
1168,3,377,0.8,8,0.039862199436090165,0.19023553248170177
1168,3,379,0.6000000000000001,8,0.03394087674691015,0.21062220191561182
1168,3,382,0.6000000000000001,11,0.03724538848453251,0.20454139406709929
1168,3,387,0.55,7,0.04091190729425325,0.18390518495548006
1168,3,388,0.7000000000000001,12,0.050291786783122606,0.20439912907325997
1168,3,393,0.65,12,0.01998563586084336,0.21060457540659996
1168,3,411,0.7000000000000001,9,0.018912476641034317,0.19165367689033772
1168,3,418,0.55,7,0.023132570630858603,0.2088771488842951
1168,3,422,0.55,10,0.028317575254072663,0.1961463597070836
1168,3,430,0.55,9,0.029486471862851735,0.20696182546033795
1168,3,435,0.6000000000000001,15,0.01810432552999165,0.19788863031019088
1168,3,438,1.0,10,0.028639079731718538,0.20380376833330355
1168,3,439,0.65,11,0.03844562190764941,0.21284251657793488
1168,3,442,0.7000000000000001,6,0.030382323209125036,0.2169672980158219
1168,3,447,0.75,11,0.029492004800021,0.20481793140546609
1168,3,454,0.6000000000000001,9,0.036336956318796604,0.2083998250953471
1168,3,457,0.7000000000000001,11,0.026309366883347726,0.2010172334075433
1168,3,460,0.8,15,0.03269026145009006,0.2049235083778538
1168,3,462,0.65,6,0.025972651301064475,0.2068612756408197
1168,3,466,0.55,10,0.05356285260396425,0.2068247953393767
1168,3,469,0.65,9,0.024811323124635503,0.20017482507103468
1168,3,471,0.7000000000000001,13,0.03405626271004781,0.2195698909882888
1168,3,473,0.75,5,0.028526948863272936,0.2030992411771349
1168,3,478,0.8500000000000001,14,0.028293444384146556,0.20882595336602247
1168,3,481,0.7000000000000001,8,0.029957092755995972,0.2134204518152495
1168,3,483,0.9500000000000001,9,0.026658747909445293,0.19424007534113052
1168,3,488,0.75,6,0.059467924099937945,0.2088043303955199
1168,3,490,0.7000000000000001,10,0.03420012055284431,0.21733710762545927
1168,3,491,0.9,9,0.038604347433524006,0.21556475544886597
1168,3,494,0.65,7,0.011341896716682025,0.1940319274443833
1168,3,501,0.5,11,0.020512427255847843,0.20714266716343177
1168,3,502,0.55,14,0.04278266883222632,0.19895848608854264
1168,3,510,0.65,11,0.028896878184611067,0.21499678072024356
1168,3,513,0.65,12,0.033624158526414455,0.20346495298754522
1168,3,519,0.55,9,0.019855139044546315,0.21044183316600357
1168,3,520,0.8,8,0.02826334127922728,0.20841404795111917
1168,3,525,0.6000000000000001,15,0.032316452122245216,0.20231124050460117
1168,3,529,0.55,9,0.02293971782058026,0.20714009955649273
1168,3,532,0.7000000000000001,11,0.033124400412782605,0.21041018015997504
1168,3,535,0.7000000000000001,11,0.03601418262947663,0.21331006457759988
1168,3,536,0.75,13,0.02199756897119178,0.20781483129251666
1168,3,537,0.55,8,0.025916831869662222,0.1954008884537588
1168,3,539,0.65,8,0.04286955018765599,0.22630327908241915
1168,3,540,0.65,14,0.02966969621427144,0.211353100763493
1168,3,543,0.55,14,0.0318005029617336,0.20320679518404544
1168,3,547,0.6000000000000001,9,0.05144762333245511,0.18837955772931328
1168,3,550,0.65,9,0.03973674530006805,0.21846073946883932
1168,3,557,0.45,10,0.01815967381073517,0.19982539950414685
1168,3,561,0.8500000000000001,14,0.029254193481823444,0.21530374727074109
1168,3,566,0.8,9,0.034991675351544065,0.1840983797327325
1168,3,573,0.8,12,0.025978941362365608,0.19801890643051204
1168,3,579,0.9,7,0.028374981854116615,0.2040822249025065
1168,3,583,0.6000000000000001,12,0.03529593736029407,0.2129428708643526
1168,3,591,0.8,9,0.02645344836713913,0.20499946241469028
1168,3,592,0.6000000000000001,7,0.015653876127664154,0.19101149769919865
1168,3,594,0.7000000000000001,6,0.052920549670147476,0.19746932124183827
1168,3,600,0.65,15,0.022998964332398713,0.199871430984453
1168,3,606,0.6000000000000001,9,0.0456588052113007,0.20761149017524858
1168,3,607,0.9,8,0.04072411808017406,0.22254582132242856
1168,3,611,0.55,13,0.038681579364121865,0.20307643456274974
1168,3,617,0.75,10,0.042007058669710017,0.19716489963264397
1168,3,619,0.65,11,0.04296175753525177,0.19191037907879507
1168,3,622,0.5,15,0.0255223181862321,0.1984925961803252
1168,3,623,0.6000000000000001,8,0.011959648720092773,0.18739970561037317
1168,3,629,0.55,8,0.019511473456250403,0.2029802758130423
1168,3,636,0.75,10,0.022079280714417403,0.19864116160509696
1168,3,639,0.65,17,0.02765242733670935,0.20666324608452294
1168,3,642,0.65,10,0.032181981155594994,0.20136815023427307
1168,3,644,0.6000000000000001,7,0.03201335253605318,0.20400863023100893
1168,3,646,0.6000000000000001,13,0.04789963157225196,0.20308370762464617
1168,3,647,0.55,7,0.019831614016086307,0.19853438090327
1168,3,648,0.55,6,0.020482381315297452,0.19733646840239247
1168,3,649,0.7000000000000001,8,0.040548935057964045,0.21895553660003375
1168,3,655,1.0,12,0.04155922585509886,0.20341615407016775
1168,3,660,0.75,8,0.04335312632636241,0.20840696561441452
1168,3,661,0.6000000000000001,10,0.024521683793358732,0.21964821565224266
1168,3,666,0.5,12,0.03218222825514526,0.21099585500945098
1168,3,667,0.65,11,0.019674487702477334,0.1929772925603637
1168,3,668,0.65,9,0.029229368819365335,0.2028854082293544
1168,3,669,0.55,8,0.017057405770954378,0.20261463654217418
1168,3,675,0.6000000000000001,10,0.020894789972710017,0.19831897298200082
1169,4,0,0.65,6,0.05218035085828983,0.2095835450481728
1169,4,1,0.65,13,0.037645157563999325,0.2060812122726807
1169,4,2,0.6000000000000001,11,0.042146853172072576,0.21070195851872206
1169,4,3,0.75,11,0.041600638068094,0.19628092192289967
1169,4,4,1.0,8,0.056741411812415606,0.2157200275940943
1169,4,5,1.0,9,0.051071542616084965,0.21347174704825905
1169,4,6,0.9500000000000001,9,0.03971747908551315,0.18843876942726567
1169,4,7,0.65,2,0.0026148572127181716,0.18369130627403815
1169,4,8,1.0,3,0.02844924155645701,0.19669566158196608
1169,4,9,0.75,7,0.04829831747464362,0.18634969385887826
1169,4,10,1.0,2,0.047513806420918556,0.13359733472021645
1169,4,11,0.65,16,0.040290278996918165,0.20878575767327592
1169,4,12,1.0,3,0.03657005004575684,0.14193575303639808
1169,4,13,0.7000000000000001,15,0.046806346618411536,0.21215566113178624
1169,4,14,0.9,9,0.05377071975080927,0.18469293048405133
1169,4,15,0.7000000000000001,13,0.054830607128632004,0.20008536455277248
1169,4,16,0.75,15,0.05339986269520773,0.20783784697624294
1169,4,17,0.75,7,0.03453666584070102,0.1759212844423459
1169,4,18,0.55,14,0.0390112931027817,0.21175739377776548
1169,4,19,0.7000000000000001,11,0.03523157694139054,0.2394395643453435
1169,4,20,0.45,7,0.022505205734677798,0.19924965364740155
1169,4,21,0.75,9,0.04086768988101049,0.2161362866267641
1169,4,22,0.8,13,0.05087524071404316,0.19600067166734295
1169,4,23,0.8500000000000001,16,0.0487234096453695,0.20937916903218276
1169,4,24,0.8500000000000001,15,0.05204574816194586,0.20925921170099113
1169,4,25,0.7000000000000001,7,0.04083264215005718,0.23926766086987497
1169,4,26,0.8500000000000001,10,0.04457736867136982,0.23011563001679206
1169,4,27,0.8,14,0.046575397041315934,0.21145111953061635
1169,4,28,1.0,8,0.04657806264399154,0.22487262205549596
1169,4,29,0.8,8,0.03167694265363003,0.15687222290631067
1169,4,30,0.9,4,0.04421250135502096,0.17719769417571893
1169,4,31,1.0,11,0.04213630933685467,0.19660948078681253
1169,4,33,0.8,7,0.05667001323489035,0.20678696182409628
1169,4,34,0.55,12,0.03941327984700566,0.20456793542317245
1169,4,35,0.8500000000000001,2,0.016589902508639964,0.11173083256308304
1169,4,36,0.9,11,0.04070327519027522,0.2121526384742247
1169,4,38,0.8500000000000001,12,0.05901352073195595,0.22636786695143649
1169,4,39,0.7000000000000001,8,0.03998034978337277,0.1927394903781553
1169,4,40,1.0,13,0.04811339150059161,0.20064672457954752
1169,4,41,0.7000000000000001,8,0.053014164863805856,0.2376960306661607
1169,4,42,0.6000000000000001,15,0.05160952210388502,0.20434190121884685
1169,4,43,0.9,9,0.054110596147408804,0.19084977982538834
1169,4,44,0.65,8,0.02859798131158151,0.19125057529940204
1169,4,45,0.7000000000000001,11,0.04576318709077668,0.19903010821016306
1169,4,46,0.7000000000000001,6,0.026420827533380493,0.1894616780142719
1169,4,47,0.65,16,0.04597721690613269,0.21638005743984565
1169,4,48,1.0,15,0.05628598926005089,0.2174788993788687
1169,4,49,0.9,10,0.04508140318674062,0.19406080485360136
1169,4,50,0.9500000000000001,9,0.03483452052516454,0.2429131767975294
1169,4,51,0.75,14,0.045786278831668144,0.20912076635379664
1169,4,52,0.65,7,0.049280859431417766,0.24037249100586378
1169,4,53,0.55,11,0.05817990924483161,0.20715990880018922
1169,4,55,0.65,11,0.05000982142528101,0.2119156936376486
1169,4,57,0.7000000000000001,9,0.03719405770557477,0.21748164676124715
1169,4,58,0.65,10,0.05487965573284924,0.20308395085219955
1169,4,59,1.0,11,0.04280360193292662,0.218733530949168
1169,4,61,0.6000000000000001,12,0.04655523226332202,0.18468595113428918
1169,4,63,0.8,8,0.03578664822321441,0.23287874169461062
1169,4,64,0.65,6,0.029068873296298946,0.18410443142526847
1169,4,65,0.8500000000000001,10,0.040712478990042704,0.2192734993804824
1169,4,66,0.5,9,0.035419149114505645,0.22348551132585234
1169,4,67,0.6000000000000001,11,0.03733335816231817,0.23130711311387867
1169,4,68,0.45,10,0.048521161900186204,0.22721687089178183
1169,4,69,0.8,11,0.055917486065350235,0.21262394484532213
1169,4,70,0.8500000000000001,15,0.049334078598988265,0.20434032125366183
1169,4,71,0.75,8,0.039724906798783696,0.22281151609561559
1169,4,72,0.6000000000000001,12,0.0371010620567434,0.20588035759252832
1169,4,73,0.75,4,0.04600982405245009,0.1591259047486883
1169,4,75,0.55,17,0.045783494083489855,0.2282380747190376
1169,4,77,0.7000000000000001,9,0.052491923419977334,0.20902823796287284
1169,4,79,0.6000000000000001,11,0.04891643709979272,0.21639530626080444
1169,4,81,0.8,7,0.06771446150732856,0.22150078277775584
1169,4,82,0.7000000000000001,17,0.05040254571461045,0.21020254879592373
1169,4,83,0.7000000000000001,7,0.047889747264530935,0.22635899487101568
1169,4,84,0.8,14,0.05151931140838602,0.2160973388573601
1169,4,85,0.7000000000000001,10,0.06849048200859278,0.21746885609932534
1169,4,87,0.55,11,0.02898591659737616,0.19185938051849724
1169,4,88,0.55,11,0.031291072379424925,0.20260662786009612
1169,4,89,0.8,14,0.03536160058088541,0.23174627761423913
1169,4,92,0.5,9,0.034102995706698766,0.2275476367069039
1169,4,93,0.7000000000000001,13,0.03879902263595613,0.22235492979883392
1169,4,94,0.65,14,0.04687441602007479,0.21201485884508958
1169,4,96,0.6000000000000001,8,0.03795523741175977,0.22676482664844966
1169,4,103,0.8,11,0.05629232022199199,0.21171117990453123
1169,4,106,0.75,5,0.055128117418114825,0.20630315393831378
1169,4,118,0.55,12,0.04565626520616051,0.21048503355951767
1169,4,119,0.75,10,0.03832044836018036,0.20274885939886836
1169,4,121,0.75,12,0.03358578615156806,0.20025331754776646
1169,4,123,0.6000000000000001,14,0.046320402054527574,0.22805398869612872
1169,4,126,0.65,8,0.05559438019468192,0.2028179491570399
1169,4,128,0.65,12,0.04773512783418655,0.2262088749009036
1169,4,130,1.0,14,0.04787943677122051,0.22978434299007064
1169,4,136,0.7000000000000001,12,0.04325762048710121,0.20619613762513314
1169,4,139,0.75,14,0.030836023994809343,0.2091802548092097
1169,4,140,0.65,5,0.029245856781602603,0.21339608262634407
1169,4,141,0.8,6,0.03664205802820593,0.20098657359448283
1169,4,149,0.5,10,0.04059358679477776,0.2342439880998506
1169,4,150,0.7000000000000001,10,0.05574311123954906,0.21181114261024664
1169,4,151,0.65,11,0.03357283211749644,0.2323921233530834
1169,4,156,0.65,8,0.03676780124874508,0.24594305510143416
1169,4,157,0.6000000000000001,12,0.04063134682301113,0.21563616454316062
1169,4,158,0.7000000000000001,12,0.04374256579407378,0.22386182323648607
1169,4,159,0.55,10,0.047230446276866504,0.23937801769907385
1169,4,160,0.5,13,0.05403657367484222,0.22141398773862905
1169,4,163,0.5,9,0.01922862447209343,0.19590782153223138
1169,4,164,0.75,10,0.0425108699652846,0.22535503059953843
1169,4,168,0.65,12,0.03956351696263349,0.20492953844652048
1169,4,169,0.6000000000000001,10,0.0441092593782173,0.23035474001370942
1169,4,176,0.7000000000000001,7,0.040003752108338314,0.2096043916957818
1169,4,178,0.6000000000000001,10,0.0478579238744647,0.21930994483964036
1169,4,191,0.7000000000000001,8,0.046251721623918496,0.2099844454599932
1169,4,192,0.7000000000000001,11,0.04058820211188744,0.22719053882243587
1169,4,196,0.8,6,0.04217664777572119,0.1996002439818881
1169,4,201,0.65,7,0.05139122846059358,0.20482918600340683
1169,4,202,0.75,6,0.043560061755981996,0.20458072401012503
1169,4,204,0.6000000000000001,9,0.0387806234909702,0.231728641422117
1169,4,207,0.65,12,0.05103153256444133,0.21500152345779186
1169,4,214,0.55,16,0.04530723563317882,0.21513364788886824
1169,4,215,0.8500000000000001,14,0.05899306749458131,0.23019337980689084
1169,4,216,0.7000000000000001,8,0.020095238551912056,0.18616050363179865
1169,4,222,0.9,11,0.04699926399346678,0.2029353115696476
1169,4,226,0.8,8,0.045084765896756605,0.2112175940813351
1169,4,230,0.65,8,0.04356221090496431,0.21514438836480543
1169,4,232,0.6000000000000001,17,0.03752876968700074,0.22824027943157052
1169,4,235,0.65,12,0.05610712096573336,0.23095013828477273
1169,4,239,0.9500000000000001,9,0.062168541719751676,0.2094949147459284
1169,4,242,0.8500000000000001,19,0.04390067730077263,0.21992110718151323
1169,4,245,0.6000000000000001,12,0.03939200190625878,0.2375470748488655
1169,4,252,0.55,9,0.04198610007568783,0.20268605064517414
1169,4,258,0.6000000000000001,15,0.03849463658343396,0.2196691837115884
1169,4,259,0.75,11,0.04362324396167609,0.21204092566450958
1169,4,262,0.8,10,0.05060745409521728,0.20860784334638485
1169,4,265,0.8,7,0.02361214741817129,0.20838402469493794
1169,4,270,0.65,8,0.0473834475461001,0.20732269488599356
1169,4,273,0.65,14,0.03773974767582566,0.22106977286826554
1169,4,279,0.55,10,0.03666325244192084,0.2235789810470779
1169,4,281,0.55,15,0.04943245944784742,0.20573473070238837
1169,4,287,0.6000000000000001,6,0.0334663917389102,0.2255719166640994
1169,4,288,0.55,9,0.054790818072339,0.2131570721573931
1169,4,291,0.6000000000000001,12,0.049834599641696085,0.21033230363057376
1169,4,298,0.6000000000000001,8,0.03797452296989557,0.20757574711985993
1169,4,303,0.7000000000000001,12,0.0465503851519849,0.2362605323721806
1169,4,307,0.6000000000000001,10,0.04501652840473563,0.21731417840945005
1169,4,308,0.75,7,0.041315153913791564,0.21391701354865872
1169,4,310,0.55,14,0.05697393635253181,0.22468411811547012
1169,4,311,0.65,8,0.046729433646843774,0.21305401646791422
1169,4,315,0.7000000000000001,14,0.039211981400607436,0.23193374413433818
1169,4,319,0.55,11,0.05220998782595122,0.21563688820634053
1169,4,323,0.7000000000000001,10,0.04490545406217274,0.21307983822476295
1169,4,324,0.8,11,0.04812734377633184,0.2172212172097331
1169,4,341,0.8,16,0.05124930114532817,0.217905408684878
1169,4,354,1.0,9,0.04713173835454336,0.21029021766338202
1169,4,364,0.8,11,0.06162625338564341,0.2089645139223487
1169,4,366,0.55,11,0.04264138855697077,0.2319109458458908
1169,4,367,0.6000000000000001,13,0.04170273717034506,0.2310492500374502
1169,4,368,0.8500000000000001,16,0.04359185516691441,0.22569261119033115
1169,4,369,0.75,12,0.0307306538226877,0.20786008581500806
1169,4,375,0.75,6,0.0410812843870992,0.24769074791406556
1169,4,376,1.0,7,0.034400660382257954,0.2142779008563723
1169,4,385,0.55,9,0.04842058726097444,0.22174346818977753
1169,4,386,0.6000000000000001,9,0.04120210908772358,0.2136876408627169
1169,4,391,0.65,18,0.043506773324028754,0.2214997247274045
1169,4,392,0.55,15,0.05350348213801266,0.22447582170883365
1169,4,395,0.65,8,0.05545479550060786,0.21056427741558337
1169,4,399,0.65,9,0.04341278866560195,0.24103104518986374
1169,4,405,0.7000000000000001,11,0.062022301672232855,0.20794508514400026
1169,4,406,0.6000000000000001,10,0.04423613928442036,0.23779771328169758
1169,4,408,0.55,16,0.035819997854746065,0.20879025110632649
1169,4,413,0.6000000000000001,14,0.037905477343998566,0.22714655639455109
1169,4,414,0.7000000000000001,6,0.047481843535555,0.23962106077954312
1169,4,418,0.65,11,0.05017315476668411,0.20590606797121025
1169,4,421,0.65,14,0.039012534545213036,0.22664560415639642
1169,4,434,0.7000000000000001,8,0.03545144843973852,0.22214741568150276
1169,4,436,0.65,8,0.03755769802191001,0.22416812082374504
1169,4,446,0.7000000000000001,7,0.038626055373784426,0.22217949387665178
1169,4,448,0.75,8,0.04392111991845833,0.22829003098786907
1169,4,451,0.55,16,0.05165470358172552,0.22820809911573842
1169,4,458,0.65,8,0.03593363254014864,0.21853878605962904
1169,4,461,0.55,6,0.0380465024839025,0.19793177391692143
1169,4,463,0.55,7,0.033069796514490796,0.19146447081950732
1169,4,465,0.6000000000000001,11,0.045938823666338925,0.2152663596987712
1169,4,472,0.9500000000000001,13,0.039329135297018335,0.24328250442486776
1169,4,474,0.75,6,0.0352462967215024,0.23581683709319531
1169,4,482,0.75,7,0.028640311741333153,0.18984332449151667
1169,4,484,0.6000000000000001,12,0.03866747385527116,0.22640584877256395
1169,4,491,0.6000000000000001,9,0.04361841838169397,0.22478211852709185
1169,4,492,0.65,10,0.03668067534461417,0.22484984959392246
1169,4,499,0.75,7,0.03671283876277504,0.2155066275454501
1169,4,501,0.55,8,0.02754242043453611,0.19566128073335098
1169,4,510,0.75,7,0.031057045963880685,0.23974261157722138
1169,4,513,0.9500000000000001,7,0.05098454832000199,0.21464614769931942
1169,4,516,0.6000000000000001,13,0.044315314337418095,0.23182240133355975
1169,4,518,0.65,7,0.04468916445178479,0.20694343642423618
1169,4,522,0.65,10,0.029637409144263143,0.18580680345845363
1169,4,524,0.65,9,0.048667405750202626,0.2302361607421578
1169,4,527,0.7000000000000001,14,0.047536749276251705,0.2021854727658317
1169,4,529,0.75,8,0.04373909660905668,0.20386761079774007
1169,4,531,0.65,8,0.04838110344207752,0.23664274455488016
1169,4,532,0.7000000000000001,9,0.029521672239041834,0.21928367069273008
1169,4,534,0.55,7,0.04662941477928966,0.20193683050593844
1169,4,537,0.65,11,0.055173321410432505,0.20746470425002456
1169,4,549,0.6000000000000001,13,0.03856388421805237,0.24125729145902483
1169,4,553,0.9500000000000001,9,0.04274745926523062,0.21094010369293772
1169,4,559,0.65,11,0.04221227073368727,0.21437518684280432
1169,4,560,0.7000000000000001,9,0.04001088204594085,0.18255222313103983
1169,4,563,0.7000000000000001,13,0.03747219668477542,0.2440748994359806
1169,4,564,0.8500000000000001,6,0.021396076336062664,0.24459294222985217
1169,4,565,0.6000000000000001,9,0.04157216610537051,0.233894066041097
1169,4,566,0.7000000000000001,14,0.04778598481365853,0.2294615137318794
1169,4,577,0.65,7,0.043697629606594755,0.25084113582138634
1169,4,578,0.65,8,0.06103533496367554,0.21424594863858532
1169,4,584,0.65,5,0.030499165597136807,0.1823179393274648
1169,4,586,0.6000000000000001,11,0.047745248340931405,0.21634220352467715
1169,4,592,0.7000000000000001,10,0.03994104263533597,0.18543083908582844
1169,4,598,0.7000000000000001,12,0.04711018555825948,0.21987235819219023
1169,4,603,0.65,16,0.03555564701237795,0.2006261758995469
1169,4,604,0.7000000000000001,5,0.05589694812180492,0.23004468961736096
1169,4,605,0.7000000000000001,9,0.030967972858733255,0.2232263925068776
1169,4,606,0.75,9,0.03642258559549475,0.20530611379852803
1169,4,608,0.65,10,0.027137508268387282,0.21570786559949945
1169,4,612,0.55,14,0.04016158514083844,0.21731030220710051
1169,4,614,0.65,10,0.052363591175979794,0.24002377544150016
1169,4,617,0.65,13,0.05209602952129931,0.2119188361086068
1169,4,618,0.65,10,0.05864061515818083,0.23289366749175883
1169,4,621,0.7000000000000001,11,0.03266962906450356,0.24349452781229503
1169,4,622,0.6000000000000001,14,0.03899596947703063,0.2209608999326861
1169,4,624,0.65,10,0.0564972785062844,0.23197962762002766
1169,4,627,0.65,9,0.03213931366874227,0.23527794597865703
1169,4,628,0.7000000000000001,11,0.0528444790714794,0.2132938311305769
1169,4,630,0.55,13,0.04052080167075891,0.22846608595479193
1169,4,632,0.6000000000000001,9,0.04937343635493311,0.21793589409819264
1169,4,636,0.5,14,0.05346276525238692,0.2206890985407246
1169,4,646,0.6000000000000001,15,0.04087678672610492,0.22211725190749138
1169,4,650,0.75,11,0.05832204815162008,0.21234340506233
1169,4,658,0.7000000000000001,8,0.02898350612262115,0.19066850083676573
1169,4,660,0.6000000000000001,13,0.038957512693538233,0.20724909917624174
1169,4,662,0.65,7,0.04976412600391399,0.22727658552484714
1169,4,666,0.6000000000000001,13,0.050205084330273875,0.20805395194919846
1169,4,670,0.55,20,0.051910980642096885,0.21192038165938526
1169,4,678,0.7000000000000001,9,0.048585733288401003,0.221384763937797
1169,4,688,0.6000000000000001,7,0.056661162613474446,0.21004994303771715
1169,4,689,0.65,9,0.044302877723298925,0.2289288732646227
1170,0,0,1.0,4,0.026865534046933898,0.13326765637337984
1170,0,1,0.65,17,0.045524541000954113,0.20836479648356118
1170,0,2,1.0,20,0.043500940255629984,0.20419199661623272
1170,0,3,0.65,13,0.05251507543379504,0.20092108767544778
1170,0,4,0.8,5,0.07547216313115193,0.15982490171657426
1170,0,5,0.4,18,0.05653953518604881,0.23385272007731825
1170,0,6,0.9,9,0.06012028498715559,0.16235652228911313
1170,0,7,0.9,14,0.059509511816751036,0.20605984733324975
1170,0,8,1.0,9,0.03957929770475932,0.17692009115319907
1170,0,9,0.5,20,0.05349724257972028,0.2177165028559449
1170,0,10,0.55,14,0.055049042099705035,0.16793730563432502
1170,0,11,0.6000000000000001,14,0.043860616337853695,0.22017115277881324
1170,0,12,0.6000000000000001,15,0.0554264508109024,0.21035800901710605
1170,0,13,0.8500000000000001,12,0.06241006585198336,0.1862673607659231
1170,0,14,0.9500000000000001,5,0.046763597584848576,0.15307240550553264
1170,0,15,0.6000000000000001,2,0.02776006710009202,0.12151857346907136
1170,0,16,0.6000000000000001,9,0.05761133552218922,0.19829334900124657
1170,0,19,0.55,5,0.058640815762411876,0.18730483885348323
1170,0,20,0.9,7,0.042438802171931175,0.1519207902957993
1170,0,21,0.5,14,0.06133471764389686,0.21143182518380346
1170,0,22,0.65,21,0.05273150244238859,0.2076369055680709
1170,0,23,0.6000000000000001,16,0.05682339517675642,0.22416183986745664
1170,0,24,0.6000000000000001,12,0.05005146438978436,0.24241155992370025
1170,0,25,0.65,10,0.061483788207435476,0.19063152339313547
1170,0,26,0.65,13,0.052947492061026905,0.19598869822315396
1170,0,27,0.55,17,0.05201540076904269,0.21225092100033827
1170,0,28,0.75,12,0.05889637751582377,0.19262437961359935
1170,0,29,0.65,11,0.049505158181586566,0.19009459745393115
1170,0,30,0.55,14,0.05714984655630199,0.22287881566080678
1170,0,32,0.65,9,0.05830680554603397,0.19497552368049226
1170,0,33,0.65,13,0.04725820482948602,0.17238800588007785
1170,0,37,0.7000000000000001,12,0.060306815259474025,0.2126722150948718
1170,0,38,0.65,4,0.05033015508944644,0.1306046210869541
1170,0,39,0.6000000000000001,11,0.05348701149608599,0.21665352319323866
1170,0,40,0.7000000000000001,10,0.04725259841528381,0.19117811448240946
1170,0,41,0.8,8,0.05793543291668576,0.21772787729155824
1170,0,42,0.65,13,0.04719489909378253,0.23021256076282284
1170,0,43,0.6000000000000001,11,0.05632874984916395,0.2070483275605028
1170,0,44,0.75,5,0.06601080190483836,0.18277360840649942
1170,0,45,0.5,10,0.040736593095405435,0.1900631361392171
1170,0,46,0.8500000000000001,14,0.05056369399227236,0.21899297590267566
1170,0,47,0.75,16,0.052423081205099475,0.21313907743634933
1170,0,48,0.6000000000000001,15,0.05042897626253905,0.2134055432188249
1170,0,49,0.8,5,0.04446875428273551,0.16554686547559594
1170,0,50,0.8500000000000001,13,0.06591895541968482,0.22711941121508075
1170,0,52,0.65,7,0.06338220074220154,0.22652656295841003
1170,0,54,0.6000000000000001,15,0.05330262816698587,0.19645836909915246
1170,0,55,1.0,12,0.06608230987695615,0.17916938121090797
1170,0,56,0.8,11,0.04964125024120521,0.17198190639060693
1170,0,57,0.75,16,0.05560896138960568,0.1991176761407083
1170,0,58,0.55,9,0.03932294878375639,0.2242555130926483
1170,0,60,0.8500000000000001,7,0.04795846329755083,0.20839743185898169
1170,0,62,0.6000000000000001,6,0.05739063898902532,0.2048394358052581
1170,0,63,0.6000000000000001,14,0.0561758679047778,0.20673189134513523
1170,0,64,0.9500000000000001,11,0.03870319789855964,0.18963595374861295
1170,0,66,0.55,9,0.048944092444413605,0.20958141886261117
1170,0,68,0.9500000000000001,11,0.06526778180515112,0.18830911201403977
1170,0,70,0.75,12,0.051398310318708375,0.1861014982391114
1170,0,73,0.7000000000000001,13,0.04173095567553969,0.22040467114832168
1170,0,74,0.8500000000000001,7,0.043657718586763664,0.143003434218782
1170,0,75,0.7000000000000001,7,0.05245797073294,0.16099315641318307
1170,0,77,0.7000000000000001,8,0.045844795375130254,0.21396420640471756
1170,0,78,0.7000000000000001,10,0.05559464388492456,0.19824842473914364
1170,0,79,0.65,10,0.055517621147956386,0.21676781943923085
1170,0,81,0.7000000000000001,11,0.06658473872685636,0.2177116814509697
1170,0,82,0.8500000000000001,9,0.05919202483699333,0.15477902325244125
1170,0,84,0.65,14,0.04578266645675523,0.22918412550497763
1170,0,85,0.65,15,0.055448263175154854,0.2308418088426586
1170,0,86,0.8,6,0.031169358395640924,0.16758807903627457
1170,0,87,1.0,7,0.0785803799542372,0.20964641301269413
1170,0,89,0.65,7,0.05009647636456088,0.22031032880415863
1170,0,90,0.55,11,0.06467935455289192,0.19959578870443095
1170,0,91,0.65,12,0.050062292630322885,0.20459400191600777
1170,0,93,0.7000000000000001,10,0.040818822590007256,0.2160189314395744
1170,0,96,0.65,15,0.04405117421193143,0.21428633025852395
1170,0,99,0.75,11,0.07428498207371335,0.19262866639738707
1170,0,103,0.55,11,0.07558207590592128,0.20599964202919113
1170,0,108,0.6000000000000001,18,0.04919959021253364,0.21900826527193204
1170,0,109,0.8,9,0.03313468156081776,0.2563477400706311
1170,0,110,0.8500000000000001,7,0.04886719681784293,0.15498016352168167
1170,0,111,0.65,13,0.0531083381425796,0.22516604549274402
1170,0,114,0.5,13,0.05021250208944989,0.19946814179970868
1170,0,115,0.8,11,0.044414641418977184,0.24349939947949897
1170,0,119,0.45,17,0.051725295899586514,0.22430899598081158
1170,0,120,0.5,15,0.060428395047537525,0.20709540839959914
1170,0,123,0.75,9,0.06041014660364717,0.2016835093330243
1170,0,128,0.7000000000000001,16,0.05124641133761804,0.2094210627123953
1170,0,136,0.5,12,0.04058069347049505,0.2252885941512325
1170,0,137,0.6000000000000001,9,0.0621126807333022,0.2258713911656146
1170,0,139,0.7000000000000001,11,0.05341352393735272,0.21036610364886402
1170,0,140,0.65,13,0.03438546499689435,0.2268722641643488
1170,0,142,0.7000000000000001,9,0.04063362855022008,0.20419217404609194
1170,0,146,0.6000000000000001,9,0.05931647010924795,0.18778362218106537
1170,0,147,0.6000000000000001,15,0.051042690933069366,0.22014409993718304
1170,0,152,0.55,12,0.052096425517549394,0.2112678001414294
1170,0,153,0.65,11,0.04653909414704466,0.22938443729865832
1170,0,155,0.55,15,0.05307257917946038,0.19305780473841433
1170,0,157,0.8,14,0.050388420650212304,0.20426411982028905
1170,0,159,0.65,10,0.0721140518413414,0.21293025285497183
1170,0,164,0.55,14,0.05826129031208856,0.20329668144978216
1170,0,168,0.7000000000000001,9,0.04908032200570741,0.22278451427399512
1170,0,171,0.6000000000000001,13,0.054897017758499304,0.1738632987271427
1170,0,174,0.6000000000000001,10,0.05266505271614661,0.23175094160697104
1170,0,180,0.65,12,0.04920889869697593,0.20964909110678273
1170,0,184,0.65,8,0.03616446935997261,0.24685173745882516
1170,0,187,0.55,15,0.04094097179978153,0.24611981027010754
1170,0,189,0.6000000000000001,10,0.05971347814145765,0.200008426501075
1170,0,194,0.6000000000000001,9,0.05590520470185367,0.1995996345899669
1170,0,205,0.75,16,0.049537366974135424,0.22584765853999655
1170,0,209,0.55,10,0.056178497197884376,0.20104291391331
1170,0,210,0.55,20,0.05468167540109339,0.20724650505793857
1170,0,214,0.65,13,0.05111087677921208,0.2054167927295494
1170,0,215,0.7000000000000001,15,0.04076129438918875,0.24297951994427489
1170,0,217,0.6000000000000001,11,0.06253014605302872,0.20275907079733396
1170,0,222,0.5,11,0.05304274750545408,0.2069994518777859
1170,0,224,0.7000000000000001,12,0.057364769853444325,0.21659068932473333
1170,0,225,0.8,14,0.04753185219133411,0.24086209556665944
1170,0,226,0.55,16,0.04421332655886185,0.21121469216081823
1170,0,228,0.55,10,0.05112214403700766,0.19717086266408776
1170,0,230,0.7000000000000001,11,0.04865081996134762,0.20143678654492392
1170,0,236,0.65,13,0.05435870024761872,0.19400910142527542
1170,0,240,0.65,12,0.059997064626003564,0.2084162726573278
1170,0,245,0.8,8,0.06459215077291874,0.21385694855498655
1170,0,246,0.65,9,0.052582489072726175,0.22338687205874289
1170,0,248,0.6000000000000001,11,0.0633047369043802,0.22228308921896645
1170,0,253,0.75,13,0.043564940279112355,0.23542143753689973
1170,0,254,0.55,8,0.055081187227240994,0.23344317945541027
1170,0,259,0.65,10,0.06712531744543769,0.18735259409772326
1170,0,274,0.75,7,0.04369359066193554,0.23238956001773145
1170,0,289,0.6000000000000001,11,0.03859207507421081,0.24408782186342848
1170,0,290,0.6000000000000001,14,0.05122581492028786,0.22583381968865424
1170,0,293,0.65,14,0.03187455545169742,0.25063157412804166
1170,0,295,0.6000000000000001,12,0.05938096407362694,0.21365182865496277
1170,0,305,0.75,10,0.054578385086776496,0.2067980357109595
1170,0,309,0.5,11,0.06149611744600644,0.20255070594590122
1170,0,312,0.5,16,0.04061555520238095,0.22282109823291257
1170,0,314,0.8500000000000001,17,0.057338461982376444,0.2167249799940342
1170,0,322,0.75,7,0.04687708184121822,0.2275988401924136
1170,0,324,0.75,11,0.06630191136618355,0.19244800437658663
1170,0,326,0.7000000000000001,9,0.056686387232455095,0.24221861028468541
1170,0,330,0.7000000000000001,17,0.049656153386448035,0.18409538144231566
1170,0,332,0.55,16,0.05114721727099113,0.23343866910915526
1170,0,335,0.75,9,0.051730649144583585,0.17101863654589783
1170,0,340,0.4,14,0.050022913252712776,0.21512888300206398
1170,0,345,0.7000000000000001,12,0.05720231308528579,0.20917554148886555
1170,0,346,0.7000000000000001,14,0.04895556956766501,0.207797550108645
1170,0,351,1.0,19,0.05531089488996497,0.21791351799417383
1170,0,356,0.6000000000000001,12,0.05141058813839207,0.21590157048851058
1170,0,357,0.6000000000000001,8,0.06381138640152845,0.19847696001167972
1170,0,360,0.6000000000000001,12,0.05865382363375214,0.1720574214198094
1170,0,362,0.55,16,0.04979720157715537,0.2140681615988906
1170,0,370,0.55,8,0.04538779505371869,0.20429570879265097
1170,0,373,0.8500000000000001,11,0.05999038329488925,0.21163387078891915
1170,0,385,0.65,11,0.04025518203515749,0.24247726357951052
1170,0,386,0.75,9,0.061070068332104537,0.20614829221983358
1170,0,388,0.8,8,0.05110761835786606,0.21014444476227728
1170,0,390,0.65,12,0.0491040599819777,0.2276615176777377
1170,0,404,0.8,5,0.03844697711661766,0.1756082729009168
1170,0,407,0.55,15,0.057689266547102776,0.2089538581389558
1170,0,408,0.9,15,0.03624070074347166,0.21117443276877287
1170,0,410,0.75,11,0.05734662704070956,0.22693180229583526
1170,0,412,0.5,14,0.04063677125909677,0.22506192945366282
1170,0,415,0.6000000000000001,10,0.06028155736331287,0.22227655361018991
1170,0,422,0.7000000000000001,10,0.04710961867628674,0.23722409680549905
1170,0,428,0.7000000000000001,11,0.044441291849871854,0.22625292609574846
1170,0,430,0.45,17,0.04901295466421663,0.21718346194653262
1170,0,432,0.55,11,0.049473974008703486,0.23199824610177558
1170,0,433,0.65,9,0.059243595040315594,0.19711165277897155
1170,0,445,0.65,9,0.03170436769000521,0.24516868360568467
1170,0,447,0.65,9,0.05965837371570174,0.22655588800104237
1170,0,449,0.75,14,0.06011631595677988,0.2122460029623693
1170,0,451,0.55,16,0.05222976140880818,0.21179631552710665
1170,0,460,0.9,9,0.05616338376109149,0.23109473205686648
1170,0,464,0.65,16,0.0407090023941442,0.18446340855952778
1170,0,474,0.7000000000000001,11,0.05660027848473416,0.21005288729007818
1170,0,482,0.7000000000000001,10,0.059414582440057,0.22465376191764758
1170,0,485,0.55,11,0.06218340042096822,0.19699793811173716
1170,0,487,0.8,5,0.023774767613895745,0.1356698825086809
1170,0,505,0.55,11,0.040775535358568205,0.2285644357691297
1170,0,507,0.65,18,0.05356145090217122,0.2267077280525839
1170,0,517,0.65,6,0.06900376832883647,0.2321885421257529
1170,0,520,0.6000000000000001,10,0.058944810621474594,0.2064763350005856
1170,0,522,0.6000000000000001,9,0.053468075550492336,0.20002618443490988
1170,0,523,0.65,9,0.04247330266369773,0.24210232678468385
1170,0,537,0.65,15,0.03535637073046327,0.2246297791624429
1170,0,544,0.55,10,0.05707586983129416,0.21431126322070568
1170,0,545,0.75,10,0.04291614105021919,0.1917679563472275
1170,0,547,0.7000000000000001,9,0.05646278207780078,0.21675707893228355
1170,0,549,0.65,9,0.058572650491353156,0.2273407014556867
1170,0,550,0.55,16,0.05337722343579155,0.20244023987258547
1170,0,551,0.8,12,0.06552343078707482,0.1887303461339369
1170,0,558,0.65,10,0.04768642993689654,0.20857432652155974
1170,0,565,0.6000000000000001,9,0.04427637493932138,0.221522462476618
1170,0,566,0.7000000000000001,18,0.05121060025865619,0.2168914496796461
1170,0,573,0.6000000000000001,12,0.044007571365557475,0.2311183956377998
1170,0,588,0.5,14,0.06036239101213068,0.22176565497684822
1170,0,590,0.6000000000000001,12,0.03950065543888981,0.199616672667058
1170,0,591,0.55,9,0.04748386078293231,0.21121014761333892
1170,0,593,0.75,11,0.0554214762655429,0.17895793524987297
1170,0,597,0.7000000000000001,14,0.04438457808491259,0.20801400939562947
1170,0,598,0.7000000000000001,6,0.04608371516178532,0.24609330609935687
1170,0,599,0.65,15,0.04966178429776974,0.23628651849033772
1170,0,606,0.55,7,0.04964741840545758,0.22265063979879374
1170,0,616,0.6000000000000001,18,0.043008381042824506,0.19401829795347075
1170,0,617,0.65,11,0.04297730995445358,0.2139870771812861
1170,0,620,0.6000000000000001,22,0.051423405217263046,0.20280428847243862
1170,0,626,0.8500000000000001,9,0.045105777705200384,0.22031614978084157
1170,0,631,0.65,8,0.05534748634345815,0.2304041769383285
1170,0,632,0.6000000000000001,12,0.06777185835170954,0.2194900078329647
1170,0,639,0.55,14,0.04265316001568429,0.21020400967248837
1170,0,648,0.7000000000000001,10,0.042718358336720635,0.2297576684018458
1170,0,654,0.6000000000000001,13,0.05316784465433468,0.21378523579196212
1170,0,659,0.7000000000000001,9,0.05461855191151142,0.18565227088676142
1170,0,668,0.75,9,0.06646854823088184,0.20591596893658318
1170,0,676,0.7000000000000001,15,0.04135078557563289,0.20424578903024368
1170,0,677,0.45,10,0.053366761952094645,0.2174918962937587
1171,1,0,0.9500000000000001,15,0.058898698058786135,0.22111659336624637
1171,1,1,0.9500000000000001,7,0.07344954166644685,0.22136263756416377
1171,1,2,1.0,5,0.032624283481968996,0.12543324946990358
1171,1,3,0.65,6,0.034187474873171135,0.1821264438299376
1171,1,4,0.65,8,0.0490421845427817,0.2355591550263295
1171,1,5,0.75,19,0.03447743449577203,0.2282632230190698
1171,1,6,0.6000000000000001,17,0.04903226247296751,0.2281331545261109
1171,1,7,0.65,15,0.06433848700176487,0.19693884078865231
1171,1,8,1.0,15,0.060571961493490804,0.19740845075668176
1171,1,9,0.7000000000000001,14,0.04836329665480994,0.2185772313494744
1171,1,10,0.8,9,0.029613613655261377,0.1261795871305451
1171,1,11,0.5,10,0.049724997167137075,0.20981497634966478
1171,1,12,0.45,9,0.05682662638737018,0.18376064605149334
1171,1,13,0.8,16,0.05376202055391368,0.19084237212199623
1171,1,14,0.6000000000000001,7,0.05650688120074388,0.1992531212511357
1171,1,15,0.75,10,0.04749117881395944,0.2343711874016512
1171,1,16,0.6000000000000001,11,0.029246481931087445,0.22984822008974748
1171,1,17,0.65,14,0.04548192024752642,0.21692201069825554
1171,1,18,0.8,15,0.06454010942593404,0.18068827139627516
1171,1,19,0.65,6,0.04508353539289207,0.18248339981150977
1171,1,21,0.6000000000000001,20,0.049460216472477246,0.22048570546420204
1171,1,22,0.6000000000000001,9,0.049724024354021686,0.20236690071544577
1171,1,23,0.6000000000000001,8,0.06344817321744146,0.19487080246869426
1171,1,24,0.55,10,0.06339267622817081,0.2178329602690808
1171,1,25,1.0,13,0.058786860535764,0.22721554108596972
1171,1,26,0.75,2,0.021869148745604992,0.1392961214695057
1171,1,27,0.65,8,0.052366925878561676,0.19430411582054008
1171,1,28,0.75,4,0.036982797134933305,0.13975971714891744
1171,1,30,0.9,10,0.0672378917398435,0.17934967907020985
1171,1,31,0.8,8,0.05870236268383186,0.20450331437177816
1171,1,32,1.0,12,0.05082767594841951,0.1757209930787537
1171,1,34,0.5,14,0.05268690168093953,0.20454214363532094
1171,1,35,1.0,15,0.0710846148815178,0.20184653336465214
1171,1,37,0.8,14,0.06073517500425917,0.1889572033449541
1171,1,38,0.65,15,0.04075741771044089,0.2413925839750032
1171,1,40,0.9,13,0.06230349824211967,0.19894321706059778
1171,1,41,0.9,5,0.022355371244297827,0.12121546566638093
1171,1,42,1.0,12,0.053785180672635276,0.2022417992333497
1171,1,43,0.9500000000000001,6,0.03879802632689555,0.13136834013851764
1171,1,44,0.8500000000000001,13,0.0550299879749041,0.19727112616181014
1171,1,48,0.65,11,0.04632736625501774,0.2052407813579572
1171,1,51,0.65,9,0.05966823265747136,0.22354071108609957
1171,1,53,0.8,14,0.05992430911434246,0.20383786714359237
1171,1,54,0.55,9,0.03810180871267682,0.22864497088446478
1171,1,55,0.6000000000000001,11,0.04207227196250329,0.18195005871754832
1171,1,56,0.6000000000000001,14,0.054071284500877184,0.23996179800185066
1171,1,57,0.7000000000000001,8,0.03414901109591291,0.14399119448704562
1171,1,58,0.6000000000000001,14,0.047380374664575016,0.2066790979712644
1171,1,60,0.8,14,0.05711592396673385,0.20524834151622717
1171,1,61,0.6000000000000001,14,0.05199416875043428,0.215303490284592
1171,1,65,0.75,13,0.057744802461964534,0.2084569185212506
1171,1,66,0.65,6,0.03681848503523235,0.15645967488080378
1171,1,67,0.75,7,0.044730675491415406,0.1513430087754428
1171,1,68,0.8,8,0.057327303113063485,0.19690334558827985
1171,1,69,0.7000000000000001,14,0.059184057596334216,0.22330368889511337
1171,1,70,0.75,7,0.05204313682482194,0.19402069092554503
1171,1,74,0.65,8,0.06590282807692041,0.21240841582416772
1171,1,75,0.6000000000000001,11,0.044219468291128855,0.21669778278236926
1171,1,79,0.7000000000000001,11,0.04177072976507115,0.22365014400387634
1171,1,81,0.65,13,0.05805904238095842,0.22055851928947337
1171,1,84,1.0,11,0.05169514438039149,0.23872554319627853
1171,1,85,0.55,12,0.05170942733032894,0.21843945435437484
1171,1,87,0.65,11,0.04970087394125457,0.2308919092661674
1171,1,88,0.55,14,0.04619484227213765,0.19688230197677564
1171,1,93,0.55,21,0.05604739107510625,0.21750816685887953
1171,1,94,0.5,10,0.03855869175439877,0.23097533742228862
1171,1,97,0.7000000000000001,10,0.0668922150952431,0.2136988477234964
1171,1,98,0.6000000000000001,15,0.04707012659988816,0.2206384743562491
1171,1,103,0.75,12,0.06428528865876348,0.20560808975499725
1171,1,106,0.7000000000000001,17,0.04984388472750233,0.21455281391319347
1171,1,111,0.55,11,0.06046630192057896,0.20418100349481777
1171,1,116,0.8,7,0.032550969775084336,0.24762700487964895
1171,1,117,0.75,16,0.04699957184383305,0.22100863282171815
1171,1,122,0.75,12,0.07367281776401435,0.20396075472718256
1171,1,123,0.55,12,0.06429839011498534,0.18678042431796746
1171,1,126,0.7000000000000001,12,0.041816909165354466,0.20894870061044787
1171,1,127,0.65,14,0.05586874064154115,0.2025267624938353
1171,1,130,0.6000000000000001,12,0.05733819324238876,0.2082636910736397
1171,1,131,0.6000000000000001,11,0.03908649719230219,0.21621131388596512
1171,1,132,0.7000000000000001,5,0.0698380151436326,0.21469434575177138
1171,1,138,0.75,12,0.0543239852977155,0.16572389276390218
1171,1,141,0.7000000000000001,9,0.060449074235379076,0.1969190132134682
1171,1,142,0.55,10,0.060346585514532446,0.2056006906962705
1171,1,150,0.55,13,0.05843226474243791,0.1952273592154072
1171,1,151,0.7000000000000001,8,0.046282642866843596,0.2182093408005165
1171,1,160,0.6000000000000001,11,0.04909944535096374,0.22947539935542124
1171,1,162,0.6000000000000001,14,0.06265071618817464,0.20228804877783776
1171,1,168,0.5,12,0.0626812246918386,0.21242823380067946
1171,1,177,0.6000000000000001,10,0.06900565113997131,0.19691414261071646
1171,1,183,0.55,6,0.052731234095167445,0.19050805761116155
1171,1,185,0.8500000000000001,11,0.05198722761821081,0.20196054813325717
1171,1,188,0.5,9,0.05140787175978261,0.22135624829927536
1171,1,196,0.7000000000000001,11,0.05974714493591768,0.1793429550482378
1171,1,201,0.8500000000000001,12,0.06938810766202501,0.20370078634658229
1171,1,205,0.65,13,0.04327365604638388,0.22302911568240286
1171,1,206,0.6000000000000001,22,0.04913477855356042,0.22496118596354175
1171,1,210,0.5,16,0.05199327541480706,0.19676578168722467
1171,1,214,0.55,14,0.041123324074237536,0.2276718778148268
1171,1,217,0.6000000000000001,11,0.05968811345300486,0.22002515941641165
1171,1,218,0.5,11,0.06821299552680979,0.20025516160929024
1171,1,219,0.6000000000000001,14,0.03505141419395788,0.23543644353151882
1171,1,226,0.65,10,0.036919792523939766,0.22085207316324232
1171,1,227,0.7000000000000001,8,0.0628445960636716,0.23520324990568262
1171,1,233,0.7000000000000001,15,0.047832802564372716,0.20705597914284402
1171,1,236,0.8,9,0.05634019389289473,0.21467861491862145
1171,1,238,0.6000000000000001,19,0.03898479858198001,0.2143776275651969
1171,1,242,0.55,17,0.038675988095376444,0.23231929361835268
1171,1,243,0.65,18,0.050607448078407766,0.23817146480466578
1171,1,244,0.6000000000000001,15,0.04686648198387997,0.202812780648887
1171,1,246,0.8,12,0.05743619428488583,0.2289249421558741
1171,1,249,0.7000000000000001,11,0.03146795652972735,0.24523567237694024
1171,1,251,0.6000000000000001,13,0.05510150399620033,0.2153314826348791
1171,1,255,0.65,13,0.05861664506920774,0.21111425114849336
1171,1,261,0.65,13,0.060081190715547426,0.2194432337226173
1171,1,262,0.65,12,0.03960843694456307,0.2133509889326647
1171,1,264,0.65,8,0.0694930865984982,0.20468872191970025
1171,1,267,0.7000000000000001,12,0.06652110088858008,0.20553891869118182
1171,1,269,0.6000000000000001,10,0.055204755860162144,0.2188626984761175
1171,1,278,0.65,10,0.04843788505312421,0.17059859672046146
1171,1,280,0.65,9,0.03091770387304515,0.26269367744455696
1171,1,284,0.6000000000000001,12,0.06716389662701985,0.2132198859470044
1171,1,289,0.65,11,0.030556103022723782,0.2420160511293157
1171,1,290,0.65,8,0.07018847084379033,0.2122492403734965
1171,1,295,0.55,12,0.057674097161079844,0.21461880400387198
1171,1,297,0.7000000000000001,10,0.05259281764019532,0.24605796409263947
1171,1,299,0.8,10,0.05851611029723024,0.22102230443027554
1171,1,305,0.65,12,0.04512418609891675,0.1552606202299969
1171,1,307,0.7000000000000001,10,0.05146291613427548,0.19752913903788488
1171,1,313,0.65,8,0.05830996787468614,0.19276646619839194
1171,1,321,0.5,10,0.0608454939007072,0.21673768614117686
1171,1,328,0.55,13,0.05605748141516255,0.2124675801490356
1171,1,331,0.8500000000000001,13,0.05508042082573122,0.23035814605784768
1171,1,332,0.8500000000000001,10,0.06411763086578794,0.2191029465351284
1171,1,336,0.7000000000000001,18,0.05107731658710611,0.20492946395926262
1171,1,337,0.7000000000000001,11,0.03450293013720864,0.22990857940138695
1171,1,338,0.75,8,0.05279578807041706,0.210450855867419
1171,1,340,1.0,14,0.05298630679653908,0.19915291146033928
1171,1,342,0.75,10,0.036509098026448,0.21523616120411856
1171,1,343,0.75,10,0.05781340441047462,0.22177705409864573
1171,1,344,0.55,7,0.03149863097924938,0.2363210044548452
1171,1,367,0.7000000000000001,10,0.050570240502901674,0.2187699613956761
1171,1,369,0.6000000000000001,19,0.05747608959248553,0.20220031319232626
1171,1,370,0.55,11,0.05871076821142627,0.18668622073965568
1171,1,374,0.8,11,0.04945329353424504,0.2274004090536737
1171,1,375,0.5,11,0.06559547601107961,0.20227933217980534
1171,1,377,0.65,11,0.037455112450771384,0.24043941908895616
1171,1,396,0.55,11,0.047912655448490715,0.2046331768386146
1171,1,399,0.65,15,0.059849898578467134,0.2117725027711514
1171,1,400,0.6000000000000001,15,0.057876129835906225,0.2137735910914471
1171,1,401,0.5,12,0.055779422630586745,0.2115113694645109
1171,1,408,0.6000000000000001,8,0.07164004232313279,0.1962625375636265
1171,1,413,0.6000000000000001,10,0.051821392475526556,0.21986898162970542
1171,1,417,0.65,9,0.046938141692826216,0.21822773285674701
1171,1,434,0.65,13,0.07346214698686489,0.18245655524458457
1171,1,435,0.65,15,0.05938477835191312,0.2112121330690027
1171,1,437,0.65,19,0.060835634641003,0.21168597663214533
1171,1,444,0.65,10,0.06348806997038728,0.20359492994196468
1171,1,445,0.6000000000000001,16,0.04352839718274066,0.21942340954926975
1171,1,446,0.65,11,0.05444534620745364,0.2073933594509225
1171,1,449,0.65,10,0.0539696689984037,0.2291047867886425
1171,1,451,1.0,11,0.049273898764793295,0.23145069892227255
1171,1,458,0.8,17,0.04929645597540238,0.20501378801998532
1171,1,462,0.7000000000000001,9,0.06445126155722854,0.20972325279757414
1171,1,469,0.5,9,0.05376286429931862,0.1919185742777956
1171,1,474,0.5,14,0.03995922140024651,0.23810100894788258
1171,1,475,0.55,10,0.05928076333764426,0.2076376593585068
1171,1,483,0.65,13,0.05956378373707839,0.2246740708659069
1171,1,490,0.55,8,0.041323318624729675,0.23472859592773276
1171,1,494,0.8,15,0.06859317959890804,0.1981325696802609
1171,1,499,0.6000000000000001,10,0.06263371401840936,0.20584892223145804
1171,1,501,1.0,10,0.04748512975663635,0.22463540945921084
1171,1,505,0.45,17,0.06194385759663328,0.21704560402132772
1171,1,506,0.9,15,0.04612020138635798,0.2211373304636108
1171,1,509,0.5,11,0.0396016134148433,0.21793040577407422
1171,1,521,0.55,12,0.05147468574654029,0.20393638863182653
1171,1,529,0.65,15,0.07204979630374134,0.21388723636615065
1171,1,531,0.5,12,0.036467994459615946,0.2511013872983916
1171,1,532,0.6000000000000001,6,0.07118742994971747,0.2195347785708508
1171,1,534,0.5,12,0.055953159718372815,0.2224722454821081
1171,1,535,0.6000000000000001,14,0.06371531057776984,0.23755951923114596
1171,1,538,0.75,12,0.05536727420859232,0.21233865313729947
1171,1,543,0.65,9,0.055308869991887936,0.21732804136489253
1171,1,546,0.65,10,0.06193092761847945,0.20070327562863519
1171,1,548,0.65,13,0.05275293113191303,0.21216245053414143
1171,1,550,0.65,23,0.0539392154561097,0.21505322053824805
1171,1,556,0.55,12,0.062165028486662666,0.21968199229667784
1171,1,558,1.0,7,0.05687391333002012,0.20502989812623912
1171,1,562,0.6000000000000001,10,0.06297418243385147,0.20744169190401154
1171,1,563,0.65,9,0.051272422973909694,0.2319772199644246
1171,1,567,0.6000000000000001,15,0.04919851665123217,0.22296082416653748
1171,1,572,0.5,16,0.04489182189001072,0.22472072244537245
1171,1,577,0.65,15,0.06521331280336952,0.2257336931930231
1171,1,581,0.7000000000000001,12,0.04404126774775455,0.23309479805558295
1171,1,586,0.65,17,0.051559227958662794,0.22313858520635274
1171,1,590,0.8,10,0.0479416002161139,0.18792869922188435
1171,1,591,0.55,19,0.0411382182445869,0.23074975791883964
1171,1,592,0.55,14,0.052630163868552605,0.21489988394823614
1171,1,596,0.55,8,0.06468847278826355,0.1790643328774032
1171,1,598,0.6000000000000001,13,0.036812195078333575,0.2406595788158235
1171,1,604,0.6000000000000001,13,0.05517331879344941,0.21646971888415323
1171,1,609,0.55,8,0.027080143412610145,0.23017479174552985
1171,1,610,0.55,12,0.03301827156072777,0.22645684845466227
1171,1,615,0.55,15,0.057277221419220044,0.2135547955605945
1171,1,619,0.55,13,0.05155008807064462,0.22626583208982237
1171,1,623,0.65,7,0.04919282046790437,0.19808095288458477
1171,1,640,0.65,9,0.0381392973571266,0.22944525443472136
1171,1,647,0.8500000000000001,16,0.050472711030835886,0.21923851205398234
1171,1,649,0.55,15,0.05075374835966613,0.2116949822128954
1171,1,650,0.65,8,0.038488916551468806,0.2450067434740272
1171,1,656,0.6000000000000001,10,0.06487176689951732,0.1981098416117868
1171,1,657,0.75,15,0.05648394962300969,0.19992845011206883
1171,1,660,0.6000000000000001,13,0.05220104959658433,0.20743566411942344
1171,1,664,0.8,10,0.06045692717849556,0.21274057667304552
1172,2,0,0.55,12,0.04425851565336262,0.20373142157280374
1172,2,1,0.75,10,0.049622161369444515,0.19024752754563215
1172,2,2,1.0,2,0.043261478532614785,0.13059048483456817
1172,2,3,0.9,14,0.037799633049593655,0.20155244494676514
1172,2,4,0.8500000000000001,9,0.05246122068157258,0.1712666774980478
1172,2,5,0.9,11,0.0400475385575261,0.1801258445450884
1172,2,6,0.8,11,0.042920144580606515,0.21386951076024854
1172,2,7,0.9,14,0.060799597176138725,0.2049161001238291
1172,2,9,0.8,13,0.06213949081582184,0.1994123705963326
1172,2,10,0.75,15,0.04867146092990279,0.20763355778600529
1172,2,11,0.65,7,0.05241176440031098,0.19790197163585205
1172,2,12,0.5,9,0.04333820995279484,0.20362121068033576
1172,2,13,0.65,10,0.046957012506571964,0.1975223663557238
1172,2,15,0.65,11,0.05212663355123561,0.21526162847207378
1172,2,16,0.65,10,0.0324609577591232,0.18460700448266407
1172,2,17,0.5,8,0.021919557071021903,0.18269533537373572
1172,2,18,0.6000000000000001,12,0.03758883338614365,0.19672329094830424
1172,2,20,0.8500000000000001,13,0.03600356027641434,0.1902058288497398
1172,2,22,0.8,8,0.034069675694758314,0.19866895675683652
1172,2,24,0.75,11,0.02686784323186114,0.1794630165621779
1172,2,25,0.65,14,0.057934156036148446,0.2010380504453346
1172,2,29,0.7000000000000001,16,0.05074681394006649,0.21959245098221603
1172,2,31,0.8500000000000001,12,0.0461923878911242,0.19389078532790213
1172,2,37,0.65,10,0.05585359228835426,0.20554642063738465
1172,2,40,0.9500000000000001,13,0.041029660601801105,0.19707577773884133
1172,2,41,0.65,12,0.044284393375183556,0.21170616289031577
1172,2,44,0.7000000000000001,14,0.04637018671673111,0.20879584460176928
1172,2,45,0.75,12,0.038483894804463084,0.1722134142364644
1172,2,46,0.5,14,0.05018288277989779,0.2066055452046093
1172,2,48,0.5,14,0.04637368411982809,0.20799216300375803
1172,2,51,0.8,9,0.0387939619233493,0.1509030513976063
1172,2,52,0.7000000000000001,8,0.02975867545141941,0.19081131692081987
1172,2,55,0.5,14,0.04309163336483394,0.22558011471434677
1172,2,56,0.65,12,0.045402447396236216,0.2241716736068382
1172,2,59,0.5,15,0.02392988976769418,0.20413360077057494
1172,2,60,0.9500000000000001,13,0.03974521936298925,0.18882429594319786
1172,2,61,0.65,14,0.050823043177077386,0.2143506276218536
1172,2,62,0.55,11,0.05380600697383049,0.21142130766286005
1172,2,64,0.6000000000000001,9,0.022217260736285504,0.1862688078251263
1172,2,65,0.75,12,0.04328912423046344,0.18869358199773809
1172,2,68,0.7000000000000001,10,0.048513650207787425,0.19028135384682462
1172,2,69,0.7000000000000001,11,0.04216609538836633,0.21820023250908493
1172,2,71,0.7000000000000001,8,0.047564356718726636,0.2393812109756473
1172,2,74,0.6000000000000001,8,0.031280397923129456,0.19091986183773363
1172,2,80,0.6000000000000001,9,0.05277609215829413,0.1790240375485415
1172,2,81,0.8,11,0.05092164875613202,0.21937899499588187
1172,2,84,0.6000000000000001,10,0.05132873597951695,0.21290169465164993
1172,2,88,0.7000000000000001,6,0.05696947474831963,0.2007441609091545
1172,2,89,0.55,13,0.03742403802012181,0.2012091191668741
1172,2,93,1.0,6,0.03883559147548926,0.2075540179072063
1172,2,96,0.55,14,0.055972106155607125,0.19485379266723268
1172,2,97,0.7000000000000001,11,0.04328244456517808,0.21436621677971976
1172,2,98,0.6000000000000001,9,0.03860311753601938,0.2048576752756191
1172,2,99,1.0,16,0.046350959538539765,0.18888455189072678
1172,2,103,0.7000000000000001,16,0.04417911049072765,0.202418119284473
1172,2,107,0.7000000000000001,8,0.027167478049554383,0.21032491602130082
1172,2,109,0.65,10,0.036690223358318445,0.1762609651730725
1172,2,110,1.0,12,0.060318049889966634,0.2101969196441615
1172,2,111,0.5,12,0.04384607839423643,0.21598097415660197
1172,2,114,0.7000000000000001,17,0.04677914973503472,0.20778309652028226
1172,2,115,0.7000000000000001,7,0.039487157960311756,0.21222847020891653
1172,2,116,0.8,11,0.041569739674468434,0.17012283907653594
1172,2,124,0.5,12,0.04293590293830011,0.20191576624405036
1172,2,131,0.65,6,0.030342180822843266,0.19178216129015
1172,2,132,0.6000000000000001,19,0.046393542383442905,0.19842072121923413
1172,2,135,0.45,12,0.038329526073601704,0.19770093610866915
1172,2,136,0.7000000000000001,11,0.03801958927670625,0.203729480190145
1172,2,137,0.6000000000000001,7,0.02730583476487483,0.2132616254073049
1172,2,139,0.4,15,0.03677951807508723,0.1921380522291012
1172,2,142,0.65,17,0.05136373209048037,0.1983435793692693
1172,2,144,0.6000000000000001,14,0.04126799697194496,0.1964236533462435
1172,2,145,0.45,10,0.043262165172699,0.16474221127532845
1172,2,146,0.8500000000000001,9,0.035586641700387965,0.21926575585924407
1172,2,147,0.8,7,0.05063624390116684,0.23425153390627987
1172,2,148,0.65,10,0.05704439105477874,0.23471678901160914
1172,2,150,0.55,15,0.03848339530141601,0.18924821018381566
1172,2,151,0.5,14,0.05004309100263104,0.19476505458246915
1172,2,152,0.55,21,0.04588060764463079,0.2153454785385776
1172,2,155,0.55,8,0.05670532806761783,0.19320170786390162
1172,2,158,0.8500000000000001,9,0.04946698108427514,0.22091289229630515
1172,2,161,0.55,8,0.056637300147842504,0.21645987214973111
1172,2,163,0.75,12,0.044034721929510814,0.21810639285294686
1172,2,165,0.6000000000000001,9,0.024923467775272636,0.18439324873279025
1172,2,166,0.65,10,0.019711106220449557,0.19384532999272933
1172,2,170,0.5,17,0.05205915378311619,0.19762597564305
1172,2,171,0.65,10,0.04367334438294257,0.1880710351776748
1172,2,177,0.55,11,0.03581385540402702,0.19641706504921716
1172,2,179,0.8,9,0.04166422272838761,0.19737099805310523
1172,2,182,0.65,12,0.040635456911358975,0.20078703769930642
1172,2,183,0.75,9,0.05143847664811004,0.1866033528622456
1172,2,187,0.6000000000000001,15,0.046680364355850684,0.18293756587724933
1172,2,189,0.65,14,0.053189101017857086,0.20302431720415065
1172,2,200,0.8500000000000001,15,0.05987906160650736,0.21179222855170282
1172,2,205,0.55,11,0.04213763280078347,0.21887335532875776
1172,2,207,0.9500000000000001,13,0.043808561172453776,0.2241636138518379
1172,2,215,0.7000000000000001,10,0.05440681796253337,0.20161137217052164
1172,2,216,0.5,10,0.04451776414570456,0.2262693684896151
1172,2,218,0.6000000000000001,13,0.03858788958082456,0.1993516761996118
1172,2,224,0.7000000000000001,10,0.056187158042108463,0.20428984684994284
1172,2,228,0.65,8,0.031935440209904645,0.20803567559965938
1172,2,242,0.7000000000000001,13,0.03932403368237258,0.20738350168889855
1172,2,243,0.7000000000000001,6,0.061893641995899376,0.2198993190359356
1172,2,245,0.45,14,0.04522585987119204,0.19337568036746675
1172,2,246,0.55,11,0.03974245146854616,0.20741605820032233
1172,2,247,0.65,18,0.03890318068780074,0.19978622218679312
1172,2,251,0.5,14,0.04469457806650731,0.19336691088422522
1172,2,262,0.9,14,0.04692005075806325,0.20001087959881697
1172,2,265,0.6000000000000001,11,0.040435248076036344,0.18373369651253893
1172,2,276,0.55,13,0.05435627773456922,0.19894050923712017
1172,2,277,0.65,11,0.05043666248527451,0.22055782104602156
1172,2,280,0.65,14,0.031722820095161225,0.20179386623634527
1172,2,290,0.55,22,0.03413465384508118,0.19715821186572982
1172,2,293,0.6000000000000001,8,0.07003117643217437,0.21379925635007457
1172,2,303,0.65,14,0.044905180115824346,0.19560133032153945
1172,2,304,0.65,8,0.027432534364880735,0.21276347255274394
1172,2,310,0.55,12,0.022835036822198566,0.1912546919129069
1172,2,312,0.6000000000000001,11,0.05483777623148894,0.20652652110194322
1172,2,315,0.75,15,0.05033004945393361,0.20995758801053369
1172,2,318,0.65,7,0.053633687397130536,0.18569307591202305
1172,2,321,0.6000000000000001,11,0.04844182067099763,0.2056979256331754
1172,2,322,0.65,7,0.015050325152385831,0.21401973973429142
1172,2,323,0.65,13,0.05742154110146199,0.2051626307925187
1172,2,325,0.5,12,0.04742086803851907,0.19889984675621594
1172,2,327,0.6000000000000001,7,0.05558147948295852,0.19765439446869443
1172,2,329,0.65,12,0.034123185374806825,0.18982945587990294
1172,2,331,0.5,10,0.039145708562641185,0.20213439775805814
1172,2,334,0.75,18,0.05488323935918842,0.20583021430494178
1172,2,339,0.65,10,0.03663593344127488,0.21796765399895066
1172,2,340,0.55,14,0.03633974316078131,0.19427758355793387
1172,2,345,0.55,16,0.04925188512990857,0.19588944315926543
1172,2,347,0.7000000000000001,12,0.042764390683308284,0.21469873984700227
1172,2,352,0.55,9,0.05081183406685603,0.20945216419848667
1172,2,354,0.5,11,0.03611265982795606,0.1886724492014974
1172,2,368,0.7000000000000001,17,0.05061196957534001,0.19317991008497903
1172,2,370,0.65,9,0.04251017447936278,0.22606579144893166
1172,2,372,0.7000000000000001,12,0.04257610796278722,0.18956358384298208
1172,2,374,0.75,8,0.048933147733651684,0.2199294058055203
1172,2,375,0.6000000000000001,15,0.032134965364896254,0.19646862090353362
1172,2,376,0.55,10,0.04086309384372609,0.19475358136579085
1172,2,380,0.75,17,0.034972375199204694,0.19942344060872236
1172,2,382,0.7000000000000001,8,0.029527762418250968,0.21144454213108052
1172,2,385,0.5,10,0.017605107307485098,0.19025997635200723
1172,2,388,0.65,9,0.04576288399938457,0.222934091555872
1172,2,390,0.45,14,0.04669147943555216,0.21651056517999084
1172,2,391,0.6000000000000001,10,0.06496838702688382,0.20122304518796646
1172,2,395,0.6000000000000001,10,0.0436248384860804,0.22829581870507126
1172,2,398,0.8500000000000001,10,0.053924432572147275,0.20266048424848507
1172,2,405,0.55,18,0.04634281275015945,0.20946926527484278
1172,2,407,0.7000000000000001,7,0.046564297115801824,0.22312240472878805
1172,2,412,0.6000000000000001,13,0.04390760349167816,0.18386354058598925
1172,2,415,0.75,17,0.039692482963232155,0.1985305475581328
1172,2,422,0.7000000000000001,13,0.04139312745622494,0.21363152417223974
1172,2,425,0.7000000000000001,10,0.050208704827912023,0.2127671864070546
1172,2,427,0.8,14,0.039435014822200506,0.20542434675964114
1172,2,429,0.55,11,0.05071521987814563,0.2155405732579936
1172,2,433,0.75,17,0.041556619234975466,0.22211784851026706
1172,2,437,0.5,15,0.041160099662029014,0.20235206973291217
1172,2,439,0.7000000000000001,10,0.04126050866681384,0.20622684555971116
1172,2,440,0.45,18,0.06126774551558647,0.2127439274300581
1172,2,444,0.65,15,0.04552376709115072,0.2145104795674534
1172,2,447,0.6000000000000001,12,0.027934761390789507,0.1923310664730292
1172,2,454,0.5,17,0.03639529621872249,0.20301021912663372
1172,2,455,0.55,12,0.03493973012984879,0.21072122594404605
1172,2,456,0.7000000000000001,6,0.024821387238109678,0.18513578277862408
1172,2,462,0.6000000000000001,11,0.05821284845787924,0.20098293296843198
1172,2,465,0.6000000000000001,7,0.056748637171230895,0.2040723059935112
1172,2,467,0.5,10,0.04228511665407683,0.22530102407342695
1172,2,468,0.55,15,0.042364334449873524,0.22153460842276876
1172,2,472,0.8,14,0.04844520648160348,0.21350719568934703
1172,2,474,0.6000000000000001,18,0.03752105040586855,0.19691219180592842
1172,2,478,0.55,9,0.03938613985047381,0.16331797878446302
1172,2,482,0.65,15,0.0318020864249795,0.19261876697651487
1172,2,485,0.7000000000000001,8,0.05261009299660112,0.20925767710528542
1172,2,489,0.55,13,0.03619800203893177,0.19468228244784383
1172,2,505,0.5,11,0.03668776619634214,0.1968578784577722
1172,2,507,0.8,9,0.04870906881654661,0.2055245965445044
1172,2,509,0.55,10,0.04308331751392216,0.21959456636592467
1172,2,510,0.45,10,0.0392744406867977,0.2061020291609414
1172,2,511,0.6000000000000001,10,0.03371749721937195,0.2131720382473324
1172,2,512,0.55,11,0.030183374258787008,0.20527012729908345
1172,2,513,0.8500000000000001,17,0.033476479306871885,0.19748078963161425
1172,2,516,0.65,12,0.036161439510449846,0.18746805811626568
1172,2,518,0.5,15,0.039225405400231686,0.20986133694444986
1172,2,520,0.6000000000000001,16,0.046088273168201625,0.19794567365283583
1172,2,525,0.45,18,0.05551985633805908,0.20491207305492642
1172,2,526,0.5,20,0.039993807763227425,0.1994974085043481
1172,2,527,0.75,15,0.04387608453503031,0.20929426694689726
1172,2,529,0.75,13,0.028460986598468394,0.19451868048041254
1172,2,530,0.65,12,0.03903766643694902,0.17765870565311317
1172,2,537,0.5,15,0.024511318489341075,0.19239236306218127
1172,2,539,0.8,17,0.060885276534462275,0.20652001186494948
1172,2,548,0.65,8,0.06168360290173365,0.2156873906188902
1172,2,566,0.5,9,0.044454493952768244,0.2290565718055454
1172,2,567,0.7000000000000001,17,0.05031072801976172,0.20040985877672102
1172,2,575,0.55,11,0.02652838660386213,0.18850178583313612
1172,2,583,0.7000000000000001,8,0.039095145783463466,0.20469005716511662
1172,2,591,0.6000000000000001,11,0.026161304059229593,0.19732347975882253
1172,2,592,0.65,8,0.041097534302141074,0.20973100245386891
1172,2,594,0.55,15,0.04133632462145273,0.21371175469667614
1172,2,596,0.65,9,0.03553994527869463,0.18542929491472424
1172,2,599,0.9,11,0.04560742106330304,0.2014127108055922
1172,2,602,0.45,11,0.03705512175815382,0.1950016963957154
1172,2,605,0.9500000000000001,13,0.05036857268051157,0.1944699207509366
1172,2,606,0.75,13,0.042167985308997374,0.22780488947655395
1172,2,611,0.6000000000000001,11,0.058319828129164336,0.20072619264108982
1172,2,613,0.6000000000000001,15,0.03915461784286273,0.1904586476586156
1172,2,614,0.7000000000000001,15,0.04107667193818748,0.18719460673290797
1172,2,629,0.75,6,0.05173557128797482,0.15821072872576844
1172,2,631,0.55,9,0.03532924366854323,0.17382601135670556
1172,2,646,0.8,11,0.03267822840216584,0.17501967999252366
1172,2,648,0.75,10,0.044262865825303574,0.20610003572320337
1173,3,0,0.6000000000000001,13,0.047726136218010584,0.1900247741889397
1173,3,1,0.9,12,0.05047927342937516,0.17716624596553943
1173,3,2,0.65,6,0.046934216327369396,0.18631440433267032
1173,3,3,0.7000000000000001,16,0.03911645144532777,0.18391427254899376
1173,3,4,0.75,5,0.02051416878482743,0.1276130175124059
1173,3,5,0.6000000000000001,14,0.038281284649636545,0.15989041874813784
1173,3,6,0.6000000000000001,11,0.03518837655823094,0.1917207317577698
1173,3,7,0.65,10,0.030377308607912976,0.16286049717587484
1173,3,8,0.5,11,0.041470734459440925,0.18457015259089182
1173,3,9,0.8,7,0.03831243307297139,0.15709937254824696
1173,3,10,0.6000000000000001,7,0.036496194173792774,0.1688831578440187
1173,3,11,0.5,12,0.04266082720785082,0.1752802436980827
1173,3,12,0.9,12,0.04838327886708957,0.1793692104874903
1173,3,13,0.65,10,0.033024923473574316,0.16057499401773903
1173,3,14,0.6000000000000001,11,0.0467109765752032,0.1754895476374638
1173,3,15,0.8,4,0.052605674969254876,0.14969036208718048
1173,3,16,0.8,13,0.04442007144954661,0.17098873661235633
1173,3,17,0.65,14,0.04552125320818682,0.18225180619444523
1173,3,18,1.0,3,0.05364782645114122,0.14520184248701437
1173,3,19,0.8,15,0.03580612962972241,0.16058194118508132
1173,3,20,0.75,7,0.027560481470270078,0.14606173298769196
1173,3,21,0.6000000000000001,14,0.02926773890503545,0.1653960985457921
1173,3,22,0.7000000000000001,11,0.05232530698031539,0.20653503040540633
1173,3,23,0.7000000000000001,15,0.05166411295226819,0.18668645905274844
1173,3,24,0.6000000000000001,8,0.045282684442201696,0.21271602937553735
1173,3,25,0.9500000000000001,2,0.01611748414767808,0.11139678233648986
1173,3,26,0.7000000000000001,14,0.04557686490721475,0.19397307138151976
1173,3,27,0.55,17,0.03178919898943645,0.19869572472394392
1173,3,28,0.8,11,0.04480228559324108,0.18865261931618982
1173,3,29,0.6000000000000001,12,0.04439257756343565,0.18072181981411928
1173,3,30,1.0,11,0.05761254104738752,0.19878760949597912
1173,3,31,0.9,5,0.02537840989473273,0.13834154557907205
1173,3,32,0.4,11,0.0376209388601329,0.18911796188866473
1173,3,33,0.7000000000000001,7,0.05136273389510872,0.21002358036269245
1173,3,34,0.9500000000000001,14,0.050686670618473435,0.18304231378516447
1173,3,35,0.9500000000000001,13,0.02833852053972802,0.14702811106240443
1173,3,36,0.5,10,0.04871985363854829,0.19539840006387751
1173,3,37,0.8500000000000001,4,0.012719316171019051,0.11692112470462027
1173,3,38,0.55,12,0.03399685450634667,0.16093522849925532
1173,3,39,0.65,11,0.045778472094533944,0.1784211384853615
1173,3,40,0.9,15,0.04292913509727376,0.1717605665482855
1173,3,41,0.5,6,0.039935499367955506,0.1590405760011789
1173,3,42,0.6000000000000001,11,0.04099973878668083,0.1618762974119661
1173,3,43,0.7000000000000001,16,0.04351879361749247,0.17787407260210658
1173,3,44,0.65,14,0.039978214946231896,0.18224990984524858
1173,3,45,0.9,7,0.04608537954230434,0.20851107332410576
1173,3,46,0.65,10,0.05346623111429304,0.17772710526487864
1173,3,47,0.55,7,0.03288640133037602,0.18840827530244791
1173,3,49,0.5,9,0.052714079936270385,0.17881371253232195
1173,3,50,0.8,7,0.04807206860137064,0.19119934248456444
1173,3,51,0.9,13,0.04950564682869234,0.19055896813286827
1173,3,52,0.8500000000000001,7,0.06453024677089765,0.18466254720631117
1173,3,53,0.45,10,0.03218044154202078,0.143152168804981
1173,3,54,0.6000000000000001,10,0.042237790198304814,0.1663129562379737
1173,3,55,1.0,9,0.036179892088164654,0.14172831947272632
1173,3,56,0.65,10,0.02804023967990412,0.19415101074101002
1173,3,58,0.55,11,0.032016406842227715,0.1905350378961933
1173,3,59,0.75,12,0.034566351379466904,0.15558402626007872
1173,3,60,0.45,15,0.03870438305872792,0.1781070647842156
1173,3,61,0.9,9,0.020476308547845098,0.1780339570594397
1173,3,62,0.55,6,0.04612516606657955,0.1945041363531793
1173,3,63,0.7000000000000001,10,0.0322203559652016,0.17612323621865733
1173,3,64,0.55,11,0.05907110174679744,0.18097805848246173
1173,3,65,0.9500000000000001,6,0.05396611190244263,0.16033376628752363
1173,3,66,0.8,9,0.04899798505548152,0.15882010509447197
1173,3,67,0.55,12,0.035812616399890994,0.17044002092687086
1173,3,68,0.8,11,0.06311780972365404,0.1872906542662106
1173,3,70,0.9,9,0.04130152937184943,0.1616753254225951
1173,3,71,0.8,14,0.045069639157099425,0.1790147761743381
1173,3,72,1.0,15,0.0590399197407133,0.18441004238754038
1173,3,73,0.75,21,0.04304614208958254,0.178899664365624
1173,3,75,0.8,13,0.028199049283412828,0.18884822321782357
1173,3,76,0.75,7,0.02815722551008442,0.14327298802161642
1173,3,78,0.55,18,0.04404851801718979,0.16679795562947664
1173,3,79,0.6000000000000001,6,0.04979050120301094,0.18802559422281526
1173,3,80,0.5,11,0.03842149703998623,0.18192453151814503
1173,3,81,0.7000000000000001,10,0.03195906831184757,0.14990446767661214
1173,3,87,0.8500000000000001,9,0.04467780532681376,0.16417524749839338
1173,3,88,0.65,14,0.041802397340676666,0.18519653786018567
1173,3,89,0.65,11,0.035078878000909954,0.1938462054333285
1173,3,90,0.55,11,0.028850892317545562,0.17662483892848013
1173,3,91,0.55,11,0.05298138524239512,0.1688658249844559
1173,3,92,0.75,10,0.03118485814148463,0.18700384265087264
1173,3,93,0.65,8,0.03076835787495565,0.19389095797383077
1173,3,94,0.8500000000000001,9,0.04616213028116155,0.16210786043407385
1173,3,96,1.0,10,0.03130039627923554,0.18271549979924065
1173,3,99,0.7000000000000001,13,0.044048030284773734,0.1748155576714398
1173,3,103,0.75,12,0.037052446047027836,0.17890068143724894
1173,3,106,0.45,8,0.04478359043837054,0.19178902535415338
1173,3,107,0.5,10,0.02680912630509683,0.1667413857237944
1173,3,110,0.55,11,0.04556753657610256,0.1899440945123099
1173,3,111,0.5,13,0.04812084240224068,0.19982193758667288
1173,3,114,0.6000000000000001,14,0.03934626404463104,0.1842422637245497
1173,3,115,0.65,8,0.020070335818911166,0.15870442293049344
1173,3,117,0.7000000000000001,11,0.05082284300859525,0.2030064151099866
1173,3,118,0.55,8,0.044218398636327594,0.1945914340454073
1173,3,119,0.6000000000000001,12,0.02891272214955704,0.19914456142968018
1173,3,130,0.65,9,0.03376223876001693,0.2080643035315256
1173,3,131,0.55,14,0.03760286935797958,0.1967982844684997
1173,3,133,0.6000000000000001,12,0.03977788330515203,0.17669094420488377
1173,3,141,0.8500000000000001,9,0.04447272214936205,0.17937068905481668
1173,3,143,0.55,9,0.03654418585835549,0.15505046417179205
1173,3,144,0.55,12,0.049958176362407125,0.18586938931994235
1173,3,146,0.45,12,0.03523879660316145,0.1872406865560109
1173,3,151,0.65,9,0.050746490648176,0.19129584354957296
1173,3,154,0.7000000000000001,6,0.03608484635221763,0.18631965663993844
1173,3,157,0.6000000000000001,12,0.04375680655782316,0.1786740151906259
1173,3,159,0.55,16,0.04489828901746071,0.18181454997113347
1173,3,160,0.6000000000000001,8,0.03676276833960033,0.20054850750423875
1173,3,164,0.7000000000000001,17,0.05559699254966402,0.18525024968422202
1173,3,165,0.75,10,0.04668731899500184,0.19264912139417162
1173,3,172,0.7000000000000001,15,0.04779694306831858,0.18772804217795755
1173,3,175,0.6000000000000001,13,0.04090221836110265,0.18166055395315273
1173,3,178,0.8,16,0.03510927391294018,0.17081815293567137
1173,3,185,0.45,8,0.04782223877219616,0.2000230588249162
1173,3,194,0.7000000000000001,12,0.04318466620199822,0.20564580736553728
1173,3,203,0.7000000000000001,11,0.044800170776321036,0.20683382156821387
1173,3,206,0.7000000000000001,11,0.03478499533203543,0.18519060481301317
1173,3,207,0.5,15,0.02795050894112894,0.17675719035078066
1173,3,212,0.7000000000000001,17,0.05126870371710747,0.2075274940606734
1173,3,218,0.7000000000000001,13,0.03514282187374145,0.17911580645122066
1173,3,219,0.45,15,0.03953531306534994,0.19654932343660564
1173,3,220,0.45,14,0.04752325272334407,0.21278427412603165
1173,3,229,0.65,17,0.041983223849559506,0.18336635169026794
1173,3,230,0.45,9,0.0369722570327668,0.1807268932716698
1173,3,234,0.55,9,0.046535790553369344,0.1955249083379026
1173,3,237,0.65,15,0.04192274234416072,0.2027683704436502
1173,3,239,0.6000000000000001,15,0.04847755745995218,0.1889377584542317
1173,3,253,0.5,12,0.050545714125680014,0.20609847595942013
1173,3,263,0.6000000000000001,10,0.02654449035177823,0.15413306262259693
1173,3,270,0.4,13,0.03901814679326159,0.20446562478099944
1173,3,274,1.0,9,0.06422797263433767,0.1967193928849881
1173,3,277,0.55,17,0.04329638300644112,0.20411571216740876
1173,3,278,0.8,8,0.052183149210793735,0.19753163182527123
1173,3,280,0.4,9,0.026123547514613144,0.17398627778872008
1173,3,281,0.55,13,0.048414875918153195,0.19378704721498308
1173,3,282,0.6000000000000001,12,0.057081581576520025,0.1796853292430359
1173,3,286,0.75,10,0.05026749594673581,0.18950957077682654
1173,3,299,0.6000000000000001,13,0.045557391646335293,0.17153463871611824
1173,3,310,0.55,8,0.02704288600074622,0.1691127346059761
1173,3,320,0.65,14,0.059869690331395296,0.18688924779306484
1173,3,321,0.6000000000000001,15,0.032714750482098466,0.19249913262964854
1173,3,322,0.55,10,0.027017344467685906,0.18601696636466777
1173,3,327,0.65,9,0.041882539227277554,0.18026395555375244
1173,3,331,0.55,15,0.05386658153929947,0.1836884553379795
1173,3,341,0.7000000000000001,14,0.039729002907891435,0.18145487249435946
1173,3,354,0.55,10,0.03434561912669252,0.17116488343167163
1173,3,355,0.6000000000000001,10,0.05266971245429365,0.20627568613998792
1173,3,356,0.6000000000000001,11,0.04407799556711019,0.16613080918235335
1173,3,361,0.55,12,0.03728842766949822,0.18532530569565533
1173,3,362,0.7000000000000001,12,0.04814714853450164,0.19883415318665706
1173,3,363,0.5,8,0.028813579498683514,0.19958296717542062
1173,3,364,0.5,11,0.04126443237040736,0.19142062364904328
1173,3,367,1.0,8,0.03679385048151571,0.17797229539282472
1173,3,371,0.7000000000000001,9,0.05253793682681222,0.18081695916417515
1173,3,374,0.65,16,0.0472222518792658,0.20434247331583325
1173,3,379,0.4,9,0.02634721514253128,0.18429385474540932
1173,3,393,0.45,10,0.028734773530178993,0.175831784714037
1173,3,397,0.6000000000000001,16,0.032788983593818315,0.1997232273924328
1173,3,398,0.5,14,0.04656157874077689,0.17718166923435166
1173,3,402,0.6000000000000001,11,0.03522306610951834,0.19624185554872
1173,3,405,0.65,8,0.02967369439497381,0.19946401938982544
1173,3,407,0.75,15,0.0473436903621455,0.18270407395286023
1173,3,409,0.7000000000000001,6,0.04655487106131123,0.2156724303193582
1173,3,418,0.5,11,0.052877020159211974,0.1865400252043595
1173,3,420,0.5,13,0.044766004595044505,0.18076781765729524
1173,3,421,0.45,12,0.04011407280261996,0.18959413322173904
1173,3,423,0.75,13,0.03888442960155044,0.19148045450228202
1173,3,430,0.75,16,0.046120616698805364,0.1885103253892156
1173,3,431,0.5,12,0.05334766433720755,0.1939865214164375
1173,3,433,0.7000000000000001,12,0.045023850288276136,0.20338693501013771
1173,3,435,0.6000000000000001,10,0.03918478947909395,0.18419761544918442
1173,3,436,0.65,12,0.0514701351150054,0.18626210097443455
1173,3,438,0.4,5,0.02151332613419165,0.17908999396440964
1173,3,443,0.8,12,0.055423745731910945,0.18807043347838773
1173,3,450,0.65,14,0.03445417899010019,0.17764917462996266
1173,3,452,1.0,17,0.03658017877047279,0.18652168254865475
1173,3,458,0.5,12,0.03932093957302895,0.19696313475627922
1173,3,459,0.6000000000000001,9,0.044483382346528676,0.18539946930872608
1173,3,466,0.5,14,0.03348197686650797,0.16833929140749113
1173,3,478,0.6000000000000001,7,0.02179539106825235,0.16582183739691828
1173,3,479,0.6000000000000001,11,0.05413472940864304,0.18087952998851603
1173,3,481,0.6000000000000001,13,0.053970763555494614,0.19054040384433757
1173,3,488,0.8500000000000001,13,0.028844118240106367,0.15234120783512128
1173,3,489,0.65,12,0.030647556761361928,0.1813351003056932
1173,3,490,0.8500000000000001,11,0.052821167528635346,0.17342205860621224
1173,3,491,0.55,11,0.029154386181568265,0.18196485433616652
1173,3,495,0.7000000000000001,11,0.03557744106923321,0.17791460545053095
1173,3,521,0.7000000000000001,10,0.02521233497341286,0.1592277353858852
1173,3,523,0.6000000000000001,9,0.03502444052331219,0.18011776316657327
1173,3,528,0.7000000000000001,10,0.02969826781839455,0.16882787140088623
1173,3,529,1.0,14,0.03524013670660063,0.17403506640969016
1173,3,534,0.6000000000000001,11,0.042568022748809026,0.20380752434931723
1173,3,545,0.8500000000000001,10,0.03982363235890385,0.21015213096418836
1173,3,546,0.65,8,0.049897225182315874,0.1969061668210692
1173,3,548,0.7000000000000001,14,0.05356304310674239,0.17832150159726146
1173,3,549,0.6000000000000001,9,0.04732372058487197,0.2142723144328223
1173,3,553,0.5,5,0.06235196327754837,0.17751852182371256
1173,3,562,0.6000000000000001,12,0.04262173193209954,0.17641224789832255
1173,3,567,0.65,13,0.049600573336707046,0.20305438634352987
1173,3,568,0.75,14,0.04210868926591673,0.18394228352801376
1173,3,571,0.7000000000000001,17,0.04578657402294398,0.18186442812431117
1173,3,575,0.7000000000000001,9,0.0311828598103346,0.1798299576114305
1173,3,579,0.8500000000000001,12,0.033649355604276586,0.16985306067661674
1173,3,598,0.5,11,0.03746506876238443,0.1776849654854082
1173,3,601,1.0,8,0.04646355927542604,0.1785359375525699
1173,3,606,0.7000000000000001,17,0.0451441455084697,0.18348874388060252
1173,3,614,0.55,8,0.02722760795334758,0.19629847191264338
1173,3,626,0.5,13,0.038110169739697365,0.19101874899895346
1173,3,632,0.75,8,0.03991031721652822,0.24536724034339663
1173,3,633,0.55,9,0.052649661851064115,0.1738066619938433
1173,3,639,0.45,6,0.0325464737494843,0.18283318697719894
1173,3,644,0.7000000000000001,7,0.05835810685094986,0.23103472535327338
1173,3,655,0.5,9,0.041228226717247525,0.20683994126069613
1173,3,657,0.8,15,0.047787021740080725,0.2001174276273093
1173,3,658,0.6000000000000001,7,0.0387965918968597,0.21037153431842048
1173,3,664,0.55,9,0.04540877547728037,0.1864043179890828
1173,3,665,0.7000000000000001,14,0.03924796475172436,0.177820815822453
1173,3,667,0.6000000000000001,10,0.04657204831379473,0.19552653997277888
1173,3,672,0.9,9,0.05230679197817983,0.19132566126247041
1173,3,675,0.6000000000000001,9,0.04205642523023913,0.23264191040179608
1173,3,678,0.5,14,0.04512310112250084,0.2011299268420435
1173,3,679,0.75,17,0.043342460706125435,0.19229828351047953
1173,3,681,1.0,8,0.05434757597284001,0.20563795552856143
1173,3,682,0.6000000000000001,11,0.06100656121411812,0.19130133083173517
1174,4,0,0.75,15,0.04815813273608504,0.19657661266313345
1174,4,1,0.7000000000000001,8,0.04318273147687541,0.16334865061870157
1174,4,2,0.55,14,0.034842054778170116,0.1993189405235734
1174,4,3,0.9,6,0.03158184598409822,0.15815066327208138
1174,4,4,1.0,2,0.043312713298279626,0.1306267132848023
1174,4,5,0.6000000000000001,15,0.03796137052745697,0.19526781606678428
1174,4,6,0.55,14,0.04139184975912358,0.1976141874788694
1174,4,7,0.8500000000000001,12,0.038669783718562986,0.20849961610885848
1174,4,8,0.45,9,0.030753066967446587,0.1905878555154235
1174,4,9,0.55,14,0.04971530443767159,0.1965226489292343
1174,4,10,0.8500000000000001,6,0.04943211406711891,0.15729044489155497
1174,4,11,0.5,11,0.045034559514350606,0.20513951074454626
1174,4,12,0.8500000000000001,10,0.05443994181337836,0.1879127759899651
1174,4,13,0.75,10,0.03794514873893185,0.20090786080892992
1174,4,14,0.8500000000000001,11,0.030736853089248378,0.17206271666238881
1174,4,15,0.8500000000000001,5,0.03801953144641853,0.1519013409797602
1174,4,16,0.45,12,0.036492707916646994,0.1807126617666961
1174,4,17,0.55,11,0.026294888587281663,0.18472704310132582
1174,4,18,0.9500000000000001,4,0.04748045791415981,0.154562085400872
1174,4,19,0.65,13,0.03568101147108562,0.196945545108434
1174,4,20,0.65,8,0.04984819561562066,0.21474830325564892
1174,4,21,1.0,8,0.034167598906065764,0.14657226868558354
1174,4,22,0.75,7,0.049788584864884106,0.18520707334513528
1174,4,23,0.75,10,0.05549482698053941,0.2100825721815517
1174,4,24,1.0,14,0.03843470312861527,0.18156390769680525
1174,4,25,0.65,13,0.030657595062665223,0.18012169435937359
1174,4,27,0.8,6,0.038618439348458704,0.14217383761455865
1174,4,28,0.6000000000000001,7,0.05553469776619672,0.18465439683240145
1174,4,29,0.5,12,0.04975161738351346,0.2085764322415337
1174,4,30,0.65,11,0.028830895588477207,0.21931424960968088
1174,4,31,0.6000000000000001,9,0.05743991602627378,0.19638288159660097
1174,4,32,0.5,8,0.0452220712892663,0.19258570839152084
1174,4,33,0.65,8,0.04114284534731497,0.1708550844305918
1174,4,34,0.55,12,0.043956511805410325,0.21393844613142143
1174,4,35,0.45,14,0.04050844093612643,0.20082230718706384
1174,4,36,0.8500000000000001,12,0.05423908669189213,0.18323732760671227
1174,4,37,0.75,13,0.03963429700992506,0.1708596555945467
1174,4,38,0.8,12,0.035926523330390585,0.19389941530788043
1174,4,39,0.65,10,0.056177509143661916,0.18449542599028856
1174,4,40,0.9500000000000001,2,0.027477241152181038,0.11942934354700528
1174,4,41,0.65,10,0.04287962870223917,0.1703301145355249
1174,4,42,0.75,8,0.03168545981344347,0.19683791518427202
1174,4,43,0.45,11,0.02771708747522807,0.19920616082933093
1174,4,44,0.65,15,0.05036492916621058,0.18867521007548554
1174,4,45,0.9,12,0.0419586348531296,0.19418985521757157
1174,4,46,1.0,3,0.04194241778576965,0.14088990442076074
1174,4,47,0.55,11,0.046939438973750656,0.21412124443100328
1174,4,48,0.5,12,0.04516753297049968,0.19627605631146947
1174,4,49,0.65,8,0.029518036911260793,0.15180502031594423
1174,4,50,0.8,3,0.04189298917671792,0.1750124562193445
1174,4,52,0.5,7,0.04360420553904533,0.18716833413376102
1174,4,53,0.75,10,0.039011896447879044,0.17869230767272642
1174,4,55,0.45,11,0.044395427985840376,0.22231108659955298
1174,4,57,0.6000000000000001,13,0.04048696098568701,0.1815044567846972
1174,4,58,0.65,13,0.051937784208130014,0.19696178636356335
1174,4,59,0.7000000000000001,14,0.04341953717923281,0.18431933225701141
1174,4,60,0.5,17,0.03663382311517406,0.21353985448771212
1174,4,61,0.5,11,0.052894329775176344,0.18809231725668443
1174,4,62,0.7000000000000001,10,0.0285867538996947,0.16730881087344696
1174,4,63,0.55,8,0.0412620480772232,0.15353575124129287
1174,4,65,0.8,13,0.03521985340527819,0.20089905418771625
1174,4,66,0.6000000000000001,10,0.05263509716654318,0.19477828471625522
1174,4,69,0.55,8,0.056206805588529876,0.2138712135255179
1174,4,72,0.65,12,0.034214984924147096,0.20959889132475376
1174,4,73,0.7000000000000001,9,0.05377296584768463,0.1859641905025185
1174,4,74,0.65,9,0.045092123712051804,0.1618852689880732
1174,4,75,0.65,13,0.03990060891390125,0.17381746512348226
1174,4,76,0.9500000000000001,10,0.03540635281353208,0.1809376160656818
1174,4,77,0.75,14,0.038211711680073375,0.17869666947176263
1174,4,78,0.75,12,0.03417210980568937,0.2038538127874752
1174,4,80,0.65,9,0.04099361879918892,0.17802445681390833
1174,4,81,0.55,18,0.04409027783208641,0.2047090886335835
1174,4,83,0.7000000000000001,10,0.06034291345574268,0.19211090312225726
1174,4,84,1.0,14,0.04048713279802848,0.19243382473929302
1174,4,86,0.6000000000000001,8,0.04171027543022101,0.18879655519590596
1174,4,87,0.8500000000000001,12,0.04729568523544487,0.21320265218801235
1174,4,89,0.7000000000000001,9,0.04103141247917088,0.19830215173224022
1174,4,92,0.7000000000000001,8,0.04746852702483053,0.18710035063311414
1174,4,94,0.6000000000000001,10,0.05130908131734791,0.21499165826609543
1174,4,99,0.9,8,0.04749748315382358,0.20707920413701286
1174,4,101,0.8500000000000001,13,0.035915903072922806,0.1795043390275103
1174,4,102,0.55,13,0.03632737494881218,0.1993909938174944
1174,4,103,0.75,11,0.03564226433432086,0.2072039747725067
1174,4,104,0.7000000000000001,12,0.031234835672052395,0.19394332302822584
1174,4,105,0.7000000000000001,10,0.03788813843890882,0.1861074347625635
1174,4,111,0.7000000000000001,18,0.045327244821770134,0.19254969639413122
1174,4,113,0.55,12,0.06185748789443106,0.20199765848406612
1174,4,114,0.45,11,0.040326187984936694,0.21729997330145956
1174,4,116,0.65,9,0.03911264581649325,0.19249881245921155
1174,4,120,0.75,9,0.04765398664334863,0.17235557235976523
1174,4,123,0.6000000000000001,14,0.046469862424228216,0.20919387539888817
1174,4,129,0.5,9,0.050024188476712445,0.181263359193221
1174,4,133,0.55,4,0.06673162118199567,0.1705356168821754
1174,4,135,0.8,9,0.04569530762922557,0.1962020194113276
1174,4,139,0.55,10,0.05154053380058189,0.19474449668292654
1174,4,143,0.55,8,0.061821457161322826,0.20358252068482954
1174,4,146,0.45,13,0.043766642413977916,0.2027869828864618
1174,4,147,0.55,17,0.038715011505131,0.1946710716889305
1174,4,151,0.55,11,0.03322458838730511,0.21238776187666983
1174,4,152,0.6000000000000001,14,0.03945084814714314,0.21815893152533122
1174,4,153,0.65,11,0.04462625730551376,0.17591283557411144
1174,4,164,0.65,6,0.044089325284558605,0.18949734372685156
1174,4,169,0.7000000000000001,10,0.02763719528709699,0.1708950223465753
1174,4,170,0.6000000000000001,12,0.03543202714398307,0.21413063656744916
1174,4,173,0.6000000000000001,9,0.040672961919168756,0.20602604471069197
1174,4,175,0.45,11,0.037726667828166166,0.19081633636866135
1174,4,176,0.6000000000000001,7,0.02866503322229343,0.2069393985415892
1174,4,180,0.7000000000000001,13,0.027525046946542866,0.20502282450599138
1174,4,181,0.6000000000000001,15,0.05223987246279554,0.18086383859111152
1174,4,190,0.65,8,0.06436101692333138,0.2034718129161703
1174,4,195,0.45,10,0.0493111179520201,0.1770730877776428
1174,4,201,0.55,12,0.04462702387405736,0.18632636540194536
1174,4,202,0.6000000000000001,9,0.03516497316431185,0.20530598911736783
1174,4,205,0.55,12,0.04808815797947901,0.18369476377002972
1174,4,208,0.65,8,0.059340842574566996,0.172572894567594
1174,4,210,0.45,14,0.03315369676159319,0.20743901167835682
1174,4,217,0.9,16,0.03412322667233803,0.20846034015736464
1174,4,226,0.55,10,0.03855022475928337,0.20550153269312835
1174,4,228,0.55,14,0.031910928923153295,0.19452219658503947
1174,4,233,0.7000000000000001,10,0.05273496917219686,0.21814138276493128
1174,4,238,0.5,13,0.02244899319286548,0.19152418401064014
1174,4,242,0.55,12,0.05192917849894398,0.19449348952585188
1174,4,244,0.6000000000000001,8,0.0328034645448559,0.2207682387016613
1174,4,245,0.8,11,0.036623526964838005,0.19187644908916146
1174,4,249,0.6000000000000001,17,0.048817252782364214,0.21027156745479472
1174,4,250,0.6000000000000001,6,0.022876293983876236,0.20292109572509673
1174,4,251,0.5,13,0.055198897814913724,0.1955018017031788
1174,4,254,0.55,12,0.050145204941542364,0.18504935106915923
1174,4,255,0.8,8,0.06156261729348815,0.22239397642589467
1174,4,256,1.0,13,0.041288816820721275,0.2094761663330729
1174,4,262,0.55,13,0.04153562203135046,0.2085936737024032
1174,4,266,0.5,11,0.05186286474284959,0.19580299632744716
1174,4,267,0.8500000000000001,13,0.0578282156564419,0.1974925650753422
1174,4,269,0.6000000000000001,13,0.05989022547817801,0.1957331633194244
1174,4,270,0.6000000000000001,13,0.044515878940388276,0.20035231945986404
1174,4,272,0.6000000000000001,9,0.041633978540365546,0.1579627765746343
1174,4,275,0.65,7,0.03989332302923213,0.19940975803095792
1174,4,278,0.8500000000000001,7,0.05248359403868104,0.18774373103125863
1174,4,281,0.55,13,0.041647982718918196,0.19775497016529797
1174,4,284,0.6000000000000001,13,0.03504058307856895,0.20767661674232274
1174,4,286,0.75,13,0.05194718881580214,0.19103405139695068
1174,4,289,0.6000000000000001,9,0.036598153170812754,0.2131309350089206
1174,4,292,0.7000000000000001,10,0.038327482674484464,0.1900873040926035
1174,4,294,0.8,10,0.031581611905664664,0.201870098644356
1174,4,302,0.45,14,0.03596182073117006,0.2126956045213911
1174,4,313,0.65,8,0.034092299617171216,0.20825825959340816
1174,4,314,0.6000000000000001,11,0.042929586509347126,0.19800345363647764
1174,4,316,0.7000000000000001,12,0.03699928446817181,0.21559781340443696
1174,4,318,0.55,15,0.04530238112412601,0.19206299372166383
1174,4,327,0.55,14,0.042278885895186906,0.19683816345545635
1174,4,333,0.65,9,0.06122806077237438,0.1847816274552954
1174,4,334,0.7000000000000001,8,0.043346388244601214,0.21397137931111146
1174,4,335,0.4,8,0.05367031442028516,0.18412466807116135
1174,4,343,0.55,8,0.026439122245647987,0.18213234366220674
1174,4,353,0.7000000000000001,10,0.054461297469776654,0.19108890269454923
1174,4,354,0.7000000000000001,8,0.04275980384951258,0.21013652544558517
1174,4,363,0.6000000000000001,10,0.04638343245477398,0.19212078722148376
1174,4,364,0.55,10,0.05211281002338963,0.18944798533148383
1174,4,366,0.6000000000000001,13,0.04062614945458991,0.19907047605322808
1174,4,369,0.8500000000000001,8,0.055521259345358766,0.20105640417187134
1174,4,370,0.75,9,0.025318579141266805,0.19977779437971027
1174,4,374,0.65,9,0.023796786911889873,0.19752588660223022
1174,4,379,0.7000000000000001,11,0.048092696133487316,0.19950981762292458
1174,4,382,0.75,10,0.0454406914893276,0.2183500023974701
1174,4,387,0.6000000000000001,9,0.03793763552348516,0.17333726331370541
1174,4,389,0.55,13,0.037883131075279304,0.1912202520725623
1174,4,395,0.45,6,0.026761573052956955,0.1777204035973087
1174,4,399,0.65,15,0.04459903460151002,0.19339075373258036
1174,4,424,0.75,15,0.036580765791368354,0.19015584119206536
1174,4,425,0.65,8,0.03176041008615991,0.20216582788754106
1174,4,430,0.7000000000000001,11,0.03924059882968283,0.16832879773147041
1174,4,435,0.65,6,0.02617500693639144,0.239091735257398
1174,4,439,0.6000000000000001,7,0.06027062767310861,0.1849786535251987
1174,4,440,0.5,12,0.03510883512327428,0.19079725585043605
1174,4,442,0.55,15,0.046571790568302,0.1907165694361434
1174,4,443,0.6000000000000001,9,0.04794847537827468,0.22089720275385144
1174,4,445,0.6000000000000001,7,0.03823932074769004,0.20576365171866787
1174,4,448,0.5,11,0.030306288340645,0.2172307122213969
1174,4,451,0.55,16,0.04573717917791267,0.19425921010886868
1174,4,458,0.65,10,0.03657096526450159,0.18312867167186025
1174,4,460,0.7000000000000001,14,0.04439390443019334,0.18924442121684776
1174,4,465,0.8,8,0.0347537608580351,0.168988309778479
1174,4,468,0.65,13,0.033595230687564315,0.2142306388846787
1174,4,469,0.7000000000000001,8,0.036104707415605945,0.22710828798221444
1174,4,471,0.7000000000000001,15,0.03825983747089298,0.2122896313435732
1174,4,473,0.6000000000000001,16,0.04969714559207921,0.19369990732362757
1174,4,474,0.55,10,0.03673693422996795,0.1842770526085344
1174,4,478,0.7000000000000001,6,0.0392693802212259,0.19373823990260455
1174,4,483,0.75,12,0.042400959671193596,0.2126603107568563
1174,4,485,0.55,11,0.03503651883277862,0.18764554915658918
1174,4,487,0.55,14,0.029019777507375298,0.2123077822762527
1174,4,492,0.6000000000000001,16,0.04165307567381264,0.19324911871586312
1174,4,496,0.7000000000000001,14,0.04333169218060992,0.19481642975381103
1174,4,497,0.4,11,0.03669881119436913,0.1790832035998856
1174,4,501,0.6000000000000001,11,0.052190214835274876,0.19044933541025974
1174,4,504,0.55,10,0.04325659456179598,0.19203507653203372
1174,4,507,0.65,9,0.04089878716649448,0.19266270104597014
1174,4,508,0.55,10,0.03183564414572254,0.19708979468192706
1174,4,513,0.7000000000000001,6,0.033294887427054026,0.2194609418451957
1174,4,515,0.8,5,0.04951860278580407,0.24829394695487178
1174,4,521,0.55,11,0.0418256345899337,0.17178918062317214
1174,4,524,0.55,15,0.051128450284742256,0.19506966342754758
1174,4,525,0.65,11,0.04307198993227622,0.1904300816509884
1174,4,532,0.6000000000000001,8,0.04120537866956222,0.19914256876871939
1174,4,534,0.65,14,0.032957923960696855,0.18306888864548573
1174,4,536,0.75,6,0.038729416392604694,0.24758017546371902
1174,4,539,0.55,10,0.04106152224562693,0.20455214557127482
1174,4,541,0.5,11,0.040216910680833426,0.19783429552418605
1174,4,542,0.6000000000000001,9,0.029005380009904193,0.21248560174661874
1174,4,544,0.6000000000000001,16,0.04417584180228145,0.21383104589662727
1174,4,551,0.55,12,0.04125383718208058,0.20085962045497355
1174,4,552,0.6000000000000001,12,0.04059740149015345,0.19740992799455706
1174,4,554,0.65,13,0.04450718956941668,0.19918387787830927
1174,4,557,0.75,9,0.0515666550206308,0.22316105232780992
1174,4,566,0.75,11,0.04371089409475831,0.2048634392307222
1174,4,571,0.7000000000000001,12,0.04261630399156517,0.20020776246697378
1174,4,572,0.55,15,0.037321571503821926,0.1880510037804174
1174,4,574,0.65,9,0.040406906095522103,0.20202806985599095
1174,4,583,0.5,11,0.028567973807526355,0.2171665249251782
1174,4,588,0.6000000000000001,12,0.05005615636309523,0.19503301038852117
1174,4,594,0.55,14,0.03200728707562729,0.18057630520611592
1174,4,611,0.55,11,0.04650256214926895,0.18669732121139654
1174,4,623,0.55,10,0.0473692581637665,0.20071517813590148
1174,4,628,0.55,14,0.0521356308936448,0.205152488319581
1174,4,634,0.55,12,0.039530601672077205,0.20670451748804977
1174,4,635,0.55,12,0.028420614290445925,0.1946993923617232
1174,4,637,0.5,14,0.040507213748384535,0.19875530548575635
1174,4,640,0.75,7,0.04590070909932764,0.18602410494062685
1174,4,648,0.65,9,0.05680201329615965,0.21620236886110183
1174,4,653,0.4,12,0.043768304166946055,0.1956349338278287
1174,4,657,0.55,9,0.04576251036150998,0.21348238681384074
1174,4,662,0.65,7,0.02885890893699776,0.20950300675044603
1175,0,0,0.75,7,0.04984649445386216,0.20998397030636304
1175,0,1,0.6000000000000001,6,0.05808244826125484,0.195648278778255
1175,0,2,0.8500000000000001,14,0.041627111370572255,0.1831929637365555
1175,0,3,0.6000000000000001,11,0.027609834776880792,0.19449208184842465
1175,0,4,0.55,21,0.04004055246337547,0.2169383981172683
1175,0,5,0.9500000000000001,18,0.04006530081212904,0.17951481963057764
1175,0,6,0.75,6,0.04802609932106403,0.21107583212626246
1175,0,7,1.0,19,0.03846549902994425,0.18177248121801337
1175,0,8,0.75,10,0.027993917045711365,0.20587235156449743
1175,0,9,0.6000000000000001,14,0.04079944599630471,0.1964458243035269
1175,0,10,0.8500000000000001,19,0.03414549015110381,0.19329547587013235
1175,0,11,0.7000000000000001,22,0.0354971625370594,0.2051439767696957
1175,0,12,0.75,21,0.03458884771922853,0.20182496384444656
1175,0,13,0.8,10,0.05575552254788283,0.20916298350738213
1175,0,14,0.55,10,0.027930000437880353,0.2106366945207606
1175,0,15,0.55,7,0.055870640446569385,0.23117193874324402
1175,0,16,1.0,15,0.04730682794333684,0.210937733473133
1175,0,17,0.65,12,0.029786844759739244,0.21496782969461392
1175,0,18,0.8,22,0.045094611182371985,0.20392636016931948
1175,0,19,0.55,3,0.019426141046356298,0.21749170704366094
1175,0,20,0.8500000000000001,18,0.041367479923236875,0.19646876487412562
1175,0,21,0.55,20,0.03660474415398984,0.2144102201060527
1175,0,22,0.75,10,0.03913130012826295,0.21237327021430286
1175,0,23,0.7000000000000001,10,0.03218272509143301,0.20365972022195455
1175,0,24,1.0,15,0.03648195322342432,0.1927433072452803
1175,0,25,1.0,12,0.03570516675082385,0.19816530892665704
1175,0,26,0.75,27,0.04531497489821497,0.19452290471379713
1175,0,27,0.6000000000000001,7,0.03158184352278491,0.22707305780251072
1175,0,28,0.8,15,0.03219327249720412,0.1777307952553902
1175,0,29,0.9,11,0.04561719988788115,0.19884029684813243
1175,0,30,0.8,25,0.04136020714105006,0.20849251524771428
1175,0,31,0.8,22,0.03174943788459605,0.19285719047971012
1175,0,32,0.75,13,0.03644816330393896,0.22241335660451567
1175,0,33,0.8,13,0.034318912126685946,0.20815418618345613
1175,0,34,0.75,17,0.04480090643508372,0.20520122303442467
1175,0,35,0.65,12,0.03791338728521204,0.2009220981885613
1175,0,36,1.0,11,0.02329055369074698,0.18216167577438264
1175,0,37,0.75,12,0.03809985216276419,0.21031333609168634
1175,0,38,0.8500000000000001,15,0.045138823438268444,0.20213120339610996
1175,0,39,0.9,18,0.043545947508245156,0.19196888828994846
1175,0,40,0.8,15,0.03872090742623901,0.19033293168023555
1175,0,41,1.0,18,0.04291427805554639,0.20478609845703957
1175,0,42,1.0,19,0.04081720203630382,0.19737210296605948
1175,0,43,0.65,6,0.05566099190127032,0.21217964595496538
1175,0,45,0.65,12,0.03136703156822006,0.19445543540355315
1175,0,46,0.8500000000000001,16,0.043914055065337305,0.2020086922923411
1175,0,47,1.0,10,0.045782547239543774,0.20581151764817643
1175,0,48,0.9,22,0.04188112490941322,0.20057349501730748
1175,0,49,0.9500000000000001,16,0.032578630842260765,0.19039761279871106
1175,0,50,0.7000000000000001,15,0.028780836737178704,0.19878742864705617
1175,0,51,0.8,14,0.03123178650266435,0.19724340769294965
1175,0,52,0.8,20,0.04744495859187666,0.2061733825354294
1175,0,53,0.8500000000000001,14,0.03577074919964405,0.18292438048719256
1175,0,54,0.6000000000000001,20,0.041811910281325707,0.20721952207374567
1175,0,55,0.8500000000000001,20,0.0346298121488054,0.18933633119489576
1175,0,56,0.75,16,0.03370045122009432,0.19283132879711962
1175,0,57,0.9,13,0.056431482711465066,0.21346742532640986
1175,0,58,0.65,15,0.05402148770706436,0.20754904155365905
1175,0,59,0.8500000000000001,15,0.03285439175853966,0.1877617532367513
1175,0,60,0.7000000000000001,19,0.032577600338133866,0.20120215727225188
1175,0,61,1.0,20,0.04247656352024106,0.18853825735601684
1175,0,62,0.8,20,0.03192527577152907,0.1899126062643694
1175,0,63,1.0,17,0.04724609013149448,0.18966336054872443
1175,0,64,0.8500000000000001,17,0.04491686332128508,0.201731168681425
1175,0,65,0.8,18,0.029712618672440808,0.18966672368412082
1175,0,66,0.9,4,0.029338073887089918,0.1748281056148827
1175,0,67,0.6000000000000001,13,0.035169031528592895,0.2127207646493779
1175,0,68,0.55,2,0.021968062755711566,0.16702608887298886
1175,0,69,0.5,4,0.05102002869899804,0.23463710899469792
1175,0,70,0.6000000000000001,12,0.04740507037081754,0.20113499772993135
1175,0,71,0.75,16,0.030377585399612318,0.19155703193913481
1175,0,72,0.65,13,0.038162526622055645,0.21926959580525507
1175,0,73,1.0,14,0.04523399281182155,0.20828847156113878
1175,0,74,0.8500000000000001,15,0.04174426123686583,0.1970998276776916
1175,0,75,0.65,11,0.034356574637102795,0.20252842283237057
1175,0,76,0.75,9,0.036074064190584905,0.22652267314171018
1175,0,77,0.65,13,0.03072762827328508,0.21391246219845966
1175,0,78,0.7000000000000001,16,0.028031632714070963,0.18636745316491207
1175,0,79,1.0,15,0.03070328038125007,0.18804792284082888
1175,0,80,0.9,8,0.01902296630991763,0.1839803685745208
1175,0,81,0.55,7,0.047211423333084174,0.19548469960440554
1175,0,82,0.75,13,0.05270433116182425,0.19452994823225955
1175,0,83,0.8,2,0.06207077853619504,0.1438906684164719
1175,0,84,0.8500000000000001,8,0.01704358480580012,0.17320412359288606
1175,0,85,0.75,18,0.03644541716228913,0.2046389252083975
1175,0,86,0.8500000000000001,16,0.038687618134590415,0.19719581821279056
1175,0,87,0.9,19,0.0376189200260533,0.20860304605738067
1175,0,88,0.7000000000000001,21,0.0445285956635711,0.2012031759414924
1175,0,89,0.75,15,0.037548839294378106,0.19600684739901872
1175,0,90,0.9500000000000001,7,0.026780600287176,0.1894173925853743
1175,0,91,0.6000000000000001,18,0.03619517250356539,0.2013381028862302
1175,0,94,0.9500000000000001,19,0.046634655253077716,0.21017331611108836
1175,0,96,0.75,25,0.0371200842599423,0.19095799084706155
1175,0,97,0.9,22,0.040210258010115386,0.18656317507597509
1175,0,98,1.0,14,0.03956228767670892,0.184855643183496
1175,0,99,0.8500000000000001,20,0.042413053342822714,0.19313332323454296
1175,0,101,0.7000000000000001,14,0.04664070737369898,0.21105615183820606
1175,0,105,0.8500000000000001,13,0.043325364170999685,0.1900518420969063
1175,0,107,0.8,8,0.04386164108453834,0.18014954628568253
1175,0,109,0.75,24,0.03147975799886475,0.20613082136642347
1175,0,110,0.75,17,0.03875866417727158,0.20907715142633496
1175,0,111,0.8500000000000001,14,0.04365331644944268,0.19408319768122545
1175,0,114,0.55,7,0.03976435368365337,0.22822664221107186
1175,0,115,0.9500000000000001,15,0.04211616878524093,0.19263064514065414
1175,0,119,0.75,14,0.037907209779687784,0.2005778042097562
1175,0,122,0.8,15,0.03596688684192201,0.2091810209288216
1175,0,124,0.55,10,0.02999271128640964,0.19769201633405495
1175,0,126,0.8500000000000001,20,0.04086251231918994,0.20157881734278482
1175,0,129,0.7000000000000001,15,0.047793217329067585,0.21053403737700938
1175,0,131,1.0,16,0.03449063379854443,0.18419671952982597
1175,0,133,1.0,19,0.03564087661454174,0.1808459915324727
1175,0,139,0.75,17,0.04221634921604552,0.19916502699193095
1175,0,142,0.7000000000000001,11,0.03620737137409954,0.19725589372218993
1175,0,143,0.75,21,0.03236891547927421,0.19982101290130785
1175,0,144,0.8,13,0.0320921552433131,0.20298608218861056
1175,0,146,0.75,22,0.03549887569912341,0.19241027108268718
1175,0,147,0.55,15,0.03702636681464188,0.18846374858864445
1175,0,148,1.0,18,0.03689214739312984,0.22055281903876822
1175,0,156,0.8,27,0.037882429877289625,0.19020832500950308
1175,0,161,0.7000000000000001,16,0.04212521779012371,0.19540320137884176
1175,0,167,0.7000000000000001,19,0.035068480557343774,0.19806291853948665
1175,0,169,0.75,10,0.04731638483499321,0.2085973660019639
1175,0,170,0.6000000000000001,6,0.04120323569995411,0.22948323072088697
1175,0,171,0.6000000000000001,14,0.03796240901477175,0.2024248542703424
1175,0,176,0.9500000000000001,21,0.03628819658567031,0.18659747206191588
1175,0,191,0.65,15,0.04675938749702043,0.20637531146003696
1175,0,192,0.7000000000000001,21,0.04004449025581463,0.20806507717806239
1175,0,195,0.5,8,0.030218179149319416,0.1912111783197381
1175,0,227,0.8,16,0.04408671612338702,0.19494361064514204
1175,0,236,0.8,12,0.04461124927546294,0.22504501273394414
1175,0,237,0.8,6,0.04601338708707568,0.21541686301105523
1175,0,239,0.55,11,0.033982410368172046,0.20717660511566496
1175,0,242,0.65,21,0.029960541845927165,0.19794393383577172
1175,0,251,0.75,20,0.04159711717634078,0.1950341814568221
1175,0,254,0.65,9,0.024928463100232896,0.2385281783373837
1175,0,277,0.75,7,0.03846117450204972,0.2293292327283152
1175,0,287,0.6000000000000001,8,0.045318581734785805,0.1930183889476197
1175,0,289,0.65,17,0.03502215349597652,0.1962543654227891
1175,0,293,0.9,16,0.0371679321814966,0.1847875129498552
1175,0,303,0.6000000000000001,14,0.03874963316613631,0.1884484522267589
1175,0,310,0.9500000000000001,18,0.040639619623289595,0.19916224539509053
1175,0,319,0.9500000000000001,17,0.04915827669030328,0.18471257346295364
1175,0,321,0.6000000000000001,14,0.03375114673073513,0.1967225652180658
1175,0,345,0.65,22,0.02936665153596662,0.19506339887367175
1175,0,346,0.55,21,0.04331208292980679,0.20552800419581527
1175,0,353,0.65,10,0.0380834453874051,0.21348414122418738
1175,0,364,0.65,11,0.03836801990987206,0.2092623938966457
1175,0,365,0.6000000000000001,11,0.03602908645876134,0.21554024580265507
1175,0,403,0.75,6,0.05314209460626628,0.204608686972229
1175,0,405,0.7000000000000001,15,0.04571393138935628,0.20356438106144947
1175,0,408,0.6000000000000001,21,0.03802701078855464,0.20847483178692983
1175,0,409,0.8500000000000001,10,0.058914542400946096,0.21628976337268307
1175,0,427,0.8,19,0.04380819397999842,0.20100058607020188
1175,0,446,0.6000000000000001,9,0.03348210064067438,0.19900731243350414
1175,0,467,0.75,20,0.03683727680350135,0.19337115611687122
1175,0,477,0.9500000000000001,17,0.03225364675535936,0.19541951753190803
1175,0,479,0.7000000000000001,16,0.05137164120272345,0.202520753878708
1175,0,487,0.75,16,0.043715706609692005,0.1949933488324101
1175,0,500,0.65,22,0.0435137498105316,0.19356042464840598
1175,0,519,0.65,21,0.049316110380064775,0.21164211504635838
1175,0,529,0.65,15,0.03471955634231013,0.21173944732144737
1175,0,531,0.75,17,0.04968747330587409,0.2109177696411803
1175,0,534,0.75,7,0.028070908911538607,0.1966082440289716
1175,0,540,0.65,20,0.0395149408838237,0.20473230101323653
1176,1,0,0.6000000000000001,11,0.03725011135130512,0.22694852480719704
1176,1,1,0.8,9,0.034353403343038935,0.2072795928769475
1176,1,2,0.6000000000000001,5,0.02976940017679177,0.1964599317761569
1176,1,3,0.6000000000000001,20,0.04855430942314685,0.21525908030646673
1176,1,4,0.75,18,0.047392607713515535,0.20791031870921742
1176,1,5,0.75,16,0.03742899505047949,0.21141188995477272
1176,1,6,0.7000000000000001,10,0.04517664702791857,0.2030818544396749
1176,1,7,0.55,11,0.03648437330017172,0.22235428243336194
1176,1,8,0.75,3,0.05086484907882182,0.16805070277983145
1176,1,9,0.6000000000000001,18,0.058355094696197395,0.21317672745110244
1176,1,10,0.9,13,0.06310280064744132,0.2117462770358944
1176,1,11,0.8,12,0.03250771082207759,0.22438956976821992
1176,1,12,0.75,14,0.044969134363208624,0.23502712858306937
1176,1,13,0.7000000000000001,23,0.04288495606612718,0.20985426200767332
1176,1,14,0.6000000000000001,19,0.03754807696500711,0.21789597957905937
1176,1,15,0.75,16,0.040413957417266944,0.2181689404903518
1176,1,16,0.75,5,0.06137690145625243,0.2102115790838607
1176,1,17,0.9500000000000001,18,0.04642561295976016,0.21364282677695584
1176,1,18,0.7000000000000001,16,0.04183870732543233,0.21439456110827615
1176,1,19,0.8,19,0.043140732015841045,0.2098937670265907
1176,1,20,0.65,18,0.0300496561688056,0.22833061587564396
1176,1,21,0.55,17,0.04125907158956859,0.22204997075983504
1176,1,22,0.9,11,0.04887154620783217,0.16932934596027513
1176,1,23,0.9500000000000001,11,0.04008812251799653,0.20730910174086367
1176,1,24,0.8500000000000001,20,0.04745360176091945,0.21370123848894335
1176,1,25,1.0,14,0.055489975364254936,0.21221221270756874
1176,1,26,0.75,15,0.032985040773469636,0.21749608407174809
1176,1,27,0.75,10,0.04826052705669268,0.2097345098260602
1176,1,28,1.0,17,0.04332471900325492,0.2150715931140438
1176,1,29,0.8500000000000001,19,0.04605791537114159,0.1923710491175018
1176,1,30,0.65,12,0.05783763031323211,0.20283123790813953
1176,1,31,0.65,8,0.06832210676308588,0.23034258376836186
1176,1,32,0.6000000000000001,7,0.04275312521419955,0.214573625331878
1176,1,33,0.7000000000000001,17,0.054147235668319256,0.20948862463142062
1176,1,34,0.9500000000000001,13,0.04283570120333757,0.1698885591399048
1176,1,35,0.65,7,0.04689433056259464,0.21522065449032726
1176,1,36,0.7000000000000001,17,0.03132996242659319,0.20755305580347572
1176,1,37,0.7000000000000001,17,0.04383642702739066,0.18814475426156232
1176,1,38,0.75,14,0.05353631430800454,0.21453458058364547
1176,1,39,0.75,17,0.04007484423412568,0.2220833571947141
1176,1,40,0.65,16,0.042463795319559614,0.2284432874352043
1176,1,41,0.9,18,0.039799212795554643,0.20331209847941534
1176,1,42,0.75,11,0.044964182551691226,0.2019121583463933
1176,1,43,0.65,6,0.022252876135332708,0.2251081420972152
1176,1,44,0.7000000000000001,14,0.052562878084771114,0.22589847735299906
1176,1,45,0.9,18,0.04676418079321902,0.21416217367759466
1176,1,46,1.0,16,0.05704866210059229,0.20918889108856087
1176,1,48,0.55,6,0.03884586998310774,0.20599133429505057
1176,1,49,0.75,19,0.046522139313222154,0.2148524282394221
1176,1,50,1.0,16,0.049118757157535664,0.20398628917567646
1176,1,51,0.6000000000000001,10,0.04316574202032319,0.22247628348127693
1176,1,52,0.8500000000000001,21,0.0422815606585669,0.20459574392211008
1176,1,53,0.75,12,0.04039181341265571,0.23627521651409433
1176,1,54,1.0,10,0.03188715006941938,0.23142360518576913
1176,1,55,0.7000000000000001,12,0.05409875124116276,0.19810948369107995
1176,1,56,0.8,15,0.05032181637642815,0.215082244194509
1176,1,57,0.8,18,0.049506048125188086,0.2078412054675584
1176,1,58,0.8500000000000001,9,0.05234708643045877,0.22417474332290452
1176,1,59,1.0,9,0.05127624733387677,0.19221992524957318
1176,1,60,0.7000000000000001,13,0.0315816875141197,0.22577417805095792
1176,1,61,0.9500000000000001,7,0.01469843713898909,0.19515362146917584
1176,1,62,0.8500000000000001,16,0.02678097336780256,0.20509047551272142
1176,1,63,0.8,22,0.050944027877478947,0.21748971725207636
1176,1,64,1.0,15,0.05867034334543716,0.19916845138856096
1176,1,65,0.75,8,0.029268609979549436,0.20470834860129727
1176,1,66,0.9,2,0.02829746493440448,0.1402070199567644
1176,1,67,0.9,15,0.04980840373166321,0.18293087640652433
1176,1,68,0.7000000000000001,11,0.03263094023950471,0.20156500520252382
1176,1,69,0.65,13,0.024515516013843143,0.21715780884300806
1176,1,70,0.7000000000000001,5,0.05309201872268812,0.21555319255335278
1176,1,71,0.75,19,0.04416175737780957,0.21624338585307767
1176,1,72,0.6000000000000001,13,0.04242264905287555,0.20904581137618417
1176,1,73,1.0,14,0.05566387140287913,0.2086629602567446
1176,1,74,0.65,18,0.04614761048266772,0.20543409646049368
1176,1,75,0.7000000000000001,16,0.053893468130059394,0.21452418734739942
1176,1,76,0.65,16,0.04591187126571316,0.21357393396423846
1176,1,78,0.6000000000000001,10,0.040305967096110604,0.2189766793809139
1176,1,79,0.75,23,0.04350452725200672,0.2217864426202781
1176,1,80,0.7000000000000001,18,0.039507003454895495,0.22705295620074445
1176,1,81,0.65,15,0.03441403479509419,0.23603918538107913
1176,1,82,0.55,12,0.04392684995749737,0.22027865885654477
1176,1,83,0.65,10,0.06084195000914766,0.22110057121450372
1176,1,84,0.8500000000000001,21,0.050247932456691353,0.2125743238605449
1176,1,85,0.75,19,0.041936598950634264,0.2200718816389769
1176,1,86,0.7000000000000001,20,0.048593282229656504,0.20751456572533514
1176,1,87,0.75,7,0.049697280000025844,0.22219714412588035
1176,1,89,0.65,18,0.0419025291899738,0.19889254697152436
1176,1,90,0.75,11,0.05201072963934274,0.21146690095983917
1176,1,91,0.9,10,0.02555014593690263,0.23465836838290838
1176,1,92,0.9,19,0.041029823966805885,0.2110996233830053
1176,1,93,0.75,16,0.055666692259442596,0.20040603943896856
1176,1,94,0.75,9,0.038225651482753274,0.20775177439771964
1176,1,95,0.75,14,0.05068688401053098,0.21152969623711165
1176,1,96,0.8,16,0.048702872349427904,0.18930367370877568
1176,1,97,0.8,20,0.04226691272690156,0.21430700959832896
1176,1,98,0.8500000000000001,21,0.054174750344577555,0.20749598715349565
1176,1,99,0.8,22,0.04661056156367785,0.19395757727992954
1176,1,100,0.65,7,0.023734620016417317,0.2211828738633452
1176,1,102,0.9,10,0.0563643809449248,0.18669673808514126
1176,1,103,0.7000000000000001,13,0.044379461701939335,0.21517800684912178
1176,1,106,0.6000000000000001,11,0.04915297602630642,0.20081625070121784
1176,1,107,1.0,20,0.04094951634059216,0.19773891073556188
1176,1,110,0.7000000000000001,9,0.06302458969012746,0.22658912394542552
1176,1,112,0.55,12,0.05247199481417558,0.2229164378720787
1176,1,113,0.75,11,0.036128065991414736,0.22817215249643272
1176,1,115,0.8500000000000001,17,0.046561438334280295,0.1995513171371814
1176,1,122,0.7000000000000001,13,0.04720743351231314,0.2207803898468619
1176,1,128,0.6000000000000001,10,0.057691733949857264,0.2152022593842539
1176,1,135,0.6000000000000001,9,0.02415115714156229,0.22764144506386141
1176,1,142,0.55,16,0.039092288351747696,0.22870298390105123
1176,1,145,0.65,16,0.048798468397580674,0.21035275724598745
1176,1,146,0.55,11,0.03541911066824165,0.24266094220520565
1176,1,148,0.9,6,0.029595727792803093,0.2274726501911636
1176,1,152,0.65,20,0.053653232758688066,0.21415686951200885
1176,1,153,0.8500000000000001,12,0.03938945505337513,0.21634504680038938
1176,1,154,0.7000000000000001,7,0.034554359571848714,0.25627533557591015
1176,1,157,0.6000000000000001,5,0.018255327408395073,0.25003587272948546
1176,1,158,0.65,10,0.06773050129849585,0.20646643410004173
1176,1,160,0.65,11,0.045372256466492115,0.22917198917213844
1176,1,163,0.65,18,0.04189963122769446,0.21414034238850274
1176,1,167,0.75,18,0.04236328626382313,0.21438927098382946
1176,1,168,0.6000000000000001,15,0.04513126329220535,0.22101555294177636
1176,1,170,0.6000000000000001,15,0.035343084756854465,0.23488855076398946
1176,1,172,0.6000000000000001,7,0.0516915430785784,0.2197658520528995
1176,1,176,0.7000000000000001,13,0.04867165104735921,0.2229107116584276
1176,1,178,0.75,8,0.05955789621866503,0.2090521929551823
1176,1,184,0.65,12,0.040433506504762094,0.20670511383712473
1176,1,189,1.0,20,0.03985577109511331,0.21755070821971856
1176,1,190,0.7000000000000001,10,0.05254778271497645,0.2062048777390948
1176,1,197,0.7000000000000001,13,0.0472854153951805,0.21113683103466305
1176,1,200,0.65,9,0.031647391141937806,0.21953455485581366
1176,1,212,0.55,10,0.04809759070447504,0.2276977734221502
1176,1,222,0.75,19,0.05111014649819417,0.19783822396531028
1176,1,229,0.55,15,0.03949149378639665,0.22742939263735434
1176,1,233,0.8,16,0.0435566993797972,0.19975334416448398
1176,1,240,0.6000000000000001,7,0.03374217892631145,0.2292289178260513
1176,1,243,0.65,10,0.03049824043508656,0.2439217596647228
1176,1,247,0.8,14,0.04446189529990409,0.2167702558683624
1176,1,251,0.7000000000000001,18,0.036262593567053636,0.21662873031981653
1176,1,265,0.7000000000000001,19,0.04854261725998223,0.2039165027031898
1176,1,266,0.65,9,0.058867184151401235,0.2200454066025389
1176,1,269,0.6000000000000001,13,0.05566960382118416,0.22213563823772217
1176,1,276,0.55,12,0.04628736164884422,0.22435605073138007
1176,1,279,0.7000000000000001,11,0.02673414172029855,0.22586573279398037
1176,1,298,0.9500000000000001,20,0.03993921900727877,0.21856878126757123
1176,1,306,0.7000000000000001,25,0.0421861561105231,0.21242099544109602
1176,1,310,0.7000000000000001,13,0.04527625676463159,0.23016861115440154
1176,1,311,0.6000000000000001,12,0.04723821871406093,0.2201918995283756
1176,1,323,1.0,18,0.0425885174188303,0.20472148102046372
1176,1,324,0.65,17,0.03577006549178741,0.2074651082710342
1176,1,355,0.9,16,0.05153574122827617,0.21158192634064033
1176,1,356,1.0,11,0.046086084923782446,0.21088953710614033
1176,1,374,0.65,13,0.058925187389671084,0.2012778163019562
1176,1,379,0.6000000000000001,9,0.027727723569279546,0.22690812774352265
1176,1,381,0.65,13,0.03883607936311471,0.21605331114702198
1176,1,383,0.6000000000000001,10,0.04051757626292887,0.22379888616876653
1176,1,395,0.7000000000000001,16,0.05292125122670609,0.20374887766790628
1176,1,398,0.6000000000000001,12,0.027743122070867387,0.23199888362446708
1176,1,399,0.65,10,0.06300023398427229,0.2214649824775099
1176,1,405,0.8,18,0.04264585344761999,0.22198889608116706
1176,1,412,0.8,19,0.044122423540713766,0.22991673544370855
1176,1,414,0.7000000000000001,18,0.04627672405196824,0.23317392141945575
1176,1,416,0.75,19,0.03781628026876039,0.219300588346708
1176,1,423,0.7000000000000001,10,0.03770688048022076,0.2048395239205027
1176,1,442,0.7000000000000001,6,0.03840140635036765,0.23013908663792473
1176,1,454,0.7000000000000001,20,0.04431030364246761,0.21225489075324105
1176,1,459,0.65,12,0.029586616384883208,0.22192097036238942
1176,1,487,0.65,9,0.03989787269172996,0.2317901650980541
1176,1,490,0.65,8,0.024510796365161024,0.23054163018449092
1176,1,506,0.5,11,0.05669259325300269,0.21794346543112414
1176,1,513,0.65,14,0.04716262042151439,0.2185605935155524
1176,1,515,0.75,18,0.03840859731542625,0.20017140395229957
1176,1,525,0.75,14,0.038868577237943555,0.19900131631895077
1176,1,529,0.6000000000000001,9,0.023122775729674798,0.2130864443344714
1176,1,536,0.6000000000000001,9,0.03709836641477918,0.2395864402848486
1176,1,554,0.8500000000000001,13,0.0626709164293549,0.19393433647888955
1177,2,0,0.6000000000000001,7,0.033868376190351705,0.19852069846765047
1177,2,1,0.8,22,0.029793696868265333,0.18115878105790048
1177,2,2,0.9,14,0.023475892191655648,0.17359007938366236
1177,2,3,0.75,16,0.03920898913839267,0.20340342034600617
1177,2,4,0.8,21,0.03989873675842868,0.19174697948826477
1177,2,5,0.7000000000000001,8,0.06415150779965306,0.1893466971495918
1177,2,6,0.8500000000000001,16,0.038081811076106656,0.1952906408329704
1177,2,7,0.75,11,0.047551572362432064,0.20746997558459918
1177,2,9,0.8500000000000001,19,0.04481093215745841,0.19070514353933707
1177,2,10,0.8,9,0.028307887189981482,0.17235123559115037
1177,2,11,1.0,14,0.039846697684116666,0.18072857023650593
1177,2,12,0.8500000000000001,22,0.023150973926775245,0.17796578129263624
1177,2,13,0.6000000000000001,3,0.057113327571799564,0.1720425016981375
1177,2,14,0.9,15,0.041785314992154154,0.1758071690176687
1177,2,15,0.8500000000000001,22,0.040105016494845123,0.17827358856117292
1177,2,16,0.7000000000000001,7,0.03534448698474072,0.19611192559210844
1177,2,17,0.9500000000000001,20,0.0447887922855524,0.1882964526970221
1177,2,18,0.65,15,0.049145910075820774,0.2003196163875307
1177,2,19,0.9,14,0.02923677870508657,0.17934899495071593
1177,2,20,0.75,14,0.03733710094529211,0.17962611486927813
1177,2,21,0.8500000000000001,10,0.026762590292375973,0.1758202167316344
1177,2,22,0.7000000000000001,17,0.03858155292850667,0.18427615545424947
1177,2,23,0.9,25,0.040314035596235906,0.18891697315268277
1177,2,24,0.75,20,0.028404253147749626,0.17339677566845763
1177,2,25,0.8500000000000001,12,0.0393863913948111,0.1692924534003187
1177,2,26,0.65,8,0.05902200363715039,0.20112966921871797
1177,2,27,0.8,27,0.0443750820931161,0.18887986660032788
1177,2,28,0.65,18,0.04298252307102673,0.18344432042615433
1177,2,29,0.8500000000000001,18,0.0401065435395545,0.18302153835243098
1177,2,30,0.9,19,0.04056694236783734,0.18663528828582504
1177,2,31,0.8,12,0.025916725758572554,0.17600331916136355
1177,2,32,1.0,20,0.039444698974953576,0.1982281981905351
1177,2,33,0.9,23,0.04240361117321362,0.18695158751135724
1177,2,34,0.8,13,0.044427282448299604,0.20094698866208144
1177,2,35,0.75,16,0.044709876147622174,0.19235049354407024
1177,2,36,0.75,2,0.02561211522136024,0.15389726832337994
1177,2,37,1.0,19,0.031766338382570466,0.18076944994732588
1177,2,38,0.9,26,0.03485928348081299,0.17991884182191936
1177,2,39,0.8,25,0.03337579200327125,0.18414865569325958
1177,2,40,0.8,16,0.04595998305739036,0.20104991963551677
1177,2,41,0.65,16,0.03237838165172239,0.19076791244988694
1177,2,42,0.9,24,0.04138912919423655,0.1814459023130174
1177,2,43,0.9500000000000001,10,0.034986783432703374,0.1757039115905164
1177,2,44,0.8500000000000001,20,0.03808945347130276,0.1835214280836372
1177,2,45,0.75,19,0.034139900424962545,0.1676967125687616
1177,2,46,0.9,2,0.009185616663737276,0.1422274346751674
1177,2,47,0.75,17,0.03143731138590493,0.18399765459477144
1177,2,48,0.8,14,0.03634523903506097,0.18683443357507246
1177,2,49,0.7000000000000001,11,0.024204410753423045,0.1776174561317731
1177,2,50,0.9500000000000001,17,0.03921172191715055,0.18275443003107836
1177,2,51,0.7000000000000001,17,0.03192482313073491,0.19412155431998052
1177,2,52,0.8500000000000001,19,0.032764867619135156,0.1876246225779492
1177,2,53,0.7000000000000001,14,0.05366819757819881,0.18588885208977216
1177,2,54,0.75,15,0.04134503190154908,0.18354378102183067
1177,2,55,0.8,19,0.03879051107902229,0.18527691888438658
1177,2,56,0.6000000000000001,15,0.030846712268863874,0.1851487781084665
1177,2,57,0.8500000000000001,30,0.036133796952908,0.1797876170986849
1177,2,58,0.9,9,0.04863102101585571,0.19529467284816268
1177,2,59,0.9500000000000001,16,0.04622007939587797,0.18800405969674885
1177,2,60,0.9,17,0.03922559688703202,0.17326649563041915
1177,2,61,0.75,11,0.035571443878086494,0.2075972357116803
1177,2,62,0.65,19,0.026749127808535455,0.17741899685662296
1177,2,63,0.75,12,0.05125421095968492,0.18973424379144374
1177,2,64,0.9,25,0.04512347499841751,0.18165803499897518
1177,2,65,0.75,13,0.04942097491655062,0.2056981482749076
1177,2,66,0.6000000000000001,14,0.034092778626754895,0.1822238572396073
1177,2,68,0.7000000000000001,19,0.030042089443382842,0.1882465010960095
1177,2,70,1.0,15,0.026435256946381953,0.172606904342788
1177,2,71,0.75,13,0.0343858885686407,0.18508433333977503
1177,2,72,0.8,21,0.023808833499289157,0.17877026042382577
1177,2,73,0.8500000000000001,16,0.018666428728970716,0.1710487285745242
1177,2,74,1.0,14,0.03686630933889155,0.188027127252998
1177,2,75,0.9500000000000001,20,0.044010683754403784,0.20256461553711708
1177,2,76,0.75,21,0.030315118603276424,0.18161324357968037
1177,2,77,0.7000000000000001,6,0.03540194515936218,0.2408827624749301
1177,2,79,0.65,19,0.04206529245220685,0.19080074128065413
1177,2,81,1.0,13,0.0315476647424083,0.18169445279856064
1177,2,83,0.75,10,0.04895965782783507,0.1965570285450658
1177,2,85,1.0,15,0.03720357397374845,0.18859892101459494
1177,2,87,0.65,6,0.05171202775532603,0.20722272479980144
1177,2,88,1.0,15,0.02992916385061997,0.15964690428025283
1177,2,89,0.75,18,0.04075824343922984,0.18683593044157087
1177,2,90,0.9500000000000001,23,0.03201432791515278,0.18086978577117444
1177,2,91,0.7000000000000001,18,0.03709370277180938,0.186951595369968
1177,2,92,0.9500000000000001,22,0.03476592367266189,0.17508534207855875
1177,2,93,0.9,22,0.0352134123753047,0.17912432157837915
1177,2,95,0.75,9,0.04403622997027362,0.17923599036459012
1177,2,96,0.8,24,0.038958604515166105,0.18514339841638414
1177,2,97,0.9,9,0.049323773297340764,0.22031099259082076
1177,2,98,0.8,11,0.03214599925082957,0.16911621308377459
1177,2,99,0.6000000000000001,7,0.023729333975853757,0.18084319362761028
1177,2,101,0.75,22,0.02992986923853666,0.1799141080918688
1177,2,102,0.6000000000000001,9,0.04605766408333054,0.20014195941094934
1177,2,104,0.9500000000000001,22,0.04457564471746327,0.1876936849575336
1177,2,106,0.8500000000000001,15,0.034630415956466015,0.19798848758722518
1177,2,107,0.8,18,0.03486601158146531,0.1882350905435895
1177,2,108,0.75,13,0.029714795257721614,0.18269842659314792
1177,2,109,0.8500000000000001,15,0.04107308771666058,0.17516275981503598
1177,2,111,1.0,16,0.02144621770814674,0.1579054939815246
1177,2,113,0.7000000000000001,14,0.03887740052344823,0.17556988104641355
1177,2,114,0.9500000000000001,18,0.037042029329572575,0.17974531968411817
1177,2,115,0.8,18,0.0369676403470074,0.1874781070285205
1177,2,116,0.9500000000000001,16,0.04310877241397438,0.19605367804542526
1177,2,119,0.8,11,0.036029702442748314,0.18062014265546017
1177,2,121,0.6000000000000001,18,0.04044455910446446,0.20118269434878
1177,2,123,0.9,14,0.054364307398558534,0.18875593142247912
1177,2,124,1.0,19,0.03627747120224392,0.18788598105036064
1177,2,125,0.65,8,0.038191734376511396,0.19025342199364742
1177,2,129,0.75,23,0.034933572389879534,0.18253619888899467
1177,2,131,0.9,21,0.04133196909238817,0.18208712264312976
1177,2,133,0.75,13,0.04584090324551104,0.19185026923739112
1177,2,136,0.8,23,0.04105510019267783,0.18153018545897687
1177,2,138,0.65,15,0.031963250635730994,0.1833962610840742
1177,2,141,0.6000000000000001,8,0.03895320392085181,0.20963166454379012
1177,2,142,0.7000000000000001,18,0.03442776777201729,0.19934613592528902
1177,2,144,0.8,11,0.04451064373013582,0.19075628314207219
1177,2,146,0.65,12,0.04063136667705198,0.1945397448063723
1177,2,147,0.75,18,0.04345276825307233,0.17528589714491927
1177,2,153,0.8,16,0.027971882098577327,0.1919453733748258
1177,2,156,0.9,19,0.03595635823737007,0.1808347546953092
1177,2,157,0.75,16,0.038722817921649694,0.19926087399555226
1177,2,158,0.8,22,0.035100024183746505,0.18049654979699564
1177,2,161,0.7000000000000001,14,0.04460232534251122,0.1788396013223624
1177,2,165,0.8,19,0.028671668661038294,0.1893835966758128
1177,2,169,0.6000000000000001,18,0.040988095926984394,0.20416154264772562
1177,2,174,0.7000000000000001,18,0.03668901526800118,0.17925819420284744
1177,2,175,0.8,15,0.02831846839540141,0.1816916444096837
1177,2,178,0.55,9,0.04002996072526837,0.20867289886670523
1177,2,181,0.6000000000000001,15,0.04753639264941465,0.20259188169247513
1177,2,182,0.9,14,0.03225077688622423,0.18437873039919367
1177,2,191,0.5,9,0.03658970733701329,0.2108469244402661
1177,2,193,0.7000000000000001,11,0.03867176481744814,0.18701870340303728
1177,2,210,0.7000000000000001,25,0.037758173459571574,0.1911770568276698
1177,2,233,0.8,15,0.040467819897554866,0.20246993864751162
1177,2,239,0.8,25,0.04119337112110202,0.18156245376779714
1177,2,260,0.6000000000000001,19,0.039457763830877804,0.2003048352405017
1177,2,264,0.75,24,0.03484922733368188,0.1768490451706063
1177,2,281,0.8,23,0.032705997344066734,0.18947352665176156
1177,2,294,0.75,18,0.03762155122536034,0.19066354751150852
1177,2,311,0.6000000000000001,11,0.04456943124725946,0.2113374084648094
1177,2,337,0.55,7,0.04116109302363106,0.22859553185094664
1177,2,349,0.75,12,0.05377686874059524,0.19918321122740534
1177,2,352,0.9500000000000001,18,0.040526515331641144,0.19182802944153862
1177,2,356,0.8500000000000001,25,0.040040937811592965,0.1904685854152991
1177,2,382,0.6000000000000001,16,0.03342542377931675,0.19408284443238583
1177,2,389,0.8,18,0.034462053648583374,0.18510892459648687
1177,2,417,0.75,19,0.04420955841895311,0.20387675596293428
1177,2,428,0.55,10,0.03801888780557475,0.20849186168747885
1178,3,0,0.8,16,0.04218911101062565,0.20626807251727666
1178,3,1,0.65,6,0.02983254671410981,0.24645465444679174
1178,3,2,0.7000000000000001,12,0.04348075285828301,0.24007651879560332
1178,3,3,0.65,10,0.03773010040582908,0.22316543124483879
1178,3,4,0.9,17,0.02702361844027264,0.22814301663007328
1178,3,5,0.65,11,0.01964841789527501,0.21840348671609788
1178,3,6,0.7000000000000001,11,0.03815572288388044,0.22672242244561672
1178,3,7,0.8500000000000001,16,0.05414455550559529,0.2271348332784991
1178,3,8,0.8,21,0.040067221746219406,0.22412746488239735
1178,3,9,0.7000000000000001,21,0.05152308026844154,0.21839019830509054
1178,3,10,0.8500000000000001,8,0.029459926447713267,0.2110807315292836
1178,3,11,0.6000000000000001,12,0.037401499063616755,0.22313085638310062
1178,3,12,1.0,15,0.042307913259770874,0.21790056825058832
1178,3,13,0.7000000000000001,14,0.036993766170209295,0.22334330946475073
1178,3,14,1.0,15,0.050924281458395726,0.23229701954686646
1178,3,15,0.6000000000000001,22,0.040741698914547306,0.23097830666190863
1178,3,16,0.6000000000000001,16,0.050480464476717994,0.22039523865231125
1178,3,17,0.8500000000000001,18,0.03852087960692936,0.22162368049472334
1178,3,18,0.9,16,0.03870453150635547,0.22920666330161485
1178,3,19,0.9500000000000001,10,0.05266296534444771,0.20482152786547153
1178,3,20,0.6000000000000001,20,0.040946668312743476,0.22357627239985275
1178,3,21,1.0,15,0.04789462682222234,0.2192330469686254
1178,3,22,0.6000000000000001,8,0.03040443616073954,0.2212746489309356
1178,3,23,0.6000000000000001,10,0.03458517241812855,0.23513928395685904
1178,3,24,0.8500000000000001,13,0.032200378620922926,0.22228699454119963
1178,3,25,0.8500000000000001,12,0.03969194437343991,0.20523004130274744
1178,3,26,0.7000000000000001,19,0.04728119074127472,0.20741344793995625
1178,3,27,0.65,13,0.020361815234506277,0.22569661586950635
1178,3,28,1.0,18,0.04405897692704193,0.20852331582130343
1178,3,29,0.6000000000000001,17,0.036252764703764324,0.23012070729516168
1178,3,30,0.65,14,0.0367843047485275,0.21253995739204565
1178,3,31,0.65,18,0.056901433895948456,0.22515900930265728
1178,3,32,0.7000000000000001,13,0.04372332896967534,0.22862559240713484
1178,3,33,0.65,6,0.05047770656647097,0.2359841761047569
1178,3,34,0.8500000000000001,11,0.04762486703533612,0.24099830201598793
1178,3,35,0.8500000000000001,10,0.056868020476757514,0.2092543600376004
1178,3,36,0.9,15,0.03557661670797929,0.21772989734720177
1178,3,37,1.0,20,0.04220829978076409,0.22713184130159375
1178,3,38,0.65,18,0.033788853827615456,0.23243774910950396
1178,3,39,0.9500000000000001,12,0.04002005431037931,0.20664139853240152
1178,3,40,0.75,20,0.0301993651558982,0.21080283469601407
1178,3,41,0.7000000000000001,22,0.053931315536263034,0.21853273402312973
1178,3,42,1.0,12,0.044978894905324286,0.2153091825073606
1178,3,43,1.0,15,0.045167921303036686,0.21710599815568352
1178,3,44,0.65,8,0.053649351723552306,0.22439432987427466
1178,3,45,0.75,11,0.026585000334543266,0.207823183465254
1178,3,46,0.7000000000000001,13,0.05115433328165459,0.22383355294463422
1178,3,47,0.8,17,0.044195624164976216,0.2029943426664812
1178,3,48,0.9,20,0.04367792213775742,0.21728444392864676
1178,3,49,0.7000000000000001,15,0.04609386232294097,0.22018782511718532
1178,3,50,0.8500000000000001,15,0.06037734672743012,0.21425567862077968
1178,3,51,0.9500000000000001,11,0.03625211750136972,0.20852235688199386
1178,3,52,0.8,19,0.055047850555270866,0.21087245698505494
1178,3,53,0.7000000000000001,14,0.026825756725225892,0.22694279649159796
1178,3,54,0.9500000000000001,2,0.030561653555190693,0.24034786579253498
1178,3,55,0.65,15,0.03271896436906795,0.22531619382674514
1178,3,58,0.8,21,0.03935808813912286,0.22597350860213958
1178,3,60,0.9500000000000001,22,0.04270799535725187,0.22926178326831037
1178,3,61,0.7000000000000001,11,0.020782845166131138,0.21533249612362598
1178,3,62,0.8,14,0.05202631466561829,0.21876043448294608
1178,3,64,0.6000000000000001,14,0.04862525796173818,0.21430092252863173
1178,3,65,0.8,8,0.02736568507737201,0.2032100365237089
1178,3,66,1.0,11,0.04984092606194836,0.21987701169717344
1178,3,67,0.55,11,0.029267510084208054,0.23087596822991296
1178,3,68,0.8,19,0.041103386874136665,0.2307037395626279
1178,3,70,0.7000000000000001,20,0.046028453282285935,0.21786154416635717
1178,3,71,1.0,20,0.04239235165084542,0.20827878314808768
1178,3,72,0.65,11,0.03981528828418939,0.2308392213691115
1178,3,75,0.8500000000000001,18,0.04129144110684127,0.2156730174823832
1178,3,76,0.75,21,0.04490458093306177,0.227273278410098
1178,3,77,0.6000000000000001,19,0.04108948075375699,0.22990383374531728
1178,3,78,1.0,16,0.0458625801213586,0.2090041867197738
1178,3,79,1.0,16,0.04545394983911715,0.22078514656947296
1178,3,80,0.65,13,0.04210072155839076,0.23595004490408167
1178,3,81,0.6000000000000001,14,0.042889929308436645,0.2140174353953537
1178,3,82,0.8500000000000001,16,0.04826477369927382,0.2016587836865973
1178,3,83,0.9,11,0.035291804106289765,0.22834300159943088
1178,3,84,0.55,10,0.03361883745165863,0.22897742548709368
1178,3,93,0.7000000000000001,13,0.040423132055734196,0.22180727139301448
1178,3,94,0.75,21,0.04521501086335849,0.21838570307667332
1178,3,95,0.55,15,0.029431238616602788,0.24387907074591333
1178,3,98,0.7000000000000001,12,0.038565212609771894,0.23800411120273876
1178,3,99,0.7000000000000001,18,0.037990294008665715,0.22525222749862037
1178,3,101,0.65,20,0.04491040926163895,0.21157727462650838
1178,3,102,0.7000000000000001,11,0.04502976561538572,0.2104684570951794
1178,3,105,0.8500000000000001,9,0.03277594650137167,0.23315703930497722
1178,3,106,0.8,23,0.044141982971574345,0.23284189288549265
1178,3,107,0.65,16,0.046658572041644565,0.21624238982851468
1178,3,108,1.0,15,0.04025856599602492,0.21663327070508315
1178,3,110,0.75,8,0.01873808453981046,0.2414732106997623
1178,3,114,0.7000000000000001,12,0.035327504761913875,0.23536883363214642
1178,3,115,0.75,23,0.04791624895217249,0.21792064910754147
1178,3,116,0.75,12,0.03507132790996783,0.224925989438034
1178,3,121,0.9500000000000001,17,0.038513555057933094,0.22502185366464356
1178,3,123,0.7000000000000001,13,0.03836959915594564,0.21708967545504906
1178,3,124,1.0,19,0.05003042774365635,0.2174258648476012
1178,3,125,0.8,11,0.0522139091381844,0.22802878302375332
1178,3,130,0.5,17,0.036172737386558955,0.22998177500355166
1178,3,131,0.6000000000000001,9,0.04556986718272201,0.22508337904870196
1178,3,136,0.6000000000000001,21,0.039864538343582084,0.22392552623955503
1178,3,138,0.55,17,0.038484463357906604,0.2266547266381765
1178,3,139,0.65,15,0.03517238656724757,0.24316711062287452
1178,3,143,0.55,16,0.041424782782429594,0.22012810369888774
1178,3,148,0.65,13,0.04122313627869475,0.22578875742765606
1178,3,151,0.8500000000000001,14,0.04291302084097559,0.23322043070046655
1178,3,164,0.7000000000000001,8,0.03663485141460207,0.23373772271030452
1178,3,165,0.7000000000000001,14,0.03290713809594252,0.216024110369646
1178,3,166,0.65,11,0.039786237995976796,0.23728994500099648
1178,3,169,0.75,15,0.0372956069572237,0.232207140164071
1178,3,176,0.65,9,0.053391431780796215,0.23736380393110215
1178,3,183,0.9,7,0.03412642472351115,0.2485685913297973
1178,3,189,0.65,11,0.03390736859858931,0.2442042695069202
1178,3,190,0.65,17,0.059256015249034455,0.22504713547205774
1178,3,194,0.55,18,0.0290231415543583,0.230790289499519
1178,3,197,0.75,10,0.0393581983698545,0.22017064204166426
1178,3,209,1.0,22,0.04293040574585214,0.21546000562241893
1178,3,210,0.9,12,0.032574284175798995,0.2422011936051548
1178,3,213,0.7000000000000001,12,0.03372099590351972,0.23982735592815665
1178,3,216,0.65,10,0.04500681754464442,0.23728223756389202
1178,3,219,0.6000000000000001,11,0.04502748765777451,0.23963943891587194
1178,3,223,0.65,10,0.04460978034333649,0.23093164724448703
1178,3,226,0.65,20,0.041253623061468195,0.2108735240231432
1178,3,229,0.65,22,0.03810253876287656,0.2288778420606201
1178,3,231,0.75,16,0.05933475264602246,0.23245645743723797
1178,3,232,0.65,16,0.04046067714925389,0.22619343285012244
1178,3,233,0.65,21,0.03366953087717671,0.20900329376954507
1178,3,235,0.65,7,0.02955631581593526,0.24733504818254534
1178,3,238,0.8,15,0.04434339164591086,0.21755942880036613
1178,3,241,0.8500000000000001,11,0.04208641631845135,0.2395081668838213
1178,3,243,0.6000000000000001,16,0.042426746775175286,0.21280063568742755
1178,3,246,0.75,18,0.03944696138305386,0.22456689948503966
1178,3,252,0.7000000000000001,15,0.03786876377784028,0.218051894389264
1178,3,268,0.6000000000000001,12,0.035970106116925527,0.23799043546995394
1178,3,273,0.8,10,0.04813522334879635,0.23611164332965054
1178,3,278,0.55,13,0.03335042213268526,0.25503504078027456
1178,3,281,0.6000000000000001,22,0.04142777319220598,0.2219824805959595
1178,3,282,0.65,17,0.054085475590727974,0.22061532017976626
1178,3,287,0.6000000000000001,16,0.03617348065388843,0.22709395788984849
1178,3,288,0.75,18,0.032416341606339626,0.23146059957853402
1178,3,299,0.8500000000000001,23,0.05343660851910222,0.2139940582079663
1178,3,300,0.65,14,0.04055026118082737,0.22264815577506963
1178,3,304,0.75,9,0.035272281138133244,0.23671120256493727
1178,3,309,0.7000000000000001,19,0.043561031510923026,0.21300869435546635
1178,3,324,0.65,15,0.03153167354198865,0.23007866292411175
1178,3,331,0.65,15,0.05023704173587837,0.23337403803571954
1178,3,332,0.55,11,0.026526724487039913,0.2359832017371183
1178,3,344,0.75,15,0.035131541835763544,0.22824669476215068
1178,3,345,0.75,17,0.03381977969858345,0.22279499599327438
1178,3,357,0.65,17,0.042325508738146736,0.2395772555781186
1178,3,362,0.8,19,0.04384978641993937,0.22208589765733888
1178,3,382,0.8500000000000001,24,0.04103635523830727,0.22360212520798672
1178,3,385,0.7000000000000001,13,0.04140337614110645,0.24273337451621993
1178,3,399,0.5,14,0.04951673751983937,0.22132539056035613
1178,3,411,0.65,11,0.038745945300437054,0.2551958737644755
1178,3,418,0.65,15,0.04888483577803423,0.21952926635285674
1178,3,433,0.9,14,0.0313653649551591,0.223733156698986
1178,3,452,0.75,9,0.034053088815698684,0.22197686526433053
1178,3,456,0.55,10,0.030333560191551603,0.23481202451333827
1178,3,457,0.65,8,0.04364763851915972,0.22798343181640193
1178,3,464,0.8,19,0.04472418968187134,0.22870787676409318
1178,3,475,0.65,13,0.027388802247495347,0.21894070366215465
1178,3,480,0.75,16,0.046687224542840154,0.23911128996026726
1178,3,486,0.5,6,0.03575875972252242,0.2437494138617362
1178,3,487,0.75,7,0.041808978300036964,0.22723390808039387
1178,3,490,0.75,4,0.03358778498493531,0.2693912173080082
1178,3,499,0.6000000000000001,13,0.03786504224620223,0.2368043466355855
1178,3,500,0.8,15,0.0313317358552632,0.22497352724463662
1178,3,517,0.6000000000000001,21,0.05155290480843687,0.2163566238671677
1178,3,541,0.8,19,0.056610121668870354,0.2130354995320433
1179,4,0,0.75,22,0.03156175960772111,0.18261476847069086
1179,4,1,1.0,12,0.044717795196980145,0.19146518088626752
1179,4,2,0.7000000000000001,18,0.048532992439239704,0.18331291726104096
1179,4,3,0.55,2,0.02835455976450831,0.13869413416121062
1179,4,4,0.8500000000000001,12,0.037747776872612264,0.1923999843144736
1179,4,5,0.8,17,0.03625225457436661,0.19897518117174762
1179,4,6,0.8500000000000001,15,0.026529911534921628,0.1933488805185134
1179,4,7,0.9500000000000001,15,0.03215454643432114,0.17641627036879307
1179,4,8,0.75,18,0.0450372728106707,0.20351533660870835
1179,4,9,0.65,12,0.04589883032145242,0.20634590715733933
1179,4,10,0.6000000000000001,15,0.0442140550279961,0.20405485931457548
1179,4,11,0.75,11,0.041914593213209866,0.22071936174783194
1179,4,12,0.7000000000000001,16,0.039007143064681934,0.1776883407763299
1179,4,13,0.7000000000000001,17,0.0454114953029919,0.20160580540682999
1179,4,14,0.7000000000000001,2,0.03466266525602887,0.17091566342790437
1179,4,15,0.8500000000000001,17,0.035042967157218205,0.1891603447227704
1179,4,16,0.8,14,0.031624332729561874,0.17914082909270587
1179,4,17,0.6000000000000001,30,0.04094584372914505,0.19771099432746866
1179,4,18,0.7000000000000001,16,0.03882004722497976,0.1961927871724331
1179,4,19,0.7000000000000001,13,0.0323064568266251,0.18629577804853098
1179,4,20,0.9,15,0.03406426638229856,0.18749772181093344
1179,4,21,0.8500000000000001,4,0.06079465661106571,0.2023475708099044
1179,4,22,0.7000000000000001,14,0.04809984888108614,0.20831591121422668
1179,4,23,0.8,23,0.038810602085301266,0.18418286971967796
1179,4,24,0.6000000000000001,13,0.05063229200409427,0.19310649087336054
1179,4,25,0.75,15,0.048868726253338525,0.1985119323230217
1179,4,26,1.0,14,0.02238297483954241,0.1804781362249857
1179,4,27,1.0,2,0.01869813148282337,0.17196541121527575
1179,4,28,1.0,25,0.0408831131450562,0.19009924774172476
1179,4,29,1.0,19,0.03690579303324997,0.17553907964597731
1179,4,30,0.8500000000000001,14,0.03623794662270832,0.19409821991366827
1179,4,31,0.65,12,0.03288657583184785,0.19955017199807776
1179,4,32,0.9,20,0.03864842810937228,0.19823490220538093
1179,4,33,0.75,20,0.04733589911561146,0.2019281956890225
1179,4,34,0.8,22,0.03634750103039504,0.19085651919285143
1179,4,35,0.8,17,0.043201249185203135,0.1949026703323407
1179,4,36,0.6000000000000001,14,0.02897426081081914,0.19830625370449564
1179,4,37,0.9,19,0.03998747132161848,0.20169399651533676
1179,4,39,0.8500000000000001,27,0.03383740090728735,0.18702491862603038
1179,4,40,0.65,23,0.037683004643162155,0.19471481086343176
1179,4,42,0.75,3,0.03793749531072764,0.24933687331777385
1179,4,43,0.9500000000000001,8,0.03503337662852662,0.19251276185803326
1179,4,44,0.75,13,0.04431591567302281,0.1941038818544343
1179,4,45,0.6000000000000001,9,0.0433992646819644,0.21934508991066667
1179,4,46,1.0,12,0.023975168147574926,0.19519459558694177
1179,4,47,0.9,17,0.03925256609227595,0.2089684111497112
1179,4,48,0.65,7,0.025630493473856215,0.21232898055358768
1179,4,49,0.9500000000000001,17,0.05403841854958055,0.19843507489224854
1179,4,50,0.9,12,0.0550723945209863,0.1864470996102697
1179,4,51,0.65,17,0.033265425369172326,0.19001342261733978
1179,4,52,0.75,22,0.04131613797286222,0.20049487857237033
1179,4,53,1.0,15,0.03585973576066681,0.19398006228063658
1179,4,54,0.8500000000000001,15,0.04220595308809959,0.20796155917971054
1179,4,55,0.65,15,0.034871115296607635,0.19640284891961804
1179,4,56,0.75,17,0.04556105186579491,0.1878134430722146
1179,4,57,0.8,21,0.04539943261529584,0.1854284606638978
1179,4,59,0.8,4,0.05925350584851844,0.19991410937805038
1179,4,60,0.7000000000000001,19,0.034422217482495084,0.18322593212714156
1179,4,61,0.8,20,0.03884047637928426,0.19514612600219
1179,4,62,0.8,16,0.045010665450500066,0.19549450768280008
1179,4,63,0.8,22,0.03909898545797134,0.18490743833210413
1179,4,64,0.9500000000000001,15,0.03321275136126157,0.18123570926289945
1179,4,65,0.6000000000000001,13,0.04829025230841966,0.21131934772455724
1179,4,66,0.9500000000000001,9,0.04567052521930716,0.20560199662517198
1179,4,67,0.65,9,0.03425952268436477,0.22919711494104134
1179,4,68,0.65,21,0.041107194309330686,0.19780174151786525
1179,4,69,0.5,12,0.031785576737785814,0.20157969869230874
1179,4,70,0.75,11,0.039358314019313195,0.21777353698602847
1179,4,72,0.6000000000000001,8,0.028686570801105638,0.21921264782555866
1179,4,73,0.8500000000000001,19,0.03758200319253805,0.20210993941063385
1179,4,74,1.0,19,0.029077994858120185,0.19243190533845428
1179,4,75,0.9,17,0.04348443929209091,0.20560337165706585
1179,4,76,0.7000000000000001,19,0.04207620257216701,0.18931856562651303
1179,4,77,0.75,17,0.035353643670375426,0.1928684772834217
1179,4,78,0.6000000000000001,7,0.04384316763351091,0.24167756573215632
1179,4,79,0.65,11,0.049242637638143884,0.22780694821885017
1179,4,80,0.8,15,0.03643183999490072,0.19127241604706272
1179,4,81,0.9500000000000001,25,0.04419424199971493,0.18076701845614188
1179,4,82,0.75,16,0.03195738719792784,0.2069977995709973
1179,4,83,0.9,3,0.03859069105815545,0.1773153263207583
1179,4,84,0.8,18,0.036550694696919954,0.19683638513948512
1179,4,86,0.8,10,0.03591665265596037,0.20161499158481339
1179,4,87,0.8,15,0.05183331481157994,0.19126737631184867
1179,4,88,0.9500000000000001,14,0.04434014351906495,0.17843441699423115
1179,4,89,0.65,15,0.03629254578373547,0.20202749863726663
1179,4,90,0.75,15,0.05566780085892974,0.18594408676642235
1179,4,92,1.0,20,0.03630319743589205,0.1945063465626422
1179,4,93,0.6000000000000001,6,0.05339038449119113,0.21134040939071488
1179,4,94,0.9,19,0.04492628815665465,0.19706717917811387
1179,4,95,0.75,8,0.05043193907395602,0.2269865811279575
1179,4,98,0.7000000000000001,13,0.04886521705081194,0.20942201325237905
1179,4,100,0.75,19,0.04443628119902774,0.1808270132969193
1179,4,103,0.9,18,0.042038070849160204,0.2070563846186264
1179,4,104,0.9,12,0.0536736065496917,0.17393820469842688
1179,4,107,0.5,15,0.042886412142952274,0.1990297775169778
1179,4,108,0.7000000000000001,15,0.043594786739792266,0.22379521593978685
1179,4,110,0.9500000000000001,18,0.03514187049040665,0.18288098477929104
1179,4,114,0.75,10,0.04539342640452265,0.20662039348907038
1179,4,115,0.7000000000000001,22,0.039128279257767545,0.19741969119960634
1179,4,116,0.9500000000000001,25,0.04320312477305929,0.19499875118327636
1179,4,117,0.8,28,0.03809910103869961,0.18892241503405885
1179,4,118,0.75,14,0.034919062617844956,0.18395954335947345
1179,4,119,0.7000000000000001,11,0.03555022499012756,0.19029983779221082
1179,4,120,0.75,20,0.04910680585295818,0.20128905759049406
1179,4,123,0.8,15,0.03804417611164721,0.19915885542836034
1179,4,126,0.75,11,0.04190756571606656,0.1722878505925334
1179,4,127,0.75,13,0.03483015090586169,0.20681911316306992
1179,4,128,0.75,10,0.03238956229645972,0.19817032638322324
1179,4,129,0.8,14,0.04334592110789228,0.2177446916464854
1179,4,130,0.55,18,0.03934057958693017,0.19955482849097084
1179,4,131,0.8,21,0.03956400793331616,0.19590378779447143
1179,4,139,0.9500000000000001,14,0.04738507900882191,0.1975940384639252
1179,4,140,0.75,10,0.06120733261986227,0.18401680241034615
1179,4,145,0.75,11,0.028001207977550104,0.18946462673963846
1179,4,146,0.75,17,0.044866320423491826,0.20368448442438294
1179,4,148,0.6000000000000001,17,0.04271546450153593,0.20238789343563698
1179,4,149,0.65,21,0.03716817684395592,0.20376501233780778
1179,4,151,0.75,17,0.031481070260822024,0.18619955815724964
1179,4,152,0.9,13,0.043687447253005496,0.19186221296105216
1179,4,154,0.7000000000000001,14,0.033676973137934274,0.20335933462034733
1179,4,156,0.65,14,0.03156939044231386,0.20904622602512288
1179,4,166,0.65,12,0.03190767520185191,0.21480283598880243
1179,4,168,1.0,17,0.03440962531309432,0.18935637489650695
1179,4,170,0.9,16,0.02589637554720222,0.18363637387141513
1179,4,171,0.6000000000000001,12,0.046459251741981476,0.1975869836136336
1179,4,172,0.8500000000000001,18,0.03890172612451519,0.18620692909136116
1179,4,178,0.6000000000000001,19,0.03788939797180626,0.18553786138068526
1179,4,181,0.7000000000000001,9,0.045986974282614244,0.21685062986683323
1179,4,183,0.6000000000000001,15,0.040072878943716236,0.20529170548928743
1179,4,186,0.8500000000000001,20,0.04032062865795094,0.190134508973632
1179,4,190,0.6000000000000001,9,0.040496439088191914,0.2197639365097332
1179,4,193,1.0,15,0.04028974293219634,0.19298311202539206
1179,4,198,1.0,10,0.03518786917247111,0.2090009525648145
1179,4,200,1.0,18,0.04802524940977517,0.19336500085476882
1179,4,202,0.6000000000000001,9,0.04515889270428053,0.21249220707212005
1179,4,208,0.7000000000000001,13,0.0450941709407382,0.2033432679174439
1179,4,213,0.8,11,0.052400656709964556,0.2087858591711982
1179,4,217,0.75,13,0.04819896422887425,0.2070086585367506
1179,4,219,0.6000000000000001,17,0.04217245187257741,0.207947953885553
1179,4,235,0.65,8,0.0479275709835515,0.21057324913828615
1179,4,245,0.6000000000000001,8,0.036243356023345136,0.1964733477221997
1179,4,263,0.75,9,0.04967982673951851,0.1951555437416719
1179,4,279,1.0,14,0.04062877607268565,0.19376334851061136
1179,4,298,0.7000000000000001,13,0.05084270151955776,0.1927127133091068
1179,4,303,0.75,15,0.04424333275626038,0.19279922594228646
1179,4,305,0.8,16,0.04350644372775418,0.20261120234838484
1179,4,321,0.75,10,0.05481669314741103,0.21968999192990868
1179,4,341,0.6000000000000001,13,0.04328401055627577,0.21161953695961344
1179,4,345,0.65,12,0.039722198978795184,0.18717829600584243
1179,4,346,0.6000000000000001,11,0.03496819511799965,0.2077717246755015
1179,4,349,0.75,7,0.04372775758918358,0.23382758443743806
1179,4,361,0.75,17,0.044376108614065705,0.18994428207779587
1179,4,390,1.0,9,0.03758528721808389,0.1979905452081963
1179,4,404,0.7000000000000001,21,0.040564668278606,0.19118858297640254
1179,4,414,0.7000000000000001,17,0.044110591783932285,0.1971066214704369
1179,4,443,0.6000000000000001,16,0.04537776752579763,0.20463663028174356
1179,4,448,0.65,10,0.03393810549501928,0.22764479256707615
1179,4,450,0.65,16,0.03783346887411687,0.21288575816916033
1179,4,459,0.75,12,0.044310339862656346,0.2248589909787824
1179,4,462,0.6000000000000001,20,0.03895545138757711,0.2021056934331285
1179,4,466,0.6000000000000001,9,0.023597410473588813,0.18957844173374572
1179,4,501,0.75,13,0.04261413978837911,0.19040218802473616
1179,4,526,0.6000000000000001,9,0.04279295143990472,0.22819769901259004
1180,0,0,0.65,7,0.04912685273375259,0.20922311042053962
1180,0,1,0.6000000000000001,6,0.030912057164208893,0.17876802438370828
1180,0,2,0.8500000000000001,3,0.04209925862218909,0.17171730539996052
1180,0,3,0.9500000000000001,9,0.05638679570099144,0.1793590296122984
1180,0,4,0.9,7,0.01843644022366353,0.14116131377425836
1180,0,5,0.7000000000000001,16,0.04695736886873156,0.19756189446826505
1180,0,6,1.0,15,0.03941251130674094,0.17315885501632158
1180,0,7,0.7000000000000001,5,0.024054173772023763,0.13543451406605825
1180,0,8,0.75,8,0.03836926979069769,0.1776763538440409
1180,0,9,0.8500000000000001,9,0.023221871731786716,0.14210189224053188
1180,0,10,1.0,2,0.008042335180214221,0.12950844013937884
1180,0,11,1.0,10,0.04470232004038315,0.16578599030293592
1180,0,12,0.65,10,0.040839012300608,0.19249275334692015
1180,0,13,1.0,14,0.05217155572402097,0.1879240562067612
1180,0,14,0.65,11,0.047703642763182605,0.19056330503531693
1180,0,15,0.9500000000000001,8,0.04288834903271965,0.1784304186203749
1180,0,16,0.45,7,0.04093556451520515,0.17796208356608897
1180,0,17,0.75,9,0.037703806004408556,0.17824890513811073
1180,0,18,0.6000000000000001,10,0.04185353234519378,0.17719475984641003
1180,0,19,1.0,9,0.0462364620711953,0.2182174805885609
1180,0,20,0.55,7,0.02994718006062147,0.20554630199425689
1180,0,21,0.7000000000000001,7,0.05895957230230807,0.20155971824301622
1180,0,22,0.75,10,0.03720212605738404,0.1867502378052785
1180,0,23,0.7000000000000001,10,0.02898103872859917,0.1624665392177095
1180,0,24,0.65,15,0.03600613600859829,0.19792118726457145
1180,0,25,0.8,17,0.037490989443625604,0.15853350084120968
1180,0,26,0.75,6,0.06368589410689914,0.19533276175462796
1180,0,27,0.6000000000000001,15,0.04541509272297885,0.17347911986742742
1180,0,28,1.0,7,0.0277325032020773,0.20084569423280488
1180,0,29,0.9500000000000001,10,0.03755970402098563,0.16057795398923863
1180,0,30,0.9,11,0.043436408081856524,0.18175513970528867
1180,0,31,1.0,9,0.03198603186966089,0.19252196805795505
1180,0,32,0.75,6,0.04628987466791768,0.1960856087209409
1180,0,33,0.55,8,0.03595844799767472,0.1667173356944764
1180,0,34,0.7000000000000001,5,0.028473908348388793,0.1424089115650237
1180,0,35,0.8500000000000001,7,0.031660892832494285,0.14505323583021887
1180,0,36,0.65,10,0.03911751627978885,0.17937522172074946
1180,0,37,0.8,2,0.0074539012816938355,0.13198809967100106
1180,0,38,0.75,10,0.04423767271969209,0.20529134330080012
1180,0,39,0.7000000000000001,12,0.037978171895276094,0.16795488157990654
1180,0,40,0.55,15,0.029274586535935575,0.17077003618857833
1180,0,41,0.65,5,0.05707509197090345,0.20433904926160112
1180,0,42,0.4,9,0.0574112574556052,0.18115586757409022
1180,0,44,0.6000000000000001,6,0.051015149185892825,0.20203602731183487
1180,0,45,0.6000000000000001,8,0.03868313575999768,0.20032214569809148
1180,0,46,1.0,12,0.04400532452134321,0.1719458402138111
1180,0,47,0.65,9,0.05299090819186301,0.19903267745548459
1180,0,48,0.65,14,0.04710266056907803,0.18434885425926925
1180,0,49,0.65,8,0.043991607271375334,0.1875780073867136
1180,0,50,0.5,6,0.05435623032022226,0.20156746516451748
1180,0,51,0.7000000000000001,5,0.028205190717940174,0.14638982296437292
1180,0,53,0.65,9,0.06108507511567181,0.19627107133437963
1180,0,54,0.65,7,0.048876275727744514,0.19919202077344167
1180,0,55,0.65,14,0.025107194879011665,0.19927213951034775
1180,0,56,0.8500000000000001,9,0.050741146266293634,0.1925183022610025
1180,0,57,0.9,10,0.05388256698824005,0.18925732463616632
1180,0,58,0.65,11,0.037144692079269154,0.1885210757718456
1180,0,59,0.9,6,0.02751830793615423,0.1352797104955477
1180,0,60,0.8,12,0.04421336668481082,0.18604220739645963
1180,0,61,0.45,14,0.041255660987824155,0.19337523608430499
1180,0,62,0.9,12,0.027908412452052285,0.17619292390370292
1180,0,63,0.9,10,0.048363669481570754,0.1904096724861452
1180,0,66,0.55,15,0.04798899129626653,0.20681622556515072
1180,0,67,0.8500000000000001,9,0.04357978055943298,0.17195575308894406
1180,0,68,0.9500000000000001,4,0.04097648076114462,0.14635956695818444
1180,0,69,0.7000000000000001,10,0.06758683596333191,0.20661106411187408
1180,0,70,0.8500000000000001,11,0.05156934867802255,0.19371923827531878
1180,0,71,0.7000000000000001,8,0.051505807888043,0.21295805904666015
1180,0,73,0.75,6,0.029210485079626217,0.16048345165941522
1180,0,74,0.5,9,0.04662455261805841,0.19287247611905964
1180,0,75,0.75,8,0.042135750844068356,0.18739281615092027
1180,0,77,0.75,7,0.03732087175277306,0.20387704936025464
1180,0,80,0.8500000000000001,7,0.05053068725866241,0.1785281912946892
1180,0,81,0.75,6,0.02450432508953584,0.163525914166725
1180,0,82,0.65,19,0.04457489510924097,0.1859987808124974
1180,0,84,0.9,8,0.04360905278361511,0.16876453678405182
1180,0,85,0.65,10,0.04536622621863123,0.21857364995984527
1180,0,86,0.5,9,0.04421900673669292,0.2076906548541317
1180,0,87,0.65,8,0.03143003893952342,0.20052321244576854
1180,0,88,0.9500000000000001,5,0.036791863527003366,0.14060234635871716
1180,0,89,0.6000000000000001,9,0.0289032433003725,0.1966300494454826
1180,0,91,1.0,8,0.013226954750776817,0.13796552922941302
1180,0,92,1.0,15,0.04086710723338207,0.2022458018383149
1180,0,96,0.75,14,0.05160269872209264,0.19892974392236434
1180,0,97,0.65,9,0.05629094125340655,0.19498978012833132
1180,0,99,0.6000000000000001,10,0.05121432017532628,0.2014856874729821
1180,0,100,0.7000000000000001,10,0.05290661315531761,0.1887251459920108
1180,0,103,0.6000000000000001,14,0.04795945922301447,0.19042241374477767
1180,0,104,0.6000000000000001,10,0.03448089214556922,0.1602513068622506
1180,0,105,0.55,7,0.04118028706627424,0.22274437276265088
1180,0,107,0.65,9,0.051368518557181664,0.17494288131652683
1180,0,109,0.75,6,0.02610860435509256,0.21424559657888995
1180,0,113,0.55,10,0.026668568089253372,0.17303913454828052
1180,0,114,1.0,12,0.04258157117405769,0.20025088880926165
1180,0,115,0.6000000000000001,10,0.044443186460177565,0.17261684982743833
1180,0,117,0.6000000000000001,8,0.03128355325159339,0.19044593245456815
1180,0,118,0.6000000000000001,9,0.03362636261718125,0.16690003425623628
1180,0,119,0.65,8,0.031128483682871126,0.21084500754971414
1180,0,120,0.65,15,0.042427599181179755,0.1728727885379247
1180,0,121,0.75,6,0.022637178633235562,0.1493630875087346
1180,0,123,0.5,14,0.040627692328082485,0.18390290289116368
1180,0,124,0.55,9,0.036191292170048635,0.1637901721286535
1180,0,125,0.6000000000000001,13,0.0570660281794665,0.1990766976829409
1180,0,127,0.75,6,0.038295995252048326,0.18201308130129726
1180,0,128,0.9,13,0.04401825328799048,0.20185887680232079
1180,0,130,0.55,15,0.044202651963034884,0.19805323437189626
1180,0,131,0.9,8,0.051413980353319344,0.20139888023802882
1180,0,132,0.8500000000000001,10,0.030434995317981498,0.18354192295747992
1180,0,136,0.65,11,0.041549024119209736,0.15623145672401909
1180,0,137,0.65,9,0.0506548224794138,0.1653985513958168
1180,0,138,0.6000000000000001,8,0.04410574287383562,0.1969142733354861
1180,0,141,0.7000000000000001,10,0.03432490312777457,0.17777376163998482
1180,0,150,0.7000000000000001,12,0.046986367872730375,0.20321896636471645
1180,0,153,0.7000000000000001,12,0.051584797822069775,0.1894110110846314
1180,0,157,0.8500000000000001,11,0.060459365476434705,0.20563701397901007
1180,0,158,0.6000000000000001,9,0.030261756572828286,0.1417385182280091
1180,0,163,0.55,11,0.040257534017121614,0.1759455481028726
1180,0,167,0.75,9,0.041390427302032844,0.17919553003037383
1180,0,171,0.75,15,0.03237833394430777,0.16023883482571585
1180,0,172,0.45,11,0.038625821102679224,0.18980250156531386
1180,0,174,0.65,6,0.06318644225772398,0.17754287628962603
1180,0,175,0.75,10,0.05784466928591051,0.1970808770154852
1180,0,179,0.55,14,0.03521589688820362,0.19410512146993972
1180,0,182,0.6000000000000001,9,0.04751338554741356,0.19467144459758354
1180,0,185,0.8,13,0.044357356991608296,0.20224280747071
1180,0,191,0.7000000000000001,6,0.03173812647712943,0.17414046816879528
1180,0,192,0.6000000000000001,7,0.055609816254481435,0.19424545185396463
1180,0,196,0.65,14,0.05032422503070857,0.19226902794048625
1180,0,197,0.75,17,0.03803595647742653,0.16827909596035578
1180,0,203,0.65,12,0.03740998166642933,0.19262413203917228
1180,0,204,0.65,7,0.02931515000756839,0.15406550131838886
1180,0,212,0.65,7,0.055779159343456626,0.17665792355670998
1180,0,213,0.7000000000000001,12,0.030377024862274855,0.18522415941135692
1180,0,214,0.6000000000000001,9,0.046456883869682615,0.1720982079386678
1180,0,218,0.7000000000000001,8,0.04522507178401802,0.20187891619354242
1180,0,219,0.55,7,0.04148120922531083,0.18642043125512017
1180,0,223,0.8,12,0.04341493755261317,0.19351507823858657
1180,0,226,0.7000000000000001,6,0.054926905246174856,0.17703027044672168
1180,0,228,0.75,8,0.049925309098166074,0.19067165502160108
1180,0,232,0.7000000000000001,10,0.036878938541906034,0.184248751855269
1180,0,238,0.55,7,0.036951070034730506,0.18786779094687642
1180,0,239,0.7000000000000001,7,0.05536834234050771,0.19993725570147222
1180,0,245,1.0,10,0.04586456498597702,0.18584627122375702
1180,0,248,0.55,9,0.0485462064098902,0.19379032927528012
1180,0,249,0.65,17,0.035219028943803424,0.16706418878128584
1180,0,250,0.55,11,0.0387952162596687,0.21294689862681745
1180,0,255,0.6000000000000001,7,0.06075038358058907,0.1899046746308339
1180,0,258,0.6000000000000001,7,0.042739361190379084,0.22118327440099228
1180,0,264,0.75,8,0.06608945079599234,0.19049471386401676
1180,0,266,0.75,6,0.055576133417856374,0.21098956113373168
1180,0,271,0.6000000000000001,11,0.05643768666352233,0.20150340752295798
1180,0,275,0.55,11,0.05195163991786736,0.19707942714960378
1180,0,279,0.5,5,0.02527391587955033,0.15998974279907308
1180,0,282,0.6000000000000001,7,0.04130245560642813,0.2106700911291675
1180,0,292,0.8,16,0.032403928763907935,0.17745895989753696
1180,0,293,0.55,11,0.042853303136429266,0.16799971173865375
1180,0,302,0.55,11,0.043114525116789766,0.1831932526276991
1180,0,310,0.6000000000000001,18,0.04275343080474867,0.19435555667993826
1180,0,313,0.8,10,0.04056282792551536,0.18324873094275348
1180,0,317,0.7000000000000001,9,0.05800085550527039,0.19857839865968666
1180,0,320,1.0,11,0.04608291707152239,0.19674642005166706
1180,0,324,0.45,9,0.057223691033882015,0.1917675822849549
1180,0,340,0.75,14,0.047839952350836656,0.2039883096749134
1180,0,342,0.65,7,0.027960050752988855,0.2265565609932332
1180,0,343,0.8500000000000001,8,0.02985449862583857,0.19169319022942183
1180,0,347,0.55,12,0.03644126430324993,0.21847298338402762
1180,0,348,0.65,10,0.03809916716120394,0.19838650681796016
1180,0,352,0.65,10,0.044864124671542535,0.17964753854423107
1180,0,360,0.9500000000000001,8,0.05470724822492416,0.18765540855906504
1180,0,363,0.55,11,0.04747862194480661,0.19166030645731783
1180,0,364,0.7000000000000001,19,0.04774133767202839,0.19767979899956822
1180,0,367,0.75,8,0.042767040599811304,0.18670741156579568
1180,0,370,0.55,9,0.03992472936959563,0.1803445052438668
1180,0,386,0.6000000000000001,12,0.06188910942913855,0.19509734128755354
1180,0,388,0.8,6,0.03973860664182667,0.18877127130222282
1180,0,390,0.7000000000000001,14,0.05375335724163251,0.16900685085411107
1180,0,393,0.5,12,0.04655249562858342,0.20329450146456482
1180,0,394,0.45,10,0.031269537003286434,0.21725487829189594
1180,0,400,0.5,10,0.0422695268625072,0.18637898517749862
1180,0,404,0.55,11,0.05347756681266048,0.19982596289025245
1180,0,409,0.75,8,0.04926757791887095,0.19575973767577512
1180,0,416,0.55,5,0.049306746023650566,0.18943824066121231
1180,0,418,1.0,7,0.03307654843860216,0.20735887788385085
1180,0,419,0.45,12,0.039074782547705834,0.1986796665325666
1180,0,424,0.65,6,0.04421455841640839,0.1728513542044019
1180,0,434,0.55,12,0.049434566129525785,0.18225805271806228
1180,0,440,0.65,7,0.04825534338245117,0.18131685424550872
1180,0,444,0.6000000000000001,10,0.030046972785435444,0.17125834041659177
1180,0,445,0.65,16,0.04328525665229577,0.18831872631801633
1180,0,451,0.6000000000000001,10,0.041763995358846846,0.19841333219456136
1180,0,453,0.65,11,0.05774812787786395,0.20005598669935348
1180,0,457,0.5,13,0.032924639661095434,0.19744985604284065
1180,0,459,0.5,6,0.03950109532168942,0.18140266411311715
1180,0,460,0.6000000000000001,9,0.03479673692619394,0.18298980567652168
1180,0,469,0.7000000000000001,8,0.04622025098409264,0.20374797333256772
1180,0,474,0.6000000000000001,8,0.0249969737625366,0.16786235591871557
1180,0,475,0.7000000000000001,9,0.057613650563378256,0.20209907036667346
1180,0,477,0.5,11,0.049674199484996816,0.20276522959936713
1180,0,482,0.65,5,0.07522836190260107,0.18771019282279933
1180,0,485,0.6000000000000001,11,0.04587208812259053,0.2000769222002211
1180,0,490,0.75,9,0.052977997521847446,0.1986809053771695
1180,0,493,0.8500000000000001,6,0.02913385298535047,0.20156856443037893
1180,0,502,0.6000000000000001,9,0.04820528720693333,0.21889024046199582
1180,0,505,0.65,11,0.04248173299352184,0.18618749117212385
1180,0,510,0.65,13,0.04223304394416926,0.19608635928186974
1180,0,511,0.55,7,0.04346929279072215,0.19899145123547182
1180,0,514,0.7000000000000001,6,0.03631486961091524,0.19188511740732164
1180,0,521,0.45,9,0.045490636883692745,0.1960207575302645
1180,0,524,0.65,9,0.059532987246424696,0.19516661338074487
1180,0,526,0.55,14,0.05034973738771749,0.18668168614774877
1180,0,529,0.65,8,0.049288567139992495,0.17598746263559653
1180,0,530,0.9,10,0.059148948856951156,0.1984357068697747
1180,0,539,0.7000000000000001,16,0.045554310625387236,0.18727808160773174
1180,0,541,0.65,10,0.04905912140185399,0.18985221326449297
1180,0,544,0.5,9,0.05010997846663529,0.18933912239736
1180,0,545,0.5,8,0.052791808375139894,0.18628617809525005
1180,0,547,0.7000000000000001,10,0.027819175574679205,0.1695662473227351
1180,0,549,0.6000000000000001,14,0.047680081379236815,0.19283896913618745
1180,0,558,0.8500000000000001,8,0.06412291779027457,0.20336387471338624
1180,0,563,0.8,11,0.05392746899106462,0.18755761927954764
1180,0,566,0.55,11,0.0447117941736116,0.20938669268282686
1180,0,569,0.7000000000000001,11,0.03740447947948565,0.18578945528737242
1180,0,572,0.65,5,0.059817267629152786,0.1842059784224769
1180,0,573,0.5,10,0.05127430295609772,0.20003674137857344
1180,0,574,0.8500000000000001,8,0.044701625939935784,0.18379837834794105
1180,0,578,0.7000000000000001,11,0.05111965145137183,0.20548475233844138
1180,0,585,0.6000000000000001,8,0.044373919770581256,0.1936587994298266
1180,0,604,0.75,9,0.05464427211374864,0.18369722318330417
1180,0,605,0.65,13,0.04827172715682561,0.18918162589192808
1180,0,606,1.0,11,0.0656901624087467,0.20806194077929677
1180,0,607,0.55,11,0.047831682316671884,0.1769126869283709
1180,0,609,0.7000000000000001,11,0.06664897266186497,0.1956374628071529
1180,0,610,0.65,9,0.051416635997877866,0.1765042243773925
1180,0,612,0.8,15,0.039779716931403676,0.1856285197064912
1180,0,613,0.55,12,0.03484660868275587,0.17404744200325264
1180,0,614,0.65,14,0.037353663295630064,0.17581130565181952
1180,0,619,0.7000000000000001,12,0.062392197471803225,0.19642175547643245
1180,0,620,0.8,12,0.03448378060278557,0.19428746966740176
1180,0,626,0.9,7,0.05419081433608009,0.20205073630982337
1180,0,632,0.7000000000000001,10,0.048566912242240884,0.20722289171042235
1180,0,637,0.65,10,0.041411665856446025,0.19142067432600385
1180,0,639,0.7000000000000001,10,0.03536127046092912,0.16993477888252562
1180,0,641,0.75,12,0.055579147384610214,0.20021963691034517
1180,0,642,0.7000000000000001,11,0.05186966474916929,0.19394221437447118
1180,0,656,0.55,8,0.03741522523066129,0.2296791583680932
1180,0,663,0.45,12,0.049652075632399054,0.20396913129702612
1180,0,665,0.6000000000000001,16,0.037183093466688105,0.20888821707165817
1180,0,668,0.6000000000000001,10,0.04304564672069397,0.20241237351500505
1180,0,673,0.75,16,0.05616492015429417,0.20197922817612834
1180,0,676,0.65,8,0.029045093368622623,0.2030543537505854
1180,0,678,0.65,15,0.03864516235007644,0.19442706523671466
1180,0,679,0.8500000000000001,12,0.04595847226671895,0.1779106443343302
1180,0,683,0.65,11,0.0471744653623978,0.20431894979557141
1181,1,0,0.8,13,0.04791852285945803,0.16769305638947346
1181,1,1,0.8,17,0.03332738405167044,0.1985397942888177
1181,1,2,0.65,8,0.04784989790584876,0.20146935923721593
1181,1,3,0.8,9,0.03238000763336212,0.18969020990778673
1181,1,4,0.8,10,0.049313005893563175,0.17646007117351042
1181,1,5,0.55,14,0.05411006789615936,0.1941747277855162
1181,1,6,0.5,6,0.06040764374296256,0.17221547799519832
1181,1,8,0.65,15,0.05187228989063847,0.20653083083949503
1181,1,9,0.8,9,0.024221980888006853,0.1659709777637454
1181,1,10,0.8500000000000001,9,0.040444708423737014,0.18836116618883145
1181,1,11,0.55,8,0.030003998581154878,0.17083637936873325
1181,1,12,0.65,12,0.04818905849601784,0.19988857635355928
1181,1,13,0.65,10,0.04068400074131531,0.16204482272794313
1181,1,14,0.55,10,0.050011504973523156,0.1650202733723921
1181,1,15,0.8,7,0.04555805992028135,0.17025836702362676
1181,1,16,0.6000000000000001,11,0.05200869986520023,0.1805721255076513
1181,1,17,0.8500000000000001,15,0.03729138731640418,0.18114046433629388
1181,1,18,0.7000000000000001,10,0.05520324536675521,0.22065508572978235
1181,1,19,0.45,8,0.031047926579221743,0.20625211651392067
1181,1,20,0.5,12,0.05503076708751255,0.19502301578207806
1181,1,21,0.55,7,0.047547861862902926,0.22060450561236175
1181,1,22,0.65,9,0.06424678141508623,0.18000090767432303
1181,1,23,0.6000000000000001,9,0.02314622045220931,0.17474199849722133
1181,1,24,0.75,9,0.04986220256216445,0.17482024562599383
1181,1,25,1.0,2,0.0010621637126788537,0.12199274452102776
1181,1,26,1.0,8,0.04496614085168474,0.19428038755494592
1181,1,27,0.9,16,0.04174630078635543,0.20293459099158467
1181,1,28,0.6000000000000001,10,0.05639474768890932,0.21091674660387624
1181,1,29,1.0,11,0.03879436804595066,0.1945493267229194
1181,1,30,0.6000000000000001,12,0.037979804298953264,0.18000788356870803
1181,1,31,0.6000000000000001,13,0.046111319011958786,0.17382327079710305
1181,1,32,1.0,14,0.04664887231761643,0.17880043438728113
1181,1,33,0.8,13,0.035300641246872794,0.17685177624582174
1181,1,34,0.8,11,0.038928569708274685,0.1978995475929606
1181,1,35,0.8,11,0.04105769965409175,0.16051697268130846
1181,1,36,1.0,2,0.0015918212918726875,0.14598082771955584
1181,1,37,0.8,9,0.04445305879271966,0.15729901788609177
1181,1,38,0.55,10,0.03841856308873248,0.1927703540263724
1181,1,39,0.75,3,0.03121031965554922,0.13276558025753793
1181,1,40,0.75,9,0.039078799951125,0.1844209300515874
1181,1,41,0.9,12,0.04253346713863429,0.19332696980659334
1181,1,42,0.8,12,0.042925273356801665,0.19173412822335237
1181,1,44,0.8500000000000001,14,0.0436524815299909,0.20896193154148895
1181,1,45,0.65,8,0.03317288844943093,0.14555767651022075
1181,1,46,0.65,8,0.035401789837487777,0.1749087572993555
1181,1,47,0.7000000000000001,7,0.02142028509755631,0.15155066652550375
1181,1,48,0.9,4,0.03200562159663081,0.14049595593050182
1181,1,49,0.9500000000000001,7,0.04353515810631631,0.1556477770229518
1181,1,50,0.7000000000000001,13,0.041045470418848935,0.20780548891513034
1181,1,51,0.55,12,0.04693204017891199,0.1868212531033838
1181,1,52,0.8,2,0.006460414549758937,0.15498941658959725
1181,1,53,0.7000000000000001,13,0.052379036677509955,0.17719424390737215
1181,1,55,0.7000000000000001,12,0.033058771034406305,0.1590174847992152
1181,1,56,0.8,10,0.043758503440068174,0.1767515977625135
1181,1,57,0.8,6,0.018769921333327326,0.1899014601714438
1181,1,62,0.6000000000000001,6,0.04531462007872068,0.1515761281517128
1181,1,64,0.75,15,0.04083456044713411,0.2029103481400039
1181,1,65,0.6000000000000001,9,0.03133933373127351,0.17162710600733955
1181,1,66,0.55,7,0.03028352500127472,0.19235257938359693
1181,1,67,0.7000000000000001,10,0.03908702950935301,0.16429981891478546
1181,1,68,0.7000000000000001,15,0.04143500089553769,0.17168589742629872
1181,1,70,0.7000000000000001,6,0.02925180766084774,0.15737480926758027
1181,1,72,0.55,12,0.03921357929677686,0.18297973602874992
1181,1,73,0.8500000000000001,9,0.03316884743054796,0.17429213689098697
1181,1,75,0.65,9,0.0240688782011419,0.22378611256807096
1181,1,78,0.9500000000000001,13,0.051817266949489446,0.1770489475287267
1181,1,80,0.75,10,0.036003369966963156,0.18169522508676467
1181,1,82,0.7000000000000001,8,0.030305262407260246,0.14708471064999035
1181,1,83,0.55,10,0.030398464589840375,0.1953373440280722
1181,1,84,0.6000000000000001,11,0.043749505339402625,0.21539905585731536
1181,1,87,0.55,11,0.047186840718745654,0.20941279431870877
1181,1,92,0.45,8,0.046049336120771375,0.22185053794599818
1181,1,93,0.55,8,0.04632510072817628,0.17824084995187747
1181,1,95,0.8,10,0.05060507666065029,0.18700024471160365
1181,1,96,0.8500000000000001,14,0.049162187080287724,0.2097270718400718
1181,1,97,0.75,8,0.03910874586213607,0.19713982184586576
1181,1,98,0.9,11,0.04181459017055881,0.18914731447661606
1181,1,100,0.65,11,0.05213466607501869,0.20544822880113847
1181,1,102,0.55,16,0.03953912355058894,0.19892512836964332
1181,1,104,0.6000000000000001,11,0.04472687041275438,0.18601484413545963
1181,1,112,0.8500000000000001,10,0.04555052530741014,0.2105401487152215
1181,1,113,0.7000000000000001,9,0.02828029312991517,0.24579473792819226
1181,1,116,0.7000000000000001,15,0.036685910482685415,0.20197527475327734
1181,1,120,0.7000000000000001,8,0.033415566633426305,0.16887400360825655
1181,1,121,0.8500000000000001,9,0.03243244462566565,0.20562373847684565
1181,1,122,0.75,12,0.05055212015873364,0.172502348117342
1181,1,123,0.75,15,0.04363964162270633,0.19917183991576184
1181,1,124,0.75,15,0.05603561545254509,0.18167698010559555
1181,1,125,0.6000000000000001,12,0.028604380202571,0.2121874416344184
1181,1,126,0.7000000000000001,6,0.026527249996315366,0.20830816117541107
1181,1,128,0.7000000000000001,9,0.039622826976683186,0.20153226489101816
1181,1,130,0.65,8,0.05778545522340558,0.19718247755472768
1181,1,134,0.8500000000000001,10,0.05570211076971447,0.20495324423671152
1181,1,135,1.0,9,0.04375802144032023,0.18138652895646612
1181,1,136,0.65,11,0.05324522286864246,0.20212540720397085
1181,1,137,0.65,11,0.02725915866431256,0.15218557553328826
1181,1,142,0.5,14,0.044218624545908476,0.17898382657250575
1181,1,144,0.65,12,0.05098338069860737,0.1885272524756534
1181,1,145,0.75,14,0.03757485769557078,0.1784729097455046
1181,1,147,0.6000000000000001,8,0.031090747464920517,0.20127358106797583
1181,1,153,0.65,13,0.042881273451056134,0.20149209176612867
1181,1,160,0.55,9,0.037491740274512866,0.18845574029096068
1181,1,161,0.55,9,0.03598625346559648,0.15748025826074086
1181,1,164,0.75,10,0.053041417860189795,0.19451687455861447
1181,1,170,0.55,7,0.03374239508034052,0.1717533137438898
1181,1,172,0.65,13,0.0543245197387743,0.1849618241456142
1181,1,180,0.7000000000000001,13,0.04857650844760719,0.1837171035444005
1181,1,182,0.55,12,0.041009890756213495,0.19239165021802665
1181,1,183,0.7000000000000001,15,0.04679805093995782,0.20036957406027173
1181,1,187,0.65,7,0.04823010394688211,0.20733524035955056
1181,1,189,0.55,9,0.047728816751038676,0.1920907341615287
1181,1,197,0.7000000000000001,6,0.02834631126528909,0.21186614309581078
1181,1,199,0.55,11,0.037734362757411044,0.17655418549741436
1181,1,205,1.0,9,0.04148618149237446,0.2024161951128568
1181,1,207,0.6000000000000001,9,0.05082005495330001,0.17071223634607727
1181,1,212,0.6000000000000001,8,0.06250431664982477,0.19369753577660553
1181,1,214,0.6000000000000001,13,0.0418234700376586,0.16470488834102662
1181,1,224,0.65,6,0.04152873228578147,0.1666805899480082
1181,1,229,0.55,10,0.04251726563732561,0.2094373447657448
1181,1,233,0.7000000000000001,6,0.04310210054972091,0.2113047739889108
1181,1,236,0.65,12,0.04345566996034863,0.21700534777122182
1181,1,237,0.7000000000000001,10,0.051030981227454725,0.21901780207601887
1181,1,238,0.8500000000000001,9,0.034977460049346994,0.18126847573993643
1181,1,243,0.6000000000000001,11,0.0493771719430193,0.2224953034353921
1181,1,245,0.6000000000000001,10,0.03789551477971046,0.18736036501849745
1181,1,246,0.65,15,0.0407047811802419,0.18795584621581077
1181,1,248,0.65,14,0.040682586966643584,0.16331562071296465
1181,1,249,0.6000000000000001,10,0.04831015416244804,0.17406955754964665
1181,1,253,0.65,10,0.04806397253465424,0.20973837792482825
1181,1,257,0.65,13,0.05232850541132466,0.20019205639515988
1181,1,259,0.65,8,0.03569587961771131,0.20248137951589454
1181,1,261,0.65,6,0.05106622156865775,0.21214238441306543
1181,1,266,0.7000000000000001,8,0.04691483702440042,0.1919420165269234
1181,1,267,0.6000000000000001,12,0.04375975009947684,0.2114276540648895
1181,1,275,0.7000000000000001,7,0.05361235896104616,0.19346366733732104
1181,1,276,0.65,12,0.04127934131235501,0.18569219602853052
1181,1,286,0.55,9,0.05103128324408297,0.1997865946664215
1181,1,287,0.8,11,0.0511810242636154,0.19547000008062937
1181,1,288,0.55,8,0.042133667523255945,0.1720424588951396
1181,1,289,0.55,14,0.05145104016125899,0.18295711418689398
1181,1,293,0.6000000000000001,17,0.051813590461696056,0.2016226219349992
1181,1,294,0.6000000000000001,7,0.06386085218966595,0.20802954031138296
1181,1,296,0.6000000000000001,12,0.04075177958353417,0.18768295442195806
1181,1,299,0.65,17,0.040385686021266735,0.19558241394308948
1181,1,300,0.7000000000000001,14,0.04041204196576541,0.18610458496978247
1181,1,303,0.55,10,0.043796209053445036,0.1988991801486853
1181,1,307,0.75,10,0.0521397245744069,0.19617470858314534
1181,1,311,0.55,8,0.03745047994863267,0.19487268786494066
1181,1,313,0.45,9,0.023181112037377948,0.21115418623664295
1181,1,315,0.55,6,0.0338011773114689,0.17813129246262605
1181,1,316,0.65,12,0.04871086024711926,0.20825971763280793
1181,1,317,0.6000000000000001,13,0.04509659920015772,0.18474891548296857
1181,1,319,0.6000000000000001,8,0.043073213746656444,0.2126822145527536
1181,1,322,0.7000000000000001,7,0.05064320175796842,0.20196208664575255
1181,1,324,0.65,6,0.036665964506897845,0.2036597282232172
1181,1,325,0.55,10,0.04682475285015443,0.22012912107069216
1181,1,328,0.5,11,0.057927389500311344,0.2039754878548029
1181,1,333,0.55,11,0.037593932249138234,0.19160593925299044
1181,1,334,0.75,11,0.05429954604807992,0.20283657224599744
1181,1,340,0.6000000000000001,8,0.03175925551192133,0.18999851114418737
1181,1,343,0.55,11,0.047178706727759076,0.1908620139420541
1181,1,345,0.8500000000000001,9,0.044388944496541655,0.19300998748669798
1181,1,348,0.6000000000000001,12,0.036523682993790524,0.1821305691071284
1181,1,350,0.55,8,0.049338666969478896,0.1996123470750237
1181,1,355,0.6000000000000001,9,0.05705490595899048,0.17665322584005375
1181,1,366,0.6000000000000001,13,0.032651966042497996,0.18714329206860333
1181,1,375,0.6000000000000001,12,0.03231000185458228,0.1915522397006957
1181,1,379,0.6000000000000001,9,0.046912750039871505,0.19697713777409626
1181,1,380,0.7000000000000001,17,0.05596259093077258,0.18834978413761275
1181,1,389,0.75,9,0.03819030855461108,0.20288826585198871
1181,1,392,1.0,10,0.05997384970842748,0.20531216324576423
1181,1,394,0.75,6,0.05448135742192145,0.1818971247868251
1181,1,398,0.55,16,0.04945663903286012,0.20418527183853039
1181,1,406,0.75,12,0.028060131074548102,0.17039285957200123
1181,1,409,0.5,14,0.05062144328883187,0.18253680296337413
1181,1,412,0.6000000000000001,8,0.03280604455635139,0.16928888847096163
1181,1,415,0.6000000000000001,10,0.048853543293446114,0.19385883155566747
1181,1,423,0.8,7,0.04057817185177478,0.21451045832940166
1181,1,424,0.65,9,0.03464171318027615,0.22948601906532826
1181,1,427,0.5,10,0.04511428707604516,0.17309370242783675
1181,1,428,0.65,8,0.06631591639488105,0.19372114992433026
1181,1,430,0.6000000000000001,6,0.05145334785368448,0.1967076998530369
1181,1,432,0.6000000000000001,8,0.04399781101479325,0.1755980135331948
1181,1,437,0.8,7,0.042139657321050704,0.20892822137391626
1181,1,441,0.7000000000000001,12,0.050575212567091334,0.1885283945529986
1181,1,442,0.7000000000000001,8,0.04486554324590695,0.1855097687345965
1181,1,443,0.6000000000000001,7,0.04652336323350741,0.20093691397347133
1181,1,445,0.8,8,0.026834311791364102,0.1803029955634028
1181,1,457,0.65,16,0.03813337784238055,0.18079713310156914
1181,1,463,0.9,9,0.03441555919464963,0.2140788103095123
1181,1,464,0.65,12,0.04931603350626107,0.19216276000219604
1181,1,469,0.6000000000000001,8,0.05958595085531274,0.18705838959583979
1181,1,477,0.7000000000000001,13,0.04901140022809961,0.20521346787464048
1181,1,482,0.8,9,0.05075389968184069,0.1946521618843812
1181,1,485,0.65,9,0.05661467880037217,0.19792771580533478
1181,1,491,0.65,9,0.041992762970668646,0.20600800618858559
1181,1,500,0.75,10,0.05466067892442857,0.18421796992555262
1181,1,501,0.75,6,0.061139325009755136,0.20151403635075268
1181,1,502,0.7000000000000001,11,0.03184165245607368,0.22058148596765187
1181,1,504,0.6000000000000001,8,0.02866725223307818,0.2057077949139145
1181,1,508,0.5,9,0.05433945100533628,0.2099115317717578
1181,1,523,0.9500000000000001,14,0.05054425563826498,0.19227521129575012
1181,1,538,0.6000000000000001,9,0.030978185066723958,0.18150646146664998
1181,1,541,0.5,7,0.020792854891243478,0.18127941009620782
1181,1,545,0.5,9,0.05074234754911761,0.21210051201261684
1181,1,549,0.65,7,0.04180989089804522,0.1754186612015283
1181,1,550,0.7000000000000001,6,0.04791740697664562,0.16757024070702953
1181,1,557,0.55,8,0.038025785061856984,0.1646288605656312
1181,1,564,0.6000000000000001,12,0.04191341436135429,0.19958379494517897
1181,1,565,0.55,12,0.0508919024579437,0.21426384106980798
1181,1,569,0.5,13,0.040574455807171346,0.18187554267864686
1181,1,574,0.65,6,0.05642417069889207,0.19399648681249815
1181,1,575,0.6000000000000001,9,0.04076178011041918,0.18114057169244135
1181,1,577,0.9,16,0.04447628896574187,0.20182230084225583
1181,1,578,0.7000000000000001,9,0.052124251695611336,0.19915500713097983
1181,1,586,0.65,8,0.02483053227192692,0.18540325467067284
1181,1,596,0.7000000000000001,9,0.04169467873443583,0.1892357102455229
1181,1,599,0.6000000000000001,15,0.042609704260390284,0.1936760757174275
1181,1,602,0.65,14,0.04075338724543431,0.18509378857509837
1181,1,605,0.45,11,0.04240933112968287,0.17388578882498568
1181,1,607,0.6000000000000001,10,0.036153641079201666,0.18503348176682516
1181,1,609,0.75,5,0.06299674076974764,0.19367935647376125
1181,1,610,0.5,11,0.04547211891211353,0.17693435737787563
1181,1,612,0.6000000000000001,10,0.04445593940305939,0.19308135615008942
1181,1,619,0.55,13,0.029450452249664964,0.19389197045397785
1181,1,627,1.0,10,0.042477174292920764,0.17178303425273084
1181,1,632,0.65,7,0.0396632997009482,0.21782005394302528
1181,1,634,0.8,7,0.029507252939450234,0.1576123373442527
1181,1,635,0.6000000000000001,15,0.048527378990484545,0.19991173329397144
1181,1,644,0.6000000000000001,17,0.05632795668016061,0.19387448766148913
1181,1,645,0.65,10,0.06283145308739778,0.1807770975583123
1181,1,646,0.7000000000000001,11,0.05620895190633788,0.21088934153375807
1181,1,657,0.7000000000000001,8,0.05344133835927123,0.19663001130280144
1181,1,660,0.65,13,0.05296722641781103,0.20564230192689978
1181,1,665,0.6000000000000001,10,0.04604878165093392,0.20727796591093361
1181,1,668,0.75,11,0.0479355793330194,0.19900396459153144
1181,1,670,0.9,10,0.04093312930097428,0.20726837122452185
1181,1,671,0.5,12,0.035240389843195774,0.2014731686784128
1181,1,676,0.75,7,0.05244054779816965,0.1823064516683536
1181,1,681,0.6000000000000001,13,0.038530655346714925,0.20050454005398574
1181,1,683,0.65,8,0.0326160903011792,0.19594266783155614
1181,1,684,0.6000000000000001,6,0.05082715693173488,0.17884921949717306
1181,1,688,0.75,17,0.05042940316955295,0.19664689398484478
1181,1,690,0.65,14,0.05594828603749157,0.19086844157818603
1181,1,707,0.6000000000000001,9,0.027711508409111497,0.15435233929154785
1182,2,0,0.9500000000000001,4,0.014176660443164792,0.12020195735831776
1182,2,1,1.0,5,0.027574706991881057,0.14230756116301485
1182,2,3,0.75,7,0.023966193465496267,0.20329178182085167
1182,2,4,0.8500000000000001,5,0.04216230144794324,0.16113941245894026
1182,2,5,1.0,3,0.015119834797610313,0.11720215093858159
1182,2,6,0.8,8,0.04407299082552159,0.20587264898514324
1182,2,7,1.0,11,0.04715908647423865,0.1732525955098255
1182,2,8,0.9,8,0.050432000452986556,0.1852115156852507
1182,2,9,0.9500000000000001,3,0.03960781093927524,0.13515273169823638
1182,2,10,0.8,7,0.07026716631026322,0.21832022235969814
1182,2,11,0.75,16,0.047281904006609594,0.18140327888921762
1182,2,12,0.6000000000000001,8,0.049487023426344943,0.20397427518137493
1182,2,13,0.9500000000000001,11,0.061513055526850206,0.18361333332695667
1182,2,14,0.6000000000000001,11,0.04137856913506174,0.2015713626830795
1182,2,15,0.65,8,0.035085100602333934,0.19857649761942842
1182,2,16,0.5,9,0.03519273475010761,0.18320376960942744
1182,2,17,0.55,10,0.048079865839982985,0.1885728401971888
1182,2,18,0.6000000000000001,11,0.04545169936903105,0.22136737972309115
1182,2,19,0.65,11,0.0570542241950119,0.20757513015700566
1182,2,20,0.65,8,0.05410334543182325,0.21388070805869108
1182,2,21,0.8500000000000001,17,0.0497549254012338,0.19909937801758024
1182,2,22,0.75,8,0.04017254983630243,0.18773104628778675
1182,2,23,0.8500000000000001,12,0.04632992365372212,0.17714345506321658
1182,2,24,0.65,13,0.05268966802159541,0.19751087465244346
1182,2,25,0.7000000000000001,11,0.04053839592152779,0.17629153734030079
1182,2,26,0.9,5,0.038530462245601936,0.13355411178850946
1182,2,27,0.55,12,0.04023866309292707,0.21365212025308086
1182,2,28,0.75,9,0.05567281073847572,0.20451233153784765
1182,2,29,0.8,8,0.04502088198911573,0.20201621905846517
1182,2,30,0.75,6,0.028298722118130837,0.13266096165087382
1182,2,31,0.9,11,0.03988464025341827,0.18704859625406928
1182,2,32,0.8,6,0.039534973078307487,0.14148192455510378
1182,2,33,0.6000000000000001,8,0.060386004493379504,0.21505458651339393
1182,2,34,0.65,10,0.04423824703602893,0.20778260056613496
1182,2,35,0.9,2,0.022262559424646017,0.11574200673573569
1182,2,37,0.55,8,0.04110610703745167,0.19060210610413392
1182,2,38,0.7000000000000001,11,0.05593407676794352,0.18735433846329103
1182,2,39,1.0,9,0.037176407926438323,0.14999711995990436
1182,2,42,0.7000000000000001,12,0.03558555475136805,0.2007830212090822
1182,2,44,0.55,6,0.053143636196081444,0.17047784542161812
1182,2,45,0.8,10,0.06234187291406419,0.1773636636637214
1182,2,46,0.7000000000000001,9,0.049897108869472115,0.21606351010551225
1182,2,47,0.8,11,0.05221044259905865,0.18252139593016314
1182,2,49,0.9,13,0.04210280000336278,0.19332366990020328
1182,2,52,0.8500000000000001,12,0.05036611549234623,0.2125388423862229
1182,2,53,0.7000000000000001,15,0.0549637464291998,0.19893791501464603
1182,2,55,1.0,8,0.045572947886461865,0.19675021169128848
1182,2,56,0.75,10,0.029775734645191558,0.15612927390171452
1182,2,57,0.9,12,0.05468794887366628,0.18440526470693006
1182,2,58,0.6000000000000001,17,0.063063642998582,0.18874201721370923
1182,2,59,0.75,6,0.037917816173165336,0.18486514080842573
1182,2,60,0.55,9,0.049197064121410006,0.19263164493373355
1182,2,61,0.65,15,0.05495441109595874,0.18366532080884068
1182,2,62,0.65,12,0.03328419098668033,0.170456898015885
1182,2,64,0.8500000000000001,8,0.05591123149757047,0.20143082762126127
1182,2,66,0.75,12,0.0375898589314797,0.20022416145104305
1182,2,67,0.75,6,0.041346230899203924,0.19538348955425777
1182,2,68,0.65,12,0.044307688067818346,0.20986732767671726
1182,2,69,0.6000000000000001,9,0.05470004849668868,0.18978012230939093
1182,2,70,0.55,9,0.036239424840878734,0.20022067842609226
1182,2,73,0.65,18,0.0495167811575827,0.21938022647245642
1182,2,74,0.7000000000000001,7,0.03369776284797892,0.20381760453473133
1182,2,76,0.7000000000000001,15,0.04716982312338574,0.20076245768422363
1182,2,77,0.65,11,0.045806903318417386,0.18428355942961155
1182,2,78,0.65,10,0.04362451609628909,0.1981448843364243
1182,2,79,0.55,10,0.04648907347134829,0.18975385568043876
1182,2,80,0.8,10,0.030851891873921955,0.20914198036116627
1182,2,82,0.6000000000000001,8,0.05532390016651493,0.20859820951573585
1182,2,83,0.5,14,0.04532696077294401,0.2016369104563839
1182,2,86,0.9500000000000001,8,0.047026587619420336,0.18275781546685121
1182,2,87,0.7000000000000001,12,0.03238198208303282,0.1849948276532968
1182,2,88,1.0,5,0.038812779872285354,0.1738392780769737
1182,2,89,0.65,13,0.036069735133993336,0.17775631092230318
1182,2,90,0.75,7,0.056670388631150065,0.2268345374800714
1182,2,91,0.6000000000000001,9,0.05599524318638225,0.20264982390198705
1182,2,92,0.9500000000000001,8,0.03957286901977253,0.1589938128787816
1182,2,93,0.5,7,0.033623215157384576,0.1953877986590222
1182,2,97,0.9,5,0.04899622128467737,0.1879847862357815
1182,2,99,0.55,12,0.055072056122934185,0.1939358606356308
1182,2,100,0.55,8,0.054586578389385444,0.1985662676132488
1182,2,103,0.8,10,0.05516178750299039,0.20204519419478087
1182,2,104,0.7000000000000001,8,0.026851037379765415,0.200267196849235
1182,2,105,0.7000000000000001,7,0.04854050318289165,0.16984399071315998
1182,2,111,0.7000000000000001,12,0.04496147744391458,0.18589322830275498
1182,2,112,0.7000000000000001,9,0.05779324949116562,0.18895124183165896
1182,2,114,0.65,10,0.04594589133499907,0.19424690552605436
1182,2,116,0.65,16,0.0474552545316925,0.19039469628791555
1182,2,117,0.5,8,0.03901830767514119,0.17775933930626286
1182,2,118,0.75,4,0.06624743924947601,0.1688447803171228
1182,2,119,0.65,20,0.04206277488997729,0.2176760412727079
1182,2,121,0.55,6,0.027203151389564906,0.16585270100916835
1182,2,124,0.65,9,0.06198893949745553,0.18717210558441957
1182,2,125,0.65,9,0.025508247468651574,0.1666164913078246
1182,2,127,0.65,16,0.04349684294583602,0.1764848958924768
1182,2,128,0.8,7,0.06154602483358428,0.21301093274175553
1182,2,138,0.75,9,0.06382090910455267,0.18219795428164098
1182,2,139,0.8,13,0.04830289598882485,0.19751060112727775
1182,2,140,0.7000000000000001,7,0.05433116280290013,0.2038992874577697
1182,2,141,0.65,7,0.04473990529603615,0.23385394746156038
1182,2,144,0.75,6,0.037678279225409304,0.19306593204752567
1182,2,145,0.5,8,0.05795580157156029,0.1751780625824998
1182,2,146,0.8,8,0.03307071407341076,0.1942580438443927
1182,2,149,0.6000000000000001,9,0.04008762883019074,0.160830813162577
1182,2,150,0.55,11,0.04783268312453655,0.1756080077880642
1182,2,151,0.65,11,0.05451741553336599,0.19854539714367406
1182,2,157,0.8,12,0.03965365510960316,0.1569861011710964
1182,2,159,0.75,13,0.03986328884808541,0.20651704366274964
1182,2,160,0.7000000000000001,10,0.036300208573029354,0.1755569022601694
1182,2,162,0.55,18,0.041126883739832275,0.20160823279479453
1182,2,171,0.65,10,0.02096980481308861,0.20352177291374435
1182,2,172,0.75,13,0.029865901478280877,0.18452352290562177
1182,2,174,0.9,7,0.05182560945368477,0.18228374363494662
1182,2,175,0.55,16,0.0537853065262516,0.18513717463930243
1182,2,177,0.65,8,0.038641218404299404,0.1925668931862113
1182,2,179,0.9500000000000001,11,0.051911615004850316,0.20569819039284115
1182,2,180,0.65,7,0.05817980701459989,0.22444779685587488
1182,2,183,0.75,11,0.038816035612225984,0.1964596352746878
1182,2,186,1.0,13,0.035708888020620506,0.20312463214008075
1182,2,197,0.8,16,0.048295170647447684,0.2035285106650574
1182,2,198,0.65,9,0.05308091208097574,0.21808750906608898
1182,2,207,0.75,6,0.06212797723753539,0.2248073071505444
1182,2,213,0.6000000000000001,8,0.06147157311906405,0.1890356950830223
1182,2,217,0.75,9,0.059525440039810515,0.21455972697707618
1182,2,218,0.6000000000000001,8,0.06344896833455488,0.20468457121062741
1182,2,219,0.65,9,0.04900443391757454,0.17442899056597636
1182,2,221,0.7000000000000001,9,0.03990429251328715,0.17747554096210863
1182,2,223,0.6000000000000001,11,0.052120294362526125,0.21027129619432222
1182,2,225,0.6000000000000001,12,0.031995467356161655,0.1663666809273727
1182,2,229,0.55,16,0.05226123547164423,0.19533198303003352
1182,2,231,0.8,9,0.03829217305838668,0.19643842756952576
1182,2,233,0.6000000000000001,19,0.05244769572001661,0.201182462221628
1182,2,235,0.65,9,0.048835668632111584,0.20279755371435476
1182,2,239,0.7000000000000001,12,0.036493924517090263,0.2216438326457637
1182,2,243,0.8,7,0.06844245124871552,0.20549239558752255
1182,2,254,0.6000000000000001,11,0.05129420736121601,0.19235021248495815
1182,2,262,0.65,9,0.043784726248018865,0.21026811279608493
1182,2,265,0.75,7,0.056714346227018236,0.19596372715922974
1182,2,266,0.55,11,0.05133758685200361,0.20474717582708807
1182,2,269,0.45,8,0.027159588329098667,0.15932866943559482
1182,2,271,0.75,8,0.052386854689021135,0.1822319531290328
1182,2,272,0.6000000000000001,8,0.02926843489248461,0.22385718371274008
1182,2,277,0.5,8,0.04208575252074294,0.1966195283154413
1182,2,284,0.55,12,0.03845291663300467,0.21932058105400007
1182,2,286,0.65,7,0.03806748873054813,0.18232768443067743
1182,2,287,0.8,9,0.038989427837973725,0.23911123699935746
1182,2,290,0.75,7,0.05518653440903511,0.21095373544125112
1182,2,291,0.8500000000000001,8,0.03279007911445804,0.16874178131474665
1182,2,292,0.5,12,0.054113185310721144,0.21276961482478027
1182,2,298,0.8500000000000001,10,0.05158545929451117,0.17032982494649956
1182,2,303,0.6000000000000001,11,0.03966434767359142,0.17769190967734103
1182,2,305,0.6000000000000001,11,0.04852332114916227,0.19236941615088507
1182,2,306,0.5,13,0.049085885779794246,0.20477333593279068
1182,2,321,0.9,11,0.0512592076732225,0.20303457837043856
1182,2,322,0.7000000000000001,6,0.03224334010492147,0.19319398503479387
1182,2,332,0.7000000000000001,10,0.05879515033963676,0.2112330785330221
1182,2,333,0.75,10,0.04880041793209628,0.1899083899172769
1182,2,340,0.75,11,0.05854105477128028,0.20788211577597854
1182,2,345,0.7000000000000001,9,0.04836405850321411,0.226442103915308
1182,2,354,0.7000000000000001,13,0.04151312842975134,0.1862700522190786
1182,2,355,0.8500000000000001,10,0.04207666055073777,0.1826664957863931
1182,2,356,0.6000000000000001,17,0.05185742995745723,0.2082814100594279
1182,2,360,0.65,16,0.048375977412065424,0.20221376494837895
1182,2,361,0.6000000000000001,9,0.049973689362897845,0.21902963878463177
1182,2,362,0.65,8,0.045895914377055834,0.21368638769235837
1182,2,363,0.7000000000000001,7,0.0418849964451395,0.1681512555438587
1182,2,365,0.7000000000000001,16,0.0537140629550873,0.2022275934108746
1182,2,367,0.55,10,0.040262650094958,0.2006282197401917
1182,2,372,0.6000000000000001,14,0.04691586672516905,0.1835561567834722
1182,2,374,0.6000000000000001,13,0.04942892449726507,0.19373095401171267
1182,2,375,0.8,9,0.05253379556262613,0.184132565265895
1182,2,378,0.65,8,0.04355640992519578,0.1639040000590717
1182,2,381,0.6000000000000001,12,0.03791188872666742,0.2029089056413772
1182,2,383,0.75,8,0.04161171165134275,0.21280793948672366
1182,2,384,0.65,11,0.04721620936729889,0.17664490612711
1182,2,385,0.7000000000000001,9,0.03652350916670531,0.18789834445390072
1182,2,391,0.45,10,0.0518169814493429,0.21140976198369205
1182,2,393,0.65,11,0.05463607393102383,0.21345274426205227
1182,2,395,0.55,7,0.02745958082599291,0.19010637287140011
1182,2,398,0.5,10,0.03986157220843034,0.1852019014943282
1182,2,399,0.65,12,0.04460301599896822,0.18148415545815955
1182,2,400,0.65,11,0.036256194563316135,0.20666241372244026
1182,2,404,0.65,16,0.04587341424511649,0.21016689955021578
1182,2,416,0.7000000000000001,9,0.042516800711072875,0.1842649462407557
1182,2,418,0.65,10,0.04627017114940009,0.19986748488678582
1182,2,422,0.6000000000000001,15,0.04789224920262904,0.20469740368952144
1182,2,427,0.5,9,0.04751262778692805,0.2055645689318166
1182,2,428,0.75,7,0.032486227561569464,0.15739625243739092
1182,2,432,0.65,12,0.04826546868877569,0.18939000724363217
1182,2,435,0.65,8,0.026672358658130654,0.20821293659294735
1182,2,439,1.0,19,0.05042190653581821,0.18923895511465116
1182,2,449,0.65,10,0.033064296160540914,0.20441147753040623
1182,2,450,0.6000000000000001,9,0.05424685158958496,0.20781818222828616
1182,2,451,0.6000000000000001,11,0.051763376706815675,0.19050151503905768
1182,2,453,0.6000000000000001,8,0.0304391277249126,0.19390673992838828
1182,2,458,0.8500000000000001,8,0.04858006816745165,0.19506533994259712
1182,2,461,0.65,17,0.04620389696486079,0.2186145589992688
1182,2,468,0.8,6,0.030627677889530247,0.2059140432123082
1182,2,475,0.6000000000000001,14,0.03245239147967975,0.21544627540989733
1182,2,478,0.65,10,0.044553810047530555,0.1793561654398625
1182,2,480,0.65,8,0.030986411288538684,0.1733147121724089
1182,2,484,0.5,7,0.06194812983112888,0.19615768116788135
1182,2,492,0.7000000000000001,12,0.05231908911378718,0.20429417486642532
1182,2,495,0.55,11,0.04242145821904386,0.1881414221961024
1182,2,496,0.7000000000000001,9,0.03294178966625417,0.20068151254235414
1182,2,498,0.9,6,0.050581075906930804,0.18177981776883986
1182,2,499,0.8500000000000001,9,0.048129560074698576,0.19981336940870978
1182,2,501,0.7000000000000001,7,0.0349935857498901,0.19306783757399634
1182,2,506,0.6000000000000001,16,0.049314280606101796,0.20721900947397254
1182,2,510,0.6000000000000001,10,0.06259367876611495,0.19810389914876422
1182,2,512,0.75,13,0.04116346209036614,0.22218128849362995
1182,2,524,0.6000000000000001,10,0.04670692166446101,0.19572062085733288
1182,2,529,0.65,9,0.04263209765943666,0.21679497998288186
1182,2,533,0.7000000000000001,12,0.04449346667101817,0.1964946944288897
1182,2,541,0.65,7,0.04980943459654885,0.22573863022793356
1182,2,544,0.7000000000000001,11,0.058284646173135446,0.20373501754344178
1182,2,548,0.7000000000000001,8,0.04932660481587338,0.20963025648030975
1182,2,553,0.55,12,0.0389267516907301,0.18936529612825415
1182,2,555,0.45,14,0.03970708373637013,0.22143975717931533
1182,2,558,0.55,12,0.04044015854459279,0.19459019559226853
1182,2,560,0.65,7,0.06281253397634344,0.22619523620146717
1182,2,565,0.55,9,0.03074523393116909,0.1900533090643941
1182,2,568,0.55,9,0.04970473693181754,0.22814299315157183
1182,2,570,0.8,12,0.04935157650684615,0.19463913448215897
1182,2,572,0.5,11,0.03460552347493643,0.17916755990162245
1182,2,573,0.65,10,0.03234421460037189,0.19916676625163593
1182,2,577,0.6000000000000001,12,0.03794695140346622,0.17307041064410258
1182,2,584,0.6000000000000001,10,0.037899646762335225,0.163729696986253
1182,2,592,0.65,7,0.06420752783431458,0.2075307298663322
1182,2,594,0.6000000000000001,11,0.035696156452948616,0.20557310129575204
1182,2,597,0.65,12,0.03888067958591041,0.206765388760484
1182,2,599,0.75,7,0.050579470804924094,0.19285912165967295
1182,2,602,0.7000000000000001,9,0.05034267429622257,0.1739792468176558
1182,2,603,0.6000000000000001,10,0.0426184973057482,0.1916172644126815
1182,2,605,0.65,12,0.047703810216264714,0.20470251084525007
1182,2,609,0.6000000000000001,9,0.040996249662077454,0.20041340373533065
1182,2,612,0.7000000000000001,12,0.05067180979198088,0.19550212541028075
1182,2,619,0.6000000000000001,10,0.039971578074307734,0.2116843383750377
1182,2,630,0.75,7,0.05463717480710384,0.19509691749676286
1182,2,631,0.65,7,0.049337104241591816,0.2240260605023223
1182,2,636,0.7000000000000001,9,0.05100403686456633,0.19267902786475158
1182,2,637,0.5,11,0.04884075203878523,0.19740262262274696
1182,2,638,0.55,10,0.046447910499621776,0.18882039138569792
1182,2,639,0.8500000000000001,11,0.0348711877687502,0.17796066751718811
1182,2,647,0.55,8,0.041061350686344214,0.21227082260658625
1182,2,652,0.7000000000000001,14,0.06265441701662297,0.20635430555191941
1182,2,653,0.75,11,0.06198311972643781,0.18978780007679968
1182,2,658,0.55,8,0.03438252512680961,0.1758898534637111
1182,2,678,0.75,8,0.0460862633424397,0.20496197659810617
1182,2,685,0.65,8,0.05845829471108355,0.20105715613767028
1183,3,0,0.8,5,0.028580042364196437,0.14176710377647156
1183,3,1,0.65,14,0.043634305205812886,0.18973782487370042
1183,3,2,0.6000000000000001,10,0.049491702596199276,0.17931530017481587
1183,3,3,0.65,12,0.04889986325521614,0.20450890073096936
1183,3,4,0.65,9,0.06041213175603668,0.1910368723552956
1183,3,5,0.7000000000000001,8,0.050863224250675465,0.16941743300878115
1183,3,6,0.65,8,0.048922602268087596,0.21470514616416747
1183,3,7,0.75,11,0.04620295542001536,0.1756690673758337
1183,3,8,0.75,9,0.030881271044055747,0.17317015930376536
1183,3,9,0.9500000000000001,15,0.04981651609572911,0.1820011326703777
1183,3,10,0.7000000000000001,10,0.056688902142147043,0.19838902208182646
1183,3,11,0.9,9,0.03404076778969604,0.1754585864868534
1183,3,12,0.65,13,0.04327824960876105,0.17360511294937597
1183,3,13,0.6000000000000001,10,0.041175876624429765,0.18836856645098518
1183,3,14,0.7000000000000001,9,0.03960780906040516,0.19474115391606267
1183,3,15,0.65,15,0.042593319852146656,0.17663028314553816
1183,3,16,0.7000000000000001,5,0.027026990811507008,0.1585465578421417
1183,3,17,0.7000000000000001,12,0.04064002416694456,0.21441488076353601
1183,3,18,0.75,7,0.04261334052892746,0.1748283324359301
1183,3,19,0.55,9,0.042043987901922354,0.1943474311043679
1183,3,20,0.7000000000000001,9,0.036950182638990504,0.16135090192760465
1183,3,21,0.7000000000000001,10,0.041106968235188016,0.14473806170181328
1183,3,22,0.55,8,0.04972802006768789,0.16641808947192077
1183,3,23,0.8500000000000001,12,0.05475336261190338,0.17088314707771277
1183,3,24,0.8,10,0.06399289281684838,0.18658991576563552
1183,3,25,0.7000000000000001,6,0.04824896502313553,0.17960951865887967
1183,3,26,1.0,2,0.03810683888389343,0.1467387173637379
1183,3,27,0.6000000000000001,12,0.04633996076824688,0.17965154906374683
1183,3,28,0.9,5,0.047889447381398026,0.16754466863641132
1183,3,29,0.7000000000000001,9,0.04200532946248455,0.17605694896214028
1183,3,30,0.65,10,0.05012683626964491,0.1959023836500861
1183,3,31,0.55,16,0.036830883466822666,0.19257351001880899
1183,3,32,0.65,8,0.03658165147041835,0.17920471778847263
1183,3,33,1.0,9,0.04579683462061161,0.15811846450562314
1183,3,34,0.8,5,0.03251672611148273,0.14847341823972904
1183,3,35,1.0,8,0.026778412725792004,0.1430733751084044
1183,3,36,0.8,6,0.022810364253903665,0.12951904392009447
1183,3,37,0.7000000000000001,13,0.0411713761174079,0.21828623754488816
1183,3,38,0.9,2,0.01120988902821029,0.10792658854819617
1183,3,39,0.55,2,0.0503519736652413,0.15182742683022932
1183,3,40,0.65,11,0.04947839159445002,0.17939584230542993
1183,3,41,0.8,11,0.03864549333167331,0.15300733116231238
1183,3,42,0.6000000000000001,16,0.05195251156760108,0.1896171824051456
1183,3,43,0.65,12,0.04242051810775809,0.17463585380532975
1183,3,44,0.9,7,0.04560717145427069,0.17309965991696222
1183,3,45,0.65,12,0.04766452079447929,0.18700668684918523
1183,3,46,0.7000000000000001,6,0.03839940220898967,0.22125683599864376
1183,3,47,0.75,7,0.033486491137036986,0.16740956380889616
1183,3,48,0.9,13,0.0431172203102335,0.17110409844063534
1183,3,49,0.65,8,0.03804274727468309,0.18750721686780106
1183,3,52,0.5,12,0.0332816051741987,0.19955970020082558
1183,3,53,0.9,15,0.052488722519683575,0.1748941950186867
1183,3,54,0.7000000000000001,12,0.030948061126432783,0.174190423792609
1183,3,55,0.7000000000000001,7,0.041700630168694595,0.19676470276671928
1183,3,57,0.75,10,0.038856416716658744,0.18798786092800074
1183,3,58,0.6000000000000001,11,0.032422156717187976,0.1939352119277011
1183,3,60,0.55,10,0.030450436135326307,0.19559259821866773
1183,3,61,0.6000000000000001,10,0.04782037192974544,0.18028194031238545
1183,3,63,0.55,9,0.03890468731649221,0.18588481601243886
1183,3,65,0.6000000000000001,14,0.05002272548129058,0.1819034195678825
1183,3,66,0.8500000000000001,9,0.04631559572216321,0.16835890943005727
1183,3,67,0.6000000000000001,10,0.02990725875557222,0.1442141937220152
1183,3,68,0.7000000000000001,6,0.04932648569859913,0.1874057132550276
1183,3,69,0.55,7,0.054492419777795405,0.1848278084130022
1183,3,71,0.8,10,0.04356718992983709,0.16094977660661874
1183,3,72,0.9500000000000001,10,0.03573497691452711,0.1980240875956994
1183,3,73,0.6000000000000001,7,0.03620700221937992,0.20812106619868836
1183,3,76,0.8500000000000001,7,0.03853858933344752,0.17881324340108223
1183,3,79,0.8,12,0.028812928507423025,0.2112690649729957
1183,3,80,0.7000000000000001,9,0.045765476431870226,0.1787756218794307
1183,3,81,1.0,10,0.05433363964056886,0.1731875642636984
1183,3,83,0.8,7,0.041859675446409256,0.18592160346667438
1183,3,84,0.75,9,0.0373188417305485,0.19005694507346405
1183,3,85,0.75,12,0.042416738644729175,0.18363430446649479
1183,3,86,0.65,7,0.04233761442721983,0.1681742105653521
1183,3,88,0.5,13,0.04489108466502356,0.1951233737925531
1183,3,90,0.9,12,0.03845044724189242,0.20570743612733286
1183,3,92,0.5,10,0.03947578315082764,0.17242105692966864
1183,3,95,0.65,12,0.02992056789209031,0.1769649473865108
1183,3,97,0.6000000000000001,9,0.03490490125702812,0.18192289104069742
1183,3,98,0.75,6,0.07001086395897715,0.17387962891416694
1183,3,99,0.75,8,0.05058765073244613,0.18010229750018247
1183,3,100,1.0,9,0.05683759672472376,0.17770185445555764
1183,3,102,0.9,15,0.049283440442202175,0.20343398789521977
1183,3,104,0.55,16,0.04584506804036742,0.20323347137293601
1183,3,105,0.6000000000000001,14,0.0444575935509678,0.19134407985783583
1183,3,107,0.5,10,0.02761144486712301,0.17820124865368303
1183,3,108,0.75,12,0.038037407073063946,0.1762455944996825
1183,3,109,0.55,10,0.040491844351836066,0.20333814556747387
1183,3,110,0.8500000000000001,10,0.05165570558822611,0.1888823722849346
1183,3,114,0.6000000000000001,10,0.05935980010312417,0.18336445211645264
1183,3,117,0.9,11,0.03816391061684155,0.14614207221841535
1183,3,119,0.7000000000000001,11,0.027910210274287025,0.15546789711400616
1183,3,128,0.65,7,0.03732590774694145,0.18010352672588872
1183,3,129,1.0,11,0.04829970895920612,0.1702317448573394
1183,3,131,0.55,7,0.04714868550150675,0.1860031884372899
1183,3,132,0.6000000000000001,11,0.05320351537442661,0.208036773439463
1183,3,133,0.9,10,0.04585058759532545,0.17692407905862145
1183,3,134,0.55,12,0.03797472292443893,0.20231118692761985
1183,3,136,0.55,10,0.041684100002677235,0.18151127766441152
1183,3,137,0.6000000000000001,8,0.03269606731784019,0.14362008645637275
1183,3,140,0.65,9,0.06418358353042433,0.19960108216879965
1183,3,141,0.6000000000000001,8,0.044440139305900996,0.15767314256977158
1183,3,143,0.65,7,0.026932517984495714,0.19111698733210572
1183,3,144,0.8500000000000001,7,0.029251651564380473,0.13336936586045978
1183,3,145,0.65,7,0.02408574576723283,0.1980580961344103
1183,3,146,0.75,6,0.0453123002845765,0.17012338888459333
1183,3,147,0.7000000000000001,14,0.0523875431173756,0.19572030392530373
1183,3,150,0.55,11,0.03906094907444966,0.18695253478647747
1183,3,152,0.6000000000000001,11,0.038262701610035116,0.20891103932011895
1183,3,153,0.6000000000000001,11,0.031883824537394724,0.1786332411576853
1183,3,155,0.9500000000000001,13,0.042996913698429805,0.16669510470413468
1183,3,157,0.6000000000000001,9,0.043380794781901585,0.16647228441252945
1183,3,158,1.0,9,0.03601397223379674,0.1608005931032567
1183,3,160,0.6000000000000001,13,0.04740741500565861,0.16936281349772073
1183,3,166,0.75,13,0.04910476425515334,0.19658312690181454
1183,3,169,0.5,5,0.03384790525883771,0.23028383750113188
1183,3,170,0.9500000000000001,10,0.045511380777908825,0.17229146341354118
1183,3,174,0.75,12,0.03704248062166524,0.18994332609568979
1183,3,177,0.55,8,0.05432801553855269,0.19025725016956288
1183,3,180,1.0,10,0.04356446800976189,0.22114388612348038
1183,3,181,0.6000000000000001,12,0.041093875281755884,0.18054544053452623
1183,3,182,0.65,13,0.047583158752646446,0.19200522761323596
1183,3,183,0.65,9,0.046865943152293775,0.1930470161502484
1183,3,184,0.65,8,0.07033885368995536,0.19383069488978708
1183,3,189,0.8500000000000001,9,0.03198965452818322,0.1641908707588537
1183,3,191,0.55,12,0.03604731629664793,0.19769605849139513
1183,3,192,0.7000000000000001,10,0.05896412216281509,0.1826404033250179
1183,3,194,0.9,14,0.041465694272350445,0.19074668992934068
1183,3,195,0.75,14,0.04224156048788538,0.1738979394554401
1183,3,198,0.75,13,0.03627036276570446,0.15169156197735081
1183,3,200,0.9,11,0.059307242452718706,0.18663347628684637
1183,3,203,0.5,8,0.028461722151893465,0.17162161568365245
1183,3,207,0.6000000000000001,7,0.029529734864648084,0.19726149588447392
1183,3,209,0.6000000000000001,10,0.054835117888378956,0.17843591180810303
1183,3,213,0.75,6,0.07517369711047141,0.20801882487736512
1183,3,219,0.65,12,0.045083961802120556,0.19887988028873904
1183,3,226,0.8,6,0.01673478721687001,0.17932015943984328
1183,3,228,0.7000000000000001,8,0.03716097498106466,0.15233258501992744
1183,3,233,0.65,8,0.05252212277133324,0.16601237513684103
1183,3,236,0.55,8,0.04235385294737863,0.19422923646544749
1183,3,240,0.8,23,0.04169686706715061,0.19112046648265887
1183,3,250,0.55,13,0.03882101517501858,0.2157143860119471
1183,3,254,0.55,12,0.04794612349450841,0.18256598632095197
1183,3,257,0.65,14,0.03773684700222416,0.1790772511179854
1183,3,258,0.65,16,0.04023595855132202,0.19426284861787288
1183,3,265,0.65,8,0.03282754247318843,0.2095823882132028
1183,3,267,0.6000000000000001,14,0.04566060512310469,0.19268186066589474
1183,3,268,0.55,7,0.045087805544475446,0.1831476932063436
1183,3,270,0.65,6,0.04826459649589909,0.21375154761384682
1183,3,275,0.65,10,0.054621093668985675,0.18794036366313469
1183,3,277,0.5,9,0.033850135113915686,0.2129045747953483
1183,3,281,0.75,11,0.04280676949160849,0.1906058605532716
1183,3,290,0.75,5,0.011927765915778191,0.17972953187006882
1183,3,297,0.8500000000000001,10,0.05839489286973534,0.17666695817048003
1183,3,299,0.65,7,0.03396964131548654,0.17824494302427235
1183,3,300,0.8,15,0.03878378616660246,0.1752779893511602
1183,3,302,0.75,14,0.05338881448748828,0.18589495017572047
1183,3,304,0.8,7,0.05889641645367966,0.20284467405712503
1183,3,305,0.6000000000000001,7,0.05050923571993697,0.20504546307106022
1183,3,306,0.75,10,0.05051387683717602,0.16972983404383235
1183,3,312,0.55,12,0.02380394190412786,0.2005698438712348
1183,3,321,0.75,20,0.04259894961838505,0.20250478362874724
1183,3,324,0.8,12,0.03145650996989695,0.17646072254943793
1183,3,331,0.55,13,0.04211309962040175,0.1877897115030413
1183,3,336,0.9500000000000001,10,0.0316769366080333,0.1563819212821645
1183,3,339,0.6000000000000001,8,0.05317032260845805,0.21752746188365119
1183,3,346,0.7000000000000001,6,0.038580586563052896,0.18628986230804542
1183,3,348,0.75,16,0.03211880285371064,0.19606590089379738
1183,3,354,0.65,12,0.045944032209508275,0.22518794324768485
1183,3,356,0.65,8,0.05042165315236407,0.20068869108591464
1183,3,357,0.7000000000000001,7,0.04694483963185493,0.18015012685356194
1183,3,359,0.65,7,0.023070851348933216,0.21269939442166313
1183,3,365,0.65,10,0.045877660201931174,0.17895210658369592
1183,3,366,0.7000000000000001,11,0.05809905831399093,0.18974567795234112
1183,3,376,0.6000000000000001,10,0.03067896058725813,0.1796032865471652
1183,3,381,0.8500000000000001,7,0.04150209324642358,0.18240039128981667
1183,3,397,0.75,10,0.049850800475806235,0.1716667314794162
1183,3,398,0.65,12,0.04333877455484835,0.1943520146689296
1183,3,399,0.6000000000000001,7,0.02464250145259615,0.20372607063688775
1183,3,401,0.7000000000000001,11,0.05401293044603707,0.20324574698309636
1183,3,421,0.6000000000000001,7,0.0678265656780299,0.18302633427029083
1183,3,424,0.65,11,0.043148742148714975,0.1885733543527979
1183,3,425,0.75,14,0.033773337379481565,0.20291461133949343
1183,3,432,0.9,5,0.06402693960260812,0.20931150903224519
1183,3,433,0.8,16,0.05477779922620867,0.19694481924256374
1183,3,438,0.65,13,0.046469325529170706,0.20555716286965237
1183,3,445,0.65,7,0.042435209364947275,0.1985065773615234
1183,3,451,0.65,10,0.054740168933511475,0.1915522058929309
1183,3,458,0.65,10,0.04164416939763049,0.168538490396997
1183,3,462,0.55,12,0.03623231676076657,0.17918737741426402
1183,3,466,0.75,11,0.04143083810159515,0.19360874872543904
1183,3,469,0.75,11,0.05391086900406294,0.1846183990782596
1183,3,476,0.7000000000000001,10,0.041088519318318494,0.19678698364145625
1183,3,478,0.45,8,0.039885121035904414,0.18169942317533774
1183,3,486,0.7000000000000001,11,0.039602644419992235,0.20661396774290602
1183,3,491,0.8500000000000001,9,0.046599058437563255,0.1685098462063339
1183,3,492,0.7000000000000001,7,0.06142655617036684,0.2066944042741527
1183,3,493,0.55,12,0.04214958423859287,0.1913662174196772
1183,3,494,0.75,10,0.030558232028777235,0.19724994086687161
1183,3,498,0.7000000000000001,13,0.03279836251597525,0.19593743840670116
1183,3,499,0.5,10,0.037140269101510553,0.20579713747005757
1183,3,500,0.55,10,0.04125473067626369,0.19214389089946937
1183,3,503,0.6000000000000001,12,0.04152583867893484,0.20055717842824913
1183,3,504,0.65,9,0.028211912163213993,0.19341238203059305
1183,3,507,1.0,12,0.05638282597574588,0.18545936981288025
1183,3,512,0.65,12,0.04360365223446068,0.19682746582065977
1183,3,513,0.55,15,0.04734057607230714,0.17884821967450146
1183,3,514,0.55,10,0.060924230381203565,0.18258774495441332
1183,3,517,0.9500000000000001,8,0.04219718466250744,0.193619447047515
1183,3,519,0.65,15,0.032075854884179515,0.18461304902574385
1183,3,523,0.65,18,0.03926865654891919,0.1824549670013083
1183,3,525,0.8,12,0.038700309433232834,0.1972778351306518
1183,3,526,0.55,10,0.04919609492428,0.1608782521762213
1183,3,532,0.65,14,0.046616062501340004,0.1920351612283929
1183,3,533,0.8,6,0.03535244241456497,0.20843783647741357
1183,3,542,0.75,6,0.04945621403992003,0.18810895328627478
1183,3,545,0.8500000000000001,9,0.04432057429407048,0.17932054219365795
1183,3,552,0.8500000000000001,12,0.03461351276468797,0.19453822674945845
1183,3,554,0.55,9,0.03999482768730944,0.22586216557975888
1183,3,556,0.5,9,0.02233443655955348,0.1681874567570436
1183,3,559,0.6000000000000001,10,0.037978343832199536,0.18759720101182656
1183,3,564,0.55,9,0.052097728883926386,0.19186781291097008
1183,3,568,0.7000000000000001,7,0.02673662669072085,0.21031559770768102
1183,3,573,0.75,14,0.045063054654552306,0.1881991728198745
1183,3,578,0.75,6,0.05379581981731737,0.21396352937953456
1183,3,579,0.6000000000000001,8,0.04463768684783084,0.16753135205192088
1183,3,590,0.9,6,0.026275151427296722,0.17925995895163035
1183,3,593,0.6000000000000001,11,0.04115669278760723,0.20679002134010574
1183,3,596,0.65,9,0.043576508530695786,0.18056023345422492
1183,3,602,0.55,13,0.02436203107804327,0.19211069589071275
1183,3,610,0.65,9,0.040223121669660605,0.17163350241046843
1183,3,611,0.5,13,0.0592425715828448,0.19912808026615011
1183,3,612,0.7000000000000001,7,0.05155723903439758,0.20591747469743213
1183,3,619,0.65,7,0.028696892701118012,0.18332011513904886
1183,3,620,0.55,9,0.03807817317638593,0.1689165495429893
1183,3,624,0.7000000000000001,6,0.025660253306050464,0.13437020295383503
1183,3,639,0.7000000000000001,5,0.044823731618836384,0.1794006969835683
1183,3,640,0.6000000000000001,7,0.04431125333418035,0.19325770290639843
1183,3,648,0.7000000000000001,6,0.03157135353090326,0.21362133919455398
1183,3,654,0.6000000000000001,14,0.04752391996619707,0.17444517308392157
1183,3,658,0.65,9,0.03252175821794391,0.21088130042629338
1183,3,662,0.7000000000000001,11,0.046970154515813,0.21006147305431921
1183,3,667,0.7000000000000001,14,0.04071699639791673,0.1891492598910402
1183,3,668,0.6000000000000001,8,0.034024423670076354,0.17230646663736435
1183,3,670,0.7000000000000001,11,0.03472871058375913,0.17526152989550112
1183,3,672,0.7000000000000001,13,0.03362306391299703,0.18159073191026445
1183,3,683,0.65,9,0.03748548418011675,0.22879453053152032
1183,3,689,0.6000000000000001,10,0.05525229231762289,0.20810904036178884
1183,3,695,0.7000000000000001,6,0.05005683080586988,0.16843377081473246
1184,4,0,0.55,10,0.02566629142282511,0.19789197642135542
1184,4,1,0.9,4,0.03717486734540813,0.14249918804137224
1184,4,2,0.9500000000000001,14,0.04961837731178148,0.1936561564072047
1184,4,3,0.8500000000000001,9,0.05252625355581298,0.19811897447010754
1184,4,4,0.7000000000000001,7,0.03532347920440866,0.21917630806708743
1184,4,5,0.9500000000000001,7,0.04282631839478322,0.17385998968604738
1184,4,6,0.75,7,0.04589034864659243,0.1738168878813647
1184,4,7,0.6000000000000001,12,0.027269407116583714,0.20949905949385159
1184,4,9,0.8,11,0.045442121065115026,0.1749433347783732
1184,4,10,0.6000000000000001,10,0.03386207284015188,0.20150006801873133
1184,4,11,0.9500000000000001,2,0.039921034268057,0.15520063691552527
1184,4,12,0.75,12,0.03445870797648228,0.19415624782942772
1184,4,13,0.6000000000000001,11,0.03538062517177006,0.18948672428164393
1184,4,14,0.8500000000000001,5,0.03094148285220796,0.16395806897747808
1184,4,15,1.0,5,0.030027281068643268,0.14463927085379358
1184,4,16,0.9,5,0.055827658265456714,0.17620118555722555
1184,4,17,0.6000000000000001,13,0.030374841660772357,0.21628327213577858
1184,4,18,0.6000000000000001,7,0.02840278498280547,0.21117806540447676
1184,4,19,0.55,10,0.03524349963339515,0.19577962051400064
1184,4,20,0.7000000000000001,15,0.04942097401343206,0.19519060963894247
1184,4,21,1.0,2,0.08982220870556427,0.16846900333712814
1184,4,22,1.0,2,0.01556843534677035,0.11596365666643596
1184,4,23,0.6000000000000001,11,0.05187193045092904,0.20315125525848787
1184,4,24,0.9500000000000001,11,0.0512662995613626,0.1880425916199308
1184,4,25,0.9500000000000001,8,0.04216674128516801,0.18865351573964673
1184,4,27,1.0,12,0.037492084683474355,0.20472627184682535
1184,4,28,0.7000000000000001,13,0.05050347134017792,0.19370600900238288
1184,4,29,0.65,13,0.03716533417447853,0.19729596777393435
1184,4,31,0.7000000000000001,8,0.05759634276210713,0.1900661470646716
1184,4,32,0.7000000000000001,9,0.02344485531724413,0.24061029794671368
1184,4,33,1.0,16,0.04824224129958489,0.20366371255157412
1184,4,34,0.65,7,0.01749955224192202,0.20697540068566694
1184,4,35,0.7000000000000001,13,0.04108337795474146,0.20818450189464552
1184,4,36,0.5,17,0.040154538792002946,0.21853659294169453
1184,4,37,0.65,15,0.033814248573592574,0.20404803599051405
1184,4,38,0.9,3,0.025624641592278896,0.1294145094793071
1184,4,39,0.8,12,0.05431624964278129,0.20857361346826098
1184,4,40,0.75,9,0.047234761552130224,0.18161331478787035
1184,4,41,0.8500000000000001,11,0.042387340307813645,0.1888089220982119
1184,4,42,0.65,11,0.05368562197489918,0.19833535558415116
1184,4,43,0.65,7,0.04621209310129826,0.18663051306269704
1184,4,44,0.75,9,0.042221820164992846,0.19122783199291876
1184,4,45,0.75,10,0.044253003524823774,0.183889325557776
1184,4,46,0.6000000000000001,10,0.04215194730979147,0.2099930168451904
1184,4,47,0.8,8,0.048487774913811385,0.17101464160186092
1184,4,48,0.6000000000000001,11,0.0350004296384784,0.22078238612877
1184,4,49,1.0,2,0.003503792207985519,0.10247755523013516
1184,4,50,1.0,14,0.056251794494659016,0.20474111470699805
1184,4,51,0.9500000000000001,5,0.04368669625393912,0.17159706686080614
1184,4,52,0.7000000000000001,5,0.026297354178632673,0.15787025385834036
1184,4,53,0.65,10,0.06151278798390784,0.19281774119375186
1184,4,54,0.75,12,0.049727796975651724,0.18191838044956532
1184,4,55,0.7000000000000001,11,0.04677571498390078,0.2036895487592851
1184,4,56,0.65,11,0.03493349204275776,0.18126204409576127
1184,4,57,0.65,8,0.03953920305315422,0.2229888744192196
1184,4,58,0.9500000000000001,7,0.05385204495880429,0.18630593836515327
1184,4,60,0.6000000000000001,10,0.049344071745946794,0.19047231055859842
1184,4,62,0.65,8,0.041208482780241945,0.22231169588625127
1184,4,63,0.9,10,0.03029363762045282,0.19227973831745243
1184,4,64,0.75,12,0.05629067959305031,0.19840605878958364
1184,4,65,1.0,8,0.0484940800515499,0.1922031191765973
1184,4,66,0.6000000000000001,11,0.060686118921512856,0.22172495721299426
1184,4,68,0.8,14,0.04883069882129138,0.2054922201108079
1184,4,69,0.9500000000000001,10,0.03679465756964875,0.169972890073317
1184,4,73,0.65,11,0.03970640421761347,0.17407479018115055
1184,4,75,0.65,12,0.05431570908076595,0.1827070700237902
1184,4,76,0.65,12,0.045617807105098065,0.18129568257687442
1184,4,77,0.5,10,0.04125669136624275,0.230738096605717
1184,4,78,0.7000000000000001,8,0.03577382954677037,0.21749480760914824
1184,4,79,0.6000000000000001,9,0.056314763463589435,0.20821830728162732
1184,4,80,0.75,11,0.025219341869089154,0.2101391823779809
1184,4,81,0.7000000000000001,22,0.052267046095818136,0.19901059248368763
1184,4,82,1.0,11,0.04696895326993027,0.20188189171344806
1184,4,85,0.7000000000000001,13,0.04556430149066109,0.2060416487383584
1184,4,86,0.65,8,0.05418185090005561,0.2126703442986334
1184,4,87,0.7000000000000001,8,0.04255324284178464,0.18991199882080198
1184,4,89,0.65,17,0.04156394512793197,0.2059279452923545
1184,4,90,0.9,10,0.04087971168169762,0.18325012332734172
1184,4,93,0.8,6,0.034962997309161706,0.15095885158296282
1184,4,95,0.55,10,0.03255519728960269,0.21170932214182975
1184,4,98,0.75,7,0.03312971097091098,0.21146541636796984
1184,4,99,0.8500000000000001,13,0.06412984391208108,0.21298081475637692
1184,4,101,0.8500000000000001,7,0.03661478884075496,0.19822499090857212
1184,4,102,0.6000000000000001,11,0.05220608139220898,0.20169173573143845
1184,4,105,0.6000000000000001,10,0.03663122040073105,0.19228186462996422
1184,4,111,0.7000000000000001,7,0.044173778666167146,0.20008516268752072
1184,4,112,0.55,10,0.03187411769897497,0.1763356064135563
1184,4,113,0.75,8,0.05136998519128196,0.1908598703576645
1184,4,114,0.5,12,0.02835102873247838,0.20963676155839342
1184,4,115,0.75,8,0.03653732840451258,0.21715218095610633
1184,4,116,0.6000000000000001,17,0.03217369585980669,0.20692388766364195
1184,4,117,0.65,8,0.05382883218009088,0.20769988408398554
1184,4,121,0.65,11,0.04578847260149285,0.22462484052675116
1184,4,123,0.65,12,0.05074730869115994,0.20240179914526582
1184,4,125,0.6000000000000001,8,0.04395044074077026,0.19658916534946383
1184,4,127,0.6000000000000001,13,0.04244982889203406,0.20042105516625283
1184,4,130,0.75,11,0.05784628194329264,0.1841522880778393
1184,4,133,0.8,16,0.03238632736011058,0.22294799027263784
1184,4,134,0.6000000000000001,10,0.04638119017666397,0.20986333463475573
1184,4,139,0.55,7,0.05081562432560591,0.19901192127161949
1184,4,140,0.5,14,0.03657819303480157,0.21743301337518955
1184,4,141,0.7000000000000001,7,0.05531997660632549,0.20522200329497747
1184,4,149,0.55,12,0.05103296667201579,0.19512941641771098
1184,4,150,0.65,12,0.03437101632812647,0.20622835343816318
1184,4,153,0.65,9,0.05219814823432723,0.19568874118811327
1184,4,155,0.5,10,0.03423970781534139,0.20838494768964827
1184,4,157,0.65,17,0.037395479675711135,0.22210935118555214
1184,4,158,0.7000000000000001,7,0.02575302289766714,0.2250913858449983
1184,4,160,0.6000000000000001,10,0.03660022418921576,0.20459732027191632
1184,4,161,0.7000000000000001,8,0.04533741722406221,0.22203348287494992
1184,4,162,0.55,10,0.03572472485418277,0.2156113262563446
1184,4,166,0.7000000000000001,7,0.047259395082793754,0.17536405498147323
1184,4,170,0.55,12,0.03283880131753697,0.2230579322822502
1184,4,171,0.65,7,0.05447709290895233,0.20298703748699035
1184,4,173,0.65,7,0.04702641966379144,0.21519606321593368
1184,4,174,0.6000000000000001,9,0.035314913197352166,0.22906365184057254
1184,4,175,0.75,9,0.04196341077768714,0.19549926604530382
1184,4,178,0.6000000000000001,9,0.047765365282442324,0.1999084183225558
1184,4,186,0.8,4,0.02494631647740302,0.2136244652445985
1184,4,188,0.8,7,0.031080587110294978,0.2116415366630468
1184,4,189,0.7000000000000001,9,0.04511089713798664,0.22603261612424363
1184,4,193,0.6000000000000001,10,0.0441873949259364,0.1961273582605098
1184,4,195,0.65,11,0.03721245249667671,0.22209137519122082
1184,4,198,0.6000000000000001,9,0.042636151601117014,0.2105672533679735
1184,4,206,0.7000000000000001,6,0.07290194385118005,0.20610785079703162
1184,4,210,0.65,11,0.040996922428913944,0.22407072147877063
1184,4,215,0.5,9,0.028662713238398724,0.21278962932939585
1184,4,217,0.55,10,0.042459027185517265,0.1749533410694819
1184,4,218,0.5,12,0.05596191602337555,0.2079942397754033
1184,4,221,0.65,11,0.043572735506205884,0.21476878591651236
1184,4,231,0.65,11,0.038516296091960195,0.19359627634917953
1184,4,232,0.65,15,0.05341334780762198,0.20174339935930943
1184,4,235,0.6000000000000001,15,0.05137791223991452,0.20744648037928537
1184,4,236,0.5,9,0.025539349584228703,0.20491273235829366
1184,4,239,0.6000000000000001,15,0.0407975786443194,0.2119006725630907
1184,4,243,0.65,6,0.05802146221066638,0.1995597087224946
1184,4,249,0.7000000000000001,8,0.04614471280332909,0.21376042435591502
1184,4,251,0.6000000000000001,11,0.04581828403539343,0.17908964841974215
1184,4,254,0.8,14,0.04814103324919444,0.21954222305638113
1184,4,258,0.75,7,0.03626434315484964,0.20765530087413384
1184,4,259,1.0,9,0.045802073281692356,0.22276375079041477
1184,4,260,0.55,13,0.03585515120411908,0.21947727772084566
1184,4,263,0.75,5,0.07443383253155723,0.19840062242579323
1184,4,273,0.6000000000000001,8,0.052790591084910285,0.21350301826440288
1184,4,274,0.8500000000000001,6,0.02316759111182301,0.2357983778649372
1184,4,276,0.6000000000000001,10,0.03188850725490819,0.18931236073922986
1184,4,277,0.7000000000000001,13,0.04741417964664278,0.20793930448551723
1184,4,278,0.65,11,0.0575972125672169,0.20328819847260748
1184,4,281,0.75,8,0.023445417934590804,0.21748532022752606
1184,4,292,0.7000000000000001,6,0.03956215678899942,0.2428543265387052
1184,4,294,0.65,8,0.04565164120341728,0.217370924486942
1184,4,295,0.65,8,0.037762207235591184,0.22986872309717823
1184,4,296,0.7000000000000001,13,0.05715814858683304,0.20708432688925707
1184,4,298,0.8,5,0.05471323449152679,0.22443476295176595
1184,4,303,0.65,10,0.052457890844843216,0.2008800768200955
1184,4,306,0.75,15,0.044223343762679224,0.21335917082629038
1184,4,311,0.7000000000000001,13,0.039055476581965606,0.22416274137739275
1184,4,312,0.6000000000000001,12,0.031374230995043724,0.20127159536840045
1184,4,325,0.6000000000000001,10,0.033794664887057145,0.21647885201142675
1184,4,326,0.65,16,0.03634450088043904,0.20800230192998714
1184,4,329,0.5,13,0.0549217670306479,0.2183975091233999
1184,4,331,0.6000000000000001,22,0.045403977004211435,0.2080339193733295
1184,4,334,0.6000000000000001,12,0.05123683361526803,0.19274678684389623
1184,4,339,0.65,8,0.025922301345306438,0.212995029710882
1184,4,341,0.65,13,0.04621498367828693,0.20531681511138233
1184,4,343,0.65,10,0.039880281865547824,0.2144730167885684
1184,4,345,0.6000000000000001,14,0.05092928879701549,0.2059416838525355
1184,4,360,0.8,10,0.039846683408136414,0.19612566700503212
1184,4,365,0.65,10,0.05318733139599257,0.189970175677596
1184,4,366,0.65,8,0.05208892288362851,0.23096855516247222
1184,4,367,0.6000000000000001,10,0.03662860088781551,0.20853059816076872
1184,4,371,0.5,9,0.04116269364245155,0.1924297113971545
1184,4,374,0.6000000000000001,12,0.03881946595606232,0.20667151550212345
1184,4,382,0.6000000000000001,10,0.03613141901252079,0.20139826933846589
1184,4,385,0.65,13,0.03369924123154023,0.20744965566519705
1184,4,397,0.7000000000000001,16,0.03836341719784649,0.2171151696613259
1184,4,402,0.7000000000000001,7,0.0483214212410614,0.20501968500489287
1184,4,405,0.65,8,0.058073011376065554,0.20268845893496645
1184,4,406,0.55,10,0.02805867160193818,0.20236846814230808
1184,4,408,0.65,14,0.04599820084493813,0.2048074116827962
1184,4,411,0.55,10,0.049768233035126334,0.19008864318419091
1184,4,415,0.6000000000000001,10,0.0414618057090926,0.2283841599900461
1184,4,417,0.55,14,0.04444857025374914,0.1951487269255481
1184,4,431,0.6000000000000001,11,0.06379271153367609,0.1920843119353715
1184,4,432,0.7000000000000001,9,0.03733295447151043,0.21980483521570793
1184,4,436,0.5,7,0.03550281102813762,0.17113135557488152
1184,4,449,0.6000000000000001,9,0.0526339972043193,0.2035708968419883
1184,4,452,0.8500000000000001,13,0.05187856952383334,0.21327211617643613
1184,4,454,0.65,13,0.04578358226931982,0.18601670399674017
1184,4,461,0.55,12,0.03397688873057136,0.22164264833376668
1184,4,462,0.8500000000000001,9,0.05527529106150292,0.16510349996547757
1184,4,472,0.65,15,0.04149669063923259,0.20693541399270748
1184,4,477,0.65,13,0.0515726080354173,0.1878165107139792
1184,4,478,0.6000000000000001,7,0.03396719346898165,0.20508244013491175
1184,4,479,0.7000000000000001,14,0.04925229844967189,0.20836837488198914
1184,4,486,0.65,6,0.044662280493207515,0.1867392670849287
1184,4,487,0.65,8,0.03930286852675018,0.22935770044459353
1184,4,489,0.75,16,0.030419745872262746,0.19408465872212435
1184,4,493,0.5,17,0.04477825480752177,0.17866103895176377
1184,4,495,0.55,11,0.04255245307421962,0.20191817499427298
1184,4,502,0.55,7,0.031146851782577884,0.18539208891676942
1184,4,505,0.6000000000000001,8,0.053004136363006,0.20182722078876522
1184,4,515,0.6000000000000001,10,0.06275987759292573,0.18322694907473724
1184,4,521,0.5,11,0.036623243216833204,0.19444580305891757
1184,4,522,0.5,10,0.05841460273723527,0.18966525124330785
1184,4,524,0.7000000000000001,8,0.0522888952884299,0.2227860928090388
1184,4,528,0.7000000000000001,12,0.04928614685525554,0.2038780292343341
1184,4,529,0.5,11,0.05210767419813126,0.1967722269206596
1184,4,540,0.6000000000000001,10,0.04298129037085892,0.20994459625756606
1184,4,542,0.8500000000000001,11,0.049085746845679734,0.19093808804557308
1184,4,544,0.65,17,0.04415170980321855,0.21161635229208778
1184,4,546,0.7000000000000001,14,0.04958276576773193,0.2041524692063205
1184,4,549,0.65,9,0.04070471580635244,0.20700007997791708
1184,4,551,0.7000000000000001,15,0.04054969130428335,0.22511484259042733
1184,4,562,0.65,12,0.04705325732214487,0.20981017320421513
1184,4,563,0.8,6,0.05354553401128314,0.21000941900768985
1184,4,568,0.75,9,0.030306430454919514,0.1887004950143022
1184,4,580,1.0,13,0.05460238593079046,0.1897128794512849
1184,4,586,0.55,10,0.04943789952851438,0.20956209891977468
1184,4,593,0.55,12,0.03758056643277701,0.18559237416781446
1184,4,594,0.6000000000000001,11,0.046863346164349444,0.2023574243017601
1184,4,598,0.6000000000000001,12,0.05587774503650432,0.19608402335273858
1184,4,602,0.8,7,0.04687005898460511,0.17929176308652714
1184,4,604,0.6000000000000001,15,0.039756082342060996,0.2196972851096544
1184,4,613,0.65,7,0.050641100822374094,0.19082251735114322
1184,4,615,0.55,9,0.03303765586293652,0.21686561410150956
1184,4,616,0.7000000000000001,8,0.06196161412329113,0.19848259662012296
1184,4,617,0.65,7,0.03393817830092538,0.1827933484784207
1184,4,619,0.7000000000000001,7,0.025052141977515492,0.21629263538931534
1184,4,625,0.8500000000000001,13,0.03329294874717166,0.241613497300599
1184,4,626,0.65,12,0.04809927550827905,0.20357774942775927
1184,4,627,0.5,11,0.046730054523597866,0.18647283828924677
1184,4,628,0.65,19,0.04892089175444266,0.2098585184086485
1184,4,637,0.55,11,0.03969482576254535,0.2095988143727176
1184,4,644,0.7000000000000001,15,0.0458886571230237,0.1976615863080449
1184,4,645,0.55,15,0.03054966852331036,0.17891826313076659
1184,4,653,0.6000000000000001,7,0.04252759640686545,0.19603209841657002
1184,4,654,0.75,9,0.0600627037483535,0.18698996320239614
1184,4,660,0.75,8,0.05581715513279406,0.17641252449485
1184,4,666,0.7000000000000001,13,0.03114012489033849,0.23487420492440605
1184,4,673,0.65,10,0.053119758375446365,0.206015490468923
1184,4,678,0.6000000000000001,11,0.050992947459176104,0.17633435976166903
1184,4,686,0.5,9,0.058722890190621393,0.21682544270555498
