scenario_id,cell_id,block,log_family,cost_type,alpha,rep,seed,sharing_rule,lookback,cross_corr,alpha_endogenous,elapsed_seconds,ms_per_step,cost_multiplier,floor_c,K_median,K_eff_over_K_median,floor_hit_rate_standalone,floor_hit_rate_member,mergers_per_period,proposals_per_period,exits_per_period,acceptance_rate,hill_exponent_median,hill_exponent_p25,hill_exponent_p75,hhi_within_median,hhi_within_p25,hhi_within_p75,hhi_aggregate_median,hhi_aggregate_p25,hhi_aggregate_p75,top10_aggregate_median,top10_aggregate_p25,top10_aggregate_p75,cong_capital_share_median,cong_capital_share_p25,cong_capital_share_p75,K_post_burnin_median,K_post_burnin_p25,K_post_burnin_p75,K_eff_post_burnin_median,K_eff_post_burnin_p25,K_eff_post_burnin_p75,alpha_adopted_median,alpha_adopted_mean,alpha_adopted_std,assortativity_ratio,assortativity_n_conglom
0,0,main,normal,linear,0.0,0,42,proportional,50,0.0,False,112.8651704788208,10.260470043529164,1.0,0.12717,,,0.07650573333333334,0.0,0.0,125.14833333333333,0.0,0.0,1.0797068631693287,1.0347564362478625,1.1214173869719657,0.17473722744959835,0.16550880695499093,0.18744878296382136,0.0034947445489919666,0.0033101761390998165,0.0037489756592764267,0.6469696792566844,0.6311202547273949,0.6592150937816671,0.0,0.0,0.0,,,,,,,,,,,0
1,0,main,normal,linear,0.0,1,43,proportional,50,0.0,False,114.45548486709595,10.405044078826904,1.0,0.12717,,,0.08439253333333334,0.0,0.0,124.92366666666666,0.0,0.0,1.0962498816191992,1.0655321366345256,1.1292042322630431,0.17019161288252938,0.15772953217057853,0.18431913644759118,0.003403832257650586,0.0031545906434115706,0.0036863827289518236,0.642404912178288,0.6315272540696413,0.6552113520114591,0.0,0.0,0.0,,,,,,,,,,,0
2,0,main,normal,linear,0.0,2,44,proportional,50,0.0,False,115.00218415260315,10.454744013873013,1.0,0.12717,,,0.0797056,0.0,0.0,124.75266666666667,0.0,0.0,1.0784160880156552,1.0399136575481036,1.1357396081321627,0.16952897878926632,0.1622522570564221,0.18204162883771444,0.003390579575785326,0.003245045141128442,0.0036408325767542877,0.6430266264480975,0.6329840421889626,0.6496397061607937,0.0,0.0,0.0,,,,,,,,,,,0
3,0,main,normal,linear,0.0,3,45,proportional,50,0.0,False,121.57770729064941,11.052518844604492,1.0,0.12717,,,0.08847466666666666,0.0,0.0,125.038,0.0,0.0,1.0923602420050016,1.0503317197146005,1.1359805852462026,0.16780291820093046,0.15793096099139714,0.17444766358345903,0.00335605836401861,0.0031586192198279424,0.0034889532716691806,0.6419683779345162,0.6301336573318956,0.6519145769905221,0.0,0.0,0.0,,,,,,,,,,,0
4,0,main,normal,linear,0.0,4,46,proportional,50,0.0,False,116.90672731399536,10.627884301272305,1.0,0.12717,,,0.08071106666666666,0.0,0.0,124.811,0.0,0.0,1.062187909957561,1.0279882930310178,1.1061094781858678,0.17429992812396922,0.16674807227432964,0.18744905065908907,0.003485998562479384,0.0033349614454865916,0.0037489810131817814,0.6452421755477582,0.6384623767429352,0.6606549850219079,0.0,0.0,0.0,,,,,,,,,,,0
5,0,main,normal,linear,0.01,0,42,proportional,50,0.0,False,117.39700222015381,10.672454747286709,1.0,0.12717,2.0,0.873226596976678,0.07640186666666667,0.00010293333333333333,0.029333333333333333,125.12366666666667,0.028666666666666667,0.00023443473257124284,1.079700958093385,1.03475080736171,1.1214722541530757,0.174742253198995,0.16549974460638062,0.18745025183441666,0.0034950083832849003,0.003310358270447196,0.003749156781063379,0.6463334980968323,0.6303110997182289,0.6588911309892426,0.0007812013395013332,0.00016918716936298875,0.0013832735069187296,2.0,2.0,2.0,1.746453193953356,1.4275358556991238,1.914976557050232,,,,2.418801160658916,3
6,0,main,normal,linear,0.01,1,43,proportional,50,0.0,False,119.60256147384644,10.872960133986039,1.0,0.12717,2.0,0.8783590849409297,0.08405013333333333,0.0003388,0.09433333333333334,125.129,0.09233333333333334,0.000753888653576176,1.0963003974190257,1.0664456264379474,1.1311816360312925,0.1702158659646416,0.15766418026669837,0.1843084217263553,0.003405297993762653,0.0031576307116521467,0.00368807475420246,0.6420856576074558,0.6311353157066438,0.6547093716664377,0.003972796949105675,0.002391155515001492,0.006230899844001076,2.0,2.0,2.0,1.7616272584020483,1.4508011670580485,1.9640128654218034,,,,0.8394332389348198,9
7,0,main,normal,linear,0.01,2,44,proportional,50,0.0,False,120.92873692512512,10.99352153864774,1.0,0.12717,2.0,0.9001915007507356,0.0794192,0.00027946666666666667,0.07866666666666666,124.84333333333333,0.077,0.0006301230876031292,1.0786521297740217,1.0418118512758272,1.1357790263601353,0.16953586607540744,0.1622587894676629,0.18206227218550464,0.0033912126042657835,0.0032460353958402594,0.0036415010055105613,0.6427742155685343,0.6327378501857998,0.6496472417325623,0.002010793525608506,0.0014255821546880687,0.004290873465642284,2.0,2.0,2.0,1.8245391344430142,1.5168508993935594,1.9552575562390375,,,,1.1256907112426857,8
8,0,main,normal,linear,0.01,3,45,proportional,50,0.0,False,119.76507139205933,10.887733762914484,1.0,0.12717,2.0,0.898801604595357,0.088034,0.000434,0.126,124.64666666666666,0.12666666666666668,0.0010108573567952077,1.0922210305444033,1.0503730557062523,1.1359935350467574,0.16780452462228193,0.15791330728476644,0.17446456660995735,0.0033617585252903558,0.0031639575548463987,0.003490495424641344,0.6416887552291961,0.629049555257366,0.652074617627904,0.004558213653569487,0.0030932174522341357,0.006644227768568283,2.0,2.0,2.0,1.80559088937634,1.4963018098771437,1.9648207177665427,,,,1.3682103012874913,7
9,0,main,normal,linear,0.01,4,46,proportional,50,0.0,False,117.09708619117737,10.645189653743397,1.0,0.12717,2.0,0.892577620764209,0.08051173333333334,0.00019933333333333334,0.06166666666666667,124.863,0.063,0.0004938746199167621,1.062242046145786,1.0278985635213527,1.106163975385403,0.17429441571432525,0.16675787713961335,0.18745740231493743,0.003486228340159639,0.0033367055237471153,0.0037495092130982815,0.644721433229692,0.6379597629994662,0.6601311491120836,0.0024443886760704137,0.0011148251818530572,0.00419252396672078,2.0,2.0,2.0,1.785155241528418,1.5084191739661208,1.9392461922632311,,,,0.6665852118569685,2
10,0,main,normal,linear,0.02,0,42,proportional,50,0.0,False,117.65887403488159,10.696261275898326,1.0,0.12717,2.0,0.8985756378086441,0.07428826666666667,0.0021722666666666667,0.7873333333333333,124.898,0.7856666666666666,0.006303810576096761,1.0798553277060359,1.0314871619087231,1.1255298669142588,0.17475280129861015,0.16555325623093092,0.18758812005409625,0.0035095643833624296,0.003326117329423692,0.0037640658829403784,0.6460796781825919,0.6310782875087784,0.6593026330492091,0.029071487411881716,0.02493620531686181,0.03291661398900556,2.0,2.0,2.0,1.8276905978644036,1.5360588248819949,1.9646790285994795,,,,0.6313792871112573,48
11,0,main,normal,linear,0.02,1,43,proportional,50,0.0,False,121.0437068939209,11.003973353992809,1.0,0.12717,2.0,0.895377705500028,0.0803884,0.003898266666666667,1.341,124.91333333333333,1.3423333333333334,0.010735443240646849,1.0956703787688826,1.0594618069891035,1.1319523493817751,0.17019748449311187,0.1574994440346926,0.18420570604206196,0.0034325538409776682,0.003229876627593486,0.0036996745296661625,0.6402794449757678,0.6311842786187726,0.654587472919739,0.05422512364816513,0.04980750603700651,0.060830878660269296,2.0,2.0,2.0,1.8314821146467477,1.5425884087505137,1.971300526685864,,,,0.7932282212103402,67
12,0,main,normal,linear,0.02,2,44,proportional,50,0.0,False,118.903559923172,10.80941453847018,1.0,0.12717,2.0,0.8956698539438044,0.07628493333333333,0.0033264,1.1876666666666666,124.84266666666667,1.1903333333333332,0.009513307416267942,1.075537082248466,1.0378712960673642,1.1331336465815485,0.16947700142545663,0.16229715412447288,0.1819933139983303,0.003422275845351329,0.003271675842504472,0.003657272558680354,0.6424187360993792,0.6329263053160948,0.6497248815956131,0.04613719366918489,0.03985346457016796,0.051702886254456924,2.0,2.0,2.0,1.8190031396339454,1.538010082096281,1.9729818070881566,,,,1.04174529049118,61
13,0,main,normal,linear,0.02,3,45,proportional,50,0.0,False,120.92577505111694,10.993252277374268,1.0,0.12717,2.0,0.8923284762123631,0.08366586666666667,0.004699333333333333,1.569,124.572,1.5773333333333333,0.01259512571043252,1.0944859770668833,1.0566158805833195,1.1359074783664795,0.16779095516538567,0.15804978413116216,0.17436805058475024,0.0033984655379113607,0.003209422052888885,0.003511923003807084,0.642318305918939,0.6290358338045394,0.6510087363110865,0.061246512170647485,0.055616986593125854,0.07498362900208691,2.0,2.0,2.0,1.8300582109611212,1.539842488826281,1.973539899711095,,,,0.8800791304349069,78
14,0,main,normal,linear,0.02,4,46,proportional,50,0.0,False,117.73555183410645,10.703231984918768,1.0,0.12717,2.0,0.8969782518606026,0.07763573333333333,0.0030016,1.034,124.889,1.043,0.008279352064633394,1.062219791932497,1.0315429585229408,1.1038574846527966,0.174248108570171,0.16672490552306476,0.1873469166950736,0.003524217790680885,0.003361433837137559,0.0037747733130406853,0.6444317162579383,0.637447068323304,0.6594171261955679,0.03971551371942142,0.03523209316918828,0.045739280204802515,2.0,2.0,2.0,1.8259634670238079,1.5421019392452635,1.9686798052034293,,,,0.8445629868793852,49
15,0,main,normal,linear,0.05,0,42,proportional,50,0.0,False,118.8530912399292,10.8048264763572,1.0,0.12717,2.0,0.8753245815819228,0.06815226666666667,0.007860533333333333,3.417666666666667,124.668,3.4206666666666665,0.02741414530325879,1.0853953330905934,1.037815860995283,1.119819631011545,0.17465804541364507,0.16580890815681157,0.1874591256351681,0.0036245628821435583,0.003394476723908051,0.0038281633858389588,0.6452449680227326,0.6302133529266232,0.6598499182846611,0.12910819638450735,0.11718284308116017,0.14757419266863708,2.0,2.0,2.0,1.8397345160620617,1.5445862696635213,1.9823468798131783,,,,0.900184844521643,146
16,0,main,normal,linear,0.05,1,43,proportional,50,0.0,False,123.27101349830627,11.206455772573298,1.0,0.12717,2.0,0.8529157720118156,0.07455426666666666,0.009261333333333333,3.6416666666666666,124.54066666666667,3.638333333333333,0.029240783465641743,1.0992855534830703,1.066526609230777,1.134842581215909,0.17002587811675102,0.15750882405174071,0.18438729132534254,0.0035191903079119314,0.0032823275886575977,0.0038172088369011464,0.6415999825826928,0.6319404521015553,0.652048480416188,0.15723710819466669,0.14028958780541925,0.17554911367379464,2.0,2.0,2.0,1.8264338784207792,1.5043778712880054,1.982656982470282,,,,0.9257972406085827,173
17,0,main,normal,linear,0.05,2,44,proportional,50,0.0,False,128.59725308418274,11.69065937128934,1.0,0.12717,2.0,0.8669820825858221,0.07019426666666667,0.008998,3.7123333333333335,124.554,3.7186666666666666,0.029805010945721,1.0868534801701037,1.0476439230384305,1.1428854614563362,0.16932487417892217,0.16122387089322882,0.18179308919117926,0.0035715061262829237,0.0033099931880451934,0.003764368391872954,0.6430904870156383,0.6323631422719144,0.6500475749983379,0.14695957421913303,0.13380356004964086,0.16716234518290005,2.0,2.0,2.0,1.846806328714864,1.531545409701964,1.98635563887032,,,,0.8026006480114027,182
18,0,main,normal,linear,0.05,3,45,proportional,50,0.0,False,130.26040172576904,11.84185470234264,1.0,0.12717,2.0,0.8574536517714618,0.07782466666666667,0.0100468,3.7953333333333332,124.10166666666667,3.798,0.030582452559057758,1.087306558875182,1.0508799975202945,1.1410540742158384,0.16743828060642793,0.15739273712273907,0.1741355452153916,0.003502177697972458,0.003311246374637298,0.003638814065027099,0.6432643728933425,0.6325918241376652,0.6524961123390229,0.1681506823980719,0.15216618419103378,0.19165915540903727,2.0,2.0,2.0,1.8314454270599256,1.5225723985019837,1.9859309340523907,,,,0.8991116922129438,183
19,0,main,normal,linear,0.05,4,46,proportional,50,0.0,False,130.3427197933197,11.849338163029064,1.0,0.12717,2.0,0.8748436112705927,0.07183186666666666,0.008327866666666666,3.4736666666666665,124.555,3.4833333333333334,0.02788861680917399,1.0694545839141971,1.0382525512631617,1.0984063384268814,0.1735285378589136,0.1663307791019615,0.18709073693988496,0.003582794161253378,0.003414186392399282,0.0038202679855669393,0.6442138863740574,0.6379902550553255,0.6567134569779114,0.13603621403896665,0.12558071190332504,0.1528850296345047,2.0,2.0,2.0,1.8404141624117014,1.5470535637166112,1.9819770605914218,,,,0.9507824313976897,161
20,0,main,normal,linear,0.1,0,42,proportional,50,0.0,False,129.4034469127655,11.76394971934232,1.0,0.12717,2.0,0.8558068157395103,0.06501426666666667,0.010304666666666667,4.6146666666666665,124.14333333333333,4.622,0.03717208602958945,1.0852481368533138,1.0449145489651526,1.1155981656541138,0.17199206462148442,0.16595383711631506,0.18859535734206004,0.003607682688108317,0.0034877146843757902,0.003911001933071151,0.6469064374940654,0.6322660381766942,0.658318758760931,0.1833103024955387,0.17346883848800515,0.19875728697452602,2.0,2.0,2.0,1.8439469528449524,1.5286987685930231,1.9897748134547197,,,,0.9006403921825664,189
21,0,main,normal,linear,0.1,1,43,proportional,50,0.0,False,130.91071462631226,11.900974056937478,1.0,0.12717,2.0,0.8450773556601485,0.07135146666666667,0.0116392,4.7236666666666665,124.24433333333333,4.727333333333333,0.038019171900529336,1.0962367611701693,1.0653942033572839,1.1222146735864258,0.16860077696279763,0.1568001039642535,0.1830398123764396,0.003594897367203129,0.003383523305773264,0.003919683042313024,0.6449174352886464,0.6324943037820705,0.6597329528135453,0.21609671067260366,0.20589889911620438,0.22734704728655025,2.0,2.0,2.0,1.8479389682874245,1.5068814621188211,1.9907764124528695,,,,0.8479989303633979,225
22,0,main,normal,linear,0.1,2,44,proportional,50,0.0,False,130.38695240020752,11.853359309109775,1.0,0.12717,2.0,0.8459306499121497,0.0676268,0.010721466666666667,4.765666666666666,124.02266666666667,4.772333333333333,0.03842577163314233,1.088692445926791,1.0492247819155023,1.1239031449775287,0.16841616596744913,0.16026065025027061,0.17986443705980193,0.00361141028216547,0.0033886363780826693,0.0037758848040350956,0.64482082943908,0.6340206092098708,0.6524374761034768,0.2144834104848467,0.1974841979473867,0.23093831671092843,2.0,2.0,2.0,1.8371498523733512,1.5072533990388268,1.9901693865382464,,,,0.9337740941058277,201
23,0,main,normal,linear,0.1,3,45,proportional,50,0.0,False,155.1114251613617,14.101038651032882,1.0,0.12717,2.0,0.8369514128965043,0.07522373333333333,0.011767466666666667,4.632,123.96433333333333,4.634,0.037365586338005824,1.1037581506581207,1.0550137572955387,1.1474002340168241,0.1670752855244228,0.1570381283173324,0.17300324726632343,0.003520694769268423,0.003347183554461069,0.0036849247319393295,0.6445272648164415,0.6329325676979298,0.6559177345191198,0.22439620358661083,0.1960539842974346,0.23197816741379557,2.0,2.0,2.0,1.8245446592614023,1.4859760173224368,1.988307024249534,,,,0.8176556445827253,200
24,0,main,normal,linear,0.1,4,46,proportional,50,0.0,False,156.95744228363037,14.268858389420943,1.0,0.12717,2.0,0.8500143144845793,0.06873706666666667,0.010646,4.617666666666667,123.915,4.633,0.03726479172551076,1.070856236156481,1.0456539753592131,1.1123613848452625,0.1740408783533779,0.16626392950296268,0.18796613286427002,0.003677186161539859,0.0035208322880329796,0.003919076845828112,0.6476171131520687,0.6399459437881247,0.6605715959360878,0.19925360547192983,0.18644994502357926,0.21104479075486182,2.0,2.0,2.0,1.8357732591028881,1.5099013803933916,1.990528783715793,,,,0.9137431601523107,180
25,0,main,normal,linear,0.2,0,42,proportional,50,0.0,False,152.29717898368835,13.845198089426214,1.0,0.12717,2.0,0.8445908400689489,0.06274346666666666,0.011091866666666667,5.306333333333333,123.744,5.318,0.042881540384449614,1.0807311143991067,1.05158724967037,1.1167558692962147,0.17204312498625712,0.16399776150181164,0.18618098725906487,0.003731130536112997,0.0034743200847641505,0.003913555145588137,0.6490260535023264,0.6331034572528929,0.6610860591918911,0.21829629174920365,0.2081625308075026,0.24774638751541128,2.0,2.0,2.0,1.845462754299101,1.4978203056807158,1.992485629877355,,,,0.8871583982289919,222
26,0,main,normal,linear,0.2,1,43,proportional,50,0.0,False,152.65552687644958,13.877775170586325,1.0,0.12717,2.0,0.8291570073906194,0.06869613333333334,0.012521733333333333,5.389,124.12933333333334,5.375666666666667,0.043414395737778874,1.1046721141744626,1.0816379346489526,1.147725036318522,0.1676638800182529,0.15489211198676966,0.18081751877819374,0.0036274933670798386,0.003358131978944866,0.0038822857593908636,0.6407782238614104,0.6339670726487727,0.6557907626551782,0.26514736817914414,0.2478848814343298,0.28136078193947167,2.0,2.0,3.0,1.8409156146431913,1.480854610719873,1.993071313066613,,,,0.9282256362651092,253
27,0,main,normal,linear,0.2,2,44,proportional,50,0.0,False,149.74424767494202,13.61311342499473,1.0,0.12717,2.0,0.8326993336874724,0.06453493333333334,0.012165066666666667,5.517,123.379,5.525333333333333,0.04471587547313562,1.0980549549256848,1.0623954950705112,1.1335547116315685,0.16526597167687268,0.15731940567200567,0.17683181096683592,0.0036226623974914083,0.003424298029844063,0.0038215842606824047,0.6442341008479355,0.6318838574224073,0.6484860874997957,0.23884869425689997,0.22704333495046505,0.27241360733004627,2.0,2.0,3.0,1.8453888853844147,1.4943824105675492,1.9927714942329429,,,,0.9285617377678047,245
28,0,main,normal,linear,0.2,3,45,proportional,50,0.0,False,152.64682531356812,13.876984119415283,1.0,0.12717,2.0,0.832771087790665,0.07200853333333333,0.013302933333333333,5.349333333333333,123.50533333333334,5.3486666666666665,0.04331256949767351,1.0993456446603784,1.0745135020603258,1.1554286820492954,0.1655796758306874,0.15167705442839605,0.17198983108867458,0.003577474053964657,0.0033322128260548298,0.0037013260552885095,0.6445476249070611,0.630436592698305,0.6528754268695971,0.2593246130313175,0.23382652084590347,0.2776079877579053,2.0,2.0,3.0,1.840256235080149,1.472757176030222,1.9918596120256096,,,,0.8788298920867942,257
29,0,main,normal,linear,0.2,4,46,proportional,50,0.0,False,149.7326672077179,13.612060655247081,1.0,0.12717,2.0,0.8344949546397881,0.06592186666666666,0.0118056,5.361,123.49733333333333,5.364,0.04340984420716237,1.0713110310862102,1.0446733075912196,1.1179792538233722,0.1703877520870769,0.16391751559353934,0.18680125460231983,0.003685153542956716,0.0035033111517492194,0.0038974303284609055,0.6459500697492626,0.6376034245149758,0.6580969438399853,0.2408999927853866,0.22829043779580774,0.2554552922352685,2.0,2.0,3.0,1.8421593867698263,1.4825077208229005,1.993875548967435,,,,0.949080725486575,230
30,0,main,normal,linear,0.3,0,42,proportional,50,0.0,False,153.20984172821045,13.928167429837314,1.0,0.12717,2.0,0.8388872521269004,0.0609664,0.011343866666666667,5.649666666666667,124.067,5.646,0.045537223167052214,1.0865675373301515,1.0495496221732994,1.1145359446039533,0.1722980186648132,0.15915055803185862,0.18146332784128671,0.0036668908506564835,0.00340363675517986,0.003818236226766815,0.6428890989381124,0.6270632613055092,0.6525132051518326,0.2385047956016933,0.2226287346444326,0.26891949726998665,2.0,2.0,2.0,1.8454422273935625,1.5026102578283815,1.9926751364563695,,,,0.8799213412813585,266
31,0,main,normal,linear,0.3,1,43,proportional,50,0.0,False,149.73899126052856,13.612635569138961,1.0,0.12717,2.0,0.8407906134739761,0.06697893333333334,0.012919333333333333,5.604666666666667,123.85666666666667,5.61,0.04525123126194257,1.087264583525143,1.054606629990276,1.1404148137601844,0.16585371410166638,0.15528217465082356,0.18130789852963614,0.0035398079579455196,0.0033606549410200824,0.003849611663600932,0.6400753424227106,0.6311932779425132,0.6485848715822518,0.25734989217365345,0.24315519305716843,0.27035079713021337,2.0,2.0,3.0,1.859117317717059,1.493133852806523,1.9950128513455276,,,,0.9119918681029924,249
32,0,main,normal,linear,0.3,2,44,proportional,50,0.0,False,159.29568552970886,14.48142595724626,1.0,0.12717,2.0,0.8349232628582565,0.06294666666666666,0.012364533333333334,5.710666666666667,123.443,5.72,0.046261567417080485,1.0958098679667663,1.0637665933285576,1.146817229892849,0.16523141488839738,0.1562892209833786,0.17926287373452474,0.0035551469835043053,0.003332506005427856,0.003822444025514744,0.6399261457084774,0.63032809091012,0.6476042954888694,0.25909034338253845,0.23517491451088418,0.2783857187669381,2.0,2.0,3.0,1.8564650924811723,1.495930673913078,1.9949472044065657,,,,1.0067522278486916,222
33,0,main,normal,linear,0.3,3,45,proportional,50,0.0,False,130.64182806015015,11.876529823650014,1.0,0.12717,2.0,0.8350463379879265,0.0700076,0.0136044,5.63,123.562,5.619,0.04556417021414351,1.1275932159882263,1.0916761614894364,1.1603560925909209,0.1637438204033813,0.15171671303140258,0.17068168788469526,0.003545215397197367,0.003407889727472615,0.0037430023880097203,0.6380693206314881,0.62922635124198,0.651885906308838,0.26741687795888736,0.2639093369640322,0.2914267603343049,2.0,2.0,3.0,1.8472479787794291,1.4824235670342591,1.9941831871951454,,,,0.9412537845471418,258
34,0,main,normal,linear,0.3,4,46,proportional,50,0.0,False,127.79152274131775,11.617411158301614,1.0,0.12717,2.0,0.8377616292256032,0.064396,0.012096,5.601,123.71133333333333,5.614333333333334,0.04527475251526403,1.0884960616085566,1.042301306044718,1.1313991031302777,0.16827742238902282,0.1626664676963046,0.1842675405362919,0.003635896073814546,0.0035070333572501454,0.0038748902764139436,0.6387428915968834,0.6361128838654553,0.6561455584888678,0.2537570401472966,0.23437791230604912,0.2638016294133384,2.0,2.0,3.0,1.849762060488702,1.4879312417531776,1.9936852079652163,,,,0.8381563922432229,248
35,0,main,normal,linear,0.4,0,42,proportional,50,0.0,False,127.83962917327881,11.621784470298074,1.0,0.12717,2.0,0.8415465908543729,0.06006653333333333,0.011206933333333334,5.609666666666667,123.83766666666666,5.619,0.0452985494451069,1.100657007332413,1.0533501564467405,1.1305532935214677,0.16911763617841855,0.16163930475502705,0.18414739666772018,0.003635081089950733,0.0034438700213180505,0.003890714948692248,0.6412530885610601,0.6244753853298637,0.6550092523424181,0.23967437211007242,0.22490789101593844,0.2514016722131978,2.0,2.0,3.0,1.8442399509679412,1.4911928318429415,1.9934805148410115,,,,0.8116533849715428,230
36,0,main,normal,linear,0.4,1,43,proportional,50,0.0,False,129.14178776741028,11.740162524310024,1.0,0.12717,2.0,0.8409361282689993,0.06591653333333333,0.012578,5.700333333333333,123.667,5.699666666666666,0.04609421537947337,1.1355285577753866,1.0597598660788734,1.1672297601096209,0.1643427920950542,0.15431180501591746,0.1755505843402591,0.0034618346219035014,0.003333054531895841,0.0037765825689529166,0.6349824181873733,0.6237977507237586,0.6450662597733534,0.261156012486108,0.2507329686181684,0.2770007695871013,2.0,2.0,3.0,1.8610127260796951,1.4905200005668682,1.9948182013885223,,,,0.8900157590235139,259
37,0,main,normal,linear,0.4,2,44,proportional,50,0.0,False,130.64755034446716,11.877050031315196,1.0,0.12717,2.0,0.8372002921833749,0.0618596,0.012044,5.822333333333333,123.48366666666666,5.826,0.04715063530669373,1.1011689613461542,1.0655146762521845,1.1763741247476198,0.1663410301319787,0.15295972257740953,0.17780121272770535,0.003579605464182699,0.003343723552091718,0.00377550808554478,0.6384376969868399,0.623757767245273,0.6433096763830406,0.26081061745979095,0.24200226099824662,0.2753348102410946,2.0,2.0,3.0,1.8468440551998433,1.4954758098434595,1.9945863116739753,,,,0.9715436548312113,259
38,0,main,normal,linear,0.4,3,45,proportional,50,0.0,False,128.56629848480225,11.687845316800205,1.0,0.12717,2.0,0.8351171455872433,0.0690764,0.0133816,5.676666666666667,123.48966666666666,5.673,0.04596875851960623,1.1132296245359519,1.0806676673699869,1.157383972628443,0.1644684718880217,0.15044665517395533,0.1709779997993771,0.003544914620681524,0.0033127359213712846,0.0036596914990045795,0.6408296132312084,0.6326184556054539,0.6473025404927862,0.2697316774006663,0.2583578407304861,0.2938357875225315,2.0,2.0,3.0,1.8456276448984306,1.4773291445077916,1.9947171151060075,,,,0.794335428325059,246
39,0,main,normal,linear,0.4,4,46,proportional,50,0.0,False,130.64405608177185,11.876732371070169,1.0,0.12717,2.0,0.8375293490717162,0.06364066666666666,0.011895333333333334,5.58,123.67733333333334,5.591333333333333,0.045117402272580265,1.0951198295717475,1.0638862650183654,1.111124584396444,0.17278767480274254,0.16458728381554263,0.1870262019210056,0.0036884239152700903,0.0035853071251919608,0.003960515079955729,0.6426176070897116,0.6346928528837374,0.6533143949557889,0.2410303742036395,0.2233354573300075,0.25561558585288086,2.0,2.0,3.0,1.8493892633721916,1.4880777086527786,1.994521442781383,,,,0.7893554020081022,260
40,0,main,normal,linear,0.5,0,42,proportional,50,0.0,False,127.82016062736511,11.620014602487737,1.0,0.12717,2.0,0.8400585945139565,0.06042026666666667,0.010486666666666667,5.397333333333333,123.55566666666667,5.409,0.043683413953764426,1.1032657253076565,1.0383641527825007,1.1244277688079083,0.17209453721367884,0.15950728077556287,0.18640802296529801,0.0036153771814680844,0.003416510610053198,0.003905486646122532,0.6362399654335437,0.6251561475526644,0.654064350427673,0.234479043138494,0.21573635684393233,0.24502783306732023,2.0,2.0,2.0,1.8419533920017241,1.4809204999631371,1.9941800661402453,,,,0.8667702428438969,223
41,0,main,normal,linear,0.5,1,43,proportional,50,0.0,False,157.4449291229248,14.313175374811346,1.0,0.12717,2.0,0.8478056661534512,0.0662432,0.011831466666666667,5.438666666666666,123.91933333333333,5.446666666666666,0.04388876634800058,1.1187671227906337,1.0659612156537799,1.1393005146803628,0.1645938859936094,0.14965745075728756,0.17350018778730988,0.0034606001537803802,0.003271278113133347,0.0037215512021532724,0.6339918952434318,0.6240375100970462,0.6500420874080307,0.2410065357781741,0.21986911014248037,0.2577031864146896,2.0,2.0,3.0,1.8617441393829992,1.487213958546168,1.9952747835515985,,,,0.8756053101557671,227
42,0,main,normal,linear,0.5,2,44,proportional,50,0.0,False,152.27787899971008,13.843443545428189,1.0,0.12717,2.0,0.8449082652208313,0.06164373333333333,0.011342133333333334,5.525,123.34866666666667,5.5376666666666665,0.044791728595904294,1.118239166575207,1.0892150744337952,1.148666956158714,0.16119127651613208,0.156561716177803,0.17525543862875645,0.003466216452529052,0.0033404744583392454,0.003704641310813271,0.6334564804622747,0.6256605316608331,0.6408146626271185,0.24998375844048784,0.23365799889480388,0.25697745416685447,2.0,2.0,2.0,1.8532081594471115,1.490459885734209,1.9944999404596921,,,,0.9357667410340514,247
43,0,main,normal,linear,0.5,3,45,proportional,50,0.0,False,152.6449477672577,13.876813433387063,1.0,0.12717,2.0,0.8504961355091322,0.06912546666666666,0.012689333333333334,5.475333333333333,123.606,5.486,0.044296663053034105,1.1166251138499406,1.088895288078337,1.1401475756678876,0.1634240002438104,0.15315285032992684,0.1724418166191487,0.0034573760410243634,0.00330155860400955,0.0037232410208544553,0.635886522591258,0.628849605911942,0.644261012487605,0.25335062548639814,0.2352065255801555,0.26631317393320014,2.0,2.0,3.0,1.8554203614280131,1.4977653890058131,1.9947304963149546,,,,0.7775607810888098,254
44,0,main,normal,linear,0.5,4,46,proportional,50,0.0,False,152.64886736869812,13.877169760790737,1.0,0.12717,2.0,0.8435237761563918,0.0632996,0.0111076,5.397,123.656,5.397,0.043645273985896356,1.1076861010451418,1.0461076910593152,1.1352145962264102,0.16669738827285485,0.15727024947387533,0.18142791037756592,0.0036274211256522183,0.003381773108332429,0.0038037641646818288,0.633338984921257,0.6270567583323677,0.651997216490503,0.24944621761874697,0.2363663730293822,0.25857897637759725,2.0,2.0,2.0,1.8517585740995364,1.4768968343147817,1.9944979988250993,,,,0.8444520198227365,252
45,1,main,normal,quadratic,0.0,0,142,proportional,50,0.0,False,127.08643245697021,11.553312041542746,1.0,0.12717,,,0.08600306666666667,0.0,0.0,125.06733333333334,0.0,0.0,1.081262581719437,1.0408229992791944,1.1042134805734038,0.17668636388771997,0.17127794941134866,0.18705913136587432,0.0035337272777544,0.0034255589882269725,0.003741182627317486,0.6478864435921701,0.6405396514653945,0.6578007920161449,0.0,0.0,0.0,,,,,,,,,,,0
46,1,main,normal,quadratic,0.0,1,143,proportional,50,0.0,False,125.9360842704773,11.448734933679754,1.0,0.12717,,,0.0835956,0.0,0.0,124.947,0.0,0.0,1.0628304048226562,1.0406318104535084,1.1041565083863532,0.1736866168350042,0.16395787155617092,0.18778363450733576,0.0034737323367000825,0.00327915743112342,0.0037556726901467148,0.6427067505714061,0.6373116813196075,0.6568906488469992,0.0,0.0,0.0,,,,,,,,,,,0
47,1,main,normal,quadratic,0.0,2,144,proportional,50,0.0,False,132.1851179599762,12.016828905452382,1.0,0.12717,,,0.09389066666666666,0.0,0.0,125.12966666666667,0.0,0.0,1.0546969499132093,1.028514419838216,1.0884264341237486,0.18446082964545757,0.17199665584884588,0.19441093067136994,0.003689216592909151,0.003439933116976918,0.0038882186134273997,0.6559198275539871,0.6461460063059444,0.664000658331245,0.0,0.0,0.0,,,,,,,,,,,0
48,1,main,normal,quadratic,0.0,3,145,proportional,50,0.0,False,134.52879214286804,12.229890194806186,1.0,0.12717,,,0.0880948,0.0,0.0,124.99466666666666,0.0,0.0,1.1025115095972209,1.052118748306474,1.1494445299904414,0.17098959198106972,0.16182212776700383,0.18798542959079903,0.0034197918396213925,0.0032364425553400777,0.0037597085918159795,0.6455388456899951,0.6350839122082681,0.652784273068817,0.0,0.0,0.0,,,,,,,,,,,0
49,1,main,normal,quadratic,0.0,4,146,proportional,50,0.0,False,121.50800657272339,11.046182415702127,1.0,0.12717,,,0.0889932,0.0,0.0,125.38366666666667,0.0,0.0,1.0916082050377187,1.0422722848441497,1.128559864101888,0.17026618107239394,0.15392684153444203,0.18020883456401854,0.0034053236214478776,0.0030785368306888404,0.0036041766912803717,0.644077042439076,0.6333430906977018,0.6562769488459689,0.0,0.0,0.0,,,,,,,,,,,0
50,1,main,normal,quadratic,0.01,0,142,proportional,50,0.0,False,123.30722045898438,11.209747314453125,1.0,0.12717,2.0,0.9067093741554458,0.08581106666666667,0.00019026666666666667,0.056,125.10866666666666,0.055,0.0004476108769443098,1.0812177368961997,1.0407284378573873,1.1042126106496413,0.17669133278876523,0.17123923362638444,0.1870584119407038,0.0035339885910386747,0.003425367143259804,0.0037430853030608396,0.6471637841592013,0.6403747564399861,0.6573558632738294,0.002221252959131153,0.0009482147028084485,0.003022781506042658,2.0,2.0,2.0,1.8335529049602037,1.518509125342542,1.9799013618628616,,,,1.5536242344167912,6
51,1,main,normal,quadratic,0.01,1,143,proportional,50,0.0,False,124.26103115081787,11.29645737734708,1.0,0.12717,2.0,0.9097117023186538,0.08337266666666666,0.00022226666666666666,0.06633333333333333,125.14966666666666,0.066,0.0005300320416354818,1.0628333957144203,1.0406442409011976,1.1042080204944809,0.17366137141904703,0.16396812113921727,0.1877831546245036,0.0034738974376105547,0.0032796984902977036,0.003755901280106444,0.6422433113467217,0.6373129908091747,0.6567449772342765,0.0018070526212956165,0.0009192444713102441,0.004025249246631439,2.0,2.0,2.0,1.8387784603333488,1.458564847148267,1.9777006265003023,,,,0.7883774370281609,3
52,1,main,normal,quadratic,0.01,2,144,proportional,50,0.0,False,115.35700678825378,10.48700061711398,1.0,0.12717,2.0,0.8910558726832405,0.0933084,0.0005772,0.14,124.90466666666667,0.14033333333333334,0.0011208548386235904,1.0538089609192478,1.0285369951672756,1.089507714332435,0.184465793379596,0.172001293153683,0.19442768686193412,0.003690720298728113,0.0034413763827037284,0.003895572821013834,0.6558808435524998,0.6458967439585708,0.6634527018343123,0.004849775998102358,0.003395634063365943,0.006666846166568843,2.0,2.0,2.0,1.7942420284893592,1.4907639251948654,1.9663457507456166,,,,0.4777912133007169,7
53,1,main,normal,quadratic,0.01,3,145,proportional,50,0.0,False,114.99436068534851,10.454032789577138,1.0,0.12717,2.0,0.8652170210781945,0.08765306666666667,0.00043786666666666667,0.11666666666666667,124.98066666666666,0.118,0.0009334777112193353,1.102474085142532,1.0521515780989663,1.1500312996267748,0.17096944838796554,0.16182257068371972,0.18796220853753381,0.0034252877432084197,0.003239421519529216,0.003759881165909239,0.6458721378327572,0.6349152017120854,0.652718786621016,0.004236290624067928,0.001813427405824952,0.007923525779113502,2.0,2.0,2.0,1.7640511299776787,1.4671102228671138,1.9410315634007898,,,,1.4893363635250854,6
54,1,main,normal,quadratic,0.01,4,146,proportional,50,0.0,False,126.14970064163208,11.468154603784734,1.0,0.12717,2.0,0.908042305445463,0.08853773333333333,0.0004528,0.11933333333333333,125.31966666666666,0.12066666666666667,0.0009522314933277299,1.0918458985905461,1.04242398543028,1.1284437975038446,0.1702750691298123,0.15391740003218005,0.18021700367948834,0.003405868772993047,0.0030796668281677926,0.0036050160232191145,0.6437443555286738,0.6327586169392536,0.6559291121993029,0.004130312723334469,0.001733044865570183,0.006979291421910626,2.0,2.0,2.0,1.8429822206827358,1.5171554198797335,1.974235700479396,,,,0.41110231812356424,4
55,1,main,normal,quadratic,0.02,0,142,proportional,50,0.0,False,116.2207567691803,10.565523342652755,1.0,0.12717,2.0,0.8949083632136388,0.08210626666666666,0.003818666666666667,1.2266666666666666,124.57433333333333,1.2343333333333333,0.009846865191599125,1.083903434808011,1.0476235525670012,1.1046120723341761,0.17649746751503445,0.17113287225100335,0.18702628911415536,0.0035570151906196834,0.0034593542862643156,0.0037597653539324545,0.6471264837801468,0.6394935803204749,0.6567808039092228,0.04253486454573792,0.03628201886033654,0.05732471471131605,2.0,2.0,2.0,1.8567721820369665,1.5694388920954183,1.98398660612927,,,,1.0469752460451491,55
56,1,main,normal,quadratic,0.02,1,143,proportional,50,0.0,False,127.20789885520935,11.564354441382669,1.0,0.12717,2.0,0.8820004591319489,0.0799096,0.0036092,1.2076666666666667,124.67433333333334,1.2093333333333334,0.00968657007724124,1.062945968355175,1.039753380002777,1.1050982770280127,0.17361756342831913,0.16392908548436308,0.18780158253783866,0.003494559558715326,0.00330183416546175,0.003782765222689212,0.6433923273695762,0.6380633443567818,0.6558635785085556,0.04606269668069497,0.04018169800503887,0.04850727442697684,2.0,2.0,2.0,1.8487380079242082,1.5580831166725415,1.9838812099458916,,,,0.9616835510050924,53
57,1,main,normal,quadratic,0.02,2,144,proportional,50,0.0,False,127.11982917785645,11.55634810707786,1.0,0.12717,2.0,0.8904152052328005,0.08850106666666667,0.005262133333333334,1.629,124.51733333333334,1.6266666666666667,0.013082515954940676,1.0546611034810267,1.0232656865211327,1.0893852528184182,0.18434214543996794,0.17206523961392672,0.1941347807071574,0.003735920490247775,0.0034988642710061355,0.0039283694956492,0.6561674093344962,0.6485433111579848,0.6642425476275585,0.06133964042010208,0.050356351143573,0.07407144257703557,2.0,2.0,2.0,1.8589727895390231,1.5736111319957065,1.982935710234742,,,,0.831635166167507,82
58,1,main,normal,quadratic,0.02,3,145,proportional,50,0.0,False,125.30400252342224,11.391272956674749,1.0,0.12717,2.0,0.8879275703645813,0.0833156,0.004694266666666667,1.4216666666666666,124.75766666666667,1.4233333333333333,0.011395425264446006,1.0953815920797698,1.0433610065081207,1.1523241166111173,0.17100935328131392,0.16185494699507083,0.18796895301114608,0.0034550577611041355,0.003287092471828394,0.0037846750401909204,0.6462297521412654,0.6339690696916322,0.6518763200938505,0.0537011943144907,0.04790189644186839,0.06005779365941427,2.0,2.0,2.0,1.8578464857094956,1.574490764687078,1.986379506452866,,,,1.0561208723085167,71
59,1,main,normal,quadratic,0.02,4,146,proportional,50,0.0,False,127.19745469093323,11.56340497190302,1.0,0.12717,2.0,0.8701098653437963,0.08428373333333333,0.00462,1.4446666666666668,125.02866666666667,1.4503333333333333,0.01155468345926001,1.0923599967557034,1.0457422972622776,1.1343520725855378,0.1701980902178336,0.15400071298614,0.180253616835033,0.003429503892738324,0.0031397098871093097,0.003653660272878477,0.6424965191378188,0.6336557258863524,0.6554014789204035,0.05540300006086114,0.050328966668738845,0.06729551923040569,2.0,2.0,2.0,1.8253436802020868,1.528165690417151,1.9793878755724723,,,,1.211613805742588,69
60,1,main,normal,quadratic,0.05,0,142,proportional,50,0.0,False,127.20469641685486,11.564063310623169,1.0,0.12717,2.0,0.8639866351244441,0.07576853333333333,0.0096516,3.757,124.24366666666667,3.7583333333333333,0.0302389659030239,1.076979502700334,1.0388055939861822,1.114155449744006,0.17662415060826886,0.1713023572436171,0.18639113976812755,0.0036684281875633113,0.0035752076933074257,0.0038572190738241667,0.6510988167315892,0.6443469223174814,0.6597699505749492,0.1589150961265852,0.1515802760972559,0.17171113646140224,2.0,2.0,2.0,1.865984555008814,1.5460086720455246,1.9902027509620779,,,,1.0139487711510569,157
61,1,main,normal,quadratic,0.05,1,143,proportional,50,0.0,False,125.42928504943848,11.40266227722168,1.0,0.12717,2.0,0.8630999276308684,0.07338106666666666,0.009641466666666666,3.7536666666666667,124.54166666666667,3.738,0.030139846102375377,1.0707374654459785,1.0496638541522978,1.1124198855824237,0.17332879733998302,0.16372737266433668,0.18733466229456558,0.003602169827674334,0.0034275927571591177,0.0038566208339020362,0.6449939014882768,0.6399485278108921,0.6577951311879521,0.14965300303918738,0.13763733850425852,0.1591862385028769,2.0,2.0,2.0,1.8610790439687754,1.546739165686382,1.9914849663281078,,,,0.9579606946903794,179
62,1,main,normal,quadratic,0.05,2,144,proportional,50,0.0,False,117.86013054847717,10.714557322588833,1.0,0.12717,2.0,0.8529528719671591,0.08223586666666667,0.011015333333333334,3.7586666666666666,124.41533333333334,3.7546666666666666,0.030210638560091735,1.0528342281121774,1.0180064664021462,1.0917937078111524,0.18446841190087915,0.170898847600003,0.1939305050046543,0.003885427394536713,0.003632330664043819,0.004098233950700242,0.6598013876876773,0.6500408715551831,0.6707439850735084,0.16865687527736045,0.16064283345798855,0.18610233742626417,2.0,2.0,2.0,1.837309191840344,1.5184289354028018,1.9890013183378998,,,,0.8946014078950193,167
63,1,main,normal,quadratic,0.05,3,145,proportional,50,0.0,False,126.25455665588379,11.477686968716709,1.0,0.12717,2.0,0.8543001354051328,0.07717853333333333,0.010234266666666667,3.7876666666666665,124.40333333333334,3.8016666666666667,0.03044666541625358,1.0926844673197746,1.0415821047369453,1.1490080110457601,0.1705512911353531,0.16136877260046129,0.18815260783136428,0.0036200499088262644,0.0034240049136114417,0.003886023660909059,0.6483767254190687,0.6359895933625893,0.6565398308055135,0.16645616775934674,0.14642256654851174,0.18123013069427069,2.0,2.0,2.0,1.846627133480275,1.5395342468429583,1.991694479789193,,,,1.1132758999514525,160
64,1,main,normal,quadratic,0.05,4,146,proportional,50,0.0,False,127.08253288269043,11.552957534790039,1.0,0.12717,2.0,0.8631377877491632,0.07782946666666667,0.010565866666666666,3.837,124.416,3.8273333333333333,0.030840084876543213,1.0814317114648697,1.0466807702532928,1.1318800812561696,0.17000418640814619,0.15393632754911926,0.17915065145720963,0.0035778917190101085,0.003247473381825755,0.003846869075650101,0.6470790650453959,0.6375441058222217,0.6570455390322106,0.16514633910270127,0.14687143108934392,0.17696443031629736,2.0,2.0,2.0,1.8583906061383648,1.547107273601477,1.9927666377695212,,,,0.9260371499793423,193
65,1,main,normal,quadratic,0.1,0,142,proportional,50,0.0,False,129.95337629318237,11.813943299380215,1.0,0.12717,2.0,0.8382040245962767,0.0725576,0.011911733333333334,4.799,124.063,4.788333333333333,0.03868195997194974,1.0809867602390808,1.0515317546194458,1.1251642250352898,0.17403461452451569,0.16950878056122204,0.18557500001705382,0.0037490273633584616,0.0035862010174848567,0.004032100529599635,0.6521827215277103,0.6449266964722387,0.6584789826394017,0.22194290274881673,0.1907415130130745,0.24099947445114953,2.0,2.0,2.0,1.848996167690851,1.505098459479165,1.9920337430283477,,,,0.977401534882854,208
66,1,main,normal,quadratic,0.1,1,143,proportional,50,0.0,False,126.69894456863403,11.51808586987582,1.0,0.12717,2.0,0.8482445275852514,0.07041573333333333,0.011785866666666667,4.861666666666666,124.048,4.853,0.039191818220903736,1.0757237227463512,1.0294642343948683,1.1128197892585563,0.17300800070441286,0.16427044099606314,0.1859448564056093,0.0037308468454729246,0.0035449268567424776,0.003940634961444794,0.6471847421387182,0.6388163349738878,0.657867174563205,0.2113504071976357,0.1959872483060404,0.23410828442428988,2.0,2.0,2.0,1.85287462670891,1.5272949602842179,1.9925775352207433,,,,1.0351183347868147,231
67,1,main,normal,quadratic,0.1,2,144,proportional,50,0.0,False,118.48330450057983,10.771209500052713,1.0,0.12717,2.0,0.8433110051671866,0.0791456,0.013333866666666666,4.657333333333334,123.964,4.672,0.037570047218009536,1.0694677311030736,1.0395568613080608,1.0871091911796091,0.18363179275648345,0.17092893585388963,0.19371336415727447,0.003891492213907166,0.0037017864403364243,0.004094520951791565,0.6622515455736263,0.6530762093529607,0.6676713612994356,0.2196061716290877,0.1964899233490022,0.2301748067567992,2.0,2.0,3.0,1.8448303368953964,1.4979991725145334,1.993980030530655,,,,0.788493591701187,190
68,1,main,normal,quadratic,0.1,3,145,proportional,50,0.0,False,117.41136860847473,10.673760782588612,1.0,0.12717,2.0,0.8387128311377859,0.0742964,0.012284266666666667,4.766333333333334,123.937,4.78,0.03845771104136242,1.1083137601487731,1.0397554762734265,1.1627717183241764,0.16923787768852222,0.16102097230717113,0.18659939701122313,0.003631082354112319,0.0034448887476855585,0.003969183095446675,0.6472232413798518,0.6383880717657985,0.6585622969778702,0.22163978266566312,0.1988153761472385,0.23266903600310138,2.0,2.0,3.0,1.8484192272178004,1.5229607150119966,1.9951879040577287,,,,0.9852774111408117,207
69,1,main,normal,quadratic,0.1,4,146,proportional,50,0.0,False,117.92074131965637,10.720067392696034,1.0,0.12717,2.0,0.8340428495168474,0.0751724,0.012363733333333333,4.774333333333334,124.04466666666667,4.749666666666666,0.038488823918266,1.0930882863874016,1.0520167325517926,1.1426910694820023,0.16967425773939804,0.15297218486255088,0.17915925996302015,0.0035976162970834673,0.0033438804414580867,0.003869907160267495,0.6457274426876345,0.6372915929456762,0.6597278266758688,0.2266631765090903,0.20173455264441467,0.24171492803156178,2.0,2.0,3.0,1.8308928385911152,1.502131049887191,1.9928301273236928,,,,0.9561310716151653,221
70,1,main,normal,quadratic,0.2,0,142,proportional,50,0.0,False,118.52881836891174,10.775347124446522,1.0,0.12717,2.0,0.8286595333055587,0.0700612,0.012885866666666667,5.396333333333334,123.66566666666667,5.390666666666666,0.04363647145394707,1.0951906559620606,1.0417011367950535,1.1194391273945412,0.17550449212447966,0.16955083511293195,0.18426091263500483,0.0037929909875819914,0.003615572661308517,0.003976283483609416,0.6504451622422225,0.6439479851393339,0.6613317674460697,0.25211633354597063,0.23208999482313863,0.26119639524667415,2.0,2.0,3.0,1.854476450652987,1.4926105144230144,1.9945675672162952,,,,0.8298283504400358,225
71,1,main,normal,quadratic,0.2,1,143,proportional,50,0.0,False,126.85945987701416,11.53267817063765,1.0,0.12717,2.0,0.8359352419077808,0.0680144,0.012759866666666666,5.494,123.98433333333334,5.477,0.04431205017838275,1.0782187469248723,1.0446804284814488,1.12223064583146,0.17160917715127882,0.161790409833385,0.18391454315406838,0.0036975420898661517,0.0034888536123142536,0.004030775507891736,0.6462213281438819,0.6403420385001366,0.6611713375141806,0.25949572932901754,0.23551157755647156,0.27984136552013716,2.0,2.0,3.0,1.8598027324163042,1.507435560592978,1.9966663098855257,,,,1.0112173256533825,246
72,1,main,normal,quadratic,0.2,2,144,proportional,50,0.0,False,130.17910170555115,11.834463791413741,1.0,0.12717,2.0,0.827450278714193,0.0765008,0.014095466666666667,5.244,123.75333333333333,5.255333333333334,0.04237461617195496,1.0694935654525917,1.0289233439555354,1.095641974366151,0.18042565383503062,0.16627492999477567,0.1924716836104273,0.0038985849647421647,0.0037127785839422096,0.004114344268731118,0.6605793758776071,0.6512615981679575,0.6683392041935209,0.26933256543736406,0.2475529941015282,0.2811654256379572,2.0,2.0,3.0,1.851014038829323,1.4827954299303452,1.995380580735556,,,,0.822639162334813,216
73,1,main,normal,quadratic,0.2,3,145,proportional,50,0.0,False,129.94170475006104,11.812882250005549,1.0,0.12717,2.0,0.8260549340881478,0.07156026666666666,0.013325733333333332,5.434666666666667,123.37966666666667,5.439,0.04404831698361967,1.098853371829557,1.0496059050707254,1.1464090104315048,0.16714293545724931,0.15831096291761923,0.18595645465374977,0.003680847267024657,0.003477348564739158,0.003916023459634279,0.6493548703581765,0.6351874895262989,0.6540233624540717,0.24906932794887865,0.23724692169741393,0.27137246738125603,2.0,2.0,3.0,1.8465142463785034,1.4847463367638096,1.995582367441754,,,,1.0641943270966518,227
74,1,main,normal,quadratic,0.2,4,146,proportional,50,0.0,False,123.17437171936035,11.197670156305486,1.0,0.12717,2.0,0.8262966630506958,0.07251013333333334,0.013372266666666667,5.382333333333333,123.68966666666667,5.367333333333334,0.043514817998808845,1.0992804787788377,1.0452252155839397,1.140295237842308,0.16821647832493505,0.15388008424520164,0.17662954902956052,0.003638834601255913,0.0033972021971125895,0.00399659392014391,0.6429968869899165,0.635716946915607,0.6642606798325713,0.2579066806251737,0.2398710917526519,0.2801215491499203,2.0,2.0,3.0,1.8464561391912686,1.4901485727749106,1.9960827566115236,,,,0.9995930330427749,220
75,1,main,normal,quadratic,0.3,0,142,proportional,50,0.0,False,123.5682590007782,11.233478090979837,1.0,0.12717,2.0,0.8380085968031343,0.06815386666666666,0.013495733333333332,5.595,123.48933333333333,5.606,0.04530755692799378,1.0888174581682035,1.0578558916517813,1.1160490973140704,0.17392355435566875,0.16926498509218296,0.18439209892162628,0.0037202453929954023,0.003609526262056022,0.003926803658916813,0.6465198979817186,0.6400682128000962,0.656074441356644,0.25012525315751993,0.23954175808225348,0.26990689889382946,2.0,2.0,3.0,1.8560812930089343,1.4971923767160589,1.9960288963555177,,,,0.8737246434665495,219
76,1,main,normal,quadratic,0.3,1,143,proportional,50,0.0,False,122.64525747299194,11.149568861181086,1.0,0.12717,2.0,0.8325553949194608,0.06601826666666667,0.0130272,5.779,123.65566666666666,5.777333333333333,0.04673461520836085,1.0913373051710256,1.0367348264621687,1.1286674195562467,0.16834460461252165,0.1617597001191221,0.18182804965504434,0.0036425500900611617,0.003525081546452809,0.0039013791268111045,0.6389262045957507,0.6356805061496313,0.6523356001886247,0.2646339824041345,0.25183976728984814,0.2785916056695886,2.0,2.0,3.0,1.8518370762989218,1.4924555669111723,1.9960494926798553,,,,0.8781998728310705,271
77,1,main,normal,quadratic,0.3,2,144,proportional,50,0.0,False,123.85813307762146,11.259830279783769,1.0,0.12717,2.0,0.8372594057826864,0.0741192,0.0148444,5.530333333333333,123.37366666666667,5.535333333333333,0.0448258812658563,1.0717459361433381,1.043079141715796,1.1127064084220266,0.17995612305316644,0.1681644696231661,0.18763789363753167,0.0038628864963862323,0.003636722632215101,0.004040358186914029,0.655431808435915,0.6463547352458865,0.6629556620179293,0.27723047301308645,0.2516732821550544,0.2906254750169725,2.0,2.0,3.0,1.875272311408091,1.4943408591589127,1.997032911413698,,,,0.8966621492013563,239
78,1,main,normal,quadratic,0.3,3,145,proportional,50,0.0,False,124.377756357193,11.307068759744817,1.0,0.12717,2.0,0.8247694097100288,0.0699116,0.0137668,5.657666666666667,123.751,5.6723333333333334,0.04571814907893,1.099794455204575,1.0666127087161592,1.1548772824310574,0.16889946027584574,0.16107162261941466,0.18308243177080838,0.0037014006803952953,0.003520208027784587,0.003914000482193714,0.6457913739885576,0.6350987379717408,0.6560040134810874,0.2617009796371996,0.24548448380673776,0.28969703591130075,2.0,2.0,3.0,1.85148854293979,1.4831649116169663,1.9962482431753596,,,,1.0181841428913376,220
79,1,main,normal,quadratic,0.3,4,146,proportional,50,0.0,False,125.21123051643372,11.38283913785761,1.0,0.12717,2.0,0.837014807738699,0.0704768,0.013789866666666666,5.605333333333333,123.70766666666667,5.597333333333333,0.045311123266410326,1.1118620078559651,1.0604419524089772,1.1408227959194652,0.16544440270030786,0.15241380922437983,0.17479957784828376,0.00357778882102666,0.003342303124709953,0.003817736137340203,0.6407752802499111,0.632859046902327,0.6493577232499093,0.26435210327821435,0.24496961350532406,0.28069568826593216,2.0,2.0,3.0,1.8536733380559518,1.4809670008784468,1.9954426475772018,,,,0.8901653052676406,240
80,1,main,normal,quadratic,0.4,0,142,proportional,50,0.0,False,117.65962338447571,10.6963293985887,1.0,0.12717,2.0,0.8328145131491241,0.0670048,0.0130468,5.7363333333333335,123.30266666666667,5.747,0.04652237853736605,1.1010176088403538,1.0708701425590403,1.1383460322209245,0.17114116006520969,0.16501170049327496,0.1815880177111039,0.0036853777741505667,0.003491768473826427,0.0038853003914578015,0.6425919282430579,0.6374627116428621,0.6507016997887277,0.26223835093655523,0.24694543899153876,0.28414362845599417,2.0,2.0,3.0,1.8587796856841239,1.4887471559860863,1.9966876567324,,,,0.9212426777330365,209
81,1,main,normal,quadratic,0.4,1,143,proportional,50,0.0,False,123.6272177696228,11.238837979056619,1.0,0.12717,2.0,0.8390318661259928,0.0657216,0.012345333333333333,5.624666666666666,123.676,5.624333333333333,0.045479047403430464,1.0958745966982066,1.0554704347373656,1.1351277051712914,0.16866085150683377,0.1604394024656313,0.18042201017757764,0.0036391490739646854,0.0034397915081619693,0.00383214237941144,0.6399425059147302,0.6294849350974978,0.6481770117334913,0.2626655820288488,0.23069727034706744,0.2723835157546975,2.0,2.0,3.0,1.849007115157769,1.4907355444513573,1.9952925378725697,,,,0.9820428750857257,266
82,1,main,normal,quadratic,0.4,2,144,proportional,50,0.0,False,123.23664736747742,11.203331578861583,1.0,0.12717,2.0,0.844415089935523,0.07386573333333334,0.014252,5.482333333333333,123.56966666666666,5.499333333333333,0.044366335859124,1.057275797751705,1.031547749402081,1.1033843882396615,0.1814092809940246,0.16339401441821733,0.19103069434892536,0.0038802332224111514,0.003529623165796292,0.0040620098566524895,0.6544801725600184,0.6439022083283463,0.658990269122927,0.24151463950204438,0.2306973282917953,0.2675845685045074,2.0,2.0,3.0,1.8666604419891626,1.506253482585574,1.997186849978263,,,,0.995908875152867,232
83,1,main,normal,quadratic,0.4,3,145,proportional,50,0.0,False,122.4534683227539,11.132133483886719,1.0,0.12717,2.0,0.8441568147461088,0.068578,0.013454,5.737666666666667,123.798,5.738333333333333,0.04634700614441806,1.1347782669399897,1.0571787089090485,1.1836676027951878,0.16397885718417438,0.15499593363748643,0.17739840880548924,0.0035861494838567492,0.003396441604409363,0.0038641400653782534,0.641278567689967,0.630890230826122,0.6529278102734595,0.26286751503190475,0.24849683774510617,0.28264266950892425,2.0,2.0,3.0,1.8643555076691416,1.5124397059991215,1.9962414502136532,,,,0.9827577754934039,229
84,1,main,normal,quadratic,0.4,4,146,proportional,50,0.0,False,123.02302980422974,11.183911800384521,1.0,0.12717,2.0,0.8352469265364502,0.06934346666666667,0.013520266666666666,5.696666666666666,123.704,5.687333333333333,0.04605078790230443,1.1082692813701331,1.070697912765679,1.1514862205671093,0.16468053767094246,0.15322428446714656,0.17493567520948328,0.003525677216906294,0.00332639683673193,0.0037991422501804785,0.6390525750346718,0.6300721034670529,0.6543257749144814,0.2597741182971277,0.24403665516513537,0.2838207974605817,2.0,2.0,3.0,1.8649964510063857,1.495627435013847,1.9966966225613874,,,,1.114127587971223,231
85,1,main,normal,quadratic,0.5,0,142,proportional,50,0.0,False,122.56269145011902,11.14206285910173,1.0,0.12717,2.0,0.8376306345932713,0.06670653333333333,0.0126884,5.544,123.564,5.543666666666667,0.044867437117607066,1.0925498262825721,1.0661840848900788,1.1306428795132668,0.1726570703783114,0.16126483616188358,0.18239868825936129,0.0037808566148650686,0.003455794770399058,0.003948091970546887,0.6459298260050064,0.6317085889406429,0.6538505076374179,0.2572117865980657,0.2394154201675867,0.2695878327272426,2.0,2.0,3.0,1.8471095568429927,1.4881210084042944,1.9954994479881352,,,,0.88148332162226,216
86,1,main,normal,quadratic,0.5,1,143,proportional,50,0.0,False,122.99230813980103,11.181118921800094,1.0,0.12717,2.0,0.8476409919673282,0.06524493333333334,0.011981866666666667,5.4783333333333335,123.526,5.480666666666667,0.04434963759316527,1.1000250883027685,1.0563755070000036,1.1424842080379445,0.17145745632596215,0.16097991545282692,0.17817267458927796,0.0036348421157818525,0.0034033407017951866,0.003804237762997227,0.6402065185913506,0.6292386570666821,0.6502940345518985,0.2367685117527093,0.22544527642445625,0.24943298483003998,2.0,2.0,3.0,1.8696380999423738,1.51883785970761,1.9955725983300798,,,,0.8181505701419602,247
87,1,main,normal,quadratic,0.5,2,144,proportional,50,0.0,False,124.91938924789429,11.356308113444936,1.0,0.12717,2.0,0.8502882327634977,0.0731944,0.013552933333333333,5.371333333333333,123.69333333333333,5.367,0.04342459846933276,1.0768830706578891,1.0488039022930014,1.1128911283864786,0.17842404995996697,0.16579043460405166,0.18528790016855637,0.003864355549371778,0.0036010275838822183,0.003954834063112847,0.6523958985201035,0.6396798497615827,0.659981120544037,0.2527009758574946,0.2317593924244074,0.2714730548726084,2.0,2.0,3.0,1.8683143471973436,1.503408389420383,1.9964972230390317,,,,0.9806481434424172,228
88,1,main,normal,quadratic,0.5,3,145,proportional,50,0.0,False,122.8329427242279,11.166631156747991,1.0,0.12717,2.0,0.8490184001790806,0.0692704,0.012656666666666667,5.3293333333333335,123.80366666666667,5.34,0.043046651822374674,1.103180027054965,1.0634320853057075,1.140128392352115,0.17236896332956514,0.1585356026156572,0.18137554494082053,0.003641769802690701,0.0034811310504891642,0.003898700354649633,0.6416809871676613,0.634654855074724,0.6489906905501088,0.2438922140808089,0.2190224915512975,0.2594959856182557,2.0,2.0,3.0,1.8644582286309546,1.5002101789880224,1.99605910622128,,,,1.0068426125541332,230
89,1,main,normal,quadratic,0.5,4,146,proportional,50,0.0,False,123.04665923118591,11.18605993010781,1.0,0.12717,2.0,0.8415847960742462,0.06946186666666666,0.012708133333333333,5.448333333333333,123.648,5.431,0.04406325483091787,1.1016180347193716,1.0745173685741105,1.141512927553052,0.15986710807413484,0.15034084862530192,0.17281722509653558,0.0034380079121720426,0.0032204363196920147,0.0036966912819937246,0.6366239389023781,0.6284728250644037,0.6428838289367921,0.2559396915518794,0.2411577700336406,0.26758982496697664,2.0,2.0,3.0,1.864928597930062,1.500028550065156,1.995175639848722,,,,0.8866186805666905,242
90,2,main,normal,exponential,0.0,0,242,proportional,50,0.0,False,118.05243301391602,10.732039364901455,1.0,0.12717,,,0.09341426666666666,0.0,0.0,125.06866666666667,0.0,0.0,1.0683805723873072,1.0436021859099958,1.128384877983318,0.16812179562561214,0.15953406044139748,0.181813084334005,0.003362435912512241,0.0031906812088279488,0.0036362616866800995,0.6431401317137353,0.634280661178777,0.6558638981301863,0.0,0.0,0.0,,,,,,,,,,,0
91,2,main,normal,exponential,0.0,1,243,proportional,50,0.0,False,118.55098748207092,10.777362498370083,1.0,0.12717,,,0.0902308,0.0,0.0,124.946,0.0,0.0,1.0758522683371368,1.006255803477462,1.0953889054402148,0.1746023709182664,0.15890635237834538,0.1842424857802072,0.003492047418365328,0.0031781270475669064,0.003684849715604143,0.6498770752919824,0.6380976976567097,0.6599096667168596,0.0,0.0,0.0,,,,,,,,,,,0
92,2,main,normal,exponential,0.0,2,244,proportional,50,0.0,False,123.55658388137817,11.232416716488926,1.0,0.12717,,,0.09041146666666666,0.0,0.0,125.07666666666667,0.0,0.0,1.0867157107615868,1.0102489126210779,1.1324457577703713,0.17293466016632614,0.15014588195415773,0.18506832014364488,0.003458693203326523,0.003002917639083155,0.003701366402872898,0.6483782595631462,0.6318068148084462,0.6571429344970816,0.0,0.0,0.0,,,,,,,,,,,0
93,2,main,normal,exponential,0.0,3,245,proportional,50,0.0,False,119.85360741615295,10.895782492377542,1.0,0.12717,,,0.0948908,0.0,0.0,124.62533333333333,0.0,0.0,1.0814616182112347,1.0365215668329644,1.114150221073833,0.18131304259134645,0.1672321079749457,0.19554051588092647,0.0036262608518269285,0.003344642159498913,0.0039108103176185285,0.6509404447415914,0.6420052608592068,0.6624639199043625,0.0,0.0,0.0,,,,,,,,,,,0
94,2,main,normal,exponential,0.0,4,246,proportional,50,0.0,False,115.47503852844238,10.497730775312943,1.0,0.12717,,,0.08478173333333333,0.0,0.0,124.68366666666667,0.0,0.0,1.093022323837773,1.0517815137133801,1.1178522009832772,0.1738644616136075,0.1649756390049106,0.18429743190609324,0.0034772892322721496,0.003299512780098212,0.003685948638121865,0.6479598714060926,0.6368441654021837,0.6540784076068694,0.0,0.0,0.0,,,,,,,,,,,0
95,2,main,normal,exponential,0.01,0,242,proportional,50,0.0,False,125.11343717575073,11.373948834159158,1.0,0.12717,,,0.09341426666666666,0.0,0.0,125.06866666666667,0.0,0.0,1.0683805723873072,1.0436021859099958,1.128384877983318,0.16812179562561214,0.15953406044139748,0.181813084334005,0.003362435912512241,0.0031906812088279488,0.0036362616866800995,0.6431401317137353,0.634280661178777,0.6558638981301863,0.0,0.0,0.0,,,,,,,,,,,0
96,2,main,normal,exponential,0.01,1,243,proportional,50,0.0,False,125.77233219146729,11.43384838104248,1.0,0.12717,,,0.0902308,0.0,0.0,124.946,0.0,0.0,1.0758522683371368,1.006255803477462,1.0953889054402148,0.1746023709182664,0.15890635237834538,0.1842424857802072,0.003492047418365328,0.0031781270475669064,0.003684849715604143,0.6498770752919824,0.6380976976567097,0.6599096667168596,0.0,0.0,0.0,,,,,,,,,,,0
97,2,main,normal,exponential,0.01,2,244,proportional,50,0.0,False,126.22270631790161,11.474791483445602,1.0,0.12717,,,0.09041146666666666,0.0,0.0,125.07666666666667,0.0,0.0,1.0867157107615868,1.0102489126210779,1.1324457577703713,0.17293466016632614,0.15014588195415773,0.18506832014364488,0.003458693203326523,0.003002917639083155,0.003701366402872898,0.6483782595631462,0.6318068148084462,0.6571429344970816,0.0,0.0,0.0,,,,,,,,,,,0
98,2,main,normal,exponential,0.01,3,245,proportional,50,0.0,False,125.33695697784424,11.394268816167658,1.0,0.12717,,,0.0948908,0.0,0.0,124.62533333333333,0.0,0.0,1.0814616182112347,1.0365215668329644,1.114150221073833,0.18131304259134645,0.1672321079749457,0.19554051588092647,0.0036262608518269285,0.003344642159498913,0.0039108103176185285,0.6509404447415914,0.6420052608592068,0.6624639199043625,0.0,0.0,0.0,,,,,,,,,,,0
99,2,main,normal,exponential,0.01,4,246,proportional,50,0.0,False,113.94667887687683,10.358788988806985,1.0,0.12717,,,0.08478173333333333,0.0,0.0,124.68366666666667,0.0,0.0,1.093022323837773,1.0517815137133801,1.1178522009832772,0.1738644616136075,0.1649756390049106,0.18429743190609324,0.0034772892322721496,0.003299512780098212,0.003685948638121865,0.6479598714060926,0.6368441654021837,0.6540784076068694,0.0,0.0,0.0,,,,,,,,,,,0
100,2,main,normal,exponential,0.02,0,242,proportional,50,0.0,False,113.31382298469543,10.301256634972312,1.0,0.12717,,,0.09341426666666666,0.0,0.0,125.06866666666667,0.0,0.0,1.0683805723873072,1.0436021859099958,1.128384877983318,0.16812179562561214,0.15953406044139748,0.181813084334005,0.003362435912512241,0.0031906812088279488,0.0036362616866800995,0.6431401317137353,0.634280661178777,0.6558638981301863,0.0,0.0,0.0,,,,,,,,,,,0
101,2,main,normal,exponential,0.02,1,243,proportional,50,0.0,False,113.93212509155273,10.357465917413885,1.0,0.12717,,,0.0902308,0.0,0.0,124.946,0.0,0.0,1.0758522683371368,1.006255803477462,1.0953889054402148,0.1746023709182664,0.15890635237834538,0.1842424857802072,0.003492047418365328,0.0031781270475669064,0.003684849715604143,0.6498770752919824,0.6380976976567097,0.6599096667168596,0.0,0.0,0.0,,,,,,,,,,,0
102,2,main,normal,exponential,0.02,2,244,proportional,50,0.0,False,113.2541389465332,10.295830813321201,1.0,0.12717,,,0.09041146666666666,0.0,0.0,125.07666666666667,0.0,0.0,1.0867157107615868,1.0102489126210779,1.1324457577703713,0.17293466016632614,0.15014588195415773,0.18506832014364488,0.003458693203326523,0.003002917639083155,0.003701366402872898,0.6483782595631462,0.6318068148084462,0.6571429344970816,0.0,0.0,0.0,,,,,,,,,,,0
103,2,main,normal,exponential,0.02,3,245,proportional,50,0.0,False,113.9788589477539,10.36171444979581,1.0,0.12717,,,0.0948908,0.0,0.0,124.62533333333333,0.0,0.0,1.0814616182112347,1.0365215668329644,1.114150221073833,0.18131304259134645,0.1672321079749457,0.19554051588092647,0.0036262608518269285,0.003344642159498913,0.0039108103176185285,0.6509404447415914,0.6420052608592068,0.6624639199043625,0.0,0.0,0.0,,,,,,,,,,,0
104,2,main,normal,exponential,0.02,4,246,proportional,50,0.0,False,116.46024823188782,10.587295293807983,1.0,0.12717,,,0.08478173333333333,0.0,0.0,124.68366666666667,0.0,0.0,1.093022323837773,1.0517815137133801,1.1178522009832772,0.1738644616136075,0.1649756390049106,0.18429743190609324,0.0034772892322721496,0.003299512780098212,0.003685948638121865,0.6479598714060926,0.6368441654021837,0.6540784076068694,0.0,0.0,0.0,,,,,,,,,,,0
105,2,main,normal,exponential,0.05,0,242,proportional,50,0.0,False,118.37523102760315,10.761384638873013,1.0,0.12717,,,0.09341426666666666,0.0,0.0,125.06866666666667,0.0,0.0,1.0683805723873077,1.0436021859099958,1.128384877983318,0.1681217956256094,0.15953406044139873,0.18181308433400492,0.0033624359125121865,0.0031906812088279748,0.0036362616866800978,0.643140131713726,0.6342806611787772,0.6558638981301862,0.0,0.0,0.0,,,,,,,,,,,0
106,2,main,normal,exponential,0.05,1,243,proportional,50,0.0,False,131.58646750450134,11.962406136772849,1.0,0.12717,,,0.0902308,0.0,0.0,124.946,0.0,0.0,1.0758522683371368,1.006255803477462,1.0953889054402148,0.1746023709182664,0.15890635237834538,0.1842424857802072,0.003492047418365328,0.0031781270475669064,0.003684849715604143,0.6498770752919824,0.6380976976567097,0.6599096667168596,0.0,0.0,0.0,,,,,,,,,,,0
107,2,main,normal,exponential,0.05,2,244,proportional,50,0.0,False,115.1280608177185,10.466187347065318,1.0,0.12717,2.0,0.6993358747652598,0.09040893333333333,1.6e-06,0.0003333333333333333,125.076,0.0003333333333333333,2.665046318505016e-06,1.0866690566805928,1.0102489127456717,1.1324457616305503,0.17287989706761572,0.1501449126340752,0.18506831956656422,0.003457597941352314,0.0030028982526815046,0.0037013663913312844,0.6483782267550083,0.6317899220726662,0.6571428552939955,0.0,0.0,0.0,2.0,2.0,2.0,1.3986717495305196,1.3986717495305196,1.3986717495305196,,,,,0
108,2,main,normal,exponential,0.05,3,245,proportional,50,0.0,False,132.36979937553406,12.03361812504855,1.0,0.12717,2.0,0.8634879466936384,0.09488706666666667,3.6e-06,0.0006666666666666666,124.625,0.0006666666666666666,5.349381477766633e-06,1.0814611187378145,1.0365215243647632,1.1141502210738619,0.18131304530980102,0.16723222437966906,0.19554051586627458,0.0036262609061960193,0.0033446444875933797,0.00391081031732549,0.6509404569959842,0.6420053140542035,0.6619220083463189,0.0,0.0,0.0,2.0,2.0,2.0,1.7269758933872768,1.5976800934608004,1.856271693313753,,,,,0
109,2,main,normal,exponential,0.05,4,246,proportional,50,0.0,False,126.98703241348267,11.544275673952969,1.0,0.12717,,,0.08478173333333333,0.0,0.0,124.68366666666667,0.0,0.0,1.093022323837773,1.0517815137133801,1.1178522009832772,0.1738644616136075,0.1649756390049106,0.18429743190609324,0.0034772892322721496,0.003299512780098212,0.003685948638121865,0.6479598714060925,0.6368441654021837,0.6540784076068694,0.0,0.0,0.0,,,,,,,,,,,0
110,2,main,normal,exponential,0.1,0,242,proportional,50,0.0,False,119.8282859325409,10.8934805393219,1.0,0.12717,2.0,0.8961392802345882,0.09286546666666666,0.0005,0.12866666666666668,124.878,0.12833333333333333,0.0010303389441428169,1.069090059451937,1.0439180593796422,1.121557185119538,0.1677834100988247,0.15957279502089466,0.18206333801279234,0.003362619633978752,0.0031916456609473814,0.0036416465095433117,0.6428442797788294,0.6337354155600855,0.6551392518311274,0.00326911132236849,0.002224099404610041,0.007177122979088022,2.0,2.0,2.0,1.8372487505001827,1.516543529562833,1.9740395495662109,,,,1.9587995371467044,5
111,2,main,normal,exponential,0.1,1,243,proportional,50,0.0,False,121.29823994636536,11.02711272239685,1.0,0.12717,2.0,0.8908049278208199,0.08996933333333333,0.00023946666666666667,0.06966666666666667,124.92133333333334,0.07,0.0005576843026544705,1.0765029503197021,1.0073830389936158,1.0956597211133252,0.17457838789238128,0.15896135800101197,0.18425558319452723,0.0034925936729159803,0.00318017911506289,0.003685242893061407,0.6496429149790538,0.6376460461837923,0.6593589865269565,0.0020382670920723127,0.0013548731598190017,0.004431169379531337,2.0,2.0,2.0,1.8873829134077038,1.5726641979910578,1.9799758516229446,,,,1.3583139055005777,1
112,2,main,normal,exponential,0.1,2,244,proportional,50,0.0,False,119.6067910194397,10.873344638130881,1.0,0.12717,2.0,0.9334908170037622,0.09014133333333334,0.00024893333333333333,0.06666666666666667,125.129,0.067,0.0005327835007605484,1.0927928555391098,1.0105231417264213,1.133241999383095,0.17256148840369723,0.15014012599571927,0.18519046788347898,0.0034528180829793056,0.0030042202234307988,0.003704022867485073,0.6478255832864886,0.6319238316621145,0.6566156296624857,0.001753693830324843,0.000847894256500608,0.0036345032556155932,2.0,2.0,2.0,1.8849065162803227,1.642707265180199,1.9745248547177037,,,,0.5632862036847418,2
113,2,main,normal,exponential,0.1,3,245,proportional,50,0.0,False,118.7599983215332,10.796363483775746,1.0,0.12717,2.0,0.8955897521274667,0.09432693333333333,0.0005158666666666667,0.127,124.82266666666666,0.12766666666666668,0.001017443413055321,1.0791389303208097,1.0326399141395899,1.1145613949296849,0.18101819477552408,0.16725866040730739,0.19550356452540754,0.0036206563312703452,0.003345985322932419,0.003911248035396301,0.6504740505554774,0.6427916560792218,0.6610324330000698,0.0036869959809657203,0.0021974555048585235,0.004812698852745148,2.0,2.0,2.0,1.830296643013661,1.548008036677329,1.97615769286098,,,,0.2684963514174832,8
114,2,main,normal,exponential,0.1,4,246,proportional,50,0.0,False,118.16137623786926,10.741943294351751,1.0,0.12717,2.0,0.8855300499767891,0.08457426666666666,0.00018386666666666667,0.04766666666666667,124.68133333333333,0.048666666666666664,0.0003823079637689684,1.0929648661383777,1.0516151670967302,1.1188759479272983,0.17386850474417198,0.16490855869998333,0.18430427915005196,0.003479864996798595,0.0032983072591270595,0.0036864701225436903,0.6476945360629198,0.6362508895929335,0.6534037486813111,0.0013030336937835986,0.0005520312511382971,0.0033122550805203613,2.0,2.0,2.0,1.7976157946295637,1.4479070719113951,1.938792700912978,,,,2.676349897729957,1
115,2,main,normal,exponential,0.2,0,242,proportional,50,0.0,False,121.37544631958008,11.03413148359819,1.0,0.12717,2.0,0.9050733817351465,0.08854013333333334,0.004092933333333333,1.2263333333333333,124.608,1.226,0.009841529703817839,1.0692937374676452,1.0454148681314406,1.1462228143923707,0.1680959877192818,0.1601210416199549,0.18284286446033113,0.0033929091239339624,0.0032310726352928944,0.0036974995310953586,0.6427929090540884,0.6342610845277937,0.6548226482783279,0.045143674895967795,0.039075156567109234,0.05491685731576842,2.0,2.0,2.0,1.866888402086849,1.604173589394466,1.9862119322681138,,,,1.0171874638086598,63
116,2,main,normal,exponential,0.2,1,243,proportional,50,0.0,False,114.66223001480103,10.423839092254639,1.0,0.12717,2.0,0.8961558749738268,0.0868812,0.0027294666666666666,0.9253333333333333,124.79866666666666,0.9266666666666666,0.007414609130439428,1.0712340890146719,1.0129484558199287,1.094391104633775,0.17454786354247592,0.15868709509505818,0.1848864528223137,0.003515678146639483,0.0031995581076647572,0.0037426913559466144,0.6493216433544802,0.6375369234107601,0.6601719150941165,0.0317838100949952,0.02735857575869722,0.040730928963658715,2.0,2.0,2.0,1.8771125532884243,1.6150219454159416,1.9872105573649224,,,,1.3270458059231756,45
117,2,main,normal,exponential,0.2,2,244,proportional,50,0.0,False,119.6996488571167,10.881786259737881,1.0,0.12717,2.0,0.8995042903884067,0.0863204,0.0034276,1.0713333333333332,124.87266666666666,1.071,0.00857940622180461,1.0887969005583389,1.019034266686947,1.1239361846245335,0.17098782043708266,0.15036516792032428,0.18411567360361036,0.0034692592452057903,0.003039489515107182,0.0037035416113537552,0.6464390498906771,0.631749860361299,0.6546574559620228,0.03898202897189987,0.031890233314149925,0.047487285334357275,2.0,2.0,2.0,1.8654633278461683,1.5801310372825572,1.9819167850830492,,,,0.7569797058943745,55
118,2,main,normal,exponential,0.2,3,245,proportional,50,0.0,False,115.78317260742188,10.52574296431108,1.0,0.12717,2.0,0.9068649369219668,0.0897772,0.0041504,1.2623333333333333,124.80566666666667,1.265,0.0101143911734777,1.0806764281078034,1.043860150351863,1.1176975229873234,0.1816651564035628,0.16580007925058843,0.1933387552646974,0.0036705900788628447,0.003366082109805723,0.0038980239452407603,0.6510950854325404,0.6410572131097113,0.6609748502372172,0.050134499106353196,0.040340538269173304,0.05819542240308659,2.0,2.0,2.0,1.886003486889863,1.604116833574743,1.9901500804277135,,,,0.9612181742688436,53
119,2,main,normal,exponential,0.2,4,246,proportional,50,0.0,False,114.34637689590454,10.395125172354959,1.0,0.12717,2.0,0.8999669196164781,0.08175133333333333,0.0025112,0.8163333333333334,124.868,0.8203333333333334,0.006537570340946707,1.0923734110567973,1.0425472892277545,1.127044568802206,0.17385492670302427,0.16630822113446564,0.18444907152974,0.003505565197867313,0.0033420434242776597,0.0037094114808794106,0.6464818691686747,0.6372584703589574,0.6551731550197742,0.028932335989478752,0.024976980236795596,0.033787363696070286,2.0,2.0,2.0,1.879599413537445,1.6052227112955504,1.989526838064264,,,,1.1771348765164857,36
120,2,main,normal,exponential,0.3,0,242,proportional,50,0.0,False,116.4429543018341,10.585723118348556,1.0,0.12717,2.0,0.8957444140090502,0.0852472,0.006271066666666667,2.0933333333333333,124.24933333333334,2.082333333333333,0.01684784358333244,1.0690262330053883,1.0424961314036723,1.138483957446987,0.16723544033006843,0.16068897089752887,0.18217606324548793,0.003400855548507122,0.0032689488501977454,0.0037113267456485898,0.644549438766126,0.6334480580780817,0.652646101696206,0.0794452146952266,0.07082515783279673,0.08653336272773277,2.0,2.0,2.0,1.8988604285915567,1.616898716859243,1.9941578193739562,,,,0.8968687336774546,110
121,2,main,normal,exponential,0.3,1,243,proportional,50,0.0,False,116.32286548614502,10.57480595328591,1.0,0.12717,2.0,0.9074128961086988,0.08372773333333333,0.005039466666666667,1.6563333333333334,124.842,1.657,0.013267436706663891,1.0844313536796997,1.018859017636681,1.1075095752425992,0.17297233694519473,0.15814059463349964,0.18085164413290775,0.0035065474235141097,0.0032043187917848975,0.0038011062979621665,0.6463672118707943,0.6353235427259645,0.6597249974276443,0.06440656730587818,0.055486262415283705,0.07312859067426868,2.0,2.0,2.0,1.8982458770600972,1.6554782817975036,1.9931818681515578,,,,1.0249028529741233,81
122,2,main,normal,exponential,0.3,2,244,proportional,50,0.0,False,121.91289710998535,11.082990646362305,1.0,0.12717,2.0,0.9045922873386658,0.08314213333333334,0.0055772,1.9243333333333332,124.75366666666666,1.9186666666666667,0.015425064326766614,1.0944088885392809,1.0148718413803193,1.1301957724598615,0.1725989314425696,0.1499035930373578,0.18569430705632375,0.0034991005942986014,0.003081572020334527,0.0037460948005267804,0.6485079855968476,0.6317399612277694,0.6586308408016325,0.0709454355600677,0.062280056874078865,0.08099776577232319,2.0,2.0,2.0,1.8964880037819356,1.6209381028510856,1.9933220408864964,,,,0.9567586505716621,91
123,2,main,normal,exponential,0.3,3,245,proportional,50,0.0,False,122.4295642375946,11.129960385235874,1.0,0.12717,2.0,0.9040983733344385,0.08621493333333333,0.006683066666666667,2.154,124.35166666666667,2.155,0.017321842623741805,1.0763081884081307,1.0509066669391423,1.1043272647622957,0.17978601845079129,0.16908763250044972,0.19108461492396933,0.0036540817587727486,0.003474951382550539,0.003956896537667676,0.6494137020994037,0.6428087219930088,0.6607738517207846,0.08310394704816142,0.07298756331216391,0.09449499907261517,2.0,2.0,2.0,1.9043472276139277,1.6438805559840133,1.9938732539126929,,,,0.8716081936504068,98
124,2,main,normal,exponential,0.3,4,246,proportional,50,0.0,False,120.35416793823242,10.941287994384766,1.0,0.12717,2.0,0.9146574003489328,0.0795412,0.0040112,1.4863333333333333,124.616,1.4913333333333334,0.011927307354860799,1.1043974399474155,1.0520459022924902,1.1333037834168789,0.17303767108869245,0.16424026912573605,0.18474737887495668,0.0035078362387077782,0.0032999989730166553,0.003746793117555526,0.6445179022873322,0.6343435790674816,0.6515305083338203,0.05151949109040329,0.04266611938829931,0.05585450757899823,2.0,2.0,2.0,1.8983019963511318,1.6379061920735827,1.991286455081499,,,,1.0655905002471233,63
125,2,main,normal,exponential,0.4,0,242,proportional,50,0.0,False,129.8115839958191,11.801053090529008,1.0,0.12717,2.0,0.8992812582888238,0.08355493333333333,0.006767733333333334,2.4076666666666666,124.282,2.406,0.019372609602892346,1.0799312859468482,1.0427245701242371,1.124615527880266,0.16595253031025944,0.16059245838529554,0.17950174611331912,0.003390776363448122,0.0032870811641930904,0.003660645694994313,0.6408083825053836,0.631321622675084,0.6522917291595177,0.09234832607616789,0.0793142187805767,0.10734214793686589,2.0,2.0,2.0,1.897832343974024,1.6284065046950578,1.9950344699650073,,,,0.9626966634073444,115
126,2,main,normal,exponential,0.4,1,243,proportional,50,0.0,False,128.94128966331482,11.72193542393771,1.0,0.12717,2.0,0.9073252046536269,0.0822376,0.005737066666666667,2.0576666666666665,124.71333333333334,2.0603333333333333,0.016499171433153364,1.0708397085214367,1.017443735794696,1.109483220476508,0.1746417804012021,0.16000744419482416,0.18432973005582992,0.0035508683889357478,0.003246351355743404,0.0037280803433501278,0.6478619376064492,0.6361159895768098,0.658396928140632,0.07052522490933344,0.06501519849937507,0.08308693366598721,2.0,2.0,2.0,1.902346594076926,1.654611854089822,1.9949171124319556,,,,1.1550015781883793,96
127,2,main,normal,exponential,0.4,2,244,proportional,50,0.0,False,128.04048919677734,11.640044472434305,1.0,0.12717,2.0,0.9119248352369083,0.08103493333333334,0.006659066666666666,2.335,124.61733333333333,2.3273333333333333,0.018737361308753198,1.0924761503243334,1.0376135582731343,1.1460350947242837,0.16996066675074314,0.14807110735838375,0.17970458979063214,0.0034638795974268237,0.0031166239726805513,0.003643766963130809,0.6413544170207053,0.6297343221450548,0.6528223902037156,0.08558105893163023,0.07212009588164893,0.09607765283266503,2.0,2.0,2.0,1.9099068106750776,1.641201243876127,1.9946044858179033,,,,0.7746905456272863,136
128,2,main,normal,exponential,0.4,3,245,proportional,50,0.0,False,127.82852530479431,11.620775027708573,1.0,0.12717,2.0,0.9036618571361862,0.08466413333333334,0.007344133333333333,2.4206666666666665,124.54033333333334,2.418,0.0194368089588112,1.0810543225508398,1.048249193716699,1.1195499211695803,0.17652296135929868,0.1651511464658359,0.19194483052294747,0.0036610949232908623,0.003354269000454581,0.003922383363491401,0.6498325834714191,0.6385645701037984,0.659799404507289,0.09585489096886719,0.08023610830607117,0.1044618927796964,2.0,2.0,2.0,1.903186549131862,1.6359060302295947,1.9949901243084514,,,,0.8655559612102294,123
129,2,main,normal,exponential,0.4,4,246,proportional,50,0.0,False,114.42108154296875,10.40191650390625,1.0,0.12717,2.0,0.9129108077743102,0.07761933333333333,0.0052032,1.9236666666666666,124.29233333333333,1.9356666666666666,0.015476953526229829,1.0791572998794143,1.051744858212206,1.1155039501766366,0.1762034855863783,0.1653268205152436,0.18222417715602482,0.0035779906245033055,0.003338394977440936,0.003729734817186332,0.6461960070690063,0.6354192225453446,0.6519426767107805,0.06870249911723725,0.058924127040052884,0.08254223657984705,2.0,2.0,2.0,1.896450740110048,1.6460039166378655,1.9922117882448822,,,,1.1057114311519638,72
130,2,main,normal,exponential,0.5,0,242,proportional,50,0.0,False,117.8958649635315,10.71780590577559,1.0,0.12717,2.0,0.9175730800699524,0.08389,0.0064592,2.2993333333333332,124.43733333333333,2.2916666666666665,0.018477841590948053,1.0860401396093322,1.0501234251468328,1.13986763327269,0.16737229066669962,0.15599931331573663,0.17903333182057385,0.0034241293476572274,0.0032334664408664995,0.003678222607424674,0.6398942951796597,0.6298114441709195,0.6478089163456527,0.08277562287043176,0.07458754742549256,0.09621475547065042,2.0,2.0,2.0,1.9176652887172398,1.6678089500336601,1.995103523452026,,,,0.8731926497247179,120
131,2,main,normal,exponential,0.5,1,243,proportional,50,0.0,False,116.35061192512512,10.577328356829556,1.0,0.12717,2.0,0.9133040461050894,0.081762,0.0057238666666666665,2.071,124.604,2.0573333333333332,0.016620654232608906,1.0760719721230148,1.0257150382737665,1.108076054030107,0.17214849652882602,0.15872670000151418,0.1823569666387359,0.0034954980350457823,0.003241136116562025,0.0037203885858486676,0.6453438259774745,0.6368288422179442,0.6553778107216967,0.07238425123828184,0.06589238733913677,0.08212812277740127,2.0,2.0,2.0,1.918374167843608,1.6501484075413535,1.995250166808534,,,,0.670342567665369,108
132,2,main,normal,exponential,0.5,2,244,proportional,50,0.0,False,117.57581615447998,10.68871055949818,1.0,0.12717,2.0,0.9167801901101648,0.08186946666666667,0.0059692,2.1813333333333333,124.62533333333333,2.179666666666667,0.017503129379794372,1.0859424826465853,1.0187605725010465,1.1314321367825322,0.17087748555956983,0.15369093445211762,0.18020526004097487,0.003524841537652279,0.0031137717517440463,0.0036541057632763704,0.6444432838192211,0.6293298259991256,0.6556664168442246,0.07396105429538671,0.06741406602612779,0.08560104670815435,2.0,2.0,2.0,1.9186817893213142,1.6698293254890761,1.9953349676650942,,,,0.7850425395605519,87
133,2,main,normal,exponential,0.5,3,245,proportional,50,0.0,False,117.24329805374146,10.658481641249223,1.0,0.12717,2.0,0.9106179698844495,0.08458293333333333,0.0070194666666666666,2.3796666666666666,124.56233333333333,2.3916666666666666,0.019104223588190118,1.0900754954382914,1.0214466148503798,1.1340883331511284,0.1772965514645204,0.1652147701566785,0.19246111495172602,0.00365713523795493,0.003390615025729885,0.003905947260846977,0.6481394496660988,0.6367431645830348,0.6583713172571897,0.09179908726222585,0.07950690118367931,0.09909541391003743,2.0,2.0,2.0,1.91458390738256,1.6460723309082712,1.9965998287689084,,,,0.9052626472662236,109
134,2,main,normal,exponential,0.5,4,246,proportional,50,0.0,False,114.98613953590393,10.453285412354903,1.0,0.12717,2.0,0.915620835273561,0.07738666666666667,0.005038133333333333,1.9586666666666666,124.10466666666666,1.9673333333333334,0.01578237724071617,1.077939302615584,1.0505365646022915,1.124165906703587,0.1729394396343255,0.1623536672907105,0.1850942361543702,0.003496997688452132,0.003307254390445641,0.0037374015788258557,0.6447146798587122,0.6336585905797278,0.6519326320027276,0.06401447527778517,0.059066290615444335,0.07233835952581634,2.0,2.0,2.0,1.9112809945971145,1.6628832290819227,1.9950121640312362,,,,0.9445859372850134,82
135,3,main,normal,power_law,0.0,0,342,proportional,50,0.0,False,114.21785092353821,10.383440993048929,1.0,0.12717,,,0.0876364,0.0,0.0,124.88333333333334,0.0,0.0,1.0731759222111048,1.0214885753373748,1.0977127904412205,0.1815589225922713,0.1661312656708296,0.1887066108172218,0.0036311784518454253,0.0033226253134165918,0.0037741322163444336,0.6562249817944854,0.6402619583597368,0.6656743202293609,0.0,0.0,0.0,,,,,,,,,,,0
136,3,main,normal,power_law,0.0,1,343,proportional,50,0.0,False,111.55937886238098,10.141761714761907,1.0,0.12717,,,0.08325613333333333,0.0,0.0,125.00333333333333,0.0,0.0,1.0744405915358677,1.0324031440919146,1.114391944383977,0.1745020288007527,0.16150367066731694,0.18499233639182108,0.003490040576015054,0.003230073413346339,0.003699846727836421,0.649784436860553,0.6427048220078396,0.6581714539630666,0.0,0.0,0.0,,,,,,,,,,,0
137,3,main,normal,power_law,0.0,2,344,proportional,50,0.0,False,113.79298043251038,10.34481640295549,1.0,0.12717,,,0.08946133333333334,0.0,0.0,124.97733333333333,0.0,0.0,1.044097001550691,1.01514667297982,1.1090134012421764,0.17803917023851812,0.1641073418057762,0.19058334544095626,0.0035607834047703636,0.0032821468361155246,0.0038116669088191263,0.6551007220409902,0.6406664152235596,0.6663449485053927,0.0,0.0,0.0,,,,,,,,,,,0
138,3,main,normal,power_law,0.0,3,345,proportional,50,0.0,False,112.36985158920288,10.215441053563898,1.0,0.12717,,,0.07935933333333334,0.0,0.0,124.69233333333334,0.0,0.0,1.08947444132081,1.0701612898057138,1.1297601571468672,0.16752277395640888,0.15919764030911598,0.1788666885747522,0.0033504554791281764,0.00318395280618232,0.0035773337714950417,0.6422526205951689,0.6321669072617634,0.6484354484295616,0.0,0.0,0.0,,,,,,,,,,,0
139,3,main,normal,power_law,0.0,4,346,proportional,50,0.0,False,114.24245643615723,10.385677857832475,1.0,0.12717,,,0.0873344,0.0,0.0,125.035,0.0,0.0,1.0717694890563192,1.0489290468359034,1.0990352824541134,0.17223315451678786,0.1648273736894821,0.17849243081718458,0.0034446630903357564,0.0032965474737896416,0.003569848616343691,0.6447973387221051,0.6368378007292194,0.6589024265148435,0.0,0.0,0.0,,,,,,,,,,,0
140,3,main,normal,power_law,0.01,0,342,proportional,50,0.0,False,116.10248684883118,10.554771531711925,1.0,0.12717,2.0,0.8923272644991453,0.08334466666666666,0.004245733333333333,1.3476666666666666,124.427,1.341,0.010830982557376346,1.0722124186989943,1.0176734738577031,1.0988931194996059,0.18155934417433645,0.16611944071198181,0.18860222112076708,0.0036517175482130137,0.003358115873569519,0.003811998110722677,0.6543565034494854,0.6400116803542926,0.6648806710089493,0.05645685095529451,0.052472763257948904,0.06640998794635797,2.0,2.0,2.0,1.8125991385947868,1.5264769152933202,1.967856103668926,,,,0.8132104003585653,92
141,3,main,normal,power_law,0.01,1,343,proportional,50,0.0,False,115.42588686943054,10.493262442675503,1.0,0.12717,2.0,0.9011927987920418,0.0795832,0.0036370666666666667,1.228,124.57666666666667,1.228,0.009857383672704894,1.0697013361373058,1.0358155242436708,1.1145946198293706,0.1744871241708099,0.16152443908418665,0.18493971328441175,0.003520157801527262,0.0032663282615042677,0.003730329751312994,0.6497355827975901,0.6426200729775869,0.6574100695498203,0.04783802849618705,0.04075286401403003,0.055165328647861514,2.0,2.0,2.0,1.8239812957899835,1.5362056602093275,1.9661530918262518,,,,1.095476934940442,80
142,3,main,normal,power_law,0.01,2,344,proportional,50,0.0,False,116.71234321594238,10.610213019631125,1.0,0.12717,2.0,0.8912609578894339,0.08428466666666666,0.0051324,1.6146666666666667,124.63333333333334,1.609,0.012955335651243648,1.0417901948073611,1.0110264690462085,1.1078152464061164,0.17812982040939385,0.16407765159596976,0.1905748425094481,0.0035906725167686657,0.0033482105245898224,0.0038392699058824712,0.6555628195259267,0.6392396898451528,0.6653023809462026,0.06636853855653299,0.056651679278512494,0.07662964365446359,2.0,2.0,2.0,1.8213472671600046,1.5267158831628254,1.9687071965223695,,,,0.8489358776902631,98
143,3,main,normal,power_law,0.01,3,345,proportional,50,0.0,False,115.06743931770325,10.460676301609386,1.0,0.12717,2.0,0.9031124343430723,0.07624053333333333,0.003070666666666667,1.1263333333333334,124.66133333333333,1.131,0.009035145888594165,1.0876911277749883,1.0671937508547018,1.126745486625813,0.16748539013602143,0.15908181316934833,0.17891044538209888,0.0033674353088553634,0.003206322975822187,0.003613067308914608,0.6423579599383125,0.6306652946099697,0.6465308368213646,0.042495637515679266,0.0375833720979921,0.049075074039787246,2.0,2.0,2.0,1.82241721557314,1.5420346698884664,1.9618304090110645,,,,0.7660636843720783,61
144,3,main,normal,power_law,0.01,4,346,proportional,50,0.0,False,117.09372353553772,10.644883957776157,1.0,0.12717,2.0,0.8908902952907994,0.08285106666666667,0.004438,1.472,124.74233333333333,1.4766666666666666,0.01180032440203406,1.0759626685143904,1.0469963822073702,1.1014992212744712,0.17220960786085382,0.16482270006277064,0.1784278549064628,0.003465892794202121,0.0033375818366508086,0.003643162726067284,0.6443806625246279,0.6368318850398403,0.6581778774314849,0.05884347126546996,0.05135784138778508,0.06923417832858227,2.0,2.0,2.0,1.8141607513425593,1.5229350346759492,1.9643474204841698,,,,1.0436148099251579,68
145,3,main,normal,power_law,0.02,0,342,proportional,50,0.0,False,115.60805606842041,10.50982327894731,1.0,0.12717,2.0,0.8722225381559819,0.07885933333333334,0.008560933333333333,3.0593333333333335,124.075,3.0553333333333335,0.02465712942440728,1.0720876682328147,1.0222122914197982,1.0979619014362605,0.1812440907399327,0.16601877607464696,0.18855983020727643,0.0037197661996501057,0.0034088225599146673,0.0038676869855221933,0.6528599698279867,0.6413565010609616,0.6639943307871936,0.13490659006641242,0.12280617392050666,0.1421598331683323,2.0,2.0,2.0,1.8220031801262528,1.5266323744167791,1.9777328711237059,,,,0.88135558834082,159
146,3,main,normal,power_law,0.02,1,343,proportional,50,0.0,False,115.62278294563293,10.51116208596663,1.0,0.12717,2.0,0.8746429679948123,0.07499493333333333,0.008080266666666667,3.086,124.294,3.0896666666666666,0.024828229842148455,1.0770584211357184,1.0348887947029282,1.1176784561256476,0.1744520839470089,0.1615013469685086,0.18505989826484118,0.003554685382905167,0.0033407403124883286,0.003788508786115824,0.6486850003455282,0.6431674451867283,0.6595471150876305,0.126740190240627,0.11797112145359573,0.1351603249294847,2.0,2.0,2.0,1.8198005771883392,1.5260740331235276,1.976089038350812,,,,0.7413326594204699,163
147,3,main,normal,power_law,0.02,2,344,proportional,50,0.0,False,125.09277629852295,11.372070572592996,1.0,0.12717,2.0,0.8640365180339779,0.07999786666666667,0.009254933333333333,3.233,124.63866666666667,3.2316666666666665,0.02593898094759251,1.0442435182202707,1.0154837188044101,1.101177578236831,0.17769002657212962,0.16381385293270717,0.1904837235127198,0.003686854410778213,0.003400408049907614,0.0038887264720039233,0.6552685388219825,0.6387625099145318,0.6679498574167937,0.1455206948673492,0.1351397702087203,0.16335970795635502,2.0,2.0,2.0,1.8178851050318752,1.518760340592921,1.9800900230347953,,,,0.9332872238917198,154
148,3,main,normal,power_law,0.02,3,345,proportional,50,0.0,False,119.03028917312622,10.820935379375111,1.0,0.12717,2.0,0.8782678525454021,0.07163173333333334,0.0075468,3.078666666666667,124.28766666666667,3.07,0.024770492111043468,1.0945869540592161,1.0594043583444286,1.130356033365227,0.16732209036084097,0.15907270957691094,0.17891999237018996,0.0034922365177745933,0.003281965211895034,0.0036661611155682375,0.6418887797253314,0.635453077703069,0.649093279475643,0.1310677461937402,0.11478685357952742,0.13951762524170455,2.0,2.0,2.0,1.831501228064582,1.5357439220967883,1.9790647439612994,,,,0.868677622940469,165
149,3,main,normal,power_law,0.02,4,346,proportional,50,0.0,False,116.41498064994812,10.583180059086192,1.0,0.12717,2.0,0.8676207829251942,0.07836066666666666,0.0087712,3.2583333333333333,124.61666666666666,3.2596666666666665,0.026146850341045875,1.074599836075349,1.0503635353002454,1.089915471260535,0.1720682529285672,0.16474125061247907,0.17829201842392844,0.003555270599991273,0.0033829704570441346,0.003719896353827871,0.6469397689671097,0.6376713003118661,0.6598556425261367,0.1463601461286127,0.13732688801412674,0.15681396269435158,2.0,2.0,2.0,1.8215457619098738,1.518898409133023,1.9783184324560408,,,,0.8526773908513103,141
150,3,main,normal,power_law,0.05,0,342,proportional,50,0.0,False,115.45376658439636,10.49579696221785,1.0,0.12717,2.0,0.8398991863752268,0.07571386666666667,0.011213333333333334,4.468,123.87466666666667,4.455666666666667,0.036068714614771916,1.071483077577001,1.029698062852451,1.1108002976490394,0.18084048188141888,0.16539610043439174,0.18789407819976311,0.0038372180226063863,0.0034232473632652715,0.004010481912146511,0.6591842517394846,0.645381533876315,0.6670481042406602,0.2005260522925189,0.18891116047668993,0.21854768917878342,2.0,2.0,2.0,1.8245268385383142,1.484093492640115,1.986812539860313,,,,0.9129386152301443,223
151,3,main,normal,power_law,0.05,1,343,proportional,50,0.0,False,124.35503816604614,11.305003469640559,1.0,0.12717,2.0,0.8528376455732763,0.07129613333333333,0.011306533333333334,4.536,123.938,4.555666666666666,0.03659894463360712,1.078610462422028,1.036152140370103,1.106045627304041,0.17385030750938163,0.16158279900587139,0.18497138080828993,0.0036640712094617466,0.0034136912474769347,0.00389917545098741,0.6518325962773042,0.6459269140783221,0.6621445671854583,0.2009726117188375,0.1893032531636937,0.21976112600736936,2.0,2.0,2.0,1.8352744524404734,1.5086631258277396,1.986919237594393,,,,0.9613707008856178,196
152,3,main,normal,power_law,0.05,2,344,proportional,50,0.0,False,124.34553027153015,11.30413911559365,1.0,0.12717,2.0,0.8402406231518669,0.07636706666666666,0.0123944,4.614,124.04666666666667,4.606,0.0371956790455205,1.0453221653548292,1.020845716765686,1.0986391366255983,0.17760810378247732,0.1635312966181336,0.19010563460293867,0.003785218612108533,0.0034801149457800674,0.003994740787628108,0.6584222018123003,0.640793563173577,0.6692565838864857,0.21596891495906428,0.19710621204944187,0.23008620375956015,2.0,2.0,2.0,1.8316464365577736,1.4897617147926354,1.987465842489401,,,,1.0271213656352989,205
153,3,main,normal,power_law,0.05,3,345,proportional,50,0.0,False,124.34997725486755,11.304543386806142,1.0,0.12717,2.0,0.847903796902435,0.06809893333333333,0.0105484,4.700666666666667,123.68733333333333,4.687333333333333,0.038004430526434936,1.0955287606657587,1.067320906052161,1.1373039482149485,0.16734996694947704,0.1585319662382965,0.17799669451991884,0.00349890207783503,0.0033550208673969713,0.003754924945615177,0.6445272619107938,0.6349006121495011,0.6491581204438048,0.20577752005734007,0.19001389597277177,0.2229293881148804,2.0,2.0,2.0,1.8314981870760967,1.4980934222983686,1.9890402319554765,,,,0.9099733352580905,232
154,3,main,normal,power_law,0.05,4,346,proportional,50,0.0,False,116.71874141693115,10.610794674266469,1.0,0.12717,2.0,0.8438757101140106,0.07470506666666667,0.011914133333333334,4.579666666666666,124.094,4.6,0.036904819464814304,1.0848964067160807,1.0529610444496083,1.1142972586848028,0.1710906936993611,0.16474297356324621,0.17755207017829083,0.003633219591304667,0.003528968317047564,0.0037965511838520677,0.6500898519125142,0.6408744050428374,0.6602634813368002,0.21564018299422688,0.19905085786207574,0.23121852151788264,2.0,2.0,2.0,1.8386108094175693,1.490125619162057,1.989893439141495,,,,0.9523436144028335,163
155,3,main,normal,power_law,0.1,0,342,proportional,50,0.0,False,119.50018286705017,10.863652987913651,1.0,0.12717,2.0,0.8308449241519982,0.07346133333333334,0.012669066666666666,5.058,123.91433333333333,5.052,0.04081852247385963,1.0721484114070345,1.0384676257915397,1.090995503397467,0.1796411400297874,0.16432696360213694,0.18648763200897278,0.003874323219616635,0.003525464609084445,0.004015925551173085,0.6595532039767175,0.6422307514795891,0.6702231251227417,0.2483906059901041,0.2332604871181979,0.269883857117837,2.0,2.0,2.0,1.8294662122051428,1.4778792702681156,1.989936121031301,,,,0.9627659646300788,227
156,3,main,normal,power_law,0.1,1,343,proportional,50,0.0,False,117.56730890274048,10.687937172976406,1.0,0.12717,2.0,0.829982138116552,0.06929853333333333,0.012408933333333334,5.198666666666667,123.772,5.210333333333334,0.04200196059421086,1.0868001542556611,1.039478575799774,1.1167498691228395,0.17271920017765285,0.1603177769555565,0.18407777277094847,0.00374122345478752,0.0034619399091584103,0.0039897298324216,0.6534194897109455,0.6446047089805889,0.6643867141088511,0.2502714124151419,0.23480213740560973,0.26526614440371843,2.0,2.0,3.0,1.8287888625153637,1.476279853695995,1.9910590860518538,,,,0.9106692150402138,219
157,3,main,normal,power_law,0.1,2,344,proportional,50,0.0,False,117.90225100517273,10.718386455015702,1.0,0.12717,2.0,0.8341094336611301,0.0746516,0.013220533333333333,5.182,124.00466666666667,5.167333333333334,0.04178874988575699,1.035989869700125,1.0152746289252481,1.1062153326464421,0.17566344853296006,0.1625753270621511,0.19030378952613913,0.0037881773863118456,0.003590060356781438,0.00403332162631176,0.6573079142679807,0.6452065449523042,0.6697091868409624,0.24626058636397619,0.23425183292512503,0.28211225773558685,2.0,2.0,3.0,1.8418207743338364,1.4747435193097418,1.9920175532977473,,,,0.9691042600189048,228
158,3,main,normal,power_law,0.1,3,345,proportional,50,0.0,False,116.31491684913635,10.574083349921487,1.0,0.12717,2.0,0.8343236219145321,0.06580066666666666,0.0120088,5.3853333333333335,123.61133333333333,5.383,0.043566663250942474,1.1090233057057393,1.0648996553117667,1.1272867878232673,0.16697947383719794,0.1576231851819336,0.1769204463850652,0.003644987907373918,0.0034480800564021265,0.003792660424318018,0.645673551894862,0.6396001837091239,0.6518498619164733,0.2600669375769885,0.24648900601832513,0.2706595401230141,2.0,2.0,2.0,1.8294263043418748,1.475635168365574,1.9917071260098393,,,,0.9599607274061168,233
159,3,main,normal,power_law,0.1,4,346,proportional,50,0.0,False,118.70311641693115,10.791192401539195,1.0,0.12717,2.0,0.828535830541382,0.0724832,0.0132208,5.213333333333333,124.01833333333333,5.229666666666667,0.042036795635053956,1.0753248602482564,1.062191305764484,1.1048480256964088,0.17006279541421476,0.16243410660659452,0.1783189343972143,0.0036524860131851994,0.0034790837976911492,0.0038060630779054943,0.6513633917343722,0.6379011425520453,0.6617098249779992,0.25599527233805747,0.2360447886128305,0.27027695029085763,2.0,2.0,3.0,1.8300621244256798,1.4798193394951182,1.9910410015732678,,,,0.9347867179217614,193
160,3,main,normal,power_law,0.2,0,342,proportional,50,0.0,False,146.08276343345642,13.280251221223311,1.0,0.12717,2.0,0.8182586361982789,0.0707176,0.013605866666666667,5.574,123.51,5.57,0.04512994899198445,1.0785685184040212,1.030662499882275,1.1181597699919856,0.1788444633061562,0.16341461964188958,0.18519164028379992,0.003820350396391308,0.0035293665125117977,0.004024332479560857,0.6540039577823505,0.6402211889107934,0.6649296116548633,0.27285377970694424,0.259623044608594,0.28763208608180313,2.0,2.0,3.0,1.8243471700248195,1.449372346403971,1.9943679128600849,,,,0.8550612466572811,250
161,3,main,normal,power_law,0.2,1,343,proportional,50,0.0,False,144.81479334831238,13.164981213482944,1.0,0.12717,2.0,0.824031597591903,0.0668852,0.0132324,5.756666666666667,123.61266666666667,5.766,0.046570200464893026,1.0889510205624613,1.053581595466922,1.127175253074245,0.17058627376670382,0.16024540881070348,0.18160932110831746,0.003626448773954136,0.0034717066312743424,0.003922286086509175,0.6466512119255932,0.6386146799214436,0.6574935035502956,0.2645709410484586,0.25156345025731186,0.28389011144091775,2.0,2.0,3.0,1.8421113832334928,1.4759202479509062,1.993991261745336,,,,0.940364859067832,241
162,3,main,normal,power_law,0.2,2,344,proportional,50,0.0,False,146.03493285179138,13.27590298652649,1.0,0.12717,2.0,0.833712200496797,0.0717468,0.014421333333333333,5.669333333333333,123.605,5.674666666666667,0.04586653722206491,1.0645541169136723,1.0220957854508754,1.1064909690635552,0.1751706807403533,0.16226389276119885,0.18526830577697687,0.0037979346467402744,0.0035462456890714197,0.0040902408786929224,0.6554695202168956,0.6385031323888489,0.6666231518542812,0.27973283402243365,0.2639127411463537,0.30333320168969036,2.0,2.0,3.0,1.8385353757844123,1.4771268654121419,1.9931891555399197,,,,0.9961688056864333,245
163,3,main,normal,power_law,0.2,3,345,proportional,50,0.0,False,143.6052815914154,13.055025599219583,1.0,0.12717,2.0,0.8210855295519967,0.06383173333333333,0.012445866666666666,5.890333333333333,123.45766666666667,5.889666666666667,0.04771136124933513,1.1029949713752365,1.0663838957971126,1.1470284608407,0.1650777273421594,0.15762892176958848,0.17704232317976346,0.003594487796283276,0.003399724068561462,0.0038425967094644093,0.6426596181706399,0.6336314019204248,0.6488224540683938,0.28387551826909974,0.2622146134159426,0.29251934263391455,2.0,2.0,3.0,1.8267025045983514,1.469778750899852,1.9922582669014455,,,,0.956230717407205,255
164,3,main,normal,power_law,0.2,4,346,proportional,50,0.0,False,137.54154181480408,12.503776528618552,1.0,0.12717,2.0,0.8293073534361536,0.07017706666666666,0.013946266666666667,5.658333333333333,123.511,5.673,0.0458123837822812,1.095432461655584,1.0451618056966787,1.1263343775282408,0.16888695670191983,0.1628860737968673,0.17581725894913464,0.0037013288413994855,0.003516667413795291,0.0038704797352984302,0.6481805910784612,0.6370780390420419,0.6605173043041735,0.2816632607633755,0.2642064512773532,0.30319852021417015,2.0,2.0,3.0,1.8322823702543316,1.4680935431538358,1.993242552775503,,,,1.042509991031697,218
165,3,main,normal,power_law,0.3,0,342,proportional,50,0.0,False,141.60207557678223,12.872915961525656,1.0,0.12717,2.0,0.8238853228103238,0.06989333333333334,0.013227466666666667,5.681666666666667,123.25366666666666,5.669333333333333,0.04609734396001742,1.0734290511592617,1.0421273682288823,1.104278247830084,0.17637999760970413,0.16655305565339718,0.18415911025466328,0.0038048232276799783,0.0036175594803932367,0.003993571145743919,0.6563845989599628,0.6437217737308937,0.6634232130660084,0.2723302536762384,0.26096490359243374,0.29518077169505363,2.0,2.0,3.0,1.8388182133758404,1.466002371619274,1.9940639230136052,,,,0.9067445923249002,265
166,3,main,normal,power_law,0.3,1,343,proportional,50,0.0,False,141.3172264099121,12.847020582719283,1.0,0.12717,2.0,0.824110254554562,0.06536773333333333,0.013268266666666667,5.901666666666666,123.41833333333334,5.929,0.0478183954301765,1.0933563877140426,1.0659698777328388,1.1275197891439024,0.17038319068171248,0.1618082355908913,0.1843900369481012,0.0036664511675765354,0.0035531433188287797,0.003972102423800339,0.6489000605101708,0.6442128974112982,0.6545464445760487,0.2867183577291954,0.26141857856392103,0.30939604598459314,2.0,2.0,3.0,1.8263787468655674,1.4593989989027176,1.9927438599386786,,,,0.9387120376544668,220
167,3,main,normal,power_law,0.3,2,344,proportional,50,0.0,False,137.18116354942322,12.471014868129384,1.0,0.12717,2.0,0.8338794697062705,0.07071586666666667,0.014130666666666666,5.846,123.41366666666667,5.831,0.047369146042712716,1.053700193432928,1.0207714645986337,1.1030275290777534,0.17637478307322552,0.16257688142919186,0.18881565190314673,0.0038848039257711664,0.003484066880597923,0.0041650673686048235,0.6568384424529938,0.6409828992346966,0.6669626084948779,0.28551026476029223,0.26341539101857003,0.3150500082221438,2.0,2.0,3.0,1.844539756222886,1.4692705542900037,1.99491431838192,,,,1.0502854018319248,262
168,3,main,normal,power_law,0.3,3,345,proportional,50,0.0,False,140.2614827156067,12.751043883236973,1.0,0.12717,2.0,0.8221997567133721,0.0624156,0.0121772,6.111666666666666,123.27933333333333,6.094333333333333,0.04957576019770819,1.1064977356034078,1.0677009001047688,1.1461578884850765,0.1603010703757489,0.15458995350275923,0.17096641412693944,0.0034785291794757383,0.0033862322568466298,0.003751864575942142,0.6385736123609773,0.6323822881039415,0.6490971278998002,0.29378825763591504,0.27629064177783874,0.3094255480473892,2.0,2.0,3.0,1.8281962427882807,1.4540427389569637,1.9938604097736623,,,,0.8114969646242616,269
169,3,main,normal,power_law,0.3,4,346,proportional,50,0.0,False,141.97054409980774,12.906413099982522,1.0,0.12717,2.0,0.8231235982801933,0.06840493333333333,0.0138872,5.911,123.799,5.923,0.04774675078150873,1.0925130704933452,1.0650382948677468,1.1228366460001644,0.16907752763603245,0.16055604595947226,0.1764144058832801,0.003633845603551882,0.0035561211660052714,0.0038255616896658334,0.6449161520306224,0.6360090055050542,0.653598810683103,0.28961223549382986,0.2691662076439749,0.3105317036528086,2.0,2.0,3.0,1.8378934175295916,1.4604090129284668,1.994012628390218,,,,0.9086598058912496,225
170,3,main,normal,power_law,0.4,0,342,proportional,50,0.0,False,137.16718411445618,12.469744010405106,1.0,0.12717,2.0,0.83719803829967,0.06814946666666667,0.013393466666666666,5.774333333333334,123.10233333333333,5.771333333333334,0.046906774038943215,1.0668161838182204,1.0366612771910486,1.1047077071203497,0.17742283663524583,0.16471203347379798,0.18494851275726798,0.0038568728067383522,0.0035757768149593406,0.0040607511810290715,0.6537060149192269,0.6381929570693563,0.660433097748648,0.2787251997527859,0.2658772292006989,0.30020321624639956,2.0,2.0,3.0,1.8473474888259462,1.475753705727015,1.9939476733638066,,,,0.8916591781066531,245
171,3,main,normal,power_law,0.4,1,343,proportional,50,0.0,False,139.63489818572998,12.69408165324818,1.0,0.12717,2.0,0.8348866106480242,0.06452173333333333,0.012906266666666666,5.915,123.55833333333334,5.926,0.04787212517704188,1.09022325895108,1.0465138036405666,1.1472039211399685,0.1716168083234504,0.16251933523132456,0.18026014582289102,0.003688397364675828,0.0035069594327578526,0.003886786425539231,0.6446288357050389,0.6351948216938204,0.6528328579201499,0.28245077016089315,0.2683666230731071,0.30843604183146656,2.0,2.0,3.0,1.8436417436439982,1.4738401561556977,1.994319570780599,,,,0.880972733388176,250
172,3,main,normal,power_law,0.4,2,344,proportional,50,0.0,False,140.86216950416565,12.805651773105968,1.0,0.12717,2.0,0.832416158487453,0.0690792,0.013914266666666666,5.919,123.249,5.907666666666667,0.04802473042377626,1.066354598870257,1.0144050153156963,1.1254262089051645,0.1685691958166747,0.15654860372297708,0.18520364856172072,0.003661922385572615,0.0034239289651484,0.003917330089796266,0.6475047445585165,0.6304245870745955,0.6595705726787073,0.29018939956978973,0.2656616718858287,0.3083447615047754,2.0,2.0,3.0,1.843957275693365,1.4646904046792124,1.9960492155273395,,,,1.0035910659671736,267
173,3,main,normal,power_law,0.4,3,345,proportional,50,0.0,False,139.40274786949158,12.672977079044689,1.0,0.12717,2.0,0.827620259301795,0.06177813333333333,0.011885866666666666,5.972666666666667,123.139,5.957,0.0485034527376921,1.1058941987543822,1.0818578581019496,1.1621149430735445,0.16571285925530438,0.15815800423000548,0.17194315566789206,0.0035789122566587056,0.003376973771266937,0.0037638877470208844,0.6350224289281207,0.6254224791973917,0.6429641461266082,0.29016610561592554,0.260472766615978,0.3100266173292131,2.0,2.0,3.0,1.8317237459012023,1.4674495741839109,1.9944581579950031,,,,0.853719067125311,255
174,3,main,normal,power_law,0.4,4,346,proportional,50,0.0,False,140.81597757339478,12.801452506672252,1.0,0.12717,2.0,0.8314730600680309,0.06822906666666667,0.013306666666666666,5.799666666666667,123.45433333333334,5.825666666666667,0.04697823486687385,1.110639916415865,1.0629091251667135,1.1439415736834708,0.16604329041392754,0.1587631744780052,0.17692052799408933,0.0035784228285651366,0.0034056671474682106,0.0037850880801412663,0.6406286309265441,0.6317984886461374,0.6572045593120781,0.2746265791138792,0.2607336057374133,0.2930543338083398,2.0,2.0,3.0,1.846926828922378,1.4812249846356613,1.9945492337078816,,,,0.8183654495951325,223
175,3,main,normal,power_law,0.5,0,342,proportional,50,0.0,False,136.76539516448975,12.43321774222634,1.0,0.12717,2.0,0.8386427155886889,0.0688508,0.0122752,5.462666666666666,123.438,5.471333333333333,0.0442543355098646,1.0635976771262936,1.0296104837425146,1.1182105570193484,0.17912574429256423,0.16399797666192006,0.18308264179017786,0.0037975280551125956,0.003537936353923624,0.0039464406637035425,0.648229174152086,0.6385544913694335,0.6591979266468212,0.2655950428476286,0.24557441649457884,0.2871727738852147,2.0,2.0,3.0,1.8500724383283962,1.4715883237836755,1.9947177671639316,,,,0.8629252885007715,236
176,3,main,normal,power_law,0.5,1,343,proportional,50,0.0,False,141.5967538356781,12.872432166879827,1.0,0.12717,2.0,0.8385751008648169,0.06428146666666666,0.012305466666666667,5.669,123.33266666666667,5.674666666666667,0.045965113324936885,1.0976952788778724,1.0542693392416138,1.1252610589970669,0.16745607499624693,0.15729159226677325,0.18333271402841492,0.0036198431289754082,0.0033587101948125515,0.0038608515544592023,0.6409763872214098,0.6360788385952166,0.6532992852904216,0.26204852801862966,0.2464333888158701,0.28351338477722865,2.0,2.0,3.0,1.8438814421308596,1.477569048150941,1.9937048478955426,,,,1.0236379093098136,236
177,3,main,normal,power_law,0.5,2,344,proportional,50,0.0,False,119.58093094825745,10.870993722568858,1.0,0.12717,2.0,0.8387278204556099,0.06863973333333333,0.013356933333333333,5.759666666666667,123.6,5.767333333333333,0.04659924487594391,1.0621808470435696,1.0229316588435182,1.1460539969728187,0.17230359754948812,0.15936618968818564,0.18565629206723694,0.0037235128452316104,0.0034976615008352964,0.003971010567179696,0.6477655163225231,0.6289748761790581,0.6606603842865607,0.27464710960220545,0.26727336747048946,0.2880976601953317,2.0,2.0,3.0,1.858892949621508,1.4738886378809215,1.9958804366336644,,,,0.9409931329103829,223
178,3,main,normal,power_law,0.5,3,345,proportional,50,0.0,False,114.5525770187378,10.413870638067072,1.0,0.12717,2.0,0.8354383656610007,0.061664533333333334,0.011480133333333333,5.655666666666667,122.897,5.658666666666667,0.04601956652047379,1.1117541635274257,1.0845723060672119,1.154130892151455,0.16335322225884114,0.15284338833726,0.1708629305674414,0.0035085270650393814,0.0032996425727296534,0.0037201724576147854,0.636004193298596,0.6223009862032397,0.6457064684592225,0.27050777401242787,0.24929495916772107,0.28340657732336244,2.0,2.0,2.0,1.835588574751182,1.4669012652867228,1.9923989504086452,,,,0.8610629588383255,246
179,3,main,normal,power_law,0.5,4,346,proportional,50,0.0,False,117.93464922904968,10.721331748095425,1.0,0.12717,2.0,0.8444853014145597,0.06703706666666667,0.013392,5.692333333333333,123.68933333333334,5.710333333333334,0.04602121444047991,1.0939370797207817,1.0559607888545068,1.125599954478469,0.16918328855112913,0.16236348618142424,0.17421658043840726,0.0035914056009566514,0.0034615006695153097,0.003795012255424762,0.6376768081734678,0.6309303462362266,0.651031459798926,0.2627819053625598,0.24799901525729867,0.288339469675019,2.0,2.0,3.0,1.8587315937939066,1.4751477453049895,1.9957673332877028,,,,0.9357742019057558,220
180,4,main,laplace,linear,0.0,0,442,proportional,50,0.0,False,114.6621446609497,10.42383133281361,1.0,0.12717,,,0.10617773333333333,0.0,0.0,125.33533333333334,0.0,0.0,1.0713600328770605,1.056671747432697,1.1005967519540727,0.1790817648134967,0.16615263054297547,0.1858466002099631,0.0035816352962699327,0.003323052610859508,0.0037169320041992616,0.6543432651800849,0.6449719933494471,0.6588667089142135,0.0,0.0,0.0,,,,,,,,,,,0
181,4,main,laplace,linear,0.0,1,443,proportional,50,0.0,False,115.28864192962646,10.480785629966043,1.0,0.12717,,,0.1136264,0.0,0.0,124.97966666666666,0.0,0.0,1.055532854980566,1.0216406883952018,1.1190643549564063,0.18129976616440935,0.16984666438761065,0.18678668449905889,0.003625995323288187,0.0033969332877522122,0.003735733689981178,0.6540071820749205,0.643543823152755,0.6637669575559222,0.0,0.0,0.0,,,,,,,,,,,0
182,4,main,laplace,linear,0.0,2,444,proportional,50,0.0,False,115.24035453796387,10.476395867087625,1.0,0.12717,,,0.10961266666666666,0.0,0.0,125.07133333333333,0.0,0.0,1.058120673200785,1.030309425550828,1.0846648983559148,0.1797349565821569,0.17247106481738447,0.1970830422752951,0.0035946991316431376,0.0034494212963476884,0.003941660845505903,0.6558030953210416,0.6481477078611676,0.6733294116403461,0.0,0.0,0.0,,,,,,,,,,,0
183,4,main,laplace,linear,0.0,3,445,proportional,50,0.0,False,116.89124989509583,10.62647726319053,1.0,0.12717,,,0.12042733333333333,0.0,0.0,124.53066666666666,0.0,0.0,1.0261652159114583,1.0018467789014016,1.0500549388408793,0.18740783179033604,0.17473280387500856,0.1949816760732296,0.0037481566358067197,0.003494656077500171,0.0038996335214645894,0.6627929378669223,0.6573318082121329,0.6697754306329866,0.0,0.0,0.0,,,,,,,,,,,0
184,4,main,laplace,linear,0.0,4,446,proportional,50,0.0,False,116.31571793556213,10.574156175960194,1.0,0.12717,,,0.1241948,0.0,0.0,125.00733333333334,0.0,0.0,1.0644176118683748,1.012193656920835,1.0848138982324493,0.18383362502952671,0.16901456838248688,0.20236307045284993,0.003676672500590533,0.0033802913676497367,0.004047261409056998,0.6643827137538715,0.6451197501020731,0.6741001380953482,0.0,0.0,0.0,,,,,,,,,,,0
185,4,main,laplace,linear,0.01,0,442,proportional,50,0.0,False,117.03599977493286,10.639636343175715,1.0,0.12717,2.0,0.8701952738916316,0.1032648,0.0028776,0.684,125.14633333333333,0.6763333333333333,0.005465601602390802,1.0740416826698307,1.0565949134107444,1.1022379571192136,0.17912689911081295,0.16606604554149443,0.18585048744185823,0.003602001371293543,0.003346330878831116,0.003751966761665465,0.6535643639703075,0.6445808205034809,0.6587727490832502,0.03318732575428628,0.024068050188178723,0.0445311134173198,2.0,2.0,2.0,1.7722771927980294,1.4767225394123544,1.954359215971002,,,,0.7263821343153402,47
186,4,main,laplace,linear,0.01,1,443,proportional,50,0.0,False,118.37285423278809,10.7611685666171,1.0,0.12717,2.0,0.8717893124868231,0.10983693333333333,0.0037630666666666666,0.8136666666666666,125.014,0.8126666666666666,0.006508604369643933,1.0553848200129772,1.0224745157857693,1.1206693514735586,0.18123103348596295,0.16979151239601872,0.186736687682558,0.0036683544542936786,0.0034392474857427853,0.0037824002654477063,0.6547791046494911,0.6434850071067186,0.6650385090821487,0.048504809823579534,0.04065297235453108,0.0543573734660042,2.0,2.0,2.0,1.76973519344154,1.419200591338789,1.9534215773731072,,,,1.0607147289726675,47
187,4,main,laplace,linear,0.01,2,444,proportional,50,0.0,False,116.83937740325928,10.62176158211448,1.0,0.12717,2.0,0.8789503865897053,0.10636893333333333,0.0032224,0.6833333333333333,124.84,0.6833333333333333,0.0054736729680657905,1.0584287720241452,1.0297719727608579,1.0848754417357553,0.17971432406643928,0.17234901973005373,0.19711202823065654,0.003619668330359026,0.0034625751988968225,0.003963894025215977,0.6545414495036067,0.6494884403724029,0.6734034938411998,0.031173446759299846,0.024532032828870575,0.04065051300020417,2.0,2.0,2.0,1.7945516609962826,1.4662335551413732,1.9614957524524534,,,,1.1862164185206305,46
188,4,main,laplace,linear,0.01,3,445,proportional,50,0.0,False,119.85023665428162,10.895476059480147,1.0,0.12717,2.0,0.8611843199964644,0.11602573333333334,0.004354933333333333,0.887,124.592,0.8813333333333333,0.007119237190188777,1.025315310514129,0.9993029088939172,1.0506789064804027,0.1874032281572508,0.17471644745458437,0.19498479934479793,0.0037708523765898946,0.0035451558481283422,0.003922536913572082,0.6633461067781972,0.6574902664311066,0.6708169721428792,0.04595585733916091,0.03690594058046556,0.05369681450778239,2.0,2.0,2.0,1.7598889582764579,1.4440447639492613,1.9521122387915708,,,,0.9385347906730284,68
189,4,main,laplace,linear,0.01,4,446,proportional,50,0.0,False,120.01185035705566,10.910168214277787,1.0,0.12717,2.0,0.8603808379042351,0.1190344,0.005103466666666666,1.0676666666666668,124.65266666666666,1.0666666666666667,0.008565132982848342,1.064373185434853,1.0123947427909612,1.0864646127129678,0.18386364764592986,0.1689453958416826,0.20230809862685098,0.003713089823708507,0.003433640158811123,0.004089575888593154,0.6647785802618429,0.6484895943565332,0.6740762086829118,0.05838788163433366,0.0472098686148824,0.06975961137435341,2.0,2.0,2.0,1.7626038149908583,1.4393608332768095,1.964292629854028,,,,1.0977879962965904,67
190,4,main,laplace,linear,0.02,0,442,proportional,50,0.0,False,117.14373445510864,10.649430405009877,1.0,0.12717,2.0,0.8684513023664195,0.09801346666666666,0.007984933333333333,2.195333333333333,124.86666666666666,2.192,0.01758142018152696,1.0699321733729614,1.0537831958732429,1.104482466700126,0.1790102023310567,0.165882192464891,0.1858796813833105,0.0036819836010645816,0.0034827249567646722,0.00385961926632332,0.6547697877175227,0.6466364213787703,0.6606540259350472,0.10908962369425126,0.0980399494527388,0.11924781122595485,2.0,2.0,2.0,1.8065693265440474,1.4737895090418154,1.9737743237052443,,,,1.0681540732758419,133
191,4,main,laplace,linear,0.02,1,443,proportional,50,0.0,False,120.11063647270203,10.91914877024564,1.0,0.12717,2.0,0.8656774439485025,0.10470226666666667,0.008753866666666667,2.1743333333333332,124.81566666666667,2.179666666666667,0.017420355884811466,1.0581495664958136,1.018836305025463,1.1209080972506356,0.18123279802329634,0.16976911727108768,0.18651968950174969,0.0037601288786528585,0.003578080801114488,0.0038471398541100373,0.6594318491923583,0.6452679683292037,0.6667687352493432,0.1212273883402813,0.09947901238660903,0.12822597150597395,2.0,2.0,2.0,1.81396763413684,1.4797352447079861,1.9759471026793831,,,,0.8418888622956808,112
192,4,main,laplace,linear,0.02,2,444,proportional,50,0.0,False,118.4960834980011,10.772371227091009,1.0,0.12717,2.0,0.8640734416899281,0.10102306666666666,0.008427733333333333,2.104,124.726,2.0893333333333333,0.01686897679713933,1.0578421611833055,1.0269014287262805,1.086162400447039,0.17943919459219096,0.17228862379044618,0.19661312235325307,0.003680054218965451,0.0035191724987179013,0.004021982524389017,0.6584022583221891,0.650701055369499,0.6736302729950875,0.10234941293520627,0.09037853359728433,0.11721350058648755,2.0,2.0,2.0,1.8010333424098994,1.475257407994906,1.9783292923899292,,,,0.9893965700247956,131
193,4,main,laplace,linear,0.02,3,445,proportional,50,0.0,False,120.54204726219177,10.958367932926524,1.0,0.12717,2.0,0.8567960379721575,0.110402,0.009836,2.1886666666666668,124.31433333333334,2.195666666666667,0.017605907605183633,1.028286186188142,1.0040610670225263,1.050636582514121,0.1873726062629831,0.17458843219877415,0.19486967144025855,0.003827780581183124,0.003602043849666922,0.004054221805535857,0.6639468056692766,0.6596072498160748,0.6721262620547045,0.12331228164693495,0.10438072272748994,0.1329592509590184,2.0,2.0,2.0,1.798150724196981,1.4971982912697381,1.9738072257596406,,,,0.8767456177755417,117
194,4,main,laplace,linear,0.02,4,446,proportional,50,0.0,False,120.49942827224731,10.954493479295211,1.0,0.12717,2.0,0.8573366713193297,0.11348413333333333,0.010509866666666666,2.2396666666666665,124.616,2.2343333333333333,0.017972544991547365,1.0678452526749775,1.0101722504405892,1.0868777173513169,0.1838037883847864,0.16889120925074905,0.20212430207884252,0.0038309652394728014,0.0035562650832352515,0.004169775591002971,0.666935799317508,0.6511519040962815,0.676016042925266,0.12099403672235644,0.10704389087637746,0.14017092911322987,2.0,2.0,2.0,1.7991442192277225,1.4692137340850082,1.9770998740516155,,,,0.9288949657645602,129
195,4,main,laplace,linear,0.05,0,442,proportional,50,0.0,False,118.84444618225098,10.804040562022816,1.0,0.12717,2.0,0.8436495342354788,0.0928164,0.012645333333333333,3.708,124.56033333333333,3.6983333333333333,0.029768706463534408,1.074673795370892,1.0592827939395926,1.106859520640482,0.17819011235040588,0.16543645488795106,0.18548683754961812,0.003719004724820958,0.003502605186375606,0.00397961733361117,0.6566192760642833,0.6515612584060775,0.6649273806312468,0.19349393005982982,0.18235492498697303,0.21010871395429642,2.0,2.0,2.0,1.8215579721822346,1.4818239911906734,1.985806757007508,,,,0.8967648033914637,193
196,4,main,laplace,linear,0.05,1,443,proportional,50,0.0,False,120.70922780036926,10.973566163669933,1.0,0.12717,2.0,0.8407660081526203,0.09976146666666667,0.013153066666666666,3.5326666666666666,124.36566666666667,3.5366666666666666,0.028405481684387706,1.062621445737185,1.0181863905844968,1.1254026929093346,0.18110691083627461,0.16931841315445953,0.18683133073684166,0.003826963368960237,0.00358359571662776,0.004058428952351396,0.6616779243111409,0.6466417522734302,0.6678963756624865,0.1906283974634736,0.16966106876187337,0.20322770062056872,2.0,2.0,2.0,1.8297444886591014,1.4804365083348587,1.988639054488941,,,,0.9969812620006859,166
197,4,main,laplace,linear,0.05,2,444,proportional,50,0.0,False,118.48085951805115,10.770987228913741,1.0,0.12717,2.0,0.8460374901692413,0.09583106666666667,0.013115733333333334,3.5803333333333334,124.24766666666666,3.5763333333333334,0.028816101174267528,1.0544795673176832,1.0287798159582304,1.0916581539910548,0.17922690143523567,0.17151868638546902,0.19685558953568563,0.00379912949804699,0.0036538967780448354,0.004131897962699019,0.6607923112498999,0.6531537377538066,0.6776521457542005,0.18443028475248535,0.16845615987024318,0.2014834207439563,2.0,2.0,2.0,1.8244765253025395,1.4838350851446995,1.9866106298041553,,,,0.9519482593384787,153
198,4,main,laplace,linear,0.05,3,445,proportional,50,0.0,False,126.30933403968811,11.482666730880737,1.0,0.12717,2.0,0.8388042757912696,0.1052476,0.014440933333333333,3.3546666666666667,124.196,3.349666666666667,0.027011068526093165,1.0206471954250185,1.011180153973881,1.0565579858547518,0.1876925925139582,0.1749641469478003,0.19413561016388897,0.003924300373452882,0.0037216786445517062,0.004176798507121919,0.6676738189284324,0.6608209003667846,0.6736143775828929,0.19454946192693146,0.16797942485849554,0.20075272844333147,2.0,2.0,2.0,1.825617977289918,1.4656003631387777,1.9875483998679206,,,,0.8155081366860594,175
199,4,main,laplace,linear,0.05,4,446,proportional,50,0.0,False,123.24233174324036,11.203848340294577,1.0,0.12717,2.0,0.842946507425328,0.10936826666666667,0.014123466666666668,3.2756666666666665,124.37066666666666,3.274,0.026337936062093954,1.0541289877828266,1.013270655145997,1.0919679723827418,0.18352655251465072,0.16867490886386938,0.2009996395772622,0.00401971367355228,0.003634112846256982,0.004325713740966071,0.6701653170433755,0.6497156491284343,0.6783836202954803,0.18851427917614932,0.16964736160229688,0.20336189298667812,2.0,2.0,2.0,1.8185836697668287,1.4721878863384112,1.9869957738892272,,,,1.0452080456385557,165
200,4,main,laplace,linear,0.1,0,442,proportional,50,0.0,False,124.0634651184082,11.278496828946201,1.0,0.12717,2.0,0.8327774474543044,0.09008893333333333,0.014515866666666667,4.346666666666667,124.09866666666667,4.345,0.03502589337516385,1.0818483372615564,1.0502373527297826,1.1125920795358168,0.17567511376086856,0.16335640521072084,0.1846442320845772,0.003793652509484515,0.003578112107482819,0.0040293801358985545,0.6594731080141314,0.6485821528353931,0.6641990813099077,0.2345247450182345,0.2135983905481248,0.25284548553665986,2.0,2.0,3.0,1.8290703083022577,1.4974376015532667,1.9915491957314244,,,,0.9085090986056666,189
201,4,main,laplace,linear,0.1,1,443,proportional,50,0.0,False,123.06360912322998,11.187600829384543,1.0,0.12717,2.0,0.8339288508685408,0.09657173333333334,0.0154816,4.208,124.09666666666666,4.2156666666666665,0.03390904939697548,1.0640765452574437,1.0271327619621826,1.1192956332481867,0.17963596724922654,0.16877155533871765,0.18437090604188758,0.00389445698705494,0.0036567815690316274,0.004080281261445838,0.6627288713839401,0.6511091381982769,0.6676888568019242,0.2352702837336268,0.20912252290895955,0.26033887226425934,2.0,2.0,2.0,1.8300123621216398,1.4583585615278989,1.9897283221071635,,,,0.9634275898467308,184
202,4,main,laplace,linear,0.1,2,444,proportional,50,0.0,False,124.00216126441956,11.272923751310868,1.0,0.12717,2.0,0.8365703381524283,0.09332133333333334,0.014847066666666667,4.251333333333333,124.317,4.242333333333334,0.034197521926472914,1.0586250365240752,1.0195230661172128,1.0873051597992929,0.17780036720460218,0.1708435213192008,0.1947596852690534,0.0038018068171506046,0.0036753693289245533,0.0042825282171635405,0.6596002446496034,0.6547314428168882,0.6763900178147575,0.2314526052961859,0.20611553374988917,0.2421361375718414,2.0,2.0,2.0,1.8289599207680751,1.4769253738436734,1.9916664373895228,,,,0.9066781309341931,191
203,4,main,laplace,linear,0.1,3,445,proportional,50,0.0,False,122.65610194206238,11.15055472200567,1.0,0.12717,2.0,0.8300374104362361,0.10244626666666666,0.01633626666666667,4.014,123.932,4.004333333333333,0.032388729303166254,1.0364124070352372,1.0099236071006463,1.0741631246813579,0.1851062933956774,0.17393099913063328,0.1943925720694864,0.004033627266812523,0.0037408478385560213,0.004145395029557722,0.6687746221763662,0.6621523853785269,0.6747812797092293,0.2290298419583156,0.2153366268160005,0.24941308017506997,2.0,2.0,2.0,1.819359866630867,1.4371306710447551,1.9908159159877052,,,,0.9330458570898637,204
204,4,main,laplace,linear,0.1,4,446,proportional,50,0.0,False,125.37102389335632,11.397365808486938,1.0,0.12717,2.0,0.825949228695559,0.1063348,0.01624746666666667,3.8606666666666665,124.237,3.858,0.031075015226274514,1.0612317284438653,1.0162338404797504,1.1241964479756335,0.1825719058242795,0.16792169022844217,0.19989337411849456,0.004022646122901511,0.003654553177826364,0.0042940645125572,0.6698783510503532,0.6540061412651622,0.6784700129908596,0.2238803201430669,0.2131396660871936,0.23528397930963568,2.0,2.0,2.0,1.815168820475139,1.4611804255126977,1.9891936030292963,,,,0.9747371018841644,204
205,4,main,laplace,linear,0.2,0,442,proportional,50,0.0,False,120.58171439170837,10.961974035609853,1.0,0.12717,2.0,0.8282053365057869,0.0861728,0.016403733333333333,5.042333333333334,123.79166666666667,5.046,0.04073241332884551,1.0931382726627237,1.065932077485943,1.1253905015271897,0.17607307464179967,0.16464200574817986,0.18177920278450888,0.003845580309206226,0.003593014624565268,0.00401653067489174,0.655746120378856,0.6463037161106427,0.6639791808973217,0.27088709692626356,0.25599948788956134,0.28052269720691636,2.0,2.0,3.0,1.8418879684007823,1.4775637697373523,1.9944065616814486,,,,0.8404052175718997,224
206,4,main,laplace,linear,0.2,1,443,proportional,50,0.0,False,121.79646420478821,11.072405836798929,1.0,0.12717,2.0,0.831077327433922,0.09374666666666667,0.016592,4.7203333333333335,123.695,4.731,0.03816106821887169,1.0676951019540593,1.0338617091055318,1.1396745790665408,0.17963896621708375,0.1673818516764482,0.1849115749759162,0.0038961304478437125,0.0036835913822835962,0.004071031706985799,0.6578639071194239,0.6505360147155124,0.6690211965869701,0.25516726497851505,0.2277289834175333,0.2792977613004125,2.0,2.0,3.0,1.8466567301380228,1.467455364389278,1.9948537916106943,,,,0.9498326698755545,219
207,4,main,laplace,linear,0.2,2,444,proportional,50,0.0,False,121.40430736541748,11.036755215037953,1.0,0.12717,2.0,0.828415760453384,0.08992693333333333,0.016269733333333335,4.846333333333333,123.84866666666667,4.836666666666667,0.03913109009382418,1.0608166509751702,1.0276410690702753,1.0877035929979337,0.1766806584007456,0.17102307000097433,0.19232771779025837,0.0038630644990708994,0.0036513022199046786,0.004154480696982407,0.6612534916560655,0.64966377269543,0.6762399243177102,0.26594128626546887,0.24870474079787566,0.2807853157775396,2.0,2.0,3.0,1.8376196718763924,1.4527349436742534,1.9942653311794731,,,,0.8012965809517599,232
208,4,main,laplace,linear,0.2,3,445,proportional,50,0.0,False,122.31238341331482,11.11930758302862,1.0,0.12717,2.0,0.8345263606990919,0.0994172,0.017472266666666667,4.518,123.52333333333333,4.5136666666666665,0.03657608548992093,1.0393483835882042,1.0151474033717014,1.072781124600544,0.18234451118475287,0.1728896295404951,0.19441764146721208,0.003998606467016167,0.0037603003813669127,0.004218647206965208,0.6679055056817265,0.6594488485368311,0.6740962701471372,0.2563048268699226,0.23813387653181553,0.2789792641273111,2.0,2.0,3.0,1.8267021030042334,1.4645612751563069,1.9920094857666841,,,,0.9986702683703702,227
209,4,main,laplace,linear,0.2,4,446,proportional,50,0.0,False,127.16712307929993,11.56064755266363,1.0,0.12717,2.0,0.8315402749676725,0.10229466666666667,0.018356266666666666,4.5103333333333335,123.72233333333334,4.504,0.036455288320351754,1.0479655852815828,1.022225856977411,1.1057172381503941,0.18050847099152864,0.1676810577559964,0.1998334333875505,0.0039074901537817595,0.0037009614965317107,0.004309435497544626,0.6689643059472103,0.652681736491868,0.676373875304374,0.24491725685165966,0.2289406500483026,0.2607051645804187,2.0,2.0,3.0,1.8462277353679928,1.4745693380376068,1.9947488707918175,,,,0.9014843741312351,200
210,4,main,laplace,linear,0.3,0,442,proportional,50,0.0,False,126.33174180984497,11.484703800894998,1.0,0.12717,2.0,0.8293542647104698,0.0839996,0.016923866666666666,5.34,123.51933333333334,5.323666666666667,0.04323209861883969,1.0848519916458224,1.0485557577702882,1.1189191692019471,0.17730789195759006,0.16260112068588034,0.18570625451096337,0.0037933003750537583,0.003610952136006828,0.004047116551727407,0.6557536866155096,0.6432915402450556,0.6607060667170049,0.2674909069552587,0.24580460881004584,0.2935703784286502,2.0,2.0,3.0,1.8569972805858588,1.501684836323677,1.9967595120497035,,,,0.8806590167825719,267
211,4,main,laplace,linear,0.3,1,443,proportional,50,0.0,False,120.51246404647827,10.955678549679844,1.0,0.12717,2.0,0.8320803168411385,0.09060293333333333,0.017879066666666665,5.084333333333333,123.439,5.088666666666667,0.0411890353399925,1.0830473617636556,1.0489936734552379,1.1350416877707121,0.17833856843274926,0.16805926411465968,0.18389862851944888,0.0038220465683407494,0.003624862547233318,0.004035988747101026,0.6539388111526555,0.6453459763619813,0.6680603878865581,0.27075553917745643,0.2479865801973127,0.300426597272069,2.0,2.0,3.0,1.8615998416520674,1.4748616850207639,1.9969835725013514,,,,0.9035574243005833,208
212,4,main,laplace,linear,0.3,2,444,proportional,50,0.0,False,126.94254970550537,11.54023179140958,1.0,0.12717,2.0,0.8331061026899402,0.08692666666666667,0.017441866666666667,5.17,123.692,5.163666666666667,0.04179736765514342,1.076441291530978,1.0320337272087563,1.1035531303280295,0.17668864675627752,0.16762582567309517,0.19097318200042254,0.0038855253625419005,0.0035998158207226766,0.004088198258856231,0.6599503313549857,0.6471297127550094,0.6729271254023506,0.2634454495000734,0.2520925252800873,0.2871149154063918,2.0,2.0,3.0,1.8515819502510409,1.4776629381273074,1.995967434513711,,,,0.8902985503622199,238
213,4,main,laplace,linear,0.3,3,445,proportional,50,0.0,False,127.37696266174316,11.579723878340287,1.0,0.12717,2.0,0.8421445897344861,0.09625973333333333,0.018690933333333333,4.876666666666667,123.43566666666666,4.87,0.039507759777697965,1.0244276459786195,1.0078776617747278,1.0889648645101557,0.18274924433396905,0.16921422730141397,0.1934827492892808,0.004006786039700857,0.003758050681478162,0.00412844198952458,0.6634188968442623,0.6568323406698903,0.6713465279828033,0.2702807114330831,0.24316905974003394,0.29542621947495595,2.0,2.0,3.0,1.859867335969515,1.4894504439703604,1.996322096282932,,,,0.8616090979071707,241
214,4,main,laplace,linear,0.3,4,446,proportional,50,0.0,False,128.06685638427734,11.642441489479758,1.0,0.12717,2.0,0.8401072491833591,0.0991888,0.019588666666666667,4.914333333333333,123.78366666666666,4.913,0.0397009837054431,1.0693791062601505,1.0111043919144527,1.107503574987577,0.18043373743481234,0.17199268771941692,0.1973930516904049,0.003945571883512661,0.0037277168461462657,0.0043885595099634215,0.6647066339174059,0.6535242275185587,0.6753113462665661,0.2677785679183772,0.25790818813293553,0.29746422845078946,2.0,2.0,3.0,1.8691141082015332,1.4848362253881564,1.9976342078531328,,,,0.9593432862408096,216
215,4,main,laplace,linear,0.4,0,442,proportional,50,0.0,False,119.73247647285461,10.884770588441329,1.0,0.12717,2.0,0.8385779509471142,0.082858,0.016762933333333334,5.398666666666666,123.58833333333334,5.385666666666666,0.043682656129893596,1.0887702264964534,1.0633912778242063,1.1189628109739878,0.173780418111409,0.16495677286114419,0.18063794922416854,0.003782159521282174,0.003639811017459767,0.003930231706273402,0.6526892526748336,0.6437929329467287,0.6587620307919535,0.2650878670878091,0.25564639816540713,0.2830346900805276,2.0,2.0,3.0,1.8741380801048626,1.490663912894879,1.9978976553470362,,,,0.8307324280879791,259
216,4,main,laplace,linear,0.4,1,443,proportional,50,0.0,False,120.77380442619324,10.979436766017567,1.0,0.12717,2.0,0.8416812331463942,0.08829986666666667,0.018076533333333332,5.320333333333333,123.04766666666667,5.321666666666666,0.04323798636300837,1.1026052896280374,1.0612207811820324,1.181557562867941,0.17418390712111975,0.16257035668462352,0.17847753792706078,0.0037648848174268155,0.0035209592163893064,0.004033603488065573,0.6518094669164186,0.6422984071115274,0.6589285435134332,0.27643426278872074,0.2550236724773808,0.2927803633789562,2.0,2.0,3.0,1.872332884642493,1.499066442844181,1.9974087970462846,,,,0.9641108230032807,228
217,4,main,laplace,linear,0.4,2,444,proportional,50,0.0,False,119.42281436920166,10.856619488109242,1.0,0.12717,2.0,0.8375132934566148,0.0858284,0.017296266666666667,5.311,123.80933333333333,5.294666666666667,0.04289660445631455,1.058268639239964,1.0290758360937446,1.082788243804817,0.17500465361070988,0.17103107561905861,0.19268851519476435,0.0037928890428059548,0.003716257652822838,0.004162862825448137,0.6570202578864323,0.6503154878822011,0.6678545268735947,0.2798502175838893,0.2647990100519625,0.29780612582339977,2.0,2.0,3.0,1.8651004058511444,1.4914326902483657,1.9980522170084496,,,,0.931507153713541,245
218,4,main,laplace,linear,0.4,3,445,proportional,50,0.0,False,121.48435640335083,11.044032400304621,1.0,0.12717,2.0,0.8436231440341201,0.09392186666666667,0.019155333333333333,5.108,123.41366666666667,5.1066666666666665,0.04138925726756355,1.0602950525607877,1.0346305532405813,1.079900892552154,0.17780895468336733,0.16862545797940037,0.1890447651038905,0.003929669350061426,0.0036662016263752516,0.004103235118717222,0.6597683583236728,0.6549588624239682,0.6668399512291098,0.2848270074609025,0.26361978046796597,0.30099052769749857,2.0,2.0,3.0,1.8786957294566988,1.4917199854799859,1.9979690627626054,,,,0.8613535184434852,238
219,4,main,laplace,linear,0.4,4,446,proportional,50,0.0,False,122.23200368881226,11.112000335346568,1.0,0.12717,2.0,0.8497675215912995,0.0970324,0.019675466666666665,5.0553333333333335,123.50933333333333,5.054333333333333,0.04093077986009155,1.0624924494317773,1.0338695575798074,1.1246249847612055,0.18089711753403176,0.1632561989315536,0.19770368584920275,0.003879587172368252,0.00351795513298994,0.004357188181054296,0.6624874886125185,0.6373530223204229,0.6753741850408037,0.26575419971093794,0.25081262387738656,0.28890319417495314,2.0,2.0,3.0,1.8730958618312872,1.5027758957387887,1.9977898152265359,,,,1.0335165209605213,244
220,4,main,laplace,linear,0.5,0,442,proportional,50,0.0,False,118.93449854850769,10.812227140773427,1.0,0.12717,2.0,0.839410519329384,0.08238586666666667,0.0159504,5.317666666666667,123.63466666666666,5.302333333333333,0.04301112956452344,1.1111913848486177,1.0538489837817548,1.15293066413394,0.17172143206291243,0.16032288114052662,0.1797284651962131,0.003728064963417892,0.0035451885144636543,0.003825052590328734,0.6481894995472883,0.6383797165989302,0.6555501235625815,0.2694187515239942,0.24596945962655864,0.2850754005386846,2.0,2.0,3.0,1.865011096338808,1.498710131553659,1.996448278130284,,,,0.9890430150912317,252
221,4,main,laplace,linear,0.5,1,443,proportional,50,0.0,False,121.6035828590393,11.054871169003574,1.0,0.12717,2.0,0.8511020658097652,0.0891248,0.0168376,5.089333333333333,123.69733333333333,5.109666666666667,0.04114343612904617,1.0943599279738212,1.0386981725377753,1.1560645509614158,0.17172741099225994,0.16659293786237642,0.18327213620675326,0.0037504725757640423,0.003576122519884801,0.003957453097923112,0.652439898153313,0.6427321705804285,0.659158860524531,0.2582692657079637,0.23446931524148326,0.2771309275157231,2.0,2.0,3.0,1.8860290189339781,1.5091910880079573,1.9979019379774017,,,,0.9495956491487066,211
222,4,main,laplace,linear,0.5,2,444,proportional,50,0.0,False,120.68610715866089,10.97146428715099,1.0,0.12717,2.0,0.8501244680838203,0.0853228,0.016314,5.1866666666666665,123.628,5.187,0.041953818444581056,1.0606883858814382,1.0210089652626528,1.1141171876478995,0.1753748598775956,0.16431279570429047,0.18580473432808342,0.003784614191953124,0.003575405270326101,0.003986262073160231,0.6551496849194574,0.6394437730662599,0.6664338685171893,0.26377932962514333,0.24416754590334128,0.27699639872367415,2.0,2.0,3.0,1.8791613494225865,1.511245858404732,1.9974103847800666,,,,0.9164384704776497,226
223,4,main,laplace,linear,0.5,3,445,proportional,50,0.0,False,122.20674276351929,11.109703887592662,1.0,0.12717,2.0,0.8538661935149797,0.09375453333333333,0.018106,5.054333333333333,123.461,5.040333333333334,0.040938703990193934,1.0563797741604186,1.0310285134681125,1.0835475031889503,0.17953335547109395,0.1659696321785359,0.19151298525067934,0.003923158336102514,0.0036942252348379687,0.004153147810065039,0.6587453563985731,0.6485630476105292,0.6679524934842586,0.2740370779382314,0.2516078903135348,0.28270375215830207,2.0,2.0,3.0,1.885229753427097,1.5103775213104778,1.9978790438293188,,,,0.8899780854831908,232
224,4,main,laplace,linear,0.5,4,446,proportional,50,0.0,False,123.92461276054382,11.265873887322165,1.0,0.12717,2.0,0.8589670296421169,0.09682573333333333,0.018880133333333333,5.029,123.69033333333333,5.021,0.04065798728545211,1.0567245942302796,1.0132018886151974,1.1264152593520862,0.1794462044592872,0.16671876675827724,0.1939392060522755,0.003938522598081811,0.003711570773575327,0.004196352020438016,0.6622730124161882,0.6463916704420123,0.6708219336601948,0.271922660540828,0.2473246876640686,0.29386510708169117,2.0,2.0,3.0,1.8963411569473008,1.5258126137905224,1.9989711931356031,,,,0.933146563271855,222
225,5,main,laplace,quadratic,0.0,0,542,proportional,50,0.0,False,115.17666864395142,10.470606240359219,1.0,0.12717,,,0.11367506666666667,0.0,0.0,125.21666666666667,0.0,0.0,1.039456598258325,1.0091261493884283,1.1195882392774608,0.1805053101079764,0.17292786487319958,0.19018803867346615,0.0036101062021595266,0.003458557297463991,0.003803760773469323,0.6603790075854116,0.6458836117850786,0.6680090755293661,0.0,0.0,0.0,,,,,,,,,,,0
226,5,main,laplace,quadratic,0.0,1,543,proportional,50,0.0,False,113.6321656703949,10.33019687912681,1.0,0.12717,,,0.10853053333333333,0.0,0.0,125.25966666666666,0.0,0.0,1.0782382541333708,1.0118539400078355,1.1082438610063974,0.17843289058575845,0.16321032150425202,0.19204507252272168,0.003568657811715167,0.00326420643008504,0.003840901450454434,0.6548886426510963,0.6437588565594381,0.6679188639127432,0.0,0.0,0.0,,,,,,,,,,,0
227,5,main,laplace,quadratic,0.0,2,544,proportional,50,0.0,False,116.45989727973938,10.587263389067216,1.0,0.12717,,,0.122332,0.0,0.0,124.774,0.0,0.0,1.0365146909034357,1.0064077321178535,1.0788377195174133,0.18568670149843622,0.17205862792316495,0.1943507106015932,0.0037137340299687226,0.0034411725584632983,0.0038870142120318633,0.6638598689253922,0.6521286478107633,0.6686710321736402,0.0,0.0,0.0,,,,,,,,,,,0
228,5,main,laplace,quadratic,0.0,3,545,proportional,50,0.0,False,116.42238235473633,10.583852941339666,1.0,0.12717,,,0.11550306666666667,0.0,0.0,124.958,0.0,0.0,1.063228295583659,1.0325053186406423,1.0991406696056634,0.18250290250395595,0.1649060591352241,0.19541114846366028,0.003650058050079119,0.003298121182704481,0.003908222969273204,0.660872571369165,0.6476381294945261,0.6647887610493806,0.0,0.0,0.0,,,,,,,,,,,0
229,5,main,laplace,quadratic,0.0,4,546,proportional,50,0.0,False,115.05068969726562,10.45915360884233,1.0,0.12717,,,0.10810946666666667,0.0,0.0,124.95733333333334,0.0,0.0,1.0560188179310233,1.0015397577183127,1.090533368847466,0.18597141047748628,0.16841386210185488,0.19705300646026996,0.003719428209549726,0.0033682772420370968,0.0039410601292054,0.6567785008934788,0.6486966039386353,0.6724057339698816,0.0,0.0,0.0,,,,,,,,,,,0
230,5,main,laplace,quadratic,0.01,0,542,proportional,50,0.0,False,116.78366732597351,10.616697029633956,1.0,0.12717,2.0,0.8646092311184391,0.11023933333333333,0.0033994666666666666,0.7363333333333333,125.24166666666666,0.7403333333333333,0.005879300019961408,1.0394592358959915,1.009887795485998,1.1175035478936635,0.1805162466313055,0.1728198056603186,0.19014234296422577,0.0036173748558815323,0.0034846389351357527,0.0038340204048127897,0.6609535039304371,0.6466928497453561,0.6670286779519152,0.031172137975075637,0.026750987782024116,0.0429889633812163,2.0,2.0,2.0,1.8050035599257943,1.4449994473166492,1.9672296310231336,,,,0.9681046745101913,32
231,5,main,laplace,quadratic,0.01,1,543,proportional,50,0.0,False,116.42695045471191,10.584268223155629,1.0,0.12717,2.0,0.8686378059670452,0.1056028,0.0028976,0.64,125.02433333333333,0.6413333333333333,0.005119003500651874,1.079607573309998,1.0113187167569013,1.1072693994018126,0.17849784513521091,0.16318172754497906,0.1921101483406858,0.0035939866296640765,0.0032834024036154045,0.0038499966188707377,0.6553945549026204,0.6439869581398097,0.6673300166250486,0.02971712558537487,0.024875956341041946,0.03917137545863521,2.0,2.0,2.0,1.826544655037925,1.50499791625578,1.9821216169427656,,,,1.0143913921628556,35
232,5,main,laplace,quadratic,0.01,2,544,proportional,50,0.0,False,119.15890192985535,10.832627448168667,1.0,0.12717,2.0,0.8611930555603122,0.11785266666666666,0.004440533333333333,0.9073333333333333,124.86266666666667,0.906,0.0072666502931220435,1.035711687926832,1.0033584033925274,1.082139931590807,0.18569465180433437,0.172113755049686,0.19432526494384075,0.0037525506966245544,0.003496174914342288,0.003933690412639191,0.6640004322060445,0.6539942830230857,0.6691468857986899,0.0483206201161776,0.040671673082580954,0.051270448322920666,2.0,2.0,2.0,1.8051137154139498,1.4741027112205134,1.9793377345982293,,,,0.863488004773308,58
233,5,main,laplace,quadratic,0.01,3,545,proportional,50,0.0,False,118.55819153785706,10.77801741253246,1.0,0.12717,2.0,0.8829795256813137,0.1115128,0.003954266666666667,0.7876666666666666,124.87566666666666,0.7926666666666666,0.006307607300061128,1.0620162789988288,1.0319142539833828,1.0964459117409606,0.1825041355275776,0.16492648588104464,0.19556050290226545,0.0036664423962259494,0.0033395731346549996,0.003923566268962576,0.6610129622040353,0.6479567106430859,0.6642343627559867,0.035658536296828344,0.03051929972064475,0.047894903320549055,2.0,2.0,2.0,1.8247434821224238,1.4779429078277104,1.977145392486913,,,,0.9261289367964834,34
234,5,main,laplace,quadratic,0.01,4,546,proportional,50,0.0,False,117.24392247200012,10.658538406545466,1.0,0.12717,2.0,0.8716678307460868,0.10589133333333334,0.0021952,0.5056666666666667,124.90533333333333,0.5066666666666667,0.004048399321085836,1.0509978845159527,1.0010399176954514,1.0914891551013661,0.1859975317879898,0.16852625158169338,0.1970437993269873,0.0037475495867159716,0.0033866492348075166,0.003956627701459599,0.6572001180122256,0.6487554703281433,0.6728311116104041,0.023485838112541,0.017972688057895595,0.0304112900899291,2.0,2.0,2.0,1.791487083810312,1.5077858657626262,1.967937834132406,,,,0.9394715420834111,30
235,5,main,laplace,quadratic,0.02,0,542,proportional,50,0.0,False,117.3417854309082,10.667435039173473,1.0,0.12717,2.0,0.855197063103897,0.1045476,0.008944,2.1573333333333333,125.018,2.163666666666667,0.017256181776490853,1.038312225030223,1.0128569383492323,1.1181422054958103,0.18060340900617344,0.17283817685598518,0.18989616141614202,0.0036883630709248975,0.003526554092419701,0.003906361578696796,0.6597105694875303,0.6478987397738283,0.6707409937738615,0.10177165910211311,0.08856905063650898,0.11238541640188664,2.0,2.0,2.0,1.8240404207145189,1.4957810275933057,1.985440595669235,,,,0.9035699096078054,110
236,5,main,laplace,quadratic,0.02,1,543,proportional,50,0.0,False,117.57700991630554,10.688819083300503,1.0,0.12717,2.0,0.8583864668221379,0.10035986666666667,0.0080032,2.0976666666666666,124.94966666666667,2.090333333333333,0.016788093338917804,1.0776314380032903,1.012390382819695,1.1024213282198092,0.17863455288415092,0.16309118658326593,0.19174822395316826,0.0037122855833921398,0.0034193420098536597,0.003935136191898264,0.6575821237243675,0.6447664617120558,0.6676600744559397,0.09640533174768895,0.08135888136424291,0.11340778915438116,2.0,2.0,2.0,1.8364750213604293,1.5230944496694483,1.9826890064160207,,,,1.1043657222958045,103
237,5,main,laplace,quadratic,0.02,2,544,proportional,50,0.0,False,119.55005025863647,10.86818638714877,1.0,0.12717,2.0,0.8418315462702355,0.11229546666666666,0.009846933333333334,2.224666666666667,124.567,2.227333333333333,0.017859197593798254,1.0367376681378797,1.009560366480335,1.0720452384092298,0.18536958138021514,0.17224714144672054,0.19393921364194294,0.0038473769979119974,0.0035719466094972026,0.004059055256454479,0.6668510336870013,0.6514338990686087,0.6715391316930573,0.10859612220457296,0.09985543854175395,0.1222048871880051,2.0,2.0,2.0,1.8147498650986964,1.4757755463963909,1.9860865142463744,,,,0.8690588234883838,113
238,5,main,laplace,quadratic,0.02,3,545,proportional,50,0.0,False,120.76520299911499,10.978654818101363,1.0,0.12717,2.0,0.8646059830590034,0.10591013333333334,0.009398,2.265,124.587,2.276666666666667,0.018180066941173637,1.06620737742745,1.0346225243846083,1.0974860677527545,0.1824053053820155,0.16482740737937948,0.19522740505901762,0.003775117320105416,0.0034517952997617837,0.00398747424598218,0.661948308675564,0.6466757748496114,0.6676945977303139,0.11189779237048149,0.09842208691937024,0.1320785042510973,2.0,2.0,2.0,1.836527528054528,1.5058854158773634,1.987375530418754,,,,1.0444769723136562,98
239,5,main,laplace,quadratic,0.02,4,546,proportional,50,0.0,False,118.6527967453003,10.78661788593639,1.0,0.12717,2.0,0.8623628061906101,0.10018146666666666,0.007775466666666666,2.05,124.55566666666667,2.0593333333333335,0.016458504497319806,1.0550088821694807,1.0016071431552473,1.0847260229964393,0.1860031963809676,0.16825254079334925,0.1969874648800018,0.003855782857367679,0.0035014949050984076,0.004042410680137066,0.6584796671053968,0.6523697640975393,0.6739508346768371,0.10093508473449925,0.08452235144454945,0.11377978575181284,2.0,2.0,2.0,1.8390656885570036,1.513354823514141,1.9848214054001783,,,,1.0410779121820877,104
240,5,main,laplace,quadratic,0.05,0,542,proportional,50,0.0,False,122.58205008506775,11.14382273500616,1.0,0.12717,2.0,0.8409129671982389,0.09948626666666667,0.013506533333333333,3.593,124.65166666666667,3.5976666666666666,0.028824323782273266,1.044554284602129,1.011927659334484,1.1194844299614275,0.18031509874779084,0.1723532732744815,0.18996817634067942,0.003792996701437048,0.0036818831564421374,0.00398868907274736,0.6638914351381311,0.6548530030373291,0.6708474012687853,0.19004537131275637,0.16990627604495948,0.2004943671668215,2.0,2.0,2.0,1.8353385026030402,1.4935185503456625,1.9926865396330657,,,,1.010252753124117,181
241,5,main,laplace,quadratic,0.05,1,543,proportional,50,0.0,False,121.51461696624756,11.046783360567959,1.0,0.12717,2.0,0.8430357908807204,0.0945472,0.0132432,3.6823333333333332,124.29733333333333,3.679333333333333,0.029625199789751457,1.0690621761674546,1.0181200407366577,1.1130592686358238,0.17753603062942425,0.16297744709258968,0.19066963822691502,0.003789661228746778,0.0035284403877495554,0.00411317687822365,0.6609033397420542,0.6515275947753089,0.673182026207217,0.1890060943580969,0.1705727138214605,0.2008756168393105,2.0,2.0,2.0,1.8371377817070718,1.5047769236256383,1.991963299006,,,,0.9157831940222346,157
242,5,main,laplace,quadratic,0.05,2,544,proportional,50,0.0,False,122.18915748596191,11.108105225996537,1.0,0.12717,2.0,0.8310171125283282,0.1072216,0.0144028,3.4033333333333333,124.30133333333333,3.4143333333333334,0.027379700941797352,1.0370110266480221,1.0068021766870154,1.079583134791944,0.185470509951276,0.1705651992794725,0.19276772023579303,0.00390725264466834,0.0035700766231026976,0.004245849782444716,0.6679080811014881,0.6567051847782949,0.6782339131023383,0.19276533183872924,0.17152880296763523,0.20547677020719787,2.0,2.0,2.0,1.8210407200543002,1.4749646156610108,1.9911681797240148,,,,0.8489252991710582,157
243,5,main,laplace,quadratic,0.05,3,545,proportional,50,0.0,False,122.1530110836029,11.104819189418446,1.0,0.12717,2.0,0.8367209371128824,0.1007076,0.014077866666666666,3.619666666666667,124.063,3.637,0.029176036905980564,1.0606289123424146,1.0351618436362346,1.10527879281713,0.18183434416527505,0.16546923671128724,0.19535081376260022,0.0038957373050015507,0.00361510371382745,0.004080772222564383,0.6654577426386452,0.6537914418023179,0.6708865837694755,0.19351327920730615,0.175455988643301,0.21493351033046024,2.0,2.0,2.0,1.8456150909563516,1.4790106238849225,1.9926587335520405,,,,0.8528188152463779,154
244,5,main,laplace,quadratic,0.05,4,546,proportional,50,0.0,False,119.6139862537384,10.873998750339855,1.0,0.12717,2.0,0.8439931726008263,0.09492253333333334,0.012521466666666667,3.62,124.43266666666666,3.6176666666666666,0.029092039067983223,1.045465836988884,1.0079392589374672,1.0849239532549508,0.18594028909472096,0.16788339668108024,0.19712060477956078,0.0039185983314712295,0.0035203459967710735,0.004126593426680222,0.6614703600360383,0.6515469696080937,0.6762614263305586,0.17296839910237227,0.1547597994599429,0.1890507236838805,2.0,2.0,2.0,1.826786395802709,1.4731363442477274,1.9888464784607935,,,,0.9500734333287196,174
245,5,main,laplace,quadratic,0.1,0,542,proportional,50,0.0,False,133.58097338676453,12.14372485334223,1.0,0.12717,2.0,0.8215113518996321,0.0963628,0.0157208,4.226666666666667,124.39866666666667,4.234,0.03397678431708807,1.05914808745164,1.0172968484875726,1.1149033927950152,0.17841858632332397,0.1714473938463651,0.18983162245865595,0.0038811605597372035,0.003708889467716291,0.004090559807551306,0.6667496581983486,0.6530722806875189,0.6748366719515568,0.22978144407301937,0.20840494932730186,0.2629732850277616,2.0,2.0,3.0,1.821654265948205,1.4686220918403927,1.9919854943207773,,,,0.9318597831006645,198
246,5,main,laplace,quadratic,0.1,1,543,proportional,50,0.0,False,133.58390927314758,12.143991752104325,1.0,0.12717,2.0,0.8302068021152145,0.09155773333333334,0.015391466666666668,4.333,123.82233333333333,4.316666666666666,0.03499368719159441,1.0900631593700023,1.0165782337430054,1.1105841576741962,0.1777677343999912,0.16281275363195907,0.18932101291999753,0.003861668698424007,0.0035062199324244845,0.004146074532513498,0.662571123314199,0.6475263100478107,0.6745967854266997,0.2323876264818499,0.20402409452064368,0.24239450548677244,2.0,2.0,3.0,1.8446269091601897,1.49581107087221,1.9947846045344741,,,,0.9862475161374056,192
247,5,main,laplace,quadratic,0.1,2,544,proportional,50,0.0,False,121.40885210037231,11.03716837276112,1.0,0.12717,2.0,0.8193943407285618,0.1041552,0.016589066666666666,3.9636666666666667,124.081,3.968,0.03194418699612887,1.0419374299344093,1.026393967282952,1.0790397246492796,0.18516703285987895,0.1702953665692003,0.19379125282405896,0.003991221465339891,0.003698548863514193,0.004193537903563876,0.6698514592670474,0.6584452691191789,0.6808957563637252,0.23322953173123517,0.2149842040054074,0.24947023320725642,2.0,2.0,3.0,1.8274531563836791,1.4647405938427758,1.9944221945710763,,,,0.9561519282449688,179
248,5,main,laplace,quadratic,0.1,3,545,proportional,50,0.0,False,120.99939179420471,10.999944708564065,1.0,0.12717,2.0,0.8266187543857311,0.097924,0.0160068,4.198333333333333,123.97566666666667,4.201666666666667,0.03386417227036488,1.0589274020401038,1.0418708141570197,1.0915354606658947,0.1816659670284265,0.16369385474440978,0.19377109187630293,0.003905012757888875,0.0036518878810355114,0.004183002694533446,0.6658539077215858,0.6525878066192508,0.6743987850514397,0.22970488959623298,0.20689041346756348,0.24826237806753154,2.0,2.0,3.0,1.837960586897111,1.4654306770692593,1.9954108661641228,,,,0.8612818252550851,191
249,5,main,laplace,quadratic,0.1,4,546,proportional,50,0.0,False,125.39209508895874,11.399281371723522,1.0,0.12717,2.0,0.8347827490134669,0.0915112,0.01493,4.306333333333333,123.821,4.33,0.03477869935902095,1.059185824283443,1.0097615230703014,1.095992883750054,0.18443270247889526,0.16775999126138458,0.19553549982651414,0.003966460671228788,0.003615169084452139,0.004224607956025472,0.6605219654575354,0.6579911444212406,0.6802232572351569,0.21769468188925023,0.20234318254778683,0.23680769257789297,2.0,2.0,3.0,1.8347186147283878,1.4830376114894328,1.9930481648364862,,,,0.8358196777908118,193
250,5,main,laplace,quadratic,0.2,0,542,proportional,50,0.0,False,121.19426321983337,11.017660292712124,1.0,0.12717,2.0,0.8357857785074828,0.0927692,0.0175432,4.804333333333333,123.77466666666666,4.826666666666667,0.038815158729303786,1.0623974961144946,1.0193296157068898,1.1253440762542846,0.17726876008951747,0.1707827202500949,0.18646037839382362,0.003921771201681917,0.0036922282225525342,0.004070796633574488,0.662758301521321,0.6519737499670634,0.6717163687840877,0.255020253871151,0.23862380741435144,0.2721335338160928,2.0,2.0,3.0,1.863022197579149,1.4872132078045477,1.9964835681597473,,,,0.9560135508375289,200
251,5,main,laplace,quadratic,0.2,1,543,proportional,50,0.0,False,120.32127380371094,10.938297618519176,1.0,0.12717,2.0,0.8302792374461021,0.0879484,0.0170064,5.055666666666666,123.77366666666667,5.039666666666666,0.04084606041672838,1.0969774480004089,1.0408707162012694,1.1281890445843719,0.17626120786862726,0.16024954199965374,0.18848947617611528,0.003802296403393257,0.003576710170056609,0.004155307487711187,0.6602351383811256,0.6445494926081857,0.6694733928293497,0.2575630394089259,0.24519709800835673,0.2709859731886048,2.0,2.0,3.0,1.8547015154686508,1.494220156574519,1.996348502203693,,,,0.9633319995068295,236
252,5,main,laplace,quadratic,0.2,2,544,proportional,50,0.0,False,124.34569025039673,11.304153659126975,1.0,0.12717,2.0,0.8311216238178485,0.10080453333333333,0.017953066666666666,4.532333333333334,123.64533333333334,4.534,0.03665591908038045,1.0451212930245686,1.0261500537467896,1.0825780291003624,0.18320808180013612,0.16832121917595025,0.1914322592868906,0.003960477040186651,0.0036452343928972475,0.004182713544079016,0.6668998601718019,0.6533618897617667,0.6746328343386495,0.24887815597467283,0.2284613764830907,0.26746299347046076,2.0,2.0,3.0,1.8438496149373702,1.4711942942448952,1.9949364937369163,,,,0.9103535206411185,219
253,5,main,laplace,quadratic,0.2,3,545,proportional,50,0.0,False,122.44403672218323,11.13127606565302,1.0,0.12717,2.0,0.8300240149420729,0.09418306666666666,0.017752133333333333,4.821,123.62866666666666,4.826666666666667,0.038995810033271676,1.063212476235614,1.03613581668142,1.1114418761418177,0.1796856089230109,0.16529094728606253,0.19153660214910467,0.003927399792484851,0.00361204472707469,0.00412284546520952,0.6626079953696,0.6494252039809757,0.6710946371895388,0.26813283529487303,0.2504478010530886,0.2814363494207589,2.0,2.0,3.0,1.841204948370571,1.4700721834456523,1.995092644387643,,,,1.0050903624839682,210
254,5,main,laplace,quadratic,0.2,4,546,proportional,50,0.0,False,120.85991144180298,10.987264676527543,1.0,0.12717,2.0,0.8252714438500641,0.088594,0.016191866666666666,4.850666666666666,123.38933333333334,4.854,0.039311880011238136,1.0628603557202096,1.0361135019642207,1.1031867911670707,0.18140677731557744,0.16460143997183968,0.1952091337504394,0.003972594846855217,0.0037360230395463287,0.004227913001909802,0.6657710142379646,0.6523305876802926,0.6729575457867263,0.2683777155162522,0.23183354598413505,0.28827798579197844,2.0,2.0,3.0,1.8378094420053883,1.466300792741166,1.994838542138519,,,,0.8259180560095446,229
255,5,main,laplace,quadratic,0.3,0,542,proportional,50,0.0,False,123.0698790550232,11.188170823183926,1.0,0.12717,2.0,0.8390560707103378,0.0901904,0.018053866666666668,5.160333333333333,123.73833333333333,5.152333333333333,0.041703594951712615,1.0597794941705683,1.0223125634628234,1.1157574851751961,0.1759050480384613,0.16737006937517335,0.1860986503508391,0.0037787332170919254,0.003643122960955057,0.004053745422573229,0.6596443948313575,0.6474355136070098,0.6666568183760346,0.2713960098418564,0.2541275572749834,0.2880141344411704,2.0,2.0,3.0,1.8626490153982505,1.494284180585284,1.9965685516471408,,,,0.9064254294019356,252
256,5,main,laplace,quadratic,0.3,1,543,proportional,50,0.0,False,122.12093496322632,11.10190317847512,1.0,0.12717,2.0,0.8359068154873849,0.0852752,0.017655866666666666,5.343666666666667,123.85333333333334,5.340333333333334,0.043145117881365054,1.0979035722315467,1.0400578378596432,1.153611478979398,0.1718542828700974,0.15858941249427622,0.18502621447852108,0.003687999313823639,0.0034823237754745993,0.004026956126021185,0.6545203460885394,0.6414203126845338,0.6613215086978503,0.27553379431094627,0.25825018562392643,0.28970563936384164,2.0,2.0,3.0,1.8596970183125965,1.4939661231551513,1.997289025422047,,,,0.9061660121466347,238
257,5,main,laplace,quadratic,0.3,2,544,proportional,50,0.0,False,133.58393049240112,12.143993681127375,1.0,0.12717,2.0,0.8389442505341433,0.0978684,0.0188364,4.939333333333333,123.47,4.942666666666667,0.04000431953780945,1.0494814099120373,1.0240644102705985,1.094891980237356,0.18237372589858566,0.16806370348908656,0.191434044367587,0.003938936221130177,0.0037406408525021803,0.004219840236129395,0.6645463375862449,0.6561130393401321,0.671377503396535,0.2723714651101362,0.24621630665477623,0.2957518549445136,2.0,2.0,3.0,1.8679815739115326,1.4972532007854582,1.9978078383667977,,,,0.9262889283971841,221
258,5,main,laplace,quadratic,0.3,3,545,proportional,50,0.0,False,127.34510564804077,11.576827786185525,1.0,0.12717,2.0,0.8380565994068195,0.09137226666666666,0.0185616,5.145,123.24833333333333,5.153666666666667,0.04174498640955253,1.0743721551512382,1.0480663482018973,1.1211599046872696,0.17556926663578507,0.16193500944979772,0.1877402517721902,0.0038396572501833734,0.0036789200724239184,0.004110747497858119,0.6611981553887101,0.6457221549233023,0.6668340054925102,0.27438056097883834,0.24211317678331779,0.2992008004991522,2.0,2.0,3.0,1.8732651733422712,1.4903349859220953,1.997689453069352,,,,0.9789422746533869,219
259,5,main,laplace,quadratic,0.3,4,546,proportional,50,0.0,False,126.94788932800293,11.54071721163663,1.0,0.12717,2.0,0.8407244029310648,0.08591733333333333,0.017044,5.199666666666666,123.394,5.222666666666667,0.04213873175897261,1.0630601093796335,1.0356484575804095,1.1086687583265167,0.18231864882416504,0.16559807649915098,0.19082173978561826,0.003988058302075234,0.0038206809508694907,0.004183239080154293,0.6601401198008465,0.6490366464044267,0.6681293003287,0.2641363137778616,0.24348420035086393,0.2808593502624541,2.0,2.0,3.0,1.8647120445445267,1.5010119994844915,1.996423630194823,,,,0.835974633110149,228
260,5,main,laplace,quadratic,0.4,0,542,proportional,50,0.0,False,129.59634613990784,11.781486012718894,1.0,0.12717,2.0,0.8426317417231222,0.08836093333333334,0.018016933333333332,5.288666666666667,123.563,5.291333333333333,0.042801377974528515,1.0692556727572868,1.0363972318516572,1.1045275784639284,0.17507103233262883,0.1620405484291743,0.18257121728564019,0.003824239182944751,0.0036712992826957477,0.003977968225765953,0.6557699940139091,0.6456043156083258,0.665807248923153,0.27035994432630234,0.24745241101496135,0.28204722363260065,2.0,2.0,3.0,1.8683995422911037,1.5042651845503692,1.9978467099868675,,,,0.9715639436498903,259
261,5,main,laplace,quadratic,0.4,1,543,proportional,50,0.0,False,127.85574746131897,11.623249769210815,1.0,0.12717,2.0,0.8384734062895342,0.08403493333333334,0.017513333333333332,5.504666666666667,123.689,5.4783333333333335,0.04450409225288156,1.0918422578815385,1.0439486039821324,1.13849416004099,0.17229468641555762,0.1585460114490292,0.18578301952115323,0.0038343423248844207,0.003577589727606527,0.004005872693030989,0.657316404577805,0.6403942837954426,0.6644793118174225,0.2800349460617404,0.2561683740406073,0.29672869523878553,2.0,2.0,3.0,1.8685421385777157,1.4941110227617378,1.9985767920664013,,,,0.9329138183991446,259
262,5,main,laplace,quadratic,0.4,2,544,proportional,50,0.0,False,128.3163857460022,11.665125976909291,1.0,0.12717,2.0,0.8400025822968431,0.09578253333333334,0.018943866666666666,5.114,123.43533333333333,5.122,0.04143060063839095,1.067991082538874,1.034345699333195,1.1167142240234174,0.17921790404769133,0.1649058429079556,0.19306124010740253,0.004035688992515449,0.003672053385434499,0.004243722680601015,0.6619026429872528,0.6550511870356168,0.6712716565396101,0.2754836605077266,0.25161100309948226,0.3010230241589747,2.0,2.0,3.0,1.87532454512113,1.4949953392388955,1.9983441613900315,,,,0.9240063760578666,231
263,5,main,laplace,quadratic,0.4,3,545,proportional,50,0.0,False,153.6978738307953,13.972533984617753,1.0,0.12717,2.0,0.8412467629445092,0.08971413333333333,0.0186248,5.317333333333333,123.225,5.338666666666667,0.043151416785013864,1.0691501518622448,1.041002482279508,1.1145669145808534,0.1696612216883015,0.16043371544519697,0.1921178294005924,0.003836806130871224,0.0034914509190613428,0.004275028923965929,0.6581039111083655,0.6439644914698095,0.6666192914313087,0.28657651708575127,0.26957319199011054,0.2969338110785119,2.0,2.0,3.0,1.8713752441540923,1.495326056262365,1.9981054025587954,,,,0.9575731028479516,224
264,5,main,laplace,quadratic,0.4,4,546,proportional,50,0.0,False,153.29460859298706,13.93587350845337,1.0,0.12717,2.0,0.8420407242542709,0.08422466666666667,0.0168092,5.331666666666667,123.71233333333333,5.349333333333333,0.04309729291339856,1.0779278512454997,1.0364794784840103,1.126800822838408,0.18055947848863502,0.16633652625713646,0.19221624257048256,0.003897203558994783,0.003655744171154734,0.004143139089215659,0.657171698479998,0.6480300100306455,0.6729879132671104,0.2712935386559844,0.25480365949345146,0.29109956046715363,2.0,2.0,3.0,1.8844858406953802,1.5038283648596587,1.9985445566814728,,,,0.8411073224515486,212
265,5,main,laplace,quadratic,0.5,0,542,proportional,50,0.0,False,156.2421612739563,14.203832843086936,1.0,0.12717,2.0,0.852173245802911,0.08789346666666667,0.0174536,5.232333333333333,123.45,5.225666666666666,0.042384231132712294,1.0776019989532641,1.0413949147554642,1.1185319203476063,0.17309129753595073,0.17036270665188383,0.18235532014363662,0.0038096481567416584,0.003680762723882944,0.00400120760358218,0.6567995281422663,0.647730896123727,0.664406370144987,0.281268084766546,0.2586847890736913,0.2929144997567952,2.0,2.0,3.0,1.8884260304633695,1.5080867072452184,1.9986336947349852,,,,0.9523369206652554,263
266,5,main,laplace,quadratic,0.5,1,543,proportional,50,0.0,False,145.47566175460815,13.225060159509832,1.0,0.12717,2.0,0.852905088280946,0.08367013333333333,0.016770533333333334,5.328666666666667,123.76,5.319,0.043056453350571,1.0834925357875898,1.0476881659375137,1.1440089902500221,0.16840732122632784,0.15741516524823168,0.18464444260427343,0.003601327524170446,0.003494030825483767,0.003954761022889951,0.6477216642639936,0.636925075155674,0.6629994574411896,0.25900672712063383,0.24234842095357315,0.2746272742190614,2.0,2.0,3.0,1.8928268173735452,1.5170568907520439,1.998753764535987,,,,0.9164655097244228,242
267,5,main,laplace,quadratic,0.5,2,544,proportional,50,0.0,False,146.16931462287903,13.288119511170821,1.0,0.12717,2.0,0.8562449827077311,0.09416906666666666,0.019017866666666668,5.099,123.358,5.106333333333334,0.04133497624799364,1.0684550581499157,1.0381797709503042,1.0968750822659377,0.18035342547556377,0.1686249488771457,0.18921919203390908,0.003946471126041075,0.0036606994527285624,0.00422626882045676,0.6572156390700336,0.6459816686479861,0.6680834461147903,0.27490843147660565,0.2596661724788132,0.2856978089328575,2.0,2.0,3.0,1.8968839661818835,1.5246884196246562,1.9986515109029808,,,,1.0578564940823698,226
268,5,main,laplace,quadratic,0.5,3,545,proportional,50,0.0,False,149.48549962043762,13.58959087458524,1.0,0.12717,2.0,0.8585436083003369,0.08926853333333333,0.018,5.253333333333333,123.52533333333334,5.265666666666666,0.04252838823884979,1.0718900579669524,1.0428540670526638,1.130986399481212,0.17471052263500836,0.15957849593535003,0.18705435750567712,0.0037653718284583098,0.003464947710354422,0.004136366016472949,0.6544303815212358,0.645078736643759,0.6653943247091827,0.2701471448541565,0.25835576150343187,0.28237873886988496,2.0,2.0,3.0,1.8954287423316396,1.5222768271184504,1.9987273453156345,,,,0.9221625172228545,230
269,5,main,laplace,quadratic,0.5,4,546,proportional,50,0.0,False,146.9960310459137,13.363275549628518,1.0,0.12717,2.0,0.8581850977793414,0.08359293333333333,0.016263066666666666,5.207,123.76566666666666,5.225333333333333,0.042071441460609704,1.0823185146311727,1.0436354480947658,1.1126869453991222,0.18167701738851194,0.16425489446149,0.1910557840490381,0.003950835126236438,0.0036204563256994533,0.004112705451178967,0.6520008520803892,0.6444652854058052,0.6665017644278435,0.24576995817754066,0.2356977543808352,0.2800621232103796,2.0,2.0,3.0,1.8791762815518875,1.5087469977124581,1.997439478074461,,,,0.8298600778398904,223
270,6,main,laplace,exponential,0.0,0,642,proportional,50,0.0,False,135.24880194664001,12.29534563151273,1.0,0.12717,,,0.11535106666666667,0.0,0.0,124.83766666666666,0.0,0.0,1.0879348288391482,1.050584658249789,1.1083060202929198,0.17958540270532544,0.16984953910911982,0.1891887812196329,0.0035917080541065078,0.0033969907821823964,0.003783775624392656,0.6534225429299861,0.6425295089360368,0.6647165446924364,0.0,0.0,0.0,,,,,,,,,,,0
271,6,main,laplace,exponential,0.0,1,643,proportional,50,0.0,False,134.10328364372253,12.191207603974776,1.0,0.12717,,,0.1106808,0.0,0.0,125.05533333333334,0.0,0.0,1.0821719327033728,1.0427117761855538,1.1351983936240506,0.16909813861887632,0.1617780047559059,0.18448796253794147,0.003381962772377526,0.0032355600951181167,0.003689759250758829,0.6538756517948455,0.6422187969379528,0.6601591054246934,0.0,0.0,0.0,,,,,,,,,,,0
272,6,main,laplace,exponential,0.0,2,644,proportional,50,0.0,False,148.5198106765747,13.501800970597701,1.0,0.12717,,,0.127354,0.0,0.0,124.80133333333333,0.0,0.0,1.0335048288723,1.0149016563703208,1.064819312606423,0.18406820996720608,0.17402881268997894,0.1904888616007877,0.0036813641993441205,0.0034805762537995786,0.003809777232015754,0.6601715908613803,0.6527824146879535,0.6720549276114982,0.0,0.0,0.0,,,,,,,,,,,0
273,6,main,laplace,exponential,0.0,3,645,proportional,50,0.0,False,114.61885237693787,10.419895670630716,1.0,0.12717,,,0.1047804,0.0,0.0,124.886,0.0,0.0,1.0660292793339243,1.0193993490498705,1.1266879493817348,0.18940037044310495,0.16821148565739252,0.19682066227153905,0.003788007408862098,0.0033642297131478488,0.003936413245430779,0.6580075272075809,0.6453698208395784,0.6705102783885504,0.0,0.0,0.0,,,,,,,,,,,0
274,6,main,laplace,exponential,0.0,4,646,proportional,50,0.0,False,116.69305276870728,10.608459342609752,1.0,0.12717,,,0.11569493333333333,0.0,0.0,125.033,0.0,0.0,1.064596756938064,1.0339307135513893,1.0962917985385485,0.17749436377722028,0.16751389290820115,0.1827050388739913,0.003549887275544405,0.0033502778581640225,0.0036541007774798266,0.6536609294093892,0.6485627999122096,0.6605671501378565,0.0,0.0,0.0,,,,,,,,,,,0
275,6,main,laplace,exponential,0.01,0,642,proportional,50,0.0,False,117.70897698402405,10.700816089456731,1.0,0.12717,,,0.11535106666666667,0.0,0.0,124.83766666666666,0.0,0.0,1.0879348288391482,1.050584658249789,1.1083060202929198,0.17958540270532544,0.16984953910911982,0.1891887812196329,0.0035917080541065078,0.0033969907821823964,0.003783775624392656,0.6534225429299861,0.6425295089360368,0.6647165446924364,0.0,0.0,0.0,,,,,,,,,,,0
276,6,main,laplace,exponential,0.01,1,643,proportional,50,0.0,False,117.48894762992859,10.680813420902599,1.0,0.12717,,,0.1106808,0.0,0.0,125.05533333333334,0.0,0.0,1.0821719327033728,1.0427117761855538,1.1351983936240506,0.16909813861887632,0.1617780047559059,0.18448796253794147,0.003381962772377526,0.0032355600951181167,0.003689759250758829,0.6538756517948455,0.6422187969379528,0.6601591054246934,0.0,0.0,0.0,,,,,,,,,,,0
277,6,main,laplace,exponential,0.01,2,644,proportional,50,0.0,False,118.73318028450012,10.793925480409102,1.0,0.12717,,,0.127354,0.0,0.0,124.80133333333333,0.0,0.0,1.0335048288723,1.0149016563703208,1.064819312606423,0.18406820996720608,0.17402881268997894,0.1904888616007877,0.0036813641993441205,0.0034805762537995786,0.003809777232015754,0.6601715908613803,0.6527824146879535,0.6720549276114982,0.0,0.0,0.0,,,,,,,,,,,0
278,6,main,laplace,exponential,0.01,3,645,proportional,50,0.0,False,116.4254424571991,10.584131132472645,1.0,0.12717,,,0.1047804,0.0,0.0,124.886,0.0,0.0,1.0660292793339243,1.0193993490498705,1.1266879493817348,0.18940037044310495,0.16821148565739252,0.19682066227153905,0.003788007408862098,0.0033642297131478488,0.003936413245430779,0.6580075272075809,0.6453698208395784,0.6705102783885504,0.0,0.0,0.0,,,,,,,,,,,0
279,6,main,laplace,exponential,0.01,4,646,proportional,50,0.0,False,118.99018239974976,10.81728930906816,1.0,0.12717,,,0.11569493333333333,0.0,0.0,125.033,0.0,0.0,1.064596756938064,1.0339307135513893,1.0962917985385485,0.17749436377722028,0.16751389290820115,0.1827050388739913,0.003549887275544405,0.0033502778581640225,0.0036541007774798266,0.6536609294093892,0.6485627999122096,0.6605671501378565,0.0,0.0,0.0,,,,,,,,,,,0
280,6,main,laplace,exponential,0.02,0,642,proportional,50,0.0,False,116.84855151176453,10.622595591978593,1.0,0.12717,,,0.11535106666666667,0.0,0.0,124.83766666666666,0.0,0.0,1.0879348288391482,1.050584658249789,1.1083060202929198,0.17958540270532544,0.16984953910911982,0.1891887812196329,0.0035917080541065078,0.0033969907821823964,0.003783775624392656,0.6534225429299861,0.6425295089360368,0.6647165446924364,0.0,0.0,0.0,,,,,,,,,,,0
281,6,main,laplace,exponential,0.02,1,643,proportional,50,0.0,False,144.870591878891,13.170053807171909,1.0,0.12717,,,0.1106808,0.0,0.0,125.05533333333334,0.0,0.0,1.0821719327033728,1.0427117761855538,1.1351983936240506,0.16909813861887632,0.1617780047559059,0.18448796253794147,0.003381962772377526,0.0032355600951181167,0.003689759250758829,0.6538756517948455,0.6422187969379528,0.6601591054246934,0.0,0.0,0.0,,,,,,,,,,,0
282,6,main,laplace,exponential,0.02,2,644,proportional,50,0.0,False,141.58724522590637,12.87156774780967,1.0,0.12717,,,0.127354,0.0,0.0,124.80133333333333,0.0,0.0,1.0335048288723,1.0149016563703208,1.064819312606423,0.18406820996720608,0.17402881268997894,0.1904888616007877,0.0036813641993441205,0.0034805762537995786,0.003809777232015754,0.6601715908613803,0.6527824146879535,0.6720549276114982,0.0,0.0,0.0,,,,,,,,,,,0
283,6,main,laplace,exponential,0.02,3,645,proportional,50,0.0,False,125.21324729919434,11.38302248174494,1.0,0.12717,,,0.1047804,0.0,0.0,124.886,0.0,0.0,1.0660292793339243,1.0193993490498705,1.1266879493817348,0.18940037044310495,0.16821148565739252,0.19682066227153905,0.003788007408862098,0.0033642297131478488,0.003936413245430779,0.6580075272075809,0.6453698208395784,0.6705102783885504,0.0,0.0,0.0,,,,,,,,,,,0
284,6,main,laplace,exponential,0.02,4,646,proportional,50,0.0,False,127.30804252624512,11.573458411476828,1.0,0.12717,,,0.11569493333333333,0.0,0.0,125.033,0.0,0.0,1.064596756938064,1.0339307135513893,1.0962917985385485,0.17749436377722028,0.16751389290820115,0.1827050388739913,0.003549887275544405,0.0033502778581640225,0.0036541007774798266,0.6536609294093892,0.6485627999122096,0.6605671501378565,0.0,0.0,0.0,,,,,,,,,,,0
285,6,main,laplace,exponential,0.05,0,642,proportional,50,0.0,False,131.67395949363708,11.970359953967007,1.0,0.12717,2.0,0.8547966934929604,0.1151172,0.00022813333333333334,0.036,124.78733333333334,0.036333333333333336,0.00028849081904680496,1.0852258100698695,1.0513172803217037,1.109169389113785,0.17960459168434112,0.16992456495222477,0.18915746999583352,0.0035922595144580243,0.0033987721270513534,0.003789191261666667,0.6527120315246632,0.6422863366031851,0.6639933807988017,0.000980420530133219,0.0003495486559997162,0.0022912616431020228,2.0,2.0,2.0,1.7325283416092796,1.4008105181594845,1.949853819873049,,,,1.0805414465797,1
286,6,main,laplace,exponential,0.05,1,643,proportional,50,0.0,False,130.3111093044281,11.846464482220737,1.0,0.12717,2.0,0.8396861302419052,0.11052253333333334,0.0001528,0.034666666666666665,125.09433333333334,0.034333333333333334,0.0002771241969393764,1.0798072879991634,1.042523144595883,1.1352150949584787,0.16911277626385113,0.1617868242031732,0.18452556557352973,0.0033822645276962936,0.0032358931933566936,0.003690743481197329,0.6538630005484262,0.6419136181731552,0.6597583957130339,0.000756559327925347,0.00013281134947656817,0.0018700044327026898,2.0,2.0,2.0,1.7191644190340845,1.3595228848574115,1.9323913008213103,,,,2.9506504301511844,1
287,6,main,laplace,exponential,0.05,2,644,proportional,50,0.0,False,134.42024087905884,12.220021898096258,1.0,0.12717,2.0,0.8787859112812542,0.12686333333333333,0.00046573333333333334,0.08133333333333333,124.734,0.07966666666666666,0.0006520542380853122,1.0338163544895638,1.0149627166259791,1.0658404261852397,0.18393365888064517,0.17409242091994684,0.19055379819660134,0.0037001253891097326,0.003482426491761797,0.003811625043678052,0.6601055892536556,0.6525861638372542,0.6722730180733112,0.0035354297437230164,0.0019185651524925723,0.006071392650749555,2.0,2.0,2.0,1.76596099144471,1.4564565020976872,1.9671898554233356,,,,1.1536268539367358,5
288,6,main,laplace,exponential,0.05,3,645,proportional,50,0.0,False,130.2791531085968,11.8435593735088,1.0,0.12717,2.0,0.8242258653390141,0.10469053333333334,8.666666666666667e-05,0.016666666666666666,125.01,0.016666666666666666,0.00013332266751993173,1.067303375528558,1.0194747171090512,1.1225722646447034,0.18941627846863202,0.1682979837657239,0.19689734824159222,0.0037883546582130117,0.003368761139986793,0.003937963936498879,0.6574731435104517,0.6447203454619613,0.6700196716775089,0.000316173468961135,0.00013833781133748942,0.0011081883386616415,2.0,2.0,2.0,1.6559776340282737,1.4234138282617868,1.9046904364063404,,,,1.8170089351205168,1
289,6,main,laplace,exponential,0.05,4,646,proportional,50,0.0,False,118.01306772232056,10.72846070202914,1.0,0.12717,2.0,0.8502830550703162,0.11536773333333333,0.0003182666666666667,0.059666666666666666,124.844,0.061,0.00047792978971089253,1.0660150915059607,1.0334877507164444,1.0964181910098882,0.17739072399224198,0.16749583362806572,0.1826485705015558,0.0035487247684305437,0.0033499838062643053,0.0036651597194870818,0.6531068556814958,0.6478231841025508,0.6599156166048227,0.0030402649649635682,0.001668558047312414,0.004546362122529235,2.0,2.0,2.0,1.7299442266416574,1.3603941838075257,1.9427306379887574,,,,0.9570865214783258,4
290,6,main,laplace,exponential,0.1,0,642,proportional,50,0.0,False,121.94493913650513,11.085903557864102,1.0,0.12717,2.0,0.8612047539409022,0.11233253333333333,0.002739066666666667,0.6,124.68833333333333,0.599,0.004811997914800904,1.0772641713342619,1.0471945368819757,1.1138983293516806,0.17970936276082544,0.16893933514244425,0.18901488874952416,0.0036123686380597,0.003390794616206389,0.003802082701849564,0.6530437953295521,0.6429637978163072,0.6630391071832186,0.030388064119252302,0.02139193050312915,0.03658006534936391,2.0,2.0,2.0,1.8006775109416844,1.4931551781193184,1.978350195500746,,,,0.9418038926666865,35
291,6,main,laplace,exponential,0.1,1,643,proportional,50,0.0,False,121.70948123931885,11.064498294483531,1.0,0.12717,2.0,0.8777971497431452,0.1077988,0.00261,0.5783333333333334,124.965,0.5853333333333334,0.004627962496165593,1.078639093564643,1.0491836333681237,1.1428860306345814,0.16935753798662428,0.1616799275711717,0.18497322394597965,0.003392519427822876,0.0032769437533224297,0.0037054669512130165,0.652950087173797,0.6431853099627516,0.659036589156183,0.025159644947043577,0.016200446766515025,0.030152006011861614,2.0,2.0,2.0,1.8193002885940774,1.4844727996520986,1.9757582465923662,,,,0.7927079430772689,28
292,6,main,laplace,exponential,0.1,2,644,proportional,50,0.0,False,123.5626232624054,11.232965751127763,1.0,0.12717,2.0,0.8775701453816571,0.121986,0.004925733333333333,0.9366666666666666,124.67133333333334,0.9373333333333334,0.007513087745378515,1.0373582497926321,1.016758418919499,1.080751913155085,0.18350335554011876,0.17410121802565484,0.1905662694257073,0.003699109347096229,0.003571802156458378,0.0038697594969762765,0.6606933194272453,0.653533233097846,0.6736953625922765,0.04590395825495184,0.03468537672168555,0.04940478409814499,2.0,2.0,2.0,1.8307000433436755,1.5116720248132238,1.9807202985274723,,,,1.009212541199032,51
293,6,main,laplace,exponential,0.1,3,645,proportional,50,0.0,False,119.31949472427368,10.847226793115789,1.0,0.12717,2.0,0.8884682395371527,0.10323933333333334,0.0014065333333333333,0.3476666666666667,124.61833333333334,0.3486666666666667,0.002789851680464351,1.0633811249864031,1.019658821476709,1.1205059998037528,0.1892606319758668,0.16811620868841,0.1971269652789401,0.0037903094779463565,0.003369416811476609,0.003946594797949984,0.6572954012143093,0.6442301239808315,0.6724317789203805,0.013075304127415695,0.009772095091167292,0.01605573372940565,2.0,2.0,2.0,1.8630017122349876,1.5445907467690965,1.978244541413977,,,,1.0909094396732875,18
294,6,main,laplace,exponential,0.1,4,646,proportional,50,0.0,False,119.81131792068481,10.89193799278953,1.0,0.12717,2.0,0.8783228235847319,0.11195133333333333,0.003452133333333333,0.722,124.67033333333333,0.7273333333333334,0.0057912735186933005,1.066381085500861,1.0234612642184542,1.1054576538513792,0.17765490745852697,0.1672179699603979,0.1827903389928076,0.0035710152345035237,0.003379537600365752,0.003686748461797011,0.654697213673827,0.647931990721682,0.659402781307272,0.035392108347144444,0.029814407081932826,0.04116310780210096,2.0,2.0,2.0,1.840583038426759,1.469304073383701,1.9828790558468194,,,,0.969618377776494,31
295,6,main,laplace,exponential,0.2,0,642,proportional,50,0.0,False,119.76290988922119,10.887537262656473,1.0,0.12717,2.0,0.8852893260068975,0.105402,0.008462666666666667,2.0016666666666665,124.637,2.0046666666666666,0.016059971490541867,1.0848340439576805,1.0467134255229968,1.1059583538318223,0.17859677871134888,0.16946621704547066,0.1867373608816112,0.003686638299489291,0.003446189432223341,0.0038667059838444423,0.6528965977663872,0.6419021703161205,0.6645196184313962,0.09580278855716702,0.0703303223307528,0.10852626076556189,2.0,2.0,2.0,1.8767680169443055,1.579858701399786,1.9907037410936832,,,,0.95911460066717,115
296,6,main,laplace,exponential,0.2,1,643,proportional,50,0.0,False,118.81387567520142,10.80126142501831,1.0,0.12717,2.0,0.8759374445816788,0.10123613333333334,0.007968133333333334,2.0356666666666667,124.81833333333333,2.037,0.016309035798694103,1.0797846584935127,1.054892788457654,1.1267059549046605,0.1688346953552401,0.1636352918152216,0.18416444070337967,0.0034934165610227175,0.00336245440492014,0.003782953964368163,0.6527253451143317,0.6452426530852345,0.661966477349118,0.09475902388460336,0.07796742093958506,0.10023131230400718,2.0,2.0,2.0,1.869773246144154,1.5741153190162278,1.9929871054250685,,,,0.854288649196272,108
297,6,main,laplace,exponential,0.2,2,644,proportional,50,0.0,False,122.05059742927551,11.095508857206864,1.0,0.12717,2.0,0.8761159937079228,0.11459853333333334,0.0107904,2.278,124.37466666666667,2.279,0.01831562697655471,1.0460623568659746,1.0173930198017647,1.0668124064516338,0.18311532972713102,0.17226161792132827,0.18933068131222502,0.003767614709065834,0.003576693664359339,0.0038821759863649358,0.6604797750399694,0.6521936256606099,0.6705302402240747,0.10393693248003857,0.09560534763543711,0.11720850802517427,2.0,2.0,2.0,1.8693049006905564,1.544419211531229,1.993290912039573,,,,0.9506738401202812,129
298,6,main,laplace,exponential,0.2,3,645,proportional,50,0.0,False,119.50126266479492,10.863751151344992,1.0,0.12717,2.0,0.8858705802700029,0.09710306666666667,0.0064488,1.7033333333333334,124.57233333333333,1.6993333333333334,0.013673448090399956,1.073811453930798,1.0274062777113768,1.123670273670891,0.18832732816382625,0.16711493924250098,0.19553162172311186,0.0038242141879377316,0.003467715870680855,0.003967347035896461,0.6577867930695118,0.6460684581624327,0.6688046206291535,0.07071713364895447,0.06133141795613839,0.0854062988119537,2.0,2.0,2.0,1.8856963517473915,1.5943862078198272,1.9927960512856822,,,,0.8357013114659545,89
299,6,main,laplace,exponential,0.2,4,646,proportional,50,0.0,False,120.3791708946228,10.943560990420254,1.0,0.12717,2.0,0.8722785590947228,0.10545853333333334,0.008559066666666667,2.0966666666666667,124.58466666666666,2.102333333333333,0.01682925132573832,1.0718004378768013,1.032230968129118,1.1123015645898273,0.17626269317626592,0.16766760963763952,0.18294974703609285,0.0036811542953187563,0.0034588406687385315,0.0037676978783095253,0.6540605604678746,0.6504048240096364,0.662665594343941,0.09243609811966311,0.08197945914051505,0.10561606677505095,2.0,2.0,2.0,1.8594165933848252,1.5513261355790529,1.9894365678631107,,,,0.873494993894275,93
300,6,main,laplace,exponential,0.3,0,642,proportional,50,0.0,False,120.34597539901733,10.940543218092484,1.0,0.12717,2.0,0.8887912356316434,0.10184386666666667,0.0105624,2.704,124.29433333333333,2.691333333333333,0.021754813171960107,1.0856933758796887,1.048580682066359,1.1269505819000225,0.17862170043778142,0.1648012617340603,0.18624008132149425,0.0037115901017866796,0.003472985124355451,0.003910312970625678,0.6534380498042136,0.6422070182053966,0.6658277850174872,0.11805696402886712,0.10899207804355489,0.137355542519043,2.0,2.0,2.0,1.893960393541752,1.5895411571864897,1.9941131633127016,,,,0.9164995833381924,149
301,6,main,laplace,exponential,0.3,1,643,proportional,50,0.0,False,119.41940569877625,10.85630960897966,1.0,0.12717,2.0,0.8797746123558114,0.0970348,0.010610933333333333,2.8223333333333334,124.26366666666667,2.8223333333333334,0.022712458187027048,1.0969025735112055,1.056374383734307,1.1339988561220509,0.16818495544313955,0.16007107422535588,0.1850283281484693,0.0035067812835080526,0.0033344312919098866,0.00378804948766599,0.6517676686423712,0.6421183549341007,0.6592457427674423,0.12480339534197832,0.11037643923025639,0.13773414627074168,2.0,2.0,2.0,1.8939745086396014,1.5676508056236245,1.9955804095309029,,,,0.8619294372205081,133
302,6,main,laplace,exponential,0.3,2,644,proportional,50,0.0,False,122.71656513214111,11.156051375649191,1.0,0.12717,2.0,0.8859010907679918,0.11045306666666667,0.0132196,2.9473333333333334,124.23533333333333,2.9433333333333334,0.023723793016479477,1.0457468640220193,1.0178788273058672,1.071695471229857,0.18334903916117415,0.17073377509706059,0.19056083197172483,0.0037850886050453942,0.00360627338429798,0.004039384165985636,0.6606720714417027,0.6513158152841274,0.6725793201832649,0.13295515954403941,0.12750885804838433,0.14845356557279854,2.0,2.0,2.0,1.8977156336297396,1.5875492941390958,1.9975697386408129,,,,0.8445986218971957,142
303,6,main,laplace,exponential,0.3,3,645,proportional,50,0.0,False,119.20276761054993,10.83661523732272,1.0,0.12717,2.0,0.8926944659211705,0.0938448,0.008592133333333333,2.4326666666666665,124.36133333333333,2.441666666666667,0.019561278425233995,1.0671990423129782,1.034795143661336,1.0975561909013913,0.18569267365503517,0.17015602727983506,0.19391654984975576,0.003828025616943287,0.0035155940953478368,0.003967527221736891,0.6582812862631044,0.6459628748484767,0.6691697561911462,0.1007849017681953,0.09053070759429566,0.1090353416064133,2.0,2.0,2.0,1.9001281190477723,1.6090932381670857,1.9961098957419496,,,,0.8361577977624313,125
304,6,main,laplace,exponential,0.3,4,646,proportional,50,0.0,False,119.48076057434082,10.861887324940074,1.0,0.12717,2.0,0.8835086520781069,0.10192666666666667,0.0108276,2.7903333333333333,124.265,2.8016666666666667,0.022454700304456874,1.0779553420454948,1.0381421267206838,1.1112489222226776,0.17753150030493164,0.1653032609711727,0.1806854311613485,0.0036739824941137813,0.0034015146736270517,0.0037332187348875254,0.6543547917421805,0.6471588900694988,0.6619647932062753,0.12368818031460244,0.11242374382102317,0.13481405797533974,2.0,2.0,2.0,1.8970944776911067,1.5948605958799025,1.9965340164152852,,,,1.067182406567001,131
305,6,main,laplace,exponential,0.4,0,642,proportional,50,0.0,False,119.38235473632812,10.852941339666193,1.0,0.12717,2.0,0.8893470125358481,0.0995172,0.011629866666666667,3.0356666666666667,124.33633333333333,3.027,0.02441496049693171,1.0816431461563032,1.0397366298136366,1.1173809364576481,0.17630642417852355,0.16616719378704892,0.18424016593338505,0.003681841198657297,0.0035033775590093755,0.003911425516960823,0.6532781398845812,0.6430036169815426,0.6605141903372259,0.12932624168070297,0.12022937041004904,0.14377313324441657,2.0,2.0,2.0,1.8976854236546057,1.6044983176461773,1.9967140729823671,,,,0.9866062408165471,158
306,6,main,laplace,exponential,0.4,1,643,proportional,50,0.0,False,120.946298122406,10.995118011127818,1.0,0.12717,2.0,0.8850152768011272,0.09589666666666667,0.010743333333333334,3.0906666666666665,124.461,3.0716666666666668,0.02483241068822094,1.0735951853981303,1.0488190077888246,1.1221610369014148,0.16864685513704325,0.15959880510401228,0.18254570660319447,0.0035723097447475085,0.00336311049093194,0.003752504953433125,0.6522604007059969,0.6410492669447978,0.6585757676030276,0.1335611209525042,0.1212271754092357,0.14662361848019406,2.0,2.0,2.0,1.9085446277313558,1.6079031178249248,1.9979007867738714,,,,0.9402315401681081,163
307,6,main,laplace,exponential,0.4,2,644,proportional,50,0.0,False,123.4072675704956,11.218842506408691,1.0,0.12717,2.0,0.8809378191755737,0.108802,0.013656666666666666,3.1926666666666668,124.08966666666667,3.1866666666666665,0.025728706929666452,1.0473439430934122,1.0355718109017074,1.0816127604138732,0.17940525806183716,0.1699450951403031,0.19093362115427306,0.0037975423970079596,0.0036055457218015763,0.003959293630095953,0.6590738508069545,0.6522607452978613,0.675196347139161,0.1547751953635641,0.13656206590685474,0.18478423393850515,2.0,2.0,2.0,1.9002851382412178,1.5797119656230334,1.9969956156348818,,,,0.8886892556455048,161
308,6,main,laplace,exponential,0.4,3,645,proportional,50,0.0,False,119.22016406059265,10.83819673278115,1.0,0.12717,2.0,0.8931290626755684,0.09221906666666667,0.009187466666666666,2.7396666666666665,124.685,2.747333333333333,0.0219727045487963,1.0664560396334428,1.047773786172756,1.1325816132592759,0.18622896390735083,0.16600238138236306,0.19420353202928445,0.003822576949390173,0.0033947565088163494,0.003992798074874678,0.6563609800204375,0.641094687197293,0.6661847553535174,0.11380857819003533,0.10022630452329953,0.12486044962152704,2.0,2.0,2.0,1.8956074647440886,1.6140344295762201,1.9972515050458153,,,,0.9650202242865973,122
309,6,main,laplace,exponential,0.4,4,646,proportional,50,0.0,False,121.1246976852417,11.011336153203791,1.0,0.12717,2.0,0.8843836180821874,0.09966213333333333,0.0118348,3.103666666666667,124.064,3.107666666666667,0.02501665806895366,1.0706571805128469,1.0440551618036296,1.1126826950838438,0.1728219630536893,0.16574256207750548,0.17810549291801775,0.003624431121347708,0.003476733466861024,0.003731714976958762,0.6521497090827918,0.6450107569918497,0.6600072100459635,0.13832359320731216,0.12209508158723215,0.14680526606949545,2.0,2.0,2.0,1.9039332369815372,1.615982948095669,1.9980032741591283,,,,0.9923881107355289,145
310,6,main,laplace,exponential,0.5,0,642,proportional,50,0.0,False,120.1800332069397,10.925457564267246,1.0,0.12717,2.0,0.9058186798029235,0.09933213333333334,0.010861066666666667,2.975,124.18066666666667,2.981333333333333,0.023957030348256036,1.0945534353709148,1.0339933970395925,1.1438394771409812,0.17570664314239148,0.16543296964639848,0.18417733251236837,0.0036208910615720073,0.003383489390574707,0.0038701061645146076,0.649403409912596,0.6416762873556798,0.6601304117200304,0.12959611762832163,0.11187297719183183,0.15024245509635958,2.0,2.0,2.0,1.9174936225154753,1.6260104595287692,1.997421677937282,,,,0.8202236274389538,136
311,6,main,laplace,exponential,0.5,1,643,proportional,50,0.0,False,120.05620098114014,10.914200089194559,1.0,0.12717,2.0,0.8970260801677644,0.0956344,0.010307333333333333,3.0433333333333334,124.43566666666666,3.034,0.024457082240622333,1.0912679336676963,1.0619937572612868,1.1419386166747922,0.17269124472823782,0.15903824886433893,0.1828951166874127,0.003579907693243967,0.003265845984173862,0.0037632387683617383,0.6487931255754976,0.6409096324564428,0.6583199566527307,0.12775601872769177,0.11665003016495479,0.13848732323146742,2.0,2.0,2.0,1.9185453972479458,1.6338973972463235,1.9973815534507333,,,,0.9335336536937745,167
312,6,main,laplace,exponential,0.5,2,644,proportional,50,0.0,False,123.54552745819092,11.231411587108266,1.0,0.12717,2.0,0.9040250737329931,0.10738693333333334,0.013733466666666666,3.2506666666666666,124.12133333333334,3.247,0.02618942754938716,1.0468216979000924,1.0220733112415104,1.0868175956589883,0.1807488330789645,0.16890886861900878,0.1876327067150588,0.0037299081976551,0.003492337193473107,0.003978508871147897,0.6579185292922596,0.6477713306699839,0.6687829084832185,0.1426900199279531,0.130771281413804,0.15309535161591176,2.0,2.0,2.0,1.9241730041486869,1.634979303001896,1.9984917149584138,,,,0.8487633865869224,161
313,6,main,laplace,exponential,0.5,3,645,proportional,50,0.0,False,118.66184306144714,10.787440278313376,1.0,0.12717,2.0,0.9070617509644361,0.0918212,0.0088652,2.7123333333333335,124.39166666666667,2.7226666666666666,0.021804783278622633,1.0914513854040506,1.0472927749941336,1.1362976354100982,0.18205419665919353,0.16497097236917455,0.19296735280523686,0.0038232059705191933,0.0033774455683702053,0.00401764828919283,0.6547033522988199,0.6390016744674194,0.6639099077438444,0.1091151116516958,0.09816420068743165,0.11726094223944442,2.0,2.0,2.0,1.9180064782676187,1.6427023574576192,1.9979533974855452,,,,0.9126485374593127,134
314,6,main,laplace,exponential,0.5,4,646,proportional,50,0.0,False,119.48362064361572,10.862147331237793,1.0,0.12717,2.0,0.9056769113284018,0.09946693333333333,0.011529733333333334,3.083,124.05766666666666,3.097,0.024851346013816156,1.0791746210532973,1.0480386684032577,1.1288057351692735,0.1745743404019262,0.1637630010469136,0.18124380485280608,0.003608233963001849,0.0033976353331381806,0.0038023808463090144,0.653864481922024,0.6414419249255439,0.6608684265116063,0.13125563222474718,0.11558600169261565,0.14431710659635613,2.0,2.0,2.0,1.923117680135205,1.6257844999888404,1.9972064383453914,,,,0.8938407126708023,136
315,7,main,laplace,power_law,0.0,0,742,proportional,50,0.0,False,114.89642834663391,10.445129849693991,1.0,0.12717,,,0.10369666666666667,0.0,0.0,125.05433333333333,0.0,0.0,1.088513150978497,1.0585754441652677,1.1188605882821197,0.17533736062583066,0.16160906695696348,0.18366002440983334,0.0035067472125166125,0.0032321813391392694,0.003673200488196665,0.6469184363253235,0.6417285435932945,0.6526355480482925,0.0,0.0,0.0,,,,,,,,,,,0
316,7,main,laplace,power_law,0.0,1,743,proportional,50,0.0,False,117.17695093154907,10.65245008468628,1.0,0.12717,,,0.12264426666666667,0.0,0.0,124.778,0.0,0.0,1.0534950771427818,1.007269824184004,1.0994973377682724,0.18410383158796093,0.17721091159908858,0.19374524270185667,0.003682076631759219,0.003544218231981771,0.0038749048540371324,0.6617596515730002,0.6530553530094446,0.6692141525695655,0.0,0.0,0.0,,,,,,,,,,,0
317,7,main,laplace,power_law,0.0,2,744,proportional,50,0.0,False,115.63957047462463,10.512688224965876,1.0,0.12717,,,0.11598413333333334,0.0,0.0,125.378,0.0,0.0,1.0921127632890688,1.0348117712451752,1.1439562385937097,0.17900340572704582,0.16488012438789715,0.19122284246429666,0.003580068114540916,0.0032976024877579427,0.003824456849285933,0.6550795048381794,0.6371996879234592,0.6668502696085473,0.0,0.0,0.0,,,,,,,,,,,0
318,7,main,laplace,power_law,0.0,3,745,proportional,50,0.0,False,117.44241166114807,10.676582878286188,1.0,0.12717,,,0.12483253333333333,0.0,0.0,125.182,0.0,0.0,1.0639377589074188,1.031034078718482,1.093334411910715,0.1744802127064279,0.16024606707252953,0.18781744827967356,0.003489604254128558,0.0032049213414505895,0.003756348965593471,0.6546143594744027,0.6418441702276825,0.6674409093172363,0.0,0.0,0.0,,,,,,,,,,,0
319,7,main,laplace,power_law,0.0,4,746,proportional,50,0.0,False,116.76662683486938,10.615147894079035,1.0,0.12717,,,0.10846293333333333,0.0,0.0,125.176,0.0,0.0,1.0567656359640951,1.0147458848928375,1.1025495620032446,0.18120685777908446,0.1646956562378672,0.20046308918040182,0.0036241371555816894,0.0032939131247573432,0.004009261783608036,0.6601274569431894,0.6416801556957205,0.666649467195077,0.0,0.0,0.0,,,,,,,,,,,0
320,7,main,laplace,power_law,0.01,0,742,proportional,50,0.0,False,118.4928195476532,10.772074504332108,1.0,0.12717,2.0,0.8806023086615098,0.09602066666666667,0.0076033333333333335,2.028,124.705,2.02,0.016262379214947276,1.0888305740011543,1.0591583039707468,1.1193141439300598,0.17539722122913642,0.16166511559324237,0.18371215466109975,0.0035824268594915488,0.0033414638307227513,0.0037872634495388856,0.6473408285452895,0.6412505140022678,0.6551189690924302,0.09871747522980304,0.08585805886035269,0.10600151738436153,2.0,2.0,2.0,1.8185660792799485,1.484004099968424,1.971192080307896,,,,1.1035732390820536,134
321,7,main,laplace,power_law,0.01,1,743,proportional,50,0.0,False,126.18320560455322,11.471200509504838,1.0,0.12717,2.0,0.8672835769226239,0.11274946666666667,0.0098008,2.219,124.501,2.206,0.017823150014859318,1.055331687699156,1.0090577962445273,1.0979955135648338,0.1840454040283277,0.1772125121470996,0.19371138211301184,0.0038033616354041003,0.0036584096280471053,0.004046067393693294,0.6629607277432803,0.6544000661412187,0.6711602764189781,0.11688559877643752,0.10427929839012887,0.13442673262178717,2.0,2.0,2.0,1.8121884028022341,1.4739436426486363,1.9746859568052058,,,,1.1404801458173803,150
322,7,main,laplace,power_law,0.01,2,744,proportional,50,0.0,False,126.20141196250916,11.472855632955378,1.0,0.12717,2.0,0.8652002412698034,0.10638546666666666,0.009512133333333334,2.2463333333333333,124.91066666666667,2.2376666666666667,0.017983518888165406,1.0900673217335393,1.035373803926223,1.148178245310717,0.17895081740891733,0.16475271237804195,0.1912167524286266,0.003747422045649966,0.003441872505435447,0.004005429414768967,0.6580868094847785,0.6422533469804378,0.6697022819715062,0.12346007290512626,0.11187188034970622,0.13379122620341888,2.0,2.0,2.0,1.802209147996519,1.4670448620668095,1.9713561915518238,,,,1.0446389908041005,131
323,7,main,laplace,power_law,0.01,3,745,proportional,50,0.0,False,127.15244221687317,11.559312928806651,1.0,0.12717,2.0,0.8698855338426751,0.11462,0.010107733333333334,2.1986666666666665,124.55433333333333,2.1923333333333335,0.017652269558398877,1.0684905431219751,1.0303595946211597,1.0915200516948134,0.17435004466947757,0.16004270493753248,0.18770431720224065,0.0036836653962905364,0.0033575613595330047,0.003902341144063598,0.6581637924569056,0.6460164048128914,0.6704672861787975,0.11771908484303453,0.10704979858313339,0.12811377306774568,2.0,2.0,2.0,1.811700800242473,1.4713786555620774,1.9724215611713016,,,,0.829865328835653,133
324,7,main,laplace,power_law,0.01,4,746,proportional,50,0.0,False,125.0347375869751,11.366794326088645,1.0,0.12717,2.0,0.8754993604678045,0.10019613333333334,0.008188933333333334,2.086,124.61833333333334,2.086333333333333,0.016739110082786106,1.0611120325754857,1.0164866040933347,1.1014666152412902,0.18109220545927465,0.16469048694238037,0.20034400109591086,0.003675045871758799,0.0034121882954695603,0.0040701413881732255,0.6597107052307896,0.642710435171356,0.6683900260409743,0.09821775537487479,0.08896483618932798,0.11390965633698881,2.0,2.0,2.0,1.810562512660439,1.508109023287545,1.966527465346401,,,,0.9560777690807664,125
325,7,main,laplace,power_law,0.02,0,742,proportional,50,0.0,False,124.09078526496887,11.280980478633534,1.0,0.12717,2.0,0.8522081363448379,0.09213493333333334,0.011320933333333333,3.261,124.348,3.2583333333333333,0.026224788496799305,1.0908224833037163,1.0547438662017168,1.1272038555030992,0.17522455165111128,0.16103181182703458,0.18338066243721085,0.0036148856022244886,0.0034467155830544506,0.003799828177987039,0.6505578504191385,0.6437062924758724,0.6564605939605348,0.16376667710619736,0.1524791654225983,0.18070766330060015,2.0,2.0,2.0,1.8160476761171334,1.4765316403011168,1.980889547301792,,,,1.0232418374217556,176
326,7,main,laplace,power_law,0.02,1,743,proportional,50,0.0,False,126.28569912910461,11.480518102645874,1.0,0.12717,2.0,0.830860290566319,0.1092788,0.0131172,3.0103333333333335,124.28133333333334,2.989333333333333,0.02422192659664632,1.0537067196837502,1.009489414495886,1.0977321910734683,0.1840551832910555,0.17708871819719718,0.19339855253780608,0.0038446029000814017,0.003699087204648608,0.004131296376247591,0.6673458751105952,0.6569219740229224,0.6727039167743342,0.17324492799814062,0.1558224760134467,0.19102433549730158,2.0,2.0,2.0,1.7958406382704746,1.4357017726253993,1.9797397698093697,,,,0.9329682846722698,181
327,7,main,laplace,power_law,0.02,2,744,proportional,50,0.0,False,127.682457447052,11.607496131550182,1.0,0.12717,2.0,0.845036124129215,0.1030252,0.0126792,3.2096666666666667,124.69033333333333,3.213,0.02574110262490276,1.0956736491682157,1.0383414290346984,1.148406855250809,0.17872658290855153,0.1647479759645888,0.19080667511153077,0.00381142825561775,0.0034718332302054447,0.0039867982281959185,0.660605007801998,0.6426327407870192,0.6703418282653258,0.18068480163560788,0.16646302531998905,0.20966491967880646,2.0,2.0,2.0,1.8050813154823908,1.4565331801414927,1.982474601670722,,,,1.0229099208708154,177
328,7,main,laplace,power_law,0.02,3,745,proportional,50,0.0,False,128.70703053474426,11.700639139522206,1.0,0.12717,2.0,0.8426190324727015,0.11141546666666667,0.013152533333333334,2.967,124.56966666666666,2.9656666666666665,0.023817997425804573,1.0708041038043494,1.029723135266263,1.0933036540747865,0.17429167013669028,0.15967188520588738,0.18808970628028,0.0037108224373113155,0.0034224066034958516,0.003970288561933779,0.6591006746615756,0.6470207469824281,0.6694854629409414,0.16475120066028626,0.15161505340665124,0.1759976429316682,2.0,2.0,2.0,1.8026378508340495,1.4586438039410634,1.983062211839594,,,,0.9600619392257581,156
329,7,main,laplace,power_law,0.02,4,746,proportional,50,0.0,False,125.91349124908447,11.446681022644043,1.0,0.12717,2.0,0.8533254919884533,0.0963084,0.0119052,3.2533333333333334,124.31733333333334,3.2546666666666666,0.026169587507239536,1.0569135691371656,1.0166255559555057,1.1011053783653078,0.18067183082599664,0.16450725760438892,0.20009596924093975,0.0037288790408534656,0.003446356422614349,0.004186198403543106,0.6616554926173044,0.6446076964684407,0.6714989450200798,0.1664797772060097,0.1518602777182861,0.1906895321147491,2.0,2.0,2.0,1.8195295292790905,1.4721659652817403,1.983728389988041,,,,0.9020588979186589,163
330,7,main,laplace,power_law,0.05,0,742,proportional,50,0.0,False,125.74060869216919,11.430964426560836,1.0,0.12717,2.0,0.8289946820678509,0.08901386666666666,0.0139348,4.292666666666666,123.97333333333333,4.291666666666667,0.034625725962572594,1.0925604173880137,1.0638865964850543,1.1307834726916421,0.17445215125579822,0.1617314780064813,0.18373342362388528,0.0037119249437633306,0.003531199911881472,0.003953799503142943,0.6540041006062733,0.648033373295769,0.6593851714082151,0.23187488427018205,0.2137364760100698,0.24320997502784286,2.0,2.0,2.0,1.8175782618546945,1.4627062956997712,1.989826726036469,,,,0.9152921625974794,226
331,7,main,laplace,power_law,0.05,1,743,proportional,50,0.0,False,127.18597459793091,11.562361327084629,1.0,0.12717,2.0,0.8280384145314144,0.1059976,0.015902533333333333,3.7573333333333334,124.13933333333334,3.7453333333333334,0.03026706550166748,1.0597233005684323,1.0222116860479638,1.101499627570302,0.18430177314621965,0.1768157111748433,0.19331144385483756,0.003895984589703372,0.0037979577230104204,0.004148443482133537,0.6666330788635426,0.6610524293829116,0.6785096237374734,0.2235883157958077,0.20091365104221204,0.23517561173203214,2.0,2.0,2.0,1.8060234750976605,1.4481457528133825,1.9846212224534125,,,,0.9514266995673757,196
332,7,main,laplace,power_law,0.05,2,744,proportional,50,0.0,False,128.20293617248535,11.65481237931685,1.0,0.12717,2.0,0.8160097106949804,0.09994093333333333,0.015224933333333333,3.97,124.058,3.975,0.03200116074739235,1.0959158034808694,1.0380083217188403,1.1345809000998974,0.1785271098154783,0.16375151607721566,0.19073046782334158,0.003839695792475899,0.0034914749193400143,0.004155472655302061,0.6621471119090067,0.6450414684063204,0.6692588400501582,0.21943136468162844,0.20825996689760684,0.23609635819936017,2.0,2.0,2.0,1.8022133216825469,1.4436512484123867,1.9878326902763588,,,,1.017976906855694,169
333,7,main,laplace,power_law,0.05,3,745,proportional,50,0.0,False,129.7266218662262,11.793329260566018,1.0,0.12717,2.0,0.8150753730450895,0.108982,0.015156266666666666,3.6006666666666667,123.83466666666666,3.5953333333333335,0.029076402945863302,1.0713793908501812,1.0255015438542516,1.0928206560375753,0.1737806066968073,0.1599450411251873,0.18663548350851897,0.003738804654900634,0.003549048884648721,0.0040695877744840285,0.6593622756770834,0.6498092590333286,0.6750270334015581,0.21334098166343407,0.2024173678516608,0.23508664981496868,2.0,2.0,2.0,1.7956082091846988,1.4299814520448313,1.9884958714315673,,,,0.8285812016045953,178
334,7,main,laplace,power_law,0.05,4,746,proportional,50,0.0,False,126.95782113075256,11.541620102795688,1.0,0.12717,2.0,0.8302008261777188,0.0932248,0.014499733333333334,4.141666666666667,124.37033333333333,4.136333333333333,0.03330108198364562,1.057370480280134,1.0283052581988217,1.1006516136108235,0.1800468746361768,0.1635467212578658,0.2001249684880383,0.0038712013977110593,0.00356618387872713,0.0042141430413001595,0.6647744079245196,0.652408176196045,0.6771235714193984,0.2294804063253374,0.20673731155981534,0.24825860419956433,2.0,2.0,2.0,1.8176510794730558,1.4593463950155434,1.988343707230682,,,,0.8110947968028969,217
335,7,main,laplace,power_law,0.1,0,742,proportional,50,0.0,False,125.15271353721619,11.377519412474198,1.0,0.12717,2.0,0.8211793869358821,0.08658026666666667,0.015442933333333334,4.814,124.001,4.804666666666667,0.03882226756235837,1.0961589644733374,1.0615885136063445,1.1291506704474812,0.17341699827974433,0.16074254916296088,0.1832219801113148,0.003840212974671067,0.003527656661519846,0.0039767153891006705,0.6541711929864082,0.6464436516274286,0.6614004287505273,0.26371360150149503,0.2457615283414486,0.27711664156973037,2.0,2.0,3.0,1.818940645165015,1.4503586868264025,1.9900947522502597,,,,0.9079480004325028,225
336,7,main,laplace,power_law,0.1,1,743,proportional,50,0.0,False,128.6728436946869,11.697531244971536,1.0,0.12717,2.0,0.8278340676488085,0.1040228,0.017033333333333334,4.110666666666667,123.912,4.103666666666666,0.033174080530268796,1.0619083597344738,1.0177478170205376,1.1037110287070577,0.18336075793981926,0.17636486077288072,0.19300038069336406,0.003982140557944022,0.0038069119744721745,0.004161650292052185,0.6662098847558222,0.6573217942389689,0.6754814912356276,0.23399068614932872,0.21647349796958268,0.25764740190291635,2.0,2.0,3.0,1.8330632331494572,1.4563556942662985,1.9937995963799355,,,,1.0096598734162536,217
337,7,main,laplace,power_law,0.1,2,744,proportional,50,0.0,False,127.17010498046875,11.560918634588068,1.0,0.12717,2.0,0.8139442982212535,0.0974216,0.016804933333333334,4.457,124.10066666666667,4.461666666666667,0.03591439207954832,1.0927635796549366,1.047132034480079,1.1540881710136228,0.17577505697710977,0.16272388360566847,0.19016488174548568,0.003960931851641158,0.0035713579873005202,0.004171257477432064,0.6635201084759556,0.6453312722834386,0.6707441921401898,0.2626289168093108,0.24527113148053914,0.2827025724165342,2.0,2.0,3.0,1.8206186622724605,1.4353833052306224,1.9924148558990298,,,,1.0057249143479488,204
338,7,main,laplace,power_law,0.1,3,745,proportional,50,0.0,False,128.56975769996643,11.68815979090604,1.0,0.12717,2.0,0.8161794135454494,0.1062336,0.01695,4.048,124.103,4.042666666666666,0.03261806725059024,1.0699804132153834,1.0216776929823703,1.1122275734156277,0.17411275598398782,0.15908552902241868,0.18722772036648822,0.0038052498332288402,0.003523112368765323,0.004103499610454132,0.6622641940178277,0.6474895603071679,0.673214500336001,0.24419155208899834,0.22942137054536782,0.2545560829134905,2.0,2.0,3.0,1.8102190136871972,1.4364770327395344,1.9898529883138514,,,,0.8476296492150601,206
339,7,main,laplace,power_law,0.1,4,746,proportional,50,0.0,False,126.06509113311768,11.460462830283426,1.0,0.12717,2.0,0.8228790425909207,0.09077933333333334,0.0159844,4.680666666666666,124.203,4.662,0.037685616826217294,1.0718288748615659,1.015807438746755,1.107859333425674,0.1802209932238404,0.16302971225242208,0.19850465693604974,0.0039059879049257572,0.003625567295177441,0.0042271275083555025,0.6635456562325576,0.6524881266248103,0.6752076561053167,0.2502087658396778,0.2345533529121337,0.2728160818244295,2.0,2.0,3.0,1.823077554460402,1.45347668697201,1.9919363387618474,,,,0.9006462839752233,209
340,7,main,laplace,power_law,0.2,0,742,proportional,50,0.0,False,126.3895115852356,11.489955598657781,1.0,0.12717,2.0,0.8175867289508477,0.08416786666666666,0.016085333333333333,5.27,123.68466666666667,5.261666666666667,0.04260835350110765,1.0861947104474585,1.072939991697183,1.1219936489926225,0.1701310646900101,0.15868099508699476,0.18504715986843134,0.003716734317732673,0.003452402634582201,0.003990241437415383,0.6504804080331572,0.6399313678944563,0.654263540830643,0.26411769705939003,0.25519971721242457,0.2894262994428924,2.0,2.0,3.0,1.8311967875230244,1.451672017828085,1.9944997736025882,,,,0.9276475293261397,240
341,7,main,laplace,power_law,0.2,1,743,proportional,50,0.0,False,128.0909218788147,11.644629261710428,1.0,0.12717,2.0,0.8325009837620811,0.10036666666666667,0.018774133333333335,4.701333333333333,123.56466666666667,4.681,0.038047554047273495,1.0614963976772147,1.0241313689987899,1.0988262932073007,0.18299444741327286,0.17325624755757232,0.1883762956837507,0.003936125872730897,0.003836078964769864,0.004137819071527262,0.6640184550152264,0.658694449852542,0.6757847092166605,0.2699684594163305,0.24349060267913838,0.29802071127973256,2.0,2.0,3.0,1.8409488042058362,1.4688670771957788,1.994216926486637,,,,1.0134524867257024,238
342,7,main,laplace,power_law,0.2,2,744,proportional,50,0.0,False,126.84961342811584,11.531783038919622,1.0,0.12717,2.0,0.8188805840506266,0.09342853333333333,0.01885066666666667,4.988333333333333,124.20233333333333,4.993333333333333,0.04016295990145113,1.0933284551327866,1.051208052886591,1.1496728141035493,0.17737525900940165,0.1615395694586691,0.18977291803561375,0.003833936622898508,0.0036038634131144954,0.004138929837605122,0.6586087027809555,0.6458236342899046,0.6697580344172294,0.29792446390983574,0.2771759708806179,0.3100775934266998,2.0,2.0,3.0,1.8371114877616372,1.4538257341613696,1.9955509853118207,,,,1.0148418108747652,214
343,7,main,laplace,power_law,0.2,3,745,proportional,50,0.0,False,122.74857902526855,11.158961729569869,1.0,0.12717,2.0,0.822049486898837,0.10192186666666667,0.019251733333333333,4.629666666666667,123.584,4.6226666666666665,0.0374616994648714,1.0433929986466501,1.0303813014626988,1.1167614884533459,0.1714017341581295,0.15902509801085432,0.18462109065077686,0.00379773562742328,0.003559131747941387,0.004112496828888944,0.6589369697004347,0.6485909483626617,0.6715873752134667,0.2840342656519935,0.2541597274897101,0.30448700408768303,2.0,2.0,3.0,1.8362078525131642,1.444853876790321,1.995817152454392,,,,0.8905626833679672,215
344,7,main,laplace,power_law,0.2,4,746,proportional,50,0.0,False,120.29162430763245,10.935602209784768,1.0,0.12717,2.0,0.8251332584109305,0.08809786666666666,0.016909733333333333,5.110666666666667,123.64966666666666,5.110333333333333,0.04133182728623073,1.0652424862887717,1.036777856685067,1.1123726343136142,0.17793354178284476,0.1622577088012549,0.19603296845506454,0.003860554806979608,0.003583725600127031,0.004287718665400951,0.6632756720936549,0.6445126657805262,0.671149696847476,0.28729428074445673,0.2584397944487668,0.30541463249934275,2.0,2.0,3.0,1.8307429354112892,1.4606514237935777,1.9937527231666152,,,,0.8473608498137176,224
345,7,main,laplace,power_law,0.3,0,742,proportional,50,0.0,False,119.76177263259888,10.887433875690807,1.0,0.12717,2.0,0.8154885622732206,0.08137626666666667,0.0167412,5.613666666666667,123.809,5.596666666666667,0.04534134567492401,1.1083297166781518,1.0616381403096842,1.134299993058982,0.1692186543960307,0.15799102320310562,0.17937526331283787,0.0036771465774760176,0.003533252270145308,0.003915942413714218,0.6446901135086013,0.6408170856075958,0.6526518079471844,0.29249935444010317,0.27764495696400704,0.3173816417658195,2.0,2.0,3.0,1.841789311455573,1.45633194768554,1.9963412868353927,,,,0.9101875369627398,275
346,7,main,laplace,power_law,0.3,1,743,proportional,50,0.0,False,122.2832510471344,11.116659186103128,1.0,0.12717,2.0,0.8321523847885535,0.09676226666666667,0.019942133333333334,5.056333333333333,123.25733333333334,5.043,0.041022576073905,1.0692644246199736,1.0443926087260669,1.0958051193737277,0.18030389549494613,0.1721717949299126,0.1902244466212507,0.004075495332141226,0.003834525654816213,0.0041454233533197065,0.6633196091070227,0.6540074613866729,0.6684226870536059,0.28993366859403824,0.27173640483799516,0.3081085873939956,2.0,2.0,3.0,1.858133008120376,1.4658584392291873,1.9970945553581274,,,,0.9384981656646671,248
347,7,main,laplace,power_law,0.3,2,744,proportional,50,0.0,False,120.78822588920593,10.98074780810963,1.0,0.12717,2.0,0.8219648492638001,0.09083893333333333,0.0192768,5.408666666666667,123.746,5.402,0.043707810084097,1.0894053188965498,1.053974828341354,1.1608546595964384,0.17499204381355543,0.16034508262068922,0.1886071358257589,0.0038621077194754333,0.0036478644989994665,0.00410434542539064,0.6614998107594579,0.6420244369177305,0.6654327522813168,0.2822236261215902,0.26657339768258626,0.30914355393935344,2.0,2.0,3.0,1.8496889254279636,1.469553548190607,1.9976585144739303,,,,1.0072072544645212,214
348,7,main,laplace,power_law,0.3,3,745,proportional,50,0.0,False,124.23690366744995,11.294263969768178,1.0,0.12717,2.0,0.8333535734528441,0.09956533333333334,0.020008266666666667,4.982333333333333,123.84366666666666,4.97,0.040230828652252436,1.0674294481050088,1.027603120932064,1.1139967985057155,0.17350479385254602,0.15629758758584905,0.18623697230929492,0.003784653795693726,0.0035204583682697517,0.004166131285021724,0.6605804115641305,0.6464619551433852,0.6734743440707442,0.28258386073101394,0.264062009939064,0.3037259236410831,2.0,2.0,3.0,1.8649660967444082,1.4864249443991093,1.9977641944079225,,,,0.777441584021063,223
349,7,main,laplace,power_law,0.3,4,746,proportional,50,0.0,False,121.31157779693604,11.028325254266912,1.0,0.12717,2.0,0.8318788246095977,0.0853964,0.017763066666666667,5.397666666666667,123.426,5.383,0.043732006762486564,1.070076945193989,1.0364564446598115,1.123299770174094,0.17434724001062246,0.16004548533649018,0.19574561684329228,0.0038876650039019224,0.0036005008802421526,0.004276680259426593,0.6569232987188526,0.6470939677244976,0.670813109493352,0.27912242227775713,0.26797233714280705,0.30622426545543247,2.0,2.0,3.0,1.8552058249429708,1.4703339297614453,1.9964557682949409,,,,0.8249783770754076,228
350,7,main,laplace,power_law,0.4,0,742,proportional,50,0.0,False,119.72950482368469,10.88450043851679,1.0,0.12717,2.0,0.8326419776817386,0.07959306666666667,0.0173516,5.690333333333333,123.562,5.679,0.046052454098617156,1.0895219173755053,1.0845701755217418,1.115502980865927,0.1679005016910604,0.15948354956810443,0.18332244551869864,0.0037273798457374795,0.0034489840350372222,0.003997384877767996,0.6446495325581332,0.6365213370241798,0.6514303119471713,0.29237884084037524,0.2806135353742927,0.31294560961188544,2.0,2.0,3.0,1.8607437855969247,1.4735563349969323,1.9977316712987787,,,,0.8984772471007458,269
351,7,main,laplace,power_law,0.4,1,743,proportional,50,0.0,False,122.529123544693,11.139011231335727,1.0,0.12717,2.0,0.8428750887314203,0.09482773333333333,0.020375733333333333,5.281,123.539,5.28,0.04274763435028614,1.0701324288754495,1.0387464229375665,1.0948667034251869,0.18086292691945793,0.17373784340320175,0.18896553960862705,0.003975231814828539,0.0038065898457459195,0.004148963357452048,0.6605810376515475,0.65020139411738,0.671780559664664,0.28408009935245687,0.2702086734395043,0.3117443980325664,2.0,2.0,3.0,1.881019307213092,1.4976961172266956,1.9986401202449207,,,,0.9500806774206658,233
352,7,main,laplace,power_law,0.4,2,744,proportional,50,0.0,False,121.74196171760559,11.067451065236872,1.0,0.12717,2.0,0.8379046969824008,0.08973386666666666,0.019080933333333334,5.473333333333334,123.55166666666666,5.459333333333333,0.04429995548421039,1.0925951919454067,1.0471060552856553,1.1729763085655174,0.17251469372249234,0.16152753128942476,0.18955505855185292,0.00380530801937639,0.003590386362867242,0.004187812717541586,0.65311592059066,0.6377200704107653,0.6713896445236734,0.2982034229590989,0.28763076849341596,0.30969301329913446,2.0,2.0,3.0,1.8770146333010513,1.4877456843090993,1.9984581670927928,,,,0.9694349658214867,248
353,7,main,laplace,power_law,0.4,3,745,proportional,50,0.0,False,124.84239459037781,11.349308599125255,1.0,0.12717,2.0,0.8433116779831855,0.09679253333333333,0.020267066666666667,5.2156666666666665,123.36466666666666,5.2123333333333335,0.04227844817803045,1.0838565543773413,1.0268540589362067,1.1360445000845671,0.16993210544009954,0.15729808899304282,0.18412795970322096,0.0037675766158032043,0.003642435112295163,0.004019997542397955,0.6545072826200615,0.6459732942030405,0.6635533877641905,0.2913011737065839,0.2712047906949952,0.3055184868051387,2.0,2.0,3.0,1.8763990308382261,1.5074563676043655,1.9983694594316481,,,,0.864896301792627,236
354,7,main,laplace,power_law,0.4,4,746,proportional,50,0.0,False,121.08480644226074,11.007709676569158,1.0,0.12717,2.0,0.8274699510858172,0.08400626666666666,0.017332933333333335,5.557666666666667,123.63833333333334,5.532,0.04495099955515415,1.0619998782975892,1.0484890693148328,1.1169146693466607,0.17585102810332254,0.159483019950643,0.1926102581606803,0.003799767239341712,0.003521427715726374,0.004083312507412135,0.6559503077921784,0.6408667038294982,0.6665384806436299,0.2893474457883233,0.27850466331502255,0.31276747467635396,2.0,2.0,3.0,1.8597207021642133,1.4719659322320169,1.9970056694126979,,,,1.0382224513595943,263
355,7,main,laplace,power_law,0.5,0,742,proportional,50,0.0,False,120.6253969669342,10.9659451788122,1.0,0.12717,2.0,0.8390231668837496,0.07964013333333333,0.016586933333333335,5.557,123.558,5.559666666666667,0.0449748296346655,1.0996213529246388,1.077303060919598,1.1445590272235944,0.16896674112635549,0.1563292925398922,0.17816929628655553,0.0036673510887957643,0.0033356746826200268,0.0038771090510040574,0.640932863225576,0.6333168653772365,0.650300669807975,0.2787573320088369,0.24985390218642134,0.29529854467205796,2.0,2.0,3.0,1.8721755510355333,1.4913084454923178,1.9975632301288382,,,,0.9261220580158664,248
356,7,main,laplace,power_law,0.5,1,743,proportional,50,0.0,False,123.61600518226624,11.237818652933294,1.0,0.12717,2.0,0.8538089058760021,0.09392946666666667,0.019503066666666666,5.279,123.33366666666667,5.267666666666667,0.04280258702003508,1.0743133526951079,1.0383913408281642,1.116683577227205,0.1745204607998279,0.16665297359365355,0.18838044009112576,0.0038367579979219158,0.0036295864060251343,0.00422976581979919,0.6606849498826662,0.6466116602223579,0.6652179205432776,0.28931886621214686,0.2645856231881262,0.2999042436948236,2.0,2.0,3.0,1.8860800499082204,1.507724873637617,1.9984065454048383,,,,0.8464161533297377,245
357,7,main,laplace,power_law,0.5,2,744,proportional,50,0.0,False,121.46898603439331,11.042635094035756,1.0,0.12717,2.0,0.8456354537091239,0.08879533333333334,0.018736533333333333,5.408666666666667,123.71266666666666,5.408333333333333,0.043719586784430595,1.1084605427791616,1.048822392282964,1.1561900998352002,0.17260745756522006,0.1580341315479076,0.18641206099502103,0.0037762379422343617,0.0034020967674381532,0.004088103321357875,0.6537767251089289,0.631071167990801,0.6636323171815698,0.2829932032746772,0.2641243503849035,0.2959928029489114,2.0,2.0,3.0,1.8899622951501789,1.5224987949632536,1.9986419174422403,,,,1.089181419936601,242
358,7,main,laplace,power_law,0.5,3,745,proportional,50,0.0,False,124.2860996723175,11.298736333847046,1.0,0.12717,2.0,0.8570234786330935,0.09641813333333334,0.019562933333333334,5.131333333333333,123.38933333333334,5.132,0.0415865228760995,1.0900559330597073,1.0329133107572532,1.1085769768530027,0.17243732051030103,0.1581972578766377,0.1805349107622572,0.003769808946858684,0.003513186044367563,0.003938239467757398,0.652515124350151,0.6413685922208304,0.6650061985042206,0.27857088153702464,0.27144621789530177,0.3010820678696082,2.0,2.0,3.0,1.9004913371480803,1.512039024096903,1.9988567158595942,,,,0.8997509241610964,246
359,7,main,laplace,power_law,0.5,4,746,proportional,50,0.0,False,121.9939374923706,11.090357953851873,1.0,0.12717,2.0,0.8482046766987699,0.08379626666666666,0.016911466666666666,5.417333333333334,123.446,5.404333333333334,0.04388423548218114,1.0753157072217203,1.0423101708013338,1.1293540329816443,0.17854440992449616,0.16234589550916526,0.1897580462782544,0.003842038164453042,0.0035811469127028745,0.004138496759155476,0.6546143752610463,0.6397622296592198,0.6641853479785818,0.2729783405723626,0.2573970880191602,0.2923443902910352,2.0,2.0,3.0,1.8748628880659801,1.493687609723951,1.9979611663414185,,,,0.7899948522768954,258
360,8,main,t3,linear,0.0,0,842,proportional,50,0.0,False,121.7391471862793,11.067195198752664,1.0,0.12717,,,0.14049853333333334,0.0,0.0,125.125,0.0,0.0,0.9967466654749861,0.9582478270795568,1.025451058731522,0.20778109721688362,0.19649338864310525,0.22113383989905167,0.004155621944337672,0.003929867772862103,0.004422676797981032,0.6845390997316334,0.676514638288907,0.6955436268582215,0.0,0.0,0.0,,,,,,,,,,,0
361,8,main,t3,linear,0.0,1,843,proportional,50,0.0,False,119.19531726837158,10.835937933488326,1.0,0.12717,,,0.11985826666666667,0.0,0.0,125.106,0.0,0.0,0.9780323043522873,0.9645822215386441,1.0015406818332715,0.20513913620873106,0.19382730514666574,0.21101264820515253,0.0041027827241746214,0.0038765461029333153,0.004220252964103048,0.6841977769536016,0.6777693185559474,0.6933190232124906,0.0,0.0,0.0,,,,,,,,,,,0
362,8,main,t3,linear,0.0,2,844,proportional,50,0.0,False,123.68088555335999,11.24371686848727,1.0,0.12717,,,0.1404112,0.0,0.0,125.13633333333334,0.0,0.0,0.9946320905450498,0.9618024356078532,1.038476676032898,0.20416846511139508,0.18985251923641527,0.21688786233674834,0.004083369302227901,0.0037970503847283054,0.004337757246734967,0.6820948508381081,0.6691299757534865,0.6951991156198685,0.0,0.0,0.0,,,,,,,,,,,0
363,8,main,t3,linear,0.0,3,845,proportional,50,0.0,False,119.36883664131165,10.851712421937423,1.0,0.12717,,,0.12537573333333332,0.0,0.0,124.87,0.0,0.0,1.0002456963505626,0.9720828015884517,1.0285306032822552,0.1958825699594465,0.1841845697177908,0.2072252499491534,0.003917651399188929,0.0036836913943558147,0.004144504998983067,0.6767445227382856,0.668233947476446,0.6885609690311357,0.0,0.0,0.0,,,,,,,,,,,0
364,8,main,t3,linear,0.0,4,846,proportional,50,0.0,False,123.54117584228516,11.231015985662287,1.0,0.12717,,,0.14265786666666666,0.0,0.0,125.13733333333333,0.0,0.0,0.9921551894351678,0.9580357103174726,1.0332275441346255,0.21064933323429097,0.2003719218271781,0.220612387092526,0.004212986664685818,0.004007438436543562,0.0044122477418505205,0.6869502432993524,0.6732745392565878,0.697762639730583,0.0,0.0,0.0,,,,,,,,,,,0
365,8,main,t3,linear,0.01,0,842,proportional,50,0.0,False,128.60330724716187,11.691209749741988,1.0,0.12717,2.0,0.8615854185000693,0.13483146666666668,0.0056090666666666665,0.975,124.808,0.979,0.007811999230818537,0.9967992960540116,0.9543884686428162,1.0257165726260797,0.20773658344024276,0.19639417048136654,0.22113477888933453,0.004271831558595327,0.004012725988067291,0.004609483460792241,0.6853640389490321,0.6782632829518731,0.6975688640885404,0.06453795188100933,0.05245696280887928,0.07350958976619715,2.0,2.0,2.0,1.7727562072724055,1.4102164733936016,1.9673904704548906,,,,0.6625400702991129,63
366,8,main,t3,linear,0.01,1,843,proportional,50,0.0,False,122.49497079849243,11.135906436226584,1.0,0.12717,2.0,0.8482170814220475,0.1163252,0.0034918666666666665,0.7203333333333334,124.59333333333333,0.7243333333333334,0.005781475734389213,0.9776599275013367,0.9673969066670269,1.0006491481077584,0.20516070572622494,0.19381257100755855,0.21108858045619147,0.004155241104501228,0.003919407272080455,0.004285494074360088,0.6852337513124181,0.6777987078816253,0.6932007073155582,0.04298397591207877,0.03726419059172246,0.05466579304560554,2.0,2.0,2.0,1.749304505501551,1.3982328533290675,1.964592254935499,,,,1.3664020525154876,40
367,8,main,t3,linear,0.01,2,844,proportional,50,0.0,False,127.56365847587585,11.596696225079624,1.0,0.12717,2.0,0.8568749763331336,0.13469026666666667,0.0056652,0.9746666666666667,124.958,0.9706666666666667,0.0077999541179169535,0.9944888138138033,0.9632250558465514,1.0368717759597692,0.20434946995555328,0.18976655831744435,0.2168381119470026,0.004169907378097613,0.00384324372865781,0.004412672128068563,0.68415969851302,0.6738272827910009,0.6970644433752557,0.06891095080810944,0.05316271936060504,0.07686675723529035,2.0,2.0,2.0,1.777375179875599,1.4160438703681855,1.9670045682992767,,,,0.9275188563331683,62
368,8,main,t3,linear,0.01,3,845,proportional,50,0.0,False,121.25989818572998,11.023627107793635,1.0,0.12717,2.0,0.857494611934998,0.12099933333333333,0.004325733333333333,0.833,124.943,0.8293333333333334,0.006667040170317664,0.999887703253393,0.9720921155301421,1.0280201567159675,0.1957853142409465,0.18420514064671986,0.20722938118579254,0.003974734202619092,0.0038157495613377166,0.004169953909949656,0.6769070361665146,0.6707828256569066,0.6905879775992452,0.050596318462780177,0.04444323086642473,0.05840258297049917,2.0,2.0,2.0,1.7663927112664506,1.4563337784179575,1.96025164940205,,,,0.9627107265629771,52
369,8,main,t3,linear,0.01,4,846,proportional,50,0.0,False,124.56995248794556,11.324541135267777,1.0,0.12717,2.0,0.8562297812914049,0.1371476,0.005447866666666666,0.9453333333333334,124.84566666666667,0.935,0.007572015581905125,0.9896901365927666,0.9574715330056569,1.0342316939272909,0.2106354986453277,0.20039927197599025,0.2205052135347938,0.004237622095753553,0.004089963303093403,0.00447954861063558,0.6882914922945813,0.6730728259919629,0.7001737652323344,0.06808655186908225,0.0538123217183505,0.07736786321433653,2.0,2.0,2.0,1.7654531102810695,1.4150790100790045,1.9685422392032632,,,,1.024835873102631,60
370,8,main,t3,linear,0.02,0,842,proportional,50,0.0,False,125.55737662315369,11.414306965741245,1.0,0.12717,2.0,0.8518639321594728,0.13011786666666667,0.0101896,1.8456666666666666,125.07833333333333,1.8473333333333333,0.014756086185990112,0.997486387607686,0.9533507566796651,1.0252212524435025,0.20746617037141724,0.1962869456917459,0.220962453200486,0.004333281481902384,0.004064727244069607,0.004551802865882495,0.6860901878582982,0.676335522141498,0.6971007544637724,0.12228269698369412,0.11467395247702988,0.13361794150480155,2.0,2.0,2.0,1.7884376578568317,1.422019925586127,1.9793605998305912,,,,0.7862182335013734,116
371,8,main,t3,linear,0.02,1,843,proportional,50,0.0,False,121.66897106170654,11.06081555106423,1.0,0.12717,2.0,0.8612639247778344,0.1117128,0.0079628,1.8263333333333334,124.44666666666667,1.8333333333333333,0.014675630792307279,0.9790128145426269,0.9636015013846007,0.9964455053313428,0.2048274159653704,0.1936491437145757,0.21118132656947972,0.004198517162213356,0.004007246557566882,0.0043544356127516405,0.687181654288896,0.681791600244119,0.695084872448138,0.09454333153576487,0.08731652301570955,0.11317428772816984,2.0,2.0,2.0,1.8118736145993055,1.4724077712351071,1.9790942966227218,,,,1.0939170063137276,97
372,8,main,t3,linear,0.02,2,844,proportional,50,0.0,False,125.25671148300171,11.386973771181973,1.0,0.12717,2.0,0.8537727321700421,0.13055693333333335,0.0096612,1.8066666666666666,124.57966666666667,1.7963333333333333,0.014502099058433826,0.9939821310936882,0.9706162040665433,1.0356679068096746,0.2039861169098236,0.1897169587779209,0.21673309644632766,0.00424442472870345,0.003933363014742909,0.004445532610021648,0.6852886605597406,0.6707718331915175,0.6991453569149672,0.12221470416938968,0.09953080014796438,0.13948479820908627,2.0,2.0,2.0,1.791921415998778,1.4387573282060462,1.972012560165079,,,,0.8440956257699342,109
373,8,main,t3,linear,0.02,3,845,proportional,50,0.0,False,122.36107349395752,11.123733953996139,1.0,0.12717,2.0,0.8584910577487245,0.11647226666666667,0.008727333333333333,1.8516666666666666,124.48766666666667,1.841,0.014874298123241123,1.0068623826135197,0.973481652249782,1.028518656813666,0.19600865307283105,0.18409468750175068,0.20728480719609213,0.004021567455976617,0.0038051732305498832,0.004264775413984239,0.6779638453697183,0.6730684202100886,0.6893577669412347,0.10423294054434906,0.08866081887371116,0.12202845288862878,2.0,2.0,2.0,1.817721289937726,1.4484303371113871,1.9814782237989852,,,,0.949269811222852,116
374,8,main,t3,linear,0.02,4,846,proportional,50,0.0,False,125.12326431274414,11.374842210249467,1.0,0.12717,2.0,0.8557620361265884,0.13197186666666666,0.0105112,1.786,124.85466666666666,1.775,0.014304631518245214,0.9876590296388024,0.9553715802392022,1.0364421027470907,0.21055038733870435,0.20028346442058453,0.22069767331042622,0.0043453207485975994,0.0040748153926144495,0.0047012211744903235,0.6884825088681479,0.6765137503132953,0.7040504620199063,0.1169421362538507,0.09405936175019569,0.13036901359161512,2.0,2.0,2.0,1.8008171351732514,1.4295794026219406,1.977752910276896,,,,0.936018856152678,119
375,8,main,t3,linear,0.05,0,842,proportional,50,0.0,False,125.2796277999878,11.389057072726162,1.0,0.12717,2.0,0.8390623289297475,0.12570346666666668,0.014131066666666667,2.678,124.384,2.6656666666666666,0.02153010033444816,0.9991816806555205,0.9528757763116009,1.0225810861615625,0.2073597770334794,0.19554963493444788,0.21975134178236178,0.004355972778631059,0.004050243953047431,0.004730375261220521,0.6886616801890504,0.6819709983164169,0.7002429987650921,0.17014753021368853,0.15704831430550253,0.19118816404016475,2.0,2.0,2.0,1.8096670014065939,1.4357218996926866,1.9831380448263976,,,,0.9729893375739573,146
376,8,main,t3,linear,0.05,1,843,proportional,50,0.0,False,121.4612729549408,11.041933904994618,1.0,0.12717,2.0,0.8545187729198547,0.107018,0.012242266666666666,2.9606666666666666,124.34733333333334,2.9713333333333334,0.0238096514601573,0.9818403958390209,0.9637960876707703,1.0100088612444174,0.20382420721719446,0.19339752192681253,0.21056668484595506,0.004244469363408047,0.004027395370999712,0.0044459019594783,0.6910435284356093,0.6813018419622614,0.6965528138151841,0.1540154509928556,0.14750505738765468,0.17007301469333003,2.0,2.0,2.0,1.8337203696233237,1.48393171954376,1.9886087834731994,,,,0.9498105755299467,153
377,8,main,t3,linear,0.05,2,844,proportional,50,0.0,False,124.9456832408905,11.35869847644459,1.0,0.12717,2.0,0.837109410654689,0.1262772,0.013545866666666666,2.5856666666666666,124.432,2.5886666666666667,0.020779756547083278,1.001758106332662,0.9684844618042727,1.0374423149763818,0.20419114927558718,0.18894430974398616,0.21638996056037285,0.004296768605765977,0.004037411442030665,0.00445977642602215,0.688463311469822,0.676647522743095,0.7000730112992217,0.1738642422120982,0.15066495474995323,0.19192925690151652,2.0,2.0,2.0,1.808016954396204,1.4227939440003592,1.9845782804831318,,,,0.8160949553437804,117
378,8,main,t3,linear,0.05,3,845,proportional,50,0.0,False,122.84319925308228,11.167563568462025,1.0,0.12717,2.0,0.8394607943490187,0.11192,0.012866133333333333,2.956,124.442,2.9473333333333334,0.023754038025746934,1.0026730280045602,0.9775684974215287,1.0211419297330047,0.19524212783394873,0.18403744131201435,0.20586377353195945,0.0041100341866645036,0.003867199024831334,0.0043941118031919635,0.6787229301327218,0.6733525239543383,0.6909742967275845,0.1724750788013276,0.13995025285946347,0.18999550283273353,2.0,2.0,2.0,1.8137392333492908,1.4379446752564924,1.985904691475516,,,,0.9595589936392039,133
379,8,main,t3,linear,0.05,4,846,proportional,50,0.0,False,125.03284549713135,11.366622317921031,1.0,0.12717,2.0,0.8362402324079161,0.12770453333333334,0.0143196,2.5886666666666667,124.346,2.573,0.020818254440566376,0.9965908414020421,0.9548906871941125,1.0391871363147667,0.21008744626273912,0.20031360092917116,0.2198064249448214,0.004422579155925891,0.004171793350830422,0.004611782800714427,0.6919191266506569,0.6774423932935839,0.7062529189785061,0.16924815978333047,0.14732757871832305,0.17998329999041435,2.0,2.0,2.0,1.8090275521251211,1.4403313267595141,1.9885496761571573,,,,0.9845728538735345,166
380,8,main,t3,linear,0.1,0,842,proportional,50,0.0,False,126.28296279907227,11.480269345370205,1.0,0.12717,2.0,0.835805772066728,0.1226888,0.0164696,3.109,124.18866666666666,3.103666666666667,0.02503449053322096,1.0110739094117869,0.9581772204727812,1.0319360119875034,0.20668677221408455,0.19476721532211977,0.21810431436987737,0.00442211860299151,0.004181785281135959,0.0046229458885925084,0.6898813942455597,0.6802213561264172,0.701084872266283,0.20317787846539725,0.18616080979521454,0.22751116157008208,2.0,2.0,2.0,1.8250959276000676,1.4484452913056791,1.9915171960570826,,,,0.7578056155828854,167
381,8,main,t3,linear,0.1,1,843,proportional,50,0.0,False,124.04017686843872,11.276379715312611,1.0,0.12717,2.0,0.8427763004503986,0.104028,0.014462533333333333,3.570666666666667,124.07433333333333,3.586,0.028778447328617524,0.9864091540789863,0.9646751934086427,1.0243806809671647,0.2031379163808055,0.19309733106147417,0.2094069473578475,0.004322301243429198,0.004076608057648181,0.004454481711584238,0.6896779391626233,0.6803731076005629,0.696712742419315,0.20395195945029826,0.19220291179305177,0.22214546402330573,2.0,2.0,2.0,1.8392208363823443,1.4644755076163696,1.9903942599927096,,,,0.9236824159989985,172
382,8,main,t3,linear,0.1,2,844,proportional,50,0.0,False,126.25543737411499,11.477767034010453,1.0,0.12717,2.0,0.8314052102495495,0.1227468,0.01629,3.1273333333333335,124.22566666666667,3.121,0.025174615015147166,0.9926043501925406,0.9763350284537283,1.0376961192541097,0.20369770751147254,0.18999646293337105,0.21575912510784653,0.004422583318477084,0.003989830335444096,0.004522374163854963,0.6893949251186658,0.6733008921243556,0.6975656700429445,0.19956425809517636,0.19010038729874412,0.21241403199912967,2.0,2.0,2.0,1.8158502875353673,1.4339435853889961,1.9891435074927402,,,,0.9704239620962112,168
383,8,main,t3,linear,0.1,3,845,proportional,50,0.0,False,123.18315720558167,11.19846883687106,1.0,0.12717,2.0,0.826813507101073,0.108888,0.015275733333333333,3.5483333333333333,124.283,3.5323333333333333,0.028550431944299168,1.007954244867486,0.9594983235461341,1.0348318100516476,0.1949849851524283,0.18379281035727696,0.206314607498075,0.004186999905120921,0.003950184318257036,0.004404174062421258,0.681602758629108,0.6760707029609536,0.6946606305624906,0.20654018206624108,0.1865278889688119,0.2248971634602917,2.0,2.0,2.0,1.8133693128522634,1.453495983390796,1.9912087385849917,,,,0.9658297672130869,167
384,8,main,t3,linear,0.1,4,846,proportional,50,0.0,False,126.3432981967926,11.4857543815266,1.0,0.12717,2.0,0.833495245706473,0.1250444,0.016262533333333332,3.0446666666666666,124.477,3.037333333333333,0.024459672603506403,0.996074804647628,0.9557773662517572,1.0386038135940785,0.20819880186972925,0.1980734479930622,0.21954030545013536,0.004421841092757938,0.004191482336461726,0.004694623658427582,0.6893074489396537,0.6783857744441575,0.7040143185216925,0.19450648198432802,0.18120507976146327,0.21862699672732702,2.0,2.0,2.0,1.8239715448748763,1.4390658119057076,1.9914945107875683,,,,1.0020684425744422,169
385,8,main,t3,linear,0.2,0,842,proportional,50,0.0,False,124.96958017349243,11.36087092486295,1.0,0.12717,2.0,0.8478768662168381,0.11783653333333333,0.019567066666666667,3.732,124.11733333333333,3.731,0.030068322447576488,1.0127998069387627,0.9658773768564837,1.038111644581245,0.2039342838860088,0.19106206823405822,0.21943129872683878,0.004428090997390379,0.0041694223498326115,0.004733089479132808,0.6897478996067898,0.6761986982540095,0.6980928214428175,0.22889507759358171,0.21261387919377517,0.25238455088337464,2.0,2.0,3.0,1.8505017333504337,1.4832295355108838,1.9952813152504216,,,,0.8207585476804244,185
386,8,main,t3,linear,0.2,1,843,proportional,50,0.0,False,121.98478388786316,11.08952580798756,1.0,0.12717,2.0,0.8386883326834342,0.10033053333333333,0.016419866666666668,4.199,124.03,4.1963333333333335,0.033854712569539626,0.9925648596031318,0.9641008813360873,1.0130019947608981,0.20089054427009995,0.1927691193011196,0.20804098547960198,0.004408880986754718,0.004126615191382486,0.004615037468536974,0.6899875344745977,0.6813812269364401,0.6946955992740382,0.24103113045153157,0.22996241845736431,0.2584192045255071,2.0,2.0,3.0,1.8369547390977077,1.4584459581597553,1.9932350132876173,,,,1.021515724214836,204
387,8,main,t3,linear,0.2,2,844,proportional,50,0.0,False,191.92279076576233,17.44752643325112,1.0,0.12717,2.0,0.8392779475720668,0.11830786666666666,0.018984,3.73,124.36933333333333,3.725,0.029991316187270176,0.9984054048693559,0.9721862977919304,1.0519321538691138,0.2017955918937585,0.18932101269377538,0.2130369563334187,0.00436564298637632,0.0039876087418314506,0.004710328938697693,0.6849524668220518,0.6711893927429827,0.698937397741269,0.2154457964840416,0.19622993296548344,0.2607548472468594,2.0,2.0,3.0,1.8513971831756857,1.4742973068044603,1.994896391911316,,,,0.9376970849764477,198
388,8,main,t3,linear,0.2,3,845,proportional,50,0.0,False,187.6205632686615,17.05641484260559,1.0,0.12717,2.0,0.8262010935302204,0.10477253333333333,0.017521066666666668,4.137333333333333,123.881,4.1273333333333335,0.033397642361083085,1.013473953926408,0.9804618650993248,1.038801104215293,0.19179639389692615,0.18192367449255364,0.20301318766948678,0.0041396020805785395,0.00391977722610584,0.004389179416951068,0.6797653518697928,0.6723701445779504,0.6898291406135687,0.24038372066573732,0.21753176326690413,0.2561275938871622,2.0,2.0,3.0,1.8513147542227841,1.4603322422649652,1.9955561381763562,,,,0.8888757559963909,192
389,8,main,t3,linear,0.2,4,846,proportional,50,0.0,False,191.92631077766418,17.44784643433311,1.0,0.12717,2.0,0.8404041707118434,0.1204448,0.0191204,3.604,124.01933333333334,3.587,0.029059985271113645,1.0037476006494293,0.9661512169946003,1.0373264013980152,0.2070494936132548,0.19587410920036563,0.21895121672195608,0.004493009534197026,0.004211934401236059,0.0046825947641064986,0.6903302141318197,0.6760320612977218,0.6981788899401898,0.22720634740179596,0.2124163408383309,0.24793323841308706,2.0,2.0,3.0,1.8438904100220648,1.4508748917387786,1.9951476842156748,,,,0.9403595375414721,201
390,8,main,t3,linear,0.3,0,842,proportional,50,0.0,False,125.86777877807617,11.44252534346147,1.0,0.12717,2.0,0.8507628271917957,0.11469226666666667,0.020908666666666666,4.119666666666666,123.906,4.1146666666666665,0.033248322653194086,1.0073111165548876,0.9785021403256557,1.0389952912924536,0.20437279958266824,0.18797362782510824,0.21945639752838592,0.004381513261627102,0.004145954411150432,0.004736029360134769,0.6845901252967981,0.6742857334947637,0.6970037279003193,0.2440194856861232,0.23019759725938765,0.26667861782733504,2.0,2.0,3.0,1.878235779514712,1.4898672313333083,1.997286813374214,,,,0.9193101355623499,218
391,8,main,t3,linear,0.3,1,843,proportional,50,0.0,False,187.62709379196167,17.05700852654197,1.0,0.12717,2.0,0.8324007167808276,0.0972052,0.017819066666666668,4.6433333333333335,123.32933333333334,4.646,0.03764986972550461,0.996569287796299,0.9717203306521729,1.032535051890295,0.19992413861148053,0.18682369907888194,0.2064051432418311,0.004362705445807532,0.004076821928830055,0.004579984267258729,0.686154516734439,0.6788714851136044,0.6913792265937962,0.26150875609841495,0.24344652711800457,0.2744300879654492,2.0,2.0,3.0,1.8566559898070505,1.470994600587707,1.9961998544256452,,,,1.0106978181141408,210
392,8,main,t3,linear,0.3,2,844,proportional,50,0.0,False,191.90923833847046,17.446294394406404,1.0,0.12717,2.0,0.8494030602916994,0.11487053333333333,0.020668133333333335,4.121,123.829,4.115333333333333,0.03327976483699296,1.0128629939933056,0.9683644529992379,1.0413461462255504,0.2004768387409599,0.18542205171479995,0.20829966276699408,0.004277517254477673,0.00405649900355908,0.004486241014218984,0.684333025289581,0.6693407083259413,0.6988589967451032,0.2531210389579327,0.23403443862371373,0.26757375614099976,2.0,2.0,3.0,1.8727022466720713,1.4784669624540379,1.9973432257787973,,,,0.8946507287851005,215
393,8,main,t3,linear,0.3,3,845,proportional,50,0.0,False,191.9097776412964,17.446343421936035,1.0,0.12717,2.0,0.8419589791722417,0.1017588,0.0190012,4.535,123.75633333333333,4.525333333333333,0.03664458923314363,1.0145465885705198,0.988234378768111,1.0436930977842134,0.19235137983291922,0.18300707703825167,0.20189660622361535,0.00416777117731712,0.004002181757400355,0.004359234707883877,0.682064187453336,0.6716124543886599,0.6867018805635692,0.25664156149086814,0.23422750724542873,0.26686952923156937,2.0,2.0,3.0,1.867985836584666,1.491427866986808,1.9975739968079393,,,,0.9410738065633955,220
394,8,main,t3,linear,0.3,4,846,proportional,50,0.0,False,191.90146327018738,17.445587570017036,1.0,0.12717,2.0,0.851653762552374,0.11694733333333333,0.020866,3.9936666666666665,123.982,3.9743333333333335,0.03221166513418614,1.0100780234593827,0.9624814307704677,1.0461742943701273,0.20725979026508426,0.1922110567768365,0.21816705545178028,0.004407376768606788,0.004196989503677013,0.004738041199636889,0.6881453782780054,0.6735751419513154,0.7002228730511827,0.24575867511158705,0.21069134041376827,0.26340874842474793,2.0,2.0,3.0,1.870014369100715,1.47672232433196,1.9977966355285028,,,,0.9017847540795471,219
395,8,main,t3,linear,0.4,0,842,proportional,50,0.0,False,191.90413880348206,17.44583080031655,1.0,0.12717,2.0,0.8615409886498295,0.1119808,0.0219076,4.419333333333333,123.71166666666667,4.435,0.03572285017581203,1.0123953214034267,0.9698219204423131,1.0341377853823492,0.20212627872446365,0.18767904305015626,0.2143626205548222,0.004437848616236173,0.0041999736178816895,0.004717232178735565,0.6877052728915227,0.674744571732311,0.6988579050816297,0.2657394897543416,0.25038639252249567,0.2880164313313347,2.0,2.0,3.0,1.8997015012343517,1.5288456196550388,1.9993672906301838,,,,0.9271998185946189,207
396,8,main,t3,linear,0.4,1,843,proportional,50,0.0,False,187.64333581924438,17.058485074476764,1.0,0.12717,2.0,0.8518212838764166,0.09541586666666667,0.018313733333333332,4.767333333333333,123.536,4.776666666666666,0.03859064024521867,0.9891435162679529,0.9670974085458333,1.0436785052824424,0.19600526533329526,0.1907807161359994,0.20838200880280716,0.004276087762596362,0.004135889515747706,0.004576888234937602,0.6851986215513882,0.6764816336858551,0.6894471951103387,0.2679218415219202,0.23645646949138135,0.28853751941158673,2.0,2.0,3.0,1.882133942754129,1.5042230662916392,1.9981078047711867,,,,0.9021220446201139,225
397,8,main,t3,linear,0.4,2,844,proportional,50,0.0,False,187.6463761329651,17.05876146663319,1.0,0.12717,2.0,0.8583403187498362,0.1127276,0.0214056,4.3726666666666665,123.77333333333333,4.374,0.03532801895938813,1.0080593287198636,0.9759381409647391,1.0544935002985547,0.19707073869453332,0.18363364466549018,0.21211623283265002,0.004256247307206907,0.004043539913374487,0.004690948735328008,0.6840931400004882,0.6707513094074915,0.697313287078608,0.2442990400517714,0.23460012241632722,0.2665864493259892,2.0,2.0,3.0,1.8945923372179023,1.5108247882315682,1.9988905985846936,,,,0.8320262387100937,195
398,8,main,t3,linear,0.4,3,845,proportional,50,0.0,False,187.62786865234375,17.057078968394887,1.0,0.12717,2.0,0.8470661714254561,0.09953733333333334,0.019878133333333332,4.7556666666666665,123.518,4.763,0.038501810802204266,1.0231355954575387,0.9891844457006713,1.0474041845396889,0.19075964792671743,0.18433538674758065,0.20131444057206174,0.00413837766719411,0.0040070034080118295,0.004287019166766364,0.6741583766732122,0.6672952669878123,0.6864234813089508,0.25314260089141094,0.23523804406808396,0.26430056816245007,2.0,2.0,3.0,1.884322625484996,1.5055568010384754,1.999033422992659,,,,0.9930117606090589,215
399,8,main,t3,linear,0.4,4,846,proportional,50,0.0,False,187.62968850135803,17.057244409214366,1.0,0.12717,2.0,0.8596742811524627,0.1139532,0.021961733333333334,4.4046666666666665,123.688,4.386666666666667,0.035611107517840586,1.013362217245784,0.957444625030276,1.049531420994735,0.20372089341096894,0.18905631028784542,0.21280899749918078,0.00447511921352288,0.0041908927128075256,0.004709426113992055,0.6876681920981429,0.6703936866408249,0.6994067411512944,0.2580255422743622,0.23101077195624622,0.28264783331342813,2.0,2.0,3.0,1.8950469409864523,1.5311647237505013,1.999299618220807,,,,0.9137080321996507,223
400,8,main,t3,linear,0.5,0,842,proportional,50,0.0,False,187.65090489387512,17.059173172170464,1.0,0.12717,2.0,0.8751098975601042,0.1108008,0.021454266666666666,4.511666666666667,123.52766666666666,4.508666666666667,0.036523531840370445,1.0372977102546876,0.9827105479031478,1.0593449910363941,0.19333785560620892,0.18181626924110875,0.21574558991440543,0.004240887334290287,0.0039861739803638,0.004754890561314441,0.6810938825162254,0.6686319382170146,0.6935802201083345,0.26142069075791985,0.23349991418193317,0.2797545799819283,2.0,2.0,3.0,1.9092465545012014,1.5482466568985997,1.9993098375637541,,,,0.9471148133158923,221
401,8,main,t3,linear,0.5,1,843,proportional,50,0.0,False,187.63946294784546,17.058132995258678,1.0,0.12717,2.0,0.8645772474142117,0.09457293333333333,0.018229066666666665,4.739333333333334,123.15233333333333,4.744666666666666,0.03848350416963273,0.9983656704829037,0.970053003656401,1.024410014403701,0.19083498114130065,0.1859012187338143,0.20203167979946454,0.00421189054952768,0.00403284656296752,0.004336727260132971,0.6795829229884289,0.6718385377488345,0.686039240202736,0.2474743530192984,0.22879453332994054,0.27357044957865656,2.0,2.0,3.0,1.8977254798757202,1.5253929136238005,1.9987036991364628,,,,0.9701257643452859,226
402,8,main,t3,linear,0.5,2,844,proportional,50,0.0,False,187.63453125953674,17.057684659957886,1.0,0.12717,2.0,0.8716086713877136,0.11077546666666667,0.022053066666666666,4.519333333333333,123.576,4.509333333333333,0.036571286765499235,1.02271157170772,0.9798661415964698,1.0473132174263073,0.20022371983483508,0.1856107859888844,0.21329203875725794,0.0043348602855715086,0.004101999152396033,0.004656772478472911,0.683245137982165,0.6700447941927266,0.6978561796516677,0.2597447588041579,0.22706174526660777,0.27841061680447604,2.0,2.0,3.0,1.9179952178070374,1.5426539664334151,1.9998315123296337,,,,0.8023371396916783,226
403,8,main,t3,linear,0.5,3,845,proportional,50,0.0,False,187.62212681770325,17.05655698342757,1.0,0.12717,2.0,0.8707731680985513,0.09865786666666666,0.019672133333333335,4.737666666666667,123.19466666666666,4.725,0.03845675137451838,1.012202021457841,0.991950052642292,1.0405250372301955,0.19013598744960372,0.18387907724122948,0.2023961052465965,0.004135410405510156,0.004013132230610661,0.004336454990361373,0.6741124622896685,0.6624378279436309,0.6835571371070217,0.23815604988075895,0.21664078908942896,0.254104848673795,2.0,2.0,3.0,1.9042347614754047,1.5465028909463356,1.9993009700338504,,,,0.9154306193635402,218
404,8,main,t3,linear,0.5,4,846,proportional,50,0.0,False,191.9155731201172,17.446870283647016,1.0,0.12717,2.0,0.8764674453626125,0.11254186666666667,0.021594933333333333,4.406333333333333,123.68033333333334,4.386666666666667,0.03562679057031433,1.0234697150798175,0.9767271136166161,1.0472066507545974,0.19982998773749377,0.18435752118030763,0.21369356269585718,0.00432031803479674,0.004109817264428816,0.004641192136593539,0.6826079273112213,0.6727435990391071,0.698735258002556,0.25292147846103213,0.23660057625713912,0.28704380663441387,2.0,2.0,3.0,1.9160570291357892,1.5417288101440407,1.9993072724983607,,,,0.9493436719945341,229
405,9,main,t3,quadratic,0.0,0,942,proportional,50,0.0,False,191.90179634094238,17.445617849176582,1.0,0.12717,,,0.128724,0.0,0.0,124.72666666666667,0.0,0.0,0.9973149189131911,0.9535121675649817,1.0349920783870168,0.2040311290257394,0.18806926591069703,0.21692057194576447,0.004080622580514787,0.0037613853182139395,0.00433841143891529,0.6778123752485049,0.6720108437032671,0.6933084760545328,0.0,0.0,0.0,,,,,,,,,,,0
406,9,main,t3,quadratic,0.0,1,943,proportional,50,0.0,False,120.67482113838196,10.97043828530745,1.0,0.12717,,,0.13427093333333334,0.0,0.0,124.71233333333333,0.0,0.0,0.9961870311742782,0.9360485569075497,1.0659873118951617,0.20671533444057988,0.18874855856724887,0.21651155198577762,0.004134306688811596,0.0037749711713449758,0.0043302310397155515,0.6819795419941933,0.6704446676878116,0.6990234361296987,0.0,0.0,0.0,,,,,,,,,,,0
407,9,main,t3,quadratic,0.0,2,944,proportional,50,0.0,False,122.04983353614807,11.095439412377097,1.0,0.12717,,,0.142234,0.0,0.0,124.758,0.0,0.0,1.003316170981345,0.9673506510013822,1.04471851512575,0.2015800302171019,0.19449869033403547,0.22517455017074567,0.004031600604342036,0.0038899738066807093,0.0045034910034149125,0.6871114142770189,0.677308566225204,0.694405438462568,0.0,0.0,0.0,,,,,,,,,,,0
408,9,main,t3,quadratic,0.0,3,945,proportional,50,0.0,False,120.72648596763611,10.975135087966919,1.0,0.12717,,,0.14287826666666667,0.0,0.0,124.901,0.0,0.0,0.9690751146997967,0.9299394368358599,1.033349182229,0.21481668251473374,0.19908443235528905,0.22460741688871555,0.004296333650294675,0.003981688647105782,0.00449214833777431,0.685867966196845,0.6773219996861896,0.7032703531633433,0.0,0.0,0.0,,,,,,,,,,,0
409,9,main,t3,quadratic,0.0,4,946,proportional,50,0.0,False,120.83120656013489,10.984655141830444,1.0,0.12717,,,0.14177653333333334,0.0,0.0,124.64266666666667,0.0,0.0,0.9755220220616432,0.9445066269180743,1.0234717582322104,0.20978058217061724,0.20248268064310368,0.21991315063771213,0.004195611643412343,0.004049653612862074,0.004398263012754243,0.6867622288295572,0.6813691756845885,0.6961631596900733,0.0,0.0,0.0,,,,,,,,,,,0
410,9,main,t3,quadratic,0.01,0,942,proportional,50,0.0,False,125.2829053401947,11.389355030926792,1.0,0.12717,2.0,0.8448796352869562,0.12479946666666666,0.0038752,0.7686666666666667,124.73133333333334,0.7663333333333333,0.0061625787693014855,0.9961061179554402,0.9539568079419829,1.0364912870878578,0.20397462278594858,0.1880450773006424,0.21689954916487636,0.0041285616393919485,0.0037769640992112758,0.004402163051526714,0.6783809211078523,0.6722022037824735,0.6954201611576745,0.04518384763321681,0.03668278814461035,0.05520818539311115,2.0,2.0,2.0,1.8015308990198156,1.4327674948926628,1.9771112464720444,,,,1.0166855932620895,43
411,9,main,t3,quadratic,0.01,1,943,proportional,50,0.0,False,127.88530898094177,11.625937180085616,1.0,0.12717,2.0,0.8579593112402587,0.1298184,0.004404933333333333,0.7936666666666666,124.59733333333334,0.7983333333333333,0.0063698527523328476,0.9974149873976556,0.9351429524984143,1.0639653965753917,0.20665051505551768,0.18882764822463977,0.2164475444896175,0.004200308586432905,0.0038315990974411044,0.004393925836374262,0.6828842376310469,0.6697512998108801,0.6988025666711536,0.04298228646619244,0.035347629751203334,0.05331396402675363,2.0,2.0,2.0,1.8040183155319505,1.445226480661681,1.978410679305616,,,,1.04754551926069,44
412,9,main,t3,quadratic,0.01,2,944,proportional,50,0.0,False,128.54352355003357,11.68577486818487,1.0,0.12717,2.0,0.8554885947660527,0.13693053333333333,0.0052472,0.9096666666666666,124.67733333333334,0.905,0.007296167172862214,1.0032549687683634,0.9686672684659783,1.0442050278976898,0.20153177767494004,0.19444993367788757,0.22517796767860765,0.0041109293564399255,0.003927157846911803,0.004544113932321344,0.6872932729108594,0.6793617287096838,0.6963565793512231,0.05735339999296362,0.05126558699340822,0.07178572133270666,2.0,2.0,2.0,1.7831367286136706,1.4114231203764598,1.9691405827954358,,,,1.0985583507407084,54
413,9,main,t3,quadratic,0.01,3,945,proportional,50,0.0,False,128.69692850112915,11.699720772829922,1.0,0.12717,2.0,0.8659396287812109,0.13765106666666665,0.005182266666666667,0.8366666666666667,124.75566666666667,0.829,0.006706442192338624,0.9691100835848566,0.9288192150780807,1.0338028941328274,0.21476906855793865,0.19897040791002898,0.22453616618046265,0.004360748660087482,0.004066365237516995,0.004535048245266479,0.688592396421331,0.679601742463054,0.7031746018068674,0.05158563299311386,0.045118725370491386,0.07115195921125934,2.0,2.0,2.0,1.8074868249954412,1.4612185698239175,1.9767900579890472,,,,0.6825580233577073,65
414,9,main,t3,quadratic,0.01,4,946,proportional,50,0.0,False,123.9946358203888,11.272239620035345,1.0,0.12717,2.0,0.8445277756130759,0.13621586666666666,0.0055132,0.909,124.601,0.908,0.007295286554682547,0.9757725257406487,0.9391653617628459,1.0240045563006825,0.2097392152418843,0.20254993948289696,0.21990676087349892,0.0042773677579528,0.004124227279069014,0.004559493871913939,0.6901806311194654,0.6833468917322927,0.6979587129648158,0.05883384385633758,0.04986629626119375,0.06797077793541459,2.0,2.0,2.0,1.7957760393611308,1.4530605461199195,1.9810517919856916,,,,0.8345609963802916,48
415,9,main,t3,quadratic,0.02,0,942,proportional,50,0.0,False,123.12678861618042,11.193344419652766,1.0,0.12717,2.0,0.8512841730456067,0.11957066666666667,0.008992933333333333,1.8693333333333333,124.67766666666667,1.8616666666666666,0.014993329465581913,0.9965820874976964,0.9568092838005504,1.039659744267031,0.20393941139875937,0.1879729978768098,0.21673638321973665,0.004174978342849903,0.0039035130810649472,0.004438170329599066,0.6797394051834034,0.6745654967620545,0.6965690439978424,0.10295398617325227,0.09512844454063749,0.11595696448690608,2.0,2.0,2.0,1.8242288641007542,1.48453782199557,1.9832746134463184,,,,0.957750005810549,95
416,9,main,t3,quadratic,0.02,1,943,proportional,50,0.0,False,123.92366099357605,11.265787363052368,1.0,0.12717,2.0,0.8580290379400877,0.12416186666666666,0.0099596,1.8133333333333332,124.72866666666667,1.8,0.014538224305559266,0.9839206245537381,0.9340605608034689,1.0645774056806423,0.20653564225185655,0.1885317200794427,0.21639566968929824,0.004218492212622908,0.003844312510664016,0.004523295059701796,0.6832521794402702,0.6730985109062126,0.7014896888204826,0.09969898836870911,0.0827665744634555,0.10902881333725767,2.0,2.0,2.0,1.8261078310986638,1.4768899373310134,1.983490576689677,,,,0.9653624701521267,113
417,9,main,t3,quadratic,0.02,2,944,proportional,50,0.0,False,124.81435871124268,11.346759882840244,1.0,0.12717,2.0,0.8451659084467075,0.13235213333333334,0.0096996,1.7743333333333333,124.673,1.7636666666666667,0.014231897310029704,1.0039292080089,0.9689831566314551,1.0453767123944293,0.20132872463555485,0.19440245634538225,0.22511340785584633,0.004133002783343236,0.003966723415518676,0.0046161489665693944,0.688532195740821,0.678994829282512,0.6968002097633842,0.11316412742318582,0.0937520375489145,0.1288105026307402,2.0,2.0,2.0,1.8072223735355644,1.432923587895527,1.9787984985467446,,,,0.872207651744124,121
418,9,main,t3,quadratic,0.02,3,945,proportional,50,0.0,False,123.98179340362549,11.271072127602316,1.0,0.12717,2.0,0.8588385189678552,0.13288506666666666,0.009832533333333334,1.6836666666666666,124.244,1.6813333333333333,0.013551291544595044,0.9703952847529445,0.9272868219068923,1.0321360003653401,0.21469753593734697,0.19893043541914976,0.22459602827485126,0.0044077750031812305,0.004132961801802471,0.004709356458454768,0.6893096362362411,0.6797099025448373,0.7019978053996139,0.1002473924747524,0.0923267444973025,0.12192662752191305,2.0,2.0,2.0,1.809321766290359,1.444499398710388,1.9805778771692075,,,,1.0562172654636486,104
419,9,main,t3,quadratic,0.02,4,946,proportional,50,0.0,False,124.47751498222351,11.316137725656683,1.0,0.12717,2.0,0.8551953336761173,0.13203693333333333,0.009580133333333333,1.714,124.35433333333333,1.7123333333333333,0.01378319479551711,0.9735232884141711,0.9449869497800824,1.0234658849539546,0.20966477280696505,0.2024866914614497,0.21970840348554269,0.004367967871984606,0.004155028443462981,0.00448611331458302,0.6901188130621057,0.6834024062048619,0.6988624042622007,0.10480817485178469,0.0916889930319682,0.12179467922351685,2.0,2.0,2.0,1.821446718359395,1.466987196484454,1.983375898571192,,,,0.9869665229980884,98
420,9,main,t3,quadratic,0.05,0,942,proportional,50,0.0,False,124.29741215705872,11.299764741550792,1.0,0.12717,2.0,0.8460643338020669,0.11449306666666667,0.013608266666666667,2.9146666666666667,124.08066666666667,2.9116666666666666,0.023490095153153055,0.9981440638503021,0.9551651213668038,1.042495212932249,0.203486165359966,0.18603033078495423,0.21672238425633114,0.004299900807023287,0.003940484779237411,0.004615574041411402,0.6840164056966827,0.6753827219875246,0.6984399306723333,0.172734242750617,0.15415334866743313,0.18931914337523054,2.0,2.0,2.0,1.838835719497954,1.477292505111193,1.9904187869850254,,,,0.9690857031438899,151
421,9,main,t3,quadratic,0.05,1,943,proportional,50,0.0,False,125.74310898780823,11.431191726164384,1.0,0.12717,2.0,0.8502985801602865,0.12020906666666667,0.013498666666666667,2.7186666666666666,124.37433333333334,2.7016666666666667,0.02185874363145665,0.9884358214980627,0.9421603031654255,1.0687966896449717,0.20633335220736398,0.1879278441452568,0.21610243768213402,0.004368207365765426,0.003960796284531846,0.0046014286714873825,0.6856483108750921,0.6728889352815095,0.7026165912519975,0.15850528955065857,0.14661863689235954,0.18091182437197673,2.0,2.0,2.0,1.8334693616949596,1.4764450712111052,1.989248538708895,,,,0.8977470001751985,164
422,9,main,t3,quadratic,0.05,2,944,proportional,50,0.0,False,125.2065098285675,11.382409984415228,1.0,0.12717,2.0,0.8477597667944197,0.127754,0.013881333333333334,2.5453333333333332,124.104,2.5343333333333335,0.02050968005328864,1.0045256188317921,0.970529763842533,1.0361696707239976,0.2007786421422052,0.1936912367272911,0.22455917918254448,0.004236636428242759,0.004004496265635531,0.004659242395073592,0.6900177717607892,0.6803298049948203,0.6979088985066328,0.15512582105696465,0.13665375976004115,0.1709492341882643,2.0,2.0,2.0,1.8201677328534906,1.4624590901431866,1.9863442137704928,,,,0.8453279804892644,150
423,9,main,t3,quadratic,0.05,3,945,proportional,50,0.0,False,126.61532044410706,11.510483676737005,1.0,0.12717,2.0,0.84426571986987,0.12827493333333334,0.013987733333333334,2.481,124.246,2.477333333333333,0.01996844968852116,0.9705041500247267,0.928072704490361,1.030395924492412,0.2139999330968262,0.19717976707033483,0.2238407216246846,0.00444497579871229,0.0042521015822975395,0.004646007703997993,0.6903041810599846,0.6811046396412357,0.7045265416166131,0.1665449194143372,0.13093198017295565,0.1828759024595744,2.0,2.0,2.0,1.825598405759889,1.4550600165567729,1.9879594801829956,,,,1.0829101804826475,153
424,9,main,t3,quadratic,0.05,4,946,proportional,50,0.0,False,126.66024255752563,11.514567505229603,1.0,0.12717,2.0,0.8491924910966001,0.12739213333333332,0.0138156,2.524,124.451,2.5256666666666665,0.020281074479112263,0.9666522667883619,0.9404934703937332,1.0288381916542026,0.20918900975996826,0.20153904620627672,0.21959353922521876,0.004438582394447612,0.004323584875120359,0.004682920086002464,0.6898264853304441,0.6871805707597436,0.7007050585756587,0.16013923477400133,0.13837882129483103,0.17935890622716744,2.0,2.0,2.0,1.8268718636461518,1.4560199685550133,1.9879511378509138,,,,0.8866381496039875,123
425,9,main,t3,quadratic,0.1,0,942,proportional,50,0.0,False,124.99721503257751,11.363383184779774,1.0,0.12717,2.0,0.8299456934776788,0.1113872,0.015884933333333334,3.4646666666666666,123.98366666666666,3.4656666666666665,0.027944541082024245,0.995047888476696,0.9552111339300571,1.0479955075931104,0.20396311063315872,0.18742876915610188,0.21446509089743174,0.0044625918955532255,0.003995604797606856,0.004623745913297118,0.684142105170553,0.6758824512294379,0.6978381434334456,0.19825293272515807,0.1802122857389529,0.22214575044216753,2.0,2.0,3.0,1.8329823995730559,1.4614271008289834,1.9930571202747063,,,,0.9524741533621894,154
426,9,main,t3,quadratic,0.1,1,943,proportional,50,0.0,False,124.58389639854431,11.325808763504028,1.0,0.12717,2.0,0.8313845880225643,0.1170344,0.0158244,3.258,123.93933333333334,3.242,0.026287054419097514,0.9766545871323635,0.942500843475409,1.063680304220823,0.20457732272966697,0.1883339969274235,0.2149475269837928,0.004388692813392281,0.003989758394623401,0.004681606366257673,0.6865536580084493,0.6750064160221888,0.7025680321610078,0.18800752522827152,0.1760691940162212,0.22136106124540564,2.0,2.0,2.0,1.8307202063109695,1.4526547636375793,1.9905348693137226,,,,0.857517129387479,180
427,9,main,t3,quadratic,0.1,2,944,proportional,50,0.0,False,128.28935408592224,11.662668553265659,1.0,0.12717,2.0,0.8365872395012659,0.12496253333333333,0.015978666666666665,3.033333333333333,124.01633333333334,3.008,0.024459143822453493,1.0039315449221893,0.9711651781524928,1.037440636949638,0.2005616129873256,0.19326096149177763,0.22448067679542721,0.004334657807258772,0.004095815664989555,0.004700570608150289,0.6915882777609661,0.6816473257678837,0.6977674022108871,0.1935108960568471,0.1824796618367,0.20884500208319878,2.0,2.0,2.0,1.8278877884836588,1.4253640882714833,1.9915833827050151,,,,0.8629702904499218,185
428,9,main,t3,quadratic,0.1,3,945,proportional,50,0.0,False,125.53424906730652,11.41220446066423,1.0,0.12717,2.0,0.8445170297862422,0.12572586666666666,0.015898266666666667,2.948,124.26533333333333,2.9463333333333335,0.02372343050891104,0.9721369920818412,0.9436261252879818,1.0311326738303297,0.2121747717942574,0.19516889613858324,0.22225533654381927,0.004490001434333486,0.004247103724782893,0.004699070206957006,0.6887325996208946,0.682340615528955,0.7034945906525658,0.180749507427717,0.16398320890679027,0.19997047726407038,2.0,2.0,2.0,1.8334720755111547,1.4676839307136296,1.991785042009693,,,,0.9625563300127964,174
429,9,main,t3,quadratic,0.1,4,946,proportional,50,0.0,False,125.84576559066772,11.440524144606156,1.0,0.12717,2.0,0.8447362611335221,0.12464026666666667,0.0159708,3.0096666666666665,123.958,3.012,0.0242797291555742,0.9818676666448025,0.949648641189298,1.026167143355227,0.20857897105964118,0.20257266249306902,0.2178345649801658,0.004419336224072958,0.004281884977635249,0.004628583492857177,0.6929612942044022,0.6857336926723374,0.700293228128858,0.20175713765308473,0.1800857233826351,0.21079639872889716,2.0,2.0,2.0,1.832772295052462,1.4496448258482333,1.9895845907312726,,,,0.8840458707267655,146
430,9,main,t3,quadratic,0.2,0,942,proportional,50,0.0,False,124.49727773666382,11.317934339696711,1.0,0.12717,2.0,0.8362386717477739,0.10758373333333333,0.0179356,4.08,123.8,4.085333333333334,0.03295638126009693,0.9993780613227985,0.9597953291820024,1.041693168186037,0.20017172584588439,0.18420103354736278,0.21514569298775746,0.004230184631602754,0.003990998073477309,0.004562615742238563,0.680120824381701,0.6722646317940077,0.6949795720561806,0.22276195768671578,0.2105742722619363,0.2360316890273039,2.0,2.0,3.0,1.847406385805341,1.4559735980222046,1.995932855688962,,,,1.0266144403129234,177
431,9,main,t3,quadratic,0.2,1,943,proportional,50,0.0,False,126.64998602867126,11.51363509351557,1.0,0.12717,2.0,0.8358334199435553,0.1127612,0.018331466666666667,3.8826666666666667,123.99666666666667,3.868,0.03131266969542192,1.0003255304142882,0.9380767186103398,1.0808795423722901,0.20428363689714465,0.18638907248358072,0.21314097259513953,0.004415216070989157,0.004147341057732151,0.004531674846751877,0.6850056473622355,0.6733833565527856,0.7020126261586901,0.22329672967743713,0.20545817771351862,0.24326428577528855,2.0,2.0,3.0,1.8493867615136137,1.4803491857896072,1.9935573244737004,,,,0.9273363713089986,214
432,9,main,t3,quadratic,0.2,2,944,proportional,50,0.0,False,127.93065237998962,11.630059307271784,1.0,0.12717,2.0,0.8380196781578556,0.12059466666666667,0.018744,3.6096666666666666,123.912,3.598,0.0291308885875998,1.0069758425183835,0.9696236806327949,1.0457463672275615,0.20127579270797147,0.19102630699424372,0.22600421270459475,0.004407459959868226,0.004094183979492636,0.0048269832546059144,0.6906112196423736,0.6797506432833529,0.6992597741131285,0.2108430001106352,0.19634572920698007,0.2374326006501926,2.0,2.0,3.0,1.8562641029777824,1.4729022113082335,1.99503092455248,,,,0.9937992171029345,208
433,9,main,t3,quadratic,0.2,3,945,proportional,50,0.0,False,127.43443489074707,11.584948626431553,1.0,0.12717,2.0,0.845581133958688,0.1206696,0.019126933333333332,3.591666666666667,124.00833333333334,3.568,0.028963107318056583,0.9722453599956196,0.9298819850630331,1.0331675789066188,0.21118443067515885,0.1950073816715224,0.2208225494793163,0.004504659618038406,0.004259083123149191,0.0047480017141672435,0.6895586710207161,0.6825082201538247,0.7041870734934488,0.22313495325830496,0.2017738257219769,0.24156648138852946,2.0,2.0,3.0,1.8597648190081066,1.475778605341962,1.9950556320205939,,,,0.908875810141065,224
434,9,main,t3,quadratic,0.2,4,946,proportional,50,0.0,False,127.19925904273987,11.563569003885442,1.0,0.12717,2.0,0.8486312135417944,0.11941093333333333,0.019295333333333334,3.6506666666666665,123.81433333333334,3.648,0.029485008466978782,0.9842042817559085,0.957387854789285,1.034701552035676,0.2055400953670839,0.19836378949279543,0.21821923651561215,0.004461581039846234,0.004222169578506779,0.0047079320282871285,0.690055332115174,0.6847074548747604,0.703473082727319,0.21844888413117203,0.1958226462407457,0.2415137836109863,2.0,2.0,3.0,1.8658810853766408,1.484663685979848,1.996869685795866,,,,0.9160809621548114,165
435,9,main,t3,quadratic,0.3,0,942,proportional,50,0.0,False,124.40015316009521,11.309104832735928,1.0,0.12717,2.0,0.8438050794721065,0.1046848,0.0196896,4.45,123.617,4.4543333333333335,0.03599828502552238,1.0128295045190585,0.9685734843928255,1.0546570232208334,0.19840355338431626,0.18495368555645542,0.21649310595673496,0.004173631141874964,0.004058394223303275,0.004704157986566888,0.6795178946847343,0.6706445235912755,0.7005954381259804,0.25177921588838825,0.23939119827072455,0.2674142062447439,2.0,2.0,3.0,1.868958369593079,1.4779448974437892,1.997124415829894,,,,1.1203481553393837,186
436,9,main,t3,quadratic,0.3,1,943,proportional,50,0.0,False,126.8071448802948,11.527922261844981,1.0,0.12717,2.0,0.843428177817575,0.1089028,0.0202468,4.315,123.66866666666667,4.301666666666667,0.034891619003466254,1.0247608258188898,0.9590651832748242,1.0864225345261738,0.20073268898960628,0.18645733248758395,0.20926461452314737,0.004356866164544628,0.004093444845875422,0.004627575753395553,0.6826399082381739,0.6702345810112247,0.694528700622034,0.25595697723195443,0.2228836834484664,0.29313619410281916,2.0,2.0,3.0,1.871711763690356,1.4768281307912026,1.9971692988523095,,,,0.9686361357232742,225
437,9,main,t3,quadratic,0.3,2,944,proportional,50,0.0,False,127.8181369304657,11.619830630042337,1.0,0.12717,2.0,0.8565765646734068,0.11680706666666667,0.0207536,4.060333333333333,123.456,4.040333333333334,0.03288891048902713,0.9899453327312309,0.9683752162337547,1.0343951392747583,0.19896635346451058,0.19077903559228845,0.22197389210069515,0.0044306605400460195,0.004122804422928539,0.004832962007690591,0.6907253693638675,0.6803812244842417,0.6957028999748759,0.23329267492133948,0.21900972771103194,0.2619888869429792,2.0,2.0,3.0,1.8860666315990156,1.4971955325544366,1.9989119774038588,,,,1.007859975796094,222
438,9,main,t3,quadratic,0.3,3,945,proportional,50,0.0,False,127.33329224586487,11.575753840533169,1.0,0.12717,2.0,0.8516451892673118,0.11740826666666666,0.020845733333333335,3.9516666666666667,123.71266666666666,3.947,0.031942296396488636,0.9993435400636946,0.9542949597945164,1.0419458545884352,0.20995730309954483,0.19641162317082406,0.22283120696217626,0.004534241512605092,0.004252676006171952,0.0049505033464317715,0.686432839595795,0.6799176969094233,0.7045239234974646,0.23717073412822126,0.21294846694956174,0.2517502076374807,2.0,2.0,3.0,1.8710394499052534,1.4932804410036027,1.9974922887632975,,,,0.9012378255462815,234
439,9,main,t3,quadratic,0.3,4,946,proportional,50,0.0,False,126.28280854225159,11.480255322022872,1.0,0.12717,2.0,0.8519435592838388,0.11572053333333333,0.021008533333333333,4.078,123.65933333333334,4.077,0.03297769679064527,0.9856136645316302,0.9548324140165424,1.0325377599106944,0.20564461487432084,0.19804754890213158,0.214290851839211,0.004436799336565512,0.004322837005457788,0.004728969431826382,0.6889550560170322,0.6841974377096457,0.6990301149890585,0.24735988345874152,0.2245158931267884,0.26613052055070097,2.0,2.0,3.0,1.8858062833499272,1.5038126167543502,1.9984400521572188,,,,0.9077263031296356,197
440,9,main,t3,quadratic,0.4,0,942,proportional,50,0.0,False,125.65847253799438,11.423497503454035,1.0,0.12717,2.0,0.8477770344304607,0.10277986666666666,0.019582,4.645333333333333,123.44233333333334,4.6433333333333335,0.037631606661140016,1.002756131447618,0.9828241860014835,1.0526687196998443,0.19543225101796516,0.18267983101743734,0.21448019442740712,0.00431282466125133,0.003964127261568668,0.004792790886818924,0.6793334550140724,0.669816491501749,0.6924725328032597,0.264691699322951,0.2521464221410356,0.28471887111561495,2.0,2.0,3.0,1.8866812648069669,1.5023470584832,1.9986123995794054,,,,0.9619850050117549,184
441,9,main,t3,quadratic,0.4,1,943,proportional,50,0.0,False,125.8707377910614,11.442794344641946,1.0,0.12717,2.0,0.8608576805521241,0.10643093333333334,0.021377333333333335,4.614333333333334,123.60966666666667,4.606,0.037329874416510034,1.0083207852989977,0.9537233526437872,1.0566823191462706,0.20325848454334025,0.18285810262167806,0.2138885098127187,0.004437472319924449,0.004053110971280662,0.004623643265652729,0.6794974897486055,0.6688119008972789,0.6970447395937444,0.25243170769552614,0.23374140742391292,0.27035726664047266,2.0,2.0,3.0,1.9006871537834171,1.5296059457498075,1.9992760034335109,,,,0.8145118645665964,231
442,9,main,t3,quadratic,0.4,2,944,proportional,50,0.0,False,127.03227233886719,11.54838839444247,1.0,0.12717,2.0,0.8623098078628666,0.11286466666666667,0.022292133333333332,4.429666666666667,123.65,4.422,0.035824235072112146,1.0312853259507393,0.988928909781141,1.0458370157370807,0.19815384244920742,0.1879929926070038,0.21580775875463917,0.0042478064470447205,0.004072285598426789,0.0048003525514080814,0.6828042507825958,0.6767665644822862,0.6940211370563685,0.2627858213088902,0.2408078017206895,0.26688370046189713,2.0,2.0,3.0,1.8978941439423611,1.528031855448016,1.999201726681519,,,,0.9281294312977247,231
443,9,main,t3,quadratic,0.4,3,945,proportional,50,0.0,False,125.61035704612732,11.419123367829757,1.0,0.12717,2.0,0.85957938367508,0.1149332,0.021602533333333333,4.268666666666666,123.32833333333333,4.262333333333333,0.03461221400867603,0.9907092420644072,0.9407753752185594,1.0164481108111714,0.21119517982065245,0.1998224065318254,0.2188523208885312,0.004666655783913346,0.0043634173371720755,0.0048222459261035855,0.693868360309231,0.6809268913782293,0.700450468161246,0.25253348467837233,0.23561728110339628,0.2811681913196115,2.0,2.0,3.0,1.89458591126054,1.5152925708911056,1.9989369671096062,,,,1.0207741239022297,244
444,9,main,t3,quadratic,0.4,4,946,proportional,50,0.0,False,125.69625973701477,11.42693270336498,1.0,0.12717,2.0,0.8709198753728509,0.1135964,0.021874933333333332,4.287,123.23233333333333,4.278333333333333,0.034787947968200984,0.9854437740454101,0.9492821013961007,1.0207788866567185,0.2053273050872651,0.19558748011419821,0.21910595200686395,0.004513298184138459,0.00427820081999706,0.005030742830679423,0.6877967955185211,0.68289744285383,0.6952648875077327,0.24702479574007824,0.23016341462786985,0.262519898644205,2.0,2.0,3.0,1.9066797103209894,1.5354139894874224,1.9990925290123034,,,,1.0464883115363013,207
445,9,main,t3,quadratic,0.5,0,942,proportional,50,0.0,False,124.65360927581787,11.332146297801625,1.0,0.12717,2.0,0.8684420723852606,0.1007488,0.020405866666666668,4.724666666666667,123.112,4.728666666666666,0.03837697922758681,1.009359776538039,0.9787264260078739,1.0718082856929356,0.1931625176708417,0.17542877462369538,0.21066345756345717,0.004252314365203649,0.0038794548325002194,0.004571444776389204,0.6757413081546166,0.6653815901468889,0.6892476818029626,0.24980118192452896,0.22789771216491087,0.2636845653479302,2.0,2.0,3.0,1.9053093148547782,1.5373400482844661,1.9993546853627722,,,,0.9075375486926198,199
446,9,main,t3,quadratic,0.5,1,943,proportional,50,0.0,False,124.4180212020874,11.310729200189764,1.0,0.12717,2.0,0.867766011199939,0.1060012,0.02039586666666667,4.495333333333333,123.534,4.498333333333333,0.036389442042946335,1.0219139729500917,0.9377305628678261,1.0940920562691083,0.1962793673479657,0.18590823736846257,0.2114339976501877,0.004313767882191618,0.004085244584181534,0.004515881941938257,0.6799622363775399,0.6635312636394879,0.6940015071216075,0.24184533412918752,0.22569245304550628,0.26555781429902775,2.0,2.0,3.0,1.9075727872861643,1.542242156736839,1.999456956538979,,,,0.8854353587686998,216
447,9,main,t3,quadratic,0.5,2,944,proportional,50,0.0,False,128.4806649684906,11.680060451680964,1.0,0.12717,2.0,0.8738454244316486,0.11275386666666666,0.021632666666666668,4.328333333333333,123.42566666666667,4.328333333333333,0.0350683407286977,0.9959886542042302,0.9708304139191506,1.0348524817337148,0.19611165050403517,0.1901523202317294,0.21789890246996094,0.0043842233100753,0.004081558030501227,0.004673044348260371,0.6856896199299314,0.6741809934762011,0.695140166551379,0.24646392394553865,0.22483091651281642,0.2740680450562207,2.0,2.0,3.0,1.928580075988402,1.5663051479954073,1.9995961354215854,,,,0.9074451533139346,209
448,9,main,t3,quadratic,0.5,3,945,proportional,50,0.0,False,127.4674744606018,11.587952223691074,1.0,0.12717,2.0,0.8755759251453993,0.1136156,0.0214816,4.240666666666667,123.43733333333333,4.246333333333333,0.03435481431873664,0.9911692095155411,0.9481304885328735,1.0464418563724505,0.207416923017553,0.18904516396370719,0.21904941323904542,0.0044768073528889726,0.00413313252274966,0.004815622365485699,0.6806278327704817,0.6733786446919587,0.6996241704502498,0.23886223143635157,0.2182181680263333,0.25985815922748867,2.0,2.0,3.0,1.9172691074263581,1.5618395277137713,1.999402647574702,,,,0.9143846611528679,219
449,9,main,t3,quadratic,0.5,4,946,proportional,50,0.0,False,127.46711301803589,11.58791936527599,1.0,0.12717,2.0,0.8785917355406898,0.1121304,0.02169746666666667,4.406666666666666,123.278,4.4,0.035745767019798064,0.9952800745496395,0.9469419764406413,1.0401136771839934,0.20342934416774677,0.19565298700594602,0.2165698015855352,0.004427360876082629,0.0042986256155124756,0.0046745189618347055,0.685966422084892,0.6797760708957042,0.6987603301677171,0.24534224561717496,0.23499891211847568,0.2717101499304623,2.0,2.0,3.0,1.9180618393540758,1.5554492879427055,1.9997696208198428,,,,1.037427924160816,216
450,10,main,t3,exponential,0.0,0,1042,proportional,50,0.0,False,120.69699573516846,10.972454157742588,1.0,0.12717,,,0.13399893333333332,0.0,0.0,124.94633333333333,0.0,0.0,0.9782694840472985,0.9561730813415641,1.0224288378028596,0.20693665793856625,0.19522239336533942,0.21448635743262234,0.0041387331587713246,0.003904447867306787,0.004289727148652446,0.6859688809441087,0.6794668164427479,0.6945625218577752,0.0,0.0,0.0,,,,,,,,,,,0
451,10,main,t3,exponential,0.0,1,1043,proportional,50,0.0,False,119.1075394153595,10.827958128669046,1.0,0.12717,,,0.126024,0.0,0.0,125.19466666666666,0.0,0.0,1.0171839188160976,0.9623128370480527,1.0445932322290066,0.19762746555938945,0.19199418601620505,0.2156259541856939,0.003952549311187788,0.0038398837203241012,0.004312519083713876,0.6799036487111849,0.6689766684513888,0.6932309780541858,0.0,0.0,0.0,,,,,,,,,,,0
452,10,main,t3,exponential,0.0,2,1044,proportional,50,0.0,False,121.43018794059753,11.039107994599776,1.0,0.12717,,,0.1323144,0.0,0.0,124.984,0.0,0.0,0.9864544253942433,0.9466250742768013,1.017683603409075,0.20160503186266343,0.19322748601094134,0.21794038554178435,0.004032100637253268,0.003864549720218827,0.0043588077108356865,0.6849916461232426,0.672181857252743,0.6945011756640499,0.0,0.0,0.0,,,,,,,,,,,0
453,10,main,t3,exponential,0.0,3,1045,proportional,50,0.0,False,119.57183027267456,10.87016638842496,1.0,0.12717,,,0.12738,0.0,0.0,124.83366666666667,0.0,0.0,0.999184106108324,0.9680324059977459,1.0318942020118935,0.2033516429994922,0.1914343734360185,0.2138727652868318,0.004067032859989843,0.003828687468720369,0.004277455305736637,0.6799856250803464,0.6733119088628976,0.6927568017411394,0.0,0.0,0.0,,,,,,,,,,,0
454,10,main,t3,exponential,0.0,4,1046,proportional,50,0.0,False,120.28382420539856,10.934893109581687,1.0,0.12717,,,0.14050466666666667,0.0,0.0,124.95433333333334,0.0,0.0,0.9841880317221516,0.9460935734400737,1.0151244712429728,0.21035042892245315,0.19610333165472268,0.22747246347315903,0.004207008578449063,0.003922066633094454,0.00454944926946318,0.6924593997081874,0.6792276595449118,0.705339140330423,0.0,0.0,0.0,,,,,,,,,,,0
455,10,main,t3,exponential,0.01,0,1042,proportional,50,0.0,False,120.16838049888611,10.924398227171464,1.0,0.12717,2.0,0.8310260216113332,0.13399453333333333,4.133333333333333e-06,0.0003333333333333333,124.946,0.0003333333333333333,2.6678191645457503e-06,0.9782669529076905,0.9561730813415641,1.0224288378028596,0.20693665793856625,0.19522239336533942,0.21448635756668216,0.004138733158771325,0.003904447867306787,0.004289727151333643,0.6859688809100493,0.6794668162728275,0.694562521858166,0.0,0.0,0.0,2.0,2.0,2.0,1.6620520432226664,1.6620520432226664,1.6620520432226664,,,,,0
456,10,main,t3,exponential,0.01,1,1043,proportional,50,0.0,False,122.39588689804077,11.126898808912797,1.0,0.12717,2.0,0.5884612683558018,0.126024,1.3333333333333334e-07,0.001,125.19466666666666,0.001,7.987560705461362e-06,1.017185863485266,0.9624273146426573,1.0442080617782277,0.19751581054779754,0.1919955105617491,0.21562835765740263,0.0039503162109559495,0.0038399102112349815,0.0043125671531480505,0.6799200341963683,0.6689588350951086,0.6929136151665255,0.0,0.0,0.0,2.0,2.0,2.0,1.1769225367116036,1.1769225367116036,1.1769225367116036,,,,,0
457,10,main,t3,exponential,0.01,2,1044,proportional,50,0.0,False,122.68233513832092,11.152939558029175,1.0,0.12717,2.0,0.6994600738474354,0.13231,4.266666666666667e-06,0.0003333333333333333,124.984,0.0003333333333333333,2.66700804369626e-06,0.9864544253947667,0.9466250742771163,1.02080138034019,0.2016050318622522,0.19322752337649401,0.2179403855417896,0.0040321006372450435,0.0038645504675298807,0.0043588077108357905,0.6849851055785028,0.6721819210695285,0.6945023595450197,0.0,0.0,0.0,2.0,2.0,2.0,1.3989201476948707,1.207869054751575,1.5899712406381665,,,,,0
458,10,main,t3,exponential,0.01,3,1045,proportional,50,0.0,False,122.43928575515747,11.13084415955977,1.0,0.12717,,,0.12737986666666667,4e-07,0.0003333333333333333,124.83366666666667,0.0003333333333333333,2.670219839199361e-06,0.9991843186496205,0.9680322635907106,1.0318942020118935,0.20335145544155608,0.1914343734360185,0.2138727652868318,0.004067029108831121,0.003828687468720369,0.004277455305736637,0.6799856250803464,0.6733119088628976,0.6927568017411406,0.0,0.0,0.0,,,,,,,,,,,0
459,10,main,t3,exponential,0.01,4,1046,proportional,50,0.0,False,123.21185564994812,11.20107778635892,1.0,0.12717,,,0.14050466666666667,0.0,0.0,124.95433333333334,0.0,0.0,0.9841880317221516,0.9460935734400737,1.0151244712429728,0.21035042892245315,0.19610333165472268,0.22747246347315903,0.004207008578449063,0.003922066633094454,0.00454944926946318,0.6924593997081874,0.6792276595449118,0.705339140330423,0.0,0.0,0.0,,,,,,,,,,,0
460,10,main,t3,exponential,0.02,0,1042,proportional,50,0.0,False,124.83858346939087,11.348962133580988,1.0,0.12717,2.0,0.6803853509505695,0.133972,2.2e-05,0.005,125.10366666666667,0.004666666666666667,3.9966854155620274e-05,0.978269484045691,0.9561246563813934,1.0224264046420806,0.2069413712020602,0.1952306524527584,0.21451348167745252,0.004138984945686479,0.003904632278409976,0.004292146524690971,0.685673406302399,0.6794684010797389,0.6945592483306685,0.0,0.0,0.00034074494199795547,2.0,2.0,2.75,1.5041504457479165,1.2487598804159996,1.7993216993135104,,,,0.40199788188984525,1
461,10,main,t3,exponential,0.02,1,1043,proportional,50,0.0,False,123.85339260101318,11.259399327364834,1.0,0.12717,2.0,0.7986101712907288,0.1260044,1.92e-05,0.003,125.19333333333333,0.003,2.3962937323606158e-05,1.0171748771628406,0.9624599480955763,1.0442154799978738,0.19751908577782976,0.19199507137274496,0.2156135633250722,0.003950381715556593,0.0038399014274548985,0.0043134311039057715,0.6799243047546014,0.6689517110563133,0.6929157402307273,0.0,0.0,0.0,2.0,2.0,2.0,1.5972203425814575,1.2707347497889345,1.890326032551703,,,,,0
462,10,main,t3,exponential,0.02,2,1044,proportional,50,0.0,False,133.795063495636,12.163187590512363,1.0,0.12717,2.0,0.677944671095384,0.13228986666666667,2.28e-05,0.005333333333333333,125.02,0.005666666666666667,4.265984109209193e-05,0.9876230403889985,0.9454203283609871,1.0208022298274302,0.20157730993690504,0.19323359799021458,0.21793842986943768,0.004031546198738099,0.0038646719598042917,0.004358768597388754,0.6849847370439319,0.6722149629987773,0.6944927477721253,0.0,0.0,0.000148484949353917,2.0,2.0,2.0,1.355889342190768,1.1383962283785267,1.7633388284985394,,,,,0
463,10,main,t3,exponential,0.02,3,1045,proportional,50,0.0,False,124.90424108505249,11.354931007732045,1.0,0.12717,2.0,0.7586610017087624,0.12735706666666666,2.24e-05,0.003,124.817,0.003,2.403518751452126e-05,0.9991861926591061,0.9680128012551612,1.0311367821312072,0.20335150519846515,0.19143579711211595,0.21379716734900017,0.004067030103969304,0.0038295907584548535,0.004276745695727686,0.6799856637957151,0.6730816290164056,0.6927568029469549,0.0,0.0,0.0,2.0,2.0,2.0,1.5173220034175248,1.1315309378535225,1.7685687331667133,,,,,0
464,10,main,t3,exponential,0.02,4,1046,proportional,50,0.0,False,134.25362753868103,12.204875230789185,1.0,0.12717,2.0,0.6237919443693661,0.14048186666666668,1.8266666666666666e-05,0.005333333333333333,125.045,0.005,4.2651312194276726e-05,0.9842620941293667,0.9460780675971177,1.0151713224850882,0.21035912358625142,0.1960476436396078,0.22746955325520377,0.004207249298046074,0.0039288327903096295,0.004549391065104075,0.6918452756756327,0.67922434995797,0.7051928679534265,0.0,0.0,0.0008242549101317485,2.0,2.0,2.0,1.4233005014993574,1.103818523451304,1.8065866910466621,,,,0.1313325900719164,1
465,10,main,t3,exponential,0.05,0,1042,proportional,50,0.0,False,136.7452428340912,12.431385712190108,1.0,0.12717,2.0,0.8202511243585929,0.13296186666666668,0.0009838666666666667,0.166,124.817,0.16966666666666666,0.0013299470424701764,0.9788743655125306,0.9555809696927634,1.0230151570831674,0.20741395438573187,0.19541301503300088,0.2143780961241759,0.004159225665195764,0.003921422262155965,0.004339606563537119,0.6862571977961445,0.6797903738470423,0.6948153386069488,0.010887678866649517,0.00839267036063698,0.018232820674509275,2.0,2.0,2.0,1.7586560002795255,1.35290710872549,1.956210886899709,,,,0.7906261587399421,10
466,10,main,t3,exponential,0.05,1,1043,proportional,50,0.0,False,129.44345235824585,11.76758657802235,1.0,0.12717,2.0,0.8234094014909915,0.12531093333333335,0.0006506666666666667,0.12566666666666668,124.99633333333334,0.12733333333333333,0.00100536282397617,1.0181315754391846,0.9641796961407181,1.044725720706382,0.19740430794597155,0.19203524367692765,0.21581372190987336,0.003959576950465027,0.003843766848193121,0.004322452992157315,0.6802759204722659,0.6710688779367162,0.6929174490681645,0.008901802692507465,0.006946462645650492,0.012447353119393677,2.0,2.0,2.0,1.7314910526787473,1.4156726143544356,1.9763162830488148,,,,0.9318199357186586,3
467,10,main,t3,exponential,0.05,2,1044,proportional,50,0.0,False,131.59982776641846,11.963620706038041,1.0,0.12717,2.0,0.849837535299331,0.1314104,0.000852,0.13966666666666666,124.989,0.14166666666666666,0.0011174316673200574,0.9856504868410765,0.9433514588205847,1.0205972448726652,0.20139440019707394,0.1933353791155935,0.2178274376165285,0.00402970943799961,0.0038693778590950644,0.00435903834918498,0.6850111782081671,0.6718336203028954,0.6944334619523691,0.008094995564481237,0.005609066473502126,0.013532843865217421,2.0,2.0,2.0,1.7756833496117692,1.409326727501011,1.960112611333981,,,,0.7962757891547725,6
468,10,main,t3,exponential,0.05,3,1045,proportional,50,0.0,False,131.03662037849426,11.91242003440857,1.0,0.12717,2.0,0.8308927459516116,0.12673,0.0006066666666666667,0.11933333333333333,124.613,0.11933333333333333,0.0009576314937713829,0.9994943271827714,0.9705403213601995,1.0319114521881354,0.2032188181656717,0.19157884598897354,0.21390658488065065,0.004082485460060842,0.0038637794456968435,0.0042803176315093314,0.6800970330899283,0.6733620830122273,0.6926132283792391,0.008384813137789035,0.005278224085629398,0.016909576303203045,2.0,2.0,2.0,1.7603044955651823,1.3191279891360894,1.9642841205125043,,,,0.9548509710151143,8
469,10,main,t3,exponential,0.05,4,1046,proportional,50,0.0,False,136.6731173992157,12.424828854474155,1.0,0.12717,2.0,0.8478668584381157,0.1392676,0.0011606666666666666,0.19466666666666665,125.02733333333333,0.196,0.0015569928708922315,0.9844466683089736,0.9487850147949509,1.018823674023843,0.21020431762873537,0.19598705018154933,0.2272833682230342,0.004206740896358621,0.003968424223490817,0.004559993712985223,0.6919596005808784,0.6789463873758609,0.7048337630774564,0.016669027136212874,0.00847033456128133,0.027837634916259478,2.0,2.0,2.0,1.75376839887296,1.33966600137299,1.9627898945941926,,,,0.8641326347098929,11
470,10,main,t3,exponential,0.1,0,1042,proportional,50,0.0,False,133.62900233268738,12.148091121153398,1.0,0.12717,2.0,0.8540954588747997,0.1285232,0.005042133333333333,0.8646666666666667,124.76666666666667,0.8653333333333333,0.0069302698370291215,0.9912525224243707,0.9608788765823448,1.0241511164006323,0.20664979639361705,0.19494416706259352,0.21519510844961062,0.004204217718548652,0.0039723334942245395,0.004395204780258819,0.6864143863439838,0.6800289824837621,0.6955566521798259,0.052618754091531425,0.039598277809023,0.07203901019790428,2.0,2.0,2.0,1.8173277839600985,1.4666068504573437,1.9872706760346885,,,,1.1774282917641077,50
471,10,main,t3,exponential,0.1,1,1043,proportional,50,0.0,False,131.55742073059082,11.959765520962803,1.0,0.12717,2.0,0.8665141305361778,0.1219772,0.003717733333333333,0.755,124.803,0.7596666666666667,0.006049534065687524,1.0197117272539464,0.9621743987914317,1.0473050784920188,0.19765914107492438,0.19073654040203988,0.21594123858227493,0.0040058664972433804,0.0039198298989312945,0.004344073051925709,0.6804309830523727,0.6696274973104082,0.6924296383020963,0.04437267173741033,0.03364994162134077,0.057415508831591924,2.0,2.0,2.0,1.8314343666457122,1.4812185531320847,1.9883816650044086,,,,1.0440874442973493,29
472,10,main,t3,exponential,0.1,2,1044,proportional,50,0.0,False,141.01855421066284,12.819868564605713,1.0,0.12717,2.0,0.8491868899959082,0.12733413333333332,0.0045738666666666665,0.8443333333333334,124.79133333333333,0.8416666666666667,0.0067659613114158575,0.9916377902117681,0.9443118377769335,1.0194769963370234,0.20100632131507468,0.1928898494461551,0.21838847064239084,0.004064523221929695,0.003936716408194932,0.004405009935541509,0.6855532910317366,0.6725224179135797,0.6947082617885014,0.048893184822408835,0.03619978796361771,0.059610036722392734,2.0,2.0,2.0,1.801749967720873,1.4578159961523256,1.9767976051937857,,,,0.8561446827118269,29
473,10,main,t3,exponential,0.1,3,1045,proportional,50,0.0,False,123.95748233795166,11.268862030722879,1.0,0.12717,2.0,0.8779264556465962,0.1230468,0.003953333333333333,0.74,124.83566666666667,0.741,0.005927793071958601,0.9997133018815916,0.96999422356953,1.0316252183624226,0.2030397245610569,0.19156101916784302,0.21296873567472863,0.00416351116141362,0.0038802947672631626,0.0043120490385049805,0.6800852754259856,0.6734118344247901,0.6929072391413234,0.04324229929665809,0.03388450456118823,0.05396324952832201,2.0,2.0,2.0,1.8453354263326154,1.512644934572887,1.9859332207044367,,,,1.0874861637776978,36
474,10,main,t3,exponential,0.1,4,1046,proportional,50,0.0,False,125.03433203697205,11.36675745790655,1.0,0.12717,2.0,0.8763500316188565,0.13458986666666667,0.005456,0.9223333333333333,125.02066666666667,0.927,0.007377446928774442,0.9870968595704209,0.9492913262708238,1.0180834841057216,0.21004749895351793,0.19580799646159497,0.2281554674826936,0.004231065572724105,0.003953259414705862,0.00461589929168008,0.6913428302953609,0.679392512229255,0.7055146202778033,0.05316400334209822,0.044803958598356425,0.06211326907775593,2.0,2.0,2.0,1.8459805564383294,1.5042318657101117,1.9900502989798021,,,,0.780391523966646,53
475,10,main,t3,exponential,0.2,0,1042,proportional,50,0.0,False,124.9811179637909,11.361919814890081,1.0,0.12717,2.0,0.8737323004327802,0.12176866666666666,0.0105636,2.018666666666667,124.48033333333333,2.009333333333333,0.016216751776050302,0.994452394026904,0.9659364889804307,1.0471911451382463,0.20513784852982575,0.19357730001135368,0.2120111275390028,0.004264044875541623,0.003990712741933026,0.004427220814218504,0.6866364429138748,0.681143300739572,0.6926544226254789,0.10680575899113232,0.08921230291517993,0.12310256064667385,2.0,2.0,2.0,1.8704498294456304,1.5422401201082454,1.9935477231434144,,,,0.8217288094362643,110
476,10,main,t3,exponential,0.2,1,1043,proportional,50,0.0,False,122.5230324268341,11.138457493348556,1.0,0.12717,2.0,0.8775993838214788,0.11493706666666667,0.009502133333333333,1.9746666666666666,124.389,1.969,0.015874929991129976,1.0171622646664726,0.9665360381247536,1.0482932958991598,0.1961977769342439,0.19174771596926812,0.21366886537557664,0.004099612234114739,0.003912994643494186,0.0044169778792091385,0.681935483292867,0.6701022319223315,0.6907148243870542,0.10711954821450903,0.09336693482674951,0.11512081796882748,2.0,2.0,2.0,1.877041795219473,1.5534776867089897,1.994969021636769,,,,0.8268468374077187,110
477,10,main,t3,exponential,0.2,2,1044,proportional,50,0.0,False,125.34787631034851,11.395261482758956,1.0,0.12717,2.0,0.8764806363609177,0.12076106666666667,0.01,1.9136666666666666,124.50433333333334,1.92,0.01537028162339731,0.9972521806550841,0.9538439685296065,1.0252379004943792,0.2022966071774796,0.19129049663381414,0.21762451079393152,0.004144224293893057,0.003953204224158801,0.0045320239539706295,0.6837351809338913,0.6733384513130248,0.6936144197335739,0.09345053515955702,0.08261867070208129,0.11368225821414032,2.0,2.0,2.0,1.8762015702394528,1.5566892981508347,1.9940069896260857,,,,0.8814746608633128,85
478,10,main,t3,exponential,0.2,3,1045,proportional,50,0.0,False,125.17814302444458,11.379831184040416,1.0,0.12717,2.0,0.8823949736930944,0.1165604,0.009419733333333333,1.915,124.45266666666667,1.9163333333333334,0.015387376191215937,0.9970592245386292,0.9750454545866122,1.0355850624504768,0.19950028211944604,0.1924730100248136,0.2134120495422132,0.004169920689241731,0.0039411437025756,0.004411366496785982,0.6799643321704881,0.675944372998031,0.6942287353674276,0.10126265496832798,0.08619015863909357,0.11494070564737752,2.0,2.0,2.0,1.8733048804026426,1.5651867608273358,1.9927346831942687,,,,0.9353774794771521,82
479,10,main,t3,exponential,0.2,4,1046,proportional,50,0.0,False,126.83754396438599,11.53068581494418,1.0,0.12717,2.0,0.8786078122186651,0.127888,0.010890533333333334,1.969,124.864,1.9776666666666667,0.015769156842644797,0.9936816612275507,0.9364577692083871,1.025936551643428,0.20708656608781506,0.19399914959299727,0.22782747190139288,0.004357881388828245,0.0040062196706688105,0.004740103928133105,0.69114373092209,0.6789059881790107,0.705222180500411,0.1070070860273322,0.09184672277172815,0.13073655590768646,2.0,2.0,2.0,1.8779028275626417,1.5337494549932897,1.995621608762472,,,,0.943423891014572,100
480,10,main,t3,exponential,0.3,0,1042,proportional,50,0.0,False,128.16919875144958,11.651745341040872,1.0,0.12717,2.0,0.8831798829896655,0.1178784,0.013038666666666667,2.6313333333333335,124.41433333333333,2.628,0.021149760343797473,0.9933852031740241,0.9626262980738297,1.0406623266281927,0.20380094460165998,0.19617742439580607,0.21545815106183835,0.004243791989620915,0.004044725344097568,0.0044763844576489265,0.6871074426816777,0.6756754778262428,0.697494536349565,0.13401410644111306,0.11086929318061221,0.14860881958298752,2.0,2.0,3.0,1.8986030905090245,1.590311026707526,1.9982691872091247,,,,0.9098852351121992,149
481,10,main,t3,exponential,0.3,1,1043,proportional,50,0.0,False,148.12627911567688,13.466025374152444,1.0,0.12717,2.0,0.886451918884394,0.11129893333333334,0.0119536,2.630333333333333,124.06733333333334,2.64,0.021200853300089733,1.0290487812406262,0.9783582202972739,1.0453979999836762,0.19733302331653613,0.18866354938364827,0.20872676330275683,0.004081690730651325,0.00389546113891144,0.004373547784138506,0.6784383637176372,0.6699730277296585,0.6937971604636799,0.12484100082562857,0.1087449627122844,0.14419709460978272,2.0,2.0,2.0,1.8898173682119852,1.5737088190355404,1.9958117313110582,,,,0.9627781075198661,127
482,10,main,t3,exponential,0.3,2,1044,proportional,50,0.0,False,145.11786246299744,13.192532951181585,1.0,0.12717,2.0,0.8824435684673086,0.11708426666666667,0.012441466666666666,2.534666666666667,124.41466666666666,2.524,0.020372732046596866,0.9979593917863709,0.9507762890981148,1.0267315793783809,0.20387592866556908,0.18906423928810057,0.21730850265652907,0.004253119353583777,0.003925836163721375,0.004594873933040214,0.6849972777181279,0.6746421616664783,0.696042981426088,0.12994048298476335,0.11330817782050057,0.13800179412836733,2.0,2.0,2.0,1.9009008715286924,1.5739582512329902,1.9975309860147483,,,,0.8902042787504041,128
483,10,main,t3,exponential,0.3,3,1045,proportional,50,0.0,False,133.2781777381897,12.116197976199063,1.0,0.12717,2.0,0.880144934254488,0.1126504,0.011897066666666666,2.561,124.013,2.558666666666667,0.0206510607758864,1.0062379354404967,0.9676022080792296,1.0389014331339133,0.19886256012576808,0.1893842806974325,0.21153960503493316,0.004173068152196466,0.003991554428056455,0.0043607717832619425,0.6786109667996361,0.6746682226062657,0.6887159674583806,0.12780922956961513,0.11827841300039812,0.14520892726963408,2.0,2.0,2.0,1.8930708986234552,1.5648573546294546,1.9962548587214306,,,,0.8082491701540464,119
484,10,main,t3,exponential,0.3,4,1046,proportional,50,0.0,False,134.99749112129211,12.272499192844737,1.0,0.12717,2.0,0.8889466915704651,0.12308306666666667,0.014024266666666667,2.62,124.57466666666667,2.630333333333333,0.021031563399728143,0.9882252878000144,0.9627269585713267,1.0264233759752173,0.20765119458130293,0.19186646242950656,0.2249066774460573,0.004351016357953152,0.004044909625580014,0.00461567928842785,0.6909798468754405,0.6776169210625584,0.7030898206729352,0.1442911015947267,0.12326265651679524,0.1534209018129879,2.0,2.0,3.0,1.914484320464009,1.5789181118774793,1.9982879883313114,,,,1.0285579928765844,125
485,10,main,t3,exponential,0.4,0,1042,proportional,50,0.0,False,135.52936244010925,12.320851130919023,1.0,0.12717,2.0,0.8883008999374031,0.11519666666666667,0.014579733333333334,2.977,124.03366666666666,2.9676666666666667,0.024001547966815463,1.0106803808256677,0.964496267128353,1.0422921947658972,0.20146282033125956,0.19081507667308162,0.21331383307216392,0.00430724101354105,0.004128103116861135,0.0046017348311354535,0.6863535149915292,0.674995347664747,0.6922123351243172,0.15450890720258553,0.1448132279381556,0.163808880219326,2.0,2.0,3.0,1.9108607696289304,1.605942146805581,1.9991566898220618,,,,0.8496102645297849,179
486,10,main,t3,exponential,0.4,1,1043,proportional,50,0.0,False,134.30343222618103,12.209402929652821,1.0,0.12717,2.0,0.8978198220586455,0.1091648,0.0129852,2.9036666666666666,124.35466666666666,2.888,0.023349880985568162,1.0159289771372508,0.9766929303206878,1.0386926309024138,0.19573296502552068,0.18821858677256,0.2092403801291433,0.004134773047377933,0.003918937365767434,0.004441253676375357,0.6799860693617354,0.6691330296102972,0.6903941428017377,0.13244969166987489,0.1252136274753505,0.14925501156286744,2.0,2.0,3.0,1.9204390749601852,1.6238043762283496,1.9983804303327894,,,,0.9079935549276573,147
487,10,main,t3,exponential,0.4,2,1044,proportional,50,0.0,False,134.5401086807251,12.23091897097501,1.0,0.12717,2.0,0.8900081869025012,0.11480066666666666,0.013394533333333333,2.857666666666667,124.162,2.8583333333333334,0.023015630117642006,1.0102178487174585,0.947926677817729,1.0341609810202095,0.19665089640552513,0.1908099141271638,0.2128935850723902,0.004265446940588887,0.003997104539402061,0.004524503696495333,0.6800381758015317,0.671847994136977,0.6933729697442264,0.13636402806784023,0.11773943828941909,0.15197950960006967,2.0,2.0,3.0,1.9190595450586698,1.614503940119361,1.998968803701531,,,,0.8764982953225718,144
488,10,main,t3,exponential,0.4,3,1045,proportional,50,0.0,False,135.14853310585022,12.28623028235002,1.0,0.12717,2.0,0.8998459770167012,0.11054386666666667,0.013051333333333333,2.888,124.16066666666667,2.88,0.02326018438474879,1.0248622654301462,0.9836405941987667,1.0520469152125065,0.20061794785727877,0.18633268873744618,0.20884195670260525,0.004234450286252634,0.003982486661315843,0.004460426987305076,0.6788873331374019,0.6741084825331151,0.6883462061831632,0.13970810037075065,0.12370835452898213,0.1596982940995469,2.0,2.0,2.0,1.9189455439262766,1.6103706358001209,1.9983941906761185,,,,0.8823108920009772,139
489,10,main,t3,exponential,0.4,4,1046,proportional,50,0.0,False,129.0386552810669,11.730786843733354,1.0,0.12717,2.0,0.8987393475920946,0.1202156,0.015333733333333334,2.9903333333333335,124.476,2.999,0.024023372644793643,1.002823547592234,0.9706602227225712,1.0266780658751378,0.2100645106996915,0.19476264669899274,0.22250462588243528,0.0043197576141396415,0.004149048006887741,0.004679627729801858,0.6871351453789056,0.6777500278629791,0.7011924503017202,0.1583413911478932,0.14412216030814173,0.17281838040896835,2.0,2.0,3.0,1.9256315144076903,1.6116480232066985,1.9992140310763902,,,,0.7763406882584248,165
490,10,main,t3,exponential,0.5,0,1042,proportional,50,0.0,False,125.61110949516296,11.419191772287542,1.0,0.12717,2.0,0.9103302127439313,0.11423106666666667,0.014928666666666666,3.0873333333333335,124.266,3.0693333333333332,0.02484455388709167,1.0012478788568515,0.9595703834646202,1.03739846770364,0.20040859060012775,0.1925389431491763,0.2147276823346044,0.004243668307411588,0.004092470013981457,0.004470844569796134,0.6850572344719665,0.6742017627934674,0.6937350949335732,0.14664359166546673,0.12695832959513353,0.1602195879593062,2.0,2.0,3.0,1.935523382172701,1.640479138954481,1.9995556955008587,,,,1.0725936191767893,157
491,10,main,t3,exponential,0.5,1,1043,proportional,50,0.0,False,124.46017742156982,11.314561583779074,1.0,0.12717,2.0,0.9010848263022925,0.1084652,0.013004133333333332,2.934,124.23166666666667,2.939,0.02361716685225184,1.0193754194944842,0.9558060745454654,1.0497764945157873,0.19847215948939695,0.1905644573794649,0.21304225536712973,0.004195987472805276,0.0039581597620262825,0.00447480851650391,0.6813333269885977,0.6676834734549619,0.6894031696113342,0.1427013762066397,0.12712618295206812,0.163049720793444,2.0,2.0,3.0,1.9328885540634555,1.6151379735103912,1.999436122927248,,,,0.8098171955007786,135
492,10,main,t3,exponential,0.5,2,1044,proportional,50,0.0,False,124.93426537513733,11.357660488648849,1.0,0.12717,2.0,0.9007509649507068,0.11294893333333333,0.014414266666666667,2.9896666666666665,124.142,2.9913333333333334,0.024082636550616765,1.009080006630527,0.9778183184563245,1.0370038621680133,0.1973629977069492,0.1923162490718806,0.2151296724649312,0.004191485063865253,0.003998940747809833,0.004555787099448663,0.6799143699448684,0.6705051515102698,0.6907782892080578,0.13941610901503126,0.13074620170305312,0.1655992616645894,2.0,2.0,3.0,1.933757180657829,1.6367055690051315,1.9996548615292653,,,,0.9897384475619531,137
493,10,main,t3,exponential,0.5,3,1045,proportional,50,0.0,False,123.95066499710083,11.268242272463711,1.0,0.12717,2.0,0.9016869985543178,0.1102692,0.012716666666666666,2.8703333333333334,124.441,2.8726666666666665,0.023065817000291974,1.0110122058876256,0.9852801247605312,1.0342990225912712,0.19771910682922078,0.18612663981941963,0.20710313061206387,0.004113483104329007,0.003937101125880996,0.00437940604277872,0.6793717448093237,0.6679166596487089,0.6876147709236832,0.13026328631324674,0.12053315208137245,0.15472206849104136,2.0,2.0,3.0,1.927341216780853,1.6225639249699908,1.9987360037263153,,,,0.9357543107018355,142
494,10,main,t3,exponential,0.5,4,1046,proportional,50,0.0,False,126.10930919647217,11.464482654224742,1.0,0.12717,2.0,0.9017993307591725,0.1189348,0.015716933333333332,3.0383333333333336,124.15666666666667,3.0406666666666666,0.024471769538486322,1.0086102077260457,0.9639970209990038,1.055356532524723,0.2047860692908386,0.18908503925693318,0.22109591265647563,0.0042259209782944335,0.003983389521035627,0.004700581091855347,0.6875445052903734,0.672770785190505,0.6976626516115296,0.1585100054868569,0.14162956760602474,0.1730735764032667,2.0,2.0,3.0,1.9273262288657835,1.6140349534276148,1.9991274107371235,,,,0.9805149483557196,140
495,11,main,t3,power_law,0.0,0,1142,proportional,50,0.0,False,122.61720514297485,11.14701864936135,1.0,0.12717,,,0.12816866666666665,0.0,0.0,125.26933333333334,0.0,0.0,0.9995526310009968,0.9706124397271132,1.0380186467641646,0.19676794557408012,0.18585581344518215,0.2079428666749804,0.003935358911481602,0.003717116268903642,0.004158857333499608,0.6787364775536526,0.6706915393036026,0.6880182691306687,0.0,0.0,0.0,,,,,,,,,,,0
496,11,main,t3,power_law,0.0,1,1143,proportional,50,0.0,False,120.11853051185608,10.919866410168735,1.0,0.12717,,,0.12479013333333333,0.0,0.0,125.143,0.0,0.0,1.0000127162261423,0.9510125391564233,1.0452168661878765,0.201207509814598,0.19210001969558693,0.21470772769364066,0.004024150196291958,0.003842000393911741,0.004294154553872814,0.681004726457453,0.6729531448637034,0.6871923718370521,0.0,0.0,0.0,,,,,,,,,,,0
497,11,main,t3,power_law,0.0,2,1144,proportional,50,0.0,False,120.26411581039429,10.933101437308572,1.0,0.12717,,,0.1289428,0.0,0.0,125.19266666666667,0.0,0.0,0.9935532510609293,0.9650377605631792,1.0319442391768725,0.20154782271755778,0.19036747909278048,0.21293583360814688,0.004030956454351154,0.003807349581855611,0.004258716672162937,0.6781470097884863,0.6730581715245592,0.6914250260093127,0.0,0.0,0.0,,,,,,,,,,,0
498,11,main,t3,power_law,0.0,3,1145,proportional,50,0.0,False,120.2683777809143,10.933488889174027,1.0,0.12717,,,0.12857586666666668,0.0,0.0,124.52966666666667,0.0,0.0,0.9988620563028814,0.9724107748730552,1.0436101498733388,0.20041049672320232,0.1909593714717122,0.21092409290828884,0.0040082099344640465,0.0038191874294342446,0.004218481858165774,0.6776228143196718,0.6691587023959314,0.6875003191924243,0.0,0.0,0.0,,,,,,,,,,,0
499,11,main,t3,power_law,0.0,4,1146,proportional,50,0.0,False,121.13331842422485,11.012119856747715,1.0,0.12717,,,0.1292516,0.0,0.0,125.03266666666667,0.0,0.0,0.9866533591580893,0.9506461543483695,1.0374617471694902,0.20716264530841041,0.18802481757842135,0.2238767439013825,0.004143252906168207,0.0037604963515684266,0.004477534878027652,0.685286923449312,0.6661538836420181,0.7021375675669767,0.0,0.0,0.0,,,,,,,,,,,0
500,11,main,t3,power_law,0.01,0,1142,proportional,50,0.0,False,124.29670810699463,11.299700736999512,1.0,0.12717,2.0,0.8707030539123921,0.11864106666666667,0.009443733333333334,1.9253333333333333,124.849,1.9233333333333333,0.01542129559174149,1.0022231910687198,0.9734716582228432,1.0400265489135219,0.19668323501581542,0.18579807126309733,0.20783671679764876,0.004048709849271795,0.0038605406455287216,0.004301695747130069,0.6820472608771136,0.6711043058090906,0.6889178980242923,0.11236731904855363,0.09407472061781916,0.1188633236213737,2.0,2.0,2.0,1.8056960799396138,1.4617991605258545,1.973183231610081,,,,0.8813171734849045,120
501,11,main,t3,power_law,0.01,1,1143,proportional,50,0.0,False,123.22065329551697,11.201877572319724,1.0,0.12717,2.0,0.8648368070198348,0.11631733333333333,0.0083836,1.834,124.956,1.831,0.014677166362559621,1.0008871415020657,0.949972978255101,1.0442528281123198,0.2011893267524717,0.19212976530993253,0.214795044193602,0.004127233379092331,0.004008403930737135,0.004360147781301958,0.6836275126664713,0.6743463638591478,0.6895621935620843,0.10021989299586105,0.08759526858927602,0.117148554180246,2.0,2.0,2.0,1.7978542135085407,1.458674526981187,1.9728989541936244,,,,0.9155529983237745,121
502,11,main,t3,power_law,0.01,2,1144,proportional,50,0.0,False,127.25795125961304,11.568904659964822,1.0,0.12717,2.0,0.8636078733622732,0.1196824,0.009182,1.8473333333333333,124.55633333333333,1.8363333333333334,0.014831307922252047,0.9945925186247996,0.9629001311845862,1.0300578417509634,0.20140104961299973,0.1902873086733592,0.21269872013166102,0.004116852066793974,0.00390442248438839,0.004353076437969528,0.6796085198007382,0.6731916216913952,0.6927901461388116,0.10573730035380217,0.09075759894180592,0.11966002636695686,2.0,2.0,2.0,1.7912202118097011,1.4612125386829993,1.971932710246699,,,,1.0649251010086094,131
503,11,main,t3,power_law,0.01,3,1145,proportional,50,0.0,False,127.22016525268555,11.565469568425959,1.0,0.12717,2.0,0.8584345026787513,0.119398,0.009097866666666666,1.8373333333333333,124.68466666666667,1.8286666666666667,0.014735840279745704,1.0020911411348121,0.9731816650769622,1.044544809749628,0.20037075626450368,0.19080476331223198,0.2108012435516783,0.00418261104482771,0.003907110808664302,0.00435261955351679,0.6792712927248301,0.6723371916059985,0.6897785306586914,0.10752547669704854,0.09675235944353139,0.11474519113209486,2.0,2.0,2.0,1.7880693183270522,1.4231391299207525,1.9737165010266875,,,,0.8224248412618087,114
504,11,main,t3,power_law,0.01,4,1146,proportional,50,0.0,False,126.63773131370544,11.512521028518677,1.0,0.12717,2.0,0.8609647684928561,0.1201108,0.009042933333333333,1.8686666666666667,124.71966666666667,1.8773333333333333,0.014982935062366535,0.9864962740422747,0.9529562397038037,1.0394577267269898,0.20717611211741008,0.1878792113798977,0.22375441912538757,0.004216816850628669,0.0038678677335006713,0.0046024818943466396,0.6873231860167699,0.669154765927437,0.702610373173546,0.10820632276762954,0.09024568384059006,0.12316645792338553,2.0,2.0,2.0,1.7850970840564129,1.4419617790336845,1.9690006520130683,,,,0.9038388397413425,89
505,11,main,t3,power_law,0.02,0,1142,proportional,50,0.0,False,124.23919630050659,11.294472390955145,1.0,0.12717,2.0,0.8475083367800901,0.11534373333333334,0.012581066666666666,2.634333333333333,124.89033333333333,2.6293333333333333,0.021093172409927644,0.9949587760538228,0.971054144607939,1.0364715158281634,0.19631778898207694,0.18546570811346838,0.2080050108545952,0.004095719297167609,0.003879019594817776,0.0043783302500379,0.6839168367403099,0.6735570191020797,0.6898282054279046,0.14665345153702475,0.11931855480530068,0.18003985807270834,2.0,2.0,2.0,1.8159505140388164,1.4550778296034035,1.9829672466951263,,,,0.935011594879049,140
506,11,main,t3,power_law,0.02,1,1143,proportional,50,0.0,False,123.43962168693542,11.221783789721401,1.0,0.12717,2.0,0.8457008409615773,0.11294426666666667,0.0116532,2.617,124.24733333333333,2.626333333333333,0.021062826298082857,1.0042106738743726,0.9600558196949246,1.0377774306086753,0.20095933600567287,0.19181713702812658,0.21478035263887924,0.0041945257234205025,0.004018720696642434,0.00452357256718831,0.6851058524970939,0.6758659606951052,0.6916968582756822,0.15922533999465477,0.1439889170506729,0.17123807400542296,2.0,2.0,2.0,1.8080625269389192,1.4479863296656053,1.9797912415588002,,,,0.8001936634817429,151
507,11,main,t3,power_law,0.02,2,1144,proportional,50,0.0,False,123.93852877616882,11.267138979651712,1.0,0.12717,2.0,0.8528619904925714,0.1171204,0.011577066666666667,2.5406666666666666,124.738,2.529333333333333,0.02036802471313206,0.9992328946952513,0.9637613816846831,1.0331467836463673,0.2011211945843261,0.190225117242276,0.21276009107205718,0.004211371783716652,0.003961364673114719,0.004489774926833593,0.6789881332268999,0.6759431357510022,0.6949511764807821,0.1499322913630643,0.13806625248522367,0.16263368941442255,2.0,2.0,2.0,1.7985706327471715,1.4484875534490278,1.9769758499928192,,,,0.840870375681056,156
508,11,main,t3,power_law,0.02,3,1145,proportional,50,0.0,False,124.13467073440552,11.284970066764139,1.0,0.12717,2.0,0.8391641381890818,0.11625733333333334,0.012096933333333334,2.534,124.20166666666667,2.5316666666666667,0.020402302706619607,1.0080670217285124,0.9711903266954373,1.0428690778727834,0.19981255023987254,0.190584765070004,0.21102522693441134,0.004209154801281375,0.003956084667467334,0.0044348220467862074,0.6830028007774761,0.6738585066026185,0.6907419900517842,0.15774665249900213,0.13712025541339912,0.17046527988882146,2.0,2.0,2.0,1.8054731625239944,1.4394393608633733,1.9816744709478407,,,,0.9122902073652142,134
509,11,main,t3,power_law,0.02,4,1146,proportional,50,0.0,False,123.60535478591919,11.236850435083563,1.0,0.12717,2.0,0.8491985227916565,0.11701786666666666,0.011993066666666666,2.542333333333333,124.54466666666667,2.547,0.02041302451061734,0.9900270415989365,0.9501414258910968,1.0381485469998226,0.2070128526225843,0.18773228439090198,0.22378739458067787,0.004406337004773545,0.00399736599565685,0.004767649692292423,0.6887073749492543,0.6702979763015395,0.7077230149789027,0.16080814339023686,0.14482272933430795,0.17521185334605216,2.0,2.0,2.0,1.8184610222470197,1.4465652784681837,1.9863270456330344,,,,0.9570202230993291,129
510,11,main,t3,power_law,0.05,0,1142,proportional,50,0.0,False,124.29747462272644,11.299770420247858,1.0,0.12717,2.0,0.8350473791992498,0.1123908,0.0151128,3.27,124.33066666666667,3.2586666666666666,0.026300832189430336,0.9961003553375143,0.9684431898675896,1.0401554520022442,0.19610310840717635,0.18542478480045144,0.20650193234649838,0.004241726730141731,0.004043280421920556,0.004433645197786886,0.6837430000251845,0.6750186267064178,0.6933186629616295,0.21013782496544095,0.18688574442612427,0.23184327038423175,2.0,2.0,2.0,1.8113194427572368,1.4310344165046536,1.985993483636751,,,,0.9807657199593954,169
511,11,main,t3,power_law,0.05,1,1143,proportional,50,0.0,False,123.732337474823,11.248394315893,1.0,0.12717,2.0,0.8472272828024411,0.1092284,0.014929333333333333,3.346,124.57233333333333,3.35,0.026859896659771967,1.0066609580704786,0.9524347351815937,1.0535731243849604,0.2002841733747388,0.19209297755498184,0.21353375829677568,0.004255665349042392,0.0040836242460419205,0.004508640910392662,0.6846728405671154,0.6778467045582388,0.6943531432225793,0.19500412125154648,0.17419705473093403,0.2097511491796928,2.0,2.0,2.0,1.8320568090160643,1.455123992703751,1.9880299850994405,,,,0.6780867958251611,175
512,11,main,t3,power_law,0.05,2,1144,proportional,50,0.0,False,124.53850054740906,11.321681867946278,1.0,0.12717,2.0,0.8278144208888395,0.11390106666666666,0.014372266666666666,3.208,124.27766666666666,3.1863333333333332,0.025813165680076605,0.9999225731151316,0.9576135977891608,1.0290616354615647,0.20076111664874985,0.18982914958267316,0.21184073270973947,0.004361333041082004,0.003975519347311106,0.004593957439210304,0.6843954522735961,0.6794178140529534,0.695679128506446,0.19531224188261637,0.17873831547153887,0.21278855684333656,2.0,2.0,2.0,1.8129972289687906,1.4261571240572402,1.9874746893794883,,,,0.9225156610827187,189
513,11,main,t3,power_law,0.05,3,1145,proportional,50,0.0,False,124.58560228347778,11.325963843952525,1.0,0.12717,2.0,0.827344366401195,0.11337706666666666,0.014598533333333334,3.171333333333333,124.01266666666666,3.173,0.025572656556588306,1.0157723723620382,0.9649632008563758,1.0444352324907746,0.20000134206026846,0.18957757351418855,0.21079130183124897,0.004285628790131943,0.004049476479974706,0.004507852436815899,0.6819932058063995,0.6735119912932157,0.6919671955044611,0.1972752280941213,0.17913416801081744,0.21818129564042682,2.0,2.0,2.0,1.8064654050097984,1.4109922256026703,1.9827609488072615,,,,0.8412515337554808,155
514,11,main,t3,power_law,0.05,4,1146,proportional,50,0.0,False,124.35494112968445,11.304994648153132,1.0,0.12717,2.0,0.8323879363662761,0.11362093333333333,0.014925466666666666,3.2226666666666666,124.518,3.2373333333333334,0.025881130974370507,0.9955152284757447,0.956738144374415,1.054462537845135,0.20659101332217994,0.18826812288915296,0.22299062481253498,0.004464890332123375,0.004109109828350703,0.0047473858889334,0.6878859803635278,0.6732295568484375,0.7090302312946531,0.21372488889231067,0.17729308805927935,0.22183451651276703,2.0,2.0,2.0,1.8138298347996582,1.435015955501013,1.988082697679972,,,,0.8229091743684026,139
515,11,main,t3,power_law,0.1,0,1142,proportional,50,0.0,False,124.99591875076294,11.36326534097845,1.0,0.12717,2.0,0.8348538094798976,0.1096124,0.0170628,3.695333333333333,124.20466666666667,3.6846666666666668,0.029751968525068836,1.0099538841451285,0.9723264499776564,1.0341365915689908,0.19525023959062285,0.18441425483270715,0.20427357184461034,0.004189860344904981,0.004007333472932504,0.004545626195449875,0.6816845023272013,0.6739718969723474,0.6928300736829306,0.2277976175348227,0.19981576311693866,0.2605667618380113,2.0,2.0,2.0,1.8331407905617827,1.4436646481386792,1.9923381584860034,,,,0.9313056895136981,182
516,11,main,t3,power_law,0.1,1,1143,proportional,50,0.0,False,124.7049949169159,11.336817719719626,1.0,0.12717,2.0,0.8288148007961661,0.10698213333333334,0.016394133333333335,3.7676666666666665,124.19666666666667,3.7723333333333335,0.030336294586542845,1.0012959779896065,0.9602763609157812,1.0532988135694215,0.19902793068751762,0.19099041062967181,0.213221355686926,0.004285716182473279,0.004123034823709793,0.004578391496115752,0.6884870836688861,0.6750108611636411,0.6957771066842804,0.23173316735557373,0.21082825521651538,0.24774029492499708,2.0,2.0,2.0,1.827472253606266,1.4512680284997965,1.9937590364998128,,,,0.8992043821152964,198
517,11,main,t3,power_law,0.1,2,1144,proportional,50,0.0,False,125.9985842704773,11.454416751861572,1.0,0.12717,2.0,0.8226272825787568,0.11067733333333334,0.01674,3.6483333333333334,124.23066666666666,3.6273333333333335,0.029367413306429977,0.9931890695030751,0.9662739518469706,1.0318449889174548,0.1995883654263511,0.18993993233310055,0.21013181987821314,0.004197286388163799,0.004093616177475159,0.004589654042527899,0.6833114241442863,0.6780754915494671,0.6959213561683051,0.22619889786098238,0.2134497781157759,0.2466768755089067,2.0,2.0,2.0,1.8135426667470123,1.440734744190899,1.988837044231991,,,,0.932089393713285,192
518,11,main,t3,power_law,0.1,3,1145,proportional,50,0.0,False,126.46741700172424,11.49703790924766,1.0,0.12717,2.0,0.8223017141782142,0.11071946666666667,0.0164272,3.622,124.01833333333333,3.6133333333333333,0.029205359422666003,1.0133673521900302,0.9731751846609586,1.042380865819333,0.1999960565919789,0.18964360562301674,0.21016557614218828,0.004381827115141625,0.004176041645775729,0.004682331537516924,0.6850070494184664,0.674288746455247,0.6904466388240997,0.22830294817896576,0.20945282370625798,0.24874126316671938,2.0,2.0,2.0,1.8113295307779889,1.4204360159213814,1.989745746892415,,,,1.0073752623679646,179
519,11,main,t3,power_law,0.1,4,1146,proportional,50,0.0,False,125.5643002986908,11.414936390790073,1.0,0.12717,2.0,0.8285067720042459,0.1111728,0.0165844,3.6533333333333333,124.279,3.6563333333333334,0.029396224087201647,0.9930043824507284,0.955120779354031,1.0426760199039444,0.20599715616302836,0.18621840540535978,0.22146192151294938,0.004464272213725542,0.003976541689655148,0.004786401690025974,0.688953322646908,0.6718854950265162,0.7051611289052708,0.22564683886406234,0.20916359124247028,0.2407476548768405,2.0,2.0,2.0,1.8242808315708106,1.4236862597182833,1.989290034991713,,,,0.7723534352534527,170
520,11,main,t3,power_law,0.2,0,1142,proportional,50,0.0,False,126.18819570541382,11.47165415503762,1.0,0.12717,2.0,0.8321002284499611,0.1063264,0.0187524,4.206666666666667,123.655,4.200666666666667,0.03401938188238783,1.0073688961738108,0.9742877725757902,1.0520910843768525,0.19291055328537748,0.18237174148341984,0.2063424194001204,0.0042049226336520265,0.0040485535460944135,0.004580194309139253,0.6812432169001477,0.6730711908721125,0.6923582954625161,0.25374134237707213,0.2406771273782044,0.27466481884204286,2.0,2.0,3.0,1.835394943737722,1.4380121095229808,1.9942231437991418,,,,1.016605247180328,193
521,11,main,t3,power_law,0.2,1,1143,proportional,50,0.0,False,124.57461094856262,11.32496463168751,1.0,0.12717,2.0,0.8365622068267772,0.10381586666666667,0.017877466666666668,4.299333333333333,123.83166666666666,4.294333333333333,0.03471917522443101,1.011456531364967,0.9602682820598902,1.049758382688945,0.19747663642184593,0.18962488112241885,0.21122328540360824,0.004256352934086934,0.004112412442592178,0.00464816121736715,0.6836075500706422,0.6723504658068505,0.689435244743027,0.252958001647956,0.2366111091507934,0.27661611028856065,2.0,2.0,3.0,1.8531569194987896,1.4536687486667705,1.995023693592914,,,,0.9736759090099288,218
522,11,main,t3,power_law,0.2,2,1144,proportional,50,0.0,False,124.96481370925903,11.360437609932639,1.0,0.12717,2.0,0.827088877921448,0.1078432,0.018064133333333333,4.091333333333333,123.90866666666666,4.085,0.033018944060948116,1.0141311289262998,0.9843637414629076,1.0345966945154235,0.19890250641436585,0.18679666921342977,0.20982254035634698,0.0042525207274113925,0.004079166493424428,0.00463424189656276,0.6835941469297766,0.6741627844964956,0.6941547239233781,0.25361253650349513,0.23150939493169126,0.2668980005925917,2.0,2.0,3.0,1.830060963067825,1.4480466518585342,1.9924626820666125,,,,0.9587142533236429,207
523,11,main,t3,power_law,0.2,3,1145,proportional,50,0.0,False,125.95887231826782,11.450806574387984,1.0,0.12717,2.0,0.8288580181099402,0.1068864,0.0187168,4.162333333333334,123.511,4.163333333333333,0.033700102285086624,1.012499817846957,0.9692715254535824,1.0393816702542025,0.19970680590387224,0.18891887480455546,0.20909068607202413,0.004337662769209856,0.004073970541933505,0.004469779113169593,0.6833819097520684,0.6718196255123479,0.6918607481931454,0.2541164188169689,0.23537730741861448,0.28031943122061176,2.0,2.0,3.0,1.8344935197466858,1.4433978186292196,1.9931667358021057,,,,0.9154970276237304,202
524,11,main,t3,power_law,0.2,4,1146,proportional,50,0.0,False,132.41631603240967,12.037846912037242,1.0,0.12717,2.0,0.8322612320812839,0.10783426666666666,0.018308,4.14,123.832,4.153333333333333,0.033432392273402674,1.0016850104166686,0.9629729149888977,1.0616010330718484,0.20394599375386274,0.1873063717823684,0.2217330354802963,0.004399979901731219,0.0040724290086782515,0.0048270478982397075,0.6857360369479716,0.6724090658330568,0.704354116377602,0.2541100642140283,0.22972695627950965,0.26641424862155005,2.0,2.0,3.0,1.8352907206545543,1.4448482093976076,1.9943479422127797,,,,0.8949049680850023,185
525,11,main,t3,power_law,0.3,0,1142,proportional,50,0.0,False,128.4466347694397,11.676966797221791,1.0,0.12717,2.0,0.8411410039620133,0.10276026666666667,0.020447066666666666,4.661333333333333,123.757,4.664,0.03766520951003445,1.0082044894683029,0.9833345025017148,1.060148497478728,0.1883446122843485,0.18344422505642163,0.20495971126011525,0.004095838838363403,0.003989636023867435,0.004395506265889314,0.6763738010469227,0.6701807074405718,0.6887038819101637,0.2556208630514264,0.235354061769611,0.28130245963570144,2.0,2.0,3.0,1.8804886077801943,1.484576730859838,1.998391299790138,,,,0.9398542444773424,209
526,11,main,t3,power_law,0.3,1,1143,proportional,50,0.0,False,127.34783148765564,11.577075589786876,1.0,0.12717,2.0,0.8384336355048626,0.10116786666666666,0.019156933333333334,4.657,123.837,4.657666666666667,0.03760588515548665,1.022178838496332,0.9627388754647968,1.0429141852331825,0.19995168844827374,0.18777288326025454,0.21019973057782132,0.004333805366381144,0.004058961884584018,0.004782701548911073,0.6832230125685392,0.6710791138442096,0.690548211153049,0.2703641210362503,0.25847815387919665,0.28944575797542593,2.0,2.0,3.0,1.8578717791293344,1.4639546649405262,1.9971994363278638,,,,0.8664354955016143,226
527,11,main,t3,power_law,0.3,2,1144,proportional,50,0.0,False,125.14088416099548,11.376444014635952,1.0,0.12717,2.0,0.8390241043844042,0.10471773333333333,0.019305466666666667,4.547,123.62766666666667,4.538666666666667,0.03677979308838636,1.0015572310490377,0.972787900335919,1.0306368801393169,0.19804250734543058,0.1849735814404624,0.20794831636588273,0.004262175714436812,0.004032898246582076,0.004558047113869301,0.6820949322181497,0.6730149026278776,0.693752240605455,0.26721444396717947,0.24648485134227566,0.2776870880333641,2.0,2.0,3.0,1.8605527043668526,1.4652411078196808,1.996579825470831,,,,0.8843254821457751,238
528,11,main,t3,power_law,0.3,3,1145,proportional,50,0.0,False,123.95153141021729,11.26832103729248,1.0,0.12717,2.0,0.8419641085674626,0.10415053333333334,0.019574,4.532333333333334,123.44566666666667,4.534,0.03671520804024443,1.0334252165568794,0.9834248034561331,1.0608799100928312,0.19601975826912504,0.18591318888656772,0.20732949291334246,0.004273529072856943,0.003976697346371553,0.00458471005436393,0.6825015254584403,0.6705304234677713,0.6893122474321813,0.27802378453192933,0.2561733273998088,0.29154993697801357,2.0,2.0,3.0,1.8639138326480145,1.4841553751839212,1.9963470785865165,,,,0.9073232402767212,222
529,11,main,t3,power_law,0.3,4,1146,proportional,50,0.0,False,126.22040843963623,11.474582585421475,1.0,0.12717,2.0,0.8411114894438191,0.10434093333333333,0.020111466666666668,4.537,123.73,4.5473333333333334,0.03666855249333226,1.0191794474347788,0.9560626495116906,1.0599510824254486,0.20277487863432714,0.18546450016037602,0.22067478910929506,0.004418050106857899,0.004064076053318456,0.004882635057112529,0.6855964551653859,0.6720545253496163,0.7018174353441589,0.2729410242307453,0.2615821048938276,0.3029543426694217,2.0,2.0,3.0,1.8623601691505027,1.4600396242036442,1.9974077064194249,,,,0.9285140088601452,205
530,11,main,t3,power_law,0.4,0,1142,proportional,50,0.0,False,125.78091764450073,11.434628876772793,1.0,0.12717,2.0,0.8442347054314862,0.1009504,0.0206304,4.834333333333333,123.67966666666666,4.827,0.03908753527257243,1.0260884764704103,0.9877254482178364,1.0615912934599803,0.1891153025698718,0.18022010949778483,0.19988246096059004,0.004144789740824259,0.003923255546671012,0.004462209601012324,0.6756185347701468,0.6688300231091198,0.6860151955484408,0.2738107234067018,0.2587572019086118,0.28774984933912345,2.0,2.0,3.0,1.8709441070858603,1.4903292863436894,1.9982168435248782,,,,0.9180034360648266,220
531,11,main,t3,power_law,0.4,1,1143,proportional,50,0.0,False,125.71050524711609,11.428227749737827,1.0,0.12717,2.0,0.8459967834539485,0.09985573333333334,0.019110266666666667,4.714333333333333,123.337,4.725333333333333,0.038223187959276886,1.0067819396676403,0.9635176573260591,1.0444685727080913,0.19691792685001047,0.184739706408044,0.21237524658390322,0.004306336154802337,0.004049418857669639,0.004632245006537569,0.68172350037918,0.6710631289512096,0.6880145979140521,0.2713231685098191,0.25027469597355007,0.2878114795346351,2.0,2.0,3.0,1.8714892721043719,1.499471323442114,1.9981264340535163,,,,0.9151504044953236,238
532,11,main,t3,power_law,0.4,2,1144,proportional,50,0.0,False,126.70450448989868,11.518591317263516,1.0,0.12717,2.0,0.8568832384370767,0.10196906666666666,0.020317733333333334,4.771333333333334,123.39133333333334,4.753,0.03866830193368524,1.0088500240834657,0.990685107895694,1.054199146322458,0.19347841769847574,0.18063941284413412,0.20351075984520106,0.004220414467439245,0.003987491648793076,0.004530667726393737,0.676599345229254,0.6728461654389497,0.6903114679861544,0.27808691394643537,0.2454572521288141,0.29531213286290753,2.0,2.0,3.0,1.893443694955517,1.500640339143014,1.9982602076671887,,,,0.8521578552761325,245
533,11,main,t3,power_law,0.4,3,1145,proportional,50,0.0,False,125.16182136535645,11.378347396850586,1.0,0.12717,2.0,0.8568846272549362,0.1020292,0.020238533333333333,4.733333333333333,123.58633333333333,4.729333333333333,0.038299812007260785,1.0102840413092506,0.9796599792550227,1.0414117094119753,0.19483894939311558,0.1874588275173482,0.20683469829999068,0.004217714931284045,0.004081955674241759,0.00454926224269801,0.678423601181528,0.6704081169017932,0.6897699664531072,0.26304482052067735,0.23290115165541275,0.2821214332751691,2.0,2.0,3.0,1.892929401967453,1.5097583896474496,1.9983458162141163,,,,0.9607744093600559,213
534,11,main,t3,power_law,0.4,4,1146,proportional,50,0.0,False,126.37268996238708,11.488426360217007,1.0,0.12717,2.0,0.8495865835984813,0.102224,0.020619866666666667,4.722,123.68933333333334,4.734333333333334,0.03817629113801244,1.0094422453473633,0.978239638556233,1.0524008153970337,0.2020663273482085,0.18572430614086863,0.21922370598352034,0.004480434486812859,0.00421630304358537,0.004807582452107771,0.6857538027325394,0.6719953961434955,0.7020701509759275,0.27277480138989413,0.2502718748093042,0.29217715294249674,2.0,2.0,3.0,1.8955702837049604,1.5031078641450146,1.99907592249588,,,,0.8035966872963481,200
535,11,main,t3,power_law,0.5,0,1142,proportional,50,0.0,False,127.0150260925293,11.546820553866299,1.0,0.12717,2.0,0.8639588963744204,0.09934546666666667,0.020749066666666666,4.870666666666667,123.62533333333333,4.872,0.03939861301351395,1.0446104801580933,1.0052341931813025,1.0769290447017463,0.19141896095768682,0.18027984992925447,0.1984029514293521,0.004163335035886657,0.003916804967814066,0.004393920564005577,0.673479978573686,0.6653959127815805,0.6817809282553574,0.26338007572692496,0.2497719411708358,0.28479831702805614,2.0,2.0,3.0,1.9054154813629225,1.5305150752898669,1.9996357391661057,,,,0.9023396480240607,209
536,11,main,t3,power_law,0.5,1,1143,proportional,50,0.0,False,124.3499276638031,11.304538878527554,1.0,0.12717,2.0,0.8611921697129031,0.09766506666666666,0.019463866666666666,4.824,123.34,4.844,0.03911139938381709,1.0133545779199353,0.9941274087782658,1.0517641301719025,0.19256307611593398,0.18354619885290344,0.2048861052692312,0.004155156322400752,0.00398230901439217,0.004479319850519633,0.6761167257445506,0.6658730581920913,0.6858908325153656,0.25436891926927074,0.23912727562069935,0.2933471124420466,2.0,2.0,3.0,1.9024806936826588,1.5186191493590764,1.999118966757855,,,,0.8531175010294121,214
537,11,main,t3,power_law,0.5,2,1144,proportional,50,0.0,False,124.40805792808533,11.309823448007757,1.0,0.12717,2.0,0.8694320292423149,0.10129333333333333,0.019948266666666666,4.775666666666667,123.48133333333334,4.782333333333334,0.03867521136798004,1.0229788599588217,0.9936692191518623,1.0547713559539922,0.19640744843291064,0.18374218610931103,0.20257789940723167,0.004167768325235724,0.003984326752883387,0.0044919792974837305,0.6777118763003858,0.6677381345810627,0.6878834086491445,0.2523486014094567,0.23558746011654733,0.2767031170357609,2.0,2.0,3.0,1.9041537522427245,1.5411475288776861,1.9990806355502806,,,,0.9001709806735252,214
538,11,main,t3,power_law,0.5,3,1145,proportional,50,0.0,False,125.80570030212402,11.436881845647639,1.0,0.12717,2.0,0.8639184641304426,0.10063306666666667,0.019868266666666665,4.758333333333334,123.226,4.753666666666667,0.03861468629455905,1.0238596158897857,0.9994712451640734,1.0518060024891982,0.19543960080545475,0.1828578537340551,0.20215873394289124,0.004195538305156977,0.003918055879317048,0.0044914225945105486,0.676229288161115,0.6642516013758982,0.6853841781692782,0.2551923429426687,0.24076424290077203,0.26978852563417927,2.0,2.0,3.0,1.9024792116110087,1.5130151409868202,1.9986003763587408,,,,0.8694455302400571,232
539,11,main,t3,power_law,0.5,4,1146,proportional,50,0.0,False,130.29808640480042,11.845280582254583,1.0,0.12717,2.0,0.8674446980387907,0.1013948,0.020584666666666668,4.709333333333333,123.73533333333333,4.718,0.038059729637990765,1.0175894780483477,0.9945588540483428,1.0725239125634176,0.1994526009471504,0.18286393882286817,0.21301472733163906,0.004390522310203786,0.003959581900468611,0.004694636486445941,0.6814619127874618,0.6616284084906002,0.6973216369981227,0.26675279331239077,0.23712352736216816,0.29697639195094044,2.0,2.0,3.0,1.8923644653624478,1.5099275157902585,1.99842286613063,,,,0.851854092157601,213
540,12,equal-split,normal,linear,0.0,0,1242,equal,50,0.0,False,117.28439545631409,10.662217768755825,1.0,0.12717,,,0.08913706666666667,0.0,0.0,124.916,0.0,0.0,1.0781464765726534,1.0269658009322988,1.1124591417576155,0.1757075512068772,0.16383135059735698,0.19134305808208113,0.003514151024137543,0.0032766270119471393,0.003826861161641621,0.6529465971487307,0.6412652409519358,0.6643991100226369,0.0,0.0,0.0,,,,,,,,,,,0
541,12,equal-split,normal,linear,0.0,1,1243,equal,50,0.0,False,115.4770622253418,10.497914747758346,1.0,0.12717,,,0.0823136,0.0,0.0,124.698,0.0,0.0,1.0905907103919432,1.0358762728163968,1.1369714051921092,0.17560435854334466,0.16482342952212303,0.18598781384694357,0.003512087170866894,0.003296468590442461,0.003719756276938871,0.6467653989427676,0.6358690210230865,0.6583396913352069,0.0,0.0,0.0,,,,,,,,,,,0
542,12,equal-split,normal,linear,0.0,2,1244,equal,50,0.0,False,117.57342553138733,10.68849323012612,1.0,0.12717,,,0.08205066666666666,0.0,0.0,125.066,0.0,0.0,1.0736012776211394,1.0484665928751722,1.1096848140771467,0.172586222947678,0.16558211264586936,0.1852125253252837,0.0034517244589535603,0.0033116422529173867,0.0037042505065056743,0.6492617107048337,0.6369668676388188,0.6598439093637058,0.0,0.0,0.0,,,,,,,,,,,0
543,12,equal-split,normal,linear,0.0,3,1245,equal,50,0.0,False,119.80542540550232,10.89140230959112,1.0,0.12717,,,0.0963748,0.0,0.0,125.00666666666666,0.0,0.0,1.1016399732722366,1.039677556507206,1.1548812484549944,0.16825602919442054,0.15992700317622977,0.1816632762969102,0.003365120583888411,0.003198540063524594,0.0036332655259382033,0.6425441705154349,0.6304187946549067,0.6556932797556336,0.0,0.0,0.0,,,,,,,,,,,0
544,12,equal-split,normal,linear,0.0,4,1246,equal,50,0.0,False,113.23248434066772,10.293862212787975,1.0,0.12717,,,0.08334453333333333,0.0,0.0,125.01533333333333,0.0,0.0,1.06423541786281,1.0346242478797052,1.1166740995519757,0.17353467078716966,0.16475057565242152,0.18142256158654713,0.0034706934157433924,0.0032950115130484297,0.003628451231730942,0.6510401074546492,0.639067138110801,0.6571191283787171,0.0,0.0,0.0,,,,,,,,,,,0
545,12,equal-split,normal,linear,0.01,0,1242,equal,50,0.0,False,118.38926362991333,10.762660329992121,1.0,0.12717,2.0,0.8367716565604174,0.08828213333333333,0.0008421333333333334,0.306,125.13833333333334,0.30466666666666664,0.0024452938747785784,1.0855977299569384,1.0302199473314257,1.1137491927302103,0.17574725622143672,0.16386182409268749,0.19152918871457988,0.00352008375703467,0.0032935949660496985,0.003837622975777332,0.6527609164569361,0.6424086610993152,0.6644592572338535,0.019190815740483265,0.015143348702470154,0.023089160206702805,2.0,2.0,2.0,1.688220436041622,1.3462384189822505,1.9286789233382249,,,,0.9569301341075245,17
546,12,equal-split,normal,linear,0.01,1,1243,equal,50,0.0,False,117.1670446395874,10.651549512689764,1.0,0.12717,2.0,0.8282880013028953,0.0815744,0.0007376,0.2776666666666667,124.59166666666667,0.2783333333333333,0.002228613470670858,1.0928791350795883,1.0367477812659183,1.137340558520344,0.1756822818752058,0.1646984748201911,0.18603349604651961,0.0035222780857400897,0.003302811744816635,0.003728091017609486,0.6463631167657791,0.6359231222067594,0.6577422150889972,0.01658955677462006,0.012741798176325089,0.0200368854617025,2.0,2.0,2.0,1.6724536313147444,1.3246196882151096,1.9027350289024536,,,,0.8952810637268765,15
547,12,equal-split,normal,linear,0.01,2,1244,equal,50,0.0,False,119.08777499198914,10.826161362908103,1.0,0.12717,2.0,0.8192263388985515,0.08133053333333333,0.0007198666666666666,0.24466666666666667,125.30933333333333,0.24366666666666667,0.0019525015428486308,1.0737823980072996,1.0496082683054664,1.1105247766441586,0.17263365547709553,0.16564038890191896,0.18524987239708515,0.0034780159363276674,0.0033190184171413193,0.00370732640756216,0.6490241445806825,0.6378295174314919,0.6603345995485463,0.014186341020078803,0.010251086494496473,0.018521145527639667,2.0,2.0,2.0,1.6666025806043403,1.3694921448910455,1.9505057719753875,,,,0.9158684809529003,16
548,12,equal-split,normal,linear,0.01,3,1245,equal,50,0.0,False,121.570387840271,11.051853440024637,1.0,0.12717,2.0,0.8292977143634258,0.09446106666666666,0.0019066666666666668,0.6013333333333334,124.86033333333333,0.6043333333333333,0.004816047797405635,1.1015585595207695,1.0394660598773742,1.1581636884463402,0.16831981101486726,0.15997430683547542,0.18163316695958076,0.0034256935632004343,0.003218587689695844,0.0036730974587527118,0.6444804293869956,0.632327274381192,0.6562996100732398,0.03589833367140505,0.030531357691681922,0.044782987733168404,2.0,2.0,2.0,1.687952170760763,1.3477516597274117,1.930987420419143,,,,0.5889782518396222,29
549,12,equal-split,normal,linear,0.01,4,1246,equal,50,0.0,False,117.5919406414032,10.690176421945745,1.0,0.12717,2.0,0.8448385485225913,0.08249306666666667,0.0008504,0.30266666666666664,125.202,0.30333333333333334,0.002417426771670314,1.0654961285703548,1.0344232386115277,1.1162196715688277,0.17354797261032812,0.16477440643784125,0.1813667979056563,0.003489570188941059,0.0033016666084298755,0.003630411637982705,0.6522223010396229,0.640095706080152,0.6567173474039592,0.016030807412077325,0.012240563269812384,0.021038739875467456,2.0,2.0,2.0,1.7053466166767572,1.3606629532318624,1.9432023104042968,,,,1.2708327141143083,19
550,12,equal-split,normal,linear,0.02,0,1242,equal,50,0.0,False,121.4039454460144,11.036722313274037,1.0,0.12717,2.0,0.8448185641786696,0.08417813333333334,0.004898533333333333,1.819,124.736,1.815,0.014582798871216007,1.075208665941076,1.0221642812726803,1.1150425187504607,0.17538441336746524,0.16391616556181926,0.19121390799776292,0.003648098156075725,0.003362955528958529,0.003914520819156606,0.655841189410302,0.6439538954699646,0.6650919848670775,0.10617521283325236,0.09545275534044276,0.11135309865980349,2.0,2.0,2.0,1.743044302360228,1.4085199186762005,1.9544796554141792,,,,1.0443304822278545,99
551,12,equal-split,normal,linear,0.02,1,1243,equal,50,0.0,False,141.9599530696869,12.905450279062444,1.0,0.12717,2.0,0.8379126634094065,0.07806946666666667,0.004205866666666666,1.6306666666666667,124.654,1.6333333333333333,0.013081543044480457,1.092937305342971,1.0354120804980464,1.1376533579820238,0.1753212033469877,0.16459645107477242,0.18594783962916842,0.003563948804350534,0.0033980162688293726,0.003866179235128537,0.6499165544320548,0.6375384301767152,0.6582606098691217,0.09082008148325751,0.07735254514389103,0.1042041973161234,2.0,2.0,2.0,1.7221519152003673,1.3928834344869694,1.9519494707935898,,,,1.0459539950982766,89
552,12,equal-split,normal,linear,0.02,2,1244,equal,50,0.0,False,142.23573660850525,12.930521509864114,1.0,0.12717,2.0,0.8483443476369064,0.07801186666666667,0.003992266666666667,1.546,124.78733333333334,1.5516666666666667,0.012389077951287792,1.072989896783488,1.0493256049669002,1.1118544480486061,0.17239843220103845,0.16531574801934487,0.18505801698927055,0.0035115696725639815,0.003350579721778726,0.003751474473457088,0.6510598848979805,0.6410065593247934,0.6623601671164109,0.07939585841113048,0.06988375311381562,0.08738011102146932,2.0,2.0,2.0,1.7410018655309096,1.4159185573683437,1.949512884177469,,,,0.7426133410331437,80
553,12,equal-split,normal,linear,0.02,3,1245,equal,50,0.0,False,119.41008830070496,10.85546257279136,1.0,0.12717,2.0,0.8304038141460726,0.0898292,0.006445333333333333,2.1376666666666666,124.881,2.1366666666666667,0.017117629316442586,1.1016170691516425,1.0447486005220903,1.146961192582999,0.1678450509663214,0.1596201553295504,0.18103320830273836,0.003474409305387058,0.0032717006019644676,0.0037366895691904965,0.6463904604301631,0.6382185448259972,0.6582499190730329,0.12836374165195105,0.11109081751783766,0.13896877630807464,2.0,2.0,2.0,1.735945234472422,1.3977552239929774,1.9483902901626458,,,,0.9467364337671922,108
554,12,equal-split,normal,linear,0.02,4,1246,equal,50,0.0,False,114.51560950279236,10.410509954799306,1.0,0.12717,2.0,0.8455330959826852,0.0788812,0.004440133333333333,1.636,124.84933333333333,1.6336666666666666,0.013103794440231959,1.062694558861733,1.0321670750929872,1.112160626598919,0.1731577724791131,0.1648809486081784,0.18098583177019606,0.0035237645580921953,0.003385777181379574,0.0036978478007939197,0.6522374082969791,0.6422599093337269,0.6593632258799343,0.08929061639608821,0.08181005327434061,0.09571069013959999,2.0,2.0,2.0,1.7386616962067465,1.412852583696255,1.9581315618613815,,,,0.9324161543375238,83
555,12,equal-split,normal,linear,0.05,0,1242,equal,50,0.0,False,118.84802579879761,10.804365981708873,1.0,0.12717,2.0,0.8398288325974689,0.07930026666666666,0.009402933333333334,3.5493333333333332,124.19233333333334,3.548,0.028579327226318316,1.0788195773644993,1.027619585874531,1.132897861198699,0.17453835707094834,0.1626763568801304,0.19018997752505679,0.0036312286161446434,0.003409329975348938,0.003965859987404468,0.6566536177344693,0.6475517351327986,0.6659069456001877,0.1797533958502961,0.16511262432569057,0.19615289397033883,2.0,2.0,2.0,1.797674480579005,1.4532202344006238,1.9783015793726224,,,,0.9113548504931052,163
556,12,equal-split,normal,linear,0.05,1,1243,equal,50,0.0,False,116.28037810325623,10.570943463932384,1.0,0.12717,2.0,0.8353024057866909,0.07352106666666666,0.008454133333333334,3.56,124.06266666666667,3.562333333333333,0.028695175556439217,1.0905518998032417,1.0446877983421297,1.1202371458691454,0.1744831709328524,0.16356133363961706,0.18443970146333216,0.0036661341130927875,0.003413141035822704,0.003809735909531597,0.6495391213467068,0.637845960939761,0.6599774447748149,0.17053207105065668,0.15970054432425362,0.18387096207648376,2.0,2.0,2.0,1.7784495868838448,1.4391858747261308,1.9739455417091845,,,,0.9717978919569852,165
557,12,equal-split,normal,linear,0.05,2,1244,equal,50,0.0,False,118.78057050704956,10.79823368245905,1.0,0.12717,2.0,0.8467989223048655,0.07322026666666667,0.0085452,3.4476666666666667,124.19266666666667,3.4393333333333334,0.027760629988888234,1.0714033536103917,1.049113450803217,1.1202434004492536,0.17072197327850896,0.16459937677254305,0.18503978522632447,0.0035880082408506187,0.0034296037621632455,0.0038775303495044364,0.6519923723434979,0.6413808221082528,0.6615407295262296,0.16808855923857857,0.15704366704545708,0.18275826036709703,2.0,2.0,2.0,1.7961874608493362,1.4366620515369166,1.9757596743829788,,,,0.788877032169738,188
558,12,equal-split,normal,linear,0.05,3,1245,equal,50,0.0,False,119.946373462677,10.904215769334273,1.0,0.12717,2.0,0.8217519121141154,0.0852788,0.010651066666666667,3.510666666666667,124.50066666666666,3.514666666666667,0.028197974843508205,1.0961923357084022,1.0541264557068573,1.1496546299587047,0.16721082419176286,0.15864988536774977,0.1800237103628295,0.003631863681335186,0.0033702775975508747,0.0038115907245102804,0.6469828878068267,0.6357385926744612,0.6593366354184623,0.19026537717032843,0.17206168701798677,0.20603584999934707,2.0,2.0,2.0,1.767752138186457,1.408689950565643,1.975892169002829,,,,0.8321528360833867,167
559,12,equal-split,normal,linear,0.05,4,1246,equal,50,0.0,False,116.88904190063477,10.626276536421342,1.0,0.12717,2.0,0.8376020998583562,0.0745532,0.008552933333333334,3.481333333333333,124.73133333333334,3.489,0.027910655969897964,1.0743940753025965,1.0362047095142513,1.1173375542755122,0.1753440766948264,0.16298152858565504,0.17976526364788029,0.0036705109832829543,0.0034215097152175246,0.003729446119693683,0.6523542151144872,0.6425509233150624,0.6597555381794862,0.1675578249228542,0.14330194566575466,0.18601122559384442,2.0,2.0,2.0,1.7943529670038865,1.44250639250647,1.9785684664834113,,,,0.9136455989289722,152
560,12,equal-split,normal,linear,0.1,0,1242,equal,50,0.0,False,118.30917644500732,10.755379676818848,1.0,0.12717,2.0,0.8464859428538796,0.0778448,0.010378933333333333,3.8846666666666665,123.957,3.8746666666666667,0.03133882448483479,1.074713754343903,1.0261579771010916,1.1189674302592605,0.17574406561748174,0.1614612391924396,0.18914945039627562,0.003682363491443153,0.0034838117025016943,0.003986010335693971,0.6581837525910799,0.644993759962648,0.6641321893710633,0.17949319546058262,0.16445795921662776,0.19576894607687634,2.0,2.0,2.0,1.825787305500973,1.4800685520206733,1.9862438773595041,,,,0.9350780053831953,179
561,12,equal-split,normal,linear,0.1,1,1243,equal,50,0.0,False,116.17150092124939,10.5610455382954,1.0,0.12717,2.0,0.8414127226450965,0.07171053333333334,0.009789066666666667,4.100666666666666,124.13933333333334,4.084333333333333,0.033032775000134254,1.1000282020792704,1.0547411064584278,1.1352916191374969,0.17087200103600472,0.1600727652876168,0.182994862435308,0.0036203000214928335,0.0034048557431138374,0.0038460247567149775,0.6499232686899172,0.6358201344188742,0.6578081222999888,0.1908945232623487,0.17255550299621608,0.19848829943846003,2.0,2.0,2.0,1.8248903384350927,1.4764749447306644,1.987961742263557,,,,0.8874560779471923,186
562,12,equal-split,normal,linear,0.1,2,1244,equal,50,0.0,False,115.67500686645508,10.51590971513228,1.0,0.12717,2.0,0.8397009814388948,0.0715716,0.0095872,4.004333333333333,124.327,3.9983333333333335,0.03220807494215523,1.0806897702199363,1.0481461301796378,1.1258707733570672,0.1685405191447325,0.16190976207890745,0.18371411035123478,0.0035282536908083943,0.0034148487592805046,0.0038426342147323323,0.6490956800613275,0.6361381893832709,0.6596225109706246,0.17554496213797555,0.16150329832066435,0.188415569813388,2.0,2.0,2.0,1.8037522681713158,1.474503550343901,1.9816016335082751,,,,0.8611569814235981,191
563,12,equal-split,normal,linear,0.1,3,1245,equal,50,0.0,False,118.10602378845215,10.73691125349565,1.0,0.12717,2.0,0.8345531921283377,0.08406253333333333,0.011345733333333333,3.792666666666667,124.35666666666667,3.7866666666666666,0.030498297906559092,1.0961364272255731,1.0504278887246674,1.1691611470099421,0.1672013897756934,0.15372936553930172,0.1781144417884466,0.003550971934248686,0.0032666366591247603,0.0038249737314809806,0.6480901652898472,0.6303390357651737,0.6581626996807062,0.18817671475254166,0.17504710322077727,0.20038965270912307,2.0,2.0,2.0,1.811417459038664,1.4600391146781773,1.9846786671458092,,,,0.8634979796992561,165
564,12,equal-split,normal,linear,0.1,4,1246,equal,50,0.0,False,114.87587070465088,10.44326097315008,1.0,0.12717,2.0,0.8460324650171995,0.07285773333333333,0.009714533333333334,4.027333333333333,124.117,4.043333333333333,0.03244787848025116,1.075100433331004,1.0354975361094114,1.1253458820061182,0.17000564127063106,0.15962682953651752,0.17954587623484175,0.003607098117772871,0.003420058568285451,0.0038349151766796023,0.6514549909692017,0.6406078806675164,0.6622094423897943,0.18348856754121015,0.17171422588551993,0.19320587895659677,2.0,2.0,2.0,1.821636434850569,1.4939143002241326,1.9854955756357406,,,,0.8594878531650176,188
565,12,equal-split,normal,linear,0.2,0,1242,equal,50,0.0,False,115.57619214057922,10.506926558234476,1.0,0.12717,2.0,0.8661914783272767,0.07754786666666667,0.009784266666666666,3.7143333333333333,124.16133333333333,3.6936666666666667,0.02991537891560443,1.0786137455387954,1.0442883671590386,1.1346493060183096,0.17131466818798438,0.15970659724464023,0.18817982827905314,0.0037588435969129323,0.003393189778290695,0.003911182900022911,0.6511108546200486,0.6387103352873716,0.6604941744386441,0.15733925165003784,0.13763252855237018,0.1720447531148215,2.0,2.0,2.0,1.8548478257690038,1.5403790815916578,1.988738849421631,,,,0.9803638913166629,168
566,12,equal-split,normal,linear,0.2,1,1243,equal,50,0.0,False,116.21391868591309,10.564901698719371,1.0,0.12717,2.0,0.8615532133153089,0.07117293333333333,0.0092484,3.9206666666666665,124.317,3.925,0.03153765508069425,1.110284259826539,1.0687964212051897,1.1442683262101128,0.17049952558855452,0.15968971909346247,0.1792197364537742,0.0035437940357963588,0.003329402386295703,0.00384779949245892,0.641615403746008,0.6354456292877946,0.6569043411660571,0.16247718943584674,0.14834482340570954,0.1774230145452429,2.0,2.0,2.0,1.853330144215879,1.552710462302885,1.9909819658818138,,,,0.9250459654698321,177
567,12,equal-split,normal,linear,0.2,2,1244,equal,50,0.0,False,114.99915480613708,10.454468618739735,1.0,0.12717,2.0,0.8652400478850897,0.07154253333333334,0.008985066666666666,3.8253333333333335,124.12533333333333,3.8273333333333333,0.030818312673212025,1.0969014234790477,1.0610149958641606,1.1426802999845749,0.16607852117157962,0.15883397076291042,0.18024551542337164,0.0034701270888272636,0.003342282134480199,0.0037261214411177593,0.6434743263392857,0.63550769013181,0.6542045494348684,0.15113198085421467,0.13334559241449567,0.16241810771738543,2.0,2.0,2.0,1.8441613062611522,1.546063068301485,1.9871422463921307,,,,0.825903623629915,184
568,12,equal-split,normal,linear,0.2,3,1245,equal,50,0.0,False,118.66335463523865,10.787577694112604,1.0,0.12717,2.0,0.8584521655807008,0.08442173333333333,0.01026,3.5116666666666667,124.44233333333334,3.516,0.028219228719058628,1.1115671272709364,1.0750830146517747,1.1764468523821852,0.1647884702550363,0.15404377682804649,0.1793920046674933,0.003498030422952077,0.0032764667694872586,0.003735544306548322,0.6414386480639778,0.6296212130420622,0.6598993136147151,0.16041083465260284,0.1436801887640436,0.171634324288565,2.0,2.0,2.0,1.8499828039374668,1.5418312442141255,1.9906488724944864,,,,1.0392367723872298,146
569,12,equal-split,normal,linear,0.2,4,1246,equal,50,0.0,False,116.1801552772522,10.561832297932018,1.0,0.12717,2.0,0.868298230144613,0.07235533333333333,0.009309333333333333,3.8236666666666665,124.34933333333333,3.8503333333333334,0.030749394179837446,1.0901145754426964,1.0389250495014242,1.1237808789290133,0.166093589433647,0.15720290682755883,0.1789924388995041,0.00350204580714719,0.0032818052811478446,0.0037051965518227273,0.6449396231382565,0.6328987156958579,0.6540706586269321,0.1492853657425749,0.1340382134954529,0.15910146961567667,2.0,2.0,2.0,1.8600376067824616,1.5423816556334016,1.9915075781405371,,,,0.7634863146946578,155
570,12,equal-split,normal,linear,0.3,0,1242,equal,50,0.0,False,116.72735667228699,10.611577879298817,1.0,0.12717,2.0,0.8847288003226972,0.07880786666666667,0.008206666666666666,3.245,124.32233333333333,3.2283333333333335,0.02610150495888376,1.089189222667414,1.038373129588719,1.147617971885478,0.17006958381350656,0.16059164771487436,0.18304523615385646,0.003559295977830449,0.0033303472190382207,0.0038394843211840184,0.6478045384720341,0.6353985679960216,0.6583701336362416,0.1274450558827332,0.11845424800104148,0.13651428274654556,2.0,2.0,2.0,1.8708414120164338,1.5981930184742281,1.9906990920586674,,,,0.8206534571270215,162
571,12,equal-split,normal,linear,0.3,1,1243,equal,50,0.0,False,116.5358214378357,10.594165585257791,1.0,0.12717,2.0,0.883795752290739,0.07229506666666667,0.007817733333333333,3.432,124.41333333333333,3.4426666666666668,0.02758546779552031,1.1232534224813648,1.0644698617663413,1.1621887508279183,0.1713663287433671,0.15776520801636335,0.18187310942609403,0.0035717016681920933,0.003267750079839983,0.0037446012799474517,0.6406929841654126,0.6304014218393675,0.6552199337725595,0.13068676673643434,0.12182100956828812,0.14166514409590236,2.0,2.0,2.0,1.8756896069539533,1.5917290241542086,1.9913107867181803,,,,1.0475162273759386,147
572,12,equal-split,normal,linear,0.3,2,1244,equal,50,0.0,False,115.87587785720825,10.53417071429166,1.0,0.12717,2.0,0.8806171546533924,0.0720024,0.008095466666666667,3.4676666666666667,124.288,3.4656666666666665,0.02790025317542053,1.0879169027868572,1.0504799200566162,1.1373606829716043,0.16549315617613858,0.15988199258804942,0.1806897098092263,0.003430486657353851,0.003324952332786595,0.0038521870950530743,0.6399209412615046,0.6306229009300641,0.6543207960785318,0.133991766208867,0.12692156922855294,0.148305611371641,2.0,2.0,2.0,1.8735469718059397,1.5983060593237175,1.9916420004748696,,,,0.8788439422908455,170
573,12,equal-split,normal,linear,0.3,3,1245,equal,50,0.0,False,119.99141693115234,10.908310630104758,1.0,0.12717,2.0,0.8757314402807235,0.08506386666666667,0.008772133333333333,3.0403333333333333,124.48866666666666,3.042666666666667,0.024422571264854098,1.1190467063419314,1.0734679759868082,1.1914172719662837,0.16023087006086278,0.15197921748907017,0.17601920520293196,0.003365248747455153,0.0032356353026937778,0.0037165857851880484,0.6372864014667164,0.6263147462343469,0.6525010581082247,0.12979882171428697,0.11660945304239578,0.1482937811370289,2.0,2.0,2.0,1.8630174081555304,1.5695723173183467,1.989748839587587,,,,0.7730538081646179,135
574,12,equal-split,normal,linear,0.3,4,1246,equal,50,0.0,False,115.67716932296753,10.516106302087957,1.0,0.12717,2.0,0.8842775526310735,0.073086,0.008039733333333333,3.360333333333333,124.31633333333333,3.3743333333333334,0.02703050551147744,1.0927956888398105,1.0401180576499947,1.1385993115074895,0.1662484774922816,0.15729136047979092,0.17435971405504522,0.0034841013510646737,0.0032735958972924624,0.003667899888481985,0.6443451522944725,0.6338158522084189,0.6511359099887356,0.125145479574547,0.11752394724413381,0.1369960210108666,2.0,2.0,2.0,1.877491726784629,1.6000641023453421,1.991657056082622,,,,1.0389080501696517,142
575,12,equal-split,normal,linear,0.4,0,1242,equal,50,0.0,False,115.87980151176453,10.534527410160411,1.0,0.12717,2.0,0.9033826628756725,0.08009613333333333,0.0068048,2.638333333333333,124.48633333333333,2.621,0.02119375888651766,1.0834537119501002,1.04858906741376,1.1564081318379147,0.16698922516787162,0.15841707356859888,0.18900519627509055,0.0034802605218137825,0.003279099509594657,0.0038902104819030685,0.6456634313125914,0.6356818345608771,0.6563490657319,0.10189409227585904,0.09515244358224026,0.11308077089646053,2.0,2.0,2.0,1.8882773907810178,1.6459503299484441,1.9916439423218317,,,,0.8543156940264193,146
576,12,equal-split,normal,linear,0.4,1,1243,equal,50,0.0,False,114.55390644073486,10.41399149461226,1.0,0.12717,2.0,0.9041554857678231,0.07331586666666666,0.006560666666666667,2.8566666666666665,124.45933333333333,2.8533333333333335,0.022952611026894994,1.1184570227012798,1.066956413402584,1.1763098239796799,0.16814947008627917,0.158591328876316,0.17937472190804468,0.003481256804998729,0.0033462602438041,0.003843477793857633,0.6380866259251612,0.6300141274415776,0.6534117768443202,0.10825729275470826,0.09735180996471632,0.12293977017952705,2.0,2.0,2.0,1.885771235934912,1.6463225419820477,1.9932875810892203,,,,0.9569823892790046,135
577,12,equal-split,normal,linear,0.4,2,1244,equal,50,0.0,False,115.65021228790283,10.513655662536621,1.0,0.12717,2.0,0.9053342735920826,0.07321293333333333,0.006650533333333333,2.841666666666667,124.61066666666666,2.832,0.022804361317383212,1.0992424698590435,1.0474022461742998,1.127771031981989,0.1674173346413467,0.15922336906267417,0.17776360546362635,0.003510041540687049,0.003385576404335691,0.0036967302932962368,0.6421252513931635,0.628691517891261,0.6547942319826358,0.10708249835566844,0.09701377078966884,0.11715492727478578,2.0,2.0,2.0,1.8841354334599099,1.6354094325680868,1.990793738538872,,,,0.8455442801748757,173
578,12,equal-split,normal,linear,0.4,3,1245,equal,50,0.0,False,116.85067772865295,10.622788884422995,1.0,0.12717,2.0,0.8940070205384905,0.08751973333333334,0.006772133333333334,2.405666666666667,124.91733333333333,2.413666666666667,0.01925806933652122,1.121225660949638,1.0985757575338169,1.1764595608720463,0.1639764085642243,0.15207336863936044,0.1723656933001396,0.0034277631412768794,0.0031540656967739937,0.003558039248311309,0.6389462179386209,0.6258466679393057,0.6512723718840251,0.10765304548867609,0.0986351022433027,0.11955801067466744,2.0,2.0,2.0,1.8645861229819243,1.5987821159563729,1.9860843078110388,,,,0.8407866597627602,101
579,12,equal-split,normal,linear,0.4,4,1246,equal,50,0.0,False,117.73208093643188,10.702916448766535,1.0,0.12717,2.0,0.9031090677826479,0.074246,0.006527733333333333,2.8686666666666665,124.62433333333334,2.873666666666667,0.0230185116336296,1.0883023502972335,1.0563546769154082,1.1416460630378549,0.16616388755462042,0.15456029099754268,0.1729457762025035,0.0034477949983263492,0.0032454504692372215,0.0036030015077562145,0.6415593476700635,0.6307592624531939,0.6485906026342643,0.1046155520702666,0.09338552254421029,0.12227869562933821,2.0,2.0,2.0,1.8911914788492261,1.6423764079732397,1.9920443220993098,,,,0.968802486024877,126
580,12,equal-split,normal,linear,0.5,0,1242,equal,50,0.0,False,116.04854559898376,10.549867781725796,1.0,0.12717,2.0,0.920021125165704,0.0819488,0.0050344,2.074333333333333,124.61,2.0653333333333332,0.016646604071369336,1.0868163937705246,1.0502468189723657,1.1562338509691832,0.1761073720863868,0.1548856331631262,0.1899226438567763,0.0035561064203587806,0.003211669330933884,0.003852183886261671,0.6448622142326175,0.6327163330938803,0.6594602518888365,0.08225967232010532,0.06883292145432929,0.09479669688181334,2.0,2.0,2.0,1.9075854460113715,1.6768641679836687,1.9907611869170136,,,,0.9685827442115708,111
581,12,equal-split,normal,linear,0.5,1,1243,equal,50,0.0,False,114.48693752288818,10.407903411171652,1.0,0.12717,2.0,0.920585640549905,0.0753008,0.004986133333333333,2.2013333333333334,124.49866666666667,2.209,0.017681581596590057,1.1125266754579994,1.0448538305920638,1.1308141731047745,0.17058519066364541,0.16089133834461838,0.1805325721752332,0.003481792897403938,0.0032839037102234594,0.0036804355660315885,0.6417575868678909,0.6307016084980713,0.6493131522875779,0.07975163089403059,0.0695527915562421,0.09098637742039051,2.0,2.0,2.0,1.8998932776569584,1.6635847828130754,1.990890151337822,,,,0.8245534088363946,98
582,12,equal-split,normal,linear,0.5,2,1244,equal,50,0.0,False,115.95026683807373,10.540933348915793,1.0,0.12717,2.0,0.9214089495375595,0.07509866666666666,0.005065866666666667,2.215,124.29866666666666,2.2196666666666665,0.017819981978889555,1.09411699097247,1.0548404185635736,1.1372018070923222,0.166219572898482,0.15743842903846242,0.1867584476477775,0.0034235085814949716,0.003278048598659553,0.0037945510851973277,0.6421341966013066,0.6301026429143287,0.654119601526392,0.07809194174872017,0.07013678489210412,0.0943369215894443,2.0,2.0,2.0,1.89920740464881,1.6886886393913376,1.992281606553286,,,,0.9233096821537696,120
583,12,equal-split,normal,linear,0.5,3,1245,equal,50,0.0,False,116.74851536750793,10.613501397046177,1.0,0.12717,2.0,0.9131612274806493,0.0889144,0.0052313333333333335,1.901,124.855,1.9036666666666666,0.015225661767650474,1.1092034173151282,1.0676639133205508,1.154158831202536,0.167906104189186,0.15318448661764442,0.1722380371867157,0.0034527616491780936,0.0031824506598421023,0.0035798380194926663,0.6395014313177745,0.627257189352487,0.6509094934839391,0.08031919044688804,0.06987817479504208,0.09453094142056243,2.0,2.0,2.0,1.8987323142187764,1.6514956588443643,1.9909544477923544,,,,1.0471247084095807,75
584,12,equal-split,normal,linear,0.5,4,1246,equal,50,0.0,False,114.24420309066772,10.385836644606156,1.0,0.12717,2.0,0.9193144380994653,0.07654706666666666,0.004762133333333333,2.1926666666666668,124.70633333333333,2.202,0.0175826408174939,1.0912906514363865,1.055418531718457,1.1181384516051716,0.16956839395131665,0.15656619335991584,0.17672039602307044,0.003464288488743772,0.003209684102527142,0.0036217758302975987,0.6428887524150501,0.6358028352758803,0.6510388460439299,0.08251498621641148,0.0690486048038732,0.09541143247284663,2.0,2.0,2.0,1.8986638645740077,1.6752196998091904,1.9897075665430686,,,,0.7791636645070718,103
585,13,equal-split,normal,quadratic,0.0,0,1342,equal,50,0.0,False,111.38707709312439,10.126097917556763,1.0,0.12717,,,0.08356173333333333,0.0,0.0,125.09233333333333,0.0,0.0,1.113132760741671,1.0503932608860622,1.1352061107098055,0.1703638089304586,0.15623473358407078,0.18708228128553167,0.003407276178609172,0.003124694671681415,0.0037416456257106335,0.643282104310265,0.6297498330516891,0.653624925064411,0.0,0.0,0.0,,,,,,,,,,,0
586,13,equal-split,normal,quadratic,0.0,1,1343,equal,50,0.0,False,117.58341836929321,10.689401669935746,1.0,0.12717,,,0.08999826666666666,0.0,0.0,124.96033333333334,0.0,0.0,1.064990584337602,1.0312324043451613,1.0914758878393251,0.17764849275265143,0.16826467745732399,0.1898447695408606,0.003552969855053028,0.0033652935491464793,0.0037968953908172126,0.6522424461092653,0.6408399107178997,0.6601044274020277,0.0,0.0,0.0,,,,,,,,,,,0
587,13,equal-split,normal,quadratic,0.0,2,1344,equal,50,0.0,False,118.61294507980347,10.782995007254861,1.0,0.12717,,,0.0914616,0.0,0.0,125.03533333333333,0.0,0.0,1.0721433189319662,1.0362490746753663,1.134096290823601,0.17435366719666034,0.16525325315523157,0.18765126198371293,0.0034870733439332073,0.0033050650631046307,0.003753025239674258,0.6505047734749909,0.6392317032612292,0.6590815256838358,0.0,0.0,0.0,,,,,,,,,,,0
588,13,equal-split,normal,quadratic,0.0,3,1345,equal,50,0.0,False,115.81289792060852,10.528445265509866,1.0,0.12717,,,0.08135906666666666,0.0,0.0,124.88466666666666,0.0,0.0,1.0522505185502435,1.0051526370244062,1.1144331261508988,0.18192750579234115,0.1646291892552647,0.19671127132766247,0.003638550115846822,0.003292583785105294,0.003934225426553249,0.6513835187537205,0.6420994003422917,0.6667028894191931,0.0,0.0,0.0,,,,,,,,,,,0
589,13,equal-split,normal,quadratic,0.0,4,1346,equal,50,0.0,False,115.86493730545044,10.533176118677313,1.0,0.12717,,,0.0931772,0.0,0.0,125.36733333333333,0.0,0.0,1.072043790931425,1.0386692174996535,1.1258102821217117,0.17442044722769917,0.16391748435419673,0.17904614437277955,0.0034884089445539838,0.0032783496870839347,0.0035809228874555915,0.647299493982467,0.639306193486161,0.655001892651887,0.0,0.0,0.0,,,,,,,,,,,0
590,13,equal-split,normal,quadratic,0.01,0,1342,equal,50,0.0,False,117.63279104232788,10.69389009475708,1.0,0.12717,2.0,0.8547409107950944,0.08304986666666667,0.0005136,0.208,125.09666666666666,0.206,0.001662714167710304,1.1129047042110725,1.050673871316689,1.1353817465167777,0.17036609107340583,0.15623014159723256,0.18702995241512405,0.003412733571387578,0.0031355010389444334,0.0037491956291878705,0.6443000148258875,0.6310577733908763,0.6535648965919028,0.010461551901922259,0.007417203606784436,0.014336642076347699,2.0,2.0,2.0,1.7401441901678998,1.4195310075465337,1.9361255886655426,,,,0.9494392590164193,12
591,13,equal-split,normal,quadratic,0.01,1,1343,equal,50,0.0,False,117.20466423034668,10.654969475486062,1.0,0.12717,2.0,0.8304590118167335,0.0892524,0.0007481333333333334,0.26266666666666666,125.03933333333333,0.264,0.002100672321776081,1.0663416169913713,1.0306570597539868,1.0960780724850474,0.17765117336791314,0.16829825251431815,0.18985726282767962,0.0035684142896017465,0.0033704842934968917,0.0038021804112162274,0.6519054726851768,0.6418682374228598,0.6607140772623574,0.013661433735727322,0.010728112930754962,0.01878574995002634,2.0,2.0,2.0,1.6970614219020355,1.3462661474376474,1.9286988146014834,,,,1.0329907983554754,12
592,13,equal-split,normal,quadratic,0.01,2,1344,equal,50,0.0,False,117.57938408851624,10.689034917137839,1.0,0.12717,2.0,0.8157956649429504,0.09069933333333334,0.000772,0.281,125.03033333333333,0.282,0.0022474546176794435,1.0719336260310748,1.037221418312447,1.1374983567615657,0.1744152064368915,0.1652697664413463,0.18770470510501422,0.003497359162802268,0.0033114022605401404,0.0037657770604247126,0.6512355117030011,0.6387448808450167,0.660267897921986,0.01657207340465941,0.013483911803378384,0.01964956238782623,2.0,2.0,2.0,1.6745652393036934,1.353668781749946,1.9053374087709045,,,,1.0070255546173277,21
593,13,equal-split,normal,quadratic,0.01,3,1345,equal,50,0.0,False,115.37378263473511,10.488525694066828,1.0,0.12717,2.0,0.8117205426707453,0.08103106666666667,0.0003309333333333333,0.132,124.97866666666667,0.131,0.0010561802547634797,1.0521759224198277,1.004810865896561,1.116508693780523,0.18191203162579786,0.16454847593991573,0.19676793440471005,0.003654456931658049,0.0032932197427662947,0.003946665668890067,0.6512909499107435,0.6424673145175732,0.6671059037292122,0.009535608947303723,0.0060671862915515455,0.013034558648615914,2.0,2.0,2.0,1.6325925409726092,1.340316192455483,1.941815989094662,,,,1.1329941717228915,8
594,13,equal-split,normal,quadratic,0.01,4,1346,equal,50,0.0,False,115.39349436759949,10.490317669781772,1.0,0.12717,2.0,0.8134930164714724,0.09207933333333333,0.0010952,0.383,125.11433333333333,0.383,0.00306120002237953,1.070524964423691,1.0389918240830367,1.127497918038613,0.17444807585257865,0.16384016429492332,0.17899559430152012,0.003519518299225741,0.003299304469162277,0.003597243501294175,0.6486181956916099,0.6400045165090784,0.6558217933960532,0.0240245886776861,0.018764429631430914,0.032919725916553566,2.0,2.0,2.0,1.6657314308285274,1.3559894694195809,1.9360476509049112,,,,0.8864366977671231,21
595,13,equal-split,normal,quadratic,0.02,0,1342,equal,50,0.0,False,115.80606389045715,10.52782399004156,1.0,0.12717,2.0,0.8338512844138792,0.0792176,0.004309733333333334,1.6083333333333334,124.83633333333333,1.6116666666666666,0.012883535509159995,1.116419689313523,1.051978800704536,1.1407871334129935,0.17019267567849844,0.15620379494991582,0.1865434789458849,0.0034538246814102857,0.003198062227312787,0.0037697562629226225,0.6471188184296777,0.6316801153194007,0.6548156137659409,0.0861967798587381,0.07909254662004056,0.09364183432628452,2.0,2.0,2.0,1.7712944322367008,1.422725645938865,1.9680406542736661,,,,0.734548851282275,80
596,13,equal-split,normal,quadratic,0.02,1,1343,equal,50,0.0,False,115.51993703842163,10.50181245803833,1.0,0.12717,2.0,0.8387772933237417,0.08500186666666666,0.004985866666666667,1.7503333333333333,124.75333333333333,1.748,0.014030353230374605,1.0686948505663085,1.0272208259337865,1.0824585462093994,0.17764570942600832,0.1681601526083377,0.18987965399446238,0.0036333748660128335,0.00343496234628761,0.0038830143319331027,0.6515526871737533,0.6440989013064689,0.6630501690288327,0.09391542593530902,0.08006592346211935,0.10317709941764112,2.0,2.0,2.0,1.7789091336491172,1.4151463101276054,1.970740360314396,,,,0.9038968944194242,85
597,13,equal-split,normal,quadratic,0.02,2,1344,equal,50,0.0,False,117.24570322036743,10.658700292760676,1.0,0.12717,2.0,0.8355753474773174,0.08599226666666666,0.0053984,1.924,124.86633333333333,1.916,0.015408476797855841,1.076207333573743,1.0289019293517636,1.1338772071801637,0.1739448571935539,0.16433514443766672,0.18773109263201904,0.00359318936285828,0.0033444405438586887,0.003823836962305419,0.6540540258108032,0.6429968775241286,0.6624840009202742,0.10018585275622653,0.0809974731708541,0.11228288115193781,2.0,2.0,2.0,1.7655438795174225,1.4262378603666643,1.970347397475551,,,,0.7771413781131693,107
598,13,equal-split,normal,quadratic,0.02,3,1345,equal,50,0.0,False,114.49971985816956,10.409065441651778,1.0,0.12717,2.0,0.8343725882405164,0.07808306666666667,0.003273466666666667,1.28,125.444,1.2743333333333333,0.010203756257772393,1.0400148008684182,1.007691478422529,1.114151521631326,0.18193741010137737,0.16454417269058577,0.19665249096849058,0.0036807384559990036,0.0033605655365911294,0.003959669203971742,0.6539066974276626,0.6446857519813995,0.667959426955806,0.06104657591337145,0.051264728621884664,0.07274606005630826,2.0,2.0,2.0,1.7444053197741627,1.4091553273475979,1.9605731310908552,,,,1.0275399323607783,76
599,13,equal-split,normal,quadratic,0.02,4,1346,equal,50,0.0,False,119.62448596954346,10.874953269958496,1.0,0.12717,2.0,0.8351629072986106,0.0875612,0.005574666666666667,1.9593333333333334,124.813,1.963,0.015698151100713334,1.0675929338509604,1.0502063099642733,1.1314576235915454,0.1740538916464185,0.1638309636297258,0.17921192504475592,0.003580574371854708,0.0033659208027148725,0.0036510310751687795,0.652089711721553,0.6420774654442787,0.6584796116249363,0.10216044630903823,0.09381403922807992,0.11694998458693193,2.0,2.0,2.0,1.749887591130799,1.4146946789278716,1.9648773142883997,,,,0.9007555638487552,90
600,13,equal-split,normal,quadratic,0.05,0,1342,equal,50,0.0,False,144.66189670562744,13.151081518693404,1.0,0.12717,2.0,0.8335979330141908,0.07436493333333333,0.008805733333333333,3.681,124.23733333333334,3.6856666666666666,0.02962877503273305,1.1190584233324499,1.0479725259924648,1.1585446942424653,0.16850240578044182,0.15438897328968498,0.1867314790395539,0.0035596342298962374,0.0032648547295545515,0.0038302593317445124,0.6460821960935021,0.6332506406653762,0.6558261356295204,0.1648596193526917,0.15277561124401948,0.19045190787998365,2.0,2.0,2.0,1.8108276283284623,1.459677415642583,1.9866817777854617,,,,0.8938510253640221,154
601,13,equal-split,normal,quadratic,0.05,1,1343,equal,50,0.0,False,121.39976692199707,11.03634244745428,1.0,0.12717,2.0,0.8316679341473565,0.07986386666666667,0.009753733333333334,3.5566666666666666,124.345,3.5453333333333332,0.02860321417561355,1.065871637216521,1.0369542335818893,1.096027136783993,0.1780693673566931,0.16796761893294232,0.189724623407728,0.0037484368041454295,0.0035569537695210934,0.004031940876617757,0.6559815966301852,0.6436874115612562,0.6674802475809773,0.17380709328364136,0.16266406153495197,0.186328019194265,2.0,2.0,2.0,1.8105424034225774,1.453492933174186,1.9827370885106024,,,,0.9198715688916902,171
602,13,equal-split,normal,quadratic,0.05,2,1344,equal,50,0.0,False,117.54286098480225,10.685714634982022,1.0,0.12717,2.0,0.8252004141930227,0.08107626666666666,0.010009333333333334,3.6026666666666665,124.70266666666667,3.5846666666666667,0.028890053139735045,1.0836996136339025,1.0389028811875918,1.1331616439955914,0.17239073299529267,0.16366118924223536,0.18660863864988778,0.0036591403561694134,0.003447889153029834,0.0038816075487807383,0.6537607344547305,0.6438326187965885,0.6627341261015051,0.18110031378396785,0.1719773531916138,0.19157545074810142,2.0,2.0,2.0,1.8007678271765104,1.4458130449516284,1.9864034301863343,,,,1.0043091993965139,187
603,13,equal-split,normal,quadratic,0.05,3,1345,equal,50,0.0,False,115.89765572547913,10.536150520498103,1.0,0.12717,2.0,0.8467558006347703,0.0724948,0.008540133333333333,3.490666666666667,124.80133333333333,3.4736666666666665,0.027969786647578553,1.0476147539751328,0.9991549985559542,1.1130876607090572,0.18021441363836394,0.16192673639414162,0.19640993811725413,0.0037114992057211797,0.003462616777154224,0.004032325907671001,0.6559117609713425,0.6436052055294106,0.6696840045236457,0.1494944616784883,0.14303196180380365,0.16482603620817796,2.0,2.0,2.0,1.818955916167916,1.4843027879368975,1.9838661643157058,,,,1.010177362321098,181
604,13,equal-split,normal,quadratic,0.05,4,1346,equal,50,0.0,False,117.47356510162354,10.679415009238504,1.0,0.12717,2.0,0.8300191739343514,0.08261933333333334,0.010243733333333333,3.5726666666666667,124.76266666666666,3.554666666666667,0.028635702988073358,1.0722929012221858,1.039243614822815,1.1322472009147428,0.172625595729136,0.16343429531017398,0.17770837569338507,0.003612243836099675,0.0034387169656171614,0.003736939235013938,0.6533919046226631,0.6430357680390717,0.66054449127227,0.1794881017803187,0.17002115094561923,0.1955147664162471,2.0,2.0,2.0,1.817835330858256,1.4632011023146003,1.9866977527426433,,,,0.9838432816080325,186
605,13,equal-split,normal,quadratic,0.1,0,1342,equal,50,0.0,False,136.74859952926636,12.431690866296941,1.0,0.12717,2.0,0.8367291376735384,0.07269306666666667,0.0100164,4.158666666666667,124.164,4.163666666666667,0.033493336769648746,1.0891099823999757,1.0505895255937334,1.1498121250741038,0.16744902902179476,0.15341699365276293,0.1860763645230979,0.0035090945106900796,0.0032753350609373622,0.00390160298077535,0.6420265190523695,0.6327617953159275,0.6540337033561663,0.18493329302407052,0.1703685527453866,0.20486023685668323,2.0,2.0,2.0,1.826188885614831,1.495246817479773,1.9885067575819284,,,,0.8212942884567471,195
606,13,equal-split,normal,quadratic,0.1,1,1343,equal,50,0.0,False,136.62813568115234,12.420739607377486,1.0,0.12717,2.0,0.8304616298867267,0.07863493333333334,0.010376666666666666,3.9046666666666665,123.865,3.9076666666666666,0.03152356732464107,1.0725437022413566,1.0369308806994204,1.1026149630527082,0.1759032009118982,0.1644673356795469,0.18716488617906027,0.0037057768724590044,0.0034753870199384475,0.00395550419546107,0.6533234357946661,0.6454888200200749,0.6654823282533255,0.1769414506013426,0.16296932171127032,0.1909349570024097,2.0,2.0,2.0,1.8235121453155616,1.4816768610960014,1.9877535735691256,,,,0.9486326870702327,183
607,13,equal-split,normal,quadratic,0.1,2,1344,equal,50,0.0,False,138.722825050354,12.611165913668545,1.0,0.12717,2.0,0.8348646573535363,0.0796072,0.0108664,3.976,124.50866666666667,3.9606666666666666,0.03193352002270257,1.0901056639669198,1.0522577273018254,1.139826660506234,0.17243626595900835,0.1606786529699239,0.18444530223464445,0.003690717137797121,0.0034442282630749764,0.003891675475376153,0.6531644752766295,0.6397152069646632,0.6631712841143528,0.18823212950632212,0.1725045173250856,0.2001891929084954,2.0,2.0,2.0,1.82938267982002,1.4817818847254927,1.9902548637054698,,,,0.9124753508351073,191
608,13,equal-split,normal,quadratic,0.1,3,1345,equal,50,0.0,False,136.57803320884705,12.416184837167913,1.0,0.12717,2.0,0.8468579636472097,0.07120733333333333,0.009477733333333333,4.050333333333334,124.36866666666667,4.042,0.032567152498217664,1.0609342416845329,1.0131599348620628,1.123228976403773,0.18022997866348767,0.16257497725242745,0.19529952639170012,0.003773988818358864,0.0034877747198934716,0.00410299905574219,0.6554998593422335,0.6458406746185044,0.6702933587528457,0.1714780335989548,0.1597128948467395,0.17838097321925836,2.0,2.0,2.0,1.8368269342383572,1.5019223714228187,1.9904779038612637,,,,0.9091752941182518,182
609,13,equal-split,normal,quadratic,0.1,4,1346,equal,50,0.0,False,140.67670607566833,12.788791461424394,1.0,0.12717,2.0,0.8349756731656365,0.08117666666666666,0.0110452,3.866,124.13933333333334,3.869,0.03114242598370648,1.0748341506220733,1.0363167148202612,1.1303681190954329,0.1693592983623421,0.16057035131687578,0.17515814902310003,0.003596945362432861,0.00341356702514515,0.0037520422903354533,0.6507866120832546,0.6388338809688658,0.6566575468418483,0.18093023322479662,0.1682242786969973,0.19911080102477097,2.0,2.0,2.0,1.8153965077002958,1.473725286616169,1.9874618084763729,,,,0.9228253280104338,176
610,13,equal-split,normal,quadratic,0.2,0,1342,equal,50,0.0,False,137.0478961467743,12.458899649706753,1.0,0.12717,2.0,0.8649276372370442,0.0724028,0.009613333333333333,4.014,124.30633333333333,4.008333333333334,0.03229119460258126,1.12862338907997,1.073146031345946,1.1930749651561656,0.16555520870099594,0.14851220414920768,0.18176402708062456,0.003461471504791815,0.0032321287709134697,0.0037844800373045776,0.6363617637233341,0.6277579048971307,0.6511318410859062,0.17160404167976134,0.16161687728413537,0.18307124984023082,2.0,2.0,2.0,1.8613131102468858,1.553004188826359,1.9929548691746706,,,,0.7863219742271479,187
611,13,equal-split,normal,quadratic,0.2,1,1343,equal,50,0.0,False,152.66168570518494,13.878335064107722,1.0,0.12717,2.0,0.8633356870340859,0.07842106666666666,0.0097884,3.6853333333333333,124.236,3.673,0.029663972868841024,1.076667836004456,1.0459488047799663,1.1274155545038316,0.1745199540390316,0.16692553911957153,0.1863661015890153,0.0036932997241209626,0.0035079883178434253,0.0039286653116886484,0.6476132875066547,0.6368055104095928,0.6588491175571668,0.15252896544677508,0.14219624681239268,0.16187325187622761,2.0,2.0,2.0,1.845919709178378,1.5526859668107298,1.9904085629119694,,,,0.912490877656519,169
612,13,equal-split,normal,quadratic,0.2,2,1344,equal,50,0.0,False,120.0567798614502,10.914252714677291,1.0,0.12717,2.0,0.867137614769032,0.07945333333333333,0.010096133333333333,3.728,124.373,3.7213333333333334,0.02997435134635331,1.0859595312761279,1.054602232146054,1.1638230004133234,0.17109461065876524,0.16259433182056393,0.18082672349061082,0.0036228999443434374,0.0034514803464437273,0.0038142250168238826,0.651513312452463,0.6363962378991181,0.6589043344242814,0.15876905405328223,0.14561368956021134,0.17791644051994973,2.0,2.0,2.0,1.8614924533840085,1.568302017015173,1.992977231521046,,,,0.8018652610146322,188
613,13,equal-split,normal,quadratic,0.2,3,1345,equal,50,0.0,False,118.48399448394775,10.771272225813432,1.0,0.12717,2.0,0.8705803273156506,0.07010973333333333,0.009381066666666667,3.963,124.348,3.9463333333333335,0.03187023514652427,1.0732601230713805,1.0310054220458076,1.1355491277064205,0.17604174811801576,0.16253458630667247,0.1904599314421989,0.0037331050684939185,0.003425082714086148,0.003936195844425463,0.6488936007390951,0.6360148517410661,0.6611895304982764,0.15007191641428996,0.1431262197976468,0.17521373253977643,2.0,2.0,2.0,1.8643352264063704,1.5604672384267089,1.9923589039217244,,,,0.811883320111065,173
614,13,equal-split,normal,quadratic,0.2,4,1346,equal,50,0.0,False,119.28263640403748,10.843876036730679,1.0,0.12717,2.0,0.8609161488969472,0.081608,0.0098648,3.596,124.533,3.5936666666666666,0.028875880288758805,1.0981814615301673,1.041348699293801,1.1355373224768732,0.16866058263225533,0.1574085077804352,0.17435161964350515,0.003546835958823,0.003310702578937968,0.003765506716751537,0.645796503902999,0.6383726709068928,0.6546873762163518,0.16395740222266353,0.14019115059636816,0.18175518023210266,2.0,2.0,2.0,1.8456247800532672,1.5402364993296274,1.9902851953790035,,,,0.9400089109288113,169
615,13,equal-split,normal,quadratic,0.3,0,1342,equal,50,0.0,False,119.20292949676514,10.836629954251377,1.0,0.12717,2.0,0.887732727122061,0.07330346666666666,0.0081124,3.4356666666666666,124.57066666666667,3.436,0.02758006165175322,1.1402827569849454,1.08178841583223,1.169910074191042,0.16505419270911856,0.1512408720648988,0.1777458017141898,0.0034332166482236837,0.0031910014187750595,0.0036940880810885637,0.6329886338525897,0.6265599752909363,0.6492712854262965,0.1366313891687762,0.12272377846142365,0.15314275602001995,2.0,2.0,2.0,1.8761394115408374,1.592653757594247,1.9918149689570348,,,,0.847557619090882,164
616,13,equal-split,normal,quadratic,0.3,1,1343,equal,50,0.0,False,119.08331871032715,10.825756246393377,1.0,0.12717,2.0,0.8831625063803489,0.0795792,0.008331733333333334,3.2116666666666664,124.44666666666667,3.229,0.025807574864734555,1.0678262180057319,1.042518160324244,1.1148476981774782,0.17425265790169134,0.1654225419522497,0.1823195998618221,0.003647339038355059,0.003434218191654955,0.003752131140153941,0.649262879129545,0.6366787696428126,0.6569821659953816,0.128539783847198,0.11510935698988733,0.140666578919507,2.0,2.0,2.0,1.877679581109645,1.6066641087648312,1.993113117453834,,,,0.8134700584914591,138
617,13,equal-split,normal,quadratic,0.3,2,1344,equal,50,0.0,False,119.74236679077148,10.885669708251953,1.0,0.12717,2.0,0.877181796817029,0.08109573333333334,0.008266,3.1386666666666665,124.59333333333333,3.1333333333333333,0.0251912889935256,1.105986411984695,1.07423375384654,1.1450011093510972,0.1695211430651432,0.1613989024743847,0.18219935356140132,0.003579116154832249,0.0033678015027151596,0.0038026816998681873,0.6460821850216305,0.6348551771723178,0.6534846989357694,0.1316821095587533,0.12013120133942165,0.14768407517285997,2.0,2.0,2.0,1.8644631809765795,1.5792958036125637,1.9919357930595032,,,,0.7671040949481891,166
618,13,equal-split,normal,quadratic,0.3,3,1345,equal,50,0.0,False,116.80671405792236,10.618792187083852,1.0,0.12717,2.0,0.8865491857536063,0.07115013333333334,0.008018266666666666,3.414,124.28833333333333,3.4106666666666667,0.027468386681506713,1.0795968724076421,1.0298579529915675,1.1239192447216375,0.17535382297024357,0.16072323187763388,0.18840540559770438,0.0036352845978995098,0.003355979178149404,0.0038697860240974563,0.6441841848095504,0.6337489503852262,0.6577024230253345,0.11766923543686952,0.10468219523201418,0.13621836386226174,2.0,2.0,2.0,1.8794011984404695,1.5986290035603674,1.9926668421994318,,,,0.9861492380853117,169
619,13,equal-split,normal,quadratic,0.3,4,1346,equal,50,0.0,False,120.93269848823547,10.993881680748679,1.0,0.12717,2.0,0.8847687789819896,0.0825296,0.008462266666666666,3.174,124.53633333333333,3.1803333333333335,0.0254865380651965,1.0870450727215406,1.0469194708916976,1.1575317123463789,0.16510444501648192,0.15578242304697737,0.1728657189880286,0.0034275199142816534,0.0032875593371785904,0.003610046365231769,0.643715484586119,0.630793173303086,0.6537899345126741,0.12922234197692833,0.11763789713796222,0.13743089011621312,2.0,2.0,2.0,1.871988934953135,1.5899165562108701,1.9909243958534784,,,,0.8642113602102673,143
620,13,equal-split,normal,quadratic,0.4,0,1342,equal,50,0.0,False,154.39423036575317,14.035839124159379,1.0,0.12717,2.0,0.8999183132757246,0.07500626666666667,0.006573333333333333,2.816666666666667,124.78666666666666,2.8133333333333335,0.0225718559675179,1.1113680947466928,1.077381446419679,1.1540289446552812,0.16163984581866495,0.15138257430007618,0.17254959670870415,0.0034120483996720767,0.0031349473894832875,0.0036936121411787074,0.6381099858807919,0.6290134173172846,0.64597856235746,0.10935662760835349,0.09996911998702422,0.1223313375624427,2.0,2.0,2.0,1.8879229845341283,1.6414868594951693,1.992114245825677,,,,0.8256070484443103,133
621,13,equal-split,normal,quadratic,0.4,1,1343,equal,50,0.0,False,149.88815307617188,13.626195734197443,1.0,0.12717,2.0,0.9080945371050854,0.08115933333333333,0.006515333333333333,2.599,124.79966666666667,2.598333333333333,0.020825376136154213,1.0920526961615924,1.0621462173041765,1.12683647952434,0.17212900221011151,0.16543786666121196,0.18120910044321129,0.0035928653155628933,0.0034081986361886073,0.0038926014806109728,0.6459640530557391,0.6384076517701209,0.6521767864198801,0.10229789093014918,0.08984203070381534,0.11314309826383898,2.0,2.0,2.0,1.8917001980445967,1.6414819331617498,1.9918222058764652,,,,0.8670529313852336,123
622,13,equal-split,normal,quadratic,0.4,2,1344,equal,50,0.0,False,132.8681230545044,12.078920277682217,1.0,0.12717,2.0,0.9013339701315088,0.0823988,0.006830533333333333,2.642,124.663,2.6393333333333335,0.021193136696533856,1.1148420066782563,1.0547481378999128,1.1401802920719883,0.16970267957367569,0.15799266335319262,0.17958822452204054,0.003526407535526046,0.0032389402041736078,0.003754086062451208,0.6459363171179513,0.633036544418117,0.656522111030455,0.09931874433737112,0.09059541565071051,0.10961342468728583,2.0,2.0,2.0,1.8879668480817073,1.6497906839929595,1.991970026720795,,,,0.8850818773296787,125
623,13,equal-split,normal,quadratic,0.4,3,1345,equal,50,0.0,False,119.10285067558289,10.827531879598444,1.0,0.12717,2.0,0.8969898116723836,0.07227146666666667,0.0065545333333333336,2.8853333333333335,124.535,2.8746666666666667,0.023168854806547023,1.0983984357483654,1.0561496431521693,1.1390686709847921,0.1729586014299172,0.16222106338263065,0.18965956948963858,0.003593621159550044,0.0033683220146109444,0.003921130763650828,0.6429274950453514,0.6330989458255484,0.6559795448512036,0.10237684350430601,0.09111747402039347,0.11797710441619838,2.0,2.0,2.0,1.8789719069712478,1.6407019870606454,1.9914844059308434,,,,0.9087934114952472,147
624,13,equal-split,normal,quadratic,0.4,4,1346,equal,50,0.0,False,117.54917669296265,10.686288790269332,1.0,0.12717,2.0,0.8989970933524787,0.0841176,0.006689066666666667,2.530666666666667,124.67466666666667,2.5283333333333333,0.020298162684747503,1.1162534658479635,1.0616263751158548,1.1407617359265247,0.16808005699172696,0.15711898359844614,0.17214702574669916,0.0034527105866684242,0.003286231483423967,0.0036031340836484797,0.6448966365714376,0.6321284928469216,0.6490373893372139,0.10189320740050528,0.09299084209415107,0.11711395070180809,2.0,2.0,2.0,1.8738620549478622,1.6162578819384832,1.9877570381093597,,,,0.9900313284096602,121
625,13,equal-split,normal,quadratic,0.5,0,1342,equal,50,0.0,False,114.56957197189331,10.415415633808482,1.0,0.12717,2.0,0.91709783634965,0.0765444,0.004995466666666667,2.1693333333333333,124.81566666666667,2.165,0.017380296811030666,1.1210817711616698,1.0761141897384259,1.155425672430624,0.16081630763029214,0.15299264558902803,0.18046829805179163,0.003300884936497375,0.0031472565101020333,0.003667026870871424,0.633519978966772,0.6245719184717087,0.6462065824853321,0.08510220350744935,0.06926418379960453,0.09239764944499285,2.0,2.0,2.0,1.8901358094863978,1.67847245046318,1.9918040093364286,,,,0.8286668896906795,119
626,13,equal-split,normal,quadratic,0.5,1,1343,equal,50,0.0,False,114.99491858482361,10.454083507711237,1.0,0.12717,2.0,0.9234200384501672,0.08270626666666667,0.005148,2.0393333333333334,124.83066666666667,2.043,0.0163367975817908,1.092312650882942,1.0382525559940725,1.1125752352109886,0.1726040963461406,0.16225365303743947,0.1810401202589603,0.00351822683660439,0.0033396789845053622,0.003752578136723677,0.6442824864336008,0.6345218742085882,0.6527823307461746,0.07848720870446235,0.06509322834368848,0.08797616869925334,2.0,2.0,2.0,1.8996627819537961,1.689791564829334,1.9899458133680779,,,,0.9111619622687984,96
627,13,equal-split,normal,quadratic,0.5,2,1344,equal,50,0.0,False,119.81686162948608,10.892441966316916,1.0,0.12717,2.0,0.9215943376616975,0.08456853333333333,0.004827066666666667,1.9266666666666667,124.69966666666667,1.9296666666666666,0.015450455628055675,1.1144469218606234,1.0577282232222436,1.1616335614167606,0.17118787496686105,0.16018514193191313,0.1832615583846972,0.003508775611316811,0.003300291228502934,0.003731802620325523,0.6455007997066319,0.6343033520185166,0.6585327583622078,0.07583687462792138,0.06806387839978632,0.08459154371865481,2.0,2.0,2.0,1.900964918776705,1.6831894485616377,1.9916950695168159,,,,0.8044393239671439,104
628,13,equal-split,normal,quadratic,0.5,3,1345,equal,50,0.0,False,114.07967948913574,10.370879953557795,1.0,0.12717,2.0,0.9198121014319613,0.07428106666666667,0.004856666666666666,2.2013333333333334,124.82233333333333,2.206,0.01763573292172608,1.07600187391744,1.0325443941411863,1.1295443327330685,0.1762154016263194,0.1615015231252657,0.187956056697002,0.0036362116513746485,0.003281614103274825,0.003963913882878832,0.6443599028428912,0.6328997337488761,0.661874135528653,0.07507104773229861,0.06920139913521445,0.08481877603677794,2.0,2.0,2.0,1.8948446962877794,1.6835210199183646,1.9891564529606238,,,,0.7397579048344475,100
629,13,equal-split,normal,quadratic,0.5,4,1346,equal,50,0.0,False,117.45953917503357,10.678139925003052,1.0,0.12717,2.0,0.9225834123756511,0.0860236,0.005017733333333333,1.988,124.951,1.995,0.01591023681283063,1.106594203973397,1.0422318723673871,1.127128831639567,0.16409836675036282,0.15722245840689095,0.1716481779071219,0.0033897134860284956,0.0032292252011312675,0.0035316292008992535,0.6415063231858531,0.6327606105819991,0.6499341509135224,0.08031297056322442,0.07122474988853478,0.0905117099260382,2.0,2.0,2.0,1.8972716920810997,1.667743741878908,1.990423979787823,,,,0.9946598083202557,94
630,14,equal-split,normal,exponential,0.0,0,1442,equal,50,0.0,False,109.9671368598938,9.997012441808527,1.0,0.12717,,,0.07974186666666666,0.0,0.0,125.22233333333334,0.0,0.0,1.0683902563397738,1.048330047539367,1.1107900266339037,0.1754844201813821,0.169007356669672,0.1863071082648052,0.003509688403627642,0.0033801471333934395,0.003726142165296106,0.6528306309259162,0.6388026147159998,0.6582647027127188,0.0,0.0,0.0,,,,,,,,,,,0
631,14,equal-split,normal,exponential,0.0,1,1443,equal,50,0.0,False,111.3977701663971,10.127070015127009,1.0,0.12717,,,0.08377066666666666,0.0,0.0,124.81333333333333,0.0,0.0,1.0582211772402363,1.0226474472132068,1.0970515690494118,0.18331703565903906,0.17324625236588942,0.18874965391229254,0.0036663407131807806,0.0034649250473177875,0.0037749930782458507,0.6521732858991177,0.6450324740018825,0.6638602237054595,0.0,0.0,0.0,,,,,,,,,,,0
632,14,equal-split,normal,exponential,0.0,2,1444,equal,50,0.0,False,112.16147184371948,10.196497440338135,1.0,0.12717,,,0.0887672,0.0,0.0,124.74633333333334,0.0,0.0,1.0638282294189665,1.0380090426961552,1.093664753808337,0.177516638751133,0.16233010141149945,0.18289319192678785,0.0035503327750226587,0.0032466020282299894,0.003657863838535756,0.6499056825598084,0.6374875708346698,0.6594073647905581,0.0,0.0,0.0,,,,,,,,,,,0
633,14,equal-split,normal,exponential,0.0,3,1445,equal,50,0.0,False,110.32660269737244,10.029691154306585,1.0,0.12717,,,0.07752293333333334,0.0,0.0,124.95966666666666,0.0,0.0,1.09149040250063,1.0437486625097299,1.12459227327816,0.16743442598890956,0.1582104785589268,0.17719466523683777,0.00334868851977819,0.0031642095711785353,0.003543893304736755,0.6410771450990834,0.6295087816654715,0.6526717971842311,0.0,0.0,0.0,,,,,,,,,,,0
634,14,equal-split,normal,exponential,0.0,4,1446,equal,50,0.0,False,111.95887279510498,10.178079345009543,1.0,0.12717,,,0.08598586666666666,0.0,0.0,125.261,0.0,0.0,1.0897042014341114,1.039947011495962,1.1260530112792435,0.17291765120514094,0.16245600523806378,0.18298108515781528,0.0034583530241028178,0.0032491201047612755,0.0036596217031563045,0.6469399769398092,0.63998299018995,0.6585866642399743,0.0,0.0,0.0,,,,,,,,,,,0
635,14,equal-split,normal,exponential,0.01,0,1442,equal,50,0.0,False,109.48321008682251,9.953019098802047,1.0,0.12717,,,0.07974186666666666,0.0,0.0,125.22233333333334,0.0,0.0,1.0683902563397738,1.048330047539367,1.1107900266339037,0.1754844201813821,0.169007356669672,0.1863071082648052,0.003509688403627642,0.0033801471333934395,0.003726142165296106,0.6528306309259162,0.6388026147159998,0.6582647027127188,0.0,0.0,0.0,,,,,,,,,,,0
636,14,equal-split,normal,exponential,0.01,1,1443,equal,50,0.0,False,110.76645612716675,10.069677829742432,1.0,0.12717,,,0.08377066666666666,0.0,0.0,124.81333333333333,0.0,0.0,1.0582211772402363,1.0226474472132068,1.0970515690494118,0.18331703565903906,0.17324625236588942,0.18874965391229254,0.0036663407131807806,0.0034649250473177875,0.0037749930782458507,0.6521732858991177,0.6450324740018825,0.6638602237054595,0.0,0.0,0.0,,,,,,,,,,,0
637,14,equal-split,normal,exponential,0.01,2,1444,equal,50,0.0,False,113.48378467559814,10.31670769778165,1.0,0.12717,,,0.0887672,0.0,0.0,124.74633333333334,0.0,0.0,1.0638282294189665,1.0380090426961552,1.093664753808337,0.177516638751133,0.16233010141149945,0.18289319192678785,0.0035503327750226587,0.0032466020282299894,0.003657863838535756,0.6499056825598084,0.6374875708346698,0.6594073647905581,0.0,0.0,0.0,,,,,,,,,,,0
638,14,equal-split,normal,exponential,0.01,3,1445,equal,50,0.0,False,108.19752430915833,9.836138573559849,1.0,0.12717,,,0.07752293333333334,0.0,0.0,124.95966666666666,0.0,0.0,1.09149040250063,1.0437486625097299,1.12459227327816,0.16743442598890956,0.1582104785589268,0.17719466523683777,0.00334868851977819,0.0031642095711785353,0.003543893304736755,0.6410771450990834,0.6295087816654715,0.6526717971842311,0.0,0.0,0.0,,,,,,,,,,,0
639,14,equal-split,normal,exponential,0.01,4,1446,equal,50,0.0,False,111.53884625434875,10.139895114031704,1.0,0.12717,,,0.08598586666666666,0.0,0.0,125.261,0.0,0.0,1.0897042014341114,1.039947011495962,1.1260530112792435,0.17291765120514094,0.16245600523806378,0.18298108515781528,0.0034583530241028178,0.0032491201047612755,0.0036596217031563045,0.6469399769398092,0.63998299018995,0.6585866642399743,0.0,0.0,0.0,,,,,,,,,,,0
640,14,equal-split,normal,exponential,0.02,0,1442,equal,50,0.0,False,109.71321082115173,9.973928256468339,1.0,0.12717,,,0.07974186666666666,0.0,0.0,125.22233333333334,0.0,0.0,1.0683902563397738,1.048330047539367,1.1107900266339037,0.1754844201813821,0.169007356669672,0.1863071082648052,0.003509688403627642,0.0033801471333934395,0.003726142165296106,0.6528306309259162,0.6388026147159998,0.6582647027127188,0.0,0.0,0.0,,,,,,,,,,,0
641,14,equal-split,normal,exponential,0.02,1,1443,equal,50,0.0,False,110.7441954612732,10.067654132843018,1.0,0.12717,,,0.08377066666666666,0.0,0.0,124.81333333333333,0.0,0.0,1.0582211772402363,1.0226474472132068,1.0970515690494118,0.18331703565903906,0.17324625236588942,0.18874965391229254,0.0036663407131807806,0.0034649250473177875,0.0037749930782458507,0.6521732858991177,0.6450324740018825,0.6638602237054595,0.0,0.0,0.0,,,,,,,,,,,0
642,14,equal-split,normal,exponential,0.02,2,1444,equal,50,0.0,False,111.13852715492249,10.103502468629317,1.0,0.12717,,,0.0887672,0.0,0.0,124.74633333333334,0.0,0.0,1.0638282294189665,1.0380090426961552,1.093664753808337,0.177516638751133,0.16233010141149945,0.18289319192678785,0.0035503327750226587,0.0032466020282299894,0.003657863838535756,0.6499056825598084,0.6374875708346698,0.6594073647905581,0.0,0.0,0.0,,,,,,,,,,,0
643,14,equal-split,normal,exponential,0.02,3,1445,equal,50,0.0,False,110.48994088172913,10.044540080157192,1.0,0.12717,,,0.07752293333333334,0.0,0.0,124.95966666666666,0.0,0.0,1.09149040250063,1.0437486625097299,1.12459227327816,0.16743442598890956,0.1582104785589268,0.17719466523683777,0.00334868851977819,0.0031642095711785353,0.003543893304736755,0.6410771450990834,0.6295087816654715,0.6526717971842311,0.0,0.0,0.0,,,,,,,,,,,0
644,14,equal-split,normal,exponential,0.02,4,1446,equal,50,0.0,False,112.79364967346191,10.2539681521329,1.0,0.12717,,,0.08598586666666666,0.0,0.0,125.261,0.0,0.0,1.0897042014341114,1.039947011495962,1.1260530112792435,0.17291765120514094,0.16245600523806378,0.18298108515781528,0.0034583530241028178,0.0032491201047612755,0.0036596217031563045,0.6469399769398092,0.63998299018995,0.6585866642399743,0.0,0.0,0.0,,,,,,,,,,,0
645,14,equal-split,normal,exponential,0.05,0,1442,equal,50,0.0,False,109.9163920879364,9.992399280721491,1.0,0.12717,2.0,0.8207987626497998,0.07973826666666667,4.133333333333333e-06,0.0013333333333333333,125.222,0.0013333333333333333,1.0647756251563889e-05,1.0683902602777284,1.0483301815833763,1.1107885605887575,0.17548504009362526,0.16900702887060928,0.18630712163159813,0.003509700801872505,0.003380140577412185,0.0037261424326319637,0.6528304935171345,0.6388026196342975,0.6582649674595953,0.0,0.0,0.0,2.0,2.0,2.0,1.6415975252995996,1.6415975252995996,1.6415975252995996,,,,,0
646,14,equal-split,normal,exponential,0.05,1,1443,equal,50,0.0,False,115.61085867881775,10.510078061710704,1.0,0.12717,2.0,0.7877428458740775,0.08376613333333334,9.466666666666667e-06,0.0013333333333333333,124.81333333333333,0.0013333333333333333,1.0682619378271552e-05,1.058234460113646,1.0236377568588133,1.0990040727858115,0.18329669835831558,0.17321811268348464,0.18852057130956623,0.003665933967166313,0.0034643622536696924,0.003770411426191324,0.651981430491938,0.6450752103038926,0.6637569791306265,0.0,0.0,0.0,2.0,2.0,2.0,1.575485691748155,1.4985894529997619,1.7297716301491843,,,,,0
647,14,equal-split,normal,exponential,0.05,2,1444,equal,50,0.0,False,116.91656613349915,10.628778739409013,1.0,0.12717,2.0,0.6574156324686422,0.08875066666666667,1.6533333333333333e-05,0.007333333333333333,124.73633333333333,0.007666666666666666,5.8790675798818305e-05,1.0623239246862106,1.0389400049281918,1.0963131405694175,0.17752497707539516,0.1620649660816495,0.18281315017541105,0.003550499541507903,0.003261988381065293,0.0036566192083995266,0.6498969232695682,0.637316264930776,0.658763196758716,0.0,0.0,0.000665382256692004,2.0,2.0,2.0,1.600483046064721,1.2164422049827501,1.7214326060524874,,,,,0
648,14,equal-split,normal,exponential,0.05,3,1445,equal,50,0.0,False,125.55949687957764,11.41449971632524,1.0,0.12717,2.0,0.9741267447424871,0.07752253333333334,8e-07,0.001,124.95966666666666,0.001,8.002582166512396e-06,1.097756163467266,1.0437330998510723,1.124599813570688,0.1674459892953556,0.15821077782856285,0.17720391134822744,0.0033489197859071108,0.003164215556571256,0.0035440782269645487,0.6409581548479983,0.6295159140319233,0.6526664293291956,0.0,0.0,0.0,2.0,2.0,2.0,1.9482534894849741,1.9482534894849741,1.9482534894849741,,,,,0
649,14,equal-split,normal,exponential,0.05,4,1446,equal,50,0.0,False,126.66870069503784,11.515336426821621,1.0,0.12717,2.0,0.6998772861862048,0.08597906666666667,4.666666666666666e-06,0.004,125.15366666666667,0.004,3.196070963428958e-05,1.0896415730957156,1.039946838262503,1.126099356326021,0.1729460555516008,0.1624681620659604,0.18298617748618382,0.0034589211110320163,0.003249708676028438,0.0036601170343206783,0.6469445956320719,0.6399990709252125,0.6584045789123146,0.0,0.0,0.000992347937033472,2.0,2.0,2.0,1.3997545723724096,1.312387997553159,1.5473324513433873,,,,,0
650,14,equal-split,normal,exponential,0.1,0,1442,equal,50,0.0,False,128.74823760986328,11.704385237260299,1.0,0.12717,2.0,0.8625619643146385,0.07956746666666667,0.00014506666666666668,0.06133333333333333,125.20833333333333,0.06133333333333333,0.0004898502495840266,1.069402380006958,1.0450134355482068,1.1121709139386224,0.17508573486275703,0.16856405713751788,0.1857744160533539,0.003503179592410646,0.00337220888979707,0.0037477701247668875,0.6517385933975657,0.6391296453784234,0.658033991990273,0.002283606783914861,0.001230720767407682,0.003362707028112237,2.0,2.0,2.0,1.7673014810180556,1.448984677450915,1.924401047796288,,,,1.4583131131173488,4
651,14,equal-split,normal,exponential,0.1,1,1443,equal,50,0.0,False,127.2257308959961,11.565975535999645,1.0,0.12717,2.0,0.8467017225162043,0.08357413333333333,0.0001928,0.07466666666666667,124.81766666666667,0.07433333333333333,0.0005982059163633353,1.059642288116763,1.0207073680886594,1.0990541313467466,0.18319174737278432,0.1731585699412811,0.18880234499132195,0.003665750764512794,0.0034634970487913636,0.003779902046185885,0.6518780693393729,0.6448493845461591,0.6633936163825028,0.0034467776972795447,0.002417332288125886,0.00605858970671967,2.0,2.0,2.0,1.775177320230554,1.4636283374320262,1.949717794253103,,,,0.7914200028391452,4
652,14,equal-split,normal,exponential,0.1,2,1444,equal,50,0.0,False,130.86747670173645,11.897043336521495,1.0,0.12717,2.0,0.8428081090071575,0.0883768,0.0003652,0.13033333333333333,124.65633333333334,0.13066666666666665,0.0010455412079610877,1.0667376900152954,1.0426329985286,1.091674467526949,0.17710283003528626,0.16187898018796315,0.18275467829668007,0.0035435850923010714,0.003252349023039521,0.0036611635248112555,0.6502024918307308,0.6375292987326164,0.6592143609090704,0.007306053108401926,0.0037072172246952906,0.009367791150798273,2.0,2.0,2.0,1.6943109878676625,1.3660369952702596,1.9106199874130834,,,,1.3879625450997006,5
653,14,equal-split,normal,exponential,0.1,3,1445,equal,50,0.0,False,113.49154758453369,10.317413416775791,1.0,0.12717,2.0,0.8469016548380908,0.07735973333333333,0.000176,0.06433333333333334,125.056,0.06533333333333333,0.000514436199249403,1.1008214797385514,1.0437510674177968,1.1252485739091087,0.16723323916135616,0.15821483783832266,0.17713312336018594,0.003344887594479976,0.00317456232356466,0.003544917679937487,0.6408335414231193,0.6292387191462712,0.6519168243831163,0.0030584470537415175,0.0015558485524535788,0.004613680391195011,2.0,2.0,2.0,1.6983044222557777,1.4772507620045887,1.9074707235800314,,,,0.8412494947395105,3
654,14,equal-split,normal,exponential,0.1,4,1446,equal,50,0.0,False,113.38836240768433,10.308032946153121,1.0,0.12717,2.0,0.843446096391899,0.085652,0.0003136,0.108,124.96066666666667,0.10866666666666666,0.0008642719575759839,1.0832065284230465,1.0408769542431469,1.128944380981434,0.17302387035244127,0.16251623291500483,0.1826186847553143,0.003472502595987405,0.0032546144616592424,0.003660802779077289,0.6470555019356375,0.6395079572100555,0.6586266569476157,0.005897991141969563,0.003621346171707209,0.009437982830250866,2.0,2.0,2.0,1.72839037589047,1.35859578848147,1.9335916542787694,,,,0.0741747029434293,3
655,14,equal-split,normal,exponential,0.2,0,1442,equal,50,0.0,False,112.79523253440857,10.254112048582597,1.0,0.12717,2.0,0.8623127705868394,0.0783964,0.0011790666666666666,0.4663333333333333,125.27533333333334,0.46366666666666667,0.003722467312000766,1.0757790561004974,1.0276335916327024,1.1116224982944667,0.17534371416601172,0.16602103577067795,0.18444919681495134,0.003532221169825221,0.003365053735263901,0.0036991419143369286,0.6526244082375858,0.6384896136450603,0.656853564636257,0.02361310929398422,0.016883917519320564,0.02737769924294,2.0,2.0,2.0,1.7706522748252589,1.4793513304537105,1.9593329090555465,,,,0.8037016268837484,35
656,14,equal-split,normal,exponential,0.2,1,1443,equal,50,0.0,False,114.17452669143677,10.379502426494252,1.0,0.12717,2.0,0.8811493258092924,0.08228933333333334,0.0013988,0.518,124.73933333333333,0.5193333333333333,0.004152659679651968,1.0546561710472218,1.0145531783486774,1.0928453525638466,0.18228966859992896,0.17238235943961366,0.18908128982892958,0.003676330507593889,0.0034826544309502147,0.0038536062131716026,0.6521808725870164,0.6466177833815909,0.661922835858516,0.02404968906169918,0.018628043091170457,0.02839068862178745,2.0,2.0,2.0,1.8292945527796611,1.5229372397042253,1.9748732218377927,,,,0.9083356888355116,26
657,14,equal-split,normal,exponential,0.2,2,1444,equal,50,0.0,False,116.22590732574463,10.565991575067693,1.0,0.12717,2.0,0.8810683282981058,0.0862788,0.00216,0.7656666666666667,124.70966666666666,0.767,0.006139593562648178,1.0691637925974158,1.032114536398568,1.1081345159504323,0.1749415262088922,0.1629891092293352,0.18371612589253092,0.0035175762486589057,0.0032825110949231606,0.0037596261893188257,0.6490592470709348,0.6389265578460545,0.6593414317200579,0.030612891327528556,0.02733337458643091,0.03824678626417322,2.0,2.0,2.0,1.8397655843647094,1.541244156269021,1.9763624299895135,,,,0.8858640382578473,42
658,14,equal-split,normal,exponential,0.2,3,1445,equal,50,0.0,False,112.24882483482361,10.2044386213476,1.0,0.12717,2.0,0.8796296546480384,0.07625546666666666,0.00123,0.45166666666666666,124.68633333333334,0.4523333333333333,0.0036224232006180843,1.093046769004515,1.0393470980271644,1.1316691605104578,0.1687626900458289,0.15687667915066736,0.17728791571828126,0.0033835152801091513,0.003146088297653529,0.0035687360262251265,0.6444373875846541,0.6279574212259601,0.6528201538954843,0.01937544672503564,0.015151942467949011,0.023319532983780866,2.0,2.0,2.0,1.825248041689968,1.5213437170781459,1.9797670535339285,,,,0.9149475285692222,27
659,14,equal-split,normal,exponential,0.2,4,1446,equal,50,0.0,False,113.82191753387451,10.347447048534047,1.0,0.12717,2.0,0.8706290439159311,0.08390133333333333,0.0019384,0.6493333333333333,125.09133333333334,0.6393333333333333,0.0051908738681603304,1.0872547512489679,1.0465804496785487,1.1244002309420358,0.17213124451135395,0.16176250046757862,0.18168178248847325,0.003455363741964926,0.0032634174789691215,0.003659117174107035,0.6459717523072587,0.6390849970748604,0.6587397504005347,0.027500959600710966,0.02274766932698211,0.036837222176623614,2.0,2.0,2.0,1.7936639660834377,1.5163626618192463,1.9647923626898798,,,,0.9141645567868262,43
660,14,equal-split,normal,exponential,0.3,0,1442,equal,50,0.0,False,114.24016809463501,10.385469826785,1.0,0.12717,2.0,0.8924973233837546,0.07759146666666666,0.0017966666666666667,0.744,125.12133333333334,0.7426666666666667,0.005946228194499205,1.085290878686136,1.0409595302330277,1.128083885030566,0.17477147282355707,0.1675551342802938,0.18612602541330936,0.003519632384045297,0.0034060254025333405,0.0037680955140334794,0.6492328016712615,0.6378899572151966,0.6567126974477764,0.0302573829231158,0.02551741005707421,0.0345562913804371,2.0,2.0,2.0,1.835716555061268,1.5686542677684965,1.9791741276906083,,,,0.7546868994381967,40
661,14,equal-split,normal,exponential,0.3,1,1443,equal,50,0.0,False,113.79747152328491,10.345224683934992,1.0,0.12717,2.0,0.8902071652282313,0.08104293333333333,0.0022202666666666666,0.8046666666666666,124.69133333333333,0.811,0.006453268604607644,1.0640637840717915,1.018484557514345,1.104922728500723,0.18226062112026586,0.17410647840922447,0.18782607477856733,0.003688148247852536,0.003511249677692435,0.003798164360607763,0.649537739497354,0.6461673074447837,0.6617739977728935,0.03336176873539658,0.02637145949497756,0.04017960525872996,2.0,2.0,2.0,1.8473271509126827,1.5927888826667327,1.9840175624425966,,,,0.9673627781243195,36
662,14,equal-split,normal,exponential,0.3,2,1444,equal,50,0.0,False,115.74288272857666,10.522080248052424,1.0,0.12717,2.0,0.9000606923729392,0.0852864,0.0029557333333333335,1.062,124.473,1.0633333333333332,0.008531970788845775,1.0789244612664772,1.0561575617837162,1.1186423463971107,0.17496055780781217,0.16304779692920376,0.17926771141985245,0.0035470348172280683,0.0033431784652908697,0.0036481366336937257,0.6491881220776912,0.6377581415795461,0.6565866726150311,0.044262816959595414,0.03403069400277782,0.05240008321376877,2.0,2.0,2.0,1.8601127158958932,1.5920062895024816,1.9809098164380556,,,,0.9028059189867469,51
663,14,equal-split,normal,exponential,0.3,3,1445,equal,50,0.0,False,112.9127287864685,10.264793526042592,1.0,0.12717,2.0,0.9002220925779085,0.07525653333333333,0.0018770666666666667,0.734,124.912,0.735,0.005876136800307416,1.0929448494405392,1.0617491728584463,1.1152498971452585,0.163153249125882,0.15649410640293698,0.1740498940222586,0.003314742356141209,0.0031435374885707807,0.0034951488715448723,0.6416356023543639,0.6272204451788749,0.6515083323493797,0.028077628550216387,0.023375490324053404,0.03476635354714062,2.0,2.0,2.0,1.8486904812051392,1.584640752537929,1.9776061290074871,,,,1.1344845288726113,39
664,14,equal-split,normal,exponential,0.3,4,1446,equal,50,0.0,False,115.30896234512329,10.482632940465754,1.0,0.12717,2.0,0.88566650749964,0.08251413333333334,0.0026958666666666666,0.961,124.97866666666667,0.964,0.007689312309300787,1.0951122888611673,1.034637179808464,1.1237922016043167,0.17071115415790558,0.16339236159467424,0.1799809398955245,0.003447152422496385,0.0032927924581252024,0.0036262034052265326,0.6449702280818828,0.637366660307013,0.6567439525367755,0.040775217156432966,0.034471650638887505,0.044485230427569085,2.0,2.0,2.0,1.8311832247655655,1.562881383747093,1.9778348964019896,,,,0.9438749583247045,43
665,14,equal-split,normal,exponential,0.4,0,1442,equal,50,0.0,False,113.04700636863708,10.277000578967007,1.0,0.12717,2.0,0.9056858896576419,0.07747893333333333,0.0018012,0.7656666666666667,125.01833333333333,0.765,0.006124435082854515,1.0802217095699511,1.0350884654247496,1.1241040695571418,0.17716857611545078,0.16548815984768186,0.1844670760355544,0.0035646397616453597,0.003332410992850179,0.0037078282377597275,0.6488000124318853,0.6361303665766079,0.6571251251424937,0.028581039257896814,0.02236157237582765,0.030997446596065546,2.0,2.0,2.0,1.8526522960523986,1.6410497078358812,1.9815136250178744,,,,0.8474361280713493,51
666,14,equal-split,normal,exponential,0.4,1,1443,equal,50,0.0,False,113.77766013145447,10.343423648314042,1.0,0.12717,2.0,0.9071084092460981,0.0811448,0.002032,0.806,124.67333333333333,0.8103333333333333,0.006464894925405059,1.053479157399678,1.0147061545941556,1.0973458268523033,0.18283812468455854,0.17462472958232153,0.18856276887616188,0.003674646316465187,0.0035221995273419433,0.00379558248744358,0.6507434219647761,0.647165797274722,0.6618309462418167,0.027635198677627607,0.022896856327549946,0.036549801809998235,2.0,2.0,2.0,1.8674167195213842,1.6292525117901906,1.9855406094885426,,,,0.9681807707754233,42
667,14,equal-split,normal,exponential,0.4,2,1444,equal,50,0.0,False,113.92991924285889,10.357265385714443,1.0,0.12717,2.0,0.907649266423664,0.0851544,0.0028685333333333335,0.9953333333333333,124.894,0.9926666666666667,0.007969424738845206,1.0798416981631185,1.038102406939981,1.1037096392844974,0.17257660035891498,0.16218741798700298,0.18274534992370267,0.003467006191347246,0.003260422356781296,0.0037429454635368987,0.6480540428075932,0.6383620558978182,0.6573859291897421,0.03937131465967697,0.03477979409876856,0.043376037274980864,2.0,2.0,2.0,1.8672575394386135,1.6137778193472612,1.9831236855878653,,,,1.2006724242157343,53
668,14,equal-split,normal,exponential,0.4,3,1445,equal,50,0.0,False,111.94283437728882,10.176621307026256,1.0,0.12717,2.0,0.916609439887301,0.07522413333333333,0.0016778666666666666,0.688,124.802,0.6906666666666667,0.005512732167753721,1.091851085955341,1.04418130192822,1.132719158860847,0.16472233528098174,0.1568317504914877,0.17825776003641175,0.0033054904304910373,0.0031559970731861063,0.003586289532697922,0.642113246548025,0.6268645774279193,0.6515232231412766,0.027226231796353317,0.021496844332932384,0.03300661654163599,2.0,2.0,2.0,1.8834212887171695,1.6229627107377287,1.9801895700017138,,,,0.9052271628488586,31
669,14,equal-split,normal,exponential,0.4,4,1446,equal,50,0.0,False,114.48850584030151,10.408045985481955,1.0,0.12717,2.0,0.8995340701144973,0.08329093333333333,0.0020702666666666666,0.8613333333333333,124.96033333333334,0.8603333333333333,0.00689285399900235,1.0972715562975812,1.0544782095184835,1.1278286705791007,0.17152903585438845,0.15996383126778407,0.18242731500133372,0.0034663167408081072,0.0032499850904746915,0.0036840459059622106,0.6443749986206033,0.6374107476152792,0.6562406658188724,0.03295195628436493,0.026284756031419963,0.040363512582192576,2.0,2.0,2.0,1.8608181352811815,1.6085190754884673,1.9789796615745598,,,,0.6976210791081662,47
670,14,equal-split,normal,exponential,0.5,0,1442,equal,50,0.0,False,113.1107280254364,10.282793456857855,1.0,0.12717,2.0,0.9190737917081864,0.0776428,0.0014229333333333333,0.6323333333333333,125.15166666666667,0.6366666666666667,0.005052536256009375,1.0803807177115443,1.0477428725401565,1.1062705747371697,0.17616854957859268,0.16587492759327788,0.18123924298417926,0.0035517381056399664,0.0033365831361785543,0.003688588507939697,0.6488514813217863,0.635741901981269,0.6563814758256831,0.024960801367057167,0.018418667026463616,0.028458163338889942,2.0,2.0,2.0,1.8818552888539686,1.6741831780994885,1.986850696561298,,,,1.0466641085605566,31
671,14,equal-split,normal,exponential,0.5,1,1443,equal,50,0.0,False,114.94085931777954,10.449169028889049,1.0,0.12717,2.0,0.9225946724779491,0.08141706666666666,0.0016176,0.6406666666666667,124.73633333333333,0.6436666666666667,0.0051361672220604,1.081234723702825,1.0213132661041502,1.1074398625036599,0.18217547937764145,0.171520614014812,0.18736776357159404,0.0036503216051382817,0.0034437117171864855,0.003764864489376298,0.6478441159566146,0.6436496631803974,0.6597251904935216,0.022154575634825632,0.017652252749009185,0.027930475300501658,2.0,2.0,2.0,1.8930491819721913,1.6566137358970685,1.9885536253923204,,,,1.1304726659342197,37
672,14,equal-split,normal,exponential,0.5,2,1444,equal,50,0.0,False,117.16524720191956,10.651386109265415,1.0,0.12717,2.0,0.9209982244313868,0.08620266666666666,0.0019502666666666667,0.747,124.95233333333333,0.748,0.00597827971733221,1.0701146632910867,1.0418148851054954,1.1268568810364838,0.1751985554931112,0.15988390537283206,0.18250437569984318,0.0035181417730041943,0.0032133057521510234,0.003690811210009471,0.6482436406603471,0.6341734830966945,0.6574054516848474,0.027856863851564828,0.023981786715383216,0.03485957234638761,2.0,2.0,2.0,1.8744030421379108,1.6544098505581921,1.9832669005110628,,,,0.586696394164397,42
673,14,equal-split,normal,exponential,0.5,3,1445,equal,50,0.0,False,112.95564937591553,10.268695397810502,1.0,0.12717,2.0,0.9217667643066207,0.07571933333333333,0.001344,0.5896666666666667,124.77033333333334,0.5853333333333334,0.004726016601168547,1.094446731812419,1.0336143002009703,1.139772274052528,0.165469656185896,0.1573983000845631,0.17700753494293092,0.003324476807560663,0.003166236739501518,0.003550172677886195,0.6410752132670532,0.629122273846279,0.6498144030822608,0.02147618514482862,0.015977723454186087,0.025621716957207896,2.0,2.0,2.0,1.8794374334939665,1.6531097502246488,1.9869160219722675,,,,0.9182113981666693,39
674,14,equal-split,normal,exponential,0.5,4,1446,equal,50,0.0,False,113.6977014541626,10.336154677651145,1.0,0.12717,2.0,0.9176216920458409,0.08354306666666667,0.001768,0.6933333333333334,125.27433333333333,0.6893333333333334,0.005534520239580867,1.0929745904269397,1.038449765292536,1.1244129418317383,0.1707312558290942,0.16257381349874725,0.17955016184305797,0.003450920962452743,0.0032808663276174877,0.0036247161241835567,0.6441551731045325,0.6378640400929586,0.6565133946790244,0.02520884016652746,0.020099064106147306,0.031420898901806625,2.0,2.0,2.0,1.882803913028543,1.6525409214748075,1.9852063305626455,,,,0.6169643629588576,40
675,15,equal-split,normal,power_law,0.0,0,1542,equal,50,0.0,False,112.86067509651184,10.260061372410167,1.0,0.12717,,,0.08945506666666667,0.0,0.0,125.15566666666666,0.0,0.0,1.0724796916996437,1.0199212714217034,1.0853782232345108,0.17205018366857816,0.16323258745574004,0.18460030535663588,0.0034410036733715614,0.0032646517491148,0.0036920061071327166,0.6500155999721158,0.6414074687188931,0.6551804306489784,0.0,0.0,0.0,,,,,,,,,,,0
676,15,equal-split,normal,power_law,0.0,1,1543,equal,50,0.0,False,112.99556136131287,10.27232376011935,1.0,0.12717,,,0.0916084,0.0,0.0,125.10933333333334,0.0,0.0,1.0384567130914677,1.0187583297459506,1.065068477713623,0.17894376198697956,0.17295769924013715,0.18888354069065943,0.003578875239739591,0.0034591539848027415,0.003777670813813186,0.6572720654793109,0.6510777441464769,0.6665063449719467,0.0,0.0,0.0,,,,,,,,,,,0
677,15,equal-split,normal,power_law,0.0,2,1544,equal,50,0.0,False,111.51448178291321,10.137680162083019,1.0,0.12717,,,0.08582053333333334,0.0,0.0,124.757,0.0,0.0,1.0936589201874738,1.0468540435946943,1.1260460235862584,0.1727491313800103,0.16598848530670068,0.18335734956320193,0.003454982627600206,0.0033197697061340134,0.0036671469912640375,0.6441283733126534,0.6330247144175525,0.6507650668805942,0.0,0.0,0.0,,,,,,,,,,,0
678,15,equal-split,normal,power_law,0.0,3,1545,equal,50,0.0,False,114.54376459121704,10.413069508292459,1.0,0.12717,,,0.09294813333333334,0.0,0.0,124.926,0.0,0.0,1.0667745043136838,1.0105002131208165,1.1098010030191343,0.17707810237731852,0.1682531974118092,0.1840653801037334,0.0035415620475463695,0.003365063948236183,0.003681307602074667,0.6495990694825962,0.641672450749274,0.6608466115424985,0.0,0.0,0.0,,,,,,,,,,,0
679,15,equal-split,normal,power_law,0.0,4,1546,equal,50,0.0,False,111.49503183364868,10.135911984877152,1.0,0.12717,,,0.08409506666666666,0.0,0.0,125.13566666666667,0.0,0.0,1.0852861292431326,1.0461642973265384,1.1262100082335225,0.1728067824257427,0.15901720883146514,0.18033363307982803,0.0034561356485148537,0.0031803441766293013,0.0036066726615965605,0.6431584388165081,0.6303400071656897,0.652425980245683,0.0,0.0,0.0,,,,,,,,,,,0
680,15,equal-split,normal,power_law,0.01,0,1542,equal,50,0.0,False,116.34274411201477,10.576613101092251,1.0,0.12717,2.0,0.8394811059294837,0.08382146666666666,0.005606133333333333,1.9963333333333333,124.85666666666667,2.002666666666667,0.015989000720826547,1.0712129352072446,1.0202368316746226,1.0913108591242102,0.1719653533914141,0.1630411862666227,0.18429717960885128,0.003542255077850656,0.003343526682664594,0.003794494605565082,0.6514733087654485,0.6437180652885915,0.6577521083216813,0.11241976080423391,0.10196310035360141,0.1289745406526039,2.0,2.0,2.0,1.7214402451778805,1.3704142935190995,1.9483401748462152,,,,0.8836246542718438,97
681,15,equal-split,normal,power_law,0.01,1,1543,equal,50,0.0,False,115.7575364112854,10.523412401025945,1.0,0.12717,2.0,0.8361368625724526,0.08588093333333334,0.005714266666666666,2.017333333333333,124.84,2.011,0.01615935063548008,1.0383163916702918,1.0182944063763801,1.0653849672596576,0.17912271079570968,0.17282779168095136,0.18930133770430452,0.003660492158016801,0.0035483459838633264,0.0038708760784795667,0.6598358811847772,0.6552723411641151,0.6679323018092248,0.1177087769949971,0.10529112393994652,0.1307477293562709,2.0,2.0,2.0,1.7211558252763899,1.3887480652900948,1.9491536436032209,,,,0.8679684916927174,117
682,15,equal-split,normal,power_law,0.01,2,1544,equal,50,0.0,False,115.77707958221436,10.525189052928578,1.0,0.12717,2.0,0.8392619742872673,0.0806824,0.005117066666666666,1.9543333333333333,124.71033333333334,1.9586666666666666,0.015670981554589167,1.0944192067763323,1.0462006318277355,1.125458577122753,0.17268415805687587,0.16592597862418793,0.18335287432285177,0.003579260698964491,0.0034049668646951373,0.0037343242880284,0.6462905811689651,0.6363077959579385,0.652492702094408,0.1105475493268224,0.10165482283654739,0.12668495113995412,2.0,2.0,2.0,1.724122270461048,1.375850409747916,1.9444099673078474,,,,0.8195432336962114,90
683,15,equal-split,normal,power_law,0.01,3,1545,equal,50,0.0,False,116.42723822593689,10.584294384176081,1.0,0.12717,2.0,0.8355950790677403,0.08708293333333333,0.0058392,2.01,124.68366666666667,2.014666666666667,0.016120796361993418,1.061128170792179,1.0128170505959604,1.1135426642067865,0.1771548152656747,0.1683859415133209,0.18383240240549079,0.003644052882814118,0.0034788217876262524,0.003769649828929894,0.6520079138367745,0.6449489923719403,0.6645057703259849,0.11859600304897068,0.1041734539814451,0.14439458733048693,2.0,2.0,2.0,1.7201791710264296,1.3733972074949994,1.9493672707835257,,,,0.8844961358365654,111
684,15,equal-split,normal,power_law,0.01,4,1546,equal,50,0.0,False,115.50154781341553,10.500140710310502,1.0,0.12717,2.0,0.8349121100462993,0.07953533333333333,0.0045372,1.8183333333333334,125.06866666666667,1.8173333333333332,0.014538680085073266,1.0850841117721102,1.0452900593743226,1.1212091073469934,0.17284875470211253,0.1588642601623871,0.18025454753613743,0.0034962428536114516,0.0032467844416289235,0.0036624985148188,0.6456459938517651,0.6329582856881569,0.6558307653405947,0.10322323871354631,0.09153316740396482,0.10892953965738061,2.0,2.0,2.0,1.7180268336764284,1.3890506391883255,1.9439211781586356,,,,1.251845531108528,96
685,15,equal-split,normal,power_law,0.02,0,1542,equal,50,0.0,False,116.47379326820374,10.588526660745794,1.0,0.12717,2.0,0.8336036078495619,0.08011746666666666,0.009194933333333334,3.3333333333333335,124.371,3.3396666666666666,0.026801531975567727,1.0603094225876515,1.0265151672876855,1.0965674900057452,0.171354089485305,0.16300923130005462,0.1852813460513608,0.0036014845531001593,0.0034295859308147384,0.00380911616683802,0.6550011876024553,0.6442210883238233,0.6587059801131763,0.18259297543683412,0.16759821045179218,0.20304874804258488,2.0,2.0,2.0,1.7607595749803784,1.4020534447327841,1.971573303141419,,,,0.9591837834892805,148
686,15,equal-split,normal,power_law,0.02,1,1543,equal,50,0.0,False,124.4272153377533,11.311565030704845,1.0,0.12717,2.0,0.829309703654448,0.08232773333333333,0.009161466666666666,3.3356666666666666,124.30133333333333,3.3393333333333333,0.02683532490936005,1.0416762819195053,1.0262922106640069,1.0676990150709202,0.1793432722517364,0.17267896082656986,0.1884838230069189,0.0038028853897081015,0.003636041905004521,0.004123779591436085,0.6619517679439391,0.6548274809267624,0.6684300368027383,0.18794061884338292,0.17246137215616175,0.20473944693151253,2.0,2.0,2.0,1.7508361455062749,1.3984271370850039,1.9658035951301276,,,,0.9754134998401497,170
687,15,equal-split,normal,power_law,0.02,2,1544,equal,50,0.0,False,122.75585055351257,11.159622777592052,1.0,0.12717,2.0,0.8310367809659671,0.07691346666666667,0.008758266666666667,3.409666666666667,124.36633333333333,3.409666666666667,0.027416315776777746,1.097529969198555,1.0466028914436643,1.117721943553743,0.17229576462988516,0.16545823362768144,0.18300566959130177,0.0036305005530892216,0.0034592105180925037,0.0038477312734421934,0.6487529486291888,0.6376715885014455,0.6544232599669105,0.17964062187760352,0.16419882605235575,0.19908937726277215,2.0,2.0,2.0,1.7638439079101196,1.4082612598370807,1.9635951053323888,,,,0.9014386542682982,165
688,15,equal-split,normal,power_law,0.02,3,1545,equal,50,0.0,False,125.08897018432617,11.37172456221147,1.0,0.12717,2.0,0.8256880134184312,0.08369906666666667,0.009080666666666667,3.279,124.307,3.294,0.02637824096792618,1.061139641627189,1.0146612957833523,1.110287524131921,0.17672177895313324,0.16797131786498087,0.18398861162261693,0.0037123243956232455,0.0035107680079991613,0.0038651966346779556,0.6555319281414497,0.6471020033072451,0.6659495574158256,0.18194726504287473,0.16559234208478313,0.19359865181646718,2.0,2.0,2.0,1.7522915924727154,1.402172031085572,1.9663238611322074,,,,0.8117175841806812,128
689,15,equal-split,normal,power_law,0.02,4,1546,equal,50,0.0,False,123.5861988067627,11.235108982432973,1.0,0.12717,2.0,0.8386869293344096,0.07576493333333334,0.008224133333333333,3.336333333333333,124.465,3.342,0.026805393751924905,1.0874573434914032,1.0464434366652162,1.1260798159786105,0.17260089539575202,0.1588600859055032,0.18014728342030356,0.003643014151540506,0.0032974129229792776,0.003806163643831382,0.6472550332432434,0.6318286198251775,0.6601809650587732,0.17306529875340806,0.14978763396750555,0.19672108418031842,2.0,2.0,2.0,1.7794489185162654,1.4274546350860637,1.9715390859353166,,,,1.1353354688355184,156
690,15,equal-split,normal,power_law,0.05,0,1542,equal,50,0.0,False,155.4476010799408,14.131600098176436,1.0,0.12717,2.0,0.830230342911801,0.07797853333333334,0.011013466666666666,4.199333333333334,124.39366666666666,4.201666666666667,0.03375841749713946,1.0696508732364092,1.037186485774171,1.0981092024554497,0.16925782381388443,0.16098129866401914,0.1822735596539411,0.0037071531568328123,0.003461935743938731,0.0038597478602459654,0.6516910873554937,0.6446562058719018,0.6616242628147982,0.21841324252033922,0.20572463169716415,0.23891834179408336,2.0,2.0,2.0,1.7923773322686878,1.4473688037061745,1.9825145469443017,,,,0.8794032762368541,189
691,15,equal-split,normal,power_law,0.05,1,1543,equal,50,0.0,False,158.78305792808533,14.434823448007757,1.0,0.12717,2.0,0.832548326347584,0.07976173333333333,0.011427466666666667,4.149333333333334,124.118,4.152,0.03343055264613782,1.040146421906075,1.0328511208905997,1.0854746434194547,0.17846995511771052,0.17172173056635692,0.18776024356951315,0.0038617567189671333,0.003650151829337762,0.004040814806748961,0.6618227557242043,0.6575280499281573,0.669053886386433,0.21979751294510136,0.1977716677526391,0.2372048495145331,2.0,2.0,2.0,1.804844745282822,1.4409843181839057,1.9843786232271117,,,,1.0344071761280986,187
692,15,equal-split,normal,power_law,0.05,2,1544,equal,50,0.0,False,118.10465741157532,10.736787037415938,1.0,0.12717,2.0,0.8227290583948202,0.074414,0.010987333333333333,4.311,124.08466666666666,4.331666666666667,0.03474240706614301,1.0992803101020163,1.0540791433620404,1.1342519345530004,0.1734875801819932,0.1645565781885016,0.18248969400506804,0.003660336469312589,0.0035254559959739793,0.0038821594979438732,0.6497880040518681,0.6388078319679886,0.655972213868808,0.22489298685922865,0.1991851919965577,0.2368960693317551,2.0,2.0,2.0,1.7896156577672626,1.4317797528025347,1.9822935895963463,,,,0.8356186045712853,175
693,15,equal-split,normal,power_law,0.05,3,1545,equal,50,0.0,False,119.17972683906555,10.834520621733231,1.0,0.12717,2.0,0.8293600305968942,0.08101453333333333,0.01151,4.006,124.20833333333333,4.016,0.03225226434082523,1.0750096953870059,1.0330264972219108,1.1123678216078299,0.17684848079300158,0.1686023257854939,0.18288113055435193,0.0037087614574701395,0.003590777851597839,0.00401759940970285,0.6537005046413198,0.6455947824391948,0.6664918622043354,0.2224347833528437,0.19675353288118397,0.23604038551989606,2.0,2.0,2.0,1.8029888030509835,1.4332026824165323,1.9819688309473271,,,,0.9083641273998001,189
694,15,equal-split,normal,power_law,0.05,4,1546,equal,50,0.0,False,117.82347774505615,10.711225249550559,1.0,0.12717,2.0,0.832604333297716,0.07303666666666667,0.010590533333333334,4.362666666666667,124.168,4.356333333333334,0.03513519317913365,1.0924322258346408,1.0619783310785473,1.1193944964954259,0.17165831429480838,0.15701864801626703,0.17967240716087293,0.003657059943343653,0.003433128637579762,0.003814977465552944,0.6450212365092909,0.6365821906048619,0.6545026326928176,0.2146977723280278,0.19733672707449754,0.24170993848345004,2.0,2.0,2.0,1.8018806590605991,1.4455411862212646,1.983756920400476,,,,0.927223521567401,201
695,15,equal-split,normal,power_law,0.1,0,1542,equal,50,0.0,False,119.15834927558899,10.832577206871726,1.0,0.12717,2.0,0.8340527331253534,0.07701826666666667,0.0114716,4.261,124.15466666666667,4.276,0.03432009536492117,1.0875025857051979,1.026399256863396,1.1082075248393752,0.16975690280868141,0.15985070166529677,0.1789508893406577,0.003660613181187788,0.003493119068147423,0.0037767918109839127,0.6502426627940312,0.6423161547957984,0.6584438226707692,0.20337776674313746,0.18648975966994344,0.21947567815813523,2.0,2.0,2.0,1.82474582332077,1.4729513602195026,1.9864636983575639,,,,0.9018147983839597,183
696,15,equal-split,normal,power_law,0.1,1,1543,equal,50,0.0,False,118.48791360855103,10.771628509868275,1.0,0.12717,2.0,0.8306748047016799,0.0792688,0.0114832,4.150333333333333,124.01666666666667,4.151,0.033465931998387315,1.0489031757278982,1.0331781054203764,1.0875388058387312,0.17960460165330971,0.17083783419331744,0.18769293682912525,0.0038201367438044772,0.003613749058109748,0.00402762157309902,0.6601217696147041,0.6528353958594111,0.6686073101350014,0.19680119760590659,0.18306962300537305,0.20891270958010225,2.0,2.0,2.0,1.8160469439762448,1.4576487237584916,1.9882705894120227,,,,0.8804342018887051,209
697,15,equal-split,normal,power_law,0.1,2,1544,equal,50,0.0,False,118.32185387611389,10.756532170555808,1.0,0.12717,2.0,0.8381722343500928,0.07336853333333333,0.0114664,4.5,124.01166666666667,4.5136666666666665,0.03628690848979262,1.0975357098399825,1.0606971217473224,1.1202963673927493,0.17022450226038255,0.16174360365563192,0.18410543259451284,0.003663984655396812,0.0034668503050809267,0.003858378659873335,0.646247295880932,0.6340642019255773,0.6558587510261942,0.20820320516552765,0.19145625805951305,0.23014502155903727,2.0,2.0,2.0,1.8318060174586515,1.4865872263858593,1.9897792473037603,,,,0.9989572506372327,197
698,15,equal-split,normal,power_law,0.1,3,1545,equal,50,0.0,False,119.31064939498901,10.846422672271729,1.0,0.12717,2.0,0.8372878393412666,0.0800576,0.011724666666666666,4.139,124.241,4.148333333333333,0.03331428433447896,1.0905229488326382,1.0158687915298232,1.1363563977340585,0.1735373171202223,0.16534309181279122,0.18114631054828859,0.0036876213560055365,0.0035097023304584197,0.003916774488662417,0.6521683995875153,0.6426404492627621,0.6605474637177651,0.1943189358197454,0.17755819177044366,0.21572307332627896,2.0,2.0,2.0,1.8253994601200552,1.4765860664891761,1.9882056656751297,,,,0.8627764043659568,173
699,15,equal-split,normal,power_law,0.1,4,1546,equal,50,0.0,False,118.7316403388977,10.793785485354336,1.0,0.12717,2.0,0.8359024857664064,0.07208226666666667,0.011067866666666667,4.508,124.512,4.514,0.0362053456694937,1.1015579311417927,1.0677644049657626,1.1279161501984662,0.16993072834408446,0.15661121426417596,0.17562506450175835,0.003611773234915081,0.0033320020722026533,0.0037966620073784357,0.644319768197114,0.6288732177946045,0.6568663442775506,0.20345944945425642,0.1924426139753201,0.21557184559439535,2.0,2.0,2.0,1.8359242233815292,1.4856010265066362,1.991409677598912,,,,1.020546798174848,197
700,15,equal-split,normal,power_law,0.2,0,1542,equal,50,0.0,False,121.25295543670654,11.022995948791504,1.0,0.12717,2.0,0.8533644189027426,0.07730053333333334,0.0103712,3.9393333333333334,124.22366666666667,3.9463333333333335,0.031711616948997906,1.0732551033490636,1.035865891026002,1.1371678581918343,0.16821410094584063,0.1564619912019822,0.1810058127226458,0.003568181848460459,0.0033822032636970393,0.003786859020404241,0.6479044234723694,0.635995810208474,0.6538548060239745,0.17388645936491431,0.15346990328958407,0.19243692323185208,2.0,2.0,2.0,1.8412111026613558,1.5317145967441008,1.9901788038372858,,,,0.7782104513693243,171
701,15,equal-split,normal,power_law,0.2,1,1543,equal,50,0.0,False,118.3443078994751,10.758573445406826,1.0,0.12717,2.0,0.8646141697933846,0.07943546666666666,0.010490666666666667,3.832,124.46266666666666,3.8446666666666665,0.03078834884891855,1.0684156923529295,1.0456794848864752,1.0894066786352559,0.17327543611463775,0.1657837599765198,0.18338614341797477,0.0036824068102637537,0.0034960816753827045,0.003842942728673403,0.6533094469130905,0.6499243784978396,0.6592347483234119,0.16398506191551399,0.14942794241761206,0.18552204011890772,2.0,2.0,2.0,1.8517518008280944,1.53693799759614,1.9915918614640507,,,,0.9416459908014232,171
702,15,equal-split,normal,power_law,0.2,2,1544,equal,50,0.0,False,118.34618926048279,10.758744478225708,1.0,0.12717,2.0,0.861416192673333,0.07370693333333334,0.010375733333333333,4.059333333333333,124.16066666666667,4.071,0.032694197303493856,1.1093830327158791,1.0666723273693561,1.1362711730024617,0.168281972321965,0.16055608002174995,0.17823931088274786,0.0035844115167103664,0.0034225230071685112,0.003811696835755597,0.6436169132995517,0.6322770447064916,0.649713802854891,0.16776579083724927,0.1562774555666641,0.1883862156633416,2.0,2.0,2.0,1.8584419611408878,1.552473892011805,1.9927887292426614,,,,0.9925495152021582,164
703,15,equal-split,normal,power_law,0.2,3,1545,equal,50,0.0,False,121.88239526748657,11.080217751589688,1.0,0.12717,2.0,0.8618129419066488,0.0803312,0.0107348,3.7616666666666667,124.464,3.79,0.030222929253974375,1.1105907253937022,1.053797785133068,1.130899819067371,0.17268134423834608,0.16355987715390602,0.17726750903316998,0.003640968688109474,0.003498034561105719,0.0037579772401994806,0.6463217591006907,0.6411654507051576,0.6609817999289233,0.16511590604110443,0.14899135117578832,0.18652340568266165,2.0,2.0,2.0,1.8542022075691564,1.5379571422139255,1.990679633964921,,,,0.8587425231475598,157
704,15,equal-split,normal,power_law,0.2,4,1546,equal,50,0.0,False,118.17560124397278,10.743236476724798,1.0,0.12717,2.0,0.8532357863670306,0.0721712,0.010120266666666667,4.183666666666666,124.12033333333333,4.184666666666667,0.03370653747304363,1.1121101690000414,1.068651076053349,1.1692323886394878,0.16232934401477944,0.15462911621223002,0.1726206235000527,0.0035235389132143007,0.0032941613879222268,0.003758685675595732,0.6383135228216616,0.6255880788839489,0.6497230577925547,0.17683037720191358,0.16267537404759963,0.20235554905530373,2.0,2.0,2.0,1.8443131744444683,1.5395741466445674,1.9900240233978543,,,,1.1245597301752022,184
705,15,equal-split,normal,power_law,0.3,0,1542,equal,50,0.0,False,117.03857159614563,10.639870145104148,1.0,0.12717,2.0,0.8804198775136552,0.07869853333333333,0.008925066666666667,3.3866666666666667,124.56766666666667,3.39,0.027187365367685033,1.0700918398439363,1.0457400169987094,1.1322419864792206,0.16842559228587062,0.15995579383829672,0.17941468273364247,0.00360161177724399,0.0033469657501013547,0.003749380066400911,0.6465471406825083,0.6346701235006152,0.6534182318988595,0.13953955435584367,0.12018134252298006,0.15424894834934516,2.0,2.0,2.0,1.8758351340501374,1.579688913188437,1.9914398661726875,,,,0.8723142201125837,146
706,15,equal-split,normal,power_law,0.3,1,1543,equal,50,0.0,False,116.8500645160675,10.62273313782432,1.0,0.12717,2.0,0.8821338575637074,0.0803904,0.008608133333333334,3.2863333333333333,124.42066666666666,3.2906666666666666,0.026413082499691907,1.0784966773784137,1.0549108421546671,1.1028793106939243,0.17117290700568766,0.1667257710038071,0.17978914721827577,0.0036372616158825903,0.0034637661032279735,0.0037772543190786384,0.651949311800972,0.6438081450427555,0.6589014658590759,0.1328657853169145,0.11666532543797323,0.14801274154014396,2.0,2.0,2.0,1.8731576867581385,1.5873694750070422,1.9914939347092262,,,,0.9209355170599519,153
707,15,equal-split,normal,power_law,0.3,2,1544,equal,50,0.0,False,116.97402858734131,10.634002598849209,1.0,0.12717,2.0,0.8743516380293365,0.07502306666666667,0.008675733333333333,3.545,124.21633333333334,3.5613333333333332,0.02853892000246881,1.097958071230058,1.0591803104522157,1.1267497293414659,0.16904737932441427,0.15882813058837622,0.18103817649283369,0.003548065612308665,0.0033365191991266063,0.003740277114258835,0.6439084320383548,0.6313301943904598,0.6489462550937537,0.13720892840870497,0.1233842680500456,0.14779559580129828,2.0,2.0,2.0,1.8658167040756402,1.590379025412622,1.9927822561485269,,,,0.9356426443645629,151
708,15,equal-split,normal,power_law,0.3,3,1545,equal,50,0.0,False,116.32312679290771,10.574829708446156,1.0,0.12717,2.0,0.8796363757102132,0.08127186666666666,0.009038666666666667,3.2533333333333334,124.57433333333333,3.262,0.026115598986415075,1.0864434029147318,1.068201910196875,1.1283996137281638,0.1701533265034075,0.16122051377966612,0.17948820458447262,0.0035268991866517687,0.0033949141457996707,0.0037757885901723823,0.6467267869338734,0.636449724005361,0.6541407854840108,0.1340004702226475,0.11809567925990057,0.14413710646745745,2.0,2.0,2.0,1.8696444117120528,1.5880972509016988,1.9898537555123785,,,,0.9900389268523581,147
709,15,equal-split,normal,power_law,0.3,4,1546,equal,50,0.0,False,115.75214052200317,10.522921865636652,1.0,0.12717,2.0,0.8842301966806826,0.073814,0.0083196,3.5023333333333335,124.36766666666666,3.514666666666667,0.0281611244080053,1.1067724756366584,1.0718465039408105,1.1659927781538872,0.1653484949970101,0.15204295654635225,0.17491420678838707,0.0034366640182947406,0.0032053041057310246,0.0036270245091219377,0.6355636168183209,0.6242107910356876,0.6478797572448809,0.13678018542689113,0.11897498106382903,0.15072749930516982,2.0,2.0,2.0,1.876035304729943,1.6101754342039931,1.9912749859609051,,,,0.8456463295723372,139
710,15,equal-split,normal,power_law,0.4,0,1542,equal,50,0.0,False,119.99267172813416,10.908424702557651,1.0,0.12717,2.0,0.9016779726881975,0.0804748,0.006777333333333333,2.724666666666667,124.76066666666667,2.7346666666666666,0.021839148022079608,1.0789126505139084,1.0370655721493902,1.111994720991598,0.17090694619467015,0.1573970406170649,0.17938857299719177,0.0035596075170381248,0.003288886294948767,0.0037487431080814784,0.6427487922067058,0.634524653760603,0.6512553941339833,0.10446897192692174,0.09630375509455462,0.11906663054276934,2.0,2.0,2.0,1.8894916391051992,1.639007790819827,1.9933325091065883,,,,0.938734342263991,119
711,15,equal-split,normal,power_law,0.4,1,1543,equal,50,0.0,False,116.53521251678467,10.594110228798606,1.0,0.12717,2.0,0.8932610881849996,0.08235733333333334,0.0068328,2.665,124.45966666666666,2.662,0.021412559356578705,1.092704832578995,1.0619152530875122,1.1073884616683434,0.17348648935323782,0.16372733048064145,0.18205535572710252,0.003597619678791555,0.0033842775764697745,0.0038090940660603025,0.6486769160595731,0.6402308734655108,0.658189992293946,0.10239976621802876,0.0891952854763684,0.11740638034935794,2.0,2.0,2.0,1.8802309461430209,1.6355943565792879,1.9901039391014115,,,,0.9003764273411079,130
712,15,equal-split,normal,power_law,0.4,2,1544,equal,50,0.0,False,116.87904191017151,10.625367446379228,1.0,0.12717,2.0,0.8979833533096315,0.07641786666666667,0.006953733333333333,2.922,124.455,2.94,0.023478365674340123,1.1088211660155856,1.0701529527662312,1.144244312916392,0.1696847436643047,0.1562922952968177,0.17706798745402108,0.0034665919476960625,0.0033235384191336965,0.003711918020058535,0.6375337252205084,0.6304356835247245,0.6448957131679109,0.11243947967636267,0.10126568218051679,0.1267994172636568,2.0,2.0,2.0,1.887462456476081,1.630997484156435,1.9934846853179815,,,,1.0142228121515124,110
713,15,equal-split,normal,power_law,0.4,3,1545,equal,50,0.0,False,118.38665175437927,10.762422886761753,1.0,0.12717,2.0,0.9032688193652945,0.08381173333333333,0.006882933333333333,2.594333333333333,124.808,2.607,0.02078659487639681,1.1032271299922534,1.0662463578552102,1.1251945420197722,0.16982261887000788,0.16184350194546038,0.17849077569511784,0.003507697705720079,0.003406654074734005,0.0037357018919595285,0.642609107639186,0.6394356078097081,0.6555050087949705,0.09341999919816162,0.08979543672679324,0.12027347827415641,2.0,2.0,2.0,1.887148379667043,1.6347685845776203,1.9903807191092517,,,,0.7666009533318986,125
714,15,equal-split,normal,power_law,0.4,4,1546,equal,50,0.0,False,116.12032842636108,10.556393493305553,1.0,0.12717,2.0,0.89900920441029,0.07471613333333334,0.006959866666666667,2.986,124.61533333333334,2.9833333333333334,0.023961738255859365,1.1207510878079185,1.0862862874493135,1.1528120858316828,0.16505742360148903,0.15516836104143084,0.1770831214971835,0.0034577201973408035,0.0032212024691877852,0.0036894603930940624,0.6349902938597799,0.6243221553220982,0.6484904485869388,0.11409086339454123,0.09692929538086943,0.13059831166419908,2.0,2.0,2.0,1.8846543510391323,1.6365096281852045,1.991088163442332,,,,0.9796335613744253,146
715,15,equal-split,normal,power_law,0.5,0,1542,equal,50,0.0,False,115.50728464126587,10.500662240115078,1.0,0.12717,2.0,0.9149357614489947,0.08236706666666667,0.0051704,2.1353333333333335,124.623,2.14,0.017134343847711366,1.0774664861224883,1.0458800794819676,1.1025357577370445,0.16958214036470348,0.15812563378033914,0.18285290135562343,0.0034821115048531744,0.0032676011723440455,0.003722576597912565,0.6419115609696935,0.6344683536926999,0.6532009306139676,0.08032742789147757,0.0755407890206804,0.09046336527552769,2.0,2.0,2.0,1.8949873590927764,1.6727269094225126,1.9896034975381647,,,,0.9912750568755273,89
716,15,equal-split,normal,power_law,0.5,1,1543,equal,50,0.0,False,115.04342365264893,10.45849305933172,1.0,0.12717,2.0,0.9182788209298798,0.084046,0.005083333333333333,2.056,124.36,2.054,0.01653264715342554,1.0672015786478406,1.034041532823439,1.0905203920552022,0.1743041503009411,0.16687543299314897,0.1846949059622201,0.0035861033029674166,0.0034358916922556473,0.003857008810650993,0.6508595633785907,0.646874226844965,0.6570740309331387,0.08337668276997112,0.07690642764190575,0.09413942732500985,2.0,2.0,2.0,1.8988165010265312,1.675949091340035,1.9924418118790639,,,,0.7860420478320959,104
717,15,equal-split,normal,power_law,0.5,2,1544,equal,50,0.0,False,119.62289881706238,10.874808983369308,1.0,0.12717,2.0,0.9156422530586839,0.0779076,0.0051149333333333335,2.293,124.766,2.293,0.01837840437298623,1.1376204961971907,1.0700599368975174,1.1664918476540391,0.16491560123283489,0.15531699055095322,0.17428394125393454,0.00335721641016286,0.003201791533513267,0.00355671695682703,0.6358694953857034,0.6267136542740441,0.6414908178031656,0.08515992936020847,0.08092197595001602,0.09349476528047891,2.0,2.0,2.0,1.9001299666542577,1.6814787454245912,1.991905429590374,,,,0.9135346325522393,114
718,15,equal-split,normal,power_law,0.5,3,1545,equal,50,0.0,False,115.14503955841064,10.467730868946422,1.0,0.12717,2.0,0.9172956900287453,0.08554333333333333,0.005084533333333334,2.0153333333333334,124.72833333333334,2.0206666666666666,0.016157782914868316,1.0938423520808678,1.0442968538889321,1.123338551062465,0.1711738007204778,0.1613711255954321,0.18134573502901344,0.00354843222237827,0.003370657268218462,0.003760484375316289,0.6446774902314596,0.6366395237824173,0.6538478435707846,0.08086867683320487,0.07415131439709027,0.09099513776909461,2.0,2.0,2.0,1.8978910033404444,1.683854187360685,1.9909647634536052,,,,0.6790565506562575,89
719,15,equal-split,normal,power_law,0.5,4,1546,equal,50,0.0,False,115.03432130813599,10.457665573466908,1.0,0.12717,2.0,0.9057630647734864,0.07679493333333333,0.005165066666666667,2.3316666666666666,124.59066666666666,2.3316666666666666,0.018714617467333026,1.1041334772724043,1.0726114372049154,1.161239464711056,0.16423447591489426,0.15094640376827856,0.17214366698827638,0.0033690841783316893,0.0031227587174170956,0.0036039655426672174,0.6346456398179458,0.623636397035318,0.6451036746812885,0.0854544509041428,0.07869103447291301,0.10246602563281548,2.0,2.0,2.0,1.8900831532426055,1.6665458075222048,1.9900029882088242,,,,0.6868117838760452,109
720,16,cost-level,laplace,linear,0.0,0,1642,proportional,50,0.0,False,114.16221737861633,10.37838339805603,0.5,0.12717,,,0.10944453333333333,0.0,0.0,124.871,0.0,0.0,1.048389283143467,0.9922484436130307,1.0924530699439892,0.18728888004398458,0.17326798354522588,0.19861400422153072,0.003745777600879693,0.0034653596709045176,0.0039722800844306135,0.6621684179691024,0.6530759357482077,0.6721173484207434,0.0,0.0,0.0,,,,,,,,,,,0
721,16,cost-level,laplace,linear,0.0,1,1643,proportional,50,0.0,False,118.65189337730408,10.786535761573099,0.5,0.12717,,,0.1039592,0.0,0.0,124.87933333333334,0.0,0.0,1.0747956622766481,1.0608660618165717,1.1188773475204266,0.17119386482769972,0.16216011741525177,0.17774865293419817,0.003423877296553995,0.0032432023483050343,0.0035549730586839617,0.6478628970407969,0.6429969302114731,0.6561039394284871,0.0,0.0,0.0,,,,,,,,,,,0
722,16,cost-level,laplace,linear,0.0,2,1644,proportional,50,0.0,False,123.33507180213928,11.212279254739935,0.5,0.12717,,,0.11580173333333334,0.0,0.0,125.10666666666667,0.0,0.0,1.0464810866737648,1.0065661558728012,1.0809203659246998,0.18549865934439594,0.17217916713723674,0.19505898999708465,0.003709973186887918,0.0034435833427447354,0.0039011797999416935,0.6609052190036568,0.6490586385817141,0.6694898806095271,0.0,0.0,0.0,,,,,,,,,,,0
723,16,cost-level,laplace,linear,0.0,3,1645,proportional,50,0.0,False,121.28883528709412,11.026257753372192,0.5,0.12717,,,0.117174,0.0,0.0,125.04266666666666,0.0,0.0,1.0638562713305826,1.0371879551385046,1.0965899231939313,0.18714998784250125,0.17043236441996917,0.19799255803836663,0.003742999756850024,0.0034086472883993824,0.003959851160767332,0.6551542334546105,0.6470236971120608,0.6668701669941621,0.0,0.0,0.0,,,,,,,,,,,0
724,16,cost-level,laplace,linear,0.0,4,1646,proportional,50,0.0,False,119.87080144882202,10.897345586256547,0.5,0.12717,,,0.12156746666666667,0.0,0.0,124.84366666666666,0.0,0.0,1.0382400438487216,1.0184762578021802,1.074043305167828,0.17667676564887075,0.16888439823756315,0.19517766791499963,0.0035335353129774152,0.003377687964751262,0.0039035533582999914,0.6579110107622284,0.6496530753603971,0.6741998425185696,0.0,0.0,0.0,,,,,,,,,,,0
725,16,cost-level,laplace,linear,0.01,0,1642,proportional,50,0.0,False,117.03737306594849,10.639761187813498,0.5,0.12717,2.0,0.8795835550391871,0.10589866666666667,0.0035169333333333335,0.7873333333333333,124.71933333333334,0.783,0.00631284109921477,1.0510788177252324,0.9905378132862641,1.0928605780067187,0.1872492814312004,0.1732607514909204,0.19857769231422973,0.0037614720060964654,0.0035002557911877393,0.004004231519628773,0.6617958754874227,0.6526264917166177,0.6708422091411701,0.036562734786144094,0.02935427760247257,0.04686608149196685,2.0,2.0,2.0,1.786857113086658,1.463566727253167,1.9609506625633633,,,,0.6304197373623831,56
726,16,cost-level,laplace,linear,0.01,1,1643,proportional,50,0.0,False,148.11375164985657,13.464886513623325,0.5,0.12717,2.0,0.8795147361130942,0.100894,0.0030418666666666666,0.7106666666666667,125.00466666666667,0.7113333333333334,0.005685121088812684,1.0755247838447637,1.0643691839727973,1.1180076082715473,0.1711981777420148,0.16213496160723434,0.177741313665882,0.003446396490607312,0.0032678092765016887,0.0036009190864298452,0.6478229569874683,0.6418710091789075,0.6564182485821861,0.03414907541993804,0.030307190335704056,0.04046697562095739,2.0,2.0,2.0,1.783307387253642,1.4395436939203377,1.9517953861099206,,,,1.018887711860165,38
727,16,cost-level,laplace,linear,0.01,2,1644,proportional,50,0.0,False,139.39515471458435,12.67228679223494,0.5,0.12717,2.0,0.8688071502280604,0.1109168,0.0048377333333333335,1.0283333333333333,124.862,1.0253333333333334,0.00823575894454144,1.0474531653921206,1.003911179817986,1.0794390799240363,0.1854913370833407,0.17220369266964963,0.19511507810236184,0.003735520533626493,0.0034932925685001053,0.003918721660074719,0.6610486479146759,0.6474313688870207,0.6704778173753391,0.0495581196085744,0.04288919762038226,0.06033210602786355,2.0,2.0,2.0,1.7832305176573957,1.4346840603505544,1.9574526237924517,,,,0.8960014532045452,61
728,16,cost-level,laplace,linear,0.01,3,1645,proportional,50,0.0,False,139.02323746681213,12.638476133346558,0.5,0.12717,2.0,0.8658820997148167,0.1125032,0.0046208,1.018,124.83966666666667,1.0173333333333334,0.008154459453325465,1.066406835208673,1.036882563869113,1.0949627013732517,0.1870927695690157,0.17048880396656355,0.1980617887087583,0.0037855586290383835,0.0034624616589215623,0.003994679402429702,0.6561749647250297,0.6470078996346134,0.6674929716938995,0.04917282790585927,0.0418566504787903,0.05748218376925901,2.0,2.0,2.0,1.774915740831457,1.4385282071597032,1.9631485566182438,,,,0.8982694191370488,53
729,16,cost-level,laplace,linear,0.01,4,1646,proportional,50,0.0,False,140.22707319259644,12.747915744781494,0.5,0.12717,2.0,0.8583587779441985,0.1162764,0.005242533333333333,1.095,124.806,1.0946666666666667,0.008773616653045527,1.0378629765831362,1.0142265110418411,1.0743996849088322,0.1765897999890467,0.1688809464467556,0.195168768443232,0.0035895134887558473,0.0034262011475989012,0.0039605748933935715,0.6585476153898469,0.6506527081444704,0.6743713020543167,0.06068246781609116,0.05270847260001184,0.06971067409516488,2.0,2.0,2.0,1.7613235418268482,1.4310144818928516,1.9613932538187893,,,,0.873055947992014,71
730,16,cost-level,laplace,linear,0.02,0,1642,proportional,50,0.0,False,141.92539381980896,12.902308529073542,0.5,0.12717,2.0,0.8702973974034207,0.10042933333333333,0.008816266666666666,2.266,124.43333333333334,2.262,0.018210554513795874,1.0484685132718945,0.9919287641274508,1.0859504878594097,0.18740601984281333,0.1729329245736997,0.19846975633462569,0.0037888363627279005,0.0035874084623872156,0.004071510439277967,0.6641680850145627,0.6559541995163012,0.6730143875064516,0.107866138738163,0.09658802716927622,0.1269025369156998,2.0,2.0,2.0,1.8192259535105189,1.4993035454630903,1.9780862970264148,,,,0.9085178994248334,123
731,16,cost-level,laplace,linear,0.02,1,1643,proportional,50,0.0,False,140.29135847091675,12.753759860992432,0.5,0.12717,2.0,0.8704678870373129,0.0955112,0.0082608,2.203666666666667,124.563,2.213,0.01769118170457252,1.0756845989058177,1.0574633621645386,1.1205209494750081,0.17098108447483698,0.16208179228451702,0.1774418193155797,0.0034998885860240978,0.0033597934237437634,0.0037124786459263566,0.648172255825336,0.6445350930342458,0.6582948801643718,0.1023700405179184,0.0945235421344201,0.11478271864587258,2.0,2.0,2.0,1.8198249594019433,1.5006100831530507,1.9743972805224899,,,,1.0141281176393815,99
732,16,cost-level,laplace,linear,0.02,2,1644,proportional,50,0.0,False,142.90022206306458,12.990929278460415,0.5,0.12717,2.0,0.8697193578623057,0.10571333333333334,0.009910933333333333,2.3366666666666664,124.49133333333333,2.327,0.018769713554357196,1.0478471547437618,1.002919392191869,1.0782198819917765,0.185597082071373,0.17182287080647526,0.19509901599780585,0.0037743109922674972,0.003532262945077418,0.004001153554964817,0.6632679247980797,0.6533290150976293,0.674630785881585,0.11483399218352897,0.107539252933658,0.13050926320661457,2.0,2.0,2.0,1.8249079684218268,1.4919837404732836,1.9798300550110572,,,,0.9033574277824037,121
733,16,cost-level,laplace,linear,0.02,3,1645,proportional,50,0.0,False,122.53848361968994,11.139862147244541,0.5,0.12717,2.0,0.8540836362321758,0.10709853333333333,0.009867066666666667,2.3196666666666665,124.45266666666667,2.311,0.018638947069568614,1.0646262704783402,1.0349028082299387,1.10242488775056,0.18683186274549124,0.17019095520868002,0.19763208546951874,0.0038127002209127083,0.0035479249740191393,0.0040456500922728756,0.6565055116547664,0.648589160147201,0.6694853784344463,0.12146248646159896,0.10496500538854737,0.13792647950451747,2.0,2.0,2.0,1.7966904882205028,1.4612767300004306,1.9726836730860549,,,,0.8922126322093712,127
734,16,cost-level,laplace,linear,0.02,4,1646,proportional,50,0.0,False,122.59080672264099,11.144618792967362,0.5,0.12717,2.0,0.852210269703116,0.11080266666666666,0.010566266666666666,2.397666666666667,124.672,2.402,0.019231797570157427,1.0499156744733509,1.0276320122955986,1.0695656346857885,0.1765369816382965,0.168682496836973,0.19507087433957612,0.0037699832557481433,0.0035084523977475537,0.004006954829696168,0.6629012472804791,0.6542835342064349,0.6777140246015229,0.13956932432740476,0.12601734833397435,0.1614181061559018,2.0,2.0,2.0,1.806062223728233,1.4627616284946972,1.9774950716208763,,,,0.9064431403808624,129
735,16,cost-level,laplace,linear,0.05,0,1642,proportional,50,0.0,False,122.82526206970215,11.165932915427469,0.5,0.12717,2.0,0.8479556952900835,0.09534306666666667,0.0134012,3.6646666666666667,123.86033333333333,3.662333333333333,0.029587088683221158,1.0545965159512964,0.9935039894197897,1.0897056210333285,0.18629181618886959,0.17326903104032815,0.19831861466518724,0.003977239662041884,0.003693956339319415,0.004239115030094201,0.6648271993534217,0.6577380676776066,0.673716015004441,0.19209185680925536,0.1744007929694339,0.20566909291517826,2.0,2.0,2.0,1.8377569669170148,1.4858963869098785,1.9894316766028919,,,,0.918582764464617,176
736,16,cost-level,laplace,linear,0.05,1,1643,proportional,50,0.0,False,120.74690961837769,10.97699178348888,0.5,0.12717,2.0,0.8401387530274533,0.09077453333333334,0.0125028,3.752666666666667,124.24033333333334,3.772,0.03020489857024423,1.0821044255289984,1.0534630195172086,1.1170438462720438,0.1703801600531198,0.16251701112227368,0.17769827299391422,0.0035858922686297263,0.0034503163904796227,0.0038664418502503597,0.6523942167208243,0.6459891276754376,0.6632140133527187,0.18942359164844297,0.17624810675842095,0.20657262668934975,2.0,2.0,2.0,1.816310207187199,1.4687524002992907,1.984049292855178,,,,0.8842150350850362,165
737,16,cost-level,laplace,linear,0.05,2,1644,proportional,50,0.0,False,123.47020149230957,11.224563772028143,0.5,0.12717,2.0,0.8391331058498148,0.10128106666666667,0.013825733333333333,3.5236666666666667,124.06166666666667,3.521,0.028402541746711984,1.0481541693787773,1.0050213345312822,1.0876713792617358,0.1846048670952833,0.17147591604221435,0.19415199962004448,0.003881312011749842,0.0035871256767376833,0.004181855154237058,0.6646447897060155,0.6577183787480206,0.6752678746928885,0.19007539375934907,0.18301488340770858,0.19975759250339142,2.0,2.0,2.0,1.8195806485964745,1.4709660262311262,1.985312140108313,,,,0.8673925315107073,157
738,16,cost-level,laplace,linear,0.05,3,1645,proportional,50,0.0,False,124.11787414550781,11.283443104137074,0.5,0.12717,2.0,0.8431473824112445,0.10290026666666667,0.013581866666666666,3.4996666666666667,124.728,3.4876666666666667,0.028058388386462275,1.0618841512117245,1.0344185646836834,1.0941561991286939,0.18626381733802688,0.16975093822943357,0.19763578924612266,0.003959064416880991,0.003675700402965522,0.0041452428538756095,0.6622045386591251,0.6533766419910031,0.6725120180934384,0.19226456783480894,0.16994615873900587,0.20801878406383328,2.0,2.0,2.0,1.8176813270204617,1.4541387047897198,1.9844810387290295,,,,0.93353950485519,168
739,16,cost-level,laplace,linear,0.05,4,1646,proportional,50,0.0,False,123.51172614097595,11.228338740088724,0.5,0.12717,2.0,0.8401094560995981,0.10625986666666666,0.014666933333333333,3.4113333333333333,124.29433333333333,3.4186666666666667,0.02744560626255421,1.0453973727073507,1.0209262896994422,1.0821359262160108,0.17674707976532278,0.16839897614222077,0.19450702159509017,0.0038964571991800994,0.003553011555173838,0.004265486086322157,0.6645628203682159,0.6586287892121193,0.6798110322072222,0.19125004302473542,0.18229575460511652,0.2108495085427629,2.0,2.0,2.0,1.8219480485166644,1.4591816140433957,1.9862439221901427,,,,0.9353505978282821,164
740,16,cost-level,laplace,linear,0.1,0,1642,proportional,50,0.0,False,126.39715218544006,11.49065019867637,0.5,0.12717,2.0,0.825245759100923,0.09296893333333334,0.014937466666666666,4.3036666666666665,123.96266666666666,4.3053333333333335,0.03471744181043755,1.0469234069947027,0.9890699128658151,1.0976594168809144,0.18623169281130442,0.1720656849829202,0.1967236320119235,0.003981992878538459,0.0037439072231895023,0.004166271509979202,0.6672237372595478,0.6549693331753605,0.6761348888186623,0.23533692703926845,0.22257375299583845,0.2512606674955181,2.0,2.0,2.0,1.8242464551522064,1.457895153588733,1.990816972475383,,,,0.8645824847344742,213
741,16,cost-level,laplace,linear,0.1,1,1643,proportional,50,0.0,False,126.39572095870972,11.49052008715543,0.5,0.12717,2.0,0.8308696853635692,0.08797053333333334,0.014470533333333334,4.433,123.93433333333333,4.435666666666667,0.035768942154850825,1.0861219690352217,1.0604393959048513,1.1331927097371535,0.1682887605092514,0.16231670871398565,0.1764133038578095,0.003609879498066559,0.003457812988363238,0.0038411426879460496,0.6512740173151768,0.6441423670135713,0.6594061662958867,0.2335247006496653,0.21925494365532114,0.24802200555452328,2.0,2.0,2.0,1.8274534322540774,1.467926817084889,1.989736553290216,,,,0.8838580243487042,198
742,16,cost-level,laplace,linear,0.1,2,1644,proportional,50,0.0,False,121.68251252174377,11.062046592885798,0.5,0.12717,2.0,0.827524391512837,0.09844453333333333,0.015714666666666665,4.109,123.99733333333333,4.089666666666667,0.03313780941525624,1.051280560862995,1.0102027511507403,1.08738220059215,0.1834059057334001,0.17116622686093108,0.1934087243660097,0.003960192438090478,0.003727065384386451,0.004173392006657202,0.6680760354925781,0.6559958879602397,0.677035015289997,0.2338493646341453,0.21069001571297516,0.2536040099745031,2.0,2.0,3.0,1.8302671740768683,1.4672404601658746,1.9922409708400657,,,,1.0495691853828422,199
743,16,cost-level,laplace,linear,0.1,3,1645,proportional,50,0.0,False,120.98648142814636,10.998771038922397,0.5,0.12717,2.0,0.8298264191074531,0.0996324,0.015964933333333334,4.034,123.987,4.040666666666667,0.03253566906207909,1.0688330195921014,1.0393015270436932,1.106471466268104,0.18387318169884653,0.16821463071079412,0.19714025854088213,0.004002111761013678,0.0036132236342524097,0.004178429064536001,0.6624505590050653,0.6528523788670888,0.674468108444871,0.22267966427642394,0.20346679719284422,0.2351213940666299,2.0,2.0,3.0,1.8290732200584001,1.4608136379237648,1.991575966550426,,,,0.8446536238403597,160
744,16,cost-level,laplace,linear,0.1,4,1646,proportional,50,0.0,False,121.88252902030945,11.080229910937222,0.5,0.12717,2.0,0.8284633304732549,0.10314413333333333,0.01679133333333333,3.9916666666666667,123.903,3.9883333333333333,0.032216061488960446,1.0452797264140807,1.031227364440983,1.093360214667097,0.17492842905490794,0.16752285614457896,0.1940254568232519,0.0038888655890029246,0.003663394794943326,0.0041965495178975165,0.6647885156456795,0.6556760750175975,0.6800138332188613,0.2319313047077505,0.20884155768339072,0.24631512257801272,2.0,2.0,2.0,1.8294090242193164,1.468464337587707,1.9920928749902653,,,,0.8624039702178949,214
745,16,cost-level,laplace,linear,0.2,0,1642,proportional,50,0.0,False,120.60074639320374,10.963704217563976,0.5,0.12717,2.0,0.8329015451586499,0.0896656,0.0165072,4.907666666666667,123.648,4.916,0.03969062715665977,1.0690706058221946,1.0112697589375765,1.1015534661770807,0.18271153361770884,0.17433181517502414,0.195744835499052,0.003911107284645887,0.0037307077537910398,0.004259745766363038,0.6645801694526152,0.6573039370342519,0.6728984346557637,0.26814716367029634,0.24065873565283236,0.2833011512401849,2.0,2.0,3.0,1.8531953738586002,1.4898000337381443,1.9953771454756908,,,,0.8862305429575533,213
746,16,cost-level,laplace,linear,0.2,1,1643,proportional,50,0.0,False,119.65108156204224,10.877371051094748,0.5,0.12717,2.0,0.8303425076690891,0.08448253333333333,0.016073733333333333,5.1273333333333335,123.87133333333334,5.128333333333333,0.04139241255711572,1.090928358715133,1.0530821051490822,1.1273481031327168,0.16847301403741116,0.16109370199095213,0.17572998080273544,0.0036869437288348816,0.0034767620976741253,0.003936064727871477,0.6468640965825704,0.6448221155366001,0.6628773116613489,0.257550512314075,0.2365970149561198,0.28018218674922823,2.0,2.0,3.0,1.841417597582793,1.4734734998547647,1.9954843990053717,,,,0.8538392997479491,217
747,16,cost-level,laplace,linear,0.2,2,1644,proportional,50,0.0,False,121.6079204082489,11.055265491658991,0.5,0.12717,2.0,0.8320289720291016,0.09463173333333333,0.017442933333333334,4.750666666666667,123.67566666666667,4.737333333333333,0.03841229883539472,1.0640264564256507,1.0120264214813306,1.0884422526498585,0.18126196971384345,0.1700885946672591,0.19000562091191,0.003932997756789352,0.003759018842709748,0.004020676243526744,0.6636302401324321,0.6525358286514907,0.6739977039409065,0.2639571742496469,0.2510315252603279,0.2709026824682805,2.0,2.0,3.0,1.84364153274913,1.4851056229176063,1.9950178358359247,,,,0.9767055108840662,235
748,16,cost-level,laplace,linear,0.2,3,1645,proportional,50,0.0,False,121.92086839675903,11.083715308796275,0.5,0.12717,2.0,0.8296277968975891,0.09624933333333334,0.017553333333333334,4.661666666666667,123.986,4.640666666666666,0.03759833099435958,1.0718274241279575,1.027856260725549,1.1038650691627543,0.18297917695570148,0.1690526255900372,0.19288770875072903,0.003955051069023238,0.003684329363339444,0.004301683782350256,0.6596721998323717,0.6512374327917876,0.6751521662991311,0.2610567067280928,0.23927269439332446,0.27962294091767886,2.0,2.0,3.0,1.8426878152895756,1.4695061191051402,1.9943521252459697,,,,0.9698098048373909,211
749,16,cost-level,laplace,linear,0.2,4,1646,proportional,50,0.0,False,124.01212978363037,11.273829980330033,0.5,0.12717,2.0,0.8261331723007252,0.10010613333333333,0.017936266666666666,4.576,124.04966666666667,4.567,0.036888450593713804,1.0625631766153028,1.0228910007810164,1.0903830935431378,0.17437878737061102,0.16449296190856,0.19186719852601453,0.003875559505170144,0.0036641917328255674,0.004232249305404978,0.6634377767465427,0.6526286967078783,0.6785978431701478,0.26791314598955257,0.252046246320293,0.288857969153948,2.0,2.0,3.0,1.8475262547180455,1.4606513411540973,1.995599481808894,,,,0.9230140802189052,219
750,16,cost-level,laplace,linear,0.3,0,1642,proportional,50,0.0,False,121.09333062171936,11.008484601974487,0.5,0.12717,2.0,0.8341136725386198,0.08679653333333333,0.0172396,5.227666666666667,123.70266666666667,5.238,0.042259935113228494,1.05477542604438,1.0082847185400114,1.0903193437253318,0.17881226526125682,0.17044561721060308,0.19298048232806628,0.0038852321693762576,0.003770323009657946,0.004166533709070126,0.6618358476491084,0.6532312938010997,0.6674847754692551,0.27450852921564295,0.2571790988789685,0.2901527021805546,2.0,2.0,3.0,1.8510804986822051,1.4800341167511228,1.9964965315414307,,,,0.936244000410328,227
751,16,cost-level,laplace,linear,0.3,1,1643,proportional,50,0.0,False,120.26696801185608,10.933360728350552,0.5,0.12717,2.0,0.8325204143439177,0.0823284,0.016662133333333332,5.423666666666667,123.82166666666667,5.435,0.0438022424723729,1.1082980537913465,1.0445865746194394,1.1440889971566488,0.16841155852064782,0.1605765301240417,0.1726290767755341,0.0037148065370976127,0.0034409141822075557,0.003788863191497598,0.6515512572603608,0.6425292943183437,0.6593639806011438,0.28035390649985903,0.2616186497832424,0.2878277361277753,2.0,2.0,3.0,1.8679260758041627,1.4891423245441766,1.9966538023868208,,,,0.8546301074859701,243
752,16,cost-level,laplace,linear,0.3,2,1644,proportional,50,0.0,False,120.8473768234253,10.986125165765936,0.5,0.12717,2.0,0.8443350928517281,0.09191506666666667,0.018274,5.069333333333334,123.56266666666667,5.065333333333333,0.04102641574585635,1.0620831492881067,1.031235737574361,1.0791681135301263,0.177706182382124,0.16689509202575653,0.18956493693326887,0.003922840722329897,0.003686098274391679,0.004097372452910829,0.6616485564680279,0.6534173874680811,0.6692137441073466,0.26578285987519046,0.2487177090540218,0.2855492685693919,2.0,2.0,3.0,1.8687815630194313,1.5019974751775609,1.9974162745220854,,,,0.8663479685666369,216
753,16,cost-level,laplace,linear,0.3,3,1645,proportional,50,0.0,False,121.61043453216553,11.055494048378684,0.5,0.12717,2.0,0.8450228392452921,0.0935836,0.018183066666666668,4.983666666666666,123.608,4.991666666666666,0.04031831812396177,1.076195446604132,1.0505290748591345,1.1138503315405646,0.18224370185244373,0.16614269190100248,0.19232101815275823,0.003983335192312153,0.0036716829269284315,0.004110692970157292,0.661578445655456,0.6492909102113146,0.6672058923509279,0.2536715047618909,0.23404940360774493,0.2780085284842555,2.0,2.0,3.0,1.874909766057861,1.4884301955548283,1.9976632093112283,,,,0.9625556601635861,193
754,16,cost-level,laplace,linear,0.3,4,1646,proportional,50,0.0,False,122.78493785858154,11.162267078052867,0.5,0.12717,2.0,0.8431310926173826,0.0958388,0.0199188,4.934333333333333,123.88733333333333,4.9446666666666665,0.039829199649143575,1.0653779660654148,1.033728537984493,1.1022463459328602,0.17102961990495613,0.1632377435363795,0.1918815909154267,0.003746046237238453,0.003556167868950731,0.004265716338857693,0.661461701031394,0.6493813783014966,0.6689507434669653,0.2663885189161077,0.24979088109178532,0.2828718449603395,2.0,2.0,3.0,1.8720929080566888,1.4882650938676028,1.997803218013824,,,,0.8078180660197337,235
755,16,cost-level,laplace,linear,0.4,0,1642,proportional,50,0.0,False,126.83784985542297,11.53071362322027,0.5,0.12717,2.0,0.8429472605890049,0.08562893333333334,0.0172156,5.334666666666666,123.64766666666667,5.327,0.043144094914852146,1.043055179483661,1.0061226575957303,1.111420801728277,0.1794701451402543,0.16927103235906255,0.19530734604453556,0.0039042941062267743,0.0036798989322864703,0.004180284520194089,0.6605196007501515,0.6505896979188818,0.6686509916453844,0.27382282846981976,0.2440063136989017,0.29645809642173315,2.0,2.0,3.0,1.871729373133166,1.493857950240258,1.998166705577411,,,,0.8941465644707894,252
756,16,cost-level,laplace,linear,0.4,1,1643,proportional,50,0.0,False,124.8200192451477,11.34727447683161,0.5,0.12717,2.0,0.8429164025692049,0.0813184,0.0163948,5.394333333333333,123.84333333333333,5.423333333333333,0.04355772077624956,1.0911743605242772,1.0670829288656851,1.1405364070308377,0.16652759925014038,0.15916284243007078,0.1729171326120987,0.003615229559701321,0.0034755636762255192,0.003793204884328994,0.6493744816263598,0.6409832672791185,0.6564124233397153,0.2730808283518565,0.2592236517698199,0.29646420276766805,2.0,2.0,3.0,1.8725308698731842,1.5017670064318611,1.997145157717357,,,,0.8990847460059119,213
757,16,cost-level,laplace,linear,0.4,2,1644,proportional,50,0.0,False,164.4482569694519,14.949841542677445,0.5,0.12717,2.0,0.8439595583945926,0.08991906666666667,0.01859,5.258,123.33866666666667,5.268666666666666,0.042630588947504974,1.0727361405887177,1.0311198135558888,1.108212643334365,0.17674279490151945,0.16547793634779617,0.19116609567357695,0.0038407487828430696,0.0035900373884518136,0.0041389350955052485,0.6571990414911819,0.6452003831327997,0.6678907249934106,0.2767062793761452,0.2592789330458102,0.289680872873686,2.0,2.0,3.0,1.8776819863008933,1.5137517622335486,1.9980009070052287,,,,0.9002834893773577,206
758,16,cost-level,laplace,linear,0.4,3,1645,proportional,50,0.0,False,123.33310270309448,11.212100245735861,0.5,0.12717,2.0,0.8427213184709843,0.09150026666666666,0.0185296,5.193,123.601,5.186,0.04201422318589655,1.0746394285165324,1.0478254187973008,1.1167072677652392,0.17956117444978817,0.16626422095513194,0.18997352861960215,0.003977097556447423,0.0036863093543240033,0.004188888503641727,0.6537973609521828,0.6460541268649685,0.6682671951263605,0.273308678450619,0.2572461682133273,0.2865086428143239,2.0,2.0,3.0,1.8746033232616979,1.5037425344481168,1.9973346686578082,,,,0.9602655999984828,228
759,16,cost-level,laplace,linear,0.4,4,1646,proportional,50,0.0,False,167.40684914588928,15.218804467808116,0.5,0.12717,2.0,0.8467114061330274,0.09499933333333334,0.019251466666666668,5.100333333333333,123.69566666666667,5.096666666666667,0.041232918426137265,1.079804521220547,1.0498499741262148,1.1050433993294615,0.17159890337249845,0.16290220825045207,0.1905787901925086,0.00370798215189829,0.003591416806133462,0.004192279810153923,0.6596461747043099,0.649011987956035,0.6689753950094838,0.2710716955544316,0.25287133987244714,0.29825702490098216,2.0,2.0,3.0,1.8823690444688603,1.5088019454275323,1.9980210332571184,,,,0.9478512606324145,248
760,16,cost-level,laplace,linear,0.5,0,1642,proportional,50,0.0,False,163.0989453792572,14.827176852659745,0.5,0.12717,2.0,0.8534491807565919,0.0850604,0.0167024,5.205,123.558,5.203666666666667,0.042125965133783326,1.0569966959299126,1.0292738647552304,1.110586066006866,0.18205956483998664,0.16876278379504234,0.1936693488242976,0.00387369672508356,0.003665448888031853,0.004086302858020778,0.6572369139301655,0.6478967653612634,0.6682126891590384,0.2691532521057045,0.2466057646466382,0.28812756615002716,2.0,2.0,3.0,1.882161492783867,1.5068146054815814,1.9974547622359913,,,,0.8688358985562485,234
761,16,cost-level,laplace,linear,0.5,1,1643,proportional,50,0.0,False,139.9163362979889,12.719666936180808,0.5,0.12717,2.0,0.8437977692664926,0.07972493333333333,0.016310933333333333,5.460666666666667,123.81166666666667,5.485666666666667,0.044104621266170395,1.1048267877610822,1.069342344306419,1.142336189016352,0.16313833226411759,0.15469819902144727,0.17163380068324524,0.0035690207322115215,0.0034070928446953597,0.003749435848138496,0.6415102660411618,0.632568095194328,0.6514349312826433,0.27275246516978746,0.2522422698363943,0.2872649394498393,2.0,2.0,3.0,1.8744674195175597,1.490041931786572,1.9980027649426566,,,,0.8369891341082785,216
762,16,cost-level,laplace,linear,0.5,2,1644,proportional,50,0.0,False,142.050528049469,12.913684368133545,0.5,0.12717,2.0,0.8692810448039554,0.08878826666666667,0.0184664,5.241333333333333,123.41866666666667,5.245,0.04246791409187157,1.070251527464483,1.0425835464327153,1.101377809098443,0.17802148564402642,0.1643581898458511,0.18842719815933956,0.0038612043964414084,0.003585109271343553,0.004011719547038063,0.656489488435761,0.6441597149146453,0.6653917837373581,0.259274932695878,0.24679677401384484,0.27714977245020345,2.0,2.0,3.0,1.8963797804232962,1.545939196214851,1.9985253231724034,,,,0.9927150525684707,237
763,16,cost-level,laplace,linear,0.5,3,1645,proportional,50,0.0,False,141.6412525177002,12.87647750160911,0.5,0.12717,2.0,0.8550519049967322,0.09045613333333333,0.018000933333333333,5.207333333333334,123.628,5.1946666666666665,0.04212098661576127,1.0950546944929331,1.04652639321155,1.110767104193442,0.17577393194300403,0.16296673643240833,0.19247042629213412,0.003828334174042605,0.003555875999589848,0.0041239667429174,0.6499859344258885,0.6439173169769192,0.6659006277713828,0.27062466636294336,0.25066754777269074,0.28689933509390825,2.0,2.0,3.0,1.8895533589792408,1.5145316226682637,1.998447627724651,,,,0.8741211630344472,240
764,16,cost-level,laplace,linear,0.5,4,1646,proportional,50,0.0,False,123.99095869064331,11.271905335513027,0.5,0.12717,2.0,0.8573055487042252,0.09418146666666667,0.018539733333333332,5.1146666666666665,123.71266666666666,5.1193333333333335,0.041343112265518484,1.069316481867058,1.0375012590465162,1.108081816283936,0.1713978519172445,0.15865244599478046,0.19173452919696488,0.0037977856684945936,0.0036330550464380657,0.004164627430570302,0.6565102401044318,0.6474625317957197,0.671667729022366,0.28127754752119905,0.2603305847123332,0.30374770713380017,2.0,2.0,3.0,1.8954876210436642,1.516784240960394,1.9983276200129032,,,,0.9507500654265884,240
765,17,cost-level,laplace,linear,0.0,0,1742,proportional,50,0.0,False,116.41485643386841,10.58316876671531,2.0,0.12717,,,0.11974013333333333,0.0,0.0,125.12433333333334,0.0,0.0,1.0559972740770327,1.031987634136084,1.0761609607477962,0.18343845300170286,0.17049870141486476,0.194212135067177,0.0036687690600340573,0.003409974028297294,0.0038842427013435397,0.6610288164791851,0.6497819660757658,0.6658703658348473,0.0,0.0,0.0,,,,,,,,,,,0
766,17,cost-level,laplace,linear,0.0,1,1743,proportional,50,0.0,False,120.25083470344543,10.931894063949585,2.0,0.12717,,,0.11736533333333334,0.0,0.0,124.93866666666666,0.0,0.0,1.0305986762487782,0.990471904842486,1.0672459225351687,0.19131540605963476,0.1765912929486618,0.2068210890540812,0.0038263081211926944,0.003531825858973235,0.0041364217810816225,0.6660374519681784,0.6576185113097187,0.6770293539749552,0.0,0.0,0.0,,,,,,,,,,,0
767,17,cost-level,laplace,linear,0.0,2,1744,proportional,50,0.0,False,116.42001485824585,10.583637714385986,2.0,0.12717,,,0.12104053333333334,0.0,0.0,124.944,0.0,0.0,1.0646478167920286,1.0370509077837675,1.0813795394418872,0.17669812742145635,0.16624827906234824,0.18617304163374593,0.0035339625484291266,0.0033249655812469642,0.0037234608326749173,0.6544737148899518,0.6414587344096487,0.6616616809460424,0.0,0.0,0.0,,,,,,,,,,,0
768,17,cost-level,laplace,linear,0.0,3,1745,proportional,50,0.0,False,116.53108644485474,10.59373513135043,2.0,0.12717,,,0.12200293333333333,0.0,0.0,125.14666666666666,0.0,0.0,1.056965604578721,1.0196237177575538,1.099640325133543,0.1802183146117068,0.16993789229946954,0.19270242042326124,0.003604366292234136,0.003398757845989389,0.003854048408465225,0.6549792660508955,0.6484709996806753,0.6692009427262737,0.0,0.0,0.0,,,,,,,,,,,0
769,17,cost-level,laplace,linear,0.0,4,1746,proportional,50,0.0,False,117.39309287071228,10.672099351882935,2.0,0.12717,,,0.12140226666666666,0.0,0.0,125.64766666666667,0.0,0.0,1.054762770289333,1.0383472863771963,1.0944195240755163,0.17876470400795524,0.16892029403404674,0.19016707245607017,0.0035752940801591056,0.003378405880680935,0.0038033414491214033,0.6568438933965035,0.646701031562261,0.6665194712210524,0.0,0.0,0.0,,,,,,,,,,,0
770,17,cost-level,laplace,linear,0.01,0,1742,proportional,50,0.0,False,138.3739366531372,12.579448786648838,2.0,0.12717,2.0,0.8781752061925125,0.11615026666666667,0.0035494666666666666,0.7593333333333333,124.895,0.7603333333333333,0.006079773676554973,1.0565919470802503,1.0306815877554054,1.0781833359626036,0.18348510189312334,0.17046394355881728,0.19422104623630093,0.003681356708568988,0.0034271884817465527,0.003925383579873224,0.6626603081078895,0.6493985245951293,0.6667631950759701,0.03625810078202613,0.03245827260407363,0.042217437686487266,2.0,2.0,2.0,1.77748525117267,1.4463110989383356,1.9626640197310576,,,,1.0115744319245263,43
771,17,cost-level,laplace,linear,0.01,1,1743,proportional,50,0.0,False,136.56902933120728,12.415366302837025,2.0,0.12717,2.0,0.8793078024851713,0.11383226666666667,0.0034992,0.701,124.66433333333333,0.7003333333333334,0.005623099897591666,1.0280473055965451,0.9890064090003708,1.0695330895804949,0.1913073882455879,0.17662594280473287,0.20680247329256643,0.0038351773837114484,0.00357707390599365,0.004168898910599736,0.6658039395086941,0.6583320924867296,0.6760607997593391,0.033196921979417524,0.025844133053563707,0.039270720155180655,2.0,2.0,2.0,1.794535402170808,1.468008366025648,1.9649904872503985,,,,1.035712488574031,39
772,17,cost-level,laplace,linear,0.01,2,1744,proportional,50,0.0,False,137.850590467453,12.531871860677546,2.0,0.12717,2.0,0.8681015754607023,0.1169296,0.0040768,0.815,124.96733333333333,0.818,0.006521704338733856,1.0649490945044988,1.037281130951328,1.0855974093709007,0.17666382043173073,0.16626081044691549,0.18611055536829857,0.00355128777354459,0.003377398339864192,0.0037693578724538796,0.6545223833646658,0.6418485560364959,0.6637442211348794,0.04241338162100247,0.03166438216089499,0.05626542167331071,2.0,2.0,2.0,1.7663532632801524,1.4596752093603127,1.965350182786919,,,,0.8685324715048656,44
773,17,cost-level,laplace,linear,0.01,3,1745,proportional,50,0.0,False,120.85085368156433,10.986441243778575,2.0,0.12717,2.0,0.8608132655195911,0.11767786666666667,0.004284133333333333,0.8556666666666667,125.09933333333333,0.8546666666666667,0.006839897894473192,1.058385424894328,1.019741753725281,1.0982420358323124,0.1801325337717262,0.16986791284727187,0.19256706498620374,0.0036311811660609534,0.003423015200175207,0.003877858384633361,0.6555013787267729,0.6497847400263463,0.6694658828547686,0.043362359692451086,0.03675552403330835,0.049676637379930236,2.0,2.0,2.0,1.7657817628687091,1.442996059061952,1.9609364517675287,,,,0.7784232239304218,47
774,17,cost-level,laplace,linear,0.01,4,1746,proportional,50,0.0,False,120.71016836166382,10.973651669242166,2.0,0.12717,2.0,0.8650537138533296,0.11713226666666667,0.004234266666666667,0.8276666666666667,125.31466666666667,0.8373333333333334,0.0066047070840337925,1.0549956425686284,1.0385514332960823,1.0933182471118348,0.17882646383325562,0.16887175611819982,0.1901055744704041,0.003613637126798513,0.0033940012178100094,0.0038181436050857306,0.6569996015395734,0.6485600454488943,0.6661491352586435,0.04187101132039346,0.03724248725180914,0.05091653942788981,2.0,2.0,2.0,1.7630092809922429,1.4482462228246087,1.9592307701502711,,,,0.5009734913969766,28
775,17,cost-level,laplace,linear,0.02,0,1742,proportional,50,0.0,False,125.58231401443481,11.416574001312256,2.0,0.12717,2.0,0.8631948714478839,0.1102668,0.009291333333333334,2.0796666666666668,124.702,2.078333333333333,0.01667709151951586,1.0575012448812768,1.0357759818871968,1.0816672600796056,0.183320295872548,0.17039532654814019,0.1942116877637374,0.0037686255966089604,0.0035047987129216405,0.00396957416779578,0.6620454980112411,0.6497812371132857,0.6674869320315411,0.10571791161541387,0.1003625939328744,0.11713454404439566,2.0,2.0,2.0,1.8243411664805411,1.4810630369891387,1.9772799623834705,,,,0.918383778297212,102
776,17,cost-level,laplace,linear,0.02,1,1743,proportional,50,0.0,False,132.7143793106079,12.064943573691629,2.0,0.12717,2.0,0.8639381327437408,0.108182,0.009008933333333333,2.0043333333333333,124.701,2.0076666666666667,0.016073113554288525,1.0259581160075135,0.9847085286141518,1.0689903645394083,0.1910874685700481,0.17647004751912881,0.20687014189140623,0.0039205947785120685,0.0036201732609349333,0.004242646066811968,0.6657762276032232,0.65793208467644,0.6786752474003497,0.09757431740319711,0.08956468230601278,0.10945896551212532,2.0,2.0,2.0,1.8105403419782151,1.4803590209756974,1.9771695649011685,,,,0.951989545312672,116
777,17,cost-level,laplace,linear,0.02,2,1744,proportional,50,0.0,False,120.22813200950623,10.929830182682384,2.0,0.12717,2.0,0.8490094078999174,0.11086973333333333,0.0099676,2.186,124.71966666666667,2.192,0.017527307909204374,1.0637923858100904,1.0405102111275994,1.0873252050595625,0.17639369825417855,0.16592328444199536,0.1860652696533264,0.0036180794090003264,0.0034206658447199834,0.0038654071522250637,0.6583814248872976,0.6433556555033141,0.6651296147923501,0.11866306290449688,0.10488033711273964,0.12638310167311034,2.0,2.0,2.0,1.7884446064869473,1.4487923724814549,1.9747487236436339,,,,0.7145268002000109,107
778,17,cost-level,laplace,linear,0.02,3,1745,proportional,50,0.0,False,131.65188217163086,11.968352924693715,2.0,0.12717,2.0,0.8645024485601368,0.11218053333333333,0.0096436,2.1603333333333334,124.78733333333334,2.1496666666666666,0.01731212035409577,1.0623435505316867,1.0195310821151118,1.1039009426717918,0.18021008661355348,0.16978479942447047,0.19273531932059784,0.0037186030279697992,0.003453212826098317,0.003951131465547627,0.6575419144501271,0.6524964869524975,0.6698174292489942,0.11452455245294384,0.09279240765280938,0.13701331721830368,2.0,2.0,2.0,1.8127935739974732,1.4618896514098823,1.9768024974876075,,,,0.8267473740345072,117
779,17,cost-level,laplace,linear,0.02,4,1746,proportional,50,0.0,False,131.5263283252716,11.956938938661056,2.0,0.12717,2.0,0.8604055783637206,0.11167173333333333,0.009550533333333333,2.115,124.956,2.125,0.016925957937193894,1.0566333204693863,1.036218652209963,1.0981993230995326,0.17872320831378058,0.16867947611057965,0.1899197142994793,0.003669886224193099,0.003438701814261349,0.003944848143165854,0.6586920341008088,0.6480567693586882,0.6675499216342772,0.10630833129564667,0.09938904236627082,0.11568516552640232,2.0,2.0,2.0,1.8041233631105529,1.4795818540516423,1.9741069002906209,,,,0.9740740841940254,96
780,17,cost-level,laplace,linear,0.05,0,1742,proportional,50,0.0,False,130.46524906158447,11.86047718741677,2.0,0.12717,2.0,0.8363248920791868,0.10498373333333333,0.014032666666666667,3.339,123.943,3.3236666666666665,0.026939802973947703,1.0539093628466236,1.0321401139254487,1.0802637781937006,0.18313289776982636,0.17017299075571726,0.19333970610446394,0.0037920475068156526,0.0036132071444519064,0.004064612036014182,0.6659970442959784,0.656863106458824,0.6710893750788092,0.18728434873986674,0.1654333861520821,0.2011229740123598,2.0,2.0,2.0,1.80996188896899,1.4573684572663372,1.983548023132439,,,,0.889476430974508,174
781,17,cost-level,laplace,linear,0.05,1,1743,proportional,50,0.0,False,130.66195487976074,11.878359534523703,2.0,0.12717,2.0,0.8402333023150415,0.10302,0.013647866666666666,3.33,124.32533333333333,3.3306666666666667,0.026784565226717003,1.029745679035598,0.9951695444811024,1.0752006304069917,0.19055858403608647,0.17612737393077965,0.20696010591701797,0.003953515378743066,0.00372691893394187,0.004251012629035715,0.6689074048180784,0.6602695449816484,0.6802479645331473,0.1682794310594501,0.15851989832216196,0.1896583865423385,2.0,2.0,2.0,1.8198802484616579,1.4827641503593223,1.987232130824559,,,,1.0009541332539769,160
782,17,cost-level,laplace,linear,0.05,2,1744,proportional,50,0.0,False,130.29203915596008,11.844730832360007,2.0,0.12717,2.0,0.8408127886252291,0.10600426666666667,0.014340133333333333,3.365666666666667,124.35766666666666,3.3726666666666665,0.0270644083061492,1.0690761814249625,1.0414951154214753,1.0984168501875398,0.17576177102353788,0.16546294165733633,0.18664626794972872,0.0037115694649618542,0.003539913619281969,0.003960405467323432,0.6602068593180378,0.6466570254258852,0.6681359374751081,0.1851588556035506,0.17525434696565784,0.21469153915694675,2.0,2.0,2.0,1.8133367194054504,1.4650587705678682,1.9878570516604452,,,,0.8569789369766388,147
783,17,cost-level,laplace,linear,0.05,3,1745,proportional,50,0.0,False,131.45196557044983,11.950178688222712,2.0,0.12717,2.0,0.8373636570001826,0.10740066666666667,0.013948533333333334,3.336333333333333,124.35866666666666,3.3316666666666666,0.02682831380201353,1.0578025429173274,1.0131061459224726,1.1090968030877575,0.17955746487666768,0.1690541198026835,0.19268996597481067,0.0038796087367160793,0.003596557296482808,0.004053383111328851,0.6619968171944851,0.6517461707780927,0.6756764296441936,0.1897386960909595,0.17283843583299385,0.21108162923818133,2.0,2.0,2.0,1.8138785872648526,1.470787130034733,1.9869981669226717,,,,0.8573615187771723,159
784,17,cost-level,laplace,linear,0.05,4,1746,proportional,50,0.0,False,122.2171516418457,11.110650149258701,2.0,0.12717,2.0,0.8344088955314155,0.10651106666666667,0.014222,3.3143333333333334,124.30866666666667,3.3313333333333333,0.02666212599818731,1.0607801099659069,1.0335188557767687,1.0877449842579918,0.17766482163169234,0.1678780533797247,0.18969878584640784,0.0038233971026003268,0.0035785055397504193,0.0040932441160540164,0.6626189430182329,0.6538755798104267,0.6736588992933727,0.19141190675453662,0.1719268781901368,0.20939499132382008,2.0,2.0,2.0,1.8178306654232625,1.4646261130164253,1.9868221199808171,,,,0.8563897443597155,150
785,17,cost-level,laplace,linear,0.1,0,1742,proportional,50,0.0,False,123.02480912208557,11.184073556553233,2.0,0.12717,2.0,0.8278075002616865,0.10266653333333334,0.015526,3.933,124.195,3.921,0.0316679415435404,1.054322906952331,1.032449858334185,1.0852793712541033,0.18169477012508195,0.16980878348799527,0.192053538668698,0.003861060270126075,0.003699040090577849,0.004086916740906255,0.6659839050698007,0.6591935367544872,0.6703139725185109,0.22201431064102228,0.1992612174610141,0.23980608830525268,2.0,2.0,2.0,1.8209691078825285,1.4564343415669048,1.9913670688976968,,,,0.8513395380516888,201
786,17,cost-level,laplace,linear,0.1,1,1743,proportional,50,0.0,False,125.4169557094574,11.401541428132491,2.0,0.12717,2.0,0.8354390742481802,0.0999616,0.015836,3.9993333333333334,123.83333333333333,4.006333333333333,0.032296096904441456,1.0211805800325717,0.9950900230176766,1.081874270585903,0.1901808811473895,0.1758661007750782,0.20696444477499654,0.004046577875496525,0.0037830260969406566,0.004319456480601231,0.6706021149688038,0.6636209171830054,0.6795629893478646,0.21812350077379838,0.2013655858162502,0.23867667367164863,2.0,2.0,2.0,1.830185421070441,1.4661054563660563,1.9915345267566797,,,,0.9599419750975116,188
787,17,cost-level,laplace,linear,0.1,2,1744,proportional,50,0.0,False,122.95049047470093,11.177317315881902,2.0,0.12717,2.0,0.8294972513122367,0.10351146666666666,0.015918533333333332,3.9436666666666667,124.04266666666666,3.9646666666666666,0.03179282397454639,1.070888832064885,1.0448760755263578,1.0966330647649283,0.17459677236696458,0.16430814223930124,0.18361977081923536,0.0037635150284611742,0.0035446407043963324,0.004023460843690328,0.6588111479265863,0.6488589718028365,0.6695175674703373,0.2236704101392813,0.2120091015588895,0.2385737485050655,2.0,2.0,2.0,1.8257560638141628,1.4520836464307962,1.9877617669061607,,,,0.876574063694723,170
788,17,cost-level,laplace,linear,0.1,3,1745,proportional,50,0.0,False,121.8279447555542,11.075267705050381,2.0,0.12717,2.0,0.828879405755764,0.10410893333333333,0.016284266666666665,3.968,124.07833333333333,3.953,0.031979797708436876,1.0569201048823134,1.015063327916852,1.101485792597419,0.17906688257155273,0.16859942074971163,0.18990901917657024,0.003884913519156777,0.003630365503090943,0.004209320943414186,0.6611933392967556,0.6533304111466564,0.6718583727967359,0.22935328842592423,0.20535612385195984,0.2568532421481664,2.0,2.0,2.0,1.823839371976247,1.4547474410761179,1.989700085904964,,,,0.9220639530713569,193
789,17,cost-level,laplace,linear,0.1,4,1746,proportional,50,0.0,False,125.02126359939575,11.365569418126887,2.0,0.12717,2.0,0.8353466805453187,0.1036504,0.0161684,3.946,123.89266666666667,3.967,0.0318501498609011,1.0695101910833484,1.046475731779938,1.1016728102638413,0.17655014500325744,0.1675059825526828,0.1902840188514098,0.003816074396449121,0.003692029279724535,0.004147214547102748,0.6633744533148083,0.6545811598852457,0.6711629349959096,0.22327030390260288,0.2084312677775771,0.24670200421114893,2.0,2.0,2.0,1.8248329321871803,1.4572746307555209,1.9931391176220405,,,,1.0314036752085274,156
790,17,cost-level,laplace,linear,0.2,0,1742,proportional,50,0.0,False,122.04012727737427,11.094557025215842,2.0,0.12717,2.0,0.8262359250247704,0.09803373333333333,0.018219333333333334,4.615666666666667,123.793,4.617333333333334,0.037285360776996006,1.0703342996821674,1.0362553789443658,1.1027951641817624,0.18120514889329659,0.17025883719380636,0.1899651526943918,0.003932332122809076,0.003620492992327296,0.004241259673503286,0.6659291115267385,0.6541802930051757,0.6693762589635277,0.25240325012127973,0.24030876136812618,0.2626933242870644,2.0,2.0,3.0,1.8395899329027108,1.458161876771435,1.994505679786633,,,,1.012189112300402,214
791,17,cost-level,laplace,linear,0.2,1,1743,proportional,50,0.0,False,122.33944416046143,11.121767650951039,2.0,0.12717,2.0,0.834331495256448,0.0966264,0.017408933333333335,4.588666666666667,123.77433333333333,4.572,0.0370728449355413,1.0397991170355967,1.0010416672510751,1.0746282164809169,0.19027503568902016,0.17471366887083117,0.20540648450106994,0.0040852944864552135,0.003721060250257279,0.004400673921413446,0.6696679630770224,0.6588581679005668,0.6782106529120316,0.24359915854756453,0.2309415990698419,0.26278127301110843,2.0,2.0,3.0,1.8575070245259178,1.4795625066093199,1.9959567583360074,,,,0.9825225963615853,210
792,17,cost-level,laplace,linear,0.2,2,1744,proportional,50,0.0,False,123.22771620750427,11.202519655227661,2.0,0.12717,2.0,0.8231598329969231,0.09893733333333334,0.018537466666666665,4.584,123.94133333333333,4.603666666666666,0.03698524032875769,1.0781160991110164,1.03414590651234,1.0988481310305211,0.17314459224930823,0.16235242089136387,0.1833243862014374,0.0037451386704937823,0.0035839060916893475,0.004016668246636148,0.6579764597106188,0.6434930269546502,0.6678598584903208,0.26246808960809476,0.24766000793447615,0.268212207586585,2.0,2.0,3.0,1.8284188053540111,1.462615431309217,1.9962503253027364,,,,0.9059876771497948,200
793,17,cost-level,laplace,linear,0.2,3,1745,proportional,50,0.0,False,123.77747821807861,11.252498019825328,2.0,0.12717,2.0,0.8319897355009734,0.100412,0.018259333333333332,4.505333333333334,123.93733333333333,4.501,0.03635170462491797,1.06180931309048,1.019849539738305,1.1129470572463787,0.17675283564515143,0.16610233495215962,0.18856180311606496,0.00385166750979638,0.0036010552604387497,0.004080053964957352,0.6586801237674311,0.6517758993242038,0.6752859960594885,0.2531830591102525,0.2347983356201839,0.2741798160962586,2.0,2.0,3.0,1.8481850726522604,1.4552646245672929,1.995467477142582,,,,0.8804413018715889,195
794,17,cost-level,laplace,linear,0.2,4,1746,proportional,50,0.0,False,122.7875463962555,11.16250421784141,2.0,0.12717,2.0,0.8291726522073177,0.10009066666666666,0.017785466666666666,4.504666666666667,123.941,4.524,0.0363452502938226,1.065291391198006,1.034121004122445,1.1210315705969407,0.17428659003488062,0.16620391826980246,0.18680935283524872,0.0038276721820791433,0.003721530657975087,0.004192345300955019,0.6624524209072074,0.6522204042329168,0.67154949026006,0.2577452196116631,0.23978237050106868,0.279320408500606,2.0,2.0,3.0,1.8389068959439159,1.4714350205004931,1.9940862356172249,,,,0.9531569950007803,186
795,17,cost-level,laplace,linear,0.3,0,1742,proportional,50,0.0,False,122.15976190567017,11.105432900515469,2.0,0.12717,2.0,0.8346037744703603,0.09542893333333333,0.0188556,4.972666666666667,123.589,4.963333333333333,0.04023551179042364,1.0716196051416422,1.041649922238211,1.1073417125107947,0.18143171683280712,0.16786641193742433,0.18852167340719675,0.003927877637644111,0.003680761595796713,0.00420788779338988,0.6625679898529341,0.6517786386495189,0.6686356160710922,0.27364964502933325,0.26020245819322896,0.28609267798388166,2.0,2.0,3.0,1.854822960544357,1.4752150265451707,1.9965148140332267,,,,0.998067674990704,210
796,17,cost-level,laplace,linear,0.3,1,1743,proportional,50,0.0,False,123.92003130912781,11.265457391738892,2.0,0.12717,2.0,0.8456235649338814,0.09334493333333334,0.018616133333333333,4.983,123.63566666666667,4.975333333333333,0.04030390367396679,1.0431713015471091,1.0147152172982006,1.0779465828799597,0.18772204474273446,0.1722321164420102,0.20253135232663388,0.0040576823618076185,0.003745592035212621,0.004365041962508865,0.6662314116080009,0.6534200723944288,0.6824664998428782,0.2682935286379634,0.2553912296435174,0.2894646853547432,2.0,2.0,3.0,1.8603144223526957,1.4927644177970398,1.9963750532093485,,,,0.9286300097570581,224
797,17,cost-level,laplace,linear,0.3,2,1744,proportional,50,0.0,False,126.11282324790955,11.464802113446323,2.0,0.12717,2.0,0.83764374536968,0.09569213333333333,0.019720266666666666,5.069333333333334,123.82366666666667,5.083,0.04093993878391584,1.0885286054772005,1.0616953697435287,1.1176121890574007,0.173201462395772,0.16080562296579898,0.18177107264465597,0.003906965765892807,0.003572989870719092,0.004023377326499331,0.6527974216436374,0.640111275773681,0.6666429815283965,0.26733549554715497,0.2525446886217969,0.28534288177821887,2.0,2.0,3.0,1.868845433779108,1.5010447562813842,1.9976709589650024,,,,0.8429884385057232,205
798,17,cost-level,laplace,linear,0.3,3,1745,proportional,50,0.0,False,135.42897582054138,12.311725074594671,2.0,0.12717,2.0,0.8395972171049455,0.0973012,0.0191828,4.933333333333334,123.48333333333333,4.938666666666666,0.03995141044675395,1.0830014223999482,1.037734775116262,1.1154083837354072,0.1757412913511336,0.16488198417722258,0.18831135167138593,0.0038458433057145997,0.003697031465617142,0.00414723717544772,0.6599999245669077,0.649288552417155,0.6698521855832703,0.2699655664173871,0.24268454137809933,0.2901572012794918,2.0,2.0,3.0,1.8684852912980756,1.4981675640336491,1.9977088854133935,,,,0.9676257041142013,218
799,17,cost-level,laplace,linear,0.3,4,1746,proportional,50,0.0,False,135.43868494033813,12.312607721848922,2.0,0.12717,2.0,0.8404336602637263,0.09681826666666667,0.0188956,4.941666666666666,123.59833333333333,4.9623333333333335,0.03998166102563411,1.0730751787913502,1.0458148223714447,1.1204928866847443,0.17570448836521008,0.16212698421741925,0.18714854869715297,0.0038294279909038753,0.0036308271710668756,0.00405492233059909,0.6587018011473977,0.6503158087544691,0.6673773596341476,0.2780715158165643,0.24189372201310533,0.29516176137075356,2.0,2.0,3.0,1.8576840284691198,1.493492083228447,1.9966991093834716,,,,0.8508967379214479,196
800,17,cost-level,laplace,linear,0.4,0,1742,proportional,50,0.0,False,135.44249415397644,12.312954013997858,2.0,0.12717,2.0,0.8549388095039081,0.09357693333333333,0.0187848,5.184666666666667,123.22033333333333,5.171333333333333,0.04207638890767487,1.081730567457393,1.0411384526480922,1.1131191384928143,0.1765199987266277,0.16448623796996412,0.19149337375619024,0.003871965728111982,0.0036429691796629124,0.004168967949491356,0.6569548304545884,0.6500118095185491,0.6666577837914418,0.26834991199138425,0.24044418731045816,0.2960411762947931,2.0,2.0,3.0,1.8903068490550012,1.5230652562638558,1.9981579364314912,,,,0.9227656865181989,241
801,17,cost-level,laplace,linear,0.4,1,1743,proportional,50,0.0,False,134.27931475639343,12.207210432399403,2.0,0.12717,2.0,0.8483344365361717,0.09181093333333333,0.018824,5.1226666666666665,123.69,5.126333333333333,0.04141536637292155,1.0526663460148962,1.0146131867166597,1.0953821359523945,0.1860435514203354,0.17649797152049954,0.1988018865828018,0.004108201960730277,0.003886634687240359,0.004293467156876925,0.6671345946267921,0.6555924927571102,0.6771749903876865,0.27644683778767365,0.2553399191170359,0.2950452720527853,2.0,2.0,3.0,1.8788140798331359,1.498554646014103,1.9979984512694673,,,,0.933188085281768,238
802,17,cost-level,laplace,linear,0.4,2,1744,proportional,50,0.0,False,134.0679783821106,12.187998034737326,2.0,0.12717,2.0,0.8474362706191308,0.0944488,0.019183466666666666,5.176666666666667,123.60566666666666,5.192333333333333,0.04188049630950037,1.095903075778133,1.0577630660654758,1.1157269667482372,0.17051888200738477,0.16150041507286367,0.1788602468046814,0.003747159204717572,0.003599623771624498,0.004064561625077053,0.65150511787098,0.6436506691616685,0.6664758824436643,0.28361672529773707,0.2521498888881386,0.3011434329145735,2.0,2.0,3.0,1.8832793601303086,1.5223604660087418,1.998623273302537,,,,0.8773114554759844,214
803,17,cost-level,laplace,linear,0.4,3,1745,proportional,50,0.0,False,131.93201160430908,11.993819236755371,2.0,0.12717,2.0,0.8502187184991108,0.09528573333333333,0.019279066666666667,5.125333333333334,123.68366666666667,5.118333333333333,0.04143904746247821,1.093438693100865,1.0332108566799745,1.1215142479030709,0.17141881559947608,0.16421597320884662,0.1883634372704089,0.0038531454176042477,0.003551607882259252,0.0040704675468785645,0.6524268584964519,0.6457715323425328,0.663783491454442,0.2653904711475845,0.2452221209901911,0.28761680197418316,2.0,2.0,3.0,1.8882164396090706,1.5218744310413854,1.9989025771666875,,,,0.8721044610504051,227
804,17,cost-level,laplace,linear,0.4,4,1746,proportional,50,0.0,False,131.25995469093323,11.932723153721202,2.0,0.12717,2.0,0.853191571319081,0.0943332,0.0195688,5.101333333333334,123.69933333333333,5.123333333333333,0.04123978032756846,1.0773834069705344,1.0501308001020746,1.1093199385426193,0.17572722738598728,0.16287144686223853,0.1878240387892059,0.003819327958424207,0.003570763357492926,0.004081128154011449,0.6565037324123895,0.6446517778213167,0.6653573034290294,0.2578524519482739,0.24743534580621884,0.27932384124396087,2.0,2.0,3.0,1.895537522272527,1.5297729693502844,1.9989056308890074,,,,1.0040439083242798,217
805,17,cost-level,laplace,linear,0.5,0,1742,proportional,50,0.0,False,131.25673151016235,11.932430137287486,2.0,0.12717,2.0,0.8583965814001835,0.09267493333333333,0.018255866666666665,5.099,123.32166666666667,5.093,0.04134715446055708,1.0694910158839555,1.0317880590539685,1.106551907578114,0.1756712763812685,0.16554741906403117,0.18942138894843677,0.003802931647644856,0.0035596925837718413,0.004097634505216839,0.6561437724165615,0.6404404007031481,0.6676155078200331,0.2607152367768991,0.24930365993109338,0.2647740300963334,2.0,2.0,3.0,1.896019194428474,1.5174087794520332,1.998765936596955,,,,0.9477737282257984,225
806,17,cost-level,laplace,linear,0.5,1,1743,proportional,50,0.0,False,125.98488473892212,11.453171339902012,2.0,0.12717,2.0,0.8635770434931798,0.09131106666666666,0.017808533333333335,5.039333333333333,123.431,5.057666666666667,0.04082712878720365,1.0359374930064225,1.010981138647496,1.0634155728109445,0.18313341161815958,0.17059603873163154,0.19852726321216985,0.003975409264432402,0.0037090450650708487,0.004203509351523877,0.6627417711412289,0.6497684062719977,0.6713854819961727,0.2569589684320764,0.23618283064073164,0.2743430245396169,2.0,2.0,3.0,1.8907171327490988,1.5235854428585915,1.997785233446759,,,,0.889876042043136,228
807,17,cost-level,laplace,linear,0.5,2,1744,proportional,50,0.0,False,129.19436717033386,11.74494247003035,2.0,0.12717,2.0,0.8578240262162025,0.09422573333333334,0.018596,5.031333333333333,123.756,5.056666666666667,0.040655267892735165,1.0811540306949396,1.0492264356485488,1.097605549066433,0.17185386416113407,0.1637248771638679,0.1836013485236199,0.0037800440449958757,0.003621121894743374,0.0039634481196357116,0.6530125049235094,0.6423628713511877,0.6601386693176416,0.26265631728349637,0.24233835305364723,0.2812245873328448,2.0,2.0,3.0,1.8973312958193944,1.531823094443706,1.9989879793032874,,,,0.8196568887861141,211
808,17,cost-level,laplace,linear,0.5,3,1745,proportional,50,0.0,False,126.07657027244568,11.461506388404153,2.0,0.12717,2.0,0.8583856122440924,0.0946224,0.018334266666666668,5.0633333333333335,123.454,5.042666666666666,0.041013926914748276,1.0905712234939804,1.0582428780016992,1.1194098882607975,0.1725639013252573,0.15972370087431392,0.18407292899225494,0.0037591622219972625,0.003540828490113942,0.004023215032332462,0.6506892648472145,0.6384384704456162,0.6641288093506976,0.2624336687880193,0.24465964551566352,0.2859654515895853,2.0,2.0,3.0,1.8951423068118018,1.520516902472187,1.9986149679361533,,,,0.9377986339291279,218
809,17,cost-level,laplace,linear,0.5,4,1746,proportional,50,0.0,False,126.54283475875854,11.503894068978049,2.0,0.12717,2.0,0.8607436089123743,0.09359026666666667,0.018781466666666666,5.145,123.58233333333334,5.156,0.04163216425217196,1.08844899952922,1.053151164883362,1.1118859531800536,0.1730828855440354,0.1639756198913658,0.1872397150048699,0.0037490202521837136,0.0035492387097793713,0.004050016788246595,0.6534727217483345,0.640739936055311,0.6634332971271102,0.2684618185712616,0.25564892328278666,0.29108414111775105,2.0,2.0,3.0,1.8940166566508734,1.538285658813452,1.999107227457795,,,,0.9383502282515198,210
810,18,cost-level,laplace,quadratic,0.0,0,1842,proportional,50,0.0,False,115.14630937576294,10.46784630688754,0.5,0.12717,,,0.10440253333333334,0.0,0.0,124.81433333333334,0.0,0.0,1.0562646407802534,1.018768882320249,1.0783052114136007,0.18072421420664284,0.17181206981459157,0.19145883097433145,0.003614484284132857,0.003436241396291831,0.003829176619486627,0.655466724749094,0.6450856308076165,0.6646266286373496,0.0,0.0,0.0,,,,,,,,,,,0
811,18,cost-level,laplace,quadratic,0.0,1,1843,proportional,50,0.0,False,115.80533862113953,10.52775805646723,0.5,0.12717,,,0.1214492,0.0,0.0,124.99966666666667,0.0,0.0,1.0949365952984729,1.0345469855414184,1.116403272412742,0.16770509775495118,0.15670090017103674,0.19016395841150505,0.0033541019550990224,0.003134018003420734,0.0038032791682301014,0.6461938825232572,0.6361315291717442,0.6684984934617484,0.0,0.0,0.0,,,,,,,,,,,0
812,18,cost-level,laplace,quadratic,0.0,2,1844,proportional,50,0.0,False,115.83897185325623,10.530815623023294,0.5,0.12717,,,0.1202904,0.0,0.0,124.704,0.0,0.0,1.050932749559728,1.032648172945656,1.0876282224394116,0.18552188836331562,0.17092379741779423,0.19520167476654235,0.0037104377672663117,0.003418475948355885,0.003904033495330847,0.6580349573898592,0.6521629076952338,0.6683480765805736,0.0,0.0,0.0,,,,,,,,,,,0
813,18,cost-level,laplace,quadratic,0.0,3,1845,proportional,50,0.0,False,117.17927527427673,10.652661388570612,0.5,0.12717,,,0.12194,0.0,0.0,124.958,0.0,0.0,1.0799331069972526,1.0205259952406411,1.1100826950867226,0.18495779160423975,0.17116597287301166,0.1949104956565236,0.0036991558320847934,0.003423319457460233,0.00389820991313047,0.6597058570397192,0.6483540109181756,0.6683013122898832,0.0,0.0,0.0,,,,,,,,,,,0
814,18,cost-level,laplace,quadratic,0.0,4,1846,proportional,50,0.0,False,113.63559317588806,10.330508470535278,0.5,0.12717,,,0.10412346666666666,0.0,0.0,125.18866666666666,0.0,0.0,1.0713862823912006,1.0405150146763447,1.1097150853137463,0.1796131172079784,0.16398196321126624,0.18734744411513596,0.003592262344159566,0.0032796392642253248,0.0037469488823027195,0.6551753814018031,0.643429492993037,0.6653467501566288,0.0,0.0,0.0,,,,,,,,,,,0
815,18,cost-level,laplace,quadratic,0.01,0,1842,proportional,50,0.0,False,120.84850311279297,10.986227555708451,0.5,0.12717,2.0,0.8689758184809417,0.09731226666666666,0.007021866666666667,1.843,124.67066666666666,1.8376666666666666,0.014782948140701368,1.0562967237092924,1.0194211597907508,1.0792914466907668,0.18080163212174866,0.17180262749070946,0.19143929384225056,0.003657685369117203,0.0035163089858998406,0.0038752820963220123,0.6579229643901303,0.6457197443122321,0.6653588587880561,0.07771908174345113,0.07322990588152502,0.08878187181643869,2.0,2.0,2.0,1.829667294276907,1.5199376906093371,1.9781216519648546,,,,1.1145812671521789,105
816,18,cost-level,laplace,quadratic,0.01,1,1843,proportional,50,0.0,False,121.91276144981384,11.08297831361944,0.5,0.12717,2.0,0.8504498488874404,0.11151293333333333,0.009852133333333334,2.14,124.57233333333333,2.151666666666667,0.017178774313183508,1.0960731330604017,1.030660944641853,1.1191445365628028,0.1676193200203523,0.15680335581070523,0.19012003224361723,0.003501548159985415,0.0032731234318963986,0.0039005369625874824,0.6519225844147478,0.6364853433597488,0.671307715265444,0.11532035057068286,0.10274360855710712,0.12445097695591595,2.0,2.0,2.0,1.8155377639015247,1.4808923988507847,1.983696476441301,,,,0.9220991338324844,100
817,18,cost-level,laplace,quadratic,0.01,2,1844,proportional,50,0.0,False,119.52771973609924,10.866156339645386,0.5,0.12717,2.0,0.8401574518708536,0.11104133333333334,0.009171733333333333,2.0696666666666665,124.42833333333333,2.075,0.016633403431694282,1.058645904097028,1.035706746782724,1.087285174741332,0.18539697689491352,0.17084138060732862,0.19529973177465948,0.0038298105391111493,0.003559593693094572,0.00398705593914069,0.6594506631372342,0.6530574904443498,0.6708176253898253,0.10641249176039758,0.09809683397572963,0.12203474939156363,2.0,2.0,2.0,1.7900655178872042,1.4636322888740305,1.9811354864653425,,,,1.0043963325486864,98
818,18,cost-level,laplace,quadratic,0.01,3,1845,proportional,50,0.0,False,120.70417213439941,10.973106557672674,0.5,0.12717,2.0,0.85297992178999,0.11289386666666666,0.008946533333333333,2.032,124.75033333333333,2.0353333333333334,0.016288533631172664,1.0778998716451313,1.021303026616856,1.1026282808801442,0.18487510711469365,0.17113839444032555,0.1947847017765852,0.003766972069168084,0.003516006449900129,0.003979252760041536,0.6606262835144713,0.6515995703745383,0.6703891099511159,0.0993355574495728,0.08474763575850683,0.11881030187427519,2.0,2.0,2.0,1.8292499053639464,1.4695553608355703,1.9851453558229442,,,,0.8921829326148195,105
819,18,cost-level,laplace,quadratic,0.01,4,1846,proportional,50,0.0,False,121.15301823616028,11.013910748741843,0.5,0.12717,2.0,0.859356598578245,0.0969556,0.007104266666666667,1.8903333333333334,124.91866666666667,1.8993333333333333,0.015132512888386044,1.073420604267311,1.039902839460836,1.1085836922008112,0.179609753241214,0.16395314933777438,0.18738758735880176,0.003641575241332468,0.003372694661190535,0.003887016040782282,0.6569677907992262,0.6446406444604994,0.6648212408147479,0.09434718630330002,0.07780189043270586,0.09922096379798243,2.0,2.0,2.0,1.8283553895722036,1.4944605292213988,1.9820662028575469,,,,0.9519190623835637,95
820,18,cost-level,laplace,quadratic,0.02,0,1842,proportional,50,0.0,False,119.67711925506592,10.879738114096902,0.5,0.12717,2.0,0.8544114954187256,0.09301733333333333,0.0111572,3.232,124.437,3.235333333333333,0.025972982312334757,1.0532839183753484,1.0139494258409358,1.0779907659084753,0.18042924370321206,0.1715793129930698,0.19101633046557326,0.0037087969370973263,0.003578099554786613,0.00393084630800946,0.6600471736757125,0.6500122207375909,0.6659377996153522,0.1448540506117797,0.13418523541588168,0.1540798761675172,2.0,2.0,2.0,1.8324150576745144,1.5221632101020477,1.9870661456414573,,,,0.879703860483791,160
821,18,cost-level,laplace,quadratic,0.02,1,1843,proportional,50,0.0,False,123.08078837394714,11.189162579449741,0.5,0.12717,2.0,0.8377179795658987,0.10769186666666666,0.013482666666666667,3.1056666666666666,124.522,3.1136666666666666,0.024940706595353964,1.0967714455799813,1.028426819341035,1.1191623394813215,0.16752830946424538,0.15668202682647056,0.19009192213138837,0.0037215089853368916,0.0033450717895112825,0.0039478436972894115,0.6543607476367929,0.6383152999728328,0.6732532657583249,0.16128590505289817,0.14717570074800823,0.1802865170039766,2.0,2.0,2.0,1.814338027684043,1.475421101704491,1.9883798152184966,,,,0.909166622665231,152
822,18,cost-level,laplace,quadratic,0.02,2,1844,proportional,50,0.0,False,121.42274951934814,11.038431774486195,0.5,0.12717,2.0,0.8408305724005949,0.10713133333333333,0.0128836,3.0566666666666666,124.179,3.0733333333333333,0.024615004684098492,1.0556333883046065,1.0303523329814646,1.0948221189561613,0.18519889170048875,0.1708267303528456,0.19479794855090166,0.0038372940898702503,0.0036428337211355864,0.004071768025947256,0.6629836902905752,0.6552933921996457,0.673643340374557,0.15905213532246426,0.1407924973015239,0.17541874532076607,2.0,2.0,2.0,1.8302246136327613,1.4837390396575196,1.9866558771888227,,,,0.8500283831412039,137
823,18,cost-level,laplace,quadratic,0.02,3,1845,proportional,50,0.0,False,122.46814727783203,11.133467934348367,0.5,0.12717,2.0,0.8402377302123566,0.1087968,0.012876133333333333,2.97,124.41933333333333,2.9646666666666666,0.023870888232804123,1.0786457533011147,1.027526948068382,1.1051138221190526,0.1853111625691343,0.17084858234014397,0.19442630437520092,0.003945022523006429,0.003693987963912024,0.004144060848099356,0.6607909053469303,0.6538543962248751,0.6736091406498819,0.16780307093482827,0.15125440114192565,0.18475537481513554,2.0,2.0,2.0,1.8244146389124902,1.4681881482788277,1.9891146835860176,,,,0.9394010426121591,157
824,18,cost-level,laplace,quadratic,0.02,4,1846,proportional,50,0.0,False,119.55850791931152,10.868955265391957,0.5,0.12717,2.0,0.8484400892775112,0.09264613333333334,0.011236133333333334,3.2803333333333335,124.314,3.287,0.02638748116329081,1.0696667700491727,1.0353767316828093,1.1069047060129347,0.17943200215883964,0.1638436196576093,0.18747923650336756,0.003695451087519131,0.003449642431687599,0.003919103130770873,0.660064994385996,0.6477125967512556,0.6705192012727573,0.15497941087800784,0.14095686935518026,0.16304812496478122,2.0,2.0,2.0,1.841441549961214,1.5090123950075158,1.9910463338838376,,,,0.7721348974207896,136
825,18,cost-level,laplace,quadratic,0.05,0,1842,proportional,50,0.0,False,120.57515382766724,10.961377620697021,0.5,0.12717,2.0,0.8293907004832561,0.08950653333333333,0.0141156,4.255333333333334,124.18,4.248666666666667,0.034267461212218825,1.0639735371768377,1.0246465990658487,1.0903573037165841,0.18058453501395919,0.1708780508416267,0.19136206800822037,0.0038420682154085553,0.0036422288213508523,0.004136801005634998,0.6604910919382323,0.653184126190806,0.6739920354272382,0.21773682067909783,0.19933091328833308,0.23106276786493593,2.0,2.0,3.0,1.8359179825246175,1.4720867673980027,1.9927851172671291,,,,0.9044569706135741,198
826,18,cost-level,laplace,quadratic,0.05,1,1843,proportional,50,0.0,False,121.88193035125732,11.08017548647794,0.5,0.12717,2.0,0.8205689748737883,0.1047344,0.0159204,3.804666666666667,124.12333333333333,3.8253333333333335,0.03065230818809249,1.1000588433524072,1.0314723321875772,1.1161265404662253,0.16755454272547093,0.15561110301449244,0.18921034477880525,0.003766725439178496,0.0033655049315562124,0.00400646600720611,0.6520029193639578,0.6425049186354709,0.6742669927367622,0.2211358989227743,0.20776768695291378,0.2332582569746389,2.0,2.0,2.0,1.8076119763722933,1.4349034014117328,1.9886950455799302,,,,0.9110168908405246,160
827,18,cost-level,laplace,quadratic,0.05,2,1844,proportional,50,0.0,False,122.05986213684082,11.096351103349166,0.5,0.12717,2.0,0.8260805562603628,0.10418426666666666,0.015354933333333333,3.812,124.06666666666666,3.8186666666666667,0.030725416442772702,1.0670125393845624,1.0252956897202288,1.0929307372121773,0.18443814565969946,0.17015652040085305,0.19484283273641972,0.003934106237769087,0.00373220138169533,0.004114073120319001,0.6638163251462776,0.6592144972548796,0.6742855805815777,0.21231976331616192,0.1948865990831045,0.21923721098062687,2.0,2.0,3.0,1.8142594560132284,1.4602284026037098,1.9895088530794351,,,,0.8995544544437905,167
828,18,cost-level,laplace,quadratic,0.05,3,1845,proportional,50,0.0,False,121.20739006996155,11.018853642723776,0.5,0.12717,2.0,0.8269753738753076,0.1059404,0.015235466666666666,3.7363333333333335,124.28633333333333,3.729,0.030062302371674014,1.0830446883029108,1.0126638707244837,1.1008366806869283,0.1852118696631498,0.17014756756041036,0.19388270209239944,0.003965391815940416,0.003679683333865902,0.004206343198384009,0.666705956352217,0.6549494915113865,0.6752396416274413,0.21169192253494995,0.200061770095883,0.23541263507737792,2.0,2.0,3.0,1.8229307542803959,1.463849452351725,1.990672708783383,,,,0.8768980834675778,180
829,18,cost-level,laplace,quadratic,0.05,4,1846,proportional,50,0.0,False,120.29718136787415,10.936107397079468,0.5,0.12717,2.0,0.826237365619544,0.0889084,0.0143728,4.3036666666666665,124.17633333333333,4.307,0.03465770450085765,1.0707829244636775,1.0390694933937659,1.1097689614451611,0.17857213834556362,0.16339897076548018,0.18558264035163313,0.003782850867204493,0.0035624296058689208,0.004001647887129124,0.6602817101772224,0.6480132415951587,0.6692579639296166,0.22984044291927644,0.20897138365288864,0.23963243205892384,2.0,2.0,3.0,1.8173702615057874,1.4736445694425901,1.9921055378570556,,,,0.9756564618815469,193
830,18,cost-level,laplace,quadratic,0.1,0,1842,proportional,50,0.0,False,119.45764183998108,10.859785621816462,0.5,0.12717,2.0,0.8149749643292619,0.08720786666666666,0.0155552,4.781333333333333,123.96566666666666,4.788,0.03856981906280502,1.063898101306611,1.0268772637381447,1.0989963558059108,0.17967222838793917,0.16978247211601694,0.19047208976903088,0.0038582169261044226,0.003727325805612983,0.004116501146753258,0.6613348189765644,0.6530724732509295,0.670429905186774,0.2547424825817169,0.22207184570253352,0.2772774441669226,2.0,2.0,3.0,1.8211081520295822,1.457646946753513,1.9950822591385242,,,,0.9114621578525423,220
831,18,cost-level,laplace,quadratic,0.1,1,1843,proportional,50,0.0,False,126.58477234840393,11.50770657712763,0.5,0.12717,2.0,0.8235303128174145,0.10235226666666666,0.017417333333333333,4.222333333333333,123.865,4.238,0.034088187408334344,1.0903688878877673,1.034976281454132,1.1204530559820514,0.16594899541424657,0.15619349892544818,0.18885894923396035,0.003635766564757602,0.003442945541370009,0.004196749313919307,0.6559314951475789,0.6394538109737173,0.6734958787805282,0.238741769667229,0.21949575219981357,0.25668897360378773,2.0,2.0,3.0,1.8272725234963776,1.4502605775252062,1.991711788926737,,,,0.9682159669404832,189
832,18,cost-level,laplace,quadratic,0.1,2,1844,proportional,50,0.0,False,126.6228518486023,11.511168349872936,0.5,0.12717,2.0,0.8210378165559173,0.10169413333333334,0.016982533333333334,4.235333333333333,123.91133333333333,4.247,0.03418035476980852,1.0706023590897096,1.0339122148966253,1.0912032506314548,0.1830308490143402,0.16942773148018814,0.1943558053921362,0.003900053727900054,0.003696697789338118,0.0041229101870897894,0.6643813480611499,0.6556410271957241,0.6741364591727855,0.243382126164185,0.22627159210262693,0.2620404930145425,2.0,2.0,3.0,1.8296196092865409,1.4574269293624313,1.9941346520024743,,,,1.036369120477274,182
833,18,cost-level,laplace,quadratic,0.1,3,1845,proportional,50,0.0,False,124.92116808891296,11.356469826264815,0.5,0.12717,2.0,0.8214780444706106,0.103268,0.017068533333333333,4.147666666666667,123.97033333333333,4.131666666666667,0.033456929211558684,1.0645883783758832,1.0121389041133686,1.1100147146306156,0.18355260337283394,0.17112814574883561,0.193397363801667,0.003988885424916917,0.0037754247138540305,0.004179319961591026,0.6646211757803796,0.6558297219994933,0.6743989827473782,0.2418525860693868,0.2191619523965768,0.2574793831687048,2.0,2.0,3.0,1.841927344801276,1.4609050576186515,1.9956755134614714,,,,0.9949377392575928,194
834,18,cost-level,laplace,quadratic,0.1,4,1846,proportional,50,0.0,False,159.17903017997742,14.470820925452493,0.5,0.12717,2.0,0.8183885173982669,0.08689786666666667,0.015605733333333333,4.790666666666667,123.80166666666666,4.787,0.038696301880696275,1.0685760740775598,1.0351614725466272,1.1093737492895723,0.17807579520100347,0.16238837939208783,0.18650869526334632,0.0038175946434066297,0.0036385365174150617,0.004104463508889345,0.6622225093794669,0.6494665700307586,0.6714803292467354,0.25615579572492586,0.24198535766511214,0.2750435039079543,2.0,2.0,3.0,1.836547082332931,1.4604496983191326,1.995160611367278,,,,0.9052283765671749,213
835,18,cost-level,laplace,quadratic,0.2,0,1842,proportional,50,0.0,False,158.9868369102478,14.453348810022527,0.5,0.12717,2.0,0.8249045490514645,0.08418773333333333,0.01665,5.245,123.65766666666667,5.247333333333334,0.04241548576311484,1.0774264916562948,1.0351765074672934,1.101584092881259,0.17647363417055228,0.169213763197354,0.18864624958861248,0.0038897645321222985,0.003786862324088693,0.004160130408573571,0.6600649196657645,0.6483775832676496,0.6684531296450716,0.29172902313626287,0.2641593425036212,0.30400080792985895,2.0,2.0,3.0,1.8545937040363059,1.4664324258328396,1.995342159808015,,,,0.932440698729018,217
836,18,cost-level,laplace,quadratic,0.2,1,1843,proportional,50,0.0,False,122.84024429321289,11.167294935746627,0.5,0.12717,2.0,0.8223822734749533,0.09892186666666666,0.0189108,4.8036666666666665,123.42633333333333,4.83,0.03891930139165332,1.0888113733509646,1.0294537370124872,1.1593467204331849,0.16547103028599772,0.15489321980862159,0.18924623298985005,0.0037232478067528944,0.0034498521827527836,0.004108041823158417,0.6539652287147316,0.6380856409639911,0.6759671492091617,0.27062497032743277,0.2506808350233938,0.29069340080302675,2.0,2.0,3.0,1.8458291433868905,1.4680615351065882,1.9967990276507113,,,,1.0233284372078062,197
837,18,cost-level,laplace,quadratic,0.2,2,1844,proportional,50,0.0,False,122.02786540985107,11.093442309986461,0.5,0.12717,2.0,0.8234364386902574,0.0976368,0.018938666666666666,4.839,123.53566666666667,4.8373333333333335,0.03917087372877469,1.0663263170212733,1.025840482926944,1.088974852506793,0.1794874595862317,0.16970667633216838,0.19103427696782155,0.003980760331700275,0.003695567044150453,0.004162604212798341,0.6594027683852404,0.6537477441193433,0.6716192359825562,0.2736540960702962,0.25752909424508197,0.294709799425823,2.0,2.0,3.0,1.836699155362973,1.4658704097805788,1.994533702965621,,,,1.0291800198951446,203
838,18,cost-level,laplace,quadratic,0.2,3,1845,proportional,50,0.0,False,125.87653017044067,11.443320924585516,0.5,0.12717,2.0,0.8244554579681869,0.0996888,0.018548133333333335,4.711,123.58933333333333,4.712,0.03811817632589652,1.0823441563488094,1.0326851100858396,1.1218128506110223,0.18043490042683014,0.16614684867895474,0.19321662502363604,0.004023780859836293,0.003616548755285074,0.004121228933620437,0.663394270593084,0.6531174617957785,0.6712258871378274,0.2619530601730041,0.23432042349800639,0.2912633813137453,2.0,2.0,3.0,1.8505294544902708,1.470781715882164,1.9958223424887855,,,,1.0276318577231496,205
839,18,cost-level,laplace,quadratic,0.2,4,1846,proportional,50,0.0,False,121.33641982078552,11.030583620071411,0.5,0.12717,2.0,0.8215292780355835,0.0839268,0.016686266666666668,5.287333333333334,123.56533333333333,5.286333333333333,0.04278977922610441,1.0681296517836287,1.0428965508999475,1.1063198595234376,0.17754520394577172,0.1631000273975158,0.18705415763712907,0.0038671011041402697,0.003611382121078614,0.004093924597282254,0.6628272319696001,0.6465927775922651,0.6723860703997203,0.2841565447513906,0.26455123887439425,0.3043983731474458,2.0,2.0,3.0,1.8482033799822801,1.4605601015529963,1.9952039845025507,,,,1.0117712331885447,227
840,18,cost-level,laplace,quadratic,0.3,0,1842,proportional,50,0.0,False,123.9590392112732,11.2690035646612,0.5,0.12717,2.0,0.8288711342811084,0.08232906666666667,0.016833333333333332,5.490666666666667,123.55333333333333,5.486,0.044439648195111425,1.0631215221390424,1.0325256039214974,1.090217871856893,0.17751927795990158,0.16730760031923822,0.18502690071799058,0.003818332512074276,0.003700895244581624,0.004079569029228167,0.6568784428645014,0.6480255003967851,0.664486033292297,0.2901771713742153,0.2702919375545685,0.3092714320423484,2.0,2.0,3.0,1.844708468269054,1.4734681614960519,1.995505555329851,,,,0.8802676884305607,241
841,18,cost-level,laplace,quadratic,0.3,1,1843,proportional,50,0.0,False,121.83264899253845,11.075695362958042,0.5,0.12717,2.0,0.8309751147811335,0.09586706666666667,0.020006666666666666,5.107,123.60966666666667,5.125666666666667,0.04131553896809581,1.1243466680472554,1.0693111984541963,1.1455198930008337,0.16463869334239475,0.15003802086731233,0.18651111759266065,0.003665213107934184,0.0032675839331872255,0.004071751508740635,0.6470517769742316,0.6335892937818075,0.6708097245352289,0.2784828904037685,0.27032420322447803,0.3049002297315675,2.0,2.0,3.0,1.8530240289647912,1.4794346707036439,1.9980241044479656,,,,1.00675416970966,222
842,18,cost-level,laplace,quadratic,0.3,2,1844,proportional,50,0.0,False,121.8732042312622,11.07938220284202,0.5,0.12717,2.0,0.8332838411041588,0.09497306666666666,0.019776666666666668,5.149,123.68,5.160333333333333,0.041631630012936606,1.072368962980722,1.038197185515376,1.1035886814691338,0.18055034815622673,0.1678126109821759,0.19168611436533314,0.003910457483268248,0.003707657415870361,0.0041771605765216786,0.6608819758614551,0.6526122051077493,0.6695162264403686,0.2836652941151054,0.2620058331697891,0.3011291828426201,2.0,2.0,3.0,1.861426627936924,1.470350483002532,1.9975620319359588,,,,0.9129276099019613,221
843,18,cost-level,laplace,quadratic,0.3,3,1845,proportional,50,0.0,False,148.2509949207306,13.477363174611872,0.5,0.12717,2.0,0.8310172971740073,0.0964804,0.019696666666666668,5.034666666666666,123.60733333333333,5.042666666666666,0.040731132457081834,1.0918290735009797,1.0289549674544813,1.1338030030685813,0.1831504627436226,0.16627056246771407,0.19116524561988282,0.003947848903112314,0.003612884572905881,0.004227147626897503,0.6610819142830193,0.6501054444211334,0.6702445145423703,0.2624651174532135,0.25190611359180426,0.2980769599119285,2.0,2.0,3.0,1.870362885933344,1.4699323925611743,1.996977879861391,,,,0.9907631657572933,225
844,18,cost-level,laplace,quadratic,0.3,4,1846,proportional,50,0.0,False,145.30059051513672,13.209144592285156,0.5,0.12717,2.0,0.8333445091818374,0.0815244,0.0173516,5.558,123.27,5.556666666666667,0.04508801817149347,1.0868847653572211,1.032464863659352,1.1115995744814233,0.1764168306807864,0.16184215574530328,0.1840021251075139,0.003821846836742419,0.0035708677640681145,0.004026461362774693,0.6559513638527172,0.6428568015122915,0.664048868733151,0.2940159441117962,0.2633034325650277,0.3082918673665354,2.0,2.0,3.0,1.8679164514332895,1.4810144577248368,1.9969856183618482,,,,0.8522623992837812,228
845,18,cost-level,laplace,quadratic,0.4,0,1842,proportional,50,0.0,False,119.43250155448914,10.857500141317194,0.5,0.12717,2.0,0.8392423291278739,0.0807424,0.016792533333333335,5.589666666666667,123.84333333333333,5.5776666666666666,0.04513498237019891,1.0834814144206462,1.0530404877429482,1.1058661830798853,0.17452034955888074,0.1677279919656021,0.18304187963982338,0.003828890114308022,0.003643054691278353,0.003987333667917806,0.6506894875676003,0.64219840692329,0.6593124454250888,0.28807338598799304,0.2708314844389909,0.30514940988156747,2.0,2.0,3.0,1.8637496387797408,1.4922540658626853,1.996935658777445,,,,0.8963136027427419,257
846,18,cost-level,laplace,quadratic,0.4,1,1843,proportional,50,0.0,False,121.83085560798645,11.075532327998769,0.5,0.12717,2.0,0.846302869904705,0.0936048,0.020194533333333334,5.263333333333334,123.36166666666666,5.2843333333333335,0.04266587405596012,1.1006162060568534,1.059401364755829,1.167422463895555,0.16268103267855694,0.1512161346179173,0.18206742334509438,0.0036005028886002296,0.0033193190037253436,0.00392799376392992,0.6447688838000651,0.6303777620711162,0.6654789620923879,0.2857524471374109,0.2632304510040297,0.29597338254404837,2.0,2.0,3.0,1.8714015915811302,1.4957598298832901,1.9980429745165211,,,,1.0106549523869282,224
847,18,cost-level,laplace,quadratic,0.4,2,1844,proportional,50,0.0,False,121.93502998352051,11.085002725774592,0.5,0.12717,2.0,0.8493135611064353,0.09391106666666667,0.019353333333333333,5.261666666666667,123.42633333333333,5.269,0.04263001682515077,1.066151286503994,1.0372709849916528,1.1112000344074418,0.1790772511318114,0.16566585636900313,0.1905187799335356,0.003900933347810285,0.003654788088578222,0.0041964536752257895,0.6591012800124918,0.6515397664048301,0.6688189568171701,0.2872389082289981,0.26842304987296267,0.3055269160462514,2.0,2.0,3.0,1.8809107823251792,1.5176925497520615,1.9987934178374118,,,,1.003362309527125,215
848,18,cost-level,laplace,quadratic,0.4,3,1845,proportional,50,0.0,False,121.92567777633667,11.084152525121516,0.5,0.12717,2.0,0.8436511508996767,0.09471013333333334,0.019986666666666666,5.205,123.48866666666666,5.208,0.042149616968898636,1.0663860575811812,1.0290326657126911,1.1197464086969644,0.1783401613262268,0.163091578237048,0.19218697740751606,0.003957144805483678,0.0037192124579776943,0.004110001510612914,0.6611267804136687,0.6454508878576848,0.6696673812616544,0.2833973309847632,0.26229334086945133,0.3060359234239698,2.0,2.0,3.0,1.8825298211893093,1.5022789964120278,1.9986992167170423,,,,0.9240280921119178,241
849,18,cost-level,laplace,quadratic,0.4,4,1846,proportional,50,0.0,False,119.7067437171936,10.8824312470176,0.5,0.12717,2.0,0.8387458095685321,0.08045013333333334,0.0169328,5.618666666666667,123.45766666666667,5.614,0.045510876872774206,1.091460097495518,1.0409208012703455,1.1343810784919162,0.16929971514141495,0.16086944755677998,0.1771313149048288,0.003689288454456601,0.003484186347448962,0.0039429152795708985,0.648729619893148,0.6398881015650816,0.6610452093371337,0.2918427188902484,0.27757295794426246,0.30525466526095013,2.0,2.0,3.0,1.868039834482187,1.4862040503362144,1.9971627789209243,,,,0.9285287252174838,234
850,18,cost-level,laplace,quadratic,0.5,0,1842,proportional,50,0.0,False,123.08804631233215,11.189822392030196,0.5,0.12717,2.0,0.8490401895823734,0.07999106666666667,0.016290133333333335,5.442666666666667,123.47866666666667,5.447666666666667,0.04407778941571554,1.0826335954026085,1.0529503268870701,1.1314754934227347,0.172327832368821,0.1617844176391037,0.18140752164869983,0.0037310098424898595,0.003503441058281508,0.00391053644639542,0.6472089610441397,0.63630391777337,0.6613129034942501,0.26868835361578797,0.23443896879699025,0.28712175309106647,2.0,2.0,3.0,1.87377534059543,1.4898134760242554,1.9977138755487098,,,,0.9127220663601018,216
851,18,cost-level,laplace,quadratic,0.5,1,1843,proportional,50,0.0,False,122.31069207191467,11.119153824719517,0.5,0.12717,2.0,0.8513415020023269,0.09343173333333334,0.0194064,5.289,123.30533333333334,5.293,0.04289352177251051,1.099755198273873,1.0720850463427263,1.1488691566312355,0.1653881308318016,0.15148350513534845,0.18320948257745157,0.003645440917820651,0.003402188798690294,0.004005417560324073,0.6444010525262319,0.6317932294073215,0.6626157358540333,0.2653098765151478,0.2501993438155772,0.3036575923267659,2.0,2.0,3.0,1.8953660860203692,1.5207241253282286,1.999172096154761,,,,0.8980198667426245,243
852,18,cost-level,laplace,quadratic,0.5,2,1844,proportional,50,0.0,False,120.8035535812378,10.98214123465798,0.5,0.12717,2.0,0.8548382612300937,0.09269013333333333,0.01851,5.2796666666666665,123.44,5.286,0.042771116871894575,1.0784863558531783,1.0509400656002152,1.0976160246118036,0.17784612094775434,0.1645751908724881,0.1851952443115779,0.0038628188532635046,0.0035881139012800857,0.0041042239259103195,0.6532976884073192,0.6458737865446705,0.6643729920154582,0.28118986608030205,0.2688902754842654,0.3038623269473506,2.0,2.0,3.0,1.8849211602454683,1.5149667159746163,1.9981874790189849,,,,0.9124776036303172,223
853,18,cost-level,laplace,quadratic,0.5,3,1845,proportional,50,0.0,False,122.80474781990051,11.16406798362732,0.5,0.12717,2.0,0.855265893592529,0.09397493333333333,0.019164,5.205666666666667,123.318,5.214,0.04221335625510199,1.092684252477779,1.0439033442547216,1.1321787485121677,0.17558839309473562,0.16403889772223113,0.1897055575234619,0.0038886584089470482,0.003648408052712238,0.004149781139583795,0.6565737218257655,0.6449291212072611,0.6663482351468891,0.2800975920688942,0.2655237401009196,0.3023752887822775,2.0,2.0,3.0,1.8901706225871158,1.513608741702478,1.998806291530237,,,,0.9520839902113847,234
854,18,cost-level,laplace,quadratic,0.5,4,1846,proportional,50,0.0,False,119.77060389518738,10.888236717744308,0.5,0.12717,2.0,0.8439290468991807,0.0800908,0.016096266666666668,5.513,123.53233333333333,5.511666666666667,0.04462799213161467,1.078324016302914,1.0369756348735248,1.1098258351597075,0.17849463728465786,0.16292631866290186,0.18237069236301723,0.0037920612138247246,0.003537566991895797,0.003977322684950383,0.6504865274319243,0.6372084085835257,0.659281778830325,0.27323357496203204,0.2537855757480654,0.2835597627367468,2.0,2.0,3.0,1.8748765294875374,1.507072331285261,1.9985717841664514,,,,0.9576443901223058,249
855,19,cost-level,laplace,quadratic,0.0,0,1942,proportional,50,0.0,False,116.51033139228821,10.591848308389837,2.0,0.12717,,,0.12146106666666667,0.0,0.0,125.08666666666667,0.0,0.0,1.0653815247811713,1.040661226813667,1.105356605210914,0.1806277785356008,0.17173881118787737,0.19019738072409695,0.0036125555707120158,0.003434776223757548,0.0038039476144819387,0.6557596543845254,0.6497762182535838,0.6620570711434745,0.0,0.0,0.0,,,,,,,,,,,0
856,19,cost-level,laplace,quadratic,0.0,1,1943,proportional,50,0.0,False,116.58946323394775,10.599042112177068,2.0,0.12717,,,0.11929133333333333,0.0,0.0,125.188,0.0,0.0,1.0416255946848714,0.9978389755790401,1.0835809534180423,0.17262346016573643,0.16662545351158237,0.19804260102250693,0.0034524692033147276,0.003332509070231647,0.003960852020450139,0.6567243740729534,0.6436976708817046,0.6732283431299048,0.0,0.0,0.0,,,,,,,,,,,0
857,19,cost-level,laplace,quadratic,0.0,2,1944,proportional,50,0.0,False,148.2296164035797,13.4754196730527,2.0,0.12717,,,0.11835173333333333,0.0,0.0,124.884,0.0,0.0,1.0815265259349323,1.034077446698558,1.1203884298812365,0.17069150345183454,0.161892756407446,0.1817172265992858,0.0034138300690366905,0.0032378551281489185,0.003634344531985716,0.645944921916529,0.6381874722635712,0.6646836326277641,0.0,0.0,0.0,,,,,,,,,,,0
858,19,cost-level,laplace,quadratic,0.0,3,1945,proportional,50,0.0,False,116.71079683303833,10.610072439367121,2.0,0.12717,,,0.11813413333333334,0.0,0.0,125.388,0.0,0.0,1.0846549229694769,1.040386117591922,1.119415994208749,0.17397398548092324,0.16381540008450374,0.18500536826451097,0.0034794797096184644,0.0032763080016900738,0.0037001073652902184,0.6515214818090956,0.6457695536546277,0.6591295839922451,0.0,0.0,0.0,,,,,,,,,,,0
859,19,cost-level,laplace,quadratic,0.0,4,1946,proportional,50,0.0,False,116.16316413879395,10.560287648981268,2.0,0.12717,,,0.11682613333333333,0.0,0.0,125.063,0.0,0.0,1.0786839527479737,1.0353359767040964,1.120036526755484,0.18211117157340517,0.1670525226834093,0.192802066686191,0.0036422234314681026,0.0033410504536681854,0.0038560413337238204,0.6543190904214443,0.6380436997654223,0.6674342880507746,0.0,0.0,0.0,,,,,,,,,,,0
860,19,cost-level,laplace,quadratic,0.01,0,1942,proportional,50,0.0,False,117.3803722858429,10.670942935076626,2.0,0.12717,2.0,0.8114798000516324,0.12098986666666667,0.00046626666666666665,0.09866666666666667,125.459,0.09766666666666667,0.0007864455054373673,1.0650245308463118,1.0408394272678916,1.1054227522155122,0.18060397413979212,0.17177796207735452,0.19018999722632698,0.0036158733267129105,0.0034397957170330495,0.0038074725566162723,0.6554837896651577,0.6498355371970517,0.6613096792838415,0.004426908308044866,0.0029131483187642042,0.008056194504203657,2.0,2.0,2.0,1.6930681626498216,1.3966068377646477,1.9278124866565625,,,,1.9824206771590573,5
861,19,cost-level,laplace,quadratic,0.01,1,1943,proportional,50,0.0,False,117.08192801475525,10.643811637705022,2.0,0.12717,2.0,0.8499082094452365,0.1190092,0.0002758666666666667,0.06233333333333333,125.14233333333334,0.06266666666666666,0.0004980994973723253,1.0415878757644774,0.997901179277335,1.0836539140901138,0.1726246725052632,0.16663391703292035,0.19805509734209267,0.003453056190303563,0.0033327749814231547,0.003979093800544464,0.6562591423976636,0.6428788989676758,0.6728911365680659,0.0033517756127068995,0.0013871803142081504,0.005188075860311685,2.0,2.0,2.0,1.716371500696703,1.3630919886397743,1.969807815622344,,,,0.8303115371585862,4
862,19,cost-level,laplace,quadratic,0.01,2,1944,proportional,50,0.0,False,118.65040040016174,10.78640003637834,2.0,0.12717,2.0,0.8385834839786852,0.11781706666666666,0.0005277333333333333,0.08666666666666667,124.92866666666667,0.087,0.0006937292214757221,1.08194530401979,1.034194547103164,1.1206990366462621,0.17070255358200764,0.16184598639127254,0.18172727783339954,0.0034146848634024917,0.0032534912529137297,0.00363713116458486,0.6456091320881565,0.6374392388498485,0.6643503344432761,0.003431431262492453,0.002801440127554967,0.006394694975989759,2.0,2.0,2.0,1.757651184764169,1.449112201074864,1.9353612459009608,,,,0.99396789088526,5
863,19,cost-level,laplace,quadratic,0.01,3,1945,proportional,50,0.0,False,117.82494354248047,10.711358503861861,2.0,0.12717,2.0,0.8477404917841902,0.11772186666666666,0.0004054666666666667,0.08066666666666666,125.363,0.08133333333333333,0.0006434647118102364,1.083946515380365,1.040147628146499,1.1194246700167871,0.17396963106845295,0.16381873390904061,0.18496498146515805,0.0034835667116566767,0.0032998710244032258,0.0037024813241546503,0.6508208615306548,0.6454414290254987,0.6591166696211074,0.003976071893326699,0.0015410251202637529,0.00668374464475169,2.0,2.0,2.0,1.7205112472904396,1.399845484182382,1.9594404740878104,,,,2.27482209624009,2
864,19,cost-level,laplace,quadratic,0.01,4,1946,proportional,50,0.0,False,118.32156276702881,10.756505706093527,2.0,0.12717,2.0,0.8180147684154792,0.11641426666666667,0.00040533333333333334,0.076,124.98266666666666,0.07666666666666666,0.000608084321025849,1.0786511564964805,1.035452525401098,1.1201277641275915,0.18212396594855104,0.16706553183158973,0.19281077989860015,0.0036435917029341036,0.0033427540047446884,0.003860185044644324,0.6538965284668792,0.6382549144117604,0.6667126275478057,0.004032902790604847,0.0022900905311856136,0.006797657812289759,2.0,2.0,2.0,1.6429765441566733,1.3698533097647079,1.9514199554271032,,,,1.920902741383722,3
865,19,cost-level,laplace,quadratic,0.02,0,1942,proportional,50,0.0,False,125.45891618728638,11.405356017026035,2.0,0.12717,2.0,0.8613806890137732,0.11676386666666666,0.0046168,0.952,125.046,0.9553333333333334,0.0076131983430097715,1.0672592246390709,1.039847197834343,1.1055467168781614,0.180536188372446,0.17202461928671267,0.1899992749307347,0.0036631215290185166,0.003506309154304682,0.003836909985632543,0.6571160476135829,0.6496333933468031,0.6655226030910817,0.04972610361172904,0.03901588251010366,0.05844465468102804,2.0,2.0,2.0,1.8024917155178333,1.4517857447426237,1.9782176506627382,,,,1.0816818309078182,46
866,19,cost-level,laplace,quadratic,0.02,1,1943,proportional,50,0.0,False,123.71162581443787,11.246511437676169,2.0,0.12717,2.0,0.8616629089361773,0.11491733333333333,0.004286933333333334,0.8796666666666667,124.96666666666667,0.8706666666666667,0.007039210456121632,1.0377775900119548,0.9992800996066749,1.0846319968617495,0.17256048694262058,0.16659170649641564,0.1979883557635296,0.0035276419413949947,0.003367021935495264,0.004006145753180755,0.6559172818795147,0.6434493119711373,0.672555061268022,0.043058271906758816,0.03816717517229149,0.04927987699976491,2.0,2.0,2.0,1.821673721318981,1.4754210746041747,1.979676345938274,,,,0.7614782143852943,46
867,19,cost-level,laplace,quadratic,0.02,2,1944,proportional,50,0.0,False,119.63726782798767,10.876115257089788,2.0,0.12717,2.0,0.8615723679348324,0.11385826666666667,0.004408133333333333,0.9,124.93366666666667,0.9003333333333333,0.007203822828647736,1.0829265845346785,1.033320545211995,1.1214286891884102,0.17060876776098144,0.16194136669229386,0.1816932565302865,0.0034415950446331865,0.003256924925182439,0.00369154937995499,0.6468911711464884,0.6397497198260165,0.6647053236992969,0.04632020531110553,0.03787470722338515,0.0519824466282074,2.0,2.0,2.0,1.80412365479188,1.467516668074329,1.9745280612436886,,,,0.6656144349056066,50
868,19,cost-level,laplace,quadratic,0.02,3,1945,proportional,50,0.0,False,120.22015285491943,10.929104804992676,2.0,0.12717,2.0,0.8600339138043565,0.11357413333333333,0.004465466666666667,0.9546666666666667,125.14666666666666,0.9533333333333334,0.007628382697634776,1.0855626703730787,1.0426925305232877,1.1214155316873726,0.1739258827958075,0.16377232544160383,0.1848933491419739,0.0035695493814459256,0.0033275703658288036,0.0037217711453741095,0.652470228455553,0.6458213456423405,0.6606295028241913,0.046040840501356095,0.039029571188683845,0.061283618447252615,2.0,2.0,2.0,1.8099300141929713,1.4839433416726324,1.9773700392491886,,,,0.8750340669602572,46
869,19,cost-level,laplace,quadratic,0.02,4,1946,proportional,50,0.0,False,120.82197594642639,10.983815995129673,2.0,0.12717,2.0,0.8526481272585578,0.11263146666666667,0.004127733333333333,0.8546666666666667,125.09333333333333,0.858,0.006832231933489661,1.0789295335424876,1.0354966607616358,1.1217006611554057,0.18203732675824333,0.16702231318909125,0.19282069762307089,0.0036759398672118007,0.0033697199174604416,0.003960847724509845,0.6540744371626193,0.639033173705363,0.6683125797095059,0.04141973521459902,0.03629360384296438,0.04788057705218979,2.0,2.0,2.0,1.7810830901903865,1.4478535952158524,1.976160736375415,,,,0.9867226801517426,40
870,19,cost-level,laplace,quadratic,0.05,0,1942,proportional,50,0.0,False,126.22545146942139,11.475041042674672,2.0,0.12717,2.0,0.8534996615392776,0.1090432,0.0118428,2.7056666666666667,124.67466666666667,2.707,0.02170181592625072,1.0673285663857381,1.037714712443269,1.116285971648021,0.18028168946241677,0.1711189007624505,0.18965907567762874,0.0037585899778052045,0.003577980570249893,0.003915455276335134,0.6599916464716902,0.6530215648697084,0.6710033097155755,0.14461794025701008,0.12871449452652475,0.16643439695881285,2.0,2.0,2.0,1.8399761197458209,1.5117921813352067,1.9871852287946263,,,,1.130799069191297,121
871,19,cost-level,laplace,quadratic,0.05,1,1943,proportional,50,0.0,False,127.10663938522339,11.555149035020309,2.0,0.12717,2.0,0.8586661045329909,0.10702973333333334,0.011687466666666667,2.7413333333333334,124.94966666666667,2.752,0.02193950097239155,1.044101021218825,1.0026180577947996,1.0861834479755879,0.17259307343667785,0.16679998542259553,0.19743230278840512,0.0036225112159918686,0.003448006406789194,0.004145697985160448,0.6582976382431265,0.6465773526932708,0.6761816425940228,0.13725392470771236,0.116698117224769,0.1604109374444108,2.0,2.0,2.0,1.8449332637006204,1.500897313411716,1.9909343042101297,,,,0.8252238348534789,115
872,19,cost-level,laplace,quadratic,0.05,2,1944,proportional,50,0.0,False,141.93885970115662,12.903532700105147,2.0,0.12717,2.0,0.8490019235663372,0.10638706666666667,0.0113568,2.736,124.515,2.7413333333333334,0.021973256234188655,1.0799643168580393,1.0353807264940476,1.1302192198738128,0.17008208340515496,0.1618122704032747,0.18181571426458124,0.0035470608025314435,0.0034232575412002637,0.0038290184685599036,0.6503525935810064,0.6395320476414114,0.6674453498265922,0.1295560698227579,0.12007227781474235,0.1547110453322761,2.0,2.0,2.0,1.8447837709158705,1.5038826163322954,1.9888439308269603,,,,1.0399305575550803,120
873,19,cost-level,laplace,quadratic,0.05,3,1945,proportional,50,0.0,False,144.32656717300415,13.12059701572765,2.0,0.12717,2.0,0.84390147779138,0.10624653333333334,0.011316,2.7893333333333334,124.58633333333333,2.7796666666666665,0.022388758531567136,1.0927555956659216,1.0459002339077703,1.1235829545390676,0.17400275294599782,0.16250348318143004,0.1851002686932844,0.0036358073445697187,0.003459856517465648,0.0038720272987885305,0.6555124851111451,0.6475899555638122,0.66380800007443,0.13927128066776256,0.1286549647217226,0.15728930956342854,2.0,2.0,2.0,1.8350700345840592,1.491582545731979,1.9897610264875079,,,,0.9613134431669028,132
874,19,cost-level,laplace,quadratic,0.05,4,1946,proportional,50,0.0,False,126.61886096000671,11.510805541818792,2.0,0.12717,2.0,0.8472260040456548,0.10491733333333333,0.011355333333333334,2.771,124.31866666666667,2.7613333333333334,0.022289492594300665,1.080934522331412,1.0335387956740283,1.1262113163971603,0.18151451102937122,0.16697668520689793,0.19337162416306372,0.0038434484510344977,0.003533643256822469,0.004090100591923218,0.6575205553774439,0.6434590630387654,0.6676594034166166,0.14674686469335818,0.13356765306514265,0.15308564398723332,2.0,2.0,2.0,1.8459225362269376,1.511139160963774,1.9916230666413095,,,,0.9953722114795563,151
875,19,cost-level,laplace,quadratic,0.1,0,1942,proportional,50,0.0,False,124.93343710899353,11.357585191726685,2.0,0.12717,2.0,0.8352530477973141,0.10505853333333333,0.014922133333333334,3.608,124.21166666666667,3.6106666666666665,0.029047190950930536,1.0735067450904592,1.0428752827557584,1.103730314851009,0.17948299171528886,0.1703746123015457,0.1878872846310089,0.0038075778022439483,0.00364433351505292,0.004036850398116531,0.6605166271053726,0.6506170456433259,0.6684098196769879,0.1829358120069747,0.17405101890177316,0.19735074463988495,2.0,2.0,2.0,1.8330824761205955,1.5005640369896807,1.9899383884953634,,,,0.9908042574911671,166
876,19,cost-level,laplace,quadratic,0.1,1,1943,proportional,50,0.0,False,120.50378608703613,10.954889644276012,2.0,0.12717,2.0,0.8426457119241014,0.1033472,0.014562266666666667,3.618,124.518,3.622,0.029056040090589312,1.0398629739728098,1.0019569112908757,1.0791200304573478,0.17266494955912784,0.16570763176795794,0.19753263077024996,0.003737822048682735,0.0035101540004553898,0.004383108671898602,0.6627781070260361,0.650069868977204,0.678094342636467,0.19705561548474043,0.18180090959487338,0.21518395166855536,2.0,2.0,2.0,1.8336321012364678,1.4921001094835065,1.9924913232418424,,,,0.8738509791120378,172
877,19,cost-level,laplace,quadratic,0.1,2,1944,proportional,50,0.0,False,121.1547863483429,11.014071486212991,2.0,0.12717,2.0,0.837814312620965,0.1022492,0.014620666666666667,3.707,124.15566666666666,3.7053333333333334,0.029857678666834916,1.0731094225516715,1.0398912486601137,1.117750730679448,0.1690029106191197,0.1611049114635259,0.1806220115367721,0.0035930311980252403,0.0034549269485581752,0.0038474127096738754,0.6536710924632008,0.642193734713428,0.6648162715120081,0.1830877183019254,0.1683774830476951,0.21704740375925108,2.0,2.0,3.0,1.8402918668422674,1.499139557338715,1.9931325441501695,,,,0.8994227774854402,177
878,19,cost-level,laplace,quadratic,0.1,3,1945,proportional,50,0.0,False,120.54534888267517,10.958668080243198,2.0,0.12717,2.0,0.83721628293503,0.10191906666666667,0.0146656,3.7263333333333333,124.45466666666667,3.735333333333333,0.02994129053684876,1.074338682709169,1.0505330698306192,1.1287183240787526,0.17250970900731982,0.16186121546079074,0.18467866034152838,0.0037569287557887637,0.003511160440861871,0.003931724271850161,0.657677144241034,0.6477320572266632,0.6651663010711416,0.19719749074519952,0.16675289754275474,0.21248304916998662,2.0,2.0,3.0,1.8520732219951679,1.5092652408915577,1.9943940157008673,,,,0.9238970152870545,161
879,19,cost-level,laplace,quadratic,0.1,4,1946,proportional,50,0.0,False,119.92133951187134,10.901939955624668,2.0,0.12717,2.0,0.8433762218920483,0.10053013333333333,0.014756,3.74,124.20433333333334,3.7346666666666666,0.030111670822005675,1.0769828099513612,1.0366273392971803,1.127716868218191,0.1800021672199585,0.16556231550877706,0.193045487070747,0.0038670493524716443,0.0036263585446586963,0.0040687162911149195,0.6578287410830702,0.6413717688502572,0.6709446242980515,0.18933471906156685,0.165439618372006,0.20560044961848575,2.0,2.0,3.0,1.852468478699255,1.5122498423727524,1.9944200949599065,,,,1.0327105598434267,181
880,19,cost-level,laplace,quadratic,0.2,0,1942,proportional,50,0.0,False,122.0752284526825,11.097748041152954,2.0,0.12717,2.0,0.8409689053830829,0.1007924,0.017325466666666667,4.298333333333333,124.078,4.303333333333334,0.0346421874412332,1.0649469344519091,1.0414387325161478,1.1198109673248289,0.18010785489973213,0.1713999546592485,0.18499921893730725,0.0038503040682007278,0.003677496146329,0.0040760830227962635,0.6559449403296449,0.6505659821451646,0.6671502317328696,0.2233199236396987,0.20145513183674993,0.24030111488550449,2.0,2.0,3.0,1.8590583045341218,1.4890433051839862,1.9969736501267232,,,,0.8530790811244684,195
881,19,cost-level,laplace,quadratic,0.2,1,1943,proportional,50,0.0,False,147.19073152542114,13.380975593220104,2.0,0.12717,2.0,0.8355801062408615,0.09907253333333334,0.016939466666666667,4.351333333333334,124.13933333333334,4.351666666666667,0.03505201144950029,1.0457136000933478,1.023433701429961,1.0939755638217303,0.1696995824026343,0.16342218178791532,0.1950839998146189,0.0039230916285927855,0.0035587365943080497,0.0041910232854571305,0.6595523663684508,0.6499072743161595,0.6783341960886873,0.23804400404032555,0.21624363042523567,0.2540527332852976,2.0,2.0,3.0,1.8565413964065351,1.4892896056985834,1.9960752231954801,,,,0.9719442126053205,193
882,19,cost-level,laplace,quadratic,0.2,2,1944,proportional,50,0.0,False,145.10837173461914,13.191670157692649,2.0,0.12717,2.0,0.8341746625304073,0.09806893333333333,0.017096133333333333,4.445,123.60066666666667,4.426666666666667,0.035962589198548015,1.052796481723313,1.0395006741666277,1.1436830930761301,0.17137778526695385,0.1597633194866015,0.17890405831430012,0.003729584105482248,0.0035058159209916374,0.0038595711260476923,0.6558050021632587,0.6441756912995189,0.665556030101706,0.2267134553729914,0.20879484628672024,0.24739301615673415,2.0,2.0,3.0,1.855307871787802,1.5004516603242122,1.9958652496278928,,,,0.9658788076029896,215
883,19,cost-level,laplace,quadratic,0.2,3,1945,proportional,50,0.0,False,121.83591866493225,11.075992605902933,2.0,0.12717,2.0,0.8367984000550581,0.09794093333333333,0.016928666666666668,4.4206666666666665,123.769,4.400666666666667,0.03571707508880791,1.0847081693692513,1.0615435010149477,1.1168459853881092,0.17311708329503112,0.16114767752899375,0.18288786681487187,0.0037884741350194175,0.0035413858255164167,0.003993934606963827,0.6527169403901589,0.6472490287352356,0.6618946157029937,0.23451662995428396,0.2254030863803587,0.25575435465766816,2.0,2.0,3.0,1.8544326860829077,1.4963896763265474,1.9951355850909354,,,,0.9023376016074349,208
884,19,cost-level,laplace,quadratic,0.2,4,1946,proportional,50,0.0,False,121.82182383537292,11.074711257761175,2.0,0.12717,2.0,0.8432257498981759,0.096876,0.016633333333333333,4.417333333333334,123.96,4.411666666666667,0.03563515112401851,1.0715102733594968,1.0374871412923234,1.121658658303595,0.1794095205981682,0.1667364901434129,0.19241415055822927,0.0038137387941687088,0.003615568579218259,0.004202327898049975,0.6593273027487907,0.6435157505425391,0.6692383259148107,0.2241641303287429,0.21411930577066265,0.24749645611576465,2.0,2.0,3.0,1.8504826211765666,1.5061973583365442,1.995177662906285,,,,0.9775483939843754,210
885,19,cost-level,laplace,quadratic,0.3,0,1942,proportional,50,0.0,False,159.93824410438538,14.539840373125942,2.0,0.12717,2.0,0.8410237057352545,0.0972156,0.0187464,4.774666666666667,123.73733333333334,4.765666666666666,0.03858711464069049,1.0733348678653205,1.0401916649131213,1.108942481662736,0.17737568806266155,0.16862895293270588,0.18545051563988668,0.0038664612527219643,0.0037490727500659087,0.004020016043670553,0.6578410354883737,0.651566783767632,0.667288310518419,0.24480472389337346,0.22286390738676926,0.27310749522730127,2.0,2.0,3.0,1.8770760541443299,1.5166028788776202,1.998473066298661,,,,0.9715442191671614,225
886,19,cost-level,laplace,quadratic,0.3,1,1943,proportional,50,0.0,False,125.17812705039978,11.379829731854526,2.0,0.12717,2.0,0.8432624386291323,0.0959572,0.017898,4.801333333333333,123.95933333333333,4.7956666666666665,0.03873313290917989,1.0785900569678673,1.003221478589665,1.115858281152751,0.16784161703271988,0.16299869580058063,0.19327695543139262,0.0036950035010559646,0.0035395547587824235,0.0041571771206856305,0.6541674751149408,0.6443884851090692,0.6715952761866069,0.2552025732409812,0.2398021513065506,0.268185763936107,2.0,2.0,3.0,1.86753819326613,1.4953651423721892,1.996895887932306,,,,0.8048774513794379,204
887,19,cost-level,laplace,quadratic,0.3,2,1944,proportional,50,0.0,False,126.7809853553772,11.52554412321611,2.0,0.12717,2.0,0.8441434543412943,0.09408426666666667,0.0186332,4.972,123.66933333333333,4.957,0.04020398481973435,1.0929002622551731,1.0360386801451849,1.1286790605656756,0.1654988063681621,0.1598577527222308,0.1761331272339377,0.003696774483605527,0.00346306466535431,0.003895251310290354,0.6491354467085868,0.6392544034980601,0.6624436735116273,0.2560457960818744,0.2333593024373839,0.2679681920196375,2.0,2.0,3.0,1.8839513021221703,1.52616535822118,1.9989661624789223,,,,0.9370740524603914,227
888,19,cost-level,laplace,quadratic,0.3,3,1945,proportional,50,0.0,False,128.42967796325684,11.675425269386984,2.0,0.12717,2.0,0.844548453658758,0.09451626666666667,0.018157333333333334,4.901666666666666,124.02033333333334,4.8966666666666665,0.03952308895584326,1.0827576382385402,1.0500976976249072,1.1074746110135985,0.172091958276252,0.15974988506537313,0.18315051477816816,0.003763967823559416,0.003544528001915971,0.004004977590871586,0.6528564755752012,0.6462046166856963,0.6622347995680766,0.24993971811858487,0.23145237058301132,0.265849482543835,2.0,2.0,3.0,1.881266541968498,1.5311964468725199,1.9988724713948613,,,,1.038322742425686,213
889,19,cost-level,laplace,quadratic,0.3,4,1946,proportional,50,0.0,False,124.23776626586914,11.294342387806285,2.0,0.12717,2.0,0.8478487281208444,0.09350066666666666,0.017970933333333335,4.855333333333333,123.84866666666667,4.844666666666667,0.03920375942682736,1.0939665234657325,1.035790791245816,1.1406106683344253,0.17658402264432094,0.16305757690291356,0.1890964253938078,0.0038695282870594176,0.003559186393439848,0.004073681130601612,0.6549678486433634,0.6423654830053307,0.6696320040377626,0.2550706586306137,0.2402290819478806,0.26861174151245787,2.0,2.0,3.0,1.8684949887081457,1.5112717682228851,1.9976013154994883,,,,0.944003601711901,229
890,19,cost-level,laplace,quadratic,0.4,0,1942,proportional,50,0.0,False,124.47017765045166,11.315470695495605,2.0,0.12717,2.0,0.8582641720531063,0.09564613333333333,0.019061866666666667,4.942666666666667,123.81166666666667,4.951666666666667,0.03992084752379286,1.0835720901826498,1.0515832058671373,1.0981436833550795,0.1783846811410642,0.16560953314565854,0.18603155844902455,0.003889544251955109,0.003685684627625782,0.004084324946337085,0.654949525102687,0.6497098118599786,0.6663907231865364,0.25529455650278327,0.24058563639851693,0.28207227668781526,2.0,2.0,3.0,1.8974002816296511,1.5383581279544403,1.9987847485715444,,,,1.042964188736477,221
891,19,cost-level,laplace,quadratic,0.4,1,1943,proportional,50,0.0,False,124.3229808807373,11.302089170976119,2.0,0.12717,2.0,0.8493589087967409,0.09406013333333334,0.018413866666666667,4.944,123.89966666666666,4.929,0.039903255053147846,1.0495017468037002,1.0233911979064794,1.1111272466164772,0.16926895202077458,0.160307997585295,0.19431114491941762,0.0036934554747909245,0.003467426040208577,0.004206569981808487,0.656225107525483,0.6436021373618157,0.6703969581063924,0.2567262641969825,0.2452228645882784,0.2756842369900824,2.0,2.0,3.0,1.8821853227502683,1.5239640174186162,1.9984146389593438,,,,0.8524481732685947,217
892,19,cost-level,laplace,quadratic,0.4,2,1944,proportional,50,0.0,False,124.1631715297699,11.2875610481609,2.0,0.12717,2.0,0.846886412196026,0.09297733333333333,0.0181756,5.081333333333333,123.30533333333334,5.072666666666667,0.04120935563749608,1.0955570443581182,1.0397114354359074,1.141637753183768,0.16122573048337432,0.15691721617086013,0.17453138122500697,0.0035271927767704008,0.003423432680468569,0.0038150875656959636,0.643828839887729,0.6337402325050429,0.6620272410219536,0.25173152934754295,0.23416894740375555,0.2627154589259391,2.0,2.0,3.0,1.8817072169708549,1.5320592459109612,1.9990517885462862,,,,0.9314621428702516,243
893,19,cost-level,laplace,quadratic,0.4,3,1945,proportional,50,0.0,False,124.94927906990051,11.359025369990956,2.0,0.12717,2.0,0.8599413087032678,0.09321573333333333,0.018191733333333335,4.987333333333333,123.73866666666666,4.993,0.04030537476832895,1.0899592442432005,1.0449769255382586,1.117686619018159,0.17112838003108788,0.1605556402825985,0.18175755569583055,0.0037782193534899593,0.0035604519305586753,0.003962976121160527,0.6524585416019648,0.6414119035221725,0.658796860558735,0.24617247190106223,0.23419924983227558,0.26436364531136747,2.0,2.0,3.0,1.8968943891589527,1.5546428275785518,1.9991028873154764,,,,0.9980181889567323,213
894,19,cost-level,laplace,quadratic,0.4,4,1946,proportional,50,0.0,False,123.26244378089905,11.205676707354458,2.0,0.12717,2.0,0.851363694372588,0.09181146666666666,0.017827866666666668,5.072,123.56266666666667,5.0553333333333335,0.04104799723756906,1.0868375351656878,1.0309851823746303,1.1339623827452388,0.17636059880753258,0.16260915062960346,0.18722439445461825,0.0038128155891276327,0.003543464942084176,0.0040458214477708315,0.6555667192336532,0.6392415726980879,0.6650084166698889,0.2491779579347355,0.2403615863805308,0.26611155553280674,2.0,2.0,3.0,1.8926342997731653,1.5302731087222066,1.9986616380561255,,,,0.8728814524123238,256
895,19,cost-level,laplace,quadratic,0.5,0,1942,proportional,50,0.0,False,165.49940276145935,15.045400251041759,2.0,0.12717,2.0,0.8618025229302821,0.0947284,0.0183684,4.917333333333334,124.04033333333334,4.898666666666666,0.03964301934048334,1.0840386503204715,1.0462403206395257,1.1225502955222457,0.17086540610235287,0.16598891475638386,0.18381024396578008,0.0037829754829639206,0.0036509076270067114,0.004025218455440295,0.652951793904548,0.6476620453003802,0.6606013214096645,0.2452704862902742,0.2320723201904449,0.26222239128627844,2.0,2.0,3.0,1.8969772637923836,1.5284918036235648,1.9982160019318729,,,,1.025206849171492,250
896,19,cost-level,laplace,quadratic,0.5,1,1943,proportional,50,0.0,False,155.641339302063,14.149212663823908,2.0,0.12717,2.0,0.8623601031136237,0.09353186666666667,0.017572133333333333,4.929333333333333,123.93366666666667,4.919,0.039773965104988956,1.070633808570011,1.0292887942276987,1.1032372076372305,0.1684776728032884,0.1569949959170479,0.19729814467495582,0.003739967572967511,0.0034129042425426097,0.004189305666058878,0.6554276083141843,0.6394569743661486,0.6691654993745457,0.2533227116311789,0.22653030078166222,0.2596555557490341,2.0,2.0,3.0,1.8926220923964936,1.5532768362938114,1.9981225754558607,,,,0.8799737935380818,222
897,19,cost-level,laplace,quadratic,0.5,2,1944,proportional,50,0.0,False,142.65977597236633,12.969070542942394,2.0,0.12717,2.0,0.8648526560551385,0.09259226666666667,0.017553866666666668,5.0,123.49033333333334,5.004333333333333,0.04048899913893395,1.094588836181043,1.0327555546648945,1.1322407116774345,0.16172807280390777,0.15417016457927252,0.1790798031316815,0.0035696047711348683,0.0034200728044705715,0.003875337770876439,0.642422725350196,0.6359724500010757,0.6616538390843574,0.24022022055305933,0.2258898533869386,0.26316094243563337,2.0,2.0,3.0,1.9046380334289503,1.5553947714942633,1.9994700701116894,,,,0.9633093440964755,225
898,19,cost-level,laplace,quadratic,0.5,3,1945,proportional,50,0.0,False,121.4745614528656,11.043141950260509,2.0,0.12717,2.0,0.8592458151083995,0.09234693333333334,0.0177908,5.003,123.76,5.0056666666666665,0.04042501616031028,1.097570987482475,1.0473434965306982,1.1393214478967884,0.1668745440933353,0.16199870752047255,0.18091445948013318,0.0036865098551414986,0.0035105850321058537,0.003915334552633782,0.6495668901943814,0.64093950363009,0.6567728993866134,0.2435428665296831,0.23645841964453762,0.2648900779491683,2.0,2.0,3.0,1.896382439766418,1.5426337713373124,1.9987491371309765,,,,0.9320290068121745,209
899,19,cost-level,laplace,quadratic,0.5,4,1946,proportional,50,0.0,False,121.04037737846375,11.00367067076943,2.0,0.12717,2.0,0.8636565733226212,0.09126506666666667,0.017448,4.996333333333333,123.23133333333334,4.997333333333334,0.04054434207750193,1.0824251209294917,1.048076308754521,1.1424134810149473,0.17647220461656946,0.15728138128655567,0.19161344296324778,0.0037994097872409635,0.003512608507014241,0.004129199458880468,0.6511596366597023,0.6376183706165116,0.6646549156698338,0.243937482328223,0.22780920229809287,0.2553829414889889,2.0,2.0,3.0,1.8966639802151144,1.533624120376426,1.9988075078142578,,,,0.8554465357720106,237
900,20,cost-level,laplace,exponential,0.0,0,2042,proportional,50,0.0,False,115.51873111724854,10.501702828840775,0.5,0.12717,,,0.11758546666666667,0.0,0.0,125.06033333333333,0.0,0.0,1.0459308701052645,1.0057881079710065,1.0710664124553648,0.17803424851457722,0.16997885986515304,0.19866416185730762,0.003560684970291544,0.00339957719730306,0.003973283237146154,0.6585159434153376,0.6464204617605297,0.6689775785443951,0.0,0.0,0.0,,,,,,,,,,,0
901,20,cost-level,laplace,exponential,0.0,1,2043,proportional,50,0.0,False,113.95788431167603,10.35980766469782,0.5,0.12717,,,0.11553893333333333,0.0,0.0,124.74433333333333,0.0,0.0,1.0316555575136226,1.0102286428376668,1.0579220393226219,0.18160982290552133,0.17396939374421244,0.1914558379285275,0.0036321964581104253,0.003479387874884248,0.0038291167585705515,0.6620056214082009,0.6541068491709364,0.6692299814486102,0.0,0.0,0.0,,,,,,,,,,,0
902,20,cost-level,laplace,exponential,0.0,2,2044,proportional,50,0.0,False,117.00769257545471,10.637062961404974,0.5,0.12717,,,0.1265392,0.0,0.0,125.02433333333333,0.0,0.0,1.0644644865258648,1.0216122452974465,1.095825106031455,0.17674767180255868,0.16720808208733717,0.1845588062681425,0.003534953436051172,0.003344161641746743,0.0036911761253628503,0.6565508246722478,0.6428151306345475,0.6660495589378341,0.0,0.0,0.0,,,,,,,,,,,0
903,20,cost-level,laplace,exponential,0.0,3,2045,proportional,50,0.0,False,113.06450915336609,10.278591741215099,0.5,0.12717,,,0.10526,0.0,0.0,124.96333333333334,0.0,0.0,1.074795480407559,1.04873538024545,1.1224587933525032,0.17671544231259256,0.16384029600011113,0.18909185631197317,0.003534308846251851,0.003276805920002222,0.0037818371262394626,0.6585549202868417,0.6394989274350499,0.6622847202536433,0.0,0.0,0.0,,,,,,,,,,,0
904,20,cost-level,laplace,exponential,0.0,4,2046,proportional,50,0.0,False,114.85856032371521,10.441687302155929,0.5,0.12717,,,0.11370813333333334,0.0,0.0,125.126,0.0,0.0,1.0890063097675136,1.0466783049346582,1.1337138736438541,0.17314857912823142,0.1540039689917393,0.18345054858384802,0.003462971582564627,0.0030800793798347846,0.003669010971676959,0.6481660567537231,0.6315917065493533,0.662526176503884,0.0,0.0,0.0,,,,,,,,,,,0
905,20,cost-level,laplace,exponential,0.01,0,2042,proportional,50,0.0,False,116.08967900276184,10.553607182069259,0.5,0.12717,,,0.1175832,2.266666666666667e-06,0.0003333333333333333,125.06,0.0003333333333333333,2.665387280771896e-06,1.0459308701052838,1.0057881079679851,1.0710664124553648,0.1780342485145155,0.16997885986515238,0.19866416185731373,0.0035606849702903096,0.0033995771973030467,0.003973283237146275,0.6585159434150816,0.6464204617608298,0.6689775785443952,0.0,0.0,0.0,,,,,,,,,,,0
906,20,cost-level,laplace,exponential,0.01,1,2043,proportional,50,0.0,False,114.01613354682922,10.365103049711747,0.5,0.12717,2.5,0.6350832438017248,0.1155328,6e-06,0.001,124.74433333333333,0.001,8.016396202365906e-06,1.031655585412169,1.0102286431446745,1.0579794992190017,0.18160986679022662,0.17396939128602623,0.19145583792852539,0.0036321973358045315,0.003479387825720525,0.0038291167585705094,0.6620056214081865,0.6541068660326457,0.6692305475337588,0.0,0.0,0.0,2.5,2.25,2.75,1.5566752833439284,1.4754865377944562,1.6378640288934005,,,,,0
907,20,cost-level,laplace,exponential,0.01,2,2044,proportional,50,0.0,False,120.20827603340149,10.92802509394559,0.5,0.12717,,,0.1265392,0.0,0.0,125.02433333333333,0.0,0.0,1.0644644865258648,1.0216122452974465,1.095825106031455,0.17674767180255868,0.16720808208733717,0.1845588062681425,0.003534953436051172,0.003344161641746743,0.0036911761253628503,0.6565508246722478,0.6428151306345475,0.6660495589378341,0.0,0.0,0.0,,,,,,,,,,,0
908,20,cost-level,laplace,exponential,0.01,3,2045,proportional,50,0.0,False,114.02125549316406,10.365568681196732,0.5,0.12717,,,0.10526,0.0,0.0,124.96333333333334,0.0,0.0,1.074795480407559,1.04873538024545,1.1224587933525032,0.17671544231259256,0.16384029600011113,0.18909185631197317,0.003534308846251851,0.003276805920002222,0.0037818371262394626,0.6585549202868417,0.6394989274350499,0.6622847202536433,0.0,0.0,0.0,,,,,,,,,,,0
909,20,cost-level,laplace,exponential,0.01,4,2046,proportional,50,0.0,False,115.29862928390503,10.481693571264094,0.5,0.12717,,,0.11370813333333334,0.0,0.0,125.126,0.0,0.0,1.0890063097675133,1.0466783049346582,1.1337138736438541,0.17314857912823142,0.15400396899173932,0.18345054858384835,0.003462971582564627,0.0030800793798347846,0.0036690109716769666,0.6481660567537232,0.6315917065493534,0.6625261765038841,0.0,0.0,0.0,,,,,,,,,,,0
910,20,cost-level,laplace,exponential,0.02,0,2042,proportional,50,0.0,False,118.33939576148987,10.758126887408169,0.5,0.12717,2.0,0.7460535751832318,0.11748293333333333,9.52e-05,0.017,125.073,0.016666666666666666,0.00013592062235654378,1.0460688072043807,1.005841242674501,1.0710107312676977,0.17806571547608474,0.16996618468175095,0.19864955727816522,0.0035614290367441907,0.003403509869506353,0.003973484949585482,0.6581678742192716,0.6464242426659159,0.6689867151702503,0.00036273335980603323,0.0,0.001088002578224853,2.0,2.0,2.0,1.6017021588434952,1.3743879435224882,1.9083358847808163,,,,0.8556541237205272,1
911,20,cost-level,laplace,exponential,0.02,1,2043,proportional,50,0.0,False,135.35834860801697,12.305304418910634,0.5,0.12717,2.0,0.8055758276113775,0.11541266666666666,0.00012226666666666667,0.021666666666666667,124.76966666666667,0.021,0.00017365331851491682,1.0309169997724796,1.0101315644654234,1.05799133528711,0.1815718029834062,0.173887004674235,0.19145072245017597,0.0036331220600795107,0.0034814951446800685,0.003829168025723002,0.661323040515019,0.6533901981710926,0.6686368622856549,0.0003438662223421001,0.0001276237803811205,0.002038661759062123,2.0,2.0,2.0,1.611151655222755,1.2892025875216495,1.9317383882402985,,,,1.1534005651632497,2
912,20,cost-level,laplace,exponential,0.02,2,2044,proportional,50,0.0,False,120.06718730926514,10.91519884629683,0.5,0.12717,2.0,0.7953346290696046,0.12632333333333334,0.000212,0.03333333333333333,124.91266666666667,0.03266666666666666,0.00026685310803814934,1.0644513810652463,1.021613641766681,1.0960282323872177,0.17676546493364553,0.16722064856459934,0.18458482144010582,0.003535565117011758,0.003347798771487412,0.003692574719765438,0.655825098859428,0.6421380664202995,0.6656574307759543,0.0018302532679722754,0.0004247204981429212,0.0035936888322008827,2.0,2.0,2.0,1.5906692581392092,1.3060937884257684,1.850240901109173,,,,0.6496086190782873,5
913,20,cost-level,laplace,exponential,0.02,3,2045,proportional,50,0.0,False,115.30401372909546,10.482183066281406,0.5,0.12717,2.0,0.855124384461582,0.1052384,2.12e-05,0.004333333333333333,124.986,0.004,3.467054976824071e-05,1.0747946600851561,1.0487206273105172,1.1224206261772305,0.17671553192017725,0.16384047135951735,0.18909762809536865,0.003534310638403545,0.003276809427190346,0.0037819564432375083,0.6582281675968455,0.6394991686497946,0.6622847496719536,0.0,0.0,7.630200000000002e-05,2.0,2.0,2.0,1.710248768923164,1.5984477080813617,1.9502980826262732,,,,1.1802853626676175,1
914,20,cost-level,laplace,exponential,0.02,4,2046,proportional,50,0.0,False,118.82148718833923,10.801953380758112,0.5,0.12717,2.0,0.849807402321284,0.1136172,9.04e-05,0.017666666666666667,124.96266666666666,0.017333333333333333,0.00014137555749983997,1.0889820615604429,1.0466653771167784,1.133693774719271,0.1731463918204903,0.15398502087902177,0.18345045301548074,0.0034632434178164142,0.0030797280596486613,0.0036692681473422094,0.6477802282406787,0.631272025264856,0.6619658281898179,0.0007608271778392281,3.6853691630952096e-05,0.0014070504562611684,2.0,2.0,2.0,1.7654150320942923,1.4018628464372862,1.932987139422263,,,,1.2069368406302938,1
915,20,cost-level,laplace,exponential,0.05,0,2042,proportional,50,0.0,False,118.6439733505249,10.785815759138627,0.5,0.12717,2.0,0.8749536522010387,0.11365346666666666,0.003765066666666667,0.7456666666666667,125.124,0.7486666666666667,0.005959421587118912,1.0468661170668812,1.0071504361577865,1.076635813623184,0.17807696238559856,0.1698072150414865,0.19827704706930466,0.003587911215176865,0.003415897414253125,0.003985196948581552,0.6585768777094632,0.6467569354574478,0.6685382787835333,0.03614506312485126,0.028807652583264974,0.040105673768712734,2.0,2.0,2.0,1.8221955763594013,1.5022397567498578,1.9790146744942945,,,,1.232817779482104,37
916,20,cost-level,laplace,exponential,0.05,1,2043,proportional,50,0.0,False,117.91522693634033,10.719566085121848,0.5,0.12717,2.0,0.8769261941297464,0.11165266666666666,0.0037156,0.773,124.89033333333333,0.7743333333333333,0.00618943019342303,1.0355624306628703,1.0112229570992854,1.0621534728973714,0.181377573606331,0.17398097066621135,0.19124380359136706,0.0036595142929331543,0.003524759454816955,0.003839540862681179,0.6617179617942124,0.6546477349279951,0.6685885357181655,0.03535100730590286,0.028762306067561475,0.03941155561616205,2.0,2.0,2.0,1.8254996413152191,1.4909057147031373,1.9772573547530845,,,,1.1819003503062913,42
917,20,cost-level,laplace,exponential,0.05,2,2044,proportional,50,0.0,False,120.85998845100403,10.987271677364003,0.5,0.12717,2.0,0.8490531294199472,0.1205972,0.0056762666666666664,1.1626666666666667,124.411,1.1613333333333333,0.009345368710698144,1.0630136496374445,1.0247408137057814,1.101822627974884,0.17650566229327003,0.1668185963286708,0.1845121213401446,0.003586700769119687,0.003430972223035976,0.0037374620758692427,0.6567821166541722,0.6461079815114423,0.6680123251361992,0.06006166740743459,0.049423738615299466,0.07469013255349619,2.0,2.0,2.0,1.8119651550211138,1.4395251503689457,1.9797821626208427,,,,0.8505518137033445,67
918,20,cost-level,laplace,exponential,0.05,3,2045,proportional,50,0.0,False,114.74349355697632,10.431226686997848,0.5,0.12717,2.0,0.8582714520715529,0.10278946666666666,0.0023521333333333333,0.515,124.70633333333333,0.5226666666666666,0.004129702046674988,1.0824082662826169,1.0519362652424604,1.1154879427538196,0.17688206203514834,0.1638293616217629,0.18917610491586084,0.0035572951070983595,0.003294105187649188,0.0037931770296560146,0.658322424622706,0.6396071358325337,0.6621305823182457,0.022806919110231857,0.019374620397299404,0.03017024268420153,2.0,2.0,2.0,1.8254920072835725,1.4633588303172929,1.9818940736488575,,,,1.2815156058046082,16
919,20,cost-level,laplace,exponential,0.05,4,2046,proportional,50,0.0,False,122.52208161354065,11.138371055776423,0.5,0.12717,2.0,0.8611223674960972,0.1100824,0.0034738666666666667,0.7543333333333333,124.92533333333333,0.7583333333333333,0.0060382735287211565,1.0988572062504818,1.052034419917744,1.1326869159983244,0.17305250993083268,0.1534676610235469,0.18276466317495157,0.0034932387137531565,0.00309443847334778,0.0036887687966014023,0.6472610338877578,0.6322755682950331,0.6629200659304648,0.03348895708000586,0.027792024802472066,0.03791503750282826,2.0,2.0,2.0,1.8219865140803797,1.5188924977507798,1.980796494853603,,,,0.935041834409924,43
920,20,cost-level,laplace,exponential,0.1,0,2042,proportional,50,0.0,False,125.8862783908844,11.444207126444036,0.5,0.12717,2.0,0.8667045239119204,0.10693706666666666,0.009756133333333333,2.271333333333333,124.54766666666667,2.275,0.01823665905690726,1.0423777793028957,1.0105184683108024,1.0892864703901364,0.1778859833825568,0.16858781043895327,0.197607212421495,0.0036252451305050283,0.0034761499722720775,0.0040869300374323835,0.6591479206055364,0.6488944279807871,0.6706939744286962,0.10103385531063049,0.09310522440150087,0.11424253367408023,2.0,2.0,2.0,1.857521832966701,1.5507872045351143,1.9912383799153106,,,,0.9434597511870775,110
921,20,cost-level,laplace,exponential,0.1,1,2043,proportional,50,0.0,False,125.75484108924866,11.432258280840786,0.5,0.12717,2.0,0.8697405998574467,0.10513333333333333,0.009412533333333334,2.2506666666666666,124.38066666666667,2.2546666666666666,0.018094987967047397,1.0354370119901515,1.0123437268054638,1.0578588192257259,0.18129117489120183,0.1736729604530208,0.19038858684564813,0.003740722664989794,0.0035728951166406394,0.0038927535888001806,0.6645350693169217,0.6557539240131768,0.6698991128391543,0.10785816553215187,0.0949443950176025,0.12209740603189777,2.0,2.0,2.0,1.8589032503123761,1.5475785615644857,1.9902011316961816,,,,1.059653039857237,106
922,20,cost-level,laplace,exponential,0.1,2,2044,proportional,50,0.0,False,126.12432479858398,11.46584770896218,0.5,0.12717,2.0,0.8555753825250572,0.1138748,0.011502,2.477333333333333,124.17866666666667,2.473333333333333,0.019949749822835913,1.0596796434944085,1.0337972056305214,1.0914958782956494,0.17672539336951715,0.165730166361199,0.1850203905066108,0.003649255972006709,0.0035110793556029666,0.003847111627738921,0.6600820489511361,0.6470237655110963,0.6691575532109812,0.12458356275545757,0.11766611668221108,0.1425789201721691,2.0,2.0,2.0,1.8396724061146492,1.5123069031221446,1.9862884380005044,,,,0.9172667588504669,130
923,20,cost-level,laplace,exponential,0.1,3,2045,proportional,50,0.0,False,135.40357637405396,12.309416034004904,0.5,0.12717,2.0,0.8629051476807843,0.09732986666666667,0.007235733333333333,1.958,124.644,1.9596666666666667,0.015708738487211577,1.0822960902271432,1.0565576959274687,1.1289146660988485,0.1760597241779372,0.16390869301492106,0.1891782691522662,0.0036192415063465494,0.003352772769822412,0.0038446601660485306,0.6573172070104626,0.641265787644543,0.6630419031779199,0.07868054834628035,0.06990416073677563,0.08640617479696024,2.0,2.0,2.0,1.8549957239308108,1.5437520653172794,1.9910691026604315,,,,0.9553636408451608,95
924,20,cost-level,laplace,exponential,0.1,4,2046,proportional,50,0.0,False,137.23316073417664,12.47574188492515,0.5,0.12717,2.0,0.8636402558472325,0.10365306666666667,0.0091404,2.2596666666666665,124.588,2.2536666666666667,0.01813711325863379,1.097494835156308,1.049015717628896,1.1422882563751577,0.17284886326598936,0.1526465743842778,0.18415809268772398,0.003561742337875565,0.0031718226886887843,0.003774445142211982,0.6525218994402981,0.6356379692805809,0.66107867611662,0.10351951272715065,0.08832541932471691,0.1200496898057497,2.0,2.0,2.0,1.852223003398981,1.5381017900703933,1.9912735763759633,,,,0.8145618700015855,124
925,20,cost-level,laplace,exponential,0.2,0,2042,proportional,50,0.0,False,137.44900679588318,12.495364254171198,0.5,0.12717,2.0,0.8599013487609448,0.10129826666666666,0.013693866666666667,3.4623333333333335,124.21333333333334,3.4566666666666666,0.027874087591240874,1.0446483443693289,1.0154666771875949,1.0843049420795852,0.17741934274584353,0.16838773436600296,0.1941669582385203,0.0037499077273106156,0.0035395968782858237,0.004070305578226947,0.6595100211520002,0.6473924354129914,0.6700107692421645,0.17089699282063658,0.15363506476916478,0.1860297737341327,2.0,2.0,2.0,1.8562975522770597,1.5242999986313799,1.9927509606082623,,,,0.9384380008387601,154
926,20,cost-level,laplace,exponential,0.2,1,2043,proportional,50,0.0,False,136.38198590278625,12.398362354798751,0.5,0.12717,2.0,0.8654188765123643,0.0992696,0.013571466666666667,3.492,124.087,3.4913333333333334,0.028141545850894935,1.0355369201966904,1.0147221781981783,1.0701945867159295,0.17943736418792258,0.17083296325040012,0.1888429893009663,0.0038175538021017865,0.0036105975019529706,0.003978335330471736,0.6639961226122562,0.6562193952918156,0.6707428340689556,0.1630434611808897,0.14758878079339827,0.1906678546686208,2.0,2.0,3.0,1.8740679253319013,1.5619462005634546,1.9950249928739607,,,,0.9763485515093944,176
927,20,cost-level,laplace,exponential,0.2,2,2044,proportional,50,0.0,False,123.25104403495789,11.204640366814353,0.5,0.12717,2.0,0.8534729029769109,0.10791173333333333,0.015634666666666668,3.5566666666666666,123.83133333333333,3.5516666666666667,0.02872186361017944,1.0705847477925317,1.0418342181304292,1.1138183967050441,0.17539424617097038,0.16475436448211014,0.18418989639748967,0.0037274120212259405,0.003553636281209833,0.0039198226447682075,0.6587625244254306,0.6484866422098563,0.669629982326798,0.17893106806852765,0.16015701924172498,0.2013066746760297,2.0,2.0,3.0,1.8702297094409257,1.5275382699654974,1.996454211262157,,,,0.8947162673467121,184
928,20,cost-level,laplace,exponential,0.2,3,2045,proportional,50,0.0,False,118.84017300605774,10.803652091459794,0.5,0.12717,2.0,0.8647643583850799,0.09105186666666666,0.011874266666666666,3.4386666666666668,124.18366666666667,3.4523333333333333,0.027690168594366946,1.0736108396705588,1.0577544945664858,1.1241665063857367,0.17502498688430002,0.16208979191200673,0.18942899391751106,0.0036691385394795276,0.0034895083828733976,0.003931511061499047,0.6571561211245514,0.64050139676048,0.6626756305777269,0.16051725403762582,0.14197986233073911,0.1686507715379244,2.0,2.0,2.0,1.8800149506757728,1.540367121001849,1.9960227192066737,,,,0.9031229671587736,136
929,20,cost-level,laplace,exponential,0.2,4,2046,proportional,50,0.0,False,121.68994808197021,11.062722552906383,0.5,0.12717,2.0,0.8608402540079216,0.0978924,0.013194533333333333,3.565,124.066,3.566333333333333,0.02873470572114842,1.0962362853617742,1.043105958807873,1.1435409622070827,0.17116860390185834,0.15446073866485932,0.18022437825725138,0.0035658479516692968,0.0032906883229164826,0.0037851639271611988,0.6491951189136387,0.6358085820979239,0.6606663202494147,0.16937916647838042,0.15341664257759696,0.183698313823688,2.0,2.0,3.0,1.8745055380325308,1.5602024886327106,1.9956521496908153,,,,1.0371692074026155,168
930,20,cost-level,laplace,exponential,0.3,0,2042,proportional,50,0.0,False,125.99099397659302,11.45372672514482,0.5,0.12717,2.0,0.8658903014825374,0.0980192,0.015340666666666667,3.9956666666666667,124.21366666666667,3.9963333333333333,0.03216768954570216,1.0452582255657106,1.0218998017873477,1.0930812761033233,0.17775731379358023,0.16791581446854098,0.19345938600447962,0.003805512841141426,0.0036525627744025723,0.004032525588725577,0.6574830785297461,0.6511696937882353,0.6689310472904351,0.1900933673476392,0.17466282734647942,0.19920763854527324,2.0,2.0,3.0,1.8807343158300318,1.5597213962845915,1.9968588957216271,,,,0.9252758541802297,166
931,20,cost-level,laplace,exponential,0.3,1,2043,proportional,50,0.0,False,125.25911784172058,11.387192531065507,0.5,0.12717,2.0,0.8668977764392876,0.09621093333333333,0.0150452,4.005,123.85066666666667,4.006,0.03233733097924382,1.0428037895870654,1.022781270693696,1.0568020847654995,0.17912993875658467,0.1713151206947725,0.18993261908013526,0.003811637978121574,0.0036026080523077156,0.004045557301281416,0.6628404570362456,0.6515680619589753,0.6687933511556627,0.18614354464561594,0.17362926558288871,0.20207433828856675,2.0,2.0,3.0,1.89370896970308,1.5564517113105483,1.9978013754216124,,,,1.0347119655923667,190
932,20,cost-level,laplace,exponential,0.3,2,2044,proportional,50,0.0,False,126.75953078269958,11.523593707518144,0.5,0.12717,2.0,0.8596495736692216,0.10438693333333333,0.017103866666666665,4.082666666666666,123.97233333333334,4.075333333333333,0.03293207893158957,1.067684372813931,1.0423221205980189,1.1235415131893798,0.17038287066251398,0.16192647745966243,0.1773804820729024,0.0037106502431261913,0.0035459838470064215,0.0038556824948915687,0.6570718276770918,0.6477512853194453,0.666357163429112,0.20732486663996152,0.18899633238736563,0.2317748602064133,2.0,2.0,3.0,1.8844779079276681,1.5580123730278181,1.9972870041670245,,,,0.8010301596516414,208
933,20,cost-level,laplace,exponential,0.3,3,2045,proportional,50,0.0,False,118.2452003955841,10.749563672325827,0.5,0.12717,2.0,0.8657317244183544,0.08807866666666667,0.013146533333333333,3.999,124.00266666666667,4.0,0.0322493064665276,1.0851601231778314,1.064212135736064,1.1364503260809902,0.17521129640481098,0.16071178425570584,0.18769743296241986,0.003798300558531445,0.0034387993916999886,0.003946057335608111,0.6569261447124346,0.639469841595615,0.6616829411938734,0.18156253771856384,0.15696435111021176,0.20015929123675164,2.0,2.0,3.0,1.8788235700876896,1.5695563315318917,1.996326044800714,,,,0.9446698780803195,174
934,20,cost-level,laplace,exponential,0.3,4,2046,proportional,50,0.0,False,120.11881947517395,10.919892679561269,0.5,0.12717,2.0,0.8538961884322029,0.09407146666666667,0.0150176,4.141,123.97133333333333,4.138333333333334,0.0334028834623058,1.1067686454086214,1.0534726292766232,1.153807068892973,0.16844722719871294,0.15110001554280053,0.18228046073354615,0.003598219505377716,0.0032965806694854344,0.0038726883129905944,0.6493933247750201,0.6316687358071372,0.6604318579558548,0.20379576499610902,0.17706420692301864,0.21479198863776028,2.0,2.0,3.0,1.873791994027767,1.530781150532175,1.9966949161514742,,,,0.9373650006299807,188
935,20,cost-level,laplace,exponential,0.4,0,2042,proportional,50,0.0,False,120.22377848625183,10.929434407841075,0.5,0.12717,2.0,0.8762173441998702,0.09588306666666667,0.01578186666666667,4.231,123.97433333333333,4.245333333333333,0.03412803187756605,1.0515147903824817,1.0156913094109687,1.0985597707894872,0.1740969110244947,0.16816105536216708,0.19643811853207735,0.003723709827840836,0.0035485254280580984,0.004132537112391476,0.6562259977781146,0.6489598370135741,0.671144684604823,0.19282156458280791,0.1751028662497496,0.20482870443904927,2.0,2.0,3.0,1.907627423344782,1.5886710103012236,1.998723586163033,,,,0.8518234972142127,176
936,20,cost-level,laplace,exponential,0.4,1,2043,proportional,50,0.0,False,121.4726619720459,11.04296927018599,0.5,0.12717,2.0,0.8764654435837693,0.09404626666666667,0.015464533333333334,4.226666666666667,124.05366666666667,4.230666666666667,0.03407127560383812,1.0447172420154507,1.0151451827716038,1.0656252194458726,0.17636389405137487,0.17112703551224415,0.19032094089969728,0.0038005018673041495,0.0036333337937136667,0.004033605502690362,0.6610481086401288,0.6530516524663545,0.6692354997601538,0.19731867628787922,0.18005188468569233,0.20771107058347865,2.0,2.0,3.0,1.9050221754556285,1.5809223855359833,1.998147703440046,,,,0.9756078943982052,195
937,20,cost-level,laplace,exponential,0.4,2,2044,proportional,50,0.0,False,122.30978345870972,11.119071223519065,0.5,0.12717,2.0,0.8752511018007625,0.10221386666666667,0.017651866666666665,4.281,123.64933333333333,4.270333333333333,0.034622103367587906,1.0786580564319719,1.0385284163464512,1.1089141707703518,0.17270900031609426,0.16234310434413124,0.18147147938136973,0.0037395021161648204,0.003606018475042906,0.003953697916813735,0.6559263724148763,0.6464949049426609,0.6669919229274901,0.22123500253464704,0.20402886234225004,0.23504687999291018,2.0,2.0,3.0,1.9055182007063207,1.5791404391246564,1.998866826762784,,,,0.8775294497284685,197
938,20,cost-level,laplace,exponential,0.4,3,2045,proportional,50,0.0,False,118.869948387146,10.806358944286,0.5,0.12717,2.0,0.87414409487014,0.08650013333333334,0.013346533333333334,4.2603333333333335,123.96066666666667,4.267,0.03436842869512372,1.0998178561120198,1.0516400399964847,1.1602278349327235,0.17422533936509205,0.15845734008192464,0.18583871380478834,0.0037182285925094144,0.003398494130282199,0.0039197145368588815,0.6548016850627902,0.6340315869397039,0.661387284166253,0.19275334166952074,0.17304550153461037,0.20686387413949225,2.0,2.0,3.0,1.892404907060079,1.570100745918427,1.9969245539289884,,,,0.9396299025285929,177
939,20,cost-level,laplace,exponential,0.4,4,2046,proportional,50,0.0,False,120.49178266525269,10.95379842411388,0.5,0.12717,2.0,0.8676650853881586,0.0923356,0.015446266666666666,4.368333333333333,123.83733333333333,4.365666666666667,0.0352747690518745,1.1191606593086079,1.059556664236338,1.1617171992833046,0.1693006585949889,0.14973279771570053,0.18221698385606366,0.00361260972947958,0.0032319200498697395,0.0037799537478609485,0.6456181848634737,0.6301963004145767,0.655207287333215,0.20032473429726672,0.1853653370789793,0.2139162714144005,2.0,2.0,3.0,1.8966077189644484,1.5570003648598185,1.9984357587147041,,,,0.943870539771971,214
940,20,cost-level,laplace,exponential,0.5,0,2042,proportional,50,0.0,False,120.35090327262878,10.940991206602616,0.5,0.12717,2.0,0.8821954997801364,0.09553133333333333,0.0151644,4.198,123.83533333333334,4.189,0.033899856260733344,1.0667295086804671,1.0326716027565204,1.1125864729036068,0.17519196751582422,0.16869057268633192,0.18618914941293435,0.003749472300478559,0.0035854205541396176,0.004051222580673562,0.6535456711798565,0.6451733956029986,0.6635438500544971,0.19465843967979918,0.1686041022094505,0.22252373429269157,2.0,2.0,3.0,1.9123353934247698,1.5961948945257844,1.9987649201428388,,,,0.9850141173511355,187
941,20,cost-level,laplace,exponential,0.5,1,2043,proportional,50,0.0,False,122.09242558479309,11.099311416799372,0.5,0.12717,2.0,0.885575044755332,0.09357106666666666,0.014686666666666667,4.215333333333334,123.93066666666667,4.23,0.03401364203640746,1.0495334070075568,1.0236391014549686,1.0898922960169382,0.17690317428207744,0.16581941666812433,0.1871207376185269,0.00371194118338857,0.0035805647116178203,0.00409366699799449,0.6578295201899398,0.6466440277273173,0.6685447353872894,0.19608583909710303,0.17404969693269295,0.20173752383748794,2.0,2.0,3.0,1.9106125096568307,1.6037505144449555,1.9982333436271293,,,,0.9208688437275131,203
942,20,cost-level,laplace,exponential,0.5,2,2044,proportional,50,0.0,False,124.14172768592834,11.285611607811667,0.5,0.12717,2.0,0.8828224267017826,0.1017112,0.0170424,4.292666666666666,123.644,4.289666666666666,0.03471795369501687,1.082073249582693,1.0604410134675306,1.104404996331692,0.17177343299763254,0.16234648635612706,0.17898959206948864,0.0037103960716062586,0.0035174759933686755,0.0038247943196435485,0.6545650944763055,0.6451887463718105,0.6640428547975954,0.2081517796545057,0.18304974167859228,0.22036505450974295,2.0,2.0,3.0,1.917630998395889,1.5971950509575774,1.9989983316153266,,,,0.9408019875950111,214
943,20,cost-level,laplace,exponential,0.5,3,2045,proportional,50,0.0,False,120.18974137306213,10.926340124823831,0.5,0.12717,2.0,0.8776127006313662,0.08636906666666666,0.012954,4.098333333333334,123.92833333333333,4.109,0.03307018841534758,1.0937991668493465,1.068119571789752,1.1271529602888233,0.17375574505156927,0.1612056959389478,0.18717326589493774,0.0036407742848951867,0.003518129875524065,0.0039001176611980753,0.6537557585224065,0.6405460523941765,0.6592007227337522,0.17776084978983414,0.15263397688180996,0.20162905226328465,2.0,2.0,3.0,1.911470460907857,1.583945582321991,1.998411801113546,,,,0.8638732197532264,175
944,20,cost-level,laplace,exponential,0.5,4,2046,proportional,50,0.0,False,122.11042976379395,11.100948160344904,0.5,0.12717,2.0,0.8829089816185319,0.09247933333333333,0.014497733333333334,4.285666666666667,124.02733333333333,4.279333333333334,0.03455421116850587,1.0988417045129397,1.0643463127344717,1.1321984217833814,0.17069855437284387,0.1552711055729638,0.18052698452110943,0.0035952016572788088,0.0032624617365744073,0.0038934936245224013,0.6457747890106258,0.6322293681573884,0.6555319548246858,0.1941290214223258,0.17874642964087437,0.20084312345837235,2.0,2.0,3.0,1.9031079023509134,1.5881485369689794,1.9979660469015126,,,,1.0210542270656595,191
945,21,cost-level,laplace,exponential,0.0,0,2142,proportional,50,0.0,False,117.72464108467102,10.702240098606456,2.0,0.12717,,,0.12217253333333333,0.0,0.0,125.01066666666667,0.0,0.0,1.0574691059604233,1.0284446306503476,1.0825012240365686,0.1815089065097999,0.170822623206686,0.18999258389553952,0.0036301781301959976,0.0034164524641337192,0.0037998516779107895,0.6578465644757621,0.6475649490196458,0.6670522419325683,0.0,0.0,0.0,,,,,,,,,,,0
946,21,cost-level,laplace,exponential,0.0,1,2143,proportional,50,0.0,False,118.08340787887573,10.734855261715976,2.0,0.12717,,,0.12229053333333334,0.0,0.0,125.03033333333333,0.0,0.0,1.0300625221001403,0.9982010669414043,1.073626501483079,0.18295389475803764,0.1737318772752795,0.19954978572940613,0.0036590778951607512,0.0034746375455055895,0.003990995714588122,0.6584683655074741,0.6528699563034288,0.6705310431774802,0.0,0.0,0.0,,,,,,,,,,,0
947,21,cost-level,laplace,exponential,0.0,2,2144,proportional,50,0.0,False,118.83842658996582,10.80349332636053,2.0,0.12717,,,0.13018693333333334,0.0,0.0,124.76633333333334,0.0,0.0,1.0744854211120747,1.0215264986928023,1.1076218710207189,0.18402341883114348,0.171258466904933,0.200402950392038,0.00368046837662287,0.003425169338098658,0.00400805900784076,0.6586865556849908,0.6478310289654713,0.6718006084017674,0.0,0.0,0.0,,,,,,,,,,,0
948,21,cost-level,laplace,exponential,0.0,3,2145,proportional,50,0.0,False,118.20841884613037,10.746219895102762,2.0,0.12717,,,0.12593653333333332,0.0,0.0,125.14533333333334,0.0,0.0,1.056142435541526,1.0029459782205616,1.0985179155850262,0.177526061536123,0.16897307713794676,0.1956804492789908,0.0035505212307224586,0.003379461542758935,0.003913608985579815,0.662200341640625,0.6451894374331488,0.6683657590535529,0.0,0.0,0.0,,,,,,,,,,,0
949,21,cost-level,laplace,exponential,0.0,4,2146,proportional,50,0.0,False,115.91742324829102,10.537947568026455,2.0,0.12717,,,0.1137588,0.0,0.0,125.11666666666666,0.0,0.0,1.0593430809757247,1.0326982008942094,1.074781126698669,0.18536564861038649,0.17191181203475975,0.19763222892325324,0.00370731297220773,0.0034382362406951946,0.003952644578465065,0.6587795246425097,0.6479634523196963,0.670555431314064,0.0,0.0,0.0,,,,,,,,,,,0
950,21,cost-level,laplace,exponential,0.01,0,2142,proportional,50,0.0,False,116.28796720504761,10.571633382277055,2.0,0.12717,,,0.12217253333333333,0.0,0.0,125.01066666666667,0.0,0.0,1.0574691059604233,1.0284446306503476,1.0825012240365686,0.1815089065097999,0.170822623206686,0.18999258389553952,0.0036301781301959976,0.0034164524641337192,0.0037998516779107895,0.6578465644757621,0.6475649490196458,0.6670522419325683,0.0,0.0,0.0,,,,,,,,,,,0
951,21,cost-level,laplace,exponential,0.01,1,2143,proportional,50,0.0,False,116.7412600517273,10.612841822884299,2.0,0.12717,,,0.12229053333333334,0.0,0.0,125.03033333333333,0.0,0.0,1.0300625221001403,0.9982010669414043,1.073626501483079,0.18295389475803764,0.1737318772752795,0.19954978572940613,0.0036590778951607512,0.0034746375455055895,0.003990995714588122,0.6584683655074741,0.6528699563034288,0.6705310431774802,0.0,0.0,0.0,,,,,,,,,,,0
952,21,cost-level,laplace,exponential,0.01,2,2144,proportional,50,0.0,False,118.88545823097229,10.80776893008839,2.0,0.12717,,,0.13018693333333334,0.0,0.0,124.76633333333334,0.0,0.0,1.0744854211120747,1.0215264986928023,1.1076218710207189,0.18402341883114348,0.171258466904933,0.200402950392038,0.00368046837662287,0.003425169338098658,0.00400805900784076,0.6586865556849908,0.6478310289654713,0.6718006084017674,0.0,0.0,0.0,,,,,,,,,,,0
953,21,cost-level,laplace,exponential,0.01,3,2145,proportional,50,0.0,False,117.37727403640747,10.670661276037043,2.0,0.12717,,,0.12593653333333332,0.0,0.0,125.14533333333334,0.0,0.0,1.056142435541526,1.0029459782205616,1.0985179155850262,0.177526061536123,0.16897307713794676,0.1956804492789908,0.0035505212307224586,0.003379461542758935,0.003913608985579815,0.662200341640625,0.6451894374331488,0.6683657590535529,0.0,0.0,0.0,,,,,,,,,,,0
954,21,cost-level,laplace,exponential,0.01,4,2146,proportional,50,0.0,False,117.22620391845703,10.656927628950639,2.0,0.12717,,,0.1137588,0.0,0.0,125.11666666666666,0.0,0.0,1.0593430809757247,1.0326982008942094,1.074781126698669,0.18536564861038649,0.17191181203475975,0.19763222892325324,0.00370731297220773,0.0034382362406951946,0.003952644578465065,0.6587795246425097,0.6479634523196963,0.670555431314064,0.0,0.0,0.0,,,,,,,,,,,0
955,21,cost-level,laplace,exponential,0.02,0,2142,proportional,50,0.0,False,117.6617374420166,10.696521585637873,2.0,0.12717,,,0.12217253333333333,0.0,0.0,125.01066666666667,0.0,0.0,1.0574691059604233,1.0284446306503476,1.0825012240365686,0.1815089065097999,0.170822623206686,0.18999258389553952,0.0036301781301959976,0.0034164524641337192,0.0037998516779107895,0.6578465644757621,0.6475649490196458,0.6670522419325683,0.0,0.0,0.0,,,,,,,,,,,0
956,21,cost-level,laplace,exponential,0.02,1,2143,proportional,50,0.0,False,116.96606636047363,10.633278760043057,2.0,0.12717,,,0.12229053333333334,0.0,0.0,125.03033333333333,0.0,0.0,1.0300625221001403,0.9982010669414043,1.073626501483079,0.18295389475803764,0.1737318772752795,0.19954978572940613,0.0036590778951607512,0.0034746375455055895,0.003990995714588122,0.6584683655074741,0.6528699563034288,0.6705310431774802,0.0,0.0,0.0,,,,,,,,,,,0
957,21,cost-level,laplace,exponential,0.02,2,2144,proportional,50,0.0,False,117.78849506378174,10.70804500579834,2.0,0.12717,,,0.13018693333333334,0.0,0.0,124.76633333333334,0.0,0.0,1.0744854211120747,1.0215264986928023,1.1076218710207189,0.18402341883114348,0.171258466904933,0.200402950392038,0.00368046837662287,0.003425169338098658,0.00400805900784076,0.6586865556849908,0.6478310289654713,0.6718006084017674,0.0,0.0,0.0,,,,,,,,,,,0
958,21,cost-level,laplace,exponential,0.02,3,2145,proportional,50,0.0,False,117.30628728866577,10.664207935333252,2.0,0.12717,,,0.12593653333333332,0.0,0.0,125.14533333333334,0.0,0.0,1.056142435541526,1.0029459782205616,1.0985179155850262,0.177526061536123,0.16897307713794676,0.1956804492789908,0.0035505212307224586,0.003379461542758935,0.003913608985579815,0.662200341640625,0.6451894374331488,0.6683657590535529,0.0,0.0,0.0,,,,,,,,,,,0
959,21,cost-level,laplace,exponential,0.02,4,2146,proportional,50,0.0,False,116.87491250038147,10.624992045489224,2.0,0.12717,,,0.1137588,0.0,0.0,125.11666666666666,0.0,0.0,1.0593430809757247,1.0326982008942094,1.074781126698669,0.18536564861038649,0.17191181203475975,0.19763222892325324,0.00370731297220773,0.0034382362406951946,0.003952644578465065,0.6587795246425097,0.6479634523196963,0.670555431314064,0.0,0.0,0.0,,,,,,,,,,,0
960,21,cost-level,laplace,exponential,0.05,0,2142,proportional,50,0.0,False,141.44530391693115,12.858663992448287,2.0,0.12717,2.0,0.8860125511421155,0.1221508,2.0533333333333332e-05,0.002,125.01033333333334,0.002,1.599867744266474e-05,1.0574501767402558,1.0284441498375236,1.0824911665408763,0.1814965322169633,0.17081261561814917,0.19000315536110915,0.003629930644339265,0.003416252312362982,0.003800063107222182,0.6574839958884882,0.6475577750012803,0.6668506570941595,0.0,0.0,0.0,2.0,2.0,2.25,1.968532051712173,1.72582370385854,2.0838511864521756,,,,,0
961,21,cost-level,laplace,exponential,0.05,1,2143,proportional,50,0.0,False,116.13192200660706,10.557447455146097,2.0,0.12717,2.0,0.6567370639575799,0.12228693333333333,9.333333333333333e-07,0.0003333333333333333,125.03033333333333,0.0003333333333333333,2.6660197125497544e-06,1.0300627118349646,0.9982010533882159,1.0736265013334603,0.18294961266220566,0.17373234316257805,0.19954978600524204,0.003658992253244112,0.003474646863251561,0.00399099572010484,0.6584664636835427,0.6528698605394531,0.6705310465439815,0.0,0.0,0.0,2.0,2.0,2.0,1.3134741279151598,1.3134741279151598,1.3134741279151598,,,,,0
962,21,cost-level,laplace,exponential,0.05,2,2144,proportional,50,0.0,False,118.79708552360535,10.799735047600485,2.0,0.12717,2.0,0.7247233391110656,0.13017706666666667,6.666666666666667e-06,0.002,124.76533333333333,0.002,1.603009382948255e-05,1.074382869766644,1.0215264986927663,1.1076218710221806,0.18402223307661592,0.1712027429476643,0.20040294987922003,0.003680444661532319,0.0034240548589532845,0.004008058997584401,0.6586875215552566,0.6472566645248431,0.671624568676243,0.0,0.0,0.0,2.0,2.0,2.0,1.4494466782221311,1.3133513558976972,1.6444102632987074,,,,,0
963,21,cost-level,laplace,exponential,0.05,3,2145,proportional,50,0.0,False,117.27889037132263,10.661717306483876,2.0,0.12717,2.0,0.6833191383019396,0.12593173333333332,5.866666666666667e-06,0.0013333333333333333,125.17466666666667,0.0013333333333333333,1.0651782575814062e-05,1.056142435173554,1.0029459782205616,1.0985163506333029,0.17752607043177837,0.16897307713794676,0.1956804492789908,0.0035505214086355664,0.003379461542758935,0.003913608985579815,0.662200341640625,0.6451906249625519,0.6683850105221767,0.0,0.0,0.0,2.0,2.0,2.0,1.3666382766038792,1.2507474919641484,1.501113700629629,,,,,0
964,21,cost-level,laplace,exponential,0.05,4,2146,proportional,50,0.0,False,116.02123093605042,10.547384630550038,2.0,0.12717,,,0.1137588,0.0,0.0,125.11666666666666,0.0,0.0,1.0593430809757247,1.0326982008942094,1.074781126698669,0.18536564861038649,0.17191181203475975,0.19763222892325324,0.00370731297220773,0.0034382362406951946,0.003952644578465065,0.6587795246425097,0.6479634523196963,0.670555431314064,0.0,0.0,0.0,,,,,,,,,,,0
965,21,cost-level,laplace,exponential,0.1,0,2142,proportional,50,0.0,False,129.41310143470764,11.76482740315524,2.0,0.12717,2.0,0.8688930477437196,0.12194746666666667,0.000212,0.03766666666666667,124.91,0.037333333333333336,0.00030155044965708645,1.0554774187992293,1.0283790282899081,1.0941330880065983,0.18159447082889305,0.17083480206170087,0.1899693766765734,0.003633333812857945,0.003421294676509978,0.0038005010941653435,0.657513772569444,0.6471323580388739,0.6667525640327574,0.0008118253922080922,0.0002541270738623875,0.0028598773653379104,2.0,2.0,2.0,1.7997957244054361,1.4279677430325988,1.9597253486385882,,,,1.3757259323013076,3
966,21,cost-level,laplace,exponential,0.1,1,2143,proportional,50,0.0,False,129.1230013370514,11.738454667004673,2.0,0.12717,2.0,0.8562604498072637,0.12201453333333333,0.00024893333333333333,0.04666666666666667,124.82933333333334,0.04766666666666667,0.00037384375467304693,1.0308675741798652,1.0001337402919426,1.073312254558412,0.18266779309040088,0.17378175376569216,0.19967654715160976,0.0036581210874924433,0.003475654810756613,0.003995944827098201,0.6581221475202041,0.6525263912382067,0.6698439018910484,0.0020686690048495396,0.0007404123035451004,0.00580965027108022,2.0,2.0,2.0,1.7318796082228087,1.4264827172367203,1.9608639117046163,,,,,0
967,21,cost-level,laplace,exponential,0.1,2,2144,proportional,50,0.0,False,119.27086162567139,10.842805602333762,2.0,0.12717,2.0,0.8562609666275306,0.12980213333333335,0.00034533333333333334,0.06766666666666667,124.83666666666667,0.06733333333333333,0.0005420416010253398,1.0767112001462968,1.0219718179611443,1.106617404312965,0.1840367762806086,0.17107527604956096,0.2004166160589928,0.00368096992247587,0.0034379933045254637,0.0040088224416449094,0.6581140831572723,0.6470618977526029,0.6713119120731678,0.0017738054896914725,0.0011024485628420941,0.004299980113067426,2.0,2.0,2.0,1.7669895467520533,1.4428367558328736,1.9432032853590164,,,,1.1485308961841512,5
968,21,cost-level,laplace,exponential,0.1,3,2145,proportional,50,0.0,False,118.27654123306274,10.75241283936934,2.0,0.12717,2.0,0.8520493854064003,0.1254288,0.0004536,0.07433333333333333,124.99666666666667,0.07566666666666666,0.0005946825248673297,1.0558915398238105,1.005575344133604,1.0981858449806619,0.1774826734022016,0.16896579287668193,0.19572248038984297,0.0035694995322699784,0.0033796621144224896,0.003919582919532619,0.6623231316275437,0.6450081806543045,0.6678429658760975,0.0032740318387912727,0.002007255658717495,0.005817098165567598,2.0,2.0,2.0,1.7395305313885983,1.3404542581285028,1.9398830727571026,,,,1.0496177716264574,2
969,21,cost-level,laplace,exponential,0.1,4,2146,proportional,50,0.0,False,147.75472497940063,13.432247725400059,2.0,0.12717,2.0,0.8127783510852598,0.11356946666666666,0.0001736,0.025,125.115,0.024,0.00019981616912440557,1.0600464161698726,1.032816716058338,1.0788431784340515,0.18544575548377373,0.17193955463293453,0.19760615482922822,0.003709014224549144,0.0034393016756668238,0.003952407181937093,0.6582294552508423,0.6473963304372281,0.6701058836424905,0.000659409025602203,0.0001847048598150492,0.0013658447903446014,2.0,2.0,2.0,1.6440623135012924,1.4006743867205342,1.908560510616154,,,,0.9862755913918605,2
970,21,cost-level,laplace,exponential,0.2,0,2142,proportional,50,0.0,False,151.776513338089,13.79786484891718,2.0,0.12717,2.0,0.8810002271359233,0.11892213333333333,0.0028634666666666666,0.5826666666666667,124.968,0.5826666666666667,0.004662526940230032,1.0521738183813867,1.0267600206127496,1.095229229848865,0.18063476979597748,0.17032134557360792,0.19080264130379462,0.003650566655834066,0.0034496357438727624,0.0038334964809116343,0.6565677751672165,0.6498356253363315,0.6662264940104725,0.02620388935162907,0.022981176169695583,0.03157673237548767,2.0,2.0,2.0,1.8284745932049566,1.5337826744203937,1.9795364275982434,,,,1.0606535820676615,37
971,21,cost-level,laplace,exponential,0.2,1,2143,proportional,50,0.0,False,150.76837420463562,13.706215836785056,2.0,0.12717,2.0,0.8829992927998909,0.11883373333333333,0.0028957333333333333,0.617,125.04633333333334,0.622,0.004934171067257736,1.0420725241222182,0.9985352621651462,1.0710215022167695,0.18209351509271876,0.17291539493765387,0.1998087747477577,0.0036845741159520756,0.0034872020423127982,0.00403475891673906,0.6568190682224477,0.6536448109062389,0.6721638113178039,0.03334416537774741,0.024696529132506112,0.039780321357294576,2.0,2.0,2.0,1.8367554156485322,1.542232983778992,1.9869592192281957,,,,1.058424638971171,30
972,21,cost-level,laplace,exponential,0.2,2,2144,proportional,50,0.0,False,144.40616846084595,13.127833496440541,2.0,0.12717,2.0,0.8842474107374688,0.125394,0.004049066666666667,0.8183333333333334,124.842,0.826,0.0065549521261541255,1.076120257575222,1.0302516448458408,1.1101189462820225,0.1825036822295133,0.1702044542800982,0.20027280927917854,0.003680543720263128,0.0034293159384932727,0.004029033432067075,0.6572429150926805,0.6459742147454697,0.6718797469619966,0.03957666099053065,0.03261341763185446,0.04551964741914308,2.0,2.0,2.0,1.8602899290754311,1.550818236356565,1.9912876181651926,,,,0.8579095879130366,38
973,21,cost-level,laplace,exponential,0.2,3,2145,proportional,50,0.0,False,126.80131673812866,11.527392430738969,2.0,0.12717,2.0,0.8828810098771818,0.12153613333333334,0.0037881333333333335,0.716,125.19633333333333,0.712,0.0057190173301135015,1.052149468936294,1.0101681544743502,1.0858228121354665,0.17842881619214834,0.1677240167254,0.19589318656184623,0.0036051335280593622,0.0033975286467762813,0.003953829417667347,0.6615722348930668,0.6462840667622465,0.6676859322367484,0.03347482063840075,0.027387161374939496,0.04196485505848615,2.0,2.0,2.0,1.8452783206201406,1.544590703203064,1.9870641240113112,,,,0.9937690356716228,42
974,21,cost-level,laplace,exponential,0.2,4,2146,proportional,50,0.0,False,123.10492300987244,11.19135663726113,2.0,0.12717,2.0,0.8841184156193025,0.11148906666666666,0.0018602666666666667,0.43033333333333335,125.13666666666667,0.433,0.0034389067952372075,1.0552850873536372,1.0197230142470544,1.0680178357425054,0.1835095586116333,0.17270790575082617,0.19852495778089901,0.0036782786996549213,0.003461803901461234,0.00397310150601435,0.6577410736572573,0.6480741814777001,0.6683491591069762,0.016230302426111363,0.013607024141298135,0.023032078878288738,2.0,2.0,2.0,1.836124867366342,1.5321600236316175,1.97337284578427,,,,1.3885069100715557,20
975,21,cost-level,laplace,exponential,0.3,0,2142,proportional,50,0.0,False,125.50684261322021,11.409712964838201,2.0,0.12717,2.0,0.8974095587030726,0.11494293333333333,0.005808266666666667,1.2283333333333333,124.82366666666667,1.2326666666666666,0.009840548400276657,1.067455929758217,1.0141784041868296,1.0936037872503999,0.18084795518616925,0.17267982331852008,0.1891651185475458,0.0036426208699598993,0.003496368610047352,0.003844474031964339,0.6584229849291312,0.6473850537315765,0.6666584743110727,0.05576438573905257,0.048110540353533,0.06198451236550457,2.0,2.0,2.0,1.8889335278960768,1.5712667402151124,1.9924667424578009,,,,0.7328144093307207,68
976,21,cost-level,laplace,exponential,0.3,1,2143,proportional,50,0.0,False,126.77540254592896,11.525036595084451,2.0,0.12717,2.0,0.8919106911556699,0.11491213333333333,0.005816266666666667,1.2663333333333333,124.92766666666667,1.2713333333333334,0.01013653234004744,1.0461526208439618,0.9938765840672154,1.0780836804334077,0.1813507367535672,0.17198143259679882,0.1979621181229642,0.0037132067920684587,0.0035303586942819682,0.004016308921926372,0.6587573504881872,0.652710547997412,0.6739172891022516,0.06021324291824353,0.05203167060747208,0.0682372888435711,2.0,2.0,2.0,1.8768962383188534,1.6003406424826212,1.9932309335040426,,,,0.9159170070798168,56
977,21,cost-level,laplace,exponential,0.3,2,2144,proportional,50,0.0,False,126.88441443443298,11.534946766766636,2.0,0.12717,2.0,0.8937975113628337,0.12106866666666667,0.007353333333333333,1.4676666666666667,124.616,1.468,0.011777513855898654,1.0691837483538609,1.0179927450376651,1.1016476499103582,0.180740877436459,0.16849354323326454,0.2008174693831584,0.0036552007816920656,0.0034743224521393556,0.0040560194321322875,0.6609712519776874,0.647797842388746,0.6712556930606751,0.0649054906799078,0.056699355908983964,0.07770500990632975,2.0,2.0,2.0,1.894263350738901,1.6156293030062947,1.9951211867681236,,,,1.0180625377340347,72
978,21,cost-level,laplace,exponential,0.3,3,2145,proportional,50,0.0,False,126.45224857330322,11.495658961209385,2.0,0.12717,2.0,0.8896272521831585,0.11753293333333334,0.006607866666666667,1.371,124.75033333333333,1.3753333333333333,0.01098995059465439,1.0566408043626914,1.0151009361638819,1.113282224772178,0.17604760036314177,0.16615861420537573,0.19586485999420608,0.003663729899978924,0.0034809405353425516,0.003973589497482137,0.6587117903141981,0.6455726015750018,0.667620686798426,0.06539198846469794,0.058394206959725276,0.07899108385165488,2.0,2.0,2.0,1.8793616914480082,1.5939489233032955,1.9940402727701398,,,,0.8589170721284006,66
979,21,cost-level,laplace,exponential,0.3,4,2146,proportional,50,0.0,False,118.9253203868866,10.811392762444235,2.0,0.12717,2.0,0.9043935852193918,0.1084292,0.0042957333333333335,0.9523333333333334,124.98066666666666,0.9633333333333334,0.007619845202724689,1.056184824786134,1.0268188178756386,1.071529306884484,0.18252689242964631,0.1720573738786764,0.19678163157244707,0.0036906797838156956,0.0034991098839579045,0.003980382833570706,0.6585030732402137,0.64899460084687,0.6707041235855508,0.040558620443900795,0.03542834419879408,0.05204419584138572,2.0,2.0,2.0,1.9015191303343493,1.6130018528904375,1.9921903397207945,,,,1.2141175796935633,41
980,21,cost-level,laplace,exponential,0.4,0,2142,proportional,50,0.0,False,121.5418541431427,11.049259467558427,2.0,0.12717,2.0,0.9101620888768772,0.11299306666666667,0.006785866666666667,1.5193333333333334,124.80733333333333,1.5213333333333334,0.012173429980075957,1.056293378579725,1.0213007371384784,1.0834808223658503,0.17901362350013247,0.16778773921991136,0.19016345924496586,0.003651033880659493,0.003458085088854444,0.0038447386278183254,0.6559517712815901,0.6457969452414469,0.6665373157323867,0.06680767071532887,0.055727805036912076,0.0777287363123162,2.0,2.0,2.0,1.9030830029484427,1.6215600812996092,1.9940177780162505,,,,0.8271996539114637,78
981,21,cost-level,laplace,exponential,0.4,1,2143,proportional,50,0.0,False,138.4198715686798,12.583624688061802,2.0,0.12717,2.0,0.918478773049052,0.11305973333333333,0.0069608,1.542,124.70633333333333,1.5383333333333333,0.012365049623248218,1.0371992847374587,1.0058827547860103,1.0908620492559957,0.18354508174161627,0.17409424431280196,0.19726348726428083,0.0037386362734764494,0.003525392887398477,0.004061938475361767,0.6597101957715106,0.6525138947868018,0.671479989360874,0.06628395471536355,0.058310106708245345,0.07429473127628511,2.0,2.0,2.0,1.9151152920080696,1.6385628432405448,1.9964911520301367,,,,0.7763460257713422,82
982,21,cost-level,laplace,exponential,0.4,2,2144,proportional,50,0.0,False,121.14076614379883,11.01279692216353,2.0,0.12717,2.0,0.9059956790608445,0.11884106666666666,0.008464533333333333,1.8326666666666667,124.379,1.842,0.014734534500732975,1.079518039515929,1.0208195663621997,1.1150078755060329,0.1835471910388239,0.16890457802305986,0.19970378158623717,0.0037069338662369554,0.0034766724229904023,0.004130432825424329,0.6571753418056281,0.6466209700816776,0.6714068835477403,0.08547463413536652,0.07618552485988067,0.09676994993832463,2.0,2.0,2.0,1.9083727616872002,1.6375863961084949,1.9973336064880463,,,,1.0414565902777202,84
983,21,cost-level,laplace,exponential,0.4,3,2145,proportional,50,0.0,False,136.64931178092957,12.422664707357233,2.0,0.12717,2.0,0.9091776357285398,0.11531826666666667,0.007834666666666667,1.7106666666666666,124.957,1.702,0.013690042708024893,1.0667067558925436,1.0293935483373413,1.1054056624384088,0.17514448042652278,0.17032017685274825,0.1923942966989156,0.00357893242751324,0.003447753963722212,0.003904879477036845,0.6585559795643363,0.6440152132551955,0.6660158384690029,0.0722373169344061,0.06245669056998504,0.08502383945112302,2.0,2.0,2.0,1.9109700062066004,1.6313248530036986,1.9958750033334285,,,,0.9984937229147137,109
984,21,cost-level,laplace,exponential,0.4,4,2146,proportional,50,0.0,False,119.94096350669861,10.903723955154419,2.0,0.12717,2.0,0.9165429062818957,0.10707066666666666,0.005001466666666667,1.2466666666666666,124.84433333333334,1.25,0.009985768944258582,1.0541547109871283,1.0216934423958552,1.074041761752977,0.1861873844787552,0.17477097665598984,0.19810337268980885,0.003751910883152759,0.003537951655887593,0.004029771222996905,0.6587360047177968,0.6477336803788286,0.669382475626592,0.053955151359215164,0.0442720257857496,0.0584416972359805,2.0,2.0,2.0,1.9170972781190951,1.6493027084419793,1.9960712904748363,,,,0.8661167566950152,60
985,21,cost-level,laplace,exponential,0.5,0,2142,proportional,50,0.0,False,121.03496265411377,11.003178423101252,2.0,0.12717,2.0,0.9177832318349852,0.1131132,0.006602,1.492,124.66766666666666,1.4933333333333334,0.011967818439959038,1.0505277826334396,1.027210566349407,1.09731404169661,0.1825930009313417,0.16912678357190947,0.18791657990715,0.0036920889110354316,0.0034986775279023828,0.0038323555493029815,0.6595890106099247,0.6494632882238428,0.6667598435338944,0.06573754759615712,0.05874380787338021,0.07554122734764415,2.0,2.0,2.0,1.917711586757262,1.6435384293170352,1.996330203142357,,,,0.7559421685014275,87
986,21,cost-level,laplace,exponential,0.5,1,2143,proportional,50,0.0,False,120.72537660598755,10.975034236907959,2.0,0.12717,2.0,0.9243127528542603,0.11285773333333333,0.006913333333333333,1.5946666666666667,124.72266666666667,1.5973333333333333,0.012785700540933484,1.037909645237487,1.0035935760770625,1.0677745110170465,0.18317194524086763,0.17059331776919798,0.19827672782741157,0.003767750734240342,0.0035230086311577053,0.004074590499120848,0.6597055842947543,0.6523328000153567,0.6717370114529494,0.06741230924913005,0.0506784827880666,0.07716405685598565,2.0,2.0,2.0,1.9233165615652228,1.6600607396758371,1.996420885668266,,,,0.7621191711984163,75
987,21,cost-level,laplace,exponential,0.5,2,2144,proportional,50,0.0,False,121.86600017547607,11.078727288679643,2.0,0.12717,2.0,0.9137897452011249,0.11863706666666667,0.0081956,1.7986666666666666,124.325,1.7963333333333333,0.014467457604397077,1.0793618411767008,1.0283928939577862,1.0988763162427548,0.18150413429716444,0.16666867031086322,0.19713152635082865,0.003698116604913199,0.003417937428646314,0.004042698590387623,0.6534488479058356,0.6461641502775041,0.6692778814040038,0.08469363893147003,0.06760266157818012,0.09302799350351654,2.0,2.0,2.0,1.9184862635204925,1.6465333604495103,1.9973446724506125,,,,0.8108939931861063,107
988,21,cost-level,laplace,exponential,0.5,3,2145,proportional,50,0.0,False,121.77827143669128,11.070751948790116,2.0,0.12717,2.0,0.9197082590275028,0.1143352,0.008161333333333333,1.795,124.80833333333334,1.795,0.014382052480470054,1.0669743058870584,1.0162420013042892,1.107018427777811,0.17491735911440032,0.1693183042202573,0.19601400370988328,0.0035691510910608776,0.003478497805175367,0.003988826563678338,0.6593461296808989,0.6435673301421885,0.670101022147617,0.07830092677137539,0.06652592221476511,0.10029397078573393,2.0,2.0,2.0,1.922262663664736,1.6497205593783004,1.9969234985607538,,,,0.9963520953417817,88
989,21,cost-level,laplace,exponential,0.5,4,2146,proportional,50,0.0,False,119.37146496772766,10.851951360702515,2.0,0.12717,2.0,0.9220936342815234,0.10668973333333333,0.005141066666666667,1.2723333333333333,124.84333333333333,1.276,0.010191439938055696,1.0533246251815125,1.0256960093700924,1.0798631121997968,0.18264652334894171,0.17203191850995778,0.194970547031932,0.003737218461456311,0.003477924076749084,0.0039440919267868906,0.6569423430480774,0.6454114678805171,0.6676905680759017,0.04698710014636984,0.04251055815373371,0.05756491570764001,2.0,2.0,2.0,1.9154471723450581,1.6543438541890783,1.9964692721259065,,,,1.2140489336266205,58
990,22,cost-level,laplace,power_law,0.0,0,2242,proportional,50,0.0,False,115.0334575176239,10.457587047056718,0.5,0.12717,,,0.11401053333333333,0.0,0.0,124.61666666666666,0.0,0.0,1.0449769843125198,1.0125100609988449,1.0723469853246808,0.18248861081074755,0.1725805257193782,0.193650043163255,0.0036497722162149512,0.0034516105143875624,0.003873000863265099,0.6624313210443228,0.6518741443706285,0.6681892809310861,0.0,0.0,0.0,,,,,,,,,,,0
991,22,cost-level,laplace,power_law,0.0,1,2243,proportional,50,0.0,False,113.68940448760986,10.335400407964533,0.5,0.12717,,,0.10628546666666666,0.0,0.0,124.959,0.0,0.0,1.0558640354808002,1.0257669063767045,1.103204034444212,0.17881756313323927,0.1730209258158324,0.19189492183432455,0.003576351262664785,0.0034604185163166464,0.003837898436686491,0.6597771049212491,0.6452323206729573,0.6686652139886682,0.0,0.0,0.0,,,,,,,,,,,0
992,22,cost-level,laplace,power_law,0.0,2,2244,proportional,50,0.0,False,114.88173341751099,10.443793947046453,0.5,0.12717,,,0.1108576,0.0,0.0,124.71533333333333,0.0,0.0,1.064780465690649,1.0360094492246168,1.1127831408185873,0.17936984996544697,0.17019151310850816,0.19141114000107282,0.003587396999308939,0.003403830262170163,0.0038282228000214554,0.6566372727570692,0.642198122940236,0.665508835830391,0.0,0.0,0.0,,,,,,,,,,,0
993,22,cost-level,laplace,power_law,0.0,3,2245,proportional,50,0.0,False,115.32542252540588,10.484129320491444,0.5,0.12717,,,0.1185632,0.0,0.0,125.06633333333333,0.0,0.0,1.056419150591383,1.0336205904257507,1.0968281049205804,0.17810526717554281,0.17029738701197553,0.18917165730078245,0.0035621053435108564,0.00340594774023951,0.0037834331460156493,0.6579715978391287,0.6502413475199682,0.6704789648502116,0.0,0.0,0.0,,,,,,,,,,,0
994,22,cost-level,laplace,power_law,0.0,4,2246,proportional,50,0.0,False,114.69256448745728,10.426596771587025,0.5,0.12717,,,0.11120186666666666,0.0,0.0,125.082,0.0,0.0,1.0603751876268501,1.032048395253863,1.08827789007714,0.1789967963829014,0.16633593705090954,0.18741864753205514,0.003579935927658027,0.00332671874101819,0.003748372950641102,0.6523924787237285,0.6467334280981882,0.662459223478579,0.0,0.0,0.0,,,,,,,,,,,0
995,22,cost-level,laplace,power_law,0.01,0,2242,proportional,50,0.0,False,119.47293138504028,10.861175580458207,0.5,0.12717,2.0,0.8459300686939979,0.10173586666666666,0.012142933333333333,3.1126666666666667,124.26333333333334,3.1336666666666666,0.02504895517583626,1.0445597732665963,1.0133569301901268,1.0739453954002476,0.1823062389668182,0.17242142799012442,0.19334369500023854,0.003924431058641174,0.00363857168056562,0.004036387234395651,0.6669055337725651,0.6569930327576048,0.6741080628599196,0.17499647295721832,0.1566107585169777,0.1857094317322192,2.0,2.0,2.0,1.8188626353515693,1.47794367381581,1.984110316614845,,,,0.9199590743497352,131
996,22,cost-level,laplace,power_law,0.01,1,2243,proportional,50,0.0,False,121.21122336387634,11.019202123988759,0.5,0.12717,2.0,0.8531374461734156,0.09482133333333333,0.0113496,3.2216666666666667,124.17166666666667,3.2226666666666666,0.02594526394910272,1.055277901964532,1.0269548892805247,1.1071609074496425,0.17862682486830028,0.17295265521337846,0.19180673857779798,0.00370557665229023,0.003597999236189954,0.003985250244579557,0.6629890611583696,0.6501703214027588,0.6692174933304298,0.16408626198979953,0.14279339035770394,0.17173705273257403,2.0,2.0,2.0,1.8196594573254345,1.4691715292988985,1.9807078242890934,,,,0.858658259770529,138
997,22,cost-level,laplace,power_law,0.01,2,2244,proportional,50,0.0,False,121.42495036125183,11.038631851022894,0.5,0.12717,2.0,0.8441795713488721,0.0986624,0.012075466666666666,3.2616666666666667,124.016,3.255333333333333,0.026300369844751214,1.0671629896266852,1.039575453134305,1.110014056690193,0.17923294472634477,0.17003603174302215,0.19126011766811796,0.0037222667349566677,0.0035700791021782475,0.003984865638249825,0.6620893728353727,0.6462354638276621,0.6701268461030788,0.16256905320662093,0.1543174055896033,0.1782616003359276,2.0,2.0,2.0,1.8178477209898818,1.4716409062366236,1.9834314917032523,,,,0.791793394200607,173
998,22,cost-level,laplace,power_law,0.01,3,2245,proportional,50,0.0,False,121.90921521186829,11.082655928351663,0.5,0.12717,2.0,0.8323708438281607,0.1059876,0.012441066666666667,3.013,124.85166666666667,3.013,0.02413263739637703,1.0546290029104077,1.0361493699474684,1.0990159943621078,0.17805327203916815,0.17036388085450976,0.1889434969820039,0.00379656041120715,0.0036186516944006573,0.00396122830048419,0.6630705471352908,0.6518359039673991,0.6737338712644395,0.17731931394711214,0.1610875244087675,0.19054789132391542,2.0,2.0,2.0,1.7804076291152113,1.437824359361147,1.9782168551312669,,,,1.0838342258897335,156
999,22,cost-level,laplace,power_law,0.01,4,2246,proportional,50,0.0,False,119.71723437309265,10.883384943008423,0.5,0.12717,2.0,0.8391242148179652,0.0991616,0.011927466666666667,3.1906666666666665,124.431,3.179,0.025642055972118417,1.0605932938270959,1.0329298425669373,1.0925805303842786,0.17890738550305146,0.16612536057532834,0.1875275390676095,0.003736812214249035,0.0035598573508564815,0.004001877988313315,0.6570105974183352,0.6516486586307146,0.6674886068280568,0.18000766810113134,0.16611207081032414,0.1917478393010779,2.0,2.0,2.0,1.805082271589009,1.451001045155624,1.978018889420107,,,,0.9200751549760219,193
1000,22,cost-level,laplace,power_law,0.02,0,2242,proportional,50,0.0,False,134.48419094085693,12.225835540077902,0.5,0.12717,2.0,0.8228822436779759,0.0995024,0.014205733333333333,3.7763333333333335,124.095,3.7906666666666666,0.030430987012638168,1.0449289610753563,1.0086616787979066,1.0669393426577531,0.18223461425650078,0.17222595094376553,0.1935624189164481,0.0038894180805161375,0.0036216160952076914,0.004162350887474008,0.6699859614248924,0.6581139847476858,0.676125421266293,0.21095147881693604,0.19216051583474533,0.22953792983923527,2.0,2.0,2.0,1.8022693463274093,1.4489642459512129,1.986104048555676,,,,1.0887958181870414,169
1001,22,cost-level,laplace,power_law,0.02,1,2243,proportional,50,0.0,False,127.5384464263916,11.594404220581055,0.5,0.12717,2.0,0.825218719196773,0.09225373333333334,0.013731866666666667,3.945,123.872,3.944,0.03184739085507621,1.0480371592778648,1.0273457883307904,1.103410663304411,0.17840297606346117,0.17250962031484615,0.19152147078953619,0.0038038955933433604,0.003626690556686577,0.004118400721875799,0.6649626825855661,0.6517487224822388,0.6721028988622664,0.2171300964754877,0.19939357302889307,0.22366749720549914,2.0,2.0,2.0,1.8096634924266533,1.4503027954091592,1.9871319887950487,,,,0.9288284915517762,171
1002,22,cost-level,laplace,power_law,0.02,2,2244,proportional,50,0.0,False,134.3903830051422,12.217307545922019,0.5,0.12717,2.0,0.8273247144666062,0.09658813333333334,0.013971066666666667,3.8796666666666666,123.829,3.88,0.03133084064852875,1.0697388725523718,1.0335634929495696,1.1138515541217684,0.17901198400506807,0.1698324077404465,0.1910770840412551,0.003927829151346771,0.003653329837518693,0.004116198908923142,0.6645077097769472,0.6499370556745013,0.6721276193087413,0.21227859986714837,0.20115706808119185,0.23502553115159397,2.0,2.0,2.0,1.804240160957461,1.4533401960720775,1.988816190465583,,,,1.058833520284595,175
1003,22,cost-level,laplace,power_law,0.02,3,2245,proportional,50,0.0,False,124.98091626167297,11.361901478333907,0.5,0.12717,2.0,0.8297539572646977,0.10381306666666666,0.014464533333333333,3.6416666666666666,124.46433333333333,3.634,0.029258716687243735,1.0539737592471172,1.0381232650340562,1.0984123353552668,0.17781134154543987,0.1699199810852357,0.1886875478709427,0.0038406246680063854,0.0036553084360449076,0.004144221065901278,0.6653982596752652,0.6552166627353069,0.6771424056159282,0.20284883471585197,0.19062762262664204,0.22080528202091848,2.0,2.0,2.0,1.8195280556395446,1.4456713646856145,1.9887052988774587,,,,0.965830796094895,191
1004,22,cost-level,laplace,power_law,0.02,4,2246,proportional,50,0.0,False,130.9101665019989,11.900924227454446,0.5,0.12717,2.0,0.8264151889374973,0.0969608,0.0139624,3.8473333333333333,124.383,3.8236666666666665,0.030931343779562588,1.0604609597683443,1.038760692317512,1.08996059863949,0.1788061182016349,0.16573793485341684,0.1872395782065266,0.0037886912452680635,0.003548298047540047,0.004044231721442702,0.6572789297012365,0.6529653694042281,0.6699286797284472,0.21761544618637818,0.19697628713479398,0.23696695991609376,2.0,2.0,2.0,1.806040191818063,1.4436488525233433,1.9853869555452317,,,,0.9211150366968689,202
1005,22,cost-level,laplace,power_law,0.05,0,2242,proportional,50,0.0,False,131.2076599597931,11.927969087253917,0.5,0.12717,2.0,0.8173720201672955,0.09748333333333334,0.0157104,4.220666666666666,123.42266666666667,4.237,0.03419685200989553,1.0480207309499774,1.0186316713776706,1.074668257142676,0.18113918407197277,0.17196730252953568,0.19291888379471853,0.003927672409795936,0.003652506925212805,0.00418537691625978,0.6680529835970616,0.6593972858327797,0.6767144229419695,0.2432503981414838,0.22540620982988385,0.25760852343714147,2.0,2.0,3.0,1.813285531175565,1.4294132229000258,1.9902877592711736,,,,0.94253245831593,173
1006,22,cost-level,laplace,power_law,0.05,1,2243,proportional,50,0.0,False,130.80424547195435,11.891295042904941,0.5,0.12717,2.0,0.8206702700849354,0.09059013333333334,0.0148164,4.464666666666667,124.04433333333333,4.463666666666667,0.035992508054915856,1.0616067094174353,1.0205758694092353,1.1068200491967721,0.17804252349763838,0.17268102156934234,0.19146767833373354,0.003833212083097088,0.0036761856358694775,0.0040777106824610755,0.6688796369282743,0.6521324477922477,0.6732721458934228,0.24761210199076758,0.23064666328770123,0.2654467827222155,2.0,2.0,3.0,1.8143679815558322,1.4467789082958071,1.9905471303285165,,,,0.8249058785101432,195
1007,22,cost-level,laplace,power_law,0.05,2,2244,proportional,50,0.0,False,133.0725748538971,12.097506804899735,0.5,0.12717,2.0,0.8181855232622353,0.0941888,0.015827733333333333,4.418,123.935,4.414333333333333,0.035647718562149516,1.0689301336891996,1.0407341498756106,1.1086279998591717,0.17858183270997785,0.16881980326447318,0.19006535413777814,0.0038127336313752746,0.0036346167757780245,0.004108310170740268,0.6654385203118065,0.6482562474917125,0.6718420834796742,0.2529687773453442,0.23961084478338024,0.2698103751861754,2.0,2.0,3.0,1.810705993259575,1.43383830937069,1.987974860033966,,,,0.856734673134729,209
1008,22,cost-level,laplace,power_law,0.05,3,2245,proportional,50,0.0,False,134.37382411956787,12.215802192687988,0.5,0.12717,2.0,0.8206372211315304,0.10152493333333333,0.016242533333333333,4.109,124.24133333333333,4.111666666666666,0.033072729419087586,1.0576036917454386,1.0368501507997632,1.1063034899692288,0.1773223639621378,0.16974923399029967,0.18849524578679525,0.00386252346938699,0.0036466746626308845,0.0040776631820732415,0.6669318042668314,0.6540665481782203,0.6760696893566656,0.2364668834439232,0.21485001159537898,0.255600239124518,2.0,2.0,2.0,1.8155205423071483,1.4316431234831746,1.989378343469445,,,,0.8874283689747291,203
1009,22,cost-level,laplace,power_law,0.05,4,2246,proportional,50,0.0,False,130.8856213092804,11.898692846298218,0.5,0.12717,2.0,0.8118071824463788,0.09482413333333334,0.0155372,4.387333333333333,123.96733333333333,4.360666666666667,0.03539104387715043,1.0611405492947628,1.0358529167725805,1.0998714085986259,0.17803867127451994,0.1659381743127707,0.18674641530134142,0.00391329015157706,0.0036075410239097554,0.004147385553156746,0.661505302110397,0.6559203469567222,0.6734812476743386,0.26572326663197804,0.2410026130787087,0.2816987242768269,2.0,2.0,3.0,1.813774303267863,1.4411482315974444,1.9917250746846398,,,,0.9945432378246393,230
1010,22,cost-level,laplace,power_law,0.1,0,2242,proportional,50,0.0,False,131.4641146659851,11.951283151453191,0.5,0.12717,2.0,0.8213664726586266,0.09539773333333333,0.0169916,4.6033333333333335,123.518,4.626333333333333,0.03726852226666019,1.0460637715766672,1.0152849412712825,1.0774049993999262,0.17897956927324915,0.17135178351641286,0.193519183026414,0.003997924552825128,0.0036522783917754794,0.004231881536892602,0.6686693366784666,0.6583414959765169,0.6767177960434078,0.2774654230529459,0.2506601509168708,0.2925196376113847,2.0,2.0,3.0,1.8251109970766688,1.4367010957185467,1.993587018274384,,,,1.0495819041448362,190
1011,22,cost-level,laplace,power_law,0.1,1,2243,proportional,50,0.0,False,130.78291249275208,11.88935568115928,0.5,0.12717,2.0,0.8111363575784714,0.08854933333333333,0.016065733333333332,4.869666666666666,123.79133333333333,4.869,0.039337702693241855,1.0657242906002282,1.0249925108157636,1.1160095948437418,0.1768017453284801,0.17168003066894316,0.19297989346052866,0.003840302814581689,0.003723396954178366,0.004216883635638482,0.666987100713108,0.6519592272920975,0.6740028084322711,0.27135154772271414,0.25016188796037875,0.30231711173180936,2.0,2.0,3.0,1.819795071962927,1.4302356214346443,1.993263327975252,,,,0.8433040297204716,205
1012,22,cost-level,laplace,power_law,0.1,2,2244,proportional,50,0.0,False,130.79642271995544,11.890583883632313,0.5,0.12717,2.0,0.8162193410797253,0.0919448,0.0172232,4.758333333333334,123.52233333333334,4.739,0.0385220486443747,1.0727780900871524,1.0495509721420182,1.1134131765718855,0.1784618223627527,0.1682238453901292,0.19041688407615798,0.004029369811977261,0.0037186692100531675,0.004193005963897333,0.6648718133005933,0.6506637807165566,0.672212005268455,0.27948104442940713,0.26140871739536115,0.3046537089542541,2.0,2.0,3.0,1.8271236988261048,1.441157862708083,1.9927614413267247,,,,0.9027402489181615,224
1013,22,cost-level,laplace,power_law,0.1,3,2245,proportional,50,0.0,False,135.1618881225586,12.287444374778055,0.5,0.12717,2.0,0.812287778094629,0.0994832,0.017413733333333334,4.4896666666666665,123.92233333333333,4.487666666666667,0.036229681494054075,1.0726225516201595,1.040899112252149,1.0951299735083613,0.17782176148501574,0.16827410432750933,0.18659249481983858,0.003954799793374434,0.003700432529700858,0.004098587107366019,0.6676231307176461,0.6582804000402073,0.6764559979917759,0.273736164257096,0.25017291592241997,0.2923670030333724,2.0,2.0,3.0,1.816573204725247,1.4477789390428126,1.993211231220231,,,,0.9867099878922296,204
1014,22,cost-level,laplace,power_law,0.1,4,2246,proportional,50,0.0,False,130.73081159591675,11.884619235992432,0.5,0.12717,2.0,0.8176237542607314,0.09281906666666667,0.016748933333333334,4.729,123.751,4.723,0.03821383261549401,1.073200219066012,1.0444256132542948,1.096675078334876,0.1767275973805713,0.16397317516290474,0.18618842520296777,0.0038746241613403917,0.0037691409541231145,0.004098303266265766,0.6607312049938143,0.6560906045782875,0.6692102452601049,0.2794847857633159,0.2538920246941325,0.3083673470330336,2.0,2.0,3.0,1.8229282091131758,1.4432241463185493,1.992983336496842,,,,0.9018910356938309,236
1015,22,cost-level,laplace,power_law,0.2,0,2242,proportional,50,0.0,False,131.16667532920837,11.924243211746216,0.5,0.12717,2.0,0.8170235886300974,0.09209373333333333,0.018169333333333332,5.112333333333333,123.60266666666666,5.123666666666667,0.04136102780954024,1.0616142733024425,1.0323306910069707,1.087551178349631,0.1809133113216751,0.16890412745481265,0.18919997001094624,0.004007305113843226,0.0036892780093458915,0.004143395023627195,0.6656037467886382,0.6581593504461908,0.6720034000391708,0.29223023843675866,0.2685008518511553,0.31561094356228103,2.0,2.0,3.0,1.834849424847262,1.4484754693716462,1.9961188739982996,,,,0.824174425957646,213
1016,22,cost-level,laplace,power_law,0.2,1,2243,proportional,50,0.0,False,133.94542789459229,12.176857081326572,0.5,0.12717,2.0,0.8125487004528419,0.08597213333333334,0.016774666666666667,5.251666666666667,123.615,5.247333333333334,0.04248405668136284,1.076539352362784,1.0329858463321298,1.1185272847906609,0.1760387591584511,0.16870918632928586,0.1883146450271669,0.00391643365987051,0.0036708435753006704,0.004212973526159985,0.6629566680340906,0.6488948558225902,0.6718784717962734,0.3033304104256749,0.28763322835207594,0.3305279383207145,2.0,2.0,3.0,1.8312281923771219,1.4466385443132075,1.9954842564193904,,,,0.9830734733661043,223
1017,22,cost-level,laplace,power_law,0.2,2,2244,proportional,50,0.0,False,142.39545249938965,12.94504113630815,0.5,0.12717,2.0,0.8102142039555704,0.08902066666666666,0.01794,5.268,123.23066666666666,5.254,0.04274909925018664,1.0811838468552386,1.0615500712795076,1.1110989689870248,0.17594310371525596,0.16541702658616725,0.18760696640990243,0.003831128054772949,0.0036707403480743623,0.004137643768029229,0.6612498284830732,0.6457822421261528,0.6684783747903429,0.29707134136440805,0.27970056920137676,0.3224103797298967,2.0,2.0,3.0,1.8308432777983938,1.4397961797519572,1.995959685818538,,,,0.9747796293365387,237
1018,22,cost-level,laplace,power_law,0.2,3,2245,proportional,50,0.0,False,144.09862422943115,13.099874929948287,0.5,0.12717,2.0,0.8178941645362393,0.09594106666666667,0.018771066666666666,4.972,123.837,4.976333333333334,0.0401495514264719,1.0771924526648822,1.0373730083914507,1.109056899415958,0.17605757612078257,0.16927606273795126,0.18450430544993723,0.003853814473683634,0.003730825477170821,0.004085108317632979,0.6672454696895439,0.655555868555135,0.6740995002875347,0.2808922745004909,0.2672515677537787,0.3053376878554284,2.0,2.0,3.0,1.8415264979964954,1.4456793169266249,1.9963497445785774,,,,1.004721394639358,232
1019,22,cost-level,laplace,power_law,0.2,4,2246,proportional,50,0.0,False,141.56362795829773,12.869420723481612,0.5,0.12717,2.0,0.8144414780991005,0.08967213333333333,0.017829466666666665,5.187,123.34966666666666,5.177666666666667,0.042051187815667655,1.0703250700430456,1.0400585052394895,1.1007090332679588,0.17480378884084374,0.16175051379406796,0.18335025780181063,0.0037794442438693855,0.0036536426559415423,0.004007429140810925,0.6585139068315212,0.6531266659383712,0.6693700665526316,0.2919791462306469,0.26986301292177095,0.31108612761951726,2.0,2.0,3.0,1.8422602628040459,1.445473057618385,1.996306048728784,,,,0.9344831440792195,255
1020,22,cost-level,laplace,power_law,0.3,0,2242,proportional,50,0.0,False,131.7420575618744,11.976550687443126,0.5,0.12717,2.0,0.8258208387174344,0.089658,0.018613733333333334,5.3276666666666666,123.17233333333333,5.342666666666666,0.04325376099069867,1.0603855177618993,1.0295338000057659,1.0844728275534734,0.1768563076317075,0.16579827399945263,0.18740543115109315,0.0039047264689890332,0.0037120761341554185,0.0041565215772033075,0.6622536604903871,0.6565599411187248,0.6719922655662354,0.2969986531090114,0.28156395954380936,0.31430008164115,2.0,2.0,3.0,1.8541942368778623,1.4731302795652408,1.99674795335503,,,,0.8511541998659069,238
1021,22,cost-level,laplace,power_law,0.3,1,2243,proportional,50,0.0,False,144.15737390518188,13.10521580956199,0.5,0.12717,2.0,0.8205806880675269,0.08347253333333333,0.017211333333333332,5.538333333333333,123.24633333333334,5.542,0.04493710428166896,1.0735833173062805,1.0290880028313711,1.1257041610960248,0.17548861638085989,0.16326487459656586,0.1891689132653022,0.003855664339245492,0.003643140397885711,0.004063642575790707,0.6578666564875678,0.645868734184861,0.6677310901177805,0.30392011169443345,0.2841165088744222,0.3231194528895236,2.0,2.0,3.0,1.852462806481666,1.455046469618193,1.9970071549878714,,,,0.897221411330968,213
1022,22,cost-level,laplace,power_law,0.3,2,2244,proportional,50,0.0,False,131.4162962436676,11.9469360221516,0.5,0.12717,2.0,0.8268656121593145,0.086596,0.018703333333333332,5.5103333333333335,123.39933333333333,5.493333333333333,0.04465448219601403,1.0840093642297837,1.0649590359772065,1.1100987415526928,0.17250472947433976,0.16452258548120485,0.1849671451826829,0.003784799588497043,0.0036113949096984394,0.004063525925658354,0.6559685582792412,0.6432474905883795,0.6661964110418238,0.2965700636041093,0.27972224195242135,0.31590295918605144,2.0,2.0,3.0,1.8538601392565344,1.4665741958385297,1.9961700941407645,,,,0.891736034266709,271
1023,22,cost-level,laplace,power_law,0.3,3,2245,proportional,50,0.0,False,155.20327258110046,14.109388416463679,0.5,0.12717,2.0,0.8315845229716278,0.09343133333333334,0.0194012,5.308,123.95033333333333,5.305666666666666,0.042823604077977466,1.0942833977309294,1.0370104875011106,1.1293510758260905,0.1731516152505339,0.16487274646553685,0.18500025607283577,0.00388219392363872,0.0036853837916966435,0.004055044723448239,0.6597755112531116,0.6494443025954784,0.6708101776439167,0.2993626398923375,0.27548647627416345,0.32470838265621654,2.0,2.0,3.0,1.8603059437223157,1.4721779721699098,1.9970466099129038,,,,0.9950825794874324,233
1024,22,cost-level,laplace,power_law,0.3,4,2246,proportional,50,0.0,False,154.1012442111969,14.009204019199718,0.5,0.12717,2.0,0.8210603619137241,0.08701786666666667,0.0184452,5.51,123.57633333333334,5.5056666666666665,0.04458782560846332,1.0848156812483385,1.0346874862331417,1.1115327516755724,0.17332147609048884,0.15799375270721394,0.18207514966059724,0.003802767802325811,0.003576651014137215,0.0041096503017068724,0.6539032124580011,0.6486083642712317,0.6627753839502217,0.30826724376976006,0.29047487060408356,0.3244144768746775,2.0,2.0,3.0,1.8486964365380056,1.4607552254885137,1.9971841818194156,,,,1.0202599428542372,242
1025,22,cost-level,laplace,power_law,0.4,0,2242,proportional,50,0.0,False,153.28709316253662,13.93519028750333,0.5,0.12717,2.0,0.8395341581457975,0.08766373333333333,0.018935733333333333,5.486,123.508,5.491333333333333,0.04441817534086861,1.0678472744330862,1.034830435552582,1.1008364592284345,0.17476555126116455,0.16567375816786128,0.18775337652088936,0.0038448457461256304,0.0036134794388581106,0.004154168018931008,0.6585836019011069,0.6522140875305091,0.6684789789899834,0.29402940182892423,0.2672184135663172,0.3224162319612269,2.0,2.0,3.0,1.8683422122466906,1.4809657432074914,1.9981029754354505,,,,0.9515461162727329,239
1026,22,cost-level,laplace,power_law,0.4,1,2243,proportional,50,0.0,False,158.78007531166077,14.43455230106007,0.5,0.12717,2.0,0.8253892655632282,0.08153973333333334,0.017402666666666667,5.675666666666666,123.197,5.667,0.04606984477435868,1.0812527327335109,1.0435614460674376,1.118727633171475,0.17434704352765898,0.1639039980684216,0.18800578480060884,0.003799169059461209,0.003650814492160392,0.004061848606851531,0.6542522441569425,0.6420275244028046,0.66478465992312,0.2997736150813421,0.28745747108105896,0.3252701251964916,2.0,2.0,3.0,1.8475831335297754,1.4640931950359222,1.9967731509235733,,,,0.9109227377688327,234
1027,22,cost-level,laplace,power_law,0.4,2,2244,proportional,50,0.0,False,158.7166497707367,14.428786342794245,0.5,0.12717,2.0,0.828513846750569,0.0846688,0.018565866666666667,5.700666666666667,123.09166666666667,5.703333333333333,0.046312368830817144,1.1099547334468718,1.0700933976813947,1.1520269603606228,0.17146622855808402,0.16088789759005923,0.18380246890785823,0.0037286116715056616,0.003564474961827449,0.004027385699673081,0.6544880243615073,0.6394821656215086,0.6613583468882289,0.3058448705516903,0.2826878447965446,0.3253086851093352,2.0,2.0,3.0,1.8684771926685975,1.4808065787081917,1.997758306904438,,,,0.8686123780735399,243
1028,22,cost-level,laplace,power_law,0.4,3,2245,proportional,50,0.0,False,162.78688168525696,14.79880742593245,0.5,0.12717,2.0,0.836502829482817,0.09156066666666667,0.019583466666666667,5.4093333333333335,123.49,5.417333333333334,0.04380381677328799,1.09266109698589,1.0545490348678495,1.1173321628178279,0.1743337589435578,0.16622368409854202,0.1827545089152856,0.003850763588668305,0.0037073399599442257,0.0040596633830573565,0.6584898142789819,0.6485554774307468,0.6722787029029778,0.2923234378439371,0.2739983442480516,0.30778415621084776,2.0,2.0,3.0,1.869591825384468,1.4874172942504789,1.9983524462030742,,,,0.9609287028338285,230
1029,22,cost-level,laplace,power_law,0.4,4,2246,proportional,50,0.0,False,162.0747992992401,14.734072663567282,0.5,0.12717,2.0,0.8302197374243259,0.08571786666666667,0.017997866666666668,5.6033333333333335,123.37766666666667,5.596,0.04541610718309364,1.0839929436044866,1.0449740539348433,1.109176174099413,0.17477969805905885,0.16172257905189658,0.18531305534283365,0.003806841699731775,0.00360796846759124,0.004108439062938815,0.6511106875586978,0.645545735563565,0.6633658747081875,0.2935182562869787,0.27771220909981,0.3208635544324724,2.0,2.0,3.0,1.8638355398223485,1.4872586211274665,1.9978978486004435,,,,0.9295047898996506,239
1030,22,cost-level,laplace,power_law,0.5,0,2242,proportional,50,0.0,False,160.15611171722412,14.559646519747647,0.5,0.12717,2.0,0.8436583217717428,0.08692506666666666,0.018400533333333333,5.509666666666667,123.21766666666667,5.524333333333334,0.044714908305897694,1.062795050801967,1.0478415017488991,1.102247415301726,0.17708745392485212,0.16726966723794381,0.18847528141016182,0.0038619659119866596,0.0036079163880544654,0.004138612954440593,0.656558529217905,0.6476385403133296,0.6625954826068607,0.2910628710190606,0.2707411216790778,0.31153297120739204,2.0,2.0,3.0,1.8722929923053924,1.4882298884173242,1.9976034660665185,,,,0.9150726250149415,219
1031,22,cost-level,laplace,power_law,0.5,1,2243,proportional,50,0.0,False,158.71553373336792,14.428684884851629,0.5,0.12717,2.0,0.8479866872036419,0.0814828,0.016589066666666666,5.555666666666666,123.22633333333333,5.555666666666666,0.04508506028202846,1.060446603723001,1.0289446717447308,1.114292435163305,0.1774796253124929,0.16212487362082162,0.18874351496366532,0.003907042716385223,0.003578615417912572,0.0040218434728258295,0.6519777079165519,0.6442812511606943,0.6648193070382916,0.2957582856712021,0.26624481816069234,0.3068080737749067,2.0,2.0,3.0,1.877095530131813,1.498073160498947,1.997136708088066,,,,0.9250955945192761,227
1032,22,cost-level,laplace,power_law,0.5,2,2244,proportional,50,0.0,False,169.9878351688385,15.453439560803501,0.5,0.12717,2.0,0.8441739260709749,0.0841576,0.018079333333333333,5.613,123.366,5.602,0.04549875978794806,1.0932021010973478,1.0563439970830781,1.1315584567426693,0.1751437810045275,0.1634735524063944,0.18219082791718616,0.003814168554214484,0.003601259044180287,0.004010766633873658,0.6515366311618176,0.6417450391231915,0.6602449897400756,0.2945385746822642,0.2784820620069042,0.3054292287712812,2.0,2.0,3.0,1.8900028248244416,1.4924721277064417,1.997757303896987,,,,0.98918331138846,255
1033,22,cost-level,laplace,power_law,0.5,3,2245,proportional,50,0.0,False,138.80145812034607,12.618314374576915,0.5,0.12717,2.0,0.8488462051152388,0.09013866666666667,0.018944266666666668,5.411333333333333,123.52366666666667,5.409666666666666,0.04380806916893119,1.1051955683279993,1.0539631464559769,1.1505109055742537,0.17000437719082484,0.15806874049491001,0.18538959838678057,0.0037239698465933923,0.0035485379204919657,0.004077716902405612,0.653645701818678,0.6359598868971971,0.66408432674107,0.2967597491207997,0.2793820095960053,0.3130586183391427,2.0,2.0,3.0,1.890845036494553,1.4998977711133699,1.9989102494067639,,,,0.9532413705182963,247
1034,22,cost-level,laplace,power_law,0.5,4,2246,proportional,50,0.0,False,141.77983403205872,12.889075821096247,0.5,0.12717,2.0,0.8414424085922656,0.08487253333333333,0.017805733333333334,5.561333333333334,123.35233333333333,5.546,0.0450849463731263,1.0899014290893476,1.0496686705732694,1.1278454225677579,0.1708634092957421,0.15793701101505114,0.1787218419770598,0.003854098510526394,0.0035124520335664965,0.004103173168101385,0.6494384972721692,0.6431400920964794,0.6598587952774115,0.3004310844659219,0.2814130929622741,0.3253534307635891,2.0,2.0,3.0,1.8820534444348322,1.4905641687973188,1.9985829274429907,,,,0.9155820541890363,272
1035,23,cost-level,laplace,power_law,0.0,0,2342,proportional,50,0.0,False,135.33938813209534,12.303580739281394,2.0,0.12717,,,0.11234293333333334,0.0,0.0,125.203,0.0,0.0,1.0374028488110285,1.005468290979223,1.061158082344629,0.1781629886362131,0.16788497121238022,0.19328572758270798,0.003563259772724262,0.0033576994242476045,0.003865714551654158,0.657634539204967,0.650507672835598,0.6675897632423583,0.0,0.0,0.0,,,,,,,,,,,0
1036,23,cost-level,laplace,power_law,0.0,1,2343,proportional,50,0.0,False,136.18333196640015,12.380302906036377,2.0,0.12717,,,0.1098552,0.0,0.0,125.23866666666666,0.0,0.0,1.054173137255689,1.0345344050241292,1.1157529579180254,0.18107664123037998,0.16916314223778725,0.1927634298249064,0.003621532824607599,0.0033832628447557456,0.003855268596498128,0.6591824108331974,0.6458918617667753,0.6684485273265697,0.0,0.0,0.0,,,,,,,,,,,0
1037,23,cost-level,laplace,power_law,0.0,2,2344,proportional,50,0.0,False,133.7885389328003,12.16259444843639,2.0,0.12717,,,0.1257384,0.0,0.0,125.046,0.0,0.0,1.060866200802263,1.027275242273789,1.098394185479916,0.17088115319317565,0.16650549509865842,0.18752147255776702,0.0034176230638635124,0.003330109901973167,0.003750429451155341,0.6581464986237778,0.6448678603614693,0.6653597367579727,0.0,0.0,0.0,,,,,,,,,,,0
1038,23,cost-level,laplace,power_law,0.0,3,2345,proportional,50,0.0,False,123.58318424224854,11.234834931113504,2.0,0.12717,,,0.12739813333333333,0.0,0.0,125.19966666666667,0.0,0.0,1.0760094372787004,1.0227276416496087,1.1140270280377707,0.18083961878640897,0.17013359803472278,0.19155760057121574,0.0036167923757281784,0.0034026719606944566,0.003831152011424316,0.658381719352015,0.6432833077086942,0.6687886029555429,0.0,0.0,0.0,,,,,,,,,,,0
1039,23,cost-level,laplace,power_law,0.0,4,2346,proportional,50,0.0,False,131.3392584323883,11.939932584762573,2.0,0.12717,,,0.11252066666666667,0.0,0.0,124.74133333333333,0.0,0.0,1.055991943815715,1.0228300647239326,1.1031879807506693,0.17549501495743644,0.16309923358920406,0.18872011322670265,0.0035099002991487278,0.0032619846717840805,0.0037744022645340523,0.6520007184810951,0.6416804971033598,0.665041449428486,0.0,0.0,0.0,,,,,,,,,,,0
1040,23,cost-level,laplace,power_law,0.01,0,2342,proportional,50,0.0,False,125.4070074558258,11.40063704143871,2.0,0.12717,2.0,0.8646665519903265,0.108954,0.0033516,0.7546666666666667,124.83333333333333,0.757,0.0060453938584779715,1.0370378508874243,1.0040194070996746,1.0613988187660055,0.17808031383349443,0.16780391981623444,0.19326774105559702,0.003590244949753013,0.0033750731073926136,0.003888908723178163,0.6584975192580589,0.6502836889304978,0.6678346668501649,0.040690906737055256,0.0337112853259553,0.04646341601273738,2.0,2.0,2.0,1.762270010329309,1.4342733752882715,1.951591381096224,,,,1.4797408940633003,33
1041,23,cost-level,laplace,power_law,0.01,1,2343,proportional,50,0.0,False,143.41167211532593,13.037424737756902,2.0,0.12717,2.0,0.8732207143748083,0.10674973333333333,0.0030738666666666665,0.6723333333333333,124.91533333333334,0.6656666666666666,0.0053823122861885115,1.05997555941646,1.03519477665391,1.1078309381999563,0.18108552667020478,0.16917996079738473,0.19268288237277556,0.0036492516819473845,0.00340933733876717,0.003905819965054346,0.6590701713013768,0.6453896434985285,0.6683406588801175,0.035265232686427186,0.032401692179750446,0.037817054689036816,2.0,2.0,2.0,1.7658825158164615,1.4264169308334247,1.952637463337428,,,,0.756294161434319,53
1042,23,cost-level,laplace,power_law,0.01,2,2344,proportional,50,0.0,False,162.8056788444519,14.800516258586537,2.0,0.12717,2.0,0.8705672396800906,0.1199444,0.005750133333333333,1.1176666666666666,124.66766666666666,1.108,0.008965168728593086,1.0650065912078237,1.033428960714525,1.1021365202683613,0.17089985819880618,0.16639395739772542,0.18751165872757414,0.0034672397276227654,0.00337127622256241,0.0038221632298195436,0.6581569735715896,0.6445575966435942,0.6662683262670344,0.06294719651767451,0.052280055305509,0.07331335880832597,2.0,2.0,2.0,1.7781600045387178,1.4680027720473718,1.957803610151883,,,,0.8936911612035862,88
1043,23,cost-level,laplace,power_law,0.01,3,2345,proportional,50,0.0,False,145.08064603805542,13.18914963982322,2.0,0.12717,2.0,0.8601410710540647,0.12146733333333333,0.0058713333333333334,1.109,124.884,1.1116666666666666,0.008880240863521347,1.0744329688050236,1.0208033535421093,1.123429543053313,0.18088475404655519,0.17008225226008608,0.1914132811361352,0.0036526090088814913,0.003436422723886284,0.003869078690910262,0.6582958349332356,0.6448498727598687,0.6699524647681119,0.060365412031154544,0.05307982912348355,0.06776067419532317,2.0,2.0,2.0,1.7586114664346117,1.435434451921365,1.9541911327586305,,,,0.9247602010844096,78
1044,23,cost-level,laplace,power_law,0.01,4,2346,proportional,50,0.0,False,143.28137588500977,13.025579625909979,2.0,0.12717,2.0,0.877328003356234,0.10895973333333334,0.0035292,0.7666666666666667,124.835,0.7723333333333333,0.00614144003417845,1.056923277208131,1.024150909550523,1.1028141538931735,0.1754913784757675,0.16307466197371914,0.18859167403032007,0.0035446939386683807,0.00327900993829433,0.003793390169611225,0.6535594817501109,0.6415907648136929,0.664943778751705,0.039543776944276916,0.03408831988573982,0.044789697482068985,2.0,2.0,2.0,1.7708086914714203,1.4629546804616713,1.9548297082392292,,,,0.8311190994343549,37
1045,23,cost-level,laplace,power_law,0.02,0,2342,proportional,50,0.0,False,148.0623073577881,13.460209759798916,2.0,0.12717,2.0,0.8632183228138551,0.10350333333333334,0.008647066666666666,2.1416666666666666,124.76833333333333,2.139666666666667,0.01716514607071773,1.0374035193955558,1.010913059285542,1.055591686460998,0.17830923936169357,0.16765897710332114,0.19310980929191068,0.003725478624489435,0.003477562399776926,0.003965548443108067,0.6597479421084149,0.6504389041198958,0.6680532380213215,0.10791399274249966,0.09605352010106101,0.11971548569571991,2.0,2.0,2.0,1.7906216468432592,1.4625445793732075,1.9718163327822698,,,,0.9847579022677064,114
1046,23,cost-level,laplace,power_law,0.02,1,2343,proportional,50,0.0,False,146.09902095794678,13.281729177995162,2.0,0.12717,2.0,0.869674399687263,0.10135986666666667,0.0083368,2.099,124.74633333333334,2.0953333333333335,0.016826145858662513,1.0635092696670652,1.0392725875138775,1.1141187903001688,0.1807997816399822,0.16911476837553763,0.19271315079739,0.0037212655792748014,0.0035449623735833665,0.003957378181064994,0.6598522131351219,0.6479680340047344,0.6681470542973865,0.1003088824577151,0.08794527807641037,0.12040400963391112,2.0,2.0,2.0,1.7970947847787246,1.4925967602154944,1.9675399388790944,,,,0.9345292273846242,115
1047,23,cost-level,laplace,power_law,0.02,2,2344,proportional,50,0.0,False,153.91694283485413,13.992449348623103,2.0,0.12717,2.0,0.853740901629466,0.1150892,0.010466933333333333,2.2336666666666667,124.70233333333333,2.234,0.0179119877468211,1.0645187709112904,1.0359501410254806,1.1107041735576524,0.1707368022454514,0.166293681713796,0.18733933187064045,0.003579405096465764,0.003411293817867245,0.0039026955955413435,0.659634037502688,0.6465828839963511,0.666047567541554,0.12306252672860413,0.11759154896776496,0.13948146582000348,2.0,2.0,2.0,1.7879462099855663,1.454557936240556,1.9688132367363371,,,,0.8283881160368161,127
1048,23,cost-level,laplace,power_law,0.02,3,2345,proportional,50,0.0,False,147.46513843536377,13.40592167594216,2.0,0.12717,2.0,0.851873203589324,0.1164284,0.010773066666666666,2.247,124.52733333333333,2.254,0.018044231253111765,1.0712405232574596,1.0226574645295017,1.120665546787945,0.1809567206525769,0.17012631845027965,0.19159768003000147,0.0037365446514519155,0.003509084270351709,0.003941908416745136,0.6614920954333396,0.645663640953599,0.6703931281482512,0.13063849651598874,0.11124962942146728,0.1407239786758771,2.0,2.0,2.0,1.790927300535886,1.4468281653003094,1.974749614202939,,,,0.8021375745981015,119
1049,23,cost-level,laplace,power_law,0.02,4,2346,proportional,50,0.0,False,125.6995894908905,11.427235408262773,2.0,0.12717,2.0,0.8658586027691203,0.10357853333333333,0.008769733333333333,2.112,124.629,2.114333333333333,0.016946296608333532,1.0552611351097383,1.0252252818691616,1.1045643859680756,0.17528625346725657,0.16297826692820247,0.18842738499946493,0.003598510315406692,0.003316010315756332,0.003842871490058029,0.6528202132799665,0.6433666382218701,0.6660123990683717,0.10894173868751204,0.09251243574139499,0.11989204254157532,2.0,2.0,2.0,1.7987170934316221,1.479918848595946,1.9716792120663629,,,,1.0203561384855466,106
1050,23,cost-level,laplace,power_law,0.05,0,2342,proportional,50,0.0,False,124.64806485176086,11.331642259250987,2.0,0.12717,2.0,0.8479637973994616,0.0989212,0.012668933333333333,3.469,124.139,3.472,0.027944481589186315,1.0459043153856666,1.0118281210826563,1.0724726997276663,0.17813539945882945,0.16770774319632054,0.19223798210805945,0.0038464593725020322,0.003546673363976435,0.00412413785454585,0.664746749545774,0.6541580609207398,0.6715124996499355,0.19056192526397717,0.1756952942702071,0.21325562950269705,2.0,2.0,2.0,1.824159421674683,1.4820553649034973,1.985599054039456,,,,1.0254591260834869,144
1051,23,cost-level,laplace,power_law,0.05,1,2343,proportional,50,0.0,False,129.52917909622192,11.775379917838357,2.0,0.12717,2.0,0.8526654078443251,0.09632026666666667,0.012921866666666667,3.511,124.11833333333334,3.501333333333333,0.028287521317022734,1.0644243744564077,1.0274443661092258,1.118797422349382,0.18196135662515772,0.1692555105772796,0.1917974182193844,0.0038064734995127336,0.0036149679197036177,0.004053999873302351,0.6635058534559188,0.6503956844448227,0.6716122129959622,0.18935145934629521,0.16959960132064275,0.20287383188044483,2.0,2.0,2.0,1.8308457497531192,1.4752091633850606,1.9876538870370886,,,,0.7849520253461888,191
1052,23,cost-level,laplace,power_law,0.05,2,2344,proportional,50,0.0,False,132.6425085067749,12.058409864252264,2.0,0.12717,2.0,0.8368247545409456,0.11055026666666666,0.014500666666666667,3.2736666666666667,124.22166666666666,3.266,0.026353427340909397,1.0657400854318189,1.0427387400439891,1.1107599425980226,0.17007061466375484,0.1656377090893,0.1879352724479389,0.0036726197698369635,0.0035739400661474996,0.003948055279102881,0.6599005328044502,0.6518643991298599,0.6688502674565409,0.18503993885563977,0.1766546919235577,0.2071221733444185,2.0,2.0,2.0,1.8069401045436866,1.4442473807325522,1.9846478905461153,,,,0.9059454149603597,185
1053,23,cost-level,laplace,power_law,0.05,3,2345,proportional,50,0.0,False,132.1514434814453,12.0137675892223,2.0,0.12717,2.0,0.8414987212436794,0.11246573333333333,0.0142692,3.1786666666666665,124.52633333333333,3.1773333333333333,0.025526060083677082,1.0736130697865645,1.0241013938779184,1.120017836628282,0.18000339863978554,0.16997921153564988,0.19165498286294802,0.003797582281170484,0.003591294689415502,0.004087495579212891,0.6641216624800814,0.6493199692018315,0.6751197979790268,0.18312294723826228,0.16536161291234713,0.19593120920215257,2.0,2.0,2.0,1.817711975201513,1.4702187970620777,1.983867895442514,,,,0.9834724233997669,160
1054,23,cost-level,laplace,power_law,0.05,4,2346,proportional,50,0.0,False,130.55778098106384,11.868889180096714,2.0,0.12717,2.0,0.8407179495128343,0.09891013333333333,0.012933733333333332,3.502,124.33466666666666,3.505333333333333,0.028165917791766307,1.0600853633194345,1.0351066871516095,1.110851899445612,0.17409760918804768,0.1617569812162414,0.1885982460380378,0.0037811382721839337,0.0034605079732448344,0.003978572196482442,0.6564497319199496,0.6481294659092234,0.6732432080782499,0.18506876635728348,0.16691616172053458,0.20609041235366748,2.0,2.0,2.0,1.8152672099628853,1.4666442054771638,1.9839689296751182,,,,0.9179544097217072,164
1055,23,cost-level,laplace,power_law,0.1,0,2342,proportional,50,0.0,False,130.54110455513,11.867373141375454,2.0,0.12717,2.0,0.8333217140227164,0.0956692,0.0151348,4.151,124.20833333333333,4.141,0.033419657832941964,1.0402591852393746,1.015212629922727,1.0748523863752957,0.17610586138667822,0.16800750403024994,0.19218288102147413,0.0037975694370824048,0.003635533085652624,0.004056271790566444,0.6623221390369314,0.6557152060373359,0.6706221195413151,0.22068886509333463,0.20193588817451236,0.23698731630285594,2.0,2.0,2.0,1.8233628727190738,1.4778417490650049,1.9912497268485914,,,,0.9486732681238017,194
1056,23,cost-level,laplace,power_law,0.1,1,2343,proportional,50,0.0,False,137.51702499389648,12.501547726717861,2.0,0.12717,2.0,0.8370588732251851,0.09342306666666667,0.014978133333333333,4.180666666666666,123.925,4.165,0.03373545827449398,1.0572591011181567,1.0238671829601784,1.1108218126509026,0.1811755428584195,0.16836011389792865,0.1923065985284887,0.0038457144541437114,0.003679443315831808,0.004201261159678679,0.6621510855667012,0.6496974983922225,0.6730856041973072,0.22053246760952872,0.20757273426998477,0.23469927894460338,2.0,2.0,2.0,1.8229053694338107,1.4763500058526422,1.9886206661723382,,,,0.8571694705739992,213
1057,23,cost-level,laplace,power_law,0.1,2,2344,proportional,50,0.0,False,133.89113807678223,12.171921643343838,2.0,0.12717,2.0,0.8226323684392607,0.10769933333333333,0.016463333333333333,3.8946666666666667,124.10166666666667,3.8863333333333334,0.031382871570352265,1.0737930637321327,1.0401073989746563,1.1080234460069092,0.16891761933949567,0.16537849537490285,0.18715316224639067,0.003717168701051697,0.0035444853809537048,0.0040125961299607845,0.664693644685679,0.649869155077051,0.67009992189487,0.23024946521721226,0.21130146065972336,0.24594917787606554,2.0,2.0,2.0,1.8104457871388169,1.432520880465356,1.9894086612666928,,,,0.9469890081731034,196
1058,23,cost-level,laplace,power_law,0.1,3,2345,proportional,50,0.0,False,128.67231512069702,11.697483192790639,2.0,0.12717,2.0,0.8229218184700451,0.10940333333333334,0.016390533333333332,3.7796666666666665,124.16433333333333,3.7803333333333335,0.03044084049901609,1.0847923142660114,1.027098988141081,1.1227501006855638,0.17886872955522315,0.16928821640701458,0.19030528937029942,0.003829864969557663,0.0036264006679254976,0.004081273585171327,0.6623149148756435,0.6493983054039707,0.6733599145277644,0.2207258536989071,0.20918440475812006,0.24325513969491472,2.0,2.0,2.0,1.8005007685391934,1.4333328930044074,1.9865746813167406,,,,0.9820334187067379,188
1059,23,cost-level,laplace,power_law,0.1,4,2346,proportional,50,0.0,False,132.66606426239014,12.060551296580922,2.0,0.12717,2.0,0.8297637236048314,0.09589613333333333,0.0150204,4.131666666666667,124.235,4.133666666666667,0.03325686534927087,1.0609164735388146,1.0246697395826883,1.1005990520095652,0.17355969234866175,0.16285925289465103,0.18845773142994707,0.003726942866168497,0.0034888287146190846,0.004001868093304703,0.6561615526530522,0.6460419188975155,0.667252720268062,0.21657586005981122,0.2084935054034912,0.24399680981943012,2.0,2.0,2.0,1.8259128598855774,1.4647184897733765,1.9910794862995467,,,,0.9243163058451913,205
1060,23,cost-level,laplace,power_law,0.2,0,2342,proportional,50,0.0,False,142.12234807014465,12.920213460922241,2.0,0.12717,2.0,0.8319019087187093,0.09218546666666666,0.016784666666666666,4.726666666666667,123.80733333333333,4.737,0.03817759852674316,1.0491050437297713,1.0215785858029458,1.0883297160887724,0.1749296699788786,0.1643489144187097,0.1921468701700082,0.003908306644563035,0.003548002159475447,0.004113411525409229,0.6607242770340831,0.6499885000077064,0.6694794950238618,0.2466783834367187,0.21902290707382016,0.28225468589972275,2.0,2.0,3.0,1.8365972598935132,1.4573183303004305,1.9947987232566995,,,,0.9958842415363194,200
1061,23,cost-level,laplace,power_law,0.2,1,2343,proportional,50,0.0,False,125.34907150268555,11.395370136607777,2.0,0.12717,2.0,0.8370697178692927,0.09023093333333333,0.01638533333333333,4.77,123.844,4.768,0.03851619779722877,1.0891397167908554,1.022520855598148,1.1298847689711506,0.1799822748555786,0.16716765282374282,0.1901970059164822,0.0038250477521596937,0.003652121338746208,0.004247969181955228,0.660608134884978,0.6521245348819479,0.672670160506001,0.25786474750585575,0.24553866744507358,0.2763635569269795,2.0,2.0,3.0,1.8392309158508509,1.4768522296355062,1.9918351163402774,,,,0.8677956592794166,223
1062,23,cost-level,laplace,power_law,0.2,2,2344,proportional,50,0.0,False,139.16937375068665,12.651761250062423,2.0,0.12717,2.0,0.8331368453027028,0.10305186666666667,0.019070266666666665,4.497,123.80433333333333,4.484666666666667,0.036323445867538294,1.0807111192427932,1.0413726331157451,1.1078331244114574,0.16955628483669993,0.16305671432472899,0.18243495009946334,0.003805183300078766,0.0035051036651102575,0.003988801552101651,0.660669784726166,0.6475253242763549,0.6691764700278362,0.2610843275339756,0.23331303735871817,0.2763008626430282,2.0,2.0,3.0,1.8463045449843132,1.4699415436904182,1.9953450327211675,,,,0.8801978570367025,222
1063,23,cost-level,laplace,power_law,0.2,3,2345,proportional,50,0.0,False,138.38281631469727,12.580256028608842,2.0,0.12717,2.0,0.8299209547383106,0.10521146666666667,0.0185304,4.411333333333333,123.79033333333334,4.405333333333333,0.03563552350614345,1.0978328878530317,1.039029225063075,1.1335962260756516,0.17587984721424782,0.16852858100368312,0.1878079628389985,0.0038572743541737406,0.0035977866396897456,0.0040827348493531,0.6631601006283169,0.6476391647611833,0.6729998994534228,0.24919477563306403,0.23245375321668807,0.2696038703702733,2.0,2.0,3.0,1.833881770430568,1.4517634445310512,1.993136369064139,,,,0.8650504141033813,211
1064,23,cost-level,laplace,power_law,0.2,4,2346,proportional,50,0.0,False,136.55939936637878,12.41449085148898,2.0,0.12717,2.0,0.8326361308937269,0.09201546666666667,0.0168948,4.792333333333334,123.774,4.7973333333333334,0.03871841689961812,1.0765152837435759,1.0342072092720538,1.1159334347441006,0.17235015577756416,0.15985334598800752,0.1855496199506011,0.0038416435805034028,0.0034709004928925743,0.0040501601049058355,0.6531997224515427,0.6446409167887852,0.6644823153710474,0.26354210112446763,0.23857587972982786,0.2704623667283372,2.0,2.0,3.0,1.8449751351262325,1.486835744388886,1.993695606581263,,,,0.9180073605691597,210
1065,23,cost-level,laplace,power_law,0.3,0,2342,proportional,50,0.0,False,137.07485938072205,12.461350852792913,2.0,0.12717,2.0,0.8336305723855224,0.08940426666666666,0.017443866666666665,5.132333333333333,123.75833333333334,5.118,0.04147060803986263,1.0504288414002199,1.0323577674771782,1.0949334470110905,0.1764758761473446,0.16476047275183014,0.19024009999053115,0.0038233289822801617,0.003583907662192288,0.004122851697225828,0.6571208749284416,0.649919434351719,0.6701482050944301,0.27074361200877184,0.25692481799174,0.2922180328358697,2.0,2.0,3.0,1.8549982750615754,1.484753716124823,1.9957755523347283,,,,0.9106086554977451,222
1066,23,cost-level,laplace,power_law,0.3,1,2343,proportional,50,0.0,False,136.80955815315247,12.437232559377497,2.0,0.12717,2.0,0.8378545279654039,0.0875644,0.017112133333333335,5.139666666666667,123.65333333333334,5.122,0.04156512831572137,1.076998879033125,1.0320284731846077,1.0986454311164287,0.17349052418488015,0.1680744289023585,0.1883326181358856,0.003866108474941941,0.003643664190935611,0.00413580967239667,0.6587088781853326,0.649896943351244,0.6677564693652198,0.27500758626185606,0.25341289900148656,0.2937792277332901,2.0,2.0,3.0,1.8600706985365885,1.4817432849164511,1.9963527021372216,,,,0.8692325642744442,236
1067,23,cost-level,laplace,power_law,0.3,2,2344,proportional,50,0.0,False,128.89707708358765,11.717916098507969,2.0,0.12717,2.0,0.8406206454299032,0.0999888,0.020113333333333334,4.867666666666667,123.49,4.847,0.03941749669338948,1.0920841072092036,1.0322953570879818,1.117926127900989,0.16866786830268102,0.15993834140513863,0.1815315746730935,0.003728217672584193,0.0034894112701643024,0.003926476078027595,0.6532091030400401,0.646580672204351,0.6653299023150002,0.2602347013741789,0.24175602681510183,0.2992961943489747,2.0,2.0,3.0,1.8601380425336642,1.4884446901088269,1.9964028173511608,,,,0.9361965574285812,251
1068,23,cost-level,laplace,power_law,0.3,3,2345,proportional,50,0.0,False,137.11161422729492,12.464692202481357,2.0,0.12717,2.0,0.8331946360781233,0.10196573333333334,0.019683333333333334,4.7956666666666665,123.86466666666666,4.805,0.03871698681894756,1.0905874074329378,1.0249953559859275,1.1315206841229661,0.1766244192700337,0.16540951759654882,0.18711777437609142,0.0038658508729597276,0.0036524521878610336,0.004012051414764805,0.6592424038290972,0.6457916871353363,0.6666090099823273,0.2677410650298173,0.24901098076267025,0.28036313047154227,2.0,2.0,3.0,1.8619746129659185,1.476478305981529,1.9972885836630812,,,,0.9177665407086997,210
1069,23,cost-level,laplace,power_law,0.3,4,2346,proportional,50,0.0,False,142.68577075004578,12.971433704549616,2.0,0.12717,2.0,0.8321958690262699,0.08965626666666666,0.017693466666666668,5.103666666666666,123.64,5.097333333333333,0.041278442790898304,1.0837865565763538,1.0348531187492183,1.1393024379351797,0.1700573819009864,0.15908423248750164,0.18345185731531718,0.003684115435373402,0.003521137151711823,0.004048136284832297,0.6503778872452628,0.6427568279324138,0.661811364684735,0.2690746299483615,0.2442831404474058,0.2780689725240787,2.0,2.0,3.0,1.8512087631099279,1.4755423655827637,1.9957177675736504,,,,0.8978853405071201,259
1070,23,cost-level,laplace,power_law,0.4,0,2342,proportional,50,0.0,False,126.88710975646973,11.535191796042703,2.0,0.12717,2.0,0.8435908050151573,0.08766906666666667,0.0176948,5.220666666666666,123.56066666666666,5.2156666666666665,0.042251849294004024,1.0616540353565607,1.0524541966821763,1.0973678616728515,0.1698481983208546,0.1652884134020446,0.18617516405028833,0.0037281377811277257,0.0035984222289687628,0.004017413001632279,0.6562068921779394,0.6470951937048989,0.6624372137552821,0.27204797658553304,0.25190813382792865,0.2879034683809504,2.0,2.0,3.0,1.8735235771437213,1.4924542291654552,1.997691613544046,,,,0.79945958581113,247
1071,23,cost-level,laplace,power_law,0.4,1,2343,proportional,50,0.0,False,141.31153678894043,12.84650334444913,2.0,0.12717,2.0,0.8434322756345756,0.08600986666666667,0.017188933333333333,5.2363333333333335,123.44,5.234666666666667,0.0424200691294016,1.0769787888938593,1.0473553226669985,1.1074571309299428,0.17625089420849677,0.16591208304506738,0.18755364625057247,0.003813123724659075,0.003672358341670294,0.0040979620326619705,0.6574580889564571,0.6443912024748912,0.6644965112978585,0.27195528112130585,0.2552060197403052,0.29850440184620675,2.0,2.0,3.0,1.8621929945579496,1.491710454755493,1.9972598610052086,,,,0.9246018562258017,243
1072,23,cost-level,laplace,power_law,0.4,2,2344,proportional,50,0.0,False,145.174378156662,13.197670741514726,2.0,0.12717,2.0,0.8522412687890112,0.097096,0.0209488,5.140666666666666,123.442,5.132333333333333,0.041644388997801936,1.0819072588246708,1.0311611377996768,1.1485886592139782,0.16910221117838536,0.16058850098561397,0.17973795734905107,0.0037080697200552494,0.0035811760430244084,0.003981855012345644,0.6526865021745302,0.6413702563272381,0.6656435508610884,0.2732625850677882,0.26117855447727784,0.284749775851303,2.0,2.0,3.0,1.881474542434097,1.5104988461660844,1.9986960816090291,,,,0.9214192254036873,253
1073,23,cost-level,laplace,power_law,0.4,3,2345,proportional,50,0.0,False,145.07153010368347,13.188320918516679,2.0,0.12717,2.0,0.8513312016835789,0.09957813333333333,0.020147066666666668,5.024666666666667,123.66533333333334,5.025,0.04063116583467207,1.0955451812836172,1.0375631436080295,1.140001303070962,0.1742373701669686,0.16513663185775307,0.18957242071335956,0.0037604455997785812,0.0035758685524061836,0.004118812098677952,0.65663744084157,0.6445991940872593,0.6693570413666754,0.27434596970974334,0.25472025612714133,0.29325395555479933,2.0,2.0,3.0,1.883411740335367,1.5168151358578412,1.9985226378322785,,,,0.8742372465491735,226
1074,23,cost-level,laplace,power_law,0.4,4,2346,proportional,50,0.0,False,144.1105306148529,13.100957328622991,2.0,0.12717,2.0,0.8407047180190792,0.08762693333333334,0.017735733333333333,5.242333333333334,123.38333333333334,5.242,0.04248818046737809,1.0915458391610895,1.0405431093013187,1.1341187529260215,0.17005357532855414,0.16028700792700212,0.18416365983055408,0.003710194358622547,0.003532435713564682,0.003981183125060831,0.6489654940155932,0.6411756964252251,0.6623199753566196,0.268061857101985,0.25568554378604724,0.29671920141746294,2.0,2.0,3.0,1.8725847054833606,1.5030526444662238,1.9974434238152705,,,,0.9882361481424612,259
1075,23,cost-level,laplace,power_law,0.5,0,2342,proportional,50,0.0,False,141.782071352005,12.889279213818638,2.0,0.12717,2.0,0.8535224079585035,0.0872008,0.017195466666666666,5.146,123.54133333333333,5.146333333333334,0.04165407528924193,1.069746100860745,1.0320328546679218,1.092987402516419,0.1726606564334633,0.16184524128304636,0.18818193669846472,0.0038621458596965986,0.0035977364582413314,0.003997083091922681,0.6528902601833602,0.6478387031589485,0.6616109581388532,0.2644176921290353,0.24175832965086264,0.2759691660928539,2.0,2.0,3.0,1.8883411088078401,1.5194301841121456,1.9985398146379767,,,,0.9431641178262915,207
1076,23,cost-level,laplace,power_law,0.5,1,2343,proportional,50,0.0,False,142.91522407531738,12.992293097756125,2.0,0.12717,2.0,0.8586819626252851,0.08587573333333333,0.016674,5.139333333333333,123.363,5.122,0.04166024929138666,1.0876368795215656,1.0401592016202068,1.1315136820030411,0.17462814020585782,0.16496630027517173,0.1910252799039369,0.0038128811320113118,0.0035769618681345764,0.004068865593764523,0.6559487501299648,0.6414279291745226,0.6648720486702078,0.2596506327166601,0.2398522406042518,0.2772829759026292,2.0,2.0,3.0,1.8876138662878292,1.5132682969004696,1.9977465563893884,,,,0.9475279897827977,242
1077,23,cost-level,laplace,power_law,0.5,2,2344,proportional,50,0.0,False,144.12918853759766,13.102653503417969,2.0,0.12717,2.0,0.8645254089946853,0.09696586666666666,0.019824933333333333,5.049333333333333,123.652,5.046666666666667,0.04083503164795825,1.0826816326080024,1.0389188033781258,1.1322391997303651,0.16693088427959463,0.1578311550035963,0.18427798562500822,0.00366946503719049,0.003395221853902906,0.00405602053624223,0.6521722808060142,0.6371081502263765,0.6647406664043066,0.2602582817345239,0.24491683576252282,0.28530601480119017,2.0,2.0,3.0,1.8957295093031479,1.5270482127505005,1.9988439772619402,,,,0.982369185058291,244
1078,23,cost-level,laplace,power_law,0.5,3,2345,proportional,50,0.0,False,144.6525056362152,13.150227785110474,2.0,0.12717,2.0,0.859556444447176,0.09873906666666667,0.019965866666666665,5.012,123.51,4.998,0.04057971014492753,1.0933716312842845,1.0329717597022596,1.13521702574421,0.17549785310662458,0.16600936520638032,0.18314113245036123,0.0038189642429159484,0.0035392554269193513,0.00406519298393728,0.6565675098513749,0.6391629848013102,0.6643194458068129,0.26486398613108486,0.250003648934599,0.278943938374848,2.0,2.0,3.0,1.8956407580815344,1.521648359327302,1.9987023846033063,,,,0.8717254473648695,245
1079,23,cost-level,laplace,power_law,0.5,4,2346,proportional,50,0.0,False,138.5779197216034,12.597992701963944,2.0,0.12717,2.0,0.858223430750169,0.08734533333333333,0.017354933333333333,5.172,123.66766666666666,5.175666666666666,0.04182176424449398,1.070040605823458,1.049020848607932,1.1257563374880646,0.1726182202979964,0.1587683233350243,0.18164536726706565,0.0037383166259235294,0.003517434394537739,0.0038844433805803966,0.6500923755016844,0.6384846551414092,0.6624963170923595,0.2620412518775045,0.2491674846366813,0.2741894460174683,2.0,2.0,3.0,1.8860726399107017,1.5203117762127203,1.9978146532336674,,,,0.9461289101117045,238
1080,24,lookback,laplace,power_law,0.0,0,2442,proportional,200,0.0,False,214.83552932739258,19.530502666126598,1.0,0.12717,,,0.10844733333333334,0.0,0.0,124.956,0.0,0.0,1.0626250282330743,1.0122701888792305,1.1064948127212895,0.18024448844620863,0.1665869837931724,0.18938568000450115,0.003604889768924172,0.003331739675863447,0.0037877136000900235,0.6589595087996876,0.6454042773090066,0.6677951882507414,0.0,0.0,0.0,,,,,,,,,,,0
1081,24,lookback,laplace,power_law,0.0,1,2443,proportional,200,0.0,False,210.33467054367065,19.12133368578824,1.0,0.12717,,,0.12307653333333334,0.0,0.0,125.213,0.0,0.0,1.06420015913977,1.028017548855203,1.0815279637708863,0.1730759421691076,0.16903314936096256,0.19498502586523492,0.0034615188433821517,0.0033806629872192503,0.003899700517304698,0.6557708436062194,0.6457943703288749,0.6648709258254312,0.0,0.0,0.0,,,,,,,,,,,0
1082,24,lookback,laplace,power_law,0.0,2,2444,proportional,200,0.0,False,220.37852454185486,20.034411321986806,1.0,0.12717,,,0.1089332,0.0,0.0,124.54333333333334,0.0,0.0,1.0802720823527387,1.035324038904207,1.1172328153747568,0.1786450363259303,0.170003105374852,0.187003123194805,0.003572900726518606,0.0034000621074970396,0.0037400624638960983,0.6544680450504731,0.6462637056381477,0.6600375240783335,0.0,0.0,0.0,,,,,,,,,,,0
1083,24,lookback,laplace,power_law,0.0,3,2445,proportional,200,0.0,False,218.86905980110168,19.89718725464561,1.0,0.12717,,,0.12096026666666666,0.0,0.0,124.917,0.0,0.0,1.0375113714339457,1.0190640469895933,1.073735554209793,0.186326592377444,0.17439107195623957,0.20116394694578335,0.00372653184754888,0.0034878214391247894,0.004023278938915666,0.661656531035788,0.6544186809949659,0.6712249629857794,0.0,0.0,0.0,,,,,,,,,,,0
1084,24,lookback,laplace,power_law,0.0,4,2446,proportional,200,0.0,False,220.12445950508118,20.011314500461925,1.0,0.12717,,,0.1143432,0.0,0.0,125.14566666666667,0.0,0.0,1.0695420905924853,1.049504962037609,1.107479667370931,0.17916290274166863,0.16390467340432557,0.18858381940295996,0.0035832580548333715,0.0032780934680865107,0.0037716763880591983,0.6528291709732545,0.6434870788216415,0.6627025291531298,0.0,0.0,0.0,,,,,,,,,,,0
1085,24,lookback,laplace,power_law,0.01,0,2442,proportional,200,0.0,False,216.57314944267273,19.688468131152067,1.0,0.12717,2.0,0.8402957773526473,0.1017344,0.0066442666666666666,0.308,124.80033333333333,0.31233333333333335,0.0024679421262229534,1.063158551160092,1.0080702408281637,1.1074273589079757,0.18014747248707325,0.16652129532322302,0.18938527890383222,0.003702652077645615,0.0034280609671205583,0.003975129033683695,0.6589959175117861,0.6476349090047866,0.6691933406431669,0.10282904243478971,0.09810383519713654,0.11474872258352689,2.0,2.0,2.0,1.7497335356532042,1.375162065146345,1.9607950600546458,,,,0.8483352600718382,84
1086,24,lookback,laplace,power_law,0.01,1,2443,proportional,200,0.0,False,212.94112300872803,19.358283909884367,1.0,0.12717,2.0,0.8475983587757981,0.11690546666666667,0.006123866666666667,0.235,125.18433333333333,0.23533333333333334,0.0018772317089731675,1.0595150841869734,1.0256334801071387,1.082701483981143,0.17302528322771843,0.1689488462225533,0.1949614352137905,0.0036016842944757025,0.0034238358675776344,0.00394649382466358,0.6565462401262923,0.6471254012568196,0.6629144082297836,0.07259011902779584,0.05355944611589354,0.0820977297185696,2.0,2.0,2.0,1.7792933851157664,1.4189814104770915,1.9678243663965487,,,,1.0005085924222092,62
1087,24,lookback,laplace,power_law,0.01,2,2444,proportional,200,0.0,False,215.81806588172913,19.619824171066284,1.0,0.12717,2.0,0.8389903623779491,0.1016924,0.007188933333333333,0.3313333333333333,124.50766666666667,0.335,0.0026611480417537874,1.0804705163435355,1.0353024343104016,1.1180045350808887,0.1785112596164651,0.16999905833946016,0.18692611077526006,0.0036978395745962786,0.0035185146152554112,0.0038367944776555706,0.655220496957287,0.6490316795460613,0.6605266842133091,0.09644679905717365,0.08485062890854855,0.11579717078039284,2.0,2.0,2.0,1.7569856692076147,1.3934643468794758,1.9668316293331027,,,,0.9034910998808324,85
1088,24,lookback,laplace,power_law,0.01,3,2445,proportional,200,0.0,False,218.25515460968018,19.841377691789106,1.0,0.12717,2.0,0.8420690729021332,0.11401053333333333,0.006891466666666667,0.256,125.03733333333334,0.259,0.002047388513297362,1.0391789689379332,1.017645770277487,1.0728370778861247,0.1863525699667177,0.17441006868064068,0.20110317508147735,0.003885636114850932,0.003541479310645253,0.004185398927229498,0.6621931762520104,0.6536885549298075,0.6728768640827381,0.0868898686862067,0.07746539809136087,0.09977552420279724,2.0,2.0,2.0,1.7618075802910371,1.389269503732712,1.970902229976721,,,,0.8302952122073561,64
1089,24,lookback,laplace,power_law,0.01,4,2446,proportional,200,0.0,False,208.52351880073547,18.95668352733959,1.0,0.12717,2.0,0.8358413228612802,0.107768,0.0065152,0.2793333333333333,124.98266666666666,0.2786666666666667,0.0022349765834195675,1.0679043097750442,1.0486778926709435,1.100959255852775,0.17913939850604244,0.16379503070066495,0.1885661356201391,0.003702458728458157,0.003362484856638927,0.0038903861514865148,0.653159167574306,0.6443054218950705,0.6636582922231783,0.08726108122964069,0.07463153975714276,0.10227743927801843,2.0,2.0,2.0,1.7517820764679282,1.3560561313119546,1.9636129543832757,,,,0.81260607479788,81
1090,24,lookback,laplace,power_law,0.02,0,2442,proportional,200,0.0,False,227.83220863342285,20.712018966674805,1.0,0.12717,2.0,0.8263857214664091,0.09821653333333333,0.0100536,0.5026666666666667,124.454,0.5026666666666667,0.004038975578660925,1.0663633797350798,1.0152968285797401,1.1071121712061045,0.18007226062271062,0.1663502215230835,0.18925323816150358,0.003791962952118617,0.0034781466078890946,0.004006447411830562,0.6628398596493051,0.64820263744789,0.6705209217393155,0.15389854822309573,0.13230827029598102,0.1698447202070169,2.0,2.0,2.0,1.8048442028140788,1.429199695254552,1.9875534971962403,,,,0.8921165763951598,130
1091,24,lookback,laplace,power_law,0.02,1,2443,proportional,200,0.0,False,227.04416823387146,20.64037893035195,1.0,0.12717,2.0,0.8260827241014396,0.1149336,0.008022266666666666,0.354,124.85166666666667,0.35033333333333333,0.0028353646326974673,1.0622431960699885,1.0304653954398004,1.0857546538570588,0.17319305489104386,0.16907086499384455,0.19493925306940063,0.0036002989895247885,0.0034963926196836196,0.003996466645990241,0.6569870631482935,0.6479319686785723,0.6673883500969097,0.1005605223809704,0.08570245562415972,0.11778392365619281,2.0,2.0,2.0,1.776543858092315,1.416850994260857,1.9796498251132182,,,,1.0141686843814484,91
1092,24,lookback,laplace,power_law,0.02,2,2444,proportional,200,0.0,False,226.8906853199005,20.626425938172773,1.0,0.12717,2.0,0.8244933310252456,0.09787493333333333,0.010876533333333334,0.5376666666666666,124.30233333333334,0.5416666666666666,0.004325475252542859,1.076268792607114,1.0291065125837018,1.1132192164712644,0.17874373089401374,0.17010242005650572,0.1868464922066122,0.0037786351575207523,0.0035745012350249577,0.004016691417308775,0.6578841083136471,0.6511678632261092,0.662743872758525,0.17038202370523953,0.14108220828194531,0.17484924613645067,2.0,2.0,2.0,1.8016900569081804,1.4509224588452918,1.984501577819032,,,,0.827109179676767,113
1093,24,lookback,laplace,power_law,0.02,3,2445,proportional,200,0.0,False,227.20323204994202,20.654839277267456,1.0,0.12717,2.0,0.8345272864594132,0.11143093333333333,0.009383466666666666,0.37533333333333335,124.93566666666666,0.38,0.003004212834872348,1.0385590827996638,1.0157850509590496,1.0747307161788338,0.186339581277576,0.17438310997592146,0.20128847950502898,0.0038213639023041163,0.0036081075930049084,0.004167238679843846,0.6638450251930497,0.65455416934108,0.6725321633851773,0.12172137304415104,0.10149028413867324,0.13089843743844576,2.0,2.0,2.0,1.8203843847965393,1.4367081671517727,1.9865230205126003,,,,0.8761598014647317,97
1094,24,lookback,laplace,power_law,0.02,4,2446,proportional,200,0.0,False,209.55743837356567,19.050676215778697,1.0,0.12717,2.0,0.8261414866653811,0.10460986666666666,0.009583066666666668,0.43066666666666664,124.77333333333333,0.4226666666666667,0.0034515922205599486,1.0665872434143735,1.049612190913328,1.1008214424563594,0.17920903059667154,0.16380229745590305,0.18826890341861435,0.003752651469849851,0.0034860372406198357,0.003966454290058904,0.655765238408512,0.6460678772894343,0.6665063481742162,0.1345475608191251,0.12051623434324067,0.1483736918909841,2.0,2.0,2.0,1.7922368457060975,1.4172241709472364,1.9795808746201788,,,,0.6637670356534644,113
1095,24,lookback,laplace,power_law,0.05,0,2442,proportional,200,0.0,False,228.27048015594482,20.75186183235862,1.0,0.12717,2.0,0.8207610579730192,0.09460506666666667,0.0132812,0.6776666666666666,124.18933333333334,0.6853333333333333,0.0054567219943741805,1.0689051975521378,1.0185234314140572,1.0984929985678582,0.18050176020836825,0.16643710170604373,0.18863579883543136,0.0039657337041070625,0.0036632658476763447,0.004252963774477281,0.6671464511939296,0.6476616747665463,0.6733616998751092,0.2072541019092764,0.19348051447796402,0.22256946591469112,2.0,2.0,3.0,1.8394807220424114,1.4504470812671133,1.9962617277822545,,,,0.9251043505600935,156
1096,24,lookback,laplace,power_law,0.05,1,2443,proportional,200,0.0,False,217.89459538459778,19.80859958041798,1.0,0.12717,2.0,0.8208694135814754,0.1112956,0.011340533333333333,0.5063333333333333,124.77933333333333,0.5,0.00405783008938446,1.0658375644372549,1.0289741446782463,1.085791865612232,0.17309862051520686,0.1688522173471892,0.19507320742961273,0.0038298937279137657,0.003559961485806133,0.004155355281186682,0.6574573982100866,0.6485937288962608,0.6706044029523591,0.14625561704181544,0.12932014945861092,0.17011008596294025,2.0,2.0,3.0,1.8203262093223063,1.4476503690731266,1.9925755762121051,,,,1.0472153601385523,125
1097,24,lookback,laplace,power_law,0.05,2,2444,proportional,200,0.0,False,230.68947958946228,20.971770871769298,1.0,0.12717,2.0,0.8120833101996868,0.09459573333333333,0.013746133333333334,0.6993333333333334,123.89866666666667,0.698,0.005644397572209548,1.0765510998027474,1.0363148113901355,1.1178098464999067,0.17790475130632727,0.16979717852565296,0.1868078666049474,0.0038940348400931402,0.0037031046559385405,0.004064911706893145,0.6581903218856091,0.6514560287961785,0.6681203837597961,0.22009707899259728,0.20195724039704155,0.23778948795103386,2.0,2.0,3.0,1.8429318739664577,1.4522412445418333,1.9980699366275854,,,,0.8916068835126334,154
1098,24,lookback,laplace,power_law,0.05,3,2445,proportional,200,0.0,False,225.28794646263123,20.480722405693747,1.0,0.12717,2.0,0.828739447379605,0.1084732,0.012019333333333333,0.49633333333333335,124.60366666666667,0.49766666666666665,0.003983296371695857,1.0423133005985734,1.0207637482516971,1.0663492050147159,0.1857703747402607,0.17408441049662104,0.20050044651640198,0.003957617817594291,0.0037214182036052353,0.004342593904026705,0.6642390932076745,0.6575183385975483,0.6733726201953063,0.15955404244788549,0.14755686264402837,0.16962491122626794,2.0,2.0,3.0,1.8371337868628244,1.455555421583818,1.9927618569391923,,,,0.8591608225597008,123
1099,24,lookback,laplace,power_law,0.05,4,2446,proportional,200,0.0,False,226.37464475631714,20.579513159665193,1.0,0.12717,2.0,0.8185404413371298,0.1012928,0.0125508,0.5966666666666667,124.579,0.5863333333333334,0.004789464248923709,1.0717765114608508,1.045660656893013,1.1050787396527508,0.17878417459254375,0.16372725729980647,0.1882538722009483,0.0038018369491209583,0.003587937084443288,0.004047558272444138,0.6574770456524692,0.6467037761766916,0.6671000905697706,0.183633629921012,0.1664785425948743,0.20572821586410062,2.0,2.0,3.0,1.8224319946555887,1.4182396118098897,1.9921101185314762,,,,0.7973071863068035,151
1100,24,lookback,laplace,power_law,0.1,0,2442,proportional,200,0.0,False,210.38260674476624,19.125691522251476,1.0,0.12717,2.0,0.8187774447305284,0.0901832,0.0168516,0.842,123.74433333333333,0.8476666666666667,0.006804351983794544,1.0642552599623964,1.0233843872829547,1.1163020871002398,0.1783019273966801,0.16591361624362796,0.1878804479576809,0.0040008273975327985,0.003765651306924718,0.004230837213567328,0.6632564572829748,0.649983368335791,0.6731089372446388,0.23538548235499485,0.21017016970568808,0.2592754130851616,2.0,2.0,3.0,1.861667673738141,1.4854641083333835,1.999670529432193,,,,0.878083320186578,189
1101,24,lookback,laplace,power_law,0.1,1,2443,proportional,200,0.0,False,213.36085534095764,19.396441394632514,1.0,0.12717,2.0,0.825621173033281,0.10680693333333334,0.015054266666666666,0.652,124.258,0.6443333333333333,0.005247147064977708,1.0662606656482718,1.046443015311511,1.094834692472569,0.17185325117425101,0.16850209508857628,0.19448724441237658,0.003674535152772022,0.0035540985910239627,0.0042190913556700875,0.6582622399109779,0.6473362149136832,0.666288923119759,0.17463299278898206,0.16055878754141056,0.1990619998898739,2.0,2.0,3.0,1.8661844579328872,1.4771294819427108,1.998504320322343,,,,0.9603811485005683,145
1102,24,lookback,laplace,power_law,0.1,2,2444,proportional,200,0.0,False,212.39574790000916,19.308704354546286,1.0,0.12717,2.0,0.8209468283173009,0.08990426666666666,0.017542533333333332,0.907,123.51666666666667,0.9016666666666666,0.0073431385777897725,1.0783125796576862,1.0388908341678758,1.1190149924881398,0.17752387805240216,0.16929675866093052,0.18718901434800686,0.004070423932779827,0.0038096244417986924,0.004294669390792217,0.6605669254497366,0.6507295581233798,0.6702135252609142,0.2498682332645828,0.23361414981752437,0.26230234882908,2.0,2.0,3.0,1.897152202330686,1.5373423998525217,2.0481299925225285,,,,0.7328128093804407,196
1103,24,lookback,laplace,power_law,0.1,3,2445,proportional,200,0.0,False,213.29036831855774,19.39003348350525,1.0,0.12717,2.0,0.8217997154482293,0.10312666666666667,0.016467466666666666,0.657,124.15766666666667,0.6686666666666666,0.005291658724256523,1.0402812420590508,1.0219085513749229,1.0795885891359684,0.18566237571510225,0.1737862015434447,0.2007415862497655,0.00394876243597584,0.003733051760397865,0.004293617290161645,0.6624446971886147,0.655710787964106,0.6725808012877835,0.20061913081004557,0.1770636876561188,0.21718369079391653,2.0,2.0,3.0,1.861250506690713,1.4906935024859918,1.9990908355695756,,,,0.8822842958390893,146
1104,24,lookback,laplace,power_law,0.1,4,2446,proportional,200,0.0,False,225.8769907951355,20.534271890466865,1.0,0.12717,2.0,0.8132104719112373,0.09660733333333334,0.016412266666666668,0.7656666666666667,124.05,0.7503333333333333,0.0061722423753862695,1.0652530926513224,1.0402612674632283,1.1029220371209023,0.17867697561297138,0.16469514876872068,0.18842404569173393,0.003938229443531685,0.0037024108382243777,0.004120029561390485,0.6595305479214054,0.6493267308980538,0.6696106746709851,0.22461138256260388,0.20559877611771707,0.2391959802161588,2.0,2.0,3.0,1.8585140679467362,1.4678714119762746,1.9990355424217958,,,,0.9287924846424791,175
1105,24,lookback,laplace,power_law,0.2,0,2442,proportional,200,0.0,False,227.17306232452393,20.65209657495672,1.0,0.12717,2.0,0.834946873102937,0.08125973333333333,0.0231308,1.1746666666666667,122.665,1.1853333333333333,0.009576217068166687,1.0851335297423383,1.0193067057270064,1.1049021737489186,0.17723226944500034,0.16264248713599883,0.18728952554624345,0.004095253090868685,0.003810392315400716,0.004412615161878414,0.6600919711570497,0.6478542151019921,0.6712286913507148,0.30869573923452287,0.27792185120214136,0.3348294023754566,2.0,2.0,3.0,1.9300476401759674,1.5662232618211125,2.231561305440121,,,,1.0208955681403689,239
1106,24,lookback,laplace,power_law,0.2,1,2443,proportional,200,0.0,False,228.77125000953674,20.79738636450334,1.0,0.12717,2.0,0.8377440698864249,0.09599746666666667,0.023017466666666667,0.9783333333333334,123.15566666666666,0.9833333333333333,0.007943875907726536,1.0683171662154578,1.0408805603555795,1.1074661072825753,0.17166005566550638,0.16521564874959802,0.19209265576803006,0.003889316022339107,0.0036866027222537774,0.004261012552791841,0.6561447701445939,0.6462957955302577,0.6637939751849539,0.2502322550958158,0.22506904299659602,0.2763965403109283,2.0,2.0,3.0,1.9219300226189229,1.5748008444766224,2.1883920080538166,,,,0.8238549925438526,208
1107,24,lookback,laplace,power_law,0.2,2,2444,proportional,200,0.0,False,229.37120461463928,20.851927692239936,1.0,0.12717,2.0,0.8332535926059046,0.08029666666666667,0.024428666666666668,1.243,122.12933333333334,1.237,0.010177735078659782,1.0855264159047842,1.039524767354691,1.1203565228698564,0.17559081582147468,0.16839454498052184,0.18427934615706054,0.004093955659087984,0.0038738880083372105,0.004404355008233069,0.6561177754271632,0.6485862115718682,0.6628308646917243,0.3162346169891665,0.29973147400935574,0.3307342163077719,2.0,2.0,3.0,1.9310145209223883,1.5845094677301166,2.2497886402304554,,,,0.7927452933472784,257
1108,24,lookback,laplace,power_law,0.2,3,2445,proportional,200,0.0,False,232.90402126312256,21.17309284210205,1.0,0.12717,2.0,0.8446826146361784,0.09320266666666667,0.0236548,0.9806666666666667,123.07333333333334,0.9866666666666667,0.007968149071014572,1.046460398003489,1.02379150990897,1.0833630212180716,0.18447971804789437,0.1724019141754544,0.20120572141886855,0.004110587291592813,0.0038739221763563277,0.004505678808723183,0.6619169288687694,0.6560949888401381,0.6760008201569679,0.2677260058708545,0.2459263172040187,0.28791441557396796,2.0,2.0,3.0,1.9078627196584543,1.5733210156788173,2.044697714216331,,,,0.8955394342452612,227
1109,24,lookback,laplace,power_law,0.2,4,2446,proportional,200,0.0,False,231.62353706359863,21.056685187599875,1.0,0.12717,2.0,0.824787515436772,0.0863392,0.023995333333333334,1.122,122.609,1.093,0.009151041114436952,1.0707651754706418,1.0425447542463,1.1008451061288176,0.17706453270970138,0.16507395788323692,0.1864080079693255,0.0041232480987284294,0.003880836023305747,0.004480332819487875,0.6609839765681439,0.6494265072805582,0.6690809992037171,0.2903906964816382,0.27852347600694366,0.3169491183938744,2.0,2.0,3.0,1.9285380422618335,1.5692874816636548,2.2753107599990243,,,,0.9457552837555017,239
1110,24,lookback,laplace,power_law,0.3,0,2442,proportional,200,0.0,False,237.86661624908447,21.62423784082586,1.0,0.12717,2.0,0.8361142413223803,0.0707304,0.029031733333333334,1.5953333333333333,120.57366666666667,1.6113333333333333,0.013231191996041147,1.0712616595357716,1.0144136807021256,1.1056259945880524,0.1759619761847143,0.16136282491135875,0.18742813378617879,0.004405701435881904,0.0040404015528830006,0.0045319302035032785,0.6616057425126673,0.646302598303915,0.669852191802631,0.38346652932972874,0.36694836391641156,0.4054169764041955,2.0,2.0,3.0,1.9605223910321312,1.646913410340853,2.4721369522742185,,,,0.9704822467931575,268
1111,24,lookback,laplace,power_law,0.3,1,2443,proportional,200,0.0,False,234.19214034080505,21.29019457643682,1.0,0.12717,2.0,0.8458520417529298,0.08566546666666666,0.029327333333333334,1.2566666666666666,121.77666666666667,1.2683333333333333,0.010319437221142527,1.051191380126824,1.0206593458413389,1.1007728558944327,0.172691291312233,0.16405636689825537,0.1905716188461094,0.004114713221309344,0.0038398697431831943,0.004305083627017366,0.6574817272323361,0.6460175510893813,0.6647863316499728,0.3132468548315367,0.2749848981302886,0.3414502369666141,2.0,2.0,3.0,1.9549264361219096,1.6427816268363369,2.4175882413533634,,,,0.9800576479872021,254
1112,24,lookback,laplace,power_law,0.3,2,2444,proportional,200,0.0,False,230.10743498802185,20.918857726183806,1.0,0.12717,2.0,0.8477929579057715,0.0712856,0.029146933333333333,1.5803333333333334,120.44766666666666,1.578,0.0131204976988623,1.0638643593059813,1.0345341654926383,1.1177295787709858,0.17479403890688383,0.167510401630336,0.18593267593292678,0.004205754757789287,0.004056563286960572,0.00450599539328106,0.6589674504264744,0.6499542307049747,0.6656276222037191,0.371525824599716,0.34202078079080855,0.39529167094830403,2.0,2.0,3.0,1.9694115085413322,1.6727033570127163,2.54627248301829,,,,0.8565689444810476,295
1113,24,lookback,laplace,power_law,0.3,3,2445,proportional,200,0.0,False,232.3304898738861,21.120953624898736,1.0,0.12717,2.0,0.851290845164494,0.0817632,0.030620533333333335,1.3186666666666667,121.30066666666667,1.3306666666666667,0.010871058691625766,1.0496780943499437,1.0142561179117597,1.090146317964091,0.18194193581809032,0.16962783985972557,0.19772466376222714,0.00418761376078579,0.0038854527138886402,0.0045834258706805645,0.6591073528260598,0.6485280589722063,0.6719746451372582,0.32352642567893175,0.30994377226415265,0.33731714673893876,2.0,2.0,3.0,1.964250192095702,1.6630370238368635,2.470540377147248,,,,0.8964767924159707,275
1114,24,lookback,laplace,power_law,0.3,4,2446,proportional,200,0.0,False,227.16657781600952,20.651507074182685,1.0,0.12717,2.0,0.8419352689065291,0.07578653333333334,0.029716933333333334,1.4913333333333334,121.09066666666666,1.4663333333333333,0.012315840472153098,1.0831883103184936,1.0560375216677116,1.1237890950894784,0.17841621291360776,0.1614166679473297,0.1854053185506528,0.004263117188426193,0.003860798888876353,0.004582224175015744,0.6556489994250767,0.6464854173618672,0.6638320220045759,0.3598416521084862,0.342783832355704,0.37732411411852274,2.0,2.0,3.0,1.9604719857824175,1.6493904213379578,2.4669147102493776,,,,0.9155993818393375,312
1115,24,lookback,laplace,power_law,0.4,0,2442,proportional,200,0.0,False,224.92322301864624,20.44756572896784,1.0,0.12717,3.0,0.8547247215845152,0.05900066666666667,0.03462013333333333,1.978,117.689,2.0003333333333333,0.016807008301540503,1.078169757042812,1.0512485287541198,1.122388314014246,0.17338990698813592,0.16086773287052497,0.1873042026823341,0.0043438776695037635,0.0041819900071823225,0.004823522650655916,0.6524321333304022,0.6412921454296939,0.6645836539235481,0.4480052043533566,0.4349818921266183,0.4609514486396813,3.0,2.0,4.0,1.9892959480639703,1.738427013535216,2.7807454471997484,,,,0.9194993699535129,328
1116,24,lookback,laplace,power_law,0.4,1,2443,proportional,200,0.0,False,228.28600907325745,20.75327355211431,1.0,0.12717,2.0,0.8504289198314938,0.0699284,0.036481733333333335,1.7356666666666667,118.54933333333334,1.7223333333333333,0.014640880870973547,1.1033028295226894,1.051310789987489,1.1212133842110155,0.16288069874444586,0.15453310400841774,0.1849347623607978,0.0041580500476677195,0.00395662215156769,0.004532647852535475,0.6441036568534377,0.6365482466386635,0.6544378410901671,0.39505557441914707,0.38790842802641057,0.42049245155846254,2.0,2.0,4.0,1.9863216476746275,1.7247138881425055,2.7460422511654423,,,,0.9869040965962714,334
1117,24,lookback,laplace,power_law,0.4,2,2444,proportional,200,0.0,False,227.84887766838074,20.713534333489157,1.0,0.12717,3.0,0.8555161079685671,0.058998,0.03507333333333333,1.976,117.34,1.9853333333333334,0.016839952275438896,1.1002044319245607,1.0536567971264408,1.136736524393405,0.17099793594962426,0.16609821420695653,0.18123559155152408,0.004327179149188676,0.004252549140827385,0.004707851064753498,0.6494277906808815,0.6366874072910615,0.6574866473234294,0.4319386438136682,0.4067586606922616,0.46184706794090813,3.0,2.0,4.0,1.990181059264355,1.7538090434502642,2.792277710801814,,,,0.9231979025467485,326
1118,24,lookback,laplace,power_law,0.4,3,2445,proportional,200,0.0,False,231.4872522354126,21.04429565776478,1.0,0.12717,2.0,0.8612761679729148,0.06927866666666667,0.03665973333333333,1.6986666666666668,118.703,1.6763333333333332,0.014310225240024824,1.0610823951050992,1.0352329398601756,1.1016807587839437,0.17907424078023032,0.17019238526436753,0.192774216806373,0.004405130593368778,0.004100001637679905,0.004757576518251198,0.6567430293594017,0.6474365419241617,0.6637636542612193,0.38509659742546076,0.36699675220446615,0.4154322869355637,2.0,2.0,4.0,1.987913901370006,1.741695963841841,2.7752740653210437,,,,0.9199369331655598,340
1119,24,lookback,laplace,power_law,0.4,4,2446,proportional,200,0.0,False,230.23314213752747,20.930285648866132,1.0,0.12717,2.0,0.8535618749997919,0.06304466666666667,0.03554146666666667,1.8566666666666667,118.35633333333334,1.8496666666666666,0.01568709180469148,1.1018503631489556,1.0466141075692914,1.136503137403357,0.1695320853242024,0.15776119673813876,0.18456246963550954,0.004300875651475524,0.003975779302732036,0.0046067332620610656,0.642769414122497,0.6344082707842713,0.656267870947546,0.4227263062615675,0.41128044513649237,0.44127005936878366,2.0,2.0,4.0,1.9870874877813733,1.7442285032001077,2.7491527005697387,,,,0.920894643624715,334
1120,24,lookback,laplace,power_law,0.5,0,2442,proportional,200,0.0,False,228.62152767181396,20.78377524289218,1.0,0.12717,3.0,0.8668101561874987,0.050038266666666664,0.036405733333333336,2.2723333333333335,114.247,2.2603333333333335,0.01988965428705641,1.0913608078375054,1.0596321409468303,1.1715088223535337,0.1662398714482975,0.15667600617835628,0.18152168473341657,0.00458597889151775,0.004175547540737622,0.004839414366030888,0.6415784586880056,0.6304036050341305,0.6550963154857815,0.48047464445639443,0.46903398160299764,0.49925713916159065,3.0,2.0,4.0,1.9988055283425463,1.8183511137300838,2.922947473301596,,,,0.965283124020533,374
1121,24,lookback,laplace,power_law,0.5,1,2443,proportional,200,0.0,False,231.64176297187805,21.05834208835255,1.0,0.12717,3.0,0.875175499112516,0.05811906666666666,0.04087026666666667,1.9333333333333333,115.38166666666666,1.9593333333333334,0.016755983764029526,1.0747491893117707,1.051035122051323,1.1426530699305275,0.16868920681551863,0.15772274830138416,0.17727583365501765,0.004308010711379606,0.004188804008374607,0.004544736900119566,0.6394712009152774,0.6279703431718282,0.650004809920645,0.44755438748861964,0.42618631792013306,0.46821536746285725,3.0,2.0,4.0,1.9975075350845433,1.8187594991635259,2.8890970174326913,,,,0.9216936619211966,365
1122,24,lookback,laplace,power_law,0.5,2,2444,proportional,200,0.0,False,214.65342378616333,19.51394761692394,1.0,0.12717,3.0,0.8704706246477786,0.04957653333333333,0.03690213333333334,2.3073333333333332,114.33933333333333,2.308666666666667,0.020179699024540986,1.0829115980485493,1.0644933353917871,1.1274879597079828,0.16584371200912182,0.15862225478385586,0.18177008522648505,0.004548461231323072,0.004249308295166924,0.004919027902066865,0.6437011958885748,0.6274244963217936,0.6602689458759382,0.49160815681129666,0.47102692047992867,0.5053125089304715,3.0,2.0,4.0,1.9974875997497352,1.8147449521756718,2.9255098319256883,,,,0.8944237629792652,381
1123,24,lookback,laplace,power_law,0.5,3,2445,proportional,200,0.0,False,251.80613803863525,22.891467094421387,1.0,0.12717,3.0,0.8696502700428553,0.0568472,0.039763466666666664,2.0206666666666666,114.20633333333333,2.0206666666666666,0.0176931226814625,1.0815838953140404,1.0624096238907645,1.1151563599085932,0.1750411320880075,0.16270698281345153,0.18833464024487423,0.004570541925035555,0.004331925611498988,0.005159764392016462,0.6431401904165781,0.6389364989106824,0.6616784331669004,0.45733336867569485,0.44690369797318924,0.4807349885209966,3.0,2.0,4.0,1.9989616164988806,1.83248607968336,2.9355265664965593,,,,0.9683336782903429,358
1124,24,lookback,laplace,power_law,0.5,4,2446,proportional,200,0.0,False,243.43824791908264,22.130749810825694,1.0,0.12717,3.0,0.8700707167918097,0.052276133333333336,0.03854666666666667,2.1903333333333332,114.51333333333334,2.1653333333333333,0.019127321418175466,1.0886997333738493,1.0470754504523008,1.1496277277456068,0.16416194201965711,0.152468431711325,0.1817522252666298,0.004463317560291209,0.0041638949403603066,0.0047611653550038435,0.6397293761576304,0.6271258959209451,0.6518396496359231,0.46978644770919253,0.4528320456175914,0.49403260506512187,3.0,2.0,4.0,1.998261985391037,1.8204312336667072,2.9200607792246984,,,,0.9507224288234137,390
1125,25,lookback,laplace,power_law,0.0,0,2542,proportional,1000,0.0,False,719.7087814807892,65.4280710437081,1.0,0.12717,,,0.12037253333333334,0.0,0.0,125.09833333333333,0.0,0.0,1.069589436808756,1.0283990710345783,1.1131220212702635,0.18241542569467056,0.17075063664545898,0.19464700017820458,0.0036483085138934107,0.003415012732909179,0.003892940003564091,0.6586083702584137,0.6453349576995489,0.6733292797036737,0.0,0.0,0.0,,,,,,,,,,,0
1126,25,lookback,laplace,power_law,0.0,1,2543,proportional,1000,0.0,False,731.344304561615,66.48584586923772,1.0,0.12717,,,0.12176653333333333,0.0,0.0,124.755,0.0,0.0,1.0264240929745445,1.0029961560372354,1.0822235331262786,0.18757162715685435,0.1754037724143254,0.19504084589248222,0.003751432543137087,0.003508075448286507,0.003900816917849643,0.6686530621431055,0.6598106082482128,0.6764333765636209,0.0,0.0,0.0,,,,,,,,,,,0
1127,25,lookback,laplace,power_law,0.0,2,2544,proportional,1000,0.0,False,732.0708494186401,66.55189540169455,1.0,0.12717,,,0.10279733333333334,0.0,0.0,125.22933333333333,0.0,0.0,1.0684321763242028,1.033697683145946,1.0921594302655353,0.17942595544529982,0.163209194924539,0.18411597342960317,0.0035885191089059963,0.00326418389849078,0.0036823194685920617,0.652945627979171,0.6428069461499567,0.6619114920825978,0.0,0.0,0.0,,,,,,,,,,,0
1128,25,lookback,laplace,power_law,0.0,3,2545,proportional,1000,0.0,False,731.4204514026642,66.4927683093331,1.0,0.12717,,,0.10529826666666667,0.0,0.0,124.98333333333333,0.0,0.0,1.061319822539733,1.0355476391371727,1.0950643109500628,0.1792109711913854,0.17139402677193188,0.1924915921946852,0.0035842194238277086,0.003427880535438636,0.003849831843893703,0.6543956146809964,0.6484031689823123,0.6670876872377448,0.0,0.0,0.0,,,,,,,,,,,0
1129,25,lookback,laplace,power_law,0.0,4,2546,proportional,1000,0.0,False,721.2602162361145,65.5691105669195,1.0,0.12717,,,0.11463226666666666,0.0,0.0,125.045,0.0,0.0,1.0908489980853049,1.0397449524601277,1.1268485187604398,0.17392601034603483,0.1622947868034532,0.18411048529365642,0.0034785202069206964,0.0032458957360690637,0.003682209705873127,0.6491480107155121,0.6392357073812818,0.6629021370446742,0.0,0.0,0.0,,,,,,,,,,,0
1130,25,lookback,laplace,power_law,0.01,0,2542,proportional,1000,0.0,False,825.2544033527374,75.02312757752158,1.0,0.12717,2.0,0.832160134431982,0.08472173333333333,0.03543,0.0003333333333333333,123.85966666666667,0.021666666666666667,2.6912177491192987e-06,1.0735335402871384,1.02749164675891,1.1030577525651881,0.18244828935777563,0.17085045898694362,0.19491493796765208,0.00375163668680612,0.0035370382364437467,0.004038725340644646,0.64239829336402,0.6270499952381603,0.6590955837472054,0.25921062782519044,0.24198005876783685,0.2778201574246588,2.0,2.0,2.0,1.7959125321295872,1.4197120865989985,1.9875081231416694,,,,0.7787852508850331,289
1131,25,lookback,laplace,power_law,0.01,1,2543,proportional,1000,0.0,False,768.9236340522766,69.90214855020696,1.0,0.12717,2.0,0.8310313596661555,0.08720866666666667,0.034349066666666664,0.0003333333333333333,123.317,0.018,2.703060675602985e-06,1.023695064867828,0.9986284026852971,1.0814236943423021,0.18757288698801844,0.17561639964156295,0.19516643069728085,0.0038882660537226527,0.0036135356178470255,0.004099317542702666,0.6538435163253276,0.6454060329401523,0.663426245091361,0.2539696135295656,0.242248604040947,0.27583427327475507,2.0,2.0,3.0,1.808694792735706,1.4361489483442664,1.9902573957992156,,,,0.7179873170100037,271
1132,25,lookback,laplace,power_law,0.01,2,2544,proportional,1000,0.0,False,741.3473329544067,67.39521208676425,1.0,0.12717,2.0,0.8376773784744881,0.0830944,0.019569866666666668,0.0013333333333333333,124.378,0.023,1.07200094336083e-05,1.0688723311286057,1.034063084858126,1.091496929258762,0.17956205180056778,0.16319688258304266,0.18400487097704332,0.0036635317199770383,0.003350439814649257,0.00377805028055442,0.6455876377368612,0.6338103109235149,0.6536408850015809,0.14721357334503615,0.12750274774044612,0.16535160737461324,2.0,2.0,2.0,1.7963619017447576,1.423064628457698,1.984221881326818,,,,0.6766110549451059,159
1133,25,lookback,laplace,power_law,0.01,3,2545,proportional,1000,0.0,False,733.8480794429779,66.71346176754345,1.0,0.12717,2.0,0.8392796584027233,0.0858908,0.019276666666666668,0.0006666666666666666,124.08733333333333,0.024,5.372560186105485e-06,1.06294687522746,1.0342212257679217,1.0969098367012413,0.179166779193283,0.1714065017302771,0.1925960294219526,0.003699040059176089,0.0034975260068497932,0.00395336139311315,0.6459149466712963,0.6397787106274295,0.656415799707396,0.15471798767679934,0.14861887930755857,0.1666594800871804,2.0,2.0,2.0,1.8062154178879304,1.4292412930669405,1.9864510258064503,,,,0.6781137339543046,162
1134,25,lookback,laplace,power_law,0.01,4,2546,proportional,1000,0.0,False,760.9360113143921,69.1760010285811,1.0,0.12717,2.0,0.832926196845748,0.0859232,0.028542,0.0,123.978,0.024,0.0,1.0921242223793635,1.0377568993594155,1.1337209085334237,0.174146264050696,0.16216367066952847,0.18435608546004278,0.0035741896261288564,0.0033305978934600354,0.0038245425978511386,0.6374946319067643,0.6251947767690506,0.6497594872092124,0.22040710611780323,0.19856390215728942,0.22730711314747276,2.0,2.0,2.0,1.7919365095598214,1.4040243418400433,1.983000466014013,,,,0.8358256764164667,234
1135,25,lookback,laplace,power_law,0.02,0,2542,proportional,1000,0.0,False,780.0963912010193,70.9178537455472,1.0,0.12717,2.0,0.8059967257580994,0.07602026666666667,0.043738533333333336,0.001,122.386,0.032,8.170869217067312e-06,1.0671566527284324,1.0276092533230852,1.1080707527796305,0.1823409092492001,0.1709642471250622,0.1950001474895992,0.003874313688860747,0.0036295677203124622,0.0041674684422661834,0.6381991875496102,0.6249153178153294,0.6558142153743216,0.33994868114331944,0.31207163390233034,0.36109143791947046,2.0,2.0,3.0,1.8627274520927255,1.4615620126985491,2.0561815441746054,,,,0.8532811901895674,318
1136,25,lookback,laplace,power_law,0.02,1,2543,proportional,1000,0.0,False,775.1133069992065,70.46484609083696,1.0,0.12717,2.0,0.8182682386519973,0.07707266666666666,0.04414853333333333,0.0003333333333333333,122.55766666666666,0.021666666666666667,2.7198080903411456e-06,1.0268037056416006,1.0035059877865113,1.0709394570568158,0.18764139576939393,0.17560569560868233,0.1954909074883716,0.0039866837691104285,0.0037088393927264037,0.004153880803205719,0.6505090019879358,0.6388971058118733,0.6565497441727487,0.31719619630347484,0.29898594065099005,0.3356521327756451,2.0,2.0,3.0,1.8513979768449689,1.4554704613296465,1.999841235396803,,,,0.752231997071277,329
1137,25,lookback,laplace,power_law,0.02,2,2544,proportional,1000,0.0,False,773.2416391372681,70.29469446702437,1.0,0.12717,2.0,0.8210124761495996,0.07556706666666667,0.026862533333333334,0.004333333333333333,124.17433333333334,0.028333333333333332,3.489717413421453e-05,1.069624420547846,1.0328205603116856,1.1019856536424877,0.17982169111554835,0.16333335000375698,0.1839906284229233,0.0037009443879171024,0.0033823465877518503,0.0038210321293627426,0.6412081623733219,0.629429103323353,0.6480437132309493,0.21804998321388697,0.2030023768444907,0.23644462670443425,2.0,2.0,3.0,1.8203514530863305,1.4422473611953515,1.9946141802395998,,,,0.7004628281648118,231
1138,25,lookback,laplace,power_law,0.02,3,2545,proportional,1000,0.0,False,767.0296769142151,69.72997062856501,1.0,0.12717,2.0,0.8387552710379192,0.07871626666666667,0.0262172,0.0023333333333333335,124.02233333333334,0.032,1.8813815791241903e-05,1.0649646490761144,1.0329372434926896,1.0931574899776062,0.17910847953227366,0.17189746266941,0.19252271422791212,0.0037092205481749733,0.0035038110829785202,0.003964719326026583,0.6411230707519215,0.633788595275435,0.6562458576090415,0.20230486234115086,0.18945203148724257,0.22226019938844013,2.0,2.0,2.0,1.8129385751726588,1.4410760940147715,1.9880353031182252,,,,0.7405165014930846,217
1139,25,lookback,laplace,power_law,0.02,4,2546,proportional,1000,0.0,False,768.714738368988,69.88315803354436,1.0,0.12717,2.0,0.8110917321396087,0.07600453333333333,0.03808346666666667,0.0013333333333333333,122.85633333333334,0.03233333333333333,1.085278468889136e-05,1.094511832009312,1.030342717824957,1.136281936035257,0.17375937290920235,0.1622578817689267,0.18433706455302057,0.0037032889646871157,0.0034813865762704406,0.003896401345425359,0.6316621675212484,0.6224639481009737,0.6466233872142051,0.29266721147590885,0.28269778459300887,0.31242511094831593,2.0,2.0,3.0,1.8399369170403137,1.4499373155552626,1.9989066255273298,,,,0.8381024089557503,296
1140,25,lookback,laplace,power_law,0.05,0,2542,proportional,1000,0.0,False,784.8032076358795,71.34574614871632,1.0,0.12717,2.0,0.796100879607827,0.06947,0.04899786666666667,0.0,120.81733333333334,0.035,0.0,1.067257637307443,1.0387372554071788,1.113888534906482,0.1821914625586138,0.1711767650885077,0.19441480267611871,0.004030246417054401,0.0037221607473564323,0.004244641218370568,0.63645551775058,0.6252309462346682,0.6535442382901946,0.38975228711150556,0.35553601837351256,0.40311782872804974,2.0,2.0,3.0,1.8940291812827028,1.4920965651843228,2.270297030680652,,,,0.8472162700665028,340
1141,25,lookback,laplace,power_law,0.05,1,2543,proportional,1000,0.0,False,817.0954923629761,74.28140839663419,1.0,0.12717,2.0,0.7933036370434139,0.07312466666666667,0.046882933333333335,0.0016666666666666668,120.356,0.028666666666666667,1.3847807061273778e-05,1.0266467653290263,0.9996621798158628,1.072058423658323,0.1866276373247719,0.1752740619720888,0.19554955614820524,0.004108566300416583,0.0037906945647818747,0.004244643781270908,0.6494995896518945,0.6429789238180703,0.6599138796967216,0.35549575301611935,0.3237790669646777,0.37587185967008596,2.0,2.0,3.0,1.908589351633081,1.5132740725598048,2.40889819559596,,,,0.7488355151135898,309
1142,25,lookback,laplace,power_law,0.05,2,2544,proportional,1000,0.0,False,798.7491841316223,72.61356219378385,1.0,0.12717,2.0,0.8011414193650462,0.07029693333333334,0.031284933333333334,0.008666666666666666,123.04266666666666,0.04466666666666667,7.043627142888104e-05,1.0735960468089112,1.042120024164853,1.0977026315243288,0.18022115106002612,0.16331809042710252,0.1835551908532058,0.0037737332919577826,0.0034466382543499857,0.003849190922642184,0.6407257348904842,0.6265422662342044,0.6472265453223596,0.26185402636277805,0.22217941439783578,0.2815802280281281,2.0,2.0,3.0,1.882096923657645,1.4960906408180465,2.151572163903655,,,,0.6842875335297706,243
1143,25,lookback,laplace,power_law,0.05,3,2545,proportional,1000,0.0,False,769.2261273860931,69.92964794419028,1.0,0.12717,2.0,0.8267155081777291,0.07302866666666667,0.031136266666666666,0.004,122.84733333333334,0.046,3.256073934585475e-05,1.0552332753446914,1.0341034316728406,1.0861015626032378,0.17895886728096694,0.1713430031274558,0.193310991346769,0.003782372628395793,0.003573185998475285,0.004019090271388372,0.6392266244497022,0.6354995785767151,0.6541498499659117,0.24251172907346172,0.2304498987866092,0.27021611851106114,2.0,2.0,3.0,1.8693128302244948,1.4892265395340003,2.0,,,,0.673158176927863,244
1144,25,lookback,laplace,power_law,0.05,4,2546,proportional,1000,0.0,False,787.1660990715027,71.5605544610457,1.0,0.12717,2.0,0.7928648459051252,0.07277426666666667,0.040306,0.002,121.67466666666667,0.035,1.6437275357236783e-05,1.0716707727674892,1.0403190859368678,1.1276175535941229,0.1738514098666411,0.16175220909755197,0.18391705444705228,0.003687575568144307,0.0035227485639162965,0.004012070224897052,0.631274250815921,0.6253380088210697,0.6467804406939419,0.3163689529506911,0.3021163434069538,0.32226934381593814,2.0,2.0,3.0,1.89213285229262,1.4828473888834597,2.2318920673821174,,,,0.8321130994844199,290
1145,25,lookback,laplace,power_law,0.1,0,2542,proportional,1000,0.0,False,801.8197801113129,72.89270728284663,1.0,0.12717,3.0,0.776708999905183,0.06731493333333333,0.048781333333333336,0.002,118.88,0.035666666666666666,1.682368775235532e-05,1.0753360716316807,1.037983409127513,1.0987090130681327,0.1817445689098945,0.16984449800912524,0.1954551414808472,0.004137399067400461,0.0037723117548851717,0.004384960600141758,0.6388993435997004,0.6234197895965594,0.6538814122209916,0.3966373502370464,0.37022485505280495,0.40585096262847165,3.0,2.0,4.0,1.9456660666900616,1.5422416057370516,2.571468671700422,,,,0.8147968107315647,318
1146,25,lookback,laplace,power_law,0.1,1,2543,proportional,1000,0.0,False,814.3461556434631,74.03146869486028,1.0,0.12717,2.0,0.7865383433948732,0.06842413333333333,0.04908133333333333,0.0026666666666666666,119.22433333333333,0.03266666666666666,2.2366798723974132e-05,1.0228409676111374,0.9960789943691575,1.0705197269617672,0.1877330893591531,0.1745813277339891,0.19556888109257853,0.0041274685980884455,0.003872482937671999,0.004309722898917458,0.6479707635167875,0.6392951570194563,0.6582756796304218,0.3857316780837463,0.3675382392101915,0.404351118533371,2.0,2.0,4.0,1.9367094267054266,1.5470489086637402,2.526941148797623,,,,0.7547909586297787,328
1147,25,lookback,laplace,power_law,0.1,2,2544,proportional,1000,0.0,False,788.8226594924927,71.71115086295389,1.0,0.12717,2.0,0.8063427355755444,0.06535786666666667,0.034545066666666666,0.013333333333333334,122.237,0.05733333333333333,0.00010907772060287258,1.0762447003605344,1.0520181697524833,1.0966479589513678,0.1801090028085473,0.16421081485102787,0.18433678026455494,0.0038654261280718035,0.003524522210734631,0.004043226961185699,0.6417242992281711,0.6275324690250464,0.6452993255062723,0.2922725708503857,0.27123945846759057,0.3116245763350717,2.0,2.0,3.0,1.8975173963951364,1.5159074993233914,2.207664901989747,,,,0.6476320411388815,265
1148,25,lookback,laplace,power_law,0.1,3,2545,proportional,1000,0.0,False,786.1757144927979,71.47051949934526,1.0,0.12717,2.0,0.8176102585811268,0.06989866666666666,0.03280093333333333,0.005666666666666667,122.17366666666666,0.05266666666666667,4.638206269217863e-05,1.0611342974269857,1.0309211426039295,1.0931653005689277,0.17770865690031612,0.17213215843810278,0.1930454043464971,0.0038578782712478128,0.003658495863502407,0.00410255536395904,0.6395067364547472,0.6350405062953656,0.6580908171343945,0.26990881349297635,0.24424907366461107,0.2863452327225784,2.0,2.0,3.0,1.9125073804149966,1.5398305136211154,2.2483142513602346,,,,0.7150219011824063,245
1149,25,lookback,laplace,power_law,0.1,4,2546,proportional,1000,0.0,False,802.4635207653046,72.95122916048223,1.0,0.12717,2.0,0.7850815074103374,0.06992773333333334,0.0411972,0.004333333333333333,120.732,0.04133333333333333,3.589216888093739e-05,1.0749090709782716,1.0430315405508452,1.14227507850334,0.1731080108873877,0.16214745003257394,0.18396492162982958,0.003824521845444768,0.003603499989174771,0.004116747216854724,0.6355110883650243,0.6256101912416949,0.6488605516618918,0.3419208403675724,0.3223375973387541,0.3698646464895341,2.0,2.0,4.0,1.9307346321363956,1.5399410147838404,2.4900110906412927,,,,0.8072448874782763,288
1150,25,lookback,laplace,power_law,0.2,0,2542,proportional,1000,0.0,False,824.7511849403381,74.97738044912165,1.0,0.12717,3.0,0.7900357183745518,0.06106506666666667,0.049601733333333335,0.007,115.63366666666667,0.042666666666666665,6.053600306715749e-05,1.0837831331890788,1.0275607430722389,1.1144157307231908,0.18111215974330708,0.16786932053597836,0.19026145416429485,0.004298707866617844,0.003969891755997918,0.004485501137239841,0.6440036375222918,0.6285140655027304,0.6563307036887491,0.43620775497649666,0.39720501354233817,0.45491240029667035,3.0,2.0,4.0,1.9861226724476486,1.6541105627421588,2.7875290371430483,,,,0.8823680785871312,327
1151,25,lookback,laplace,power_law,0.2,1,2543,proportional,1000,0.0,False,833.6932430267334,75.79029482061213,1.0,0.12717,3.0,0.7840995272613794,0.061124533333333335,0.050561466666666666,0.007,115.47533333333334,0.035333333333333335,6.0619006656544257e-05,1.0284264717165228,0.9935821518821285,1.0715185646617988,0.18401127834403522,0.17126364641929803,0.19090336668663155,0.0043207523271508695,0.004109361889505971,0.004507675337372664,0.6493223330551612,0.6404999694712238,0.6616725185937342,0.45160962287404227,0.4138913489809083,0.466608291498529,3.0,2.0,4.0,1.9797534914416581,1.6359297763810017,2.788338378824413,,,,0.8205456620160629,340
1152,25,lookback,laplace,power_law,0.2,2,2544,proportional,1000,0.0,False,805.637309551239,73.239755413749,1.0,0.12717,2.0,0.8175352428619114,0.058808533333333336,0.036988,0.03966666666666667,120.368,0.07433333333333333,0.0003295449510390359,1.0759906873947669,1.0392275924872143,1.0970925071428506,0.17724330142856903,0.16215284327020812,0.18491853575207537,0.00395925095551613,0.0036267734845607507,0.004178403553164624,0.639574245988549,0.6284053975857308,0.6477000442732058,0.3394527284573059,0.33121852810124697,0.35943243660804575,2.0,2.0,4.0,1.943591019654683,1.6044674557310228,2.462803724491527,,,,0.6612776267748898,321
1153,25,lookback,laplace,power_law,0.2,3,2545,proportional,1000,0.0,False,797.2069220542908,72.47335655039006,1.0,0.12717,2.0,0.8214994558495106,0.0619964,0.0366108,0.023,120.26466666666667,0.06633333333333333,0.00019124486549111126,1.0738596445013875,1.0317109771163429,1.1042279713007994,0.1775831657357592,0.1695577950569333,0.19218293181210053,0.003994402253502491,0.0037770438608619636,0.004276159894212309,0.6403837348937388,0.6273764393522567,0.6504669263741909,0.3299643281989578,0.30893846453300294,0.34536500250073826,2.0,2.0,3.0,1.9486308247959865,1.6063201537226888,2.4903826144528622,,,,0.698963184024357,301
1154,25,lookback,laplace,power_law,0.2,4,2546,proportional,1000,0.0,False,812.284393787384,73.8440357988531,1.0,0.12717,3.0,0.7900594508093053,0.0629548,0.04307826666666666,0.011333333333333334,117.846,0.05433333333333333,9.617070866498086e-05,1.1088305456533316,1.0570852519065612,1.1527950197132542,0.1712459648782868,0.15876713396787956,0.18193542749482564,0.003937825266335446,0.0037221464294565068,0.004118716913850244,0.6310751826623573,0.6196656976320511,0.6483315245988122,0.3850670451080217,0.36840247400004145,0.39898826177565033,3.0,2.0,4.0,1.9651681346992538,1.6111770979527353,2.6755363374604695,,,,0.7697338347501943,311
1155,25,lookback,laplace,power_law,0.3,0,2542,proportional,1000,0.0,False,814.6123521327972,74.05566837570883,1.0,0.12717,3.0,0.798935696752697,0.0502908,0.0522676,0.019,110.55666666666667,0.048666666666666664,0.0001718575692706606,1.107783148488741,1.060750322865545,1.1394068973532985,0.1770597169727948,0.16375156979146416,0.18387315705613708,0.004566572902110159,0.004419211679450563,0.0048947481459495215,0.6391758651250051,0.6263920666889161,0.6493478010357515,0.5207972744600666,0.5016275755660106,0.5363351987914672,3.0,2.0,4.0,1.9991906217627369,1.7549000588624626,2.9312185044484167,,,,0.8059242758613402,375
1156,25,lookback,laplace,power_law,0.3,1,2543,proportional,1000,0.0,False,821.5164151191711,74.6833104653792,1.0,0.12717,3.0,0.7927969581777436,0.055319466666666664,0.04941653333333333,0.02033333333333333,112.266,0.043666666666666666,0.00018111746506808233,1.0424798558519477,1.0124939881410369,1.0770785840846469,0.17869142198586058,0.17052051389124362,0.191159524087952,0.0045757048139647444,0.004323973504762403,0.004860891610422516,0.6472393851309968,0.63727107843093,0.660068471802133,0.4672054137946323,0.4438103888141272,0.4981491649167891,3.0,2.0,5.0,2.0,1.758821888018177,2.9764944660337815,,,,0.8183010384251242,350
1157,25,lookback,laplace,power_law,0.3,2,2544,proportional,1000,0.0,False,812.9857585430145,73.90779623118314,1.0,0.12717,3.0,0.8293633575438517,0.04756453333333333,0.041729866666666664,0.08166666666666667,117.302,0.116,0.0006962086466272242,1.1036620242202897,1.0548704913553277,1.1274588644502699,0.17309284539757297,0.1583843770826512,0.18049898305070117,0.004058757389363319,0.0038845187614336705,0.004265435679806189,0.6257921884756064,0.6171578254584866,0.6322486816214303,0.44797101065323985,0.4301480179678036,0.46338834813540963,3.0,2.0,4.0,1.9863950905737582,1.7094282642203993,2.7658293454803546,,,,0.6570213876640225,393
1158,25,lookback,laplace,power_law,0.3,3,2545,proportional,1000,0.0,False,814.049619436264,74.00451085784219,1.0,0.12717,3.0,0.8301345672229195,0.050240266666666665,0.041740266666666664,0.06933333333333333,116.85333333333334,0.10466666666666667,0.0005933363760839799,1.0961227337757689,1.0397449248130273,1.115752138176227,0.171662394723059,0.16627379888704497,0.18721871481780283,0.004153721042925737,0.003931446600270774,0.004444450244490542,0.6285030921655811,0.6205591397198311,0.6439126521568128,0.4284173394079144,0.4002360580429658,0.4424046727924693,3.0,2.0,4.0,1.984461408179522,1.6986104486607045,2.755349158598941,,,,0.7456495095555173,377
1159,25,lookback,laplace,power_law,0.3,4,2546,proportional,1000,0.0,False,817.0645987987518,74.27859989079562,1.0,0.12717,3.0,0.810718849850681,0.055076933333333335,0.04453173333333333,0.03333333333333333,115.77866666666667,0.06733333333333333,0.00028790565907363473,1.0898278658864764,1.046506066130574,1.1402791832766437,0.167415367984982,0.1563024629816467,0.18142412382931133,0.004079328069131698,0.00393964829318217,0.004296293666376405,0.6241424898903869,0.6165707727907148,0.6401938913225333,0.45112368543126075,0.4294190023502569,0.46240691794905586,3.0,2.0,4.0,1.9950309741893704,1.7166849768899939,2.8461173689050527,,,,0.8185442812090812,367
1160,25,lookback,laplace,power_law,0.4,0,2542,proportional,1000,0.0,False,922.9502720832825,83.90457018938932,1.0,0.12717,3.0,0.8017935546332682,0.041842533333333334,0.05128306666666667,0.038,105.17566666666667,0.061,0.0003613003007666539,1.108137426881695,1.0762548219735384,1.1682947854988286,0.167505675137612,0.15928321697888936,0.18003601610143244,0.004840810333455223,0.004552668627946013,0.0052375751883125665,0.6283149768261097,0.6169171353090659,0.6482174872121519,0.59945617282865,0.5883932450111653,0.6149814429735643,3.0,2.0,5.0,2.1949528254488246,1.8322283432084956,3.152440110940029,,,,0.8305098442524188,416
1161,25,lookback,laplace,power_law,0.4,1,2543,proportional,1000,0.0,False,920.8017420768738,83.70924927971579,1.0,0.12717,3.0,0.8066473920846371,0.045071466666666664,0.050323466666666664,0.029,106.65266666666666,0.059333333333333335,0.0002719106882778365,1.0678352283664951,1.0037021294330508,1.1067934375338682,0.17491147642277793,0.16183000740261538,0.18350816265244355,0.004854286355138659,0.004695234393707665,0.005110920215107628,0.6449603464406019,0.6314539106857373,0.6540828336293729,0.5756897254071272,0.5605783483665576,0.5867873425135645,3.0,2.0,5.0,2.2067944105841173,1.8363337610177666,3.111129984418361,,,,0.8059125994060412,396
1162,25,lookback,laplace,power_law,0.4,2,2544,proportional,1000,0.0,False,906.4681980609894,82.40619982372631,1.0,0.12717,3.0,0.8298722546182078,0.0333516,0.04583466666666667,0.13433333333333333,111.00333333333333,0.15066666666666667,0.001210173868652593,1.1339590916484932,1.0909252995527912,1.1608744434882312,0.1599838535540884,0.1494321097857944,0.16902912214054322,0.004438436388743092,0.004141116604030035,0.004803004566461726,0.6103582820461387,0.5970188680586934,0.6178006229279918,0.6105706302378064,0.5903621811967092,0.6239948849818506,3.0,2.0,4.0,1.9997943240031975,1.8005439641815513,2.949037975565183,,,,0.712014532155643,474
1163,25,lookback,laplace,power_law,0.4,3,2545,proportional,1000,0.0,False,916.0631177425385,83.27846524932168,1.0,0.12717,3.0,0.820738559309987,0.036914666666666665,0.045216533333333336,0.10566666666666667,110.94533333333334,0.12566666666666668,0.000952421012150128,1.1319481080289282,1.0993664341116207,1.1624594259432937,0.16695273216377604,0.15659911184684053,0.1765840838057136,0.004507850000459667,0.004332987881019644,0.004775471325474492,0.6080046664645682,0.598658715345839,0.6254583266623691,0.5606495404647092,0.537830809293242,0.5922227046926591,3.0,2.0,4.0,2.1226141331158623,1.8248414477798125,2.976844254765644,,,,0.766954551047238,463
1164,25,lookback,laplace,power_law,0.4,4,2546,proportional,1000,0.0,False,859.3208360671997,78.12007600610906,1.0,0.12717,3.0,0.8156287625345058,0.044278,0.04590746666666667,0.065,109.23433333333334,0.084,0.0005950510065516641,1.122262961302944,1.086399502436018,1.177843243273308,0.1598141468750714,0.14890855664260563,0.17250597525772016,0.004493014973212743,0.004274026126541481,0.004837702280304026,0.6223044510581199,0.6121696551845002,0.6394566612314935,0.5662371133040933,0.5474720775280915,0.5845082150787297,3.0,2.0,4.0,2.0308223279016966,1.8062136127409218,2.9854386728116404,,,,0.824536692678236,414
1165,25,lookback,laplace,power_law,0.5,0,2542,proportional,1000,0.0,False,876.1718547344208,79.65198679403825,1.0,0.12717,3.0,0.8150721515176788,0.031531866666666665,0.0493856,0.06433333333333334,95.017,0.065,0.0006770718222353193,1.1572003015241408,1.1130793872083562,1.1985189422155167,0.15211347944034598,0.14291037425166433,0.16702817141566795,0.005314025776344963,0.005040920556181199,0.005723940144705963,0.6173710488194193,0.6003817576340529,0.6302513803739518,0.6889623439489676,0.6636368933421265,0.6994621128982073,3.0,2.0,6.0,2.4610352749529008,1.9124896309758266,3.69778474675446,,,,0.8277519110912559,422
1166,25,lookback,laplace,power_law,0.5,1,2543,proportional,1000,0.0,False,887.8008913993835,80.70917194539851,1.0,0.12717,3.0,0.8173329473975712,0.0342616,0.04865426666666667,0.05366666666666667,96.08233333333334,0.06133333333333333,0.0005585487446530232,1.1219918705126806,1.0635846581827433,1.1672949248894864,0.16007260237531684,0.15022917901740998,0.16753135146459253,0.005197888873059306,0.0048302395895612315,0.0057286800946662764,0.6251840544210632,0.6082110867138185,0.6420127570800112,0.6639903408922235,0.6413926146656055,0.6929268936837071,3.0,2.0,6.0,2.469944680005155,1.9162665524585054,3.6448286833095906,,,,0.8040143545223118,421
1167,25,lookback,laplace,power_law,0.5,2,2544,proportional,1000,0.0,False,865.7419366836548,78.7038124257868,1.0,0.12717,4.0,0.8069684688828311,0.019908133333333335,0.0458992,0.17633333333333334,95.54266666666666,0.17766666666666667,0.0018455977783049808,1.1766902034847515,1.129847958027817,1.2137969537123612,0.14879775414717758,0.13836630693851362,0.16028790945262097,0.005104417888385973,0.004934034515046388,0.005307481485050564,0.5769762333412672,0.5686665617824473,0.5828289810123866,0.7261785471168363,0.7159493433999977,0.7471899377621194,4.0,2.0,5.0,2.6271643466166896,1.9376478279679468,3.7197134654184763,,,,0.746415761019706,480
1168,25,lookback,laplace,power_law,0.5,3,2545,proportional,1000,0.0,False,863.8457913398743,78.53143557635221,1.0,0.12717,3.0,0.8222049362158527,0.021795066666666668,0.04737053333333333,0.12233333333333334,95.64566666666667,0.139,0.0012790264064934114,1.1750235275313645,1.1171423184545777,1.2068260492596323,0.1530625225071886,0.14567531013489166,0.16088320058457817,0.005273296625054535,0.0049927945707312,0.0055082823466799935,0.5837119878535448,0.5778395138530493,0.6001329544217341,0.7130609748260136,0.6883180951968249,0.7414040566180528,3.0,2.0,5.0,2.5248532194340725,1.9250517066831865,3.6685563969595965,,,,0.7545516741745825,481
1169,25,lookback,laplace,power_law,0.5,4,2546,proportional,1000,0.0,False,870.7838435173035,79.16216759248213,1.0,0.12717,3.0,0.8076547589620517,0.031404266666666666,0.04596413333333333,0.09166666666666666,96.76833333333333,0.09133333333333334,0.0009472795852637743,1.1782303634514362,1.1323551413657127,1.2563879208702953,0.15163565901403725,0.14100725344006163,0.16052017948212396,0.005121652445901433,0.00492154746077234,0.005385290060921943,0.6091363847443882,0.5994166522556583,0.6173636110543742,0.6864059419406892,0.6747895658464735,0.7017964238609273,3.0,2.0,5.0,2.555698316238581,1.9219305805377258,3.6560409738336017,,,,0.8324284325488295,425
1170,26,correlation,laplace,power_law,0.0,0,2642,proportional,50,0.3,False,123.61047005653381,11.237315459684892,1.0,0.12717,,,0.11358026666666667,0.0,0.0,124.846,0.0,0.0,1.0806954459932414,1.0446460324784628,1.139807459349207,0.1627851020042704,0.15715425235568387,0.1829470483952393,0.0032557020400854086,0.003143085047113677,0.003658940967904786,0.6450060697535289,0.635201706862902,0.6657134172872339,0.0,0.0,0.0,,,,,,,,,,,0
1171,26,correlation,laplace,power_law,0.0,1,2643,proportional,50,0.3,False,124.56281781196594,11.32389252836054,1.0,0.12717,,,0.1181164,0.0,0.0,124.91166666666666,0.0,0.0,1.0465036649294712,1.010724327510327,1.099942494260587,0.1854051103306814,0.16667331544493935,0.20003108154215757,0.0037081022066136286,0.003333466308898786,0.00400062163084315,0.6606688675729782,0.6493008135710576,0.6725802809169309,0.0,0.0,0.0,,,,,,,,,,,0
1172,26,correlation,laplace,power_law,0.0,2,2644,proportional,50,0.3,False,116.96017026901245,10.632742751728404,1.0,0.12717,,,0.110396,0.0,0.0,125.425,0.0,0.0,1.06444782543092,1.0141341970073652,1.1021139092326635,0.17681693902456358,0.168712447354006,0.19245024097955157,0.00353633878049127,0.003374248947080119,0.003849004819591031,0.6557744289825341,0.6456400840826177,0.6663643157598887,0.0,0.0,0.0,,,,,,,,,,,0
1173,26,correlation,laplace,power_law,0.0,3,2645,proportional,50,0.3,False,118.11650466918945,10.737864060835404,1.0,0.12717,,,0.1137756,0.0,0.0,124.99466666666666,0.0,0.0,1.0571094492149928,1.0033868973923727,1.1259376078797538,0.1804595877684947,0.170475245042586,0.18729242394615075,0.0036091917553698937,0.0034095049008517186,0.0037458484789230154,0.6566307399609077,0.6372061461456068,0.6735936658296775,0.0,0.0,0.0,,,,,,,,,,,0
1174,26,correlation,laplace,power_law,0.0,4,2646,proportional,50,0.3,False,118.6199791431427,10.783634467558427,1.0,0.12717,,,0.1204504,0.0,0.0,125.20166666666667,0.0,0.0,1.0694913757506734,1.0126908702765443,1.1375680304363627,0.18622987891449805,0.1704991129111616,0.19606977685950805,0.0037245975782899594,0.0034099822582232316,0.0039213955371901615,0.658144096678072,0.6440102140320003,0.6762081890485714,0.0,0.0,0.0,,,,,,,,,,,0
1175,26,correlation,laplace,power_law,0.01,0,2642,proportional,50,0.3,False,122.5312020778656,11.139200188896872,1.0,0.12717,2.0,0.8640213870694211,0.10430306666666667,0.009182933333333334,2.2093333333333334,124.437,2.199666666666667,0.017754633536113323,1.0835785673155018,1.0472283458593779,1.1396743485716008,0.16271799606485066,0.15706660203912412,0.18285250599983488,0.0033535373716237294,0.003237925260602828,0.0038050042446508585,0.6483508416384098,0.6342772426744238,0.6678121463720207,0.11504297687415879,0.10163832032354543,0.1256190313452951,2.0,2.0,2.0,1.8000628852810492,1.4618106315948034,1.9731426195529953,,,,0.8766510294970107,143
1176,26,correlation,laplace,power_law,0.01,1,2643,proportional,50,0.3,False,121.65318989753723,11.059380899776112,1.0,0.12717,2.0,0.8555059871676123,0.10809533333333333,0.009926533333333333,2.2706666666666666,124.70966666666666,2.263333333333333,0.01820762357368715,1.046399459100047,1.0102687863379394,1.0956505748700076,0.18512506891417946,0.1666694596961286,0.19987750409800958,0.0038385754654875724,0.0034803489053962977,0.0040738946678521865,0.6645947529901886,0.6497240455255333,0.6726769749135401,0.1253261515998984,0.11558615437900854,0.1438760386962144,2.0,2.0,2.0,1.7909221422562487,1.441380945347652,1.9753664640692001,,,,1.0532507814285281,127
1177,26,correlation,laplace,power_law,0.01,2,2644,proportional,50,0.3,False,120.89988327026367,10.990898479114879,1.0,0.12717,2.0,0.8725922650605353,0.1020396,0.0082756,2.0553333333333335,124.79633333333334,2.063,0.016469500973586296,1.0653131521582218,1.0135137408733366,1.1074347175774815,0.17674196700643283,0.16867990858324347,0.19238072901189418,0.003645035706311476,0.0034251415361301408,0.003923844831361371,0.6567306701466478,0.6471592790765358,0.6690086298518653,0.09686763548786029,0.07948386813270517,0.11336786501588744,2.0,2.0,2.0,1.8160494709705055,1.5015273481470128,1.9767405969583551,,,,0.8439680249588584,116
1178,26,correlation,laplace,power_law,0.01,3,2645,proportional,50,0.3,False,121.61228513717651,11.055662285197865,1.0,0.12717,2.0,0.8592124528247828,0.1045372,0.009143066666666666,2.231333333333333,124.50433333333334,2.24,0.01792173230918335,1.0563389987096226,1.001347746868245,1.126403854701706,0.180286800586497,0.1704583132348106,0.18721673771723032,0.003684589834493263,0.003527260378557348,0.003836775033442505,0.657765608883522,0.6396587551965667,0.6753628571681691,0.11269305492574655,0.10280659233214033,0.1307809688099877,2.0,2.0,2.0,1.7893319823591047,1.4571282505106884,1.9767529588193995,,,,0.9792460467129938,100
1179,26,correlation,laplace,power_law,0.01,4,2646,proportional,50,0.3,False,128.19089531898499,11.653717756271362,1.0,0.12717,2.0,0.8599488339496142,0.1103732,0.009996533333333333,2.198,124.605,2.191666666666667,0.017639741583403555,1.0699047523560017,1.0083355480707135,1.1352940090567052,0.1861681812984302,0.17044035553267567,0.19598494036703656,0.0038658783903783335,0.0035286918014699247,0.004040657808789609,0.6607542116038634,0.6464342685879734,0.6777727288363637,0.11869812633759289,0.10188147743935619,0.1308535626113261,2.0,2.0,2.0,1.7868430309947696,1.4554758877152056,1.9721518436408398,,,,1.0418120653638174,141
1180,26,correlation,laplace,power_law,0.02,0,2642,proportional,50,0.3,False,126.79968571662903,11.527244156057185,1.0,0.12717,2.0,0.853184001306599,0.10063626666666667,0.012693333333333333,3.243333333333333,124.36866666666667,3.2303333333333333,0.026078379870599775,1.083501645266477,1.0435742485158623,1.144868062074748,0.1625751537472307,0.15717088276038918,0.18281116684650486,0.0034981496020817086,0.0033196576901108237,0.0038593093043213567,0.6492166578738288,0.6362671626368144,0.6681632935218123,0.1748090340370132,0.15599889478504836,0.19021204719751095,2.0,2.0,2.0,1.8123196032896212,1.4701867314674582,1.9807272852117284,,,,0.935820489673217,192
1181,26,correlation,laplace,power_law,0.02,1,2643,proportional,50,0.3,False,128.7349545955658,11.703177690505981,1.0,0.12717,2.0,0.8450268163617106,0.1049888,0.0128592,3.11,124.78033333333333,3.1026666666666665,0.024923799423520264,1.0434196257321893,1.0104155974089266,1.1011201941195912,0.1852549532904616,0.1666055371331684,0.2002709232952428,0.0038538984309497183,0.003541347923476167,0.0042106469021301616,0.6655766565376388,0.6559350476961741,0.6796792856356177,0.17747835973144233,0.1575518039014781,0.1911220972830885,2.0,2.0,2.0,1.8190807517632925,1.4488325804275317,1.9808576634090493,,,,0.9194588628309062,162
1182,26,correlation,laplace,power_law,0.02,2,2644,proportional,50,0.3,False,127.45944905281067,11.587222641164606,1.0,0.12717,2.0,0.8565807596914923,0.09794026666666666,0.012180266666666667,3.1823333333333332,124.48933333333333,3.188,0.025563100453050863,1.0643808424214916,1.012536722475158,1.1021859243356213,0.17625020186187104,0.168427882370343,0.1920632936133247,0.0037466798210155656,0.003510004598048427,0.003981010103354288,0.6578045877140075,0.6490306559792299,0.6704102491575833,0.1657193110662485,0.1514577682522764,0.17821288696341325,2.0,2.0,2.0,1.8190235000246682,1.4765230732451202,1.9824442296552687,,,,0.8216072485135074,151
1183,26,correlation,laplace,power_law,0.02,3,2645,proportional,50,0.3,False,123.03271460533142,11.184792236848311,1.0,0.12717,2.0,0.8414641031464991,0.1011136,0.012408266666666667,3.207,124.39066666666666,3.215,0.025781677081881813,1.0546771898592933,1.0014750691430843,1.1224709276194926,0.18029783970296853,0.17012358306223474,0.18709823610461818,0.0037326715359321284,0.00360116525067237,0.003927952990884906,0.6578212538804489,0.6435660019544849,0.6769442637535302,0.16557121559477703,0.15768547849942596,0.18186586271019461,2.0,2.0,2.0,1.80075720958795,1.4585380518099613,1.9824175177574432,,,,0.8743974647320493,149
1184,26,correlation,laplace,power_law,0.02,4,2646,proportional,50,0.3,False,124.41968536376953,11.310880487615412,1.0,0.12717,2.0,0.8413616858778552,0.10698986666666667,0.013218133333333333,3.103,124.25633333333333,3.1053333333333333,0.024972570143976566,1.0698807914469843,1.0097377104638459,1.1297322956261384,0.18623457839100505,0.17010686569648514,0.19576871107996266,0.0039017965856835545,0.003592195149937853,0.0041930334811239,0.6632886034559524,0.6476825033900478,0.6808888612861653,0.16947592614845425,0.15335034193541552,0.18514729841943525,2.0,2.0,2.0,1.8037455265671052,1.4477998340057543,1.9796580242672341,,,,0.9891871404066093,161
1185,26,correlation,laplace,power_law,0.05,0,2642,proportional,50,0.3,False,129.17566227912903,11.743242025375366,1.0,0.12717,2.0,0.8241265825096509,0.0975836,0.0152224,4.031666666666666,123.897,4.032333333333334,0.03254047044453592,1.1014938484230792,1.0438556310745781,1.1521913295114268,0.16276394997648239,0.15654958196343466,0.18237409902607268,0.0035278256001668473,0.003351762431143074,0.004005155786990366,0.6522375151506443,0.6406334181288105,0.6732388642871927,0.22882595459250363,0.21512725143930317,0.2617169566791163,2.0,2.0,2.0,1.8093724344160993,1.4413788312237177,1.9887271237027346,,,,0.8749024184204899,196
1186,26,correlation,laplace,power_law,0.05,1,2643,proportional,50,0.3,False,123.26643061637878,11.206039146943526,1.0,0.12717,2.0,0.8253043488862666,0.1020528,0.015318933333333333,3.889,124.49666666666667,3.8786666666666667,0.03123778414415379,1.05415691091045,1.0210839791884636,1.0984298918502073,0.1838281741056803,0.16602021074247086,0.1990553088669877,0.003865263780917833,0.0036473457021753745,0.004228339616368592,0.6681731382153426,0.6564861531500146,0.6801905921303228,0.22561212078979204,0.20151854878175576,0.242757723717272,2.0,2.0,2.0,1.8189059564347794,1.4491904669706854,1.9895628867124011,,,,1.0448451100680343,197
1187,26,correlation,laplace,power_law,0.05,2,2644,proportional,50,0.3,False,128.74487829208374,11.704079844734885,1.0,0.12717,2.0,0.8385407086580255,0.0952652,0.014402,4.035333333333333,124.24766666666666,4.043333333333333,0.032478141775968965,1.056285210430333,1.0221898584847602,1.1018843057145664,0.17607360500719654,0.168068424749243,0.19227378522847705,0.0038070025335482727,0.003573202420584588,0.004040330967379362,0.6622198749951155,0.653346508963031,0.6714977138947287,0.2078833371572499,0.19125856675464067,0.23475074454036654,2.0,2.0,2.0,1.836126223806393,1.4736542572917453,1.989340804733478,,,,0.9128450991497088,181
1188,26,correlation,laplace,power_law,0.05,3,2645,proportional,50,0.3,False,147.55475044250488,13.414068222045898,1.0,0.12717,2.0,0.8188784563976801,0.0983088,0.014703466666666666,3.962,124.19333333333333,3.989333333333333,0.031901873423157444,1.0488829299398224,0.9992263863221419,1.1247364016694503,0.18046891393738698,0.17003119096158353,0.18569487982538607,0.003860900381138737,0.003759557290772266,0.0039686772211091435,0.6640515301188686,0.6462914196535416,0.6791884501923541,0.22846583008854904,0.20818596451719393,0.2406944650126257,2.0,2.0,2.0,1.8089617183679132,1.4329397007953362,1.988986850434816,,,,0.8545528266956344,172
1189,26,correlation,laplace,power_law,0.05,4,2646,proportional,50,0.3,False,124.28421258926392,11.298564780842174,1.0,0.12717,2.0,0.8185950164315426,0.1042756,0.015421866666666667,3.857666666666667,124.13866666666667,3.848,0.031075463997250388,1.072332251108153,1.0202956540647892,1.1349835048907817,0.1857745569950584,0.16925420328585966,0.19540858553050855,0.004054556239249157,0.003750230317036869,0.004285136166313391,0.6637816579205575,0.6454522633576135,0.6824508386210928,0.2333712048789934,0.20910328367156952,0.2519723752020761,2.0,2.0,3.0,1.8119251412179842,1.4377444227841563,1.9888705451727928,,,,1.03941609577617,213
1190,26,correlation,laplace,power_law,0.1,0,2642,proportional,50,0.3,False,123.20497298240662,11.200452089309692,1.0,0.12717,2.0,0.8204147414800713,0.0953244,0.016535333333333332,4.488,123.865,4.487666666666667,0.036232995600048445,1.1173494228173042,1.0560368834737632,1.152990696380165,0.16256302162984562,0.1567348744510215,0.18279255247298656,0.00361430482365826,0.0034434175298386875,0.004137667855451135,0.651945375193441,0.6372961668046808,0.6717411795121742,0.25835675864746077,0.2402730868338708,0.27631071061676177,2.0,2.0,3.0,1.8289392105226665,1.4411411070955273,1.9917919613091155,,,,1.089942004321817,221
1191,26,correlation,laplace,power_law,0.1,1,2643,proportional,50,0.3,False,124.358069896698,11.305279081518,1.0,0.12717,2.0,0.8162377791561101,0.09945546666666667,0.0170384,4.287333333333334,123.664,4.282666666666667,0.03466921119592876,1.0484306318686518,1.0171703947692698,1.1248007338089208,0.18285728951850772,0.16552481031927593,0.19683986037851206,0.004043588544470478,0.0036041994091247395,0.004270820620422604,0.6667979926388845,0.6552850190989972,0.6834421648682572,0.25096389174344136,0.23229029918532024,0.2653360893867574,2.0,2.0,3.0,1.8260726899703632,1.4545210349566131,1.992889629112281,,,,0.9484722291430675,217
1192,26,correlation,laplace,power_law,0.1,2,2644,proportional,50,0.3,False,151.50043964385986,13.772767240350897,1.0,0.12717,2.0,0.8164299897769906,0.0929656,0.015822133333333332,4.492,123.96833333333333,4.519,0.03623506002877079,1.0581077314071141,1.0191219813532446,1.108629205461231,0.1759856156506142,0.16716123700163166,0.1908942093465608,0.0038609442003464268,0.003661585469351886,0.004146330716929717,0.6660132458406215,0.6569059114735185,0.6734565458815847,0.2671909082373918,0.2506057322974965,0.2820989874530762,2.0,2.0,3.0,1.825952943291054,1.4450478103048094,1.9920532655347394,,,,0.8172658770296604,201
1193,26,correlation,laplace,power_law,0.1,3,2645,proportional,50,0.3,False,150.88496446609497,13.71681495146318,1.0,0.12717,2.0,0.8177151497491665,0.0961116,0.016025733333333333,4.459,123.86166666666666,4.46,0.03599983852954236,1.0768933910834138,0.9953187390242417,1.1290311370638304,0.17816531221973692,0.16923198910934564,0.18616819653364108,0.003834979954495907,0.0037141926602039404,0.004013122952044009,0.6619522473365714,0.6438853859169058,0.6783578636611576,0.2513062016435812,0.23635637730355888,0.2706134860716274,2.0,2.0,3.0,1.8263677740072,1.4538542484674744,1.99305275256522,,,,0.8315662431785116,196
1194,26,correlation,laplace,power_law,0.1,4,2646,proportional,50,0.3,False,145.35287928581238,13.213898116892034,1.0,0.12717,2.0,0.8261116427202081,0.10188453333333333,0.016850133333333333,4.254,123.79666666666667,4.248,0.034362799213764506,1.077171016896986,1.0022389054223515,1.1465846240675894,0.18516438447103487,0.16781248007864605,0.19371386342400032,0.003995911096752295,0.0036789232980721166,0.004234487392233149,0.6654968548046423,0.6489086616899862,0.6821887563979083,0.258224160029353,0.21931668345482158,0.27316993266281775,2.0,2.0,3.0,1.8325467823954158,1.4506849154804324,1.9921233924705557,,,,0.9668888104967842,220
1195,26,correlation,laplace,power_law,0.2,0,2642,proportional,50,0.3,False,145.641131401062,13.240102854642002,1.0,0.12717,2.0,0.8160180971680748,0.09173413333333333,0.0181168,5.0553333333333335,123.616,5.050333333333334,0.040895461213219436,1.1123467038811952,1.0520968161533195,1.144564012635928,0.15994515655722769,0.15534158159168274,0.17966296859810024,0.003611617655179356,0.003390969855162163,0.003969672758133963,0.6468530818434846,0.6408277977586531,0.6648113717916426,0.282405675548554,0.2642225576559654,0.2948051862506447,2.0,2.0,3.0,1.8318209771509675,1.4526118008939677,1.9964671571682413,,,,0.9829233592437483,257
1196,26,correlation,laplace,power_law,0.2,1,2643,proportional,50,0.3,False,145.11594009399414,13.192358190363104,1.0,0.12717,2.0,0.8331381781846439,0.09550466666666667,0.0189148,4.86,123.603,4.843,0.03931943399432053,1.0654717217930736,1.0219299562648696,1.1171148533890958,0.18306690735113834,0.16437374345816058,0.1963147300409248,0.003984625136053857,0.003598291493331556,0.004223305694119009,0.6651160585024127,0.6555113708427467,0.6728545943462323,0.284278742200066,0.2440221284685296,0.2983028953941532,2.0,2.0,3.0,1.8642364870247519,1.4828901220763735,1.998145847264429,,,,0.9431497692400411,235
1197,26,correlation,laplace,power_law,0.2,2,2644,proportional,50,0.3,False,142.0086944103241,12.909881310029464,1.0,0.12717,2.0,0.8278730765742273,0.0897856,0.0171316,5.012666666666667,123.94566666666667,5.041666666666667,0.04044245193458424,1.0707400631018793,1.02312073804081,1.103943374850337,0.177870990768683,0.1672378469825691,0.1899853215467326,0.0038585699882854475,0.003619838953232976,0.004196678602096571,0.6595279182070319,0.6500652075930857,0.6757612495332415,0.27898594498456075,0.2599873676869498,0.30494134625313796,2.0,2.0,3.0,1.8358496186482578,1.4620930724757184,1.9945422728489413,,,,0.9413161660651335,202
1198,26,correlation,laplace,power_law,0.2,3,2645,proportional,50,0.3,False,144.82583951950073,13.165985410863703,1.0,0.12717,2.0,0.8207112728966776,0.0921872,0.0179792,4.991666666666666,123.55166666666666,5.0103333333333335,0.04040145148453413,1.056769807572118,1.0214359078848783,1.1282703666486278,0.17650940903853596,0.1681055078116815,0.18277131754855747,0.003897784077785339,0.00373328865816968,0.004002769294320027,0.6595776162844633,0.6482452631764863,0.6784713570155391,0.28187117216495183,0.2588937514952062,0.306367193379422,2.0,2.0,3.0,1.8470345119986415,1.4608273376488567,1.9957819864852246,,,,0.8745382379846622,189
1199,26,correlation,laplace,power_law,0.2,4,2646,proportional,50,0.3,False,144.25786018371582,13.114350925792348,1.0,0.12717,2.0,0.8234484239518944,0.09818693333333334,0.018565733333333334,4.78,123.65266666666666,4.780333333333333,0.03865666733161167,1.072920579019481,1.006880657531668,1.142069026914315,0.1831722899744594,0.16866522220931612,0.1939542651098437,0.003925633142929028,0.0036661506469890764,0.004170969980261721,0.6607761256438939,0.6457630795642235,0.6776289556902091,0.263407911008018,0.23806833428684246,0.2863799282132413,2.0,2.0,3.0,1.8422106361575425,1.4563502571038418,1.9955189675707703,,,,0.9450186281502195,213
1200,26,correlation,laplace,power_law,0.3,0,2642,proportional,50,0.3,False,158.61917448043823,14.419924952767111,1.0,0.12717,2.0,0.8308761163138645,0.089386,0.018657733333333332,5.347,123.36333333333333,5.334666666666666,0.043343511037855664,1.1133697657981032,1.0501544538376275,1.1657036800501464,0.16363607316986678,0.15188586266215418,0.17897266138026205,0.003623248529544924,0.0033939290920558503,0.003929561168289752,0.6469208146218577,0.6366328751677315,0.6651003077904692,0.2884810578274424,0.2757737126193155,0.31301593610438294,2.0,2.0,3.0,1.849371143545055,1.472995889410633,1.9961113050873012,,,,1.0447961405791468,269
1201,26,correlation,laplace,power_law,0.3,1,2643,proportional,50,0.3,False,127.68375182151794,11.607613801956177,1.0,0.12717,2.0,0.8274548649136111,0.09271626666666667,0.019478533333333332,5.271,123.71633333333334,5.251333333333333,0.04260553039345384,1.0768314138590038,1.0366166446256564,1.1147466361014193,0.17909345009575559,0.16119623975152889,0.19477772844846342,0.00395876472568476,0.0036058619584412926,0.004175343163179229,0.6595602992288064,0.6527604885016515,0.6709919104608035,0.29544793385928125,0.27336123587184546,0.30526083773229296,2.0,2.0,3.0,1.8613089598183832,1.4799784260636262,1.9979425651866412,,,,0.9763242671499293,252
1202,26,correlation,laplace,power_law,0.3,2,2644,proportional,50,0.3,False,126.04435706138611,11.458577914671464,1.0,0.12717,2.0,0.8333950482028496,0.08745626666666667,0.0178388,5.304666666666667,123.84033333333333,5.3,0.042834725358728044,1.0720678042885678,1.017358574757487,1.1254219330095288,0.17444904395031324,0.1643493591194478,0.18642536492731393,0.0038290469414704476,0.003590024478945781,0.004114423107077718,0.6565226069054801,0.6462839215826569,0.6705830321459995,0.29917647097328004,0.27473343020737084,0.3095133545288095,2.0,2.0,3.0,1.8577595089322516,1.4756387698309859,1.9967954787733966,,,,0.8616278232814428,237
1203,26,correlation,laplace,power_law,0.3,3,2645,proportional,50,0.3,False,126.07392382621765,11.461265802383423,1.0,0.12717,2.0,0.8163645239180704,0.08943653333333333,0.0184536,5.361,123.287,5.3773333333333335,0.043483903412363016,1.0713873040400657,1.0222412165976507,1.1402084575996672,0.17084096122792572,0.1642739468516909,0.18144790493708138,0.00387131527287407,0.003657686966413486,0.004014034227658251,0.6579051291081266,0.6408842302989972,0.671917060066586,0.30282213650470435,0.2760042431394318,0.3300738063739881,2.0,2.0,3.0,1.8494827093990098,1.4506278540275706,1.9971330031961902,,,,0.9502645728007231,213
1204,26,correlation,laplace,power_law,0.3,4,2646,proportional,50,0.3,False,127.66801309585571,11.606183008714156,1.0,0.12717,2.0,0.8344171403986823,0.0954436,0.019441066666666666,5.116666666666666,123.52166666666666,5.124666666666666,0.041423232091535894,1.0838786285085407,1.031462672922935,1.1343690138645788,0.18225622915732206,0.1702039401941114,0.18874107889609654,0.0039545693286346904,0.0037704778998541733,0.004181852213555524,0.6584576872807837,0.6487731351952136,0.677609897564148,0.2756205790700711,0.2544427253695372,0.3077234539362242,2.0,2.0,3.0,1.8637888735742392,1.4790369642542036,1.9968608146565503,,,,0.9333186104082785,244
1205,26,correlation,laplace,power_law,0.4,0,2642,proportional,50,0.3,False,126.93683576583862,11.539712342348965,1.0,0.12717,2.0,0.8309290577194712,0.08740813333333333,0.018662666666666668,5.524666666666667,123.36733333333333,5.519,0.044782249217783204,1.0815127716600803,1.0420507528893315,1.147895990006171,0.16051473167179386,0.15345237078298007,0.17994236211526235,0.003603782273047625,0.0034180872298222643,0.004006398323353791,0.6475190806936869,0.6323744802872047,0.6611857131827267,0.30140175069847386,0.28435536704082326,0.31183302807382285,2.0,2.0,3.0,1.867227946674169,1.4805507750791167,1.9977964019540715,,,,0.9510103670168328,258
1206,26,correlation,laplace,power_law,0.4,1,2643,proportional,50,0.3,False,127.10436606407166,11.55494236946106,1.0,0.12717,2.0,0.8359890476280758,0.0919188,0.018794266666666667,5.306333333333333,123.347,5.304333333333333,0.04301955729230004,1.0699070442181062,1.0347990471670454,1.122084966721061,0.18191943288227086,0.1613550973985525,0.19372200170811507,0.004013435709570669,0.0035620456283290544,0.004212277361583322,0.658628126606982,0.6498882232838022,0.6703676537070344,0.28520952460603466,0.27231675493085655,0.3039386196799514,2.0,2.0,3.0,1.8669206708371968,1.4786200146508013,1.997972180053365,,,,0.8682269615164998,237
1207,26,correlation,laplace,power_law,0.4,2,2644,proportional,50,0.3,False,125.6492862701416,11.422662388194691,1.0,0.12717,2.0,0.8448771592552674,0.08578613333333333,0.0176356,5.348333333333334,124.00133333333333,5.369,0.04313125665315427,1.102704680536375,1.016582148872651,1.1334457836715925,0.17464924377606883,0.16211360665074492,0.18493320979511596,0.0038344518371838457,0.0035465450052103546,0.004099898335396813,0.6539464423623951,0.6436313185807916,0.6688668569016808,0.28413120606213105,0.26643189684478996,0.30185326199500084,2.0,2.0,3.0,1.8712145961063813,1.4873168217637707,1.9975767877635682,,,,0.9104175388738466,241
1208,26,correlation,laplace,power_law,0.4,3,2645,proportional,50,0.3,False,126.38007807731628,11.489098007028753,1.0,0.12717,2.0,0.8364015684062096,0.0882308,0.018330266666666668,5.461,123.16533333333334,5.474,0.04433877497997272,1.0558563570381474,1.0187154635705657,1.1434520348922372,0.17282900248956862,0.16409938760836765,0.18141336814880152,0.003798761320426063,0.003640105169367497,0.004038373888550493,0.655072630670221,0.6438788114394134,0.6729337752235376,0.2867684156516613,0.26943013463221654,0.312477573422591,2.0,2.0,3.0,1.865345641295222,1.4832059617545268,1.9986210082721394,,,,1.0329226539399556,228
1209,26,correlation,laplace,power_law,0.4,4,2646,proportional,50,0.3,False,132.42151188850403,12.038319262591274,1.0,0.12717,2.0,0.8417782566935385,0.09357,0.019718266666666668,5.294,123.52833333333334,5.283333333333333,0.04285656462080224,1.1012946624475635,1.029864447422363,1.126160325853201,0.1779318903251803,0.16505622973416406,0.1914090940102485,0.0038701571809766247,0.0036481986186791392,0.004120378019823535,0.6575622786516202,0.642712147190883,0.6728992144303998,0.2850700155090705,0.2529775461504209,0.30183251783519455,2.0,2.0,3.0,1.8738460047824232,1.5009017951002595,1.9986935081736943,,,,1.138106467027134,253
1210,26,correlation,laplace,power_law,0.5,0,2642,proportional,50,0.3,False,133.48644185066223,12.13513107733293,1.0,0.12717,2.0,0.8477658102979431,0.08742093333333334,0.017956,5.376333333333333,123.38766666666666,5.363666666666667,0.04357269635268787,1.1014881447254905,1.0604640848094733,1.155126285333536,0.1610327765850056,0.1531121181594794,0.17842431247714924,0.0034881050716692045,0.003382323578978729,0.003970149334863054,0.6426891451391965,0.6319012505894412,0.6599482712983812,0.27743601792856837,0.2595107841772513,0.3050138542758275,2.0,2.0,3.0,1.881794948928098,1.5008926007174712,1.9987982234135868,,,,0.9714631868442145,268
1211,26,correlation,laplace,power_law,0.5,1,2643,proportional,50,0.3,False,136.24633026123047,12.386030023748225,1.0,0.12717,2.0,0.8565366896026494,0.0899284,0.019174666666666666,5.352,123.70666666666666,5.331666666666667,0.043263634403966376,1.0835454077017992,1.007562022000956,1.1134114914930424,0.1789784869097309,0.15746489701057542,0.18910162934858377,0.003916609037075045,0.0034874449336457364,0.004086318539978878,0.6548931136228388,0.6450845830878859,0.6645656831759132,0.2761836390597696,0.25830826454959654,0.29861139622101557,2.0,2.0,3.0,1.8966853749998025,1.5263937505192726,1.9988514157211772,,,,0.9092309212778034,262
1212,26,correlation,laplace,power_law,0.5,2,2644,proportional,50,0.3,False,121.29832816123962,11.027120741930874,1.0,0.12717,2.0,0.8494911161806662,0.08468586666666666,0.017431733333333334,5.361666666666666,123.84833333333333,5.380333333333334,0.043292198791532656,1.0717657170430157,1.0416338171538624,1.1213205599032952,0.17258543214841587,0.1632418713291729,0.18705421857779436,0.0037152960039291594,0.0035141332960042246,0.004051777674239131,0.6514236386594494,0.6421591589727704,0.6654349658582385,0.2836412299172456,0.26967019838003203,0.3078216756651253,2.0,2.0,3.0,1.8785087428197627,1.4950710219671661,1.9980657053338324,,,,0.9194634177972334,244
1213,26,correlation,laplace,power_law,0.5,3,2645,proportional,50,0.3,False,121.39136815071106,11.035578922791915,1.0,0.12717,2.0,0.8446818467269632,0.0870892,0.017926133333333334,5.440333333333333,123.31933333333333,5.443,0.044115818552376215,1.0778099387677051,1.0299150584105226,1.1382207888285731,0.16940742261447256,0.1585817564372643,0.18257515158765783,0.003763173351195641,0.003495573386724446,0.003976151638464636,0.6502367355769587,0.634959243912672,0.670613622756174,0.2861101441999186,0.2684683257726786,0.3021960009447438,2.0,2.0,3.0,1.8786167493316381,1.50181360313849,1.9984989615150286,,,,0.7620300231898258,220
1214,26,correlation,laplace,power_law,0.5,4,2646,proportional,50,0.3,False,123.65458393096924,11.241325811906295,1.0,0.12717,2.0,0.8582609683560876,0.0925312,0.019318666666666668,5.242666666666667,123.78133333333334,5.245666666666667,0.04235425912361584,1.0905335835722252,1.0310425668207424,1.1311697127885592,0.1730772658192758,0.1590167887516987,0.19374538445582318,0.003813344165029353,0.003501159037941212,0.004127517960989119,0.6533731199425186,0.6367414621682557,0.6700862274451458,0.2762878168208268,0.23985224166064942,0.29463956434816263,2.0,2.0,3.0,1.8959008394629908,1.513613305214802,1.998837771534019,,,,1.040277889754201,251
1215,27,endogenous-alpha,normal,linear,0.1,0,2742,proportional,50,0.0,True,117.09564924240112,10.645059022036465,1.0,0.12717,2.0,0.893103840879231,0.0608772,0.007509333333333333,4.595,124.33033333333333,4.587666666666666,0.036957996305540884,1.107245183571825,1.054079974434519,1.1444642329263703,0.17025966198308,0.15896943294974983,0.18294799110904086,0.0035311611094076835,0.0033244401858096365,0.0038289414515591015,0.6368945168897899,0.6272579195617102,0.6475430921451487,0.19571054121525466,0.18269753579172882,0.21230901511131167,2.0,2.0,2.0,1.8511797380878052,1.5543038647300111,1.98465585168534,0.6000000000000001,0.5150872817955112,0.26643589219775715,0.8693789916837306,230
1216,27,endogenous-alpha,normal,linear,0.1,1,2743,proportional,50,0.0,True,118.16086912155151,10.74189719286832,1.0,0.12717,2.0,0.8996923802924405,0.06823106666666667,0.0086504,4.462666666666666,123.91833333333334,4.447666666666667,0.03601296552837218,1.1151104098909514,1.072885757732424,1.1429473754386617,0.166432322539587,0.15768096085716696,0.17917428528784318,0.003500874370128639,0.0033176823963772936,0.0037864158826438586,0.6362894229553643,0.6283150944995384,0.6450782911825546,0.21390500711878052,0.1982726589980746,0.22275575622718422,2.0,2.0,2.0,1.8557337136041676,1.560705249614207,1.9853160395329739,0.6000000000000001,0.5180000000000001,0.2583621489305274,0.9099228367041834,250
1217,27,endogenous-alpha,normal,linear,0.1,2,2744,proportional,50,0.0,True,117.67510914802551,10.697737195275046,1.0,0.12717,2.0,0.8940991836755514,0.06715146666666667,0.0085232,4.498666666666667,124.10433333333333,4.507,0.036249070002927646,1.085957314217473,1.064445413994503,1.1313322889655815,0.16852967439465524,0.15458556810984403,0.18357865052478775,0.0035854236739281597,0.0033448977475515193,0.003851415601618136,0.6410177274737954,0.6292694183641484,0.650611470327848,0.2127102242541954,0.19516913340950415,0.23327076352019152,2.0,2.0,2.0,1.848964118792413,1.557264012929172,1.9844442703666103,0.6000000000000001,0.5260256410256411,0.26009534614469276,0.8428396443898252,217
1218,27,endogenous-alpha,normal,linear,0.1,3,2745,proportional,50,0.0,True,118.58209586143494,10.780190532857722,1.0,0.12717,2.0,0.8955701426686838,0.060664133333333335,0.007532533333333333,4.639333333333333,124.007,4.642333333333333,0.03741186653441606,1.0927513210719675,1.0748540024236335,1.133103100168074,0.1693780562869211,0.16209621784496522,0.1759236939482612,0.003545444924716614,0.0034198691681005347,0.003735177079499814,0.635817309443917,0.6283958906891727,0.6400219330097299,0.20175087385986223,0.17898934886607223,0.22338038595785661,2.0,2.0,2.0,1.8599754017043577,1.5651460782584616,1.9876799808200905,0.6000000000000001,0.5098062953995158,0.2760749823735779,0.8566982473948995,228
1219,27,endogenous-alpha,normal,linear,0.1,4,2746,proportional,50,0.0,True,118.53215527534485,10.775650479576804,1.0,0.12717,2.0,0.8956657007531895,0.06279453333333333,0.007703733333333333,4.642333333333333,124.46633333333334,4.6386666666666665,0.037297903850840516,1.1164494954518664,1.0894622649934917,1.1671294643167112,0.1624313759487374,0.14655089067032628,0.1721566939555629,0.003436822446203502,0.003113438660219468,0.0036197383201707926,0.6340425896566886,0.6213394106085266,0.6435972145539286,0.209958712966951,0.20125094014994727,0.22201784898439725,2.0,2.0,2.0,1.8591640961745517,1.560971587008216,1.9865296883860075,0.6000000000000001,0.5159705159705161,0.26804044418776174,0.9211713638853145,250
1220,28,endogenous-alpha,normal,quadratic,0.1,0,2842,proportional,50,0.0,True,126.44580721855164,11.495073383504694,1.0,0.12717,2.0,0.8999380580896258,0.074572,0.0090148,4.248666666666667,123.87133333333334,4.258,0.03429903071466629,1.0858546185565183,1.0341244384339134,1.1415786605060272,0.16819842243604205,0.15834802216696087,0.1778681038362718,0.0035956060043051043,0.0034803007120683634,0.0038040387167248444,0.6449745070436024,0.6336566918280699,0.6540967127801636,0.21060701022274064,0.19819304669953244,0.2254409483759436,2.0,2.0,2.0,1.858235163669026,1.561226281905933,1.9881143535507007,0.6000000000000001,0.5310846560846562,0.26401085881851166,1.0188080843027092,191
1221,28,endogenous-alpha,normal,quadratic,0.1,1,2843,proportional,50,0.0,True,126.6013457775116,11.509213252501054,1.0,0.12717,2.0,0.8925288423889279,0.0709412,0.00883,4.4543333333333335,124.18766666666667,4.452,0.03586775927829656,1.1170794146520104,1.070990026104364,1.1716865327728612,0.16123207643747262,0.15474098916505175,0.1669113389114395,0.0034360205147542077,0.0033096955192695086,0.0035881290883780295,0.6336201074466257,0.6256019193150046,0.6439735764780916,0.23299292671744926,0.2204940392727413,0.24815996565609066,2.0,2.0,2.0,1.851904671992641,1.5560355792019702,1.986176155154928,0.6000000000000001,0.5569602272727273,0.24262091317328618,0.9325787784299995,225
1222,28,endogenous-alpha,normal,quadratic,0.1,2,2844,proportional,50,0.0,True,126.34682297706604,11.486074816096913,1.0,0.12717,2.0,0.8988721184470738,0.0763852,0.009077733333333334,4.214666666666667,124.12033333333333,4.208666666666667,0.03395629510072215,1.1193955435848812,1.071727198326455,1.1728923546416539,0.16948350570043336,0.15392756180502817,0.17563397245276582,0.0035303278669062323,0.0032714030119067932,0.003741634343745204,0.6426815802342608,0.6323775088286101,0.6494881038755298,0.2175750699828043,0.20474189825111452,0.23204696618162202,2.0,2.0,2.0,1.8583543595730658,1.559617558699986,1.9873030117188772,0.65,0.5437669376693768,0.2756154185837266,0.8440383754078234,238
1223,28,endogenous-alpha,normal,quadratic,0.1,3,2845,proportional,50,0.0,True,120.02649354934692,10.911499413576992,1.0,0.12717,2.0,0.8953988654684177,0.07200746666666667,0.008488266666666666,4.343333333333334,124.04933333333334,4.340333333333334,0.03501295183636618,1.1091132268366937,1.078078344910431,1.1488557293317163,0.1681866673802761,0.14952024443418077,0.17815985197018863,0.0035412106184340266,0.00319723402291411,0.0038138800996450465,0.6431276344599234,0.6303543747352257,0.6534550143422044,0.21888362550293713,0.2055560333728433,0.23793062710289148,2.0,2.0,2.0,1.8576942922249926,1.5585696449095532,1.987692397156506,0.6000000000000001,0.5332425068119893,0.26508669815594293,0.9306605707679358,234
1224,28,endogenous-alpha,normal,quadratic,0.1,4,2846,proportional,50,0.0,True,134.15682864189148,12.196075331081044,1.0,0.12717,2.0,0.9006035326417013,0.07659933333333334,0.009224533333333333,4.2523333333333335,123.98166666666667,4.256666666666667,0.03429808170562852,1.0868832000074922,1.056777546685645,1.1347169989422383,0.1680421089866535,0.1571614246492158,0.17709965226678423,0.003599141957786515,0.0034332636227873223,0.003779460731230487,0.6445703741089086,0.6353484916811933,0.6522700075331609,0.2234443125172183,0.2086302119591546,0.247016446471773,2.0,2.0,2.0,1.865354122590357,1.5561457085769088,1.9863427252142851,0.6000000000000001,0.5233766233766234,0.26494111273973175,0.8040895932232415,218
1225,29,endogenous-alpha,normal,exponential,0.1,0,2942,proportional,50,0.0,True,118.4106011390686,10.764600103551691,1.0,0.12717,2.0,0.963579961402327,0.08222,8.893333333333333e-05,0.03966666666666667,124.983,0.04033333333333333,0.00031737649653686237,1.0781814213364673,1.0553918981746018,1.1294995415344273,0.17648852388721342,0.17310646471067803,0.1863133021344856,0.0035298482575941725,0.0034621614973853153,0.0037271497258994464,0.6462098453047145,0.6392523826349297,0.6581317175989991,0.001196634297504767,0.0006411352198781096,0.0021537229638664656,2.0,2.0,2.0,1.937069477389206,1.7551954478629386,1.9869386896385453,0.55,0.5714285714285714,0.11605769149479946,2.1232511947340424,2
1226,29,endogenous-alpha,normal,exponential,0.1,1,2943,proportional,50,0.0,True,155.4067735671997,14.127888506109064,1.0,0.12717,2.0,0.9179048834406168,0.08236826666666666,0.00012653333333333334,0.039,125.01266666666666,0.03866666666666667,0.00031196838720343005,1.0784678365237945,1.035526428419057,1.132817616680439,0.17221158572353168,0.16851731140361487,0.18143270987319987,0.0034448489534893495,0.0033704811817561343,0.003628668051415953,0.6491546886664317,0.6380075545821403,0.658741890453348,0.0008744212302593264,0.00030539110066418745,0.0018557076429992594,2.0,2.0,2.0,1.8834271506427598,1.6835381297585474,1.9830941114796898,0.65,0.661111111111111,0.23544022333796769,1.6544813050502838,1
1227,29,endogenous-alpha,normal,exponential,0.1,2,2944,proportional,50,0.0,True,146.4410364627838,13.31282149661671,1.0,0.12717,2.0,0.9560661615271038,0.08144733333333333,7.493333333333333e-05,0.027666666666666666,124.54766666666667,0.028,0.0002221371737192989,1.1133769556558382,1.0414757821039562,1.151723503348329,0.16784327457735615,0.15739540795688767,0.18077680302462323,0.0033732824961528823,0.0031483330795597404,0.003668353359491064,0.6417538018867426,0.6318708467987957,0.6557476523787265,0.0004786176933606643,0.00023847769971379893,0.0012455787065234955,2.0,2.0,2.0,1.9121323230542075,1.7492779893716062,1.9894377320750343,0.6000000000000001,0.5000000000000001,0.2659215781283756,0.7068664846460638,3
1228,29,endogenous-alpha,normal,exponential,0.1,3,2945,proportional,50,0.0,True,132.95434856414795,12.086758960377086,1.0,0.12717,2.0,0.9599654386815322,0.0806464,0.00010333333333333333,0.028333333333333332,124.53066666666666,0.028,0.00022752093192573717,1.0841057156570653,1.0327039259093747,1.1413256608656148,0.1697685169725473,0.1549343515090501,0.18512325315445577,0.003396003364560384,0.003099212880503912,0.00370276507185801,0.642603921489876,0.6246262830299394,0.6566289052436072,0.0007268880489267185,0.00032628252894277554,0.002316380330696703,2.0,2.0,2.0,1.9323510938498667,1.7168779300054329,1.992003834410772,0.55,0.5444444444444444,0.217874128345862,0.8649473951853073,3
1229,29,endogenous-alpha,normal,exponential,0.1,4,2946,proportional,50,0.0,True,136.93678832054138,12.448798938231034,1.0,0.12717,2.0,0.9513638549711512,0.0884032,0.00023053333333333334,0.08533333333333333,124.84533333333333,0.08433333333333333,0.0006835123993421193,1.06678276824838,1.0293261729704972,1.098376658324442,0.17221832944245627,0.16101315498025676,0.18993561764304667,0.0034464822267876475,0.003222674024877006,0.0038025127896432263,0.6473298987060983,0.6379276586481033,0.6594926228964977,0.00300934835263511,0.0015485746751169487,0.004441038559549473,2.0,2.0,2.0,1.9209256497182996,1.7500306324182404,1.9938231839421352,0.5750000000000001,0.5607142857142857,0.24066765126902068,0.6737067975245449,5
1230,30,endogenous-alpha,normal,power_law,0.1,0,3042,proportional,50,0.0,True,140.6783003807068,12.788936398246072,1.0,0.12717,2.0,0.8769930736329277,0.06612706666666666,0.0089276,4.871666666666667,123.548,4.879,0.03943136810524385,1.1123754010781877,1.061680665252584,1.1640316528014407,0.1694211860751642,0.1577085399239516,0.18514709752703562,0.003599279004322471,0.003391844954851467,0.0038641000382783684,0.6384530970364857,0.62443239555362,0.6527404158669328,0.2511350142568898,0.23195354154724007,0.26489746283834076,2.0,2.0,2.0,1.8259826717065715,1.5016054852974046,1.9836416118799478,0.6000000000000001,0.519927536231884,0.25935677507631805,0.9503092480789587,251
1231,30,endogenous-alpha,normal,power_law,0.1,1,3043,proportional,50,0.0,True,141.5385730266571,12.867143002423374,1.0,0.12717,2.0,0.8851870408473094,0.06584106666666667,0.00876,4.894,123.868,4.9013333333333335,0.03950980075564311,1.1072256756252776,1.0335428213457745,1.1338553434141128,0.16735088865715422,0.16308466712205605,0.1786343030955045,0.00359417173574033,0.0034535683443686705,0.0038677778685611065,0.6404521919177628,0.6311214515120395,0.6534148589477264,0.2468762385752455,0.2246760136705392,0.26530347438853935,2.0,2.0,2.0,1.8358756904769045,1.510959920859786,1.9835677937716945,0.6000000000000001,0.5438287153652394,0.25040209654929857,0.8646431520831215,248
1232,30,endogenous-alpha,normal,power_law,0.1,2,3044,proportional,50,0.0,True,143.6959092617035,13.06326447833668,1.0,0.12717,2.0,0.8796997673340212,0.0661564,0.008951866666666667,4.920333333333334,124.247,4.939666666666667,0.039601224442709554,1.0797417285859838,1.0476515400752464,1.118673050256867,0.17061724719334687,0.15285870147504002,0.18171772101177175,0.0036430684747408657,0.0033596731708229483,0.0038836538577595703,0.6457575937524045,0.6338558402064223,0.652750259581141,0.2621883436288488,0.23766013491703036,0.2806070524979728,2.0,2.0,2.0,1.832464991905779,1.50366300518461,1.9833473457401773,0.6000000000000001,0.5377777777777779,0.2511307760244982,0.8263736061160061,256
1233,30,endogenous-alpha,normal,power_law,0.1,3,3045,proportional,50,0.0,True,140.60749006271362,12.78249909661033,1.0,0.12717,2.0,0.8758237639892263,0.058600266666666664,0.0082196,5.258333333333334,124.21,5.263,0.04233421893030621,1.1133124175656872,1.0761236557821463,1.1497411462889193,0.16539296124511196,0.15406857105366026,0.172450622241553,0.003542692006852491,0.0032709685910219575,0.003683193352248767,0.6353577689340257,0.6230827939681867,0.6436455699703902,0.25074564708919156,0.23404781885949122,0.2656483584434534,2.0,2.0,2.0,1.8342240040913083,1.5107164399171888,1.984046439669862,0.6000000000000001,0.5010273972602739,0.2676510271019913,0.9581908818009507,259
1234,30,endogenous-alpha,normal,power_law,0.1,4,3046,proportional,50,0.0,True,120.2827045917511,10.934791326522827,1.0,0.12717,2.0,0.8861286555134613,0.0700156,0.008949733333333333,4.752666666666666,124.55566666666667,4.757333333333333,0.03815696863785135,1.085002562937093,1.0640556826670524,1.120681584175547,0.16808147999079706,0.154033670281624,0.18490423884211196,0.0035813834711445774,0.003357605448056352,0.0039454297405612584,0.6449757664094744,0.6357737991984664,0.6563141181957126,0.24944096638741248,0.23391502708378537,0.26919983082537624,2.0,2.0,2.0,1.8367068523874803,1.5169795293753907,1.984121924647268,0.6000000000000001,0.5337772397094431,0.2690954604647652,0.8732328729701788,218
1235,31,endogenous-alpha,laplace,linear,0.1,0,3142,proportional,50,0.0,True,129.5622754096985,11.778388673608953,1.0,0.12717,2.0,0.9027306309063349,0.10374586666666667,0.011581866666666666,3.437,124.32233333333333,3.4326666666666665,0.027645877517313865,1.106421316601626,1.059553428288057,1.143002844291058,0.17230527318024225,0.15822829650039422,0.18331676519672657,0.0037187989466776327,0.003434103151364574,0.003957322732047326,0.6544308449983538,0.6418795735670834,0.6637784440001201,0.21454879628731913,0.19497497828832921,0.23148556045450353,2.0,2.0,2.0,1.8565777360660962,1.537936621719774,1.9886847755581918,0.6000000000000001,0.5485250737463128,0.26190961160588067,0.9944748649464628,198
1236,31,endogenous-alpha,laplace,linear,0.1,1,3143,proportional,50,0.0,True,128.75653767585754,11.705139788714321,1.0,0.12717,2.0,0.9084958205481571,0.10146466666666666,0.011039066666666666,3.497333333333333,124.17666666666666,3.507,0.02816417469733981,1.081678347598884,1.037413391611791,1.106646582544208,0.17679492717949513,0.16509376257517022,0.18535678270458011,0.0037675612078198876,0.003520938239224445,0.0039864475399080165,0.6571495208683165,0.6474024591148569,0.6680784605302434,0.21481091768035437,0.20338029324075294,0.2279018063999278,2.0,2.0,2.0,1.8729823064835525,1.546843741048839,1.99016213926773,0.6000000000000001,0.5361428571428571,0.27591558158840057,0.7792257966642049,199
1237,31,endogenous-alpha,laplace,linear,0.1,2,3144,proportional,50,0.0,True,123.38535523414612,11.216850475831466,1.0,0.12717,2.0,0.904392767246831,0.10018706666666667,0.010932533333333333,3.5323333333333333,124.55933333333333,3.542,0.028358640326698388,1.0893663607135782,1.0387392769242414,1.1363829033270225,0.17476335549192806,0.16354023550241187,0.1826914272616123,0.0037568005613146955,0.0035194793585181876,0.003952908319146551,0.6559981025138458,0.6450255773353033,0.6680710233592888,0.21609685581873767,0.19012619056770474,0.23699072176422792,2.0,2.0,2.0,1.862704914924879,1.5356818877344733,1.9877492698015007,0.6000000000000001,0.5404069767441861,0.26965386417211407,0.9048479948800755,163
1238,31,endogenous-alpha,laplace,linear,0.1,3,3145,proportional,50,0.0,True,127.81655144691467,11.619686495174061,1.0,0.12717,2.0,0.9159274682556808,0.1144764,0.011663466666666667,3.0883333333333334,124.41566666666667,3.0976666666666666,0.024822704536138267,1.0724929835546202,1.0287191790333094,1.1169037756000781,0.17548957175729615,0.1655312212324728,0.1908963095053346,0.003850143906615271,0.003669759215976035,0.004136405018548957,0.6627211135081605,0.6448644147134057,0.6753614626124353,0.2195734830588787,0.20043045451770633,0.2366722033914694,2.0,2.0,2.0,1.8734767073176486,1.535996863544923,1.9919035651283306,0.6000000000000001,0.5529761904761905,0.272182666962853,1.1519793010823112,151
1239,31,endogenous-alpha,laplace,linear,0.1,4,3146,proportional,50,0.0,True,123.73064827919006,11.248240752653642,1.0,0.12717,2.0,0.9031662462320146,0.09986253333333334,0.0112152,3.508,124.53866666666667,3.5046666666666666,0.028167958545672563,1.1085327176479285,1.0494664355757484,1.1427034194813277,0.17474526621039055,0.16024980063493308,0.18219193990460175,0.0037333866574056755,0.003487550559244757,0.003890374310927022,0.6564964318387136,0.6437782637810314,0.6659337362123234,0.21386981898806662,0.19988612461167082,0.2292422789896834,2.0,2.0,2.0,1.8640294051315647,1.5398534868051015,1.9895537832727164,0.65,0.5594224924012159,0.24154889172355168,0.9731954235799701,209
1240,32,endogenous-alpha,laplace,quadratic,0.1,0,3242,proportional,50,0.0,True,123.13566517829895,11.194151379845358,1.0,0.12717,2.0,0.90314311485278,0.0954312,0.011109066666666667,3.6553333333333335,124.13233333333334,3.667333333333333,0.02944706858540751,1.0992569741492173,1.0572963236046957,1.1385974750517969,0.172836349569298,0.16006733497010675,0.18649002718710125,0.0037395286157497955,0.00342435545055075,0.004001823771987205,0.6526776362251575,0.642445493849596,0.6626192046005113,0.22683412283951926,0.19415706239795769,0.23952851084142365,2.0,2.0,2.0,1.8594452929506071,1.5468684924912792,1.9910058151579353,0.65,0.5681686046511628,0.25279798339718007,0.7642248186741951,190
1241,32,endogenous-alpha,laplace,quadratic,0.1,1,3243,proportional,50,0.0,True,123.0212049484253,11.183745904402299,1.0,0.12717,2.0,0.9021972618792655,0.089756,0.010398666666666667,3.828333333333333,124.43166666666667,3.8233333333333333,0.030766551922742063,1.109805614607997,1.078820678786229,1.138080996976277,0.16884683265934078,0.15502257031013258,0.17901198673210245,0.0035779564998210645,0.003385572715433727,0.003768921524552977,0.6501808039936636,0.639601896660503,0.6580970823417418,0.2175277462050921,0.1979303222977484,0.22831701310727448,2.0,2.0,2.0,1.8544353983932813,1.5494664770659197,1.986278258573831,0.65,0.5457142857142857,0.26637015828446287,0.8201058828687277,209
1242,32,endogenous-alpha,laplace,quadratic,0.1,2,3244,proportional,50,0.0,True,123.51716899871826,11.228833545338023,1.0,0.12717,2.0,0.9040583656244193,0.1020392,0.0110192,3.4186666666666667,124.22633333333333,3.418,0.027519661692770456,1.0687428738050202,1.0253178799627822,1.1079450637567552,0.17898624540847569,0.16788277843135904,0.1901438537290559,0.003763165598781696,0.003579456849395757,0.004093157120684987,0.6594621688408832,0.6487915800757119,0.6718891923753061,0.20037344533514378,0.17664873335324083,0.22037344868956404,2.0,2.0,2.0,1.864328139658161,1.5451027947781366,1.988954393012929,0.65,0.5596153846153847,0.26547517964193407,0.9904965678918803,206
1243,32,endogenous-alpha,laplace,quadratic,0.1,3,3245,proportional,50,0.0,True,123.30378293991089,11.209434812719172,1.0,0.12717,2.0,0.9060801915060885,0.10724853333333334,0.011005733333333333,3.340333333333333,124.38333333333334,3.3316666666666666,0.026855152083612485,1.08232349242927,1.0517395615398666,1.1177690216772627,0.17254595945862114,0.16290731276252113,0.18334091673110448,0.0036943343968642416,0.0035246704900643694,0.003963175351263053,0.6575376931524688,0.6433820228689635,0.6676786367710108,0.21840619416729734,0.20078226247122943,0.23250317643975754,2.0,2.0,2.0,1.8551863098925803,1.534328712155456,1.9888378975947185,0.6000000000000001,0.5653846153846154,0.263748580298487,0.932749999949769,207
1244,32,endogenous-alpha,laplace,quadratic,0.1,4,3246,proportional,50,0.0,True,151.1466782093048,13.740607109936802,1.0,0.12717,2.0,0.9082327067437345,0.10306026666666666,0.011243733333333334,3.454,124.314,3.461,0.027784481233006746,1.0733525536921453,1.0543081988990926,1.110883506528054,0.17302231977078905,0.16156292012910659,0.18472284568712927,0.0038123634670084346,0.0035576866237611166,0.00398142332571293,0.6578826654950657,0.6459278978983126,0.6638914644766876,0.21518254663471514,0.20242999098992134,0.22813518638078548,2.0,2.0,2.0,1.868041718167754,1.5467133805037405,1.9909145903172552,0.65,0.5741590214067279,0.24801440060591415,0.9637131043685133,188
1245,33,endogenous-alpha,laplace,exponential,0.1,0,3342,proportional,50,0.0,True,119.02045440673828,10.82004130970348,1.0,0.12717,2.0,0.9443044876500752,0.11333173333333334,0.0025726666666666667,0.7206666666666667,124.675,0.729,0.0057803622752489806,1.0632843731847845,1.0307424889739327,1.1104587539918418,0.1786529039249959,0.16970818001626012,0.19030719596986184,0.003602832033493118,0.0034105481390810455,0.003844390112517868,0.6516674124298814,0.6451884472730486,0.6641349369646257,0.03746582881876791,0.031181267480499764,0.041167997264000826,2.0,2.0,2.0,1.9152595068094833,1.6776923105569714,1.9910337615992635,0.55,0.4924778761061947,0.2632523973903605,1.136671029725043,35
1246,33,endogenous-alpha,laplace,exponential,0.1,1,3343,proportional,50,0.0,True,121.09740734100342,11.008855212818492,1.0,0.12717,2.0,0.9447989483362416,0.11612933333333333,0.0029670666666666667,0.7873333333333333,125.14,0.785,0.006291620052208193,1.0682707097447106,1.0213987300691418,1.1019575262785168,0.17903800098726397,0.17219575014040614,0.18437421784322816,0.003610791184067227,0.0034868516495909314,0.003805700288725484,0.6563775259505897,0.6493531243733399,0.6664185092346772,0.04301285136588277,0.03158170468777631,0.05131512319091924,2.0,2.0,2.0,1.913568355871125,1.6596544681517365,1.9932531305210661,0.6000000000000001,0.48899082568807345,0.27102911233361215,0.7001753359219609,49
1247,33,endogenous-alpha,laplace,exponential,0.1,2,3344,proportional,50,0.0,True,117.62093472480774,10.692812247709794,1.0,0.12717,2.0,0.9423731848008076,0.11010453333333334,0.0025617333333333332,0.6866666666666666,125.14366666666666,0.6823333333333333,0.005487026910404309,1.0569113275567537,1.0223448478480839,1.1174766544396975,0.1805252484279203,0.166815734823337,0.19281180857939534,0.0036701170045969284,0.003383478925687756,0.003972750309892516,0.6572052536818668,0.6474906342424105,0.6709988565866916,0.03805395211864587,0.03329171751070829,0.04587791374954683,2.0,2.0,2.0,1.9163070454209552,1.6438664921217245,1.9939851951996055,0.6000000000000001,0.5166666666666666,0.28735997907808525,1.4473858515961977,52
1248,33,endogenous-alpha,laplace,exponential,0.1,3,3345,proportional,50,0.0,True,118.66079378128052,10.78734488920732,1.0,0.12717,2.0,0.9434628064854619,0.10976626666666667,0.002362,0.6713333333333333,125.04966666666667,0.669,0.005368533569328453,1.101236949628949,1.0424351816686197,1.1169112107839778,0.17238077151685766,0.16122295294765596,0.18703807589750285,0.0034912994476673106,0.0032995480217582916,0.003757696277231047,0.6500465500498936,0.6435966834601332,0.6627464809760095,0.032944359964009746,0.026528354141975248,0.03830472076402885,2.0,2.0,2.0,1.9159872741046886,1.6699656606588973,1.9931163188506347,0.55,0.5142045454545454,0.271982292166358,0.9371112647031175,42
1249,33,endogenous-alpha,laplace,exponential,0.1,4,3346,proportional,50,0.0,True,117.83129215240479,10.711935650218617,1.0,0.12717,2.0,0.9460725469412086,0.10867973333333333,0.002148933333333333,0.5933333333333334,125.26433333333334,0.5943333333333334,0.004736650230312965,1.0582693234213472,1.0192269841636272,1.0840779618384633,0.18072139600830125,0.16940418474278288,0.1957597442347988,0.003686465173115464,0.003421018205688795,0.003938145969531992,0.6577447230028508,0.6497477997518946,0.6691402135474308,0.031330706178379186,0.026240369099585152,0.03878812042774153,2.0,2.0,2.0,1.9141807507915896,1.6712265069078152,1.9916989262912523,0.6000000000000001,0.5493506493506495,0.25012899353867246,1.3357381060506475,33
1250,34,endogenous-alpha,laplace,power_law,0.1,0,3442,proportional,50,0.0,True,120.79339814186096,10.98121801289645,1.0,0.12717,2.0,0.893461783984972,0.0865024,0.011096,4.210666666666667,124.43733333333333,4.224,0.03383764786559232,1.094156467532422,1.0775087342844898,1.1268044637481736,0.1715749715287262,0.16307818639920768,0.17905041234589347,0.003685915864728706,0.0035019891074289764,0.0038863786274704708,0.6521428362921311,0.6443989176261254,0.6629810696433743,0.2459214874010271,0.23176534275314709,0.26450318483944096,2.0,2.0,2.0,1.8460157754193567,1.512425683990078,1.9877231649699776,0.6000000000000001,0.5395287958115184,0.2695648771498074,0.8004899429211714,225
1251,34,endogenous-alpha,laplace,power_law,0.1,1,3443,proportional,50,0.0,True,121.90331602096558,11.082119638269598,1.0,0.12717,2.0,0.8883145001809153,0.09219053333333334,0.011572133333333333,3.925666666666667,124.17766666666667,3.9353333333333333,0.0316133067406109,1.1067088939495084,1.0472480641546693,1.1549513316239757,0.1668269227403862,0.15840477443043455,0.1775100297610118,0.003629130184022515,0.0035052236880746823,0.0038538558259218238,0.6536292223131679,0.6402652396545618,0.6641368912107855,0.25042709320376627,0.2366804763419666,0.26972951863026073,2.0,2.0,2.0,1.8379155851586835,1.4882763877068885,1.9863266560197506,0.6000000000000001,0.5278947368421053,0.2669482297014165,0.8746893382751559,220
1252,34,endogenous-alpha,laplace,power_law,0.1,2,3444,proportional,50,0.0,True,123.29816150665283,11.208923773332076,1.0,0.12717,2.0,0.882907062300748,0.0937684,0.011096533333333334,3.949,124.11433333333333,3.9423333333333335,0.031817437148006,1.1161319137048804,1.0823261911248891,1.1569522436632123,0.1682571521334989,0.1546701321644477,0.17988032586212135,0.0035462287899565986,0.0033394757823463355,0.0038199659601851686,0.6476926921299437,0.635505265554798,0.659256112823021,0.2457161663286994,0.23180681683523735,0.2544466544636705,2.0,2.0,2.0,1.8301190792402213,1.4909921097442003,1.985647224020231,0.6000000000000001,0.5604748603351957,0.2555704500809697,0.9494281080678443,226
1253,34,endogenous-alpha,laplace,power_law,0.1,3,3445,proportional,50,0.0,True,157.25112199783325,14.295556545257568,1.0,0.12717,2.0,0.9058221723877906,0.10391533333333333,0.0119268,3.570333333333333,124.52133333333333,3.584,0.028672463085308006,1.0909662567185712,1.0446008516724399,1.131235108830781,0.16787071098555906,0.15887214948305295,0.1810051314197729,0.003693830582067917,0.0034367960681074006,0.003921903816872547,0.6539541224196368,0.6460406362370834,0.6643818207208129,0.22978719688987226,0.21398987253001867,0.25397552227507036,2.0,2.0,2.0,1.8718454983690236,1.5160978308167097,1.9904650152334773,0.625,0.5470588235294118,0.26316545245020634,0.8434650698943027,170
1254,34,endogenous-alpha,laplace,power_law,0.1,4,3446,proportional,50,0.0,True,153.7900152206421,13.980910474603826,1.0,0.12717,2.0,0.9010052908928408,0.10460826666666667,0.011567066666666667,3.527,124.423,3.518666666666667,0.028346849055238984,1.0707069281322203,1.0480660806560056,1.1256644886629237,0.17500741975378514,0.16629638346865555,0.18788514216528066,0.0038087926038882043,0.003655796892160605,0.004030620747683011,0.6586702728593967,0.6525781811580859,0.6646480211715153,0.2320365627005891,0.2230976893750899,0.2525780460665801,2.0,2.0,2.0,1.8593373064930843,1.5143067323692938,1.9890136383138262,0.6000000000000001,0.5563049853372435,0.25187824807231624,0.9080298208938449,199
1255,35,endogenous-alpha,t3,linear,0.1,0,3542,proportional,50,0.0,True,126.14086055755615,11.467350959777832,1.0,0.12717,2.0,0.9169749215477643,0.11994826666666666,0.011928933333333334,2.8,124.79433333333333,2.7993333333333332,0.022436916206131155,1.0003089234147613,0.9649884044179563,1.0371970196957347,0.20151005571119074,0.19622691605179726,0.21542361305754668,0.004390796031741556,0.004151680399094303,0.004549476233154213,0.6897252865769186,0.6836222315220375,0.6973570358915542,0.19792027931615208,0.18429557184874482,0.21793351192235283,2.0,2.0,2.0,1.8870232271548453,1.5354914496037617,1.993199766592297,0.6000000000000001,0.5593851132686085,0.2645309898065428,0.9154758384226355,166
1256,35,endogenous-alpha,t3,linear,0.1,1,3543,proportional,50,0.0,True,127.37174344062805,11.57924940369346,1.0,0.12717,2.0,0.9139455932345134,0.11645933333333333,0.011831466666666667,2.921666666666667,124.79866666666666,2.9283333333333332,0.023411040716246972,1.0274618572141205,0.9850935534914558,1.0525905146273544,0.19558334280257442,0.17213772982415368,0.21069425223165394,0.004081221147698125,0.0036515249909658916,0.004420784141217983,0.6774624836414409,0.6606459073162374,0.6911588196761154,0.1879765369841858,0.17036845567781972,0.20892916683070104,2.0,2.0,2.0,1.8775653876054246,1.5491753618157078,1.991167747033988,0.6000000000000001,0.5305389221556887,0.2812158322240216,0.9422270084497985,167
1257,35,endogenous-alpha,t3,linear,0.1,2,3544,proportional,50,0.0,True,126.03700041770935,11.457909128882669,1.0,0.12717,2.0,0.9220953171704738,0.11999493333333333,0.011696,2.79,124.46066666666667,2.8093333333333335,0.022416720677483112,1.0106904090291045,0.9832217341419368,1.0833574619205448,0.19613429342097632,0.18837247522905026,0.21164224327172418,0.004293488178451475,0.003937504519410292,0.004512492662827499,0.6846340473785778,0.6736002906967368,0.6933429749974414,0.18087523485481508,0.17475467801934658,0.19552583385231348,2.0,2.0,2.0,1.889354545483337,1.5559750737719857,1.993018921312931,0.65,0.5591639871382638,0.2706214275164627,0.948626213834588,127
1258,35,endogenous-alpha,t3,linear,0.1,3,3545,proportional,50,0.0,True,125.54678297042847,11.413343906402588,1.0,0.12717,2.0,0.9082331961286576,0.10776746666666667,0.011463866666666666,3.183333333333333,124.555,3.1853333333333333,0.02555765190745721,1.0245082616119867,0.9892965983193058,1.0585473594550248,0.19612196836663748,0.1850667081539378,0.202512531132519,0.004149205597743713,0.004043178207737998,0.004388720686541636,0.6794563804346168,0.6702878293869705,0.6859904401076014,0.1935411836650643,0.18553311222876567,0.22319213064717425,2.0,2.0,2.0,1.8769637540457458,1.5309665443894933,1.992635338632734,0.6000000000000001,0.561969696969697,0.2639456997472391,0.7738887414786291,190
1259,35,endogenous-alpha,t3,linear,0.1,4,3546,proportional,50,0.0,True,126.065274477005,11.460479497909546,1.0,0.12717,2.0,0.91103350900389,0.11222093333333333,0.011698133333333333,3.0283333333333333,124.78333333333333,3.0163333333333333,0.024268732469613998,1.0404422325351876,0.9810623349860736,1.0782768464119636,0.19846984876540372,0.17925510720850346,0.2059641692284312,0.004189989703785351,0.0038336315102108203,0.004441124966482237,0.6811077470448121,0.6667968121882588,0.6882332322961757,0.20246158353240395,0.18713896734959135,0.23052964791189073,2.0,2.0,2.0,1.8739765944730267,1.543211021060764,1.9919491307779014,0.6000000000000001,0.5046610169491526,0.27614583739135073,0.8446388793119436,187
1260,36,endogenous-alpha,t3,quadratic,0.1,0,3642,proportional,50,0.0,True,127.67130446434021,11.606482224030929,1.0,0.12717,2.0,0.9204736667074378,0.1329576,0.011716,2.4366666666666665,124.642,2.433,0.019549322593240374,1.009971497483889,0.9582676269256453,1.0577105973276502,0.19468436592143937,0.18344087273219153,0.2096547112325243,0.004147141441388065,0.003979457657452251,0.00438509671139827,0.6848670751085106,0.6758038881742977,0.6956662776902627,0.17995124520887343,0.1648150969929431,0.1987697202418531,2.0,2.0,2.0,1.8938013332517425,1.5304056601930311,1.993882432175441,0.6000000000000001,0.5477272727272727,0.2650769958553983,1.1055721252516957,146
1261,36,endogenous-alpha,t3,quadratic,0.1,1,3643,proportional,50,0.0,True,126.80578351020813,11.527798500928013,1.0,0.12717,2.0,0.9157047817310542,0.11995693333333333,0.011558,2.7496666666666667,124.584,2.7573333333333334,0.02207078490549883,1.0090800396308246,0.9683157460297878,1.0376237144910818,0.19583634494048013,0.18620953985484587,0.21249814922690943,0.0041521155711792355,0.003989897886314049,0.004480730534092473,0.6843100289295287,0.6730475183035831,0.6919796182893436,0.17689219183357852,0.1658770789009109,0.19599565294411175,2.0,2.0,2.0,1.881209413593751,1.541400189373809,1.9930635765488722,0.6000000000000001,0.5588524590163935,0.23995285302384117,1.003327370938846,129
1262,36,endogenous-alpha,t3,quadratic,0.1,2,3644,proportional,50,0.0,True,147.8106300830841,13.4373300075531,1.0,0.12717,2.0,0.9144991352785046,0.11133573333333334,0.011598666666666667,3.046,124.122,3.0436666666666667,0.024540371569907026,1.0185998750482024,0.9993601856078997,1.0549370265356337,0.2002036423918166,0.17927322499602874,0.20599617300366108,0.004232435202587202,0.0038497445298049655,0.004455249694726217,0.6824232960325207,0.673997282528198,0.6888669403618617,0.1958863802617738,0.16459689500737135,0.21399091802486336,2.0,2.0,2.0,1.8869565673273063,1.5570238359119615,1.9941218411053703,0.65,0.5666666666666667,0.2736293403000049,0.9413010966726734,183
1263,36,endogenous-alpha,t3,quadratic,0.1,3,3645,proportional,50,0.0,True,147.69067239761353,13.426424763419412,1.0,0.12717,2.0,0.9034744530416567,0.11618733333333334,0.011885866666666666,2.8533333333333335,124.131,2.845666666666667,0.022986468596348484,1.036519410379985,0.9928318349189145,1.0528242498022156,0.1949043680311243,0.1822231982318841,0.2057515774041874,0.004107969844862065,0.003891475507674621,0.004391250961811093,0.6799707640024935,0.6681346313855527,0.697028150477249,0.19861530059035581,0.1834274025605384,0.20864717511397454,2.0,2.0,2.0,1.867023852191195,1.5305517973046712,1.992390177107001,0.65,0.5754934210526316,0.2657222406334174,0.8625622152845849,186
1264,36,endogenous-alpha,t3,quadratic,0.1,4,3646,proportional,50,0.0,True,151.79425024986267,13.799477295442061,1.0,0.12717,2.0,0.9106330871205107,0.11281173333333333,0.011305333333333334,2.9996666666666667,124.27533333333334,3.007,0.02413726510490148,1.020902999710572,1.0115673802016139,1.0687169026277878,0.1890584007383574,0.18125291574766975,0.20227613360292301,0.0040301152498261,0.00384579209727259,0.004348302481489682,0.6748983783006126,0.6663956359018806,0.6862713544856767,0.19878235935610764,0.18084495792895117,0.21524402621988295,2.0,2.0,2.0,1.8752670336669182,1.5408030868905354,1.9913805122840338,0.6000000000000001,0.5536050156739812,0.26803800221824936,0.8466709309246389,160
1265,37,endogenous-alpha,t3,exponential,0.1,0,3742,proportional,50,0.0,True,143.60556507110596,13.055051370100541,1.0,0.12717,2.0,0.9331389288230713,0.1210788,0.0030630666666666665,0.7346666666666667,124.94566666666667,0.7313333333333333,0.005879889125139728,1.002414634506812,0.9324752461770198,1.0479580796407875,0.2011197541159197,0.1908554446253259,0.21598045221813506,0.004057758817009177,0.0038999524770833988,0.004364846708542624,0.6833045458649745,0.6687440047790957,0.6948479068619844,0.043891619663322334,0.03676749193679149,0.05947901456170832,2.0,2.0,2.0,1.9046274784277502,1.6139771041634328,1.9954750988542296,0.55,0.5030701754385966,0.26879238447657106,1.0711297844691972,62
1266,37,endogenous-alpha,t3,exponential,0.1,1,3743,proportional,50,0.0,True,147.01224303245544,13.364749366586858,1.0,0.12717,2.0,0.9278944848751391,0.12415626666666667,0.0033350666666666666,0.7983333333333333,124.71533333333333,0.799,0.006401244433991009,1.0275597204944484,1.000431907610709,1.0422697164897214,0.1937999650214643,0.18893149693947175,0.20128338070701718,0.00397550871222989,0.0038533923678315965,0.004113122589541192,0.675369679704204,0.6688957367982903,0.6821777702201721,0.053834408471146324,0.04041313346729048,0.060827660142097256,2.0,2.0,2.0,1.9005417314687247,1.619338902915982,1.9927505338593918,0.6000000000000001,0.5245535714285714,0.24494856746168292,0.8469104997847696,44
1267,37,endogenous-alpha,t3,exponential,0.1,2,3744,proportional,50,0.0,True,144.3236312866211,13.120330116965555,1.0,0.12717,2.0,0.9420285658188569,0.12622386666666666,0.003399066666666667,0.7816666666666666,124.657,0.784,0.006270539694254367,0.985274213212605,0.9645755483389866,1.0386813216106723,0.19759899537583292,0.18651013147983872,0.20816807604792026,0.004012412838372987,0.0037808044413118946,0.004214125886006805,0.6828893259636839,0.6723860032998858,0.6917042569607739,0.05317958832093567,0.04695304249654793,0.06862390451718853,2.0,2.0,2.0,1.9064046520700255,1.6314016938593494,1.9928806666456111,0.55,0.4714285714285715,0.2795566623023707,0.915011168444094,52
1268,37,endogenous-alpha,t3,exponential,0.1,3,3745,proportional,50,0.0,True,160.05240273475647,14.550218430432407,1.0,0.12717,2.0,0.9410056233354064,0.13632026666666666,0.0043544,0.8833333333333333,124.79133333333333,0.8793333333333333,0.007078483014311891,0.9967195325768445,0.9623836680609283,1.011691110293702,0.20816230672653288,0.18780143228317658,0.2185582693814214,0.004271938323589327,0.0038117728057512528,0.004498921422093386,0.6909506772901108,0.6767564896619694,0.69762148213474,0.06377224285036048,0.052646036709502714,0.07064638385470517,2.0,2.0,2.0,1.912384931731109,1.6528984352522482,1.9941033745476782,0.6000000000000001,0.5324218749999999,0.2619480688447319,0.9625476018120394,62
1269,37,endogenous-alpha,t3,exponential,0.1,4,3746,proportional,50,0.0,True,123.27118110656738,11.206471009687943,1.0,0.12717,2.0,0.9310512467274341,0.1213932,0.0028694666666666665,0.7273333333333334,125.161,0.7266666666666667,0.005811181864425287,0.9900939732269127,0.9578738868056803,1.0301167702923322,0.2023513798857408,0.19272319605003585,0.21615647738887633,0.004123768799336694,0.0039046281046672725,0.0043598361871009135,0.682409011006095,0.6684923733741337,0.6965362933183802,0.04027688492735463,0.03408958667528999,0.05093791446769583,2.0,2.0,2.0,1.8974955841437162,1.6028402183443204,1.9934945799868704,0.6000000000000001,0.533,0.2815333017602003,1.055885651125706,48
1270,38,endogenous-alpha,t3,power_law,0.1,0,3842,proportional,50,0.0,True,133.29786229133606,12.117987481030552,1.0,0.12717,2.0,0.9000751983913636,0.10851146666666667,0.0123944,3.2896666666666667,124.25766666666667,3.2836666666666665,0.026474556901921544,1.0361789520109297,1.00053086324887,1.0642751064177225,0.1906366488046946,0.1792892836736195,0.20722376543456195,0.004077282702752769,0.003921298018710735,0.00435181483939726,0.6774863893641841,0.6683676078149912,0.6851514346786874,0.2222857295231126,0.2082372550018263,0.23600888671927453,2.0,2.0,2.0,1.8608054710531032,1.5043686875612372,1.9908572395615425,0.6000000000000001,0.542022792022792,0.27191765877878804,0.78623145510002,196
1271,38,endogenous-alpha,t3,power_law,0.1,1,3843,proportional,50,0.0,True,126.17644453048706,11.470585866407914,1.0,0.12717,2.0,0.8941813749477392,0.1040468,0.011805866666666666,3.468,124.581,3.464,0.027837310665350255,1.0210914879765265,0.9899708674066736,1.074475695123596,0.18760756069950407,0.1764287979211535,0.20294809727019325,0.004023238318460307,0.00382456111007829,0.004500691068923747,0.6741504007140273,0.6635885624706472,0.6911899451365577,0.23830055081276458,0.2185113298880668,0.24748721744710836,2.0,2.0,2.0,1.8443066479624353,1.4939424797128953,1.9903199565945071,0.6000000000000001,0.5257022471910112,0.26224144269091615,0.9156099581064148,199
1272,38,endogenous-alpha,t3,power_law,0.1,2,3844,proportional,50,0.0,True,127.44382524490356,11.585802294991232,1.0,0.12717,2.0,0.9018556828358606,0.1120876,0.01186,3.1283333333333334,124.54766666666667,3.134,0.02511755873922434,1.0138784277436064,0.9833429460281836,1.042124990525925,0.1951077356192565,0.1862570856941549,0.20834065490663103,0.004164153468303336,0.003969939114709956,0.004513503964876604,0.6805577383438439,0.6723027173928524,0.6913298202293566,0.21082521278929317,0.20147800930652363,0.23403500859661544,2.0,2.0,2.0,1.8517495656162193,1.4866506022495836,1.9895928289531442,0.6000000000000001,0.5408045977011494,0.27598087719362424,0.9965352194451766,188
1273,38,endogenous-alpha,t3,power_law,0.1,3,3845,proportional,50,0.0,True,128.6968321800232,11.699712016365744,1.0,0.12717,2.0,0.9052086015825945,0.1137512,0.012681333333333333,3.0793333333333335,124.413,3.078666666666667,0.02475089687840767,1.0133495286069982,0.970053343458557,1.0517872151084626,0.19617839045600427,0.18472857972779924,0.2094322261897957,0.004185164456596549,0.004031217628420134,0.004434141313864565,0.683966002380038,0.674824357362946,0.6966652634673942,0.21518895889213607,0.19271534078034214,0.23950064780209726,2.0,2.0,2.0,1.8711340545839186,1.5038863905343645,1.993236459027239,0.6000000000000001,0.5216374269005848,0.2682784788702927,0.7873621362425798,178
1274,38,endogenous-alpha,t3,power_law,0.1,4,3846,proportional,50,0.0,True,128.37680554389954,11.670618685809048,1.0,0.12717,2.0,0.9139251661973777,0.1212504,0.012382266666666667,2.8383333333333334,124.23833333333333,2.840333333333333,0.022845874193418565,0.9808005127518296,0.9674899332087393,1.0292238728349012,0.2021920501907214,0.17901325165368376,0.2134454138436679,0.004276944287843863,0.003901071951949929,0.004549899544770738,0.6879298344631096,0.6754271820656621,0.7006596996565958,0.20419357890843032,0.18804972518653446,0.23398931273679568,2.0,2.0,2.0,1.8747131865685973,1.507749547128041,1.9920195071659623,0.6000000000000001,0.5272865853658537,0.2836407738681719,0.9352376444839641,180
