step,firm,market,K_at_entry,logshare_entry,before,after,floor_before,control,control_before,control_after,did
50,20,0,3,-3.169435501098633,0.014851751327514649,-0.005347728729248047,False,-1,,,
50,32,0,2,-3.8047609329223633,0.002145242691040039,-0.03624049186706543,False,-1,,,
50,267,5,2,-3.834007501602173,0.0015603113174438477,0.007154364585876465,False,284,-0.0009630060195922851,-0.03231677532196045,0.03694782257080078
50,513,10,3,-2.8393659591674805,0.021453142166137695,0.011943478584289551,False,-1,,,
50,626,12,5,-4.686667442321777,-0.015492887496948242,0.02992725372314453,False,-1,,,
50,1243,24,5,-3.8294472694396973,0.0016515159606933594,-0.024526119232177734,False,-1,,,
50,1381,27,4,-5.9742536544799805,-0.041244611740112305,0.03255497932434082,True,-1,,,
51,74,1,2,-4.823555946350098,-0.01557443618774414,-0.020490503311157225,False,-1,,,
51,240,4,9,-2.3489387035369873,0.03306023120880127,-0.003424677848815918,False,-1,,,
51,358,7,11,-2.013272285461426,0.03798318862915039,-0.047935476303100584,False,-1,,,
51,1028,20,3,-5.784250736236572,-0.038667397499084474,0.004477663040161133,True,-1,,,
51,2217,44,3,-3.6358253955841064,0.005499734878540039,0.007727828025817871,False,-1,,,
51,2278,45,2,-5.165297985076904,-0.02071465492248535,-0.0037851333618164062,True,-1,,,
52,393,7,2,-3.9370245933532715,0.002023773193359375,-0.018912563323974608,False,-1,,,
52,1052,21,4,-2.8492956161499023,0.00799013614654541,-0.005901522636413574,False,-1,,,
52,1190,23,2,-5.825002670288086,-0.03152569770812988,0.01751686096191406,True,-1,,,
52,1277,25,2,-5.093498229980469,-0.02081167221069336,-0.017615108489990233,True,-1,,,
52,1629,32,8,-4.336452960968018,-0.02605787754058838,-0.02283031463623047,False,-1,,,
52,1637,32,2,-5.169824123382568,-0.00388148307800293,-0.016088590621948243,True,-1,,,
52,1894,37,2,-5.9742536544799805,-0.03789431571960449,0.032994680404663086,True,-1,,,
52,1912,38,2,-2.940720796585083,0.017305841445922853,0.01959397077560425,False,-1,,,
52,2054,41,2,-4.82708215713501,-0.02283947467803955,0.00956315040588379,False,2088,-0.022212915420532227,-0.012885208129882813,0.023074917793273926
52,2448,48,2,-4.277182102203369,-0.001994504928588867,0.03334535598754883,False,2430,-0.00021956443786621093,-0.03420517921447754,0.06932547569274902
53,7,0,2,-5.033191680908203,-0.015092191696166992,0.007555074691772461,True,-1,,,
53,167,3,5,-4.115653991699219,-0.01726884365081787,-0.005113906860351562,False,-1,,,
53,827,16,6,-4.59219217300415,-0.014990692138671874,-0.009235439300537109,False,-1,,,
53,863,17,4,-3.0240561962127686,0.012329745292663574,-0.055132699012756345,False,865,0.001464519500732422,-0.026076393127441408,-0.03992153167724609
53,915,18,5,-5.106337070465088,-0.010852375030517579,0.019654035568237305,True,912,-0.014749670028686523,-0.002308473587036133,0.018065214157104492
53,1104,22,6,-5.5411906242370605,-0.028847951889038086,0.003964061737060547,True,-1,,,
53,1361,27,6,-5.9742536544799805,-0.04460973739624023,0.014219865798950196,True,-1,,,
53,1513,30,4,-4.89801549911499,-0.025586161613464355,0.024204483032226564,False,-1,,,
53,1675,33,3,-4.8043060302734375,-0.019871859550476073,-0.010294322967529296,False,-1,,,
53,1739,34,2,-4.999632835388184,-0.03593959331512451,-0.0175789737701416,False,1748,-0.011612348556518555,-0.013308486938476562,0.020056757926940914
53,1827,36,4,-5.195967197418213,-0.0275148344039917,-0.0035053443908691405,False,1848,-0.033245906829833985,0.029997830390930177,-0.039234247207641605
53,2248,44,4,-2.9273295402526855,0.025850486755371094,-0.02365682601928711,False,-1,,,
54,611,12,2,-5.74632453918457,-0.01531540870666504,0.02453070640563965,True,-1,,,
54,820,16,7,-4.606890678405762,0.006566886901855469,0.005665435791015625,True,-1,,,
54,845,16,4,-4.488510608673096,-0.0016704463958740234,-0.009590978622436524,True,-1,,,
54,1142,22,2,-5.9363908767700195,-0.030411214828491212,0.030205507278442383,True,-1,,,
54,1159,23,4,-3.3124372959136963,0.018651881217956544,0.005851120948791504,False,-1,,,
54,1174,23,5,-5.083390712738037,-0.0030162429809570315,-0.010549936294555664,True,-1,,,
54,1303,26,3,-4.729372501373291,-0.0011148929595947265,-0.0032407188415527343,False,1318,-0.02487208366394043,-0.02323855400085449,-0.0037593555450439464
54,1759,35,3,-4.40787410736084,0.007949838638305664,-0.023606157302856444,False,1787,-0.013331456184387207,-0.007309751510620117,-0.037577700614929196
54,1981,39,4,-5.447744846343994,-0.042499270439147946,0.0041546630859375,False,-1,,,
54,2021,40,6,-3.004134178161621,0.023810195922851562,-0.022471857070922852,False,-1,,,
55,158,3,2,-5.895193576812744,-0.03875577926635742,0.014784183502197266,False,-1,,,
55,319,6,2,-5.652368545532227,-0.03163658142089844,0.012858314514160156,False,-1,,,
55,474,9,2,-5.960425853729248,-0.034383020401000976,0.0035356521606445313,True,-1,,,
55,1077,21,4,-3.6937146186828613,0.010706911087036133,-0.015846986770629883,False,-1,,,
55,1078,21,6,-5.932456016540527,-0.028273582458496094,0.005275650024414063,True,-1,,,
55,1231,24,3,-5.9742536544799805,-0.0357314682006836,0.005529909133911133,True,1203,-0.03011458396911621,-4.961013793945313e-05,0.011196403503417971
55,1999,39,2,-5.105653762817383,-0.0354196310043335,-0.005058279037475586,False,1976,-0.009889450073242188,-0.0072873497009277345,0.027759251594543462
55,2489,49,11,-4.082791328430176,-0.00013944625854492187,-0.031676502227783204,False,-1,,,
56,548,10,4,-4.35929536819458,-0.0007466697692871094,-0.007315196990966797,True,547,-0.011841750144958496,0.005827417373657226,-0.024237694740295412
56,568,11,4,-4.586350440979004,-0.021824798583984374,-0.009284839630126954,False,-1,,,
56,1891,37,4,-4.7154154777526855,0.0011650657653808595,0.03143058300018311,True,-1,,,
56,1901,38,7,-5.3400068283081055,-0.015268545150756836,0.015341510772705078,True,-1,,,
56,2053,41,3,-4.149109363555908,-0.008104615211486817,-0.0273861026763916,False,2067,-0.0064764595031738285,0.033716225624084474,-0.05947417259216309
56,2469,49,3,-5.454950332641602,-0.022711753845214844,-0.010386066436767578,True,-1,,,
57,30,0,2,-5.153939723968506,-0.014341535568237305,-0.005537099838256836,True,-1,,,
57,49,0,2,-4.589236259460449,-0.0032467555999755857,0.0051406478881835934,False,-1,,,
57,567,11,6,-5.554350852966309,-0.051380796432495116,0.02241480827331543,False,575,-0.005518627166748047,0.009092054367065429,0.05918492317199707
57,987,19,2,-4.8413190841674805,-0.014976959228515625,0.0064042949676513675,False,-1,,,
57,1076,21,3,-5.0024614334106445,-0.008776016235351562,0.010757369995117188,True,-1,,,
57,1134,22,10,-4.31316614151001,-0.01953768253326416,0.008200783729553223,False,-1,,,
57,2334,46,2,-4.654396057128906,-0.01221207618713379,-0.008343677520751953,False,2346,-0.007262859344482422,-0.020665454864501952,0.017270994186401368
58,649,12,2,-5.9742536544799805,-0.03307974815368652,0.001625499725341797,True,-1,,,
58,1167,23,5,-5.526615619659424,-0.03496691226959228,0.009985818862915039,True,-1,,,
58,1230,24,2,-5.619568824768066,-0.034889845848083495,-0.0012094497680664063,True,-1,,,
58,1284,25,3,-5.9742536544799805,-0.024214191436767576,0.0010461616516113281,True,1273,-0.05766605854034424,0.007578554153442382,-0.03998425960540772
58,2128,42,3,-4.415514945983887,0.016898374557495117,-0.017533092498779296,False,2129,-0.014890165328979492,0.02194502353668213,-0.07126665592193604
59,164,3,7,-5.373488426208496,0.003796548843383789,0.0045898532867431644,True,-1,,,
59,261,5,2,-4.928423881530762,-0.028192615509033202,-0.014624271392822265,False,266,-0.02153186798095703,-0.003617849349975586,-0.004345674514770508
59,416,8,3,-5.928516864776611,-0.012905302047729493,0.03970342636108398,True,411,-0.018475685119628906,0.020181455612182618,0.013951587677001956
59,731,14,2,-5.9742536544799805,-0.02260711669921875,0.003928747177124024,True,723,-0.03883915901184082,0.0009121417999267579,-0.0132154369354248
59,1072,21,6,-5.616649150848389,-0.008276147842407227,0.03416865348815918,True,-1,,,
59,1784,35,3,-3.9048547744750977,0.004458580017089844,0.010698237419128419,False,-1,,,
60,750,15,4,-5.9742536544799805,-0.018047847747802735,0.01963292121887207,True,-1,,,
60,967,19,2,-5.2348551750183105,-0.022263870239257813,0.009805221557617188,False,-1,,,
60,1096,21,3,-5.106983661651611,0.01038045883178711,0.011852655410766601,True,-1,,,
60,1178,23,4,-5.780848979949951,-0.012565832138061523,0.012446575164794922,True,-1,,,
60,2163,43,5,-4.252725124359131,-0.011052885055541993,0.01965710163116455,False,-1,,,
60,2227,44,2,-5.560552597045898,-0.017226285934448242,0.00907379150390625,True,-1,,,
61,668,13,3,-4.490213871002197,-0.017522158622741698,0.009888510704040527,False,-1,,,
61,758,15,2,-3.933307409286499,0.018475403785705568,-0.03625996112823486,False,786,-0.022253751754760742,-0.040499610900878905,-0.03648950576782227
61,965,19,3,-4.793661594390869,-0.0068639469146728515,0.021057391166687013,False,-1,,,
61,986,19,3,-4.2593913078308105,0.0010091114044189454,0.0048077011108398435,False,992,0.0073498344421386716,-0.02791621208190918,0.03906463623046875
61,1126,22,5,-5.9742536544799805,-0.023434209823608398,0.008589153289794921,True,-1,,,
61,1283,25,2,-5.9742536544799805,-0.015964784622192384,0.002344207763671875,True,1273,-0.0470781946182251,0.008501653671264648,-0.037270855903625486
61,1393,27,5,-5.511421203613281,0.009256649017333984,0.043320817947387694,True,-1,,,
61,1453,29,4,-4.958785533905029,0.010593690872192384,-0.020309362411499023,True,-1,,,
61,1522,30,4,-5.619365692138672,-0.015447216033935547,0.008368644714355469,True,-1,,,
61,1706,34,2,-5.9742536544799805,-0.018853015899658203,0.0029604625701904297,True,-1,,,
61,1846,36,10,-5.9742536544799805,-0.028928842544555664,0.0,True,1802,-0.026861791610717774,-0.0012148189544677734,0.0032818698883056614
61,1930,38,2,-3.871626615524292,-0.019290685653686523,-0.0024332094192504885,False,-1,,,
61,1952,39,3,-5.9742536544799805,-0.013427410125732422,0.02885319709777832,True,-1,,,
61,2393,47,4,-2.7673003673553467,0.012023482322692871,0.005831761360168457,False,-1,,,
62,104,2,2,-4.886918544769287,-0.02297114372253418,-0.003382387161254883,False,-1,,,
62,390,7,2,-3.4306020736694336,0.0013515520095825195,0.0003876018524169922,False,-1,,,
62,423,8,4,-4.697043418884277,-0.04198537349700928,0.02367741584777832,False,405,-0.016827831268310545,-0.008299665451049805,0.05713462352752686
62,581,11,2,-5.5333476066589355,-0.010867252349853515,0.008786649703979492,True,575,-0.005752086639404297,0.009741840362548828,0.004159975051879884
62,1314,26,3,-5.773299694061279,-0.0071531105041503906,0.010649585723876953,True,1336,-0.042728538513183596,0.012908201217651367,-0.03783404350280763
62,1503,30,7,-1.4701790809631348,0.015677762031555176,-0.03835943698883057,False,-1,,,
62,1638,32,4,-5.496342658996582,-0.03921879291534424,0.00127105712890625,True,-1,,,
62,1815,36,3,-5.022943496704102,-0.020899877548217774,0.021839547157287597,False,-1,,,
62,1978,39,6,-5.92955207824707,-0.038163433074951174,0.009819421768188476,True,-1,,,
62,2109,42,2,-3.372502326965332,0.0012291812896728517,-0.008336963653564454,False,2129,0.009342718124389648,-0.005844507217407226,0.0056210803985595695
62,2220,44,2,-3.7623977661132812,-3.430366516113281e-05,0.005838570594787598,False,-1,,,
62,2342,46,2,-4.299093246459961,-0.006419510841369629,-0.0008982658386230469,False,2346,-0.007350997924804687,-0.021713056564331056,0.01988330364227295
63,2071,41,7,-5.9742536544799805,-0.020477399826049805,0.0070446586608886716,True,2089,-0.03382765769958496,0.013537769317626952,-0.019843368530273436
63,2418,48,7,-4.942313194274902,0.0018561458587646484,-0.007409782409667969,True,2430,-0.012950878143310546,-0.019076433181762695,-0.003140373229980469
63,2460,49,4,-4.7126970291137695,0.0010488700866699218,0.014559745788574219,True,-1,,,
64,365,7,4,-3.9961788654327393,-0.02848520755767822,0.0038433027267456054,False,-1,,,
64,534,10,3,-4.086861610412598,0.030742855072021485,0.015919837951660156,False,527,0.010840363502502441,-0.022953267097473144,0.01897061347961426
64,666,13,2,-5.8939361572265625,0.0005490493774414063,0.022799892425537108,True,-1,,,
64,1087,21,2,-3.938056468963623,-0.01870326519012451,-0.018544626235961915,False,-1,,,
64,1505,30,5,-5.9742536544799805,-0.054723501205444336,0.03438387870788574,True,-1,,,
64,1618,32,7,-5.4447526931762695,0.01059001922607422,0.030149564743041993,True,-1,,,
64,2154,43,5,-5.886446952819824,-0.05657262802124023,0.01191610336303711,True,-1,,,
64,2207,44,3,-4.270328998565674,-0.006209230422973633,-0.03407849311828613,False,-1,,,
65,1329,26,3,-5.943312168121338,-0.014537878036499023,-0.0002641773223876953,True,1318,-0.039315185546875,-0.0011011123657226562,-0.02394037246704102
65,2046,40,4,-5.937324523925781,-0.05918693542480469,-0.00018823623657226562,False,-1,,,
65,2326,46,3,-5.210853099822998,-0.02299985885620117,-0.007774391174316406,False,-1,,,
66,178,3,8,-5.735645771026611,-0.00015669822692871094,0.01492314338684082,True,-1,,,
66,1563,31,7,-5.205250263214111,0.002633342742919922,-0.015380067825317383,True,-1,,,
67,103,2,2,-5.188747406005859,-0.033984079360961914,0.009432373046875,False,-1,,,
67,748,14,2,-4.529282569885254,0.006315479278564453,0.006248178482055664,False,-1,,,
67,1196,23,2,-1.5960149765014648,0.0366633415222168,-0.04735471248626709,False,-1,,,
67,1789,35,2,-3.580322504043579,-0.012980408668518066,-0.007117404937744141,False,-1,,,
67,2161,43,6,-4.325246334075928,-0.031321568489074705,0.0011749839782714843,True,-1,,,
68,86,1,5,-5.770012378692627,-0.022792587280273436,0.007269554138183594,True,-1,,,
68,697,13,3,-4.153306007385254,0.004203853607177735,-0.0036549091339111326,False,-1,,,
68,753,15,4,-5.87614631652832,-0.04846714973449707,0.032983627319335934,False,-1,,,
69,573,11,5,-4.925132751464844,0.004033203125,0.02214707851409912,True,-1,,,
69,1871,37,7,-5.3561882972717285,-0.005116977691650391,-0.008695468902587891,True,-1,,,
70,855,17,9,-5.756997108459473,-0.00819594383239746,-0.0007969188690185547,True,879,-0.0031290054321289062,0.004520196914672852,-0.00025017738342285236
70,1526,30,3,-4.369618892669678,-0.022720341682434083,0.02063194751739502,False,-1,,,
70,1603,32,7,-4.25872278213501,0.0223990535736084,-0.009058361053466796,True,-1,,,
70,1644,32,9,-5.9742536544799805,-0.031984386444091795,0.03136784553527832,True,-1,,,
70,2042,40,6,-5.279644966125488,-0.022207469940185548,-0.0050682353973388675,True,-1,,,
70,2152,43,4,-5.9742536544799805,-0.015028352737426759,0.026799125671386717,True,-1,,,
71,476,9,5,-2.7959790229797363,0.01478194236755371,0.006456093788146973,False,-1,,,
71,640,12,5,-5.3452019691467285,0.012581033706665039,0.006579113006591797,True,-1,,,
71,690,13,2,-5.776259422302246,-0.01844045639038086,0.03513348579406738,True,-1,,,
71,792,15,9,-0.7936937808990479,0.04448478698730469,-0.003708590269088745,False,-1,,,
71,1708,34,6,-5.758410453796387,-0.06862246036529542,0.0027539730072021484,False,-1,,,
71,1903,38,2,-4.2011308670043945,-0.009992260932922364,0.022532005310058594,False,-1,,,
71,1941,38,4,-5.360735893249512,-0.029578375816345214,0.001607532501220703,False,-1,,,
71,2183,43,5,-5.935238361358643,-0.010510492324829101,0.016612482070922852,True,-1,,,
71,2474,49,4,-5.9742536544799805,-0.010823631286621093,7.364273071289062e-05,True,-1,,,
73,34,0,3,-4.320742607116699,0.012458362579345704,-0.030827398300170897,True,-1,,,
73,811,16,8,-5.9742536544799805,-0.04394777297973633,0.0,True,-1,,,
73,1680,33,5,-5.902436256408691,0.0014363479614257811,0.01338277816772461,True,-1,,,
74,571,11,5,-2.4338769912719727,0.027283191680908203,0.012177836894989014,False,-1,,,
74,808,16,5,-5.130678653717041,-0.010186920166015625,-0.011720380783081054,True,-1,,,
74,1064,21,4,-5.66937255859375,-0.039261269569396975,0.030448856353759764,False,-1,,,
74,1151,23,6,-4.560214042663574,0.028280792236328126,0.02212085247039795,True,-1,,,
74,1372,27,3,-5.287817001342773,-0.043094911575317384,0.04463113307952881,False,-1,,,
74,1519,30,4,-5.071686744689941,-0.010359935760498047,0.002955665588378906,True,-1,,,
75,166,3,4,-5.878168106079102,0.00046540260314941405,0.07790030717849732,True,-1,,,
75,1496,29,8,-5.54130220413208,-0.019342470169067382,0.023365011215209962,True,-1,,,
76,338,6,6,-2.797478437423706,-0.011046185493469238,0.01892282724380493,False,-1,,,
76,646,12,2,-5.068477630615234,-0.03773158550262451,-0.0031852436065673826,True,-1,,,
76,984,19,3,-5.854203224182129,-0.040969443321228025,0.001951904296875,True,-1,,,
76,1527,30,4,-5.615366458892822,-0.03515405654907226,-0.005191698074340821,False,1533,-0.006885967254638672,0.014417724609375,0.00865866661071777
76,1692,33,3,-5.422961235046387,-0.007496004104614258,0.0072246742248535155,False,-1,,,
76,2017,40,2,-4.222758769989014,0.011282453536987305,0.0147951078414917,False,-1,,,
76,2141,42,8,-4.682091236114502,-0.03546464443206787,-0.0003508281707763672,False,-1,,,
76,2406,48,6,-5.950669765472412,-0.04204671382904053,0.03380744934082031,True,-1,,,
77,181,3,5,-5.522127628326416,0.003871145248413086,0.011886386871337891,True,-1,,,
77,1514,30,3,-5.0838165283203125,-0.019366607666015626,-0.01780874252319336,False,-1,,,
77,2107,42,4,-5.9742536544799805,-0.03223430633544922,0.0010585403442382813,True,2106,-0.018860750198364258,0.0059200477600097655,0.008512048721313479
78,29,0,5,-2.877293109893799,-0.007864155769348145,-0.03934016227722168,False,37,0.012261419296264649,-0.01620975971221924,-0.0030048274993896493
78,500,10,7,-5.889832973480225,-0.04528136253356933,0.028745927810668946,True,-1,,,
78,814,16,7,-5.194675922393799,-0.026584720611572264,-0.015591554641723633,False,-1,,,
78,2100,42,3,-5.84185791015625,-0.01657658576965332,0.028492765426635744,True,2106,-0.020196828842163086,0.008703126907348632,0.016169395446777344
78,2158,43,4,-5.800083637237549,-0.04894245147705078,0.03393973350524902,True,-1,,,
79,239,4,3,-5.382418632507324,-0.022755908966064452,-0.00793966293334961,False,207,-0.011461515426635743,-0.002583608627319336,0.005938339233398437
79,403,8,2,-4.6901655197143555,-0.014362187385559081,-0.015718250274658202,True,-1,,,
79,1342,26,7,-5.089334964752197,0.0020569896697998045,0.006285429000854492,True,-1,,,
79,1626,32,2,-3.8968632221221924,-0.014483761787414551,-0.024625000953674318,True,-1,,,
80,160,3,10,-5.071808338165283,0.018048906326293947,-0.00067352294921875,True,-1,,,
80,1438,28,2,-3.0488619804382324,0.021967439651489257,-0.058507833480834964,False,-1,,,
80,2111,42,4,-4.708115577697754,-0.007495393753051758,-0.020462760925292967,False,-1,,,
80,2487,49,2,-5.352117538452148,-0.027652049064636232,0.003271465301513672,False,2496,0.002499208450317383,-0.0029895973205566408,0.03641232013702393
81,108,2,3,-3.8929150104522705,0.03548409938812256,-0.020888752937316894,False,-1,,,
81,1208,24,5,-2.602463483810425,0.03170315265655518,-0.0161000919342041,False,-1,,,
82,1451,29,2,-5.672301769256592,-0.031567411422729494,0.0069860172271728515,True,-1,,,
82,1630,32,6,-5.9742536544799805,0.0,0.0,True,-1,,,
82,2311,46,2,-4.071075916290283,0.03006352424621582,-0.019406156539916994,False,2300,-0.006786503791809082,-0.017643766403198244,-0.03861241817474365
83,964,19,2,-5.072454929351807,-0.020327987670898436,-0.001567697525024414,False,-1,,,
83,1803,36,2,-3.759594678878784,-0.024400782585144044,-0.027876744270324706,False,1848,0.005253782272338867,-0.03832760810852051,0.040105428695678715
84,153,3,8,-5.9742536544799805,-0.0028779220581054686,0.042310872077941895,True,-1,,,
84,801,16,4,-5.290268898010254,-0.05082104206085205,0.023078174591064454,False,-1,,,
84,1319,26,6,-5.798738479614258,-0.011952972412109375,-0.000800313949584961,True,1318,-0.048875164985656736,0.007405815124511719,-0.045128321647644035
84,1580,31,5,-5.9742536544799805,-0.02686963081359863,0.0,True,-1,,,
84,1869,37,3,-1.9030704498291016,0.013429837226867676,-0.012715768814086915,False,-1,,,
84,2156,43,5,-5.185455799102783,-0.05933027744293213,0.015005121231079102,True,-1,,,
84,2177,43,3,-5.809213638305664,-0.005797910690307617,0.003984813690185547,True,-1,,,
84,2275,45,4,-5.413668155670166,-0.028432755470275878,-0.0006254005432128906,False,-1,,,
85,41,0,3,-4.414740085601807,0.011387577056884765,-0.027888431549072265,True,-1,,,
85,677,13,3,-5.9742536544799805,-0.0313430118560791,0.017117090225219726,True,-1,,,
85,1213,24,3,-5.932307243347168,-0.023302688598632812,0.008359947204589845,True,-1,,,
85,1829,36,4,-5.9742536544799805,-0.005925712585449219,0.008008193969726563,True,-1,,,
85,1967,39,3,-3.8137855529785156,0.0011809539794921874,-0.008733749389648438,False,-1,,,
86,254,5,2,-4.712001323699951,-0.0019101619720458985,-0.004205455780029297,False,-1,,,
86,351,7,3,-5.9742536544799805,-0.018233728408813477,0.0433702564239502,True,-1,,,
86,471,9,2,-4.134199619293213,-0.04136795043945313,0.004433369636535645,False,-1,,,
86,894,17,3,-3.998863697052002,-0.01415505886077881,-0.029512319564819336,False,-1,,,
88,213,4,2,-3.829827308654785,0.005744132995605469,0.02599120616912842,False,220,-0.003686966896057129,0.01942124843597412,-0.0028611421585082973
88,242,4,4,-4.830770492553711,0.01101689338684082,-0.01805980682373047,True,222,-0.014908742904663087,-0.021717844009399415,-0.02226759910583496
88,805,16,2,-1.1923705339431763,0.04655980825424194,-0.031119840145111086,False,-1,,,
88,1977,39,5,-5.507026672363281,-0.01564788818359375,-0.004056386947631836,True,1976,-0.03730334281921387,0.004278316497802735,-0.029990158081054687
88,2090,41,5,-5.7307281494140625,-0.03280177116394043,-0.00487051010131836,True,2086,-0.045797085762023924,0.0008872318267822266,-0.01875305652618408
89,982,19,2,-5.482089996337891,-0.03639216423034668,0.014082565307617187,False,-1,,,
89,1068,21,9,-5.9742536544799805,-0.006626558303833008,0.013132371902465821,True,-1,,,
89,1736,34,6,-0.3419278860092163,0.0483456015586853,-0.01178243637084961,False,-1,,,
89,2270,45,2,-5.198672294616699,0.008537921905517578,-0.00041800498962402344,True,-1,,,
90,77,1,3,-3.2322072982788086,0.02744823455810547,-0.011170787811279297,False,67,-0.020766048431396483,0.014964585304260253,-0.0743496561050415
90,1080,21,6,-5.7284321784973145,-0.0056264400482177734,0.01182347297668457,True,-1,,,
90,1399,27,4,-0.7000979781150818,0.00851927399635315,-0.014873834848403931,False,-1,,,
91,119,2,8,-3.287945032119751,0.05372617244720459,-0.05372617244720459,True,-1,,,
91,1550,31,4,-5.9742536544799805,-0.06478450298309327,0.02350099563598633,True,-1,,,
91,1662,33,3,-5.410275459289551,-0.016805191040039063,-0.006022777557373047,True,-1,,,
92,241,4,2,-5.405438423156738,-0.007258443832397461,0.013985376358032226,True,-1,,,
92,860,17,2,-5.12755012512207,0.007087669372558594,0.005749168395996093,True,867,0.0009456443786621094,-0.01911332130432129,0.0187204647064209
92,920,18,11,-5.918388366699219,-0.0531333589553833,0.006590404510498047,True,-1,,,
93,793,15,4,-5.498527526855469,0.008376007080078124,-0.009514522552490235,True,786,-0.05655858516693115,0.011731815338134766,-0.08618093013763428
93,1285,25,5,-2.970395803451538,0.025157580375671385,0.004061131477355957,False,-1,,,
93,1979,39,5,-4.251211166381836,-0.0006108951568603516,0.004500885009765625,False,-1,,,
94,321,6,2,-4.822367191314697,0.00040431976318359373,0.0056035232543945315,True,-1,,,
94,374,7,4,-5.1567702293396,0.011924972534179687,0.0027631378173828126,True,-1,,,
94,824,16,6,-5.9742536544799805,-0.019290523529052736,0.00014655113220214843,True,-1,,,
94,1108,22,4,-5.844583988189697,0.002593393325805664,-0.002593393325805664,True,-1,,,
94,2203,44,2,-4.546571731567383,0.01677128791809082,-0.018658847808837892,False,2235,-0.0053277587890625,-0.01689125061035156,-0.023866643905639653
96,2007,40,12,-5.4455718994140625,0.01057363510131836,0.01886068344116211,True,-1,,,
97,435,8,7,-3.5637736320495605,0.012250347137451172,-0.021155681610107422,False,-1,,,
97,1572,31,2,-3.108995199203491,-0.013381099700927735,-0.04511492252349854,False,-1,,,
97,1764,35,11,-3.8197174072265625,-0.011938610076904298,-0.019497394561767578,False,-1,,,
97,1836,36,2,-3.4167003631591797,-0.030605592727661134,-0.03347930908203125,False,1848,0.031444058418273926,-0.04747118473052978,0.0760415267944336
97,1963,39,5,-2.591169595718384,0.03073411464691162,-0.013831648826599121,False,-1,,,
97,2486,49,5,-4.453300476074219,0.021266918182373046,-0.01070603370666504,True,-1,,,
98,234,4,2,-4.627404689788818,-0.004914579391479493,0.0015454578399658203,False,207,-0.0005779266357421875,-0.018014535903930665,0.02389664649963379
98,1101,22,8,-5.555558204650879,-0.021373176574707033,-0.008373908996582032,True,-1,,,
98,1251,25,13,-5.346126556396484,0.012562541961669922,-0.007013654708862305,True,-1,,,
98,1989,39,6,-4.9909749031066895,0.00923436164855957,0.027254424095153808,True,-1,,,
98,2237,44,2,-3.736168146133423,-0.016478633880615233,-0.02799966335296631,False,-1,,,
99,715,14,4,-2.2863757610321045,0.013391170501708984,-0.00826063632965088,False,-1,,,
99,1288,25,4,-3.884528398513794,0.002365517616271973,0.001592259407043457,False,-1,,,
99,1352,27,5,-5.004478454589844,0.017220172882080078,0.007804718017578125,True,-1,,,
99,2245,44,11,-4.064727306365967,0.004074592590332032,0.00025483131408691404,False,-1,,,
100,524,10,4,-4.47689962387085,0.029947080612182618,-0.021438665390014648,True,-1,,,
101,69,1,2,-3.638576030731201,-0.02325956344604492,-0.009358205795288087,False,-1,,,
101,1122,22,9,-4.779254913330078,0.020920782089233397,-0.01561152458190918,True,-1,,,
101,1480,29,6,-5.908566474914551,-0.005336484909057617,0.04890609264373779,True,-1,,,
101,1770,35,2,-2.9098048210144043,-0.0022960519790649414,-0.013778753280639648,False,-1,,,
101,2268,45,5,-5.673781394958496,-0.01566058158874512,0.022659368515014648,True,-1,,,
102,1636,32,2,-5.874683380126953,-0.00022049903869628907,0.005200910568237305,True,-1,,,
102,2202,44,2,-5.96274471282959,-0.019711933135986327,0.009311199188232422,False,-1,,,
103,140,2,2,-5.69372034072876,0.005068120956420899,0.0023896121978759766,True,-1,,,
103,1394,27,3,-2.357032537460327,-0.010764212608337402,0.008769373893737793,False,-1,,,
103,2388,47,2,-5.187608242034912,-0.009635915756225586,-0.01573290824890137,True,-1,,,
104,719,14,12,-4.201045036315918,0.0028029918670654298,-0.009852790832519531,True,-1,,,
104,1271,25,3,-4.826181411743164,0.011625823974609375,0.01011983871459961,True,-1,,,
105,689,13,3,-4.979204177856445,0.006325178146362305,-0.01830810546875,True,-1,,,
105,1748,34,8,-5.386789798736572,0.0007295513153076172,-0.010413837432861329,True,-1,,,
105,2004,40,6,-4.012960910797119,0.03922585487365723,0.007097764015197754,True,-1,,,
105,2298,45,3,-1.9795233011245728,0.00586592435836792,-0.004486539363861084,False,-1,,,
106,402,8,2,-5.716818809509277,-0.013246698379516602,0.0022660160064697267,True,411,0.005316267013549805,0.012175960540771484,0.008653020858764649
106,726,14,3,-3.740839958190918,0.025583133697509766,-0.0036637210845947266,False,749,-0.022524142265319826,0.0238189697265625,-0.07558996677398681
106,1698,33,13,-5.313016414642334,0.0012701416015625,-0.0008669757843017578,True,-1,,,
106,1769,35,4,-5.9742536544799805,-0.009545850753784179,0.0034034156799316404,True,1791,-0.02932605743408203,0.005456447601318359,-0.021833238601684568
106,1994,39,2,-3.10861873626709,-0.005736222267150879,-0.03912679672241211,False,-1,,,
108,141,2,4,-4.12755012512207,0.0369340705871582,-0.013597478866577148,True,-1,,,
108,659,13,3,-5.9742536544799805,-0.012412166595458985,0.012011909484863281,True,-1,,,
108,1027,20,3,-2.971531391143799,0.04071239471435547,0.030129857063293457,False,-1,,,
108,1516,30,6,-1.9413245916366577,0.003381459712982178,-0.004576456546783447,False,-1,,,
109,671,13,5,-4.167484760284424,0.03425551414489746,-0.03424358367919922,True,-1,,,
109,892,17,4,-4.8052520751953125,0.0033609676361083985,-0.016335773468017577,True,-1,,,
109,2067,41,4,-2.3447749614715576,0.02387101173400879,-0.044006180763244626,False,-1,,,
109,2296,45,9,-5.737094402313232,-0.01911158561706543,0.01319291114807129,True,-1,,,
110,519,10,4,-5.121619701385498,0.009580249786376954,-0.0043829345703125,True,-1,,,
110,868,17,6,-2.92266845703125,-0.003929648399353027,-0.05529875755310058,False,-1,,,
110,1026,20,2,-5.28091287612915,-0.006302824020385742,0.0021312522888183596,True,-1,,,
110,1818,36,2,-4.249927520751953,0.0002138519287109375,-0.0015021324157714843,False,1826,-0.009819550514221191,0.012385153770446777,-0.02392068862915039
111,865,17,4,-4.730322360992432,-0.021705999374389648,-0.022615365982055664,False,-1,,,
111,1596,31,5,-3.8011410236358643,-0.027691869735717772,-0.02958570957183838,False,-1,,,
111,2088,41,8,-5.475922107696533,0.009966630935668946,0.008063573837280274,True,-1,,,
112,76,1,2,-5.718963623046875,-0.010330410003662109,-0.005105800628662109,True,-1,,,
112,80,1,2,-4.909468173980713,-0.0025938796997070314,0.0005382061004638672,False,-1,,,
112,1229,24,2,-5.853000164031982,-0.0035416412353515623,0.013827228546142578,True,-1,,,
112,1299,25,2,-5.944884777069092,-0.017942733764648437,0.0392901611328125,True,-1,,,
112,2402,48,2,-5.5797119140625,-0.013149127960205079,-0.002718019485473633,False,-1,,,
112,2420,48,2,-5.644590377807617,0.00021491050720214843,0.0037468338012695314,True,2430,-0.020598344802856446,0.011270132064819336,-0.0283365535736084
114,778,15,5,-5.9742536544799805,-0.031837692260742186,0.016602783203125,True,-1,,,
114,2285,45,4,-5.9348273277282715,-0.0332781982421875,0.004444246292114258,True,-1,,,
115,294,5,2,-3.2264440059661865,-0.0033262348175048828,-0.006255602836608887,False,-1,,,
115,2323,46,2,-3.9490301609039307,-0.01365938663482666,0.021764659881591798,False,2321,-0.016212081909179686,-0.012067780494689942,0.03127974510192871
116,48,0,5,-4.989690780639648,0.009158134460449219,-0.0005698585510253906,True,-1,,,
117,575,11,9,-5.071401596069336,0.01805704116821289,0.009078645706176757,True,-1,,,
118,1444,28,2,-4.450410842895508,0.0113275146484375,-0.011103792190551758,False,1405,0.008127326965332032,-0.011558504104614257,-0.002745475769042969
118,2328,46,2,-3.088466167449951,0.01765101432800293,-0.014503178596496582,False,-1,,,
119,1166,23,10,-5.766351222991943,-0.030142812728881835,0.011726961135864258,True,-1,,,
120,2416,48,7,-4.043501853942871,0.015898666381835937,-0.011946601867675781,False,2447,-0.022041749954223634,0.01563858985900879,-0.06552560806274413
121,114,2,3,-3.857853412628174,-0.014097599983215333,-0.004953460693359375,False,-1,,,
121,1866,37,3,-4.5536208152771,-0.015824108123779296,0.0013832759857177735,False,-1,,,
122,1471,29,6,-5.463151931762695,-0.0019885730743408204,-0.010222034454345703,True,-1,,,
122,1802,36,4,-5.780055999755859,-0.000915679931640625,0.020451316833496092,True,1848,-0.03407108306884766,-0.004193649291992187,-0.008510437011718754
123,907,18,9,-1.8990650177001953,0.015234818458557129,-0.052999114990234374,False,-1,,,
123,1216,24,7,-5.9742536544799805,-0.04383713245391846,0.03465088844299316,True,-1,,,
124,381,7,3,-4.43422794342041,0.023842306137084962,-0.01153656005859375,True,-1,,,
124,1469,29,5,-3.5757153034210205,-0.008957996368408203,-0.04451514720916748,False,-1,,,
124,2276,45,14,-5.092750549316406,-0.04031344890594482,0.006860122680664062,True,-1,,,
124,2387,47,3,-3.5331573486328125,-0.014648571014404296,-0.029864158630371094,False,-1,,,
125,245,4,9,-2.7973766326904297,0.0015248012542724608,0.006241474151611328,False,-1,,,
125,547,10,9,-3.211456775665283,0.018753623962402342,0.02580052614212036,False,-1,,,
125,2360,47,10,-5.758690357208252,-0.02405198097229004,0.0004146099090576172,True,-1,,,
126,1787,35,3,-4.175730228424072,0.02004201889038086,-0.0162635612487793,False,-1,,,
126,1796,35,3,-5.169161319732666,-0.034532513618469235,-0.005281457901000977,False,1754,-0.02099648952484131,-0.00962392807006836,0.017878494262695305
127,482,9,4,-4.877835273742676,-0.00794647216796875,-0.005122194290161133,True,-1,,,
127,1274,25,4,-5.882429599761963,-0.00950739860534668,0.013126649856567384,True,-1,,,
129,37,0,8,-3.4696977138519287,-0.012903785705566407,0.015695357322692872,False,-1,,,
129,163,3,10,-2.730537176132202,-0.04344765543937683,-0.05109268665313721,False,-1,,,
129,1203,24,9,-5.429423809051514,0.008045883178710937,-0.0023404502868652343,True,1209,-0.02901364803314209,0.013733549118041992,-0.05313353061676025
129,2098,41,2,-5.82685661315918,0.0029479408264160155,-0.00166595458984375,True,2089,-0.0071009635925292965,0.026300945281982423,-0.03801580429077149
129,2301,46,2,-5.298424243927002,-0.031684656143188474,-0.011715373992919921,False,-1,,,
130,1195,23,6,-5.9742536544799805,-0.017478294372558593,0.002269306182861328,True,-1,,,
130,1273,25,11,-4.269665718078613,0.034091758728027347,0.0026003551483154298,True,-1,,,
130,1533,30,6,-4.595821857452393,0.02186422348022461,0.04918582439422607,True,-1,,,
131,202,4,5,-5.579209327697754,0.006951618194580078,-0.0070147705078125,True,207,-0.005655221939086914,0.017645444869995117,-0.037267055511474606
131,947,18,6,-5.267330646514893,0.007731342315673828,0.021216859817504884,True,-1,,,
132,260,5,3,-5.9742536544799805,-0.030097150802612306,0.006163768768310547,True,266,-0.031600122451782224,0.002872314453125,0.0017884826660156256
132,992,19,2,-5.9742536544799805,-0.007023143768310547,0.0013785552978515625,True,-1,,,
132,1403,28,2,-5.844344615936279,-0.022658853530883788,0.0007583427429199218,True,-1,,,
132,1975,39,2,-4.988532066345215,-0.03588037490844727,-0.019714431762695314,False,-1,,,
132,2437,48,2,-1.3824827671051025,-0.0034467053413391115,-0.015747213363647462,False,-1,,,
133,1036,20,15,-5.9742536544799805,-0.04082358837127686,0.00026711463928222654,True,1005,-0.013199748992919922,0.028339338302612305,-0.00044838428497314536
135,4,0,10,-4.3176469802856445,-0.0475050687789917,-0.03050930976867676,False,-1,,,
135,879,17,7,-5.80720329284668,-0.008707561492919923,0.022290754318237304,True,-1,,,
136,1619,32,4,-4.165266990661621,0.03551321983337402,-0.023176517486572266,True,-1,,,
137,736,14,2,-5.159390449523926,0.013011693954467773,-0.016297264099121092,True,-1,,,
137,2065,41,3,-5.547322750091553,-0.013575458526611328,0.025122604370117187,False,-1,,,
137,2496,49,2,-4.957232475280762,0.020340423583984375,-0.011605339050292969,True,-1,,,
139,1012,20,5,-5.896501064300537,-0.011520509719848632,0.0003064441680908203,True,1005,0.0029400062561035158,0.028321199417114258,-0.01355423927307129
139,1914,38,3,-5.44954252243042,-0.0033915233612060547,0.007993011474609376,False,-1,,,
140,638,12,2,-5.743136405944824,-0.023873815536499022,-0.004622344970703125,True,-1,,,
140,1149,22,4,-5.390531063079834,-0.041234765052795413,0.008795223236083984,False,-1,,,
140,2356,47,2,-5.880483627319336,-0.010976581573486329,0.01510481834411621,True,-1,,,
141,422,8,2,-2.29693603515625,0.005439682006835938,0.00211334228515625,False,-1,,,
141,559,11,10,-4.444443225860596,-0.03684762954711914,-0.030596208572387696,False,-1,,,
141,700,14,2,-3.0811853408813477,0.0032313394546508788,0.016438112258911133,False,749,0.0046004438400268554,-0.01756338119506836,0.03537059783935547
142,105,2,12,-5.9742536544799805,-0.004939298629760742,0.01743547439575195,True,-1,,,
142,737,14,2,-5.9742536544799805,-0.006716556549072265,0.005315952301025391,True,-1,,,
142,1407,28,2,-3.573338508605957,0.0029488754272460936,-0.024705371856689452,False,-1,,,
144,353,7,5,-3.016730785369873,0.05915045738220215,-0.0006200027465820313,True,-1,,,
144,718,14,2,-4.181870937347412,0.035847654342651365,0.008407416343688965,True,-1,,,
144,867,17,3,-5.9742536544799805,-0.02669321060180664,0.02950850486755371,True,-1,,,
144,1893,37,6,-4.799215316772461,0.02350076675415039,-0.008968276977539063,True,-1,,,
144,2427,48,2,-4.608919620513916,-0.007957658767700194,0.001559772491455078,False,2421,-0.020979647636413575,-0.02482603073120117,0.01336381435394287
145,951,19,2,-4.03264045715332,-0.0067574214935302735,-0.01775413513183594,False,-1,,,
145,1927,38,2,-5.223323345184326,-0.0021732521057128908,-0.015018606185913086,False,-1,,,
146,839,16,5,-4.31347131729126,0.005812873840332031,0.006439251899719238,False,-1,,,
147,10,0,3,-5.9742536544799805,-0.008260269165039063,0.01064258575439453,True,-1,,,
147,102,2,2,-0.9822692275047302,0.016605600118637084,-0.007010689973831177,False,-1,,,
147,212,4,2,-2.5218331813812256,0.007452630996704101,0.0029057168960571287,False,-1,,,
149,101,2,2,-5.280786037445068,-0.0018801689147949219,-0.00446929931640625,True,124,-0.010308122634887696,0.016484947204589845,-0.02938220024108887
149,460,9,7,-4.697363376617432,-0.04415064334869385,0.016464667320251467,False,-1,,,
149,1669,33,2,-3.6436312198638916,-0.012428531646728516,-0.021901450157165527,False,-1,,,
149,1755,35,4,-3.0791585445404053,-0.005143446922302246,0.032740256786346435,False,-1,,,
150,998,19,2,-2.4642324447631836,0.0007849836349487305,0.010971248149871826,False,-1,,,
150,1356,27,11,-1.5548510551452637,0.02712494373321533,0.002159738540649414,False,-1,,,
150,1448,28,2,-3.1343441009521484,0.0017192697525024415,-0.00815821647644043,False,-1,,,
150,2242,44,5,-4.829086780548096,-0.002639026641845703,0.025212416648864745,True,-1,,,
151,527,10,2,-3.4376211166381836,-0.004662203788757324,-0.03519272804260254,False,-1,,,
151,738,14,2,-5.418632507324219,-0.007255620956420898,-0.011112422943115234,True,-1,,,
152,1250,25,4,-4.737657070159912,-0.04678058624267578,0.014322299957275391,False,-1,,,
153,791,15,6,-5.9742536544799805,-0.02871562957763672,0.01284454345703125,True,-1,,,
154,332,6,5,-4.115026473999023,0.029927778244018554,-0.01724724769592285,True,-1,,,
155,746,14,9,-4.771988391876221,0.009178009033203125,-0.009745826721191406,True,-1,,,
156,1184,23,7,-5.9742536544799805,-0.028440351486206054,0.008470249176025391,True,-1,,,
156,1314,26,7,-5.125530242919922,0.00851217269897461,-0.016915636062622072,True,-1,,,
156,2282,45,7,-3.65301251411438,-0.003909831047058106,-0.019459004402160644,False,-1,,,
157,249,4,4,-2.7349283695220947,0.006291251182556152,-0.011615886688232421,False,-1,,,
157,405,8,4,-4.663502216339111,0.026215028762817384,0.046033992767333984,True,-1,,,
157,1870,37,9,-5.110385417938232,0.017277364730834962,0.022379226684570312,True,-1,,,
158,1081,21,8,-5.9742536544799805,-0.019366378784179687,0.039051780700683596,True,-1,,,
160,36,0,8,-5.845872402191162,-0.002718935012817383,0.0014076995849609374,True,-1,,,
161,1016,20,4,-5.084146976470947,0.014185476303100585,-0.010851573944091798,True,-1,,,
161,1284,25,8,-5.9742536544799805,-0.0012927722930908203,0.0014867305755615235,True,-1,,,
161,2054,41,5,-3.9754905700683594,0.00847121238708496,0.0005146741867065429,False,-1,,,
162,786,15,3,-4.561880588531494,0.027146692276000976,-0.001382274627685547,True,-1,,,
162,1976,39,12,-4.371561527252197,0.032053842544555664,-0.001491556167602539,True,-1,,,
163,131,2,3,-5.043005466461182,-0.03744421482086182,-0.015726213455200196,False,-1,,,
163,467,9,3,-5.251672267913818,0.0021695899963378906,-0.0049368953704833985,True,-1,,,
163,1334,26,4,-5.136648178100586,-0.042491698265075685,-0.010067453384399414,False,1318,0.007809276580810547,0.009782657623291016,0.030450863838195803
163,1581,31,11,-3.0466418266296387,-0.021605563163757325,-0.030744304656982423,False,-1,,,
164,1336,26,6,-4.855560302734375,0.005512228012084961,0.005491657257080078,True,1309,-0.03527321815490723,0.002851743698120117,-0.038145532608032225
164,1401,28,10,-0.5612381100654602,0.03716436743736267,-0.0005166804790496826,False,-1,,,
166,1007,20,8,-3.544048547744751,-0.03420023441314697,-0.019296469688415526,False,-1,,,
168,389,7,3,-5.346972465515137,-0.009604110717773437,-0.009133920669555665,False,-1,,,
168,666,13,2,-5.9742536544799805,-0.02083727836608887,0.004622211456298828,True,-1,,,
168,1215,24,2,-2.837888479232788,-0.03822656393051147,-0.04313318729400635,False,-1,,,
169,20,0,2,-2.7762861251831055,-0.005051088333129883,0.021430611610412598,False,-1,,,
169,213,4,3,-2.4744436740875244,0.010826411247253418,-0.013399643898010254,False,-1,,,
169,220,4,2,-2.722212791442871,0.006631317138671875,-0.0008281135559082032,False,-1,,,
169,628,12,7,-2.5599629878997803,0.006293954849243164,-0.01322427749633789,False,-1,,,
169,1057,21,2,-4.447788715362549,0.01191206932067871,-0.010122461318969727,False,-1,,,
169,1449,28,2,-5.67546272277832,-0.010426874160766602,0.02670156478881836,False,-1,,,
170,2313,46,5,-4.1373090744018555,0.017895774841308595,-0.012636995315551758,False,2315,0.0071004295349121095,0.008857994079589844,-0.03229033470153809
171,362,7,5,-5.233949661254883,0.004602184295654297,0.01797761917114258,False,-1,,,
171,1814,36,5,-5.930712699890137,-0.017126703262329103,0.004825096130371093,True,1848,-0.009056615829467773,0.013507452011108399,-0.000612268447875975
171,1907,38,7,-4.652350425720215,-0.05987592458724975,-0.023476266860961915,False,-1,,,
174,1307,26,13,-4.939440727233887,0.019632768630981446,0.022513389587402344,True,-1,,,
176,816,16,4,-3.6361138820648193,-0.0426666522026062,-0.012126336097717285,False,-1,,,
176,973,19,2,-3.5433874130249023,-0.0110367488861084,0.019149270057678223,False,-1,,,
176,1196,23,2,-3.5629749298095703,-0.03535610675811768,0.06554050385951996,False,-1,,,
176,1604,32,8,-2.106837034225464,-0.022417454719543456,-0.037751574516296384,False,-1,,,
177,1338,26,6,-2.582305908203125,0.013456196784973144,-0.007980890274047851,False,-1,,,
178,1316,26,2,-0.7588465809822083,0.008276923894882202,-0.04603301405906677,False,-1,,,
178,2114,42,2,-2.796658515930176,-0.0032477712631225585,-0.03584769248962402,False,-1,,,
178,2129,42,2,-3.9782986640930176,-0.014102988243103028,0.011303582191467286,False,-1,,,
178,2321,46,2,-4.883904457092285,-0.026975007057189943,-0.004680728912353516,False,-1,,,
180,2430,48,8,-4.9546380043029785,0.018838882446289062,-0.016466913223266603,True,-1,,,
181,1125,22,4,-3.3918845653533936,-0.019069929122924805,0.009419927597045899,False,-1,,,
182,488,9,4,-2.625109910964966,-0.02991100788116455,-0.049645609855651855,False,-1,,,
182,1477,29,4,-1.3060803413391113,0.02705108165740967,-0.07963165283203125,False,-1,,,
183,2086,41,9,-4.3485565185546875,0.017997169494628908,-0.014381046295166016,True,-1,,,
184,293,5,2,-2.41308856010437,-0.0010198116302490234,0.00832719326019287,False,-1,,,
184,2137,42,2,-2.7844934463500977,0.006975293159484863,-0.01015669822692871,False,-1,,,
185,1651,33,7,-2.7281041145324707,-0.004711174964904785,-0.02558932304382324,False,-1,,,
185,2089,41,9,-4.48831033706665,0.02965834617614746,0.009926724433898925,True,-1,,,
187,1912,38,4,-2.4307069778442383,0.0020912885665893555,0.021089797019958497,False,-1,,,
189,415,8,6,-5.274979591369629,-0.04004904270172119,-0.013985481262207031,False,-1,,,
189,706,14,4,-2.9722402095794678,-0.010233168601989745,0.00993952751159668,False,-1,,,
190,2253,45,4,-5.757629871368408,-0.01263148307800293,0.013587198257446288,True,-1,,,
192,67,1,3,-2.0825750827789307,0.003948001861572265,0.0018396997451782227,False,-1,,,
192,1042,20,3,-1.2391372919082642,0.013343830108642579,0.01352983593940735,False,-1,,,
200,1098,21,6,-4.650732517242432,-0.06485416173934937,-0.026470422744750977,False,-1,,,
200,1664,33,2,-5.68812370300293,-0.0023159217834472657,0.008285093307495116,True,-1,,,
200,1851,37,2,-5.7508463859558105,-0.08136545419692993,0.0542576265335083,True,-1,,,
201,676,13,5,-5.643475532531738,-0.002270498275756836,-0.0015512752532958985,True,-1,,,
203,207,4,2,-4.454267501831055,0.018296051025390624,-0.009703941345214843,False,-1,,,
203,291,5,2,-5.15242862701416,-0.006357908248901367,-0.005897397994995117,False,253,-0.013923749923706055,-0.0017961502075195313,-0.011667089462280275
208,1209,24,2,-4.374445915222168,0.02494919776916504,-0.030103559494018554,False,-1,,,
208,1824,36,2,-5.8635478019714355,-0.006241092681884766,5.693435668945312e-06,True,-1,,,
208,2421,48,2,-5.309462070465088,-0.004432621002197265,0.007523736953735352,True,-1,,,
208,2447,48,2,-4.484241008758545,-0.004253139495849609,-0.029800252914428713,False,-1,,,
212,2122,42,5,-5.8136372566223145,-0.021434364318847657,0.04251265048980713,True,2106,0.00027136802673339845,0.002342662811279297,0.06187572002410889
213,589,11,9,-5.252382278442383,-0.03274953842163086,-0.014437427520751953,True,-1,,,
214,411,8,12,-4.4524993896484375,0.02518594741821289,-0.006821374893188476,True,-1,,,
217,1935,38,8,-5.9742536544799805,-0.026526708602905274,0.0023268890380859376,True,-1,,,
218,284,5,3,-4.314619541168213,0.033192682266235354,-0.025114192962646484,True,-1,,,
218,354,7,9,-4.88176965713501,0.01839177131652832,0.002194118499755859,True,-1,,,
221,402,8,7,-2.836308479309082,0.05079748153686523,-0.00935262680053711,True,-1,,,
221,1224,24,5,-4.989570617675781,-0.036217870712280276,0.004394683837890625,False,-1,,,
221,1309,26,14,-4.009950637817383,0.019026002883911132,-0.03064023971557617,True,-1,,,
222,1087,21,9,-5.972256183624268,-0.04399239540100098,0.0060767650604248045,True,-1,,,
224,1389,27,9,-2.8022892475128174,0.001038837432861328,-0.03277004718780518,False,-1,,,
226,268,5,2,-4.817843914031982,0.019623250961303712,-0.0036795806884765627,False,-1,,,
226,527,10,4,-5.776375770568848,-0.04384440422058106,0.012008028030395508,True,-1,,,
226,1394,27,8,-2.908061981201172,-0.02451620578765869,-0.017259225845336915,False,-1,,,
226,1517,30,2,-4.935243129730225,-0.05064788818359375,0.007580490112304688,False,-1,,,
227,912,18,4,-2.5130581855773926,0.027627973556518554,-0.005085344314575195,False,-1,,,
227,1282,25,10,-4.6255083084106445,-0.03205480098724365,-0.01144277572631836,False,-1,,,
228,924,18,4,-2.461395740509033,0.004317941665649414,0.016597776412963866,False,-1,,,
231,538,10,13,-5.9742536544799805,-0.05564539909362793,0.0006523513793945312,True,-1,,,
233,737,14,2,-4.842092037200928,0.01608443260192871,-0.0013715457916259766,True,-1,,,
233,1826,36,2,-2.8771302700042725,0.007139887809753418,0.011742644309997559,False,-1,,,
234,1975,39,9,-5.281798362731934,0.01077836036682129,-0.00764678955078125,True,-1,,,
235,367,7,3,-5.7696733474731445,0.002158355712890625,0.03289902687072754,True,-1,,,
235,521,10,6,-5.9742536544799805,-0.03300288200378418,0.022621593475341796,True,-1,,,
235,677,13,10,-5.9742536544799805,-0.0625258207321167,0.0025998878479003905,True,-1,,,
236,176,3,2,-2.4141733646392822,-0.0197845721244812,-0.057843680381774905,False,-1,,,
236,251,5,2,-3.110473871231079,0.01590163230895996,-0.00783470630645752,False,-1,,,
238,1537,30,4,-3.1866679191589355,-0.03479702472686767,-0.021570396423339844,False,-1,,,
239,1869,37,7,-0.7736700773239136,-0.004983235597610474,-0.03264272451400757,False,-1,,,
240,972,19,2,-4.560715675354004,-0.014959034919738769,-0.01649083137512207,False,956,-0.01647191047668457,0.012423324584960937,-0.03042703151702881
240,1283,25,2,-4.140575885772705,0.0011271286010742189,-0.02663064956665039,False,-1,,,
240,1351,27,6,-5.6920695304870605,-0.054485321044921875,-0.00406219482421875,True,-1,,,
241,886,17,9,-5.9742536544799805,-0.1076885175704956,0.0036291885375976563,True,-1,,,
241,2396,47,6,-3.3676750659942627,0.03211929798126221,-0.042810893058776854,True,-1,,,
244,637,12,6,-5.9742536544799805,-0.02250056266784668,0.02852060317993164,True,-1,,,
244,2393,47,5,-1.9937262535095215,-0.024423372745513917,-0.01881659507751465,False,-1,,,
245,166,3,13,-2.234780788421631,-0.01589895486831665,-0.016872124671936037,False,-1,,,
246,1758,35,10,-4.701615810394287,0.025309438705444335,-0.02525477409362793,True,-1,,,
247,1533,30,2,-0.6275142431259155,0.011947455406188965,-0.012016110420227051,False,-1,,,
247,1627,32,2,-2.6986217498779297,-0.039658468961715695,-0.040871229171752926,False,-1,,,
252,2003,40,13,-4.605369567871094,-0.061178731918334964,0.02788360118865967,False,-1,,,
253,237,4,2,-4.024669170379639,0.014844112396240235,-0.004814624786376953,False,-1,,,
253,1437,28,2,-5.657846450805664,0.0053701972961425785,0.008642864227294923,True,1407,-0.02396219253540039,-0.005855207443237305,-0.014834318161010742
253,2135,42,10,-5.251415729522705,0.014334611892700196,-0.013261251449584961,True,2106,0.010148735046386718,0.002429332733154297,-0.019876461029052737
254,1791,35,2,-5.6075568199157715,-0.021280956268310548,-0.004515914916992187,False,1793,-0.013751983642578125,0.0016324901580810547,0.0013805675506591807
254,2226,44,2,-5.9742536544799805,-0.03132861137390137,0.0008632564544677735,True,-1,,,
255,458,9,3,-5.83610200881958,-0.032868576049804685,0.035548191070556644,True,-1,,,
260,214,4,2,-5.708520412445068,-0.0017263221740722657,0.008505744934082031,True,-1,,,
260,303,6,2,-4.060693264007568,-0.04486299514770508,-0.03097555160522461,False,-1,,,
260,968,19,5,-5.5138115882873535,-0.023114891052246095,0.025702724456787108,False,984,-0.005084075927734375,0.016293764114379883,0.02743977546691894
261,690,13,3,-5.9742536544799805,-0.020235157012939452,0.011341037750244141,True,-1,,,
263,514,10,7,-1.0283066034317017,0.04389225721359253,0.013689100742340088,False,-1,,,
263,1585,31,3,-1.9051399230957031,0.07745316505432129,-0.014245762825012206,True,-1,,,
268,364,7,5,-5.590663909912109,-0.05090780735015869,0.002288818359375,True,-1,,,
269,406,8,5,-5.06992769241333,-0.06700302362442016,0.006548833847045898,False,-1,,,
273,1930,38,4,-5.8890156745910645,-0.005275802612304687,0.003844795227050781,True,-1,,,
274,104,2,5,-5.248434543609619,0.005424356460571289,0.017756195068359376,True,-1,,,
277,212,4,2,-2.4202513694763184,0.009889931678771972,0.007921462059020995,False,-1,,,
277,266,5,2,-5.9742536544799805,-0.011277093887329101,0.0,True,-1,,,
279,713,14,2,-5.9742536544799805,-0.004849948883056641,0.004510927200317383,True,723,-0.006616086959838867,0.005507469177246094,-0.0027626800537109385
279,955,19,2,-5.9742536544799805,-0.00617365837097168,0.0013502216339111328,True,961,-0.0012057399749755859,-0.002008781433105469,0.008326921463012695
279,1903,38,12,-5.116510391235352,0.01715486526489258,-0.006513528823852539,True,-1,,,
280,626,12,4,-2.4374585151672363,-0.013731849193572999,0.014345030784606933,False,-1,,,
281,2385,47,10,-1.2337114810943604,-0.0009559106826782227,-0.0416099214553833,False,-1,,,
282,640,12,18,-4.720372676849365,-0.03593506336212158,0.022210850715637206,False,-1,,,
282,2485,49,7,-2.577357292175293,-0.01453392744064331,-0.021337704658508302,False,-1,,,
289,310,6,2,-2.3892388343811035,-0.012001008987426757,-0.008934435844421386,False,-1,,,
289,782,15,6,-2.8705060482025146,0.01791079044342041,0.02148928165435791,False,-1,,,
289,1736,34,6,-5.318977355957031,-0.0936026382446289,0.009800519943237305,False,-1,,,
289,2346,46,2,-5.401352882385254,0.0052470874786376956,-0.00487339973449707,True,2349,0.004476842880249024,0.010083551406860352,-0.015727195739746094
294,1701,34,7,-3.90960693359375,0.005828380584716797,-0.013599863052368164,False,-1,,,
295,281,5,2,-5.047816753387451,-0.0027060794830322268,-0.0018084430694580078,True,-1,,,
295,1089,21,3,-1.0118144750595093,-0.007593932151794433,-0.006388974189758301,False,-1,,,
295,1659,33,2,-4.25710916519165,-0.02305790901184082,-0.004287557601928711,False,1681,-0.014996967315673827,-0.01898135185241699,0.022754735946655273
295,1783,35,8,-5.540112495422363,0.0023164749145507812,0.018555498123168944,True,-1,,,
296,253,5,3,-4.636772632598877,0.01570089340209961,-0.02065877914428711,False,-1,,,
296,2431,48,7,-4.3930888175964355,0.011233625411987304,-0.016611671447753905,True,-1,,,
297,355,7,2,-4.589127540588379,-0.041851162910461426,-0.004790277481079102,False,-1,,,
297,1318,26,2,-5.9742536544799805,-0.004706239700317383,0.024094228744506837,True,1317,-0.0026223278045654297,0.03728745460510254,-0.01110931396484375
297,1650,33,2,-3.8798561096191406,0.041887950897216794,-0.03891031265258789,True,1681,-0.01812347412109375,-0.021521739959716797,-0.07739999771118164
297,1789,35,3,-5.697893142700195,-0.007307405471801758,0.016275768280029298,True,-1,,,
297,2437,48,2,-3.846670627593994,-0.02262942314147949,0.009470248222351074,False,-1,,,
298,994,19,12,-3.353107452392578,0.012032308578491212,0.005821638107299805,False,-1,,,
299,344,6,8,-2.618767023086548,0.03404960155487061,-0.0002909374237060547,False,-1,,,
301,773,15,2,-1.5488661527633667,-0.0020758557319641114,0.002202732563018799,False,-1,,,
301,1300,26,2,-0.5968373417854309,-0.0003389465808868408,-0.03213306784629822,False,-1,,,
301,1811,36,2,-1.5740439891815186,-0.00297100305557251,-0.0498630952835083,False,-1,,,
301,2484,49,2,-5.748232841491699,-0.03962249755859375,0.005207557678222657,False,-1,,,
303,1754,35,8,-5.799745082855225,-0.001247282028198242,0.014748468399047851,True,-1,,,
303,2147,42,5,-4.306488990783691,-0.023157706260681154,-0.031696739196777346,False,-1,,,
307,41,0,2,-4.197601795196533,-0.014833288192749023,-0.027802734375,False,-1,,,
307,1663,33,9,-5.025250434875488,-0.04115015029907226,0.01368997573852539,False,1681,-0.015627956390380858,-0.0061048221588134765,0.04531699180603027
307,1855,37,8,-3.9495770931243896,-0.04643128633499145,-0.032396368980407715,False,-1,,,
307,2405,48,2,-2.298701286315918,-0.0006625032424926757,-0.004572124481201172,False,-1,,,
309,662,13,3,-1.873468041419983,-0.025888910293579103,-0.0166443133354187,False,-1,,,
314,245,4,2,-3.1657166481018066,-0.017168331146240234,0.007290635108947754,False,-1,,,
314,249,4,2,-3.63761043548584,-0.007850270271301269,0.011049408912658692,False,-1,,,
314,1793,35,2,-5.3534321784973145,0.003089942932128906,0.03014861583709717,True,1778,-0.022680072784423827,0.009206209182739258,-0.004827609062194826
314,1912,38,4,-4.3079023361206055,-0.04951273918151856,-0.0032281017303466795,False,-1,,,
314,2335,46,2,-4.7695770263671875,0.009364156723022462,-0.012837085723876953,False,2310,-0.006907787322998047,0.009077701568603515,-0.03818673133850098
315,102,2,3,-2.483747959136963,-0.023352413177490233,-0.06690855026245117,False,-1,,,
316,984,19,3,-4.619431018829346,0.022183628082275392,-0.022958965301513673,True,996,-0.03924731731414795,0.0017537403106689454,-0.08614365100860596
317,222,4,5,-5.162693023681641,0.016231212615966797,0.008383197784423828,True,227,0.010898370742797852,0.002494916915893555,0.0005554389953613282
319,1833,36,3,-3.098489284515381,-0.0037528276443481445,0.016726956367492676,False,-1,,,
319,2120,42,3,-4.336567401885986,-0.026946196556091307,0.01565009593963623,False,-1,,,
322,715,14,2,-2.864631175994873,-0.012030315399169923,-0.004867167472839356,False,-1,,,
322,1822,36,2,-3.3530569076538086,0.016003828048706054,-0.009642877578735352,False,1840,-0.0009029626846313477,-0.03533459186553955,0.008784923553466797
323,1852,37,10,-2.8390674591064453,-0.006206450462341309,0.04517047047615051,False,-1,,,
325,1113,22,14,-4.414795398712158,0.011561050415039062,-0.013219709396362305,True,-1,,,
328,67,1,3,-2.4196956157684326,0.0034125852584838867,0.0071806001663208005,False,-1,,,
328,1585,31,2,-2.6523990631103516,-0.00596987247467041,-0.013655819892883302,False,-1,,,
328,2235,44,2,-4.7934956550598145,0.004162397384643555,-0.016271018981933595,False,-1,,,
329,92,1,4,-4.341881275177002,0.01929903984069824,0.022695226669311522,True,-1,,,
329,634,12,2,-3.0853800773620605,-0.017386817932128908,0.02784339427947998,False,-1,,,
329,1826,36,14,-1.3901586532592773,0.0162026309967041,0.008116509914398193,False,-1,,,
329,2109,42,2,-2.618644952774048,-0.00011984825134277344,0.014819722175598144,False,-1,,,
329,2186,43,3,-0.7473917603492737,0.009742649793624878,-0.04489244818687439,False,-1,,,
332,1849,36,4,-5.74435567855835,-0.009222660064697265,-0.004597959518432618,True,-1,,,
337,738,14,8,-5.3373870849609375,0.005918693542480469,-0.0019121742248535156,True,707,-0.02627007007598877,0.013608007431030274,-0.04770894527435303
337,1506,30,2,-4.854000568389893,-0.018841819763183595,-0.016155471801757814,False,-1,,,
337,1981,39,2,-5.48583459854126,0.006851997375488281,0.0018723869323730468,True,1992,-0.021764287948608397,0.010779304504394531,-0.037523202896118164
337,2298,45,6,-3.9975616931915283,-0.031758718490600586,-0.03197788715362549,False,-1,,,
339,1560,31,6,-2.417973279953003,0.04606085300445557,-0.017310361862182617,False,-1,,,
349,571,11,3,-4.210892677307129,-0.054001729488372806,0.011214938163757324,False,-1,,,
349,1564,31,4,-3.658177614212036,0.024850478172302248,-0.013784708976745606,False,-1,,,
352,483,9,11,-4.433650016784668,-0.051793134212493895,0.0049322509765625,False,-1,,,
354,170,3,5,-4.377324104309082,-0.049804821014404296,0.039490394592285157,False,-1,,,
356,805,16,2,-5.843238353729248,-0.009720783233642578,0.007528820037841797,True,-1,,,
356,961,19,10,-4.98604679107666,0.015140018463134765,-0.0010139179229736329,True,-1,,,
356,1946,38,2,-2.2502167224884033,-0.011934163570404053,0.007029812335968017,False,-1,,,
357,737,14,5,-4.409933090209961,0.02009018898010254,-0.006820182800292968,True,-1,,,
358,108,2,10,-5.943902969360352,0.0006070137023925781,0.018444929122924805,True,-1,,,
360,1699,33,17,-5.9742536544799805,-0.04472737312316895,0.0022778892517089843,True,-1,,,
361,124,2,3,-5.156636714935303,-0.03900243282318115,-0.0028898811340332033,False,-1,,,
361,557,11,19,-3.3758621215820312,-0.04568233013153076,-0.03329904556274414,False,-1,,,
362,1035,20,10,-5.784416675567627,0.003366212844848633,-0.0018609619140625,True,1005,-0.002994747161865234,0.030614233016967772,-0.038836154937744144
362,1920,38,9,-5.066341876983643,0.0008228015899658203,-0.01161529541015625,True,-1,,,
364,749,14,2,-5.841291427612305,-0.03686434745788574,0.004133014678955078,True,705,-0.00380706787109375,0.001639995574951172,0.0355502986907959
364,1317,26,2,-4.888077259063721,0.00203643798828125,-0.0005930614471435547,False,-1,,,
364,1683,33,3,-3.234837293624878,-0.01560638427734375,-0.04694532871246338,False,-1,,,
365,1125,22,11,-1.3874977827072144,0.006722278594970703,0.020726109743118285,False,-1,,,
365,1653,33,2,-5.424489974975586,-0.030230746269226075,-0.005491456985473633,False,1681,-0.005076522827148437,-0.0024169635772705077,0.022079730033874513
365,1994,39,2,-5.9742536544799805,-0.0014714717864990235,0.017973308563232423,True,-1,,,
368,184,3,8,-4.0781331062316895,-0.05195204973220825,-0.011726770401000976,False,-1,,,
370,1848,36,6,-5.5519585609436035,0.008445901870727539,0.03707250595092773,True,-1,,,
370,2058,41,10,-2.564321517944336,0.041337747573852536,-0.007653102874755859,False,-1,,,
371,1691,33,6,-5.6042046546936035,0.007400979995727539,0.0006044387817382812,True,1681,-0.002846364974975586,0.003970947265625,-0.013613853454589844
373,1465,29,3,-5.9742536544799805,-0.029043378829956053,0.0,True,-1,,,
375,482,9,12,-5.010760307312012,0.0010696029663085937,-0.0004164886474609375,True,-1,,,
375,1359,27,11,-1.0547949075698853,0.05163801431655884,-0.07605439901351929,False,-1,,,
377,924,18,2,-2.272277593612671,-0.02359987735748291,-0.015754733085632324,False,-1,,,
377,1259,25,2,-1.3501965999603271,-0.006655764579772949,0.002267563343048096,False,-1,,,
377,1516,30,10,-4.155130386352539,-0.04603482246398926,0.015143876075744628,False,-1,,,
378,1639,32,14,-5.16087532043457,0.014559612274169922,-0.0009177589416503907,True,-1,,,
382,643,12,14,-5.703624248504639,0.0009100627899169922,-0.005412588119506836,True,-1,,,
383,366,7,6,-3.3212697505950928,0.004583258628845215,-0.029011282920837402,False,-1,,,
384,1670,33,8,-4.363066673278809,-0.03556155204772949,-0.023177080154418946,False,-1,,,
386,286,5,18,-4.115499019622803,-0.04137940883636475,-0.014344596862792968,False,-1,,,
388,707,14,10,-4.589901924133301,0.012333240509033203,-0.027687034606933593,True,717,-0.007635517120361328,0.002414264678955078,-0.050070056915283205
389,1302,26,17,-4.742153167724609,0.021631059646606447,-0.01073866844177246,True,-1,,,
389,1533,30,7,-2.783719539642334,-0.0024784135818481444,-0.004883613586425781,False,-1,,,
390,706,14,17,-4.823626518249512,0.007342920303344726,0.013864660263061523,True,717,-0.00372370719909668,-0.001231374740600586,0.004029407501220703
393,1932,38,3,-2.7908127307891846,-8.07046890258789e-05,0.013151898384094238,False,-1,,,
394,888,17,6,-2.571690320968628,0.006102738380432129,-0.04786976337432861,False,-1,,,
394,2261,45,6,-5.383864879608154,-0.06640058994293213,-0.011807775497436524,False,-1,,,
396,514,10,5,-2.326808214187622,-0.01931626081466675,-0.01369234561920166,False,-1,,,
396,969,19,2,-4.587760925292969,-0.024783334732055663,0.018616809844970703,False,956,-0.015176925659179687,-0.011011848449707031,0.03923506736755371
396,2205,44,3,-2.5426995754241943,-0.02760293960571289,-0.0006522560119628907,False,-1,,,
396,2335,46,2,-5.323260307312012,0.005149335861206055,0.008609619140625,False,2315,0.01161585807800293,0.025045814514160155,-0.00996967315673828
402,1585,31,12,-4.596475601196289,-0.043442363739013674,0.01924962043762207,False,-1,,,
404,601,12,12,-5.367832660675049,-0.042242822647094724,-0.0058695411682128905,False,-1,,,
404,2064,41,8,-4.346700191497803,-0.013688793182373047,-0.031937150955200194,False,-1,,,
407,720,14,16,-3.8527286052703857,0.017745680809020996,-0.03895164012908935,False,-1,,,
409,739,14,3,-5.1708550453186035,0.005050239562988282,-0.015230045318603516,True,-1,,,
411,1196,23,5,-1.007510781288147,-0.002713310718536377,-0.0311067795753479,False,-1,,,
413,310,6,9,-3.8317818641662598,-0.020853333473205567,0.021523532867431642,False,-1,,,
413,773,15,7,-3.576545476913452,-0.03887545108795166,0.0097013521194458,False,-1,,,
414,1005,20,3,-4.403663158416748,0.028626203536987305,-0.020985174179077148,False,-1,,,
417,1042,20,13,-5.9742536544799805,-0.033090972900390626,0.0,True,-1,,,
420,2044,40,4,-2.4194960594177246,-0.00015718460083007812,-0.005707330703735351,False,-1,,,
420,2228,44,3,-3.0949742794036865,0.003598489761352539,0.0031409549713134768,False,2224,0.0006818532943725586,0.004954619407653809,-0.004730300903320312
421,985,19,5,-4.8985724449157715,-0.02404942989349365,0.0058867263793945315,False,-1,,,
423,1058,21,2,-1.8001205921173096,-0.008627643585205078,-0.04723940372467041,False,-1,,,
423,1089,21,8,-5.862149238586426,-0.08101577758789062,0.00028135299682617186,True,-1,,,
423,1405,28,2,-4.7002177238464355,-0.017232112884521485,-0.0019240951538085937,False,-1,,,
425,1650,33,3,-5.8431596755981445,0.0015953826904296876,0.010116043090820313,True,1681,-0.0027631282806396484,0.023497276306152344,-0.017739744186401365
427,189,3,8,-5.9742536544799805,-0.038289604187011717,8.544921875e-06,True,-1,,,
427,2069,41,4,-2.5313515663146973,0.0004555940628051758,-0.01869929790496826,False,-1,,,
432,422,8,6,-3.8373546600341797,0.019714298248291014,-0.03809165954589844,False,-1,,,
433,973,19,3,-0.9577151536941528,0.019823534488677977,-0.006959412097930908,False,-1,,,
433,2437,48,4,-4.348723888397217,-0.024249796867370606,-0.029524545669555664,False,-1,,,
434,2399,47,3,-3.7283542156219482,-0.03848321914672852,-0.02563478946685791,False,-1,,,
435,303,6,13,-4.867790222167969,0.022129268646240235,-0.001857433319091797,True,-1,,,
436,43,0,4,-3.280912399291992,-0.03657138109207153,-0.045859756469726565,False,-1,,,
442,2457,49,14,-5.208756446838379,-0.07235670566558838,-0.010637741088867187,False,-1,,,
445,457,9,10,-5.9742536544799805,-0.03108938217163086,0.008959321975708008,True,-1,,,
449,869,17,11,-5.646714687347412,0.006550779342651367,0.0063940143585205075,True,-1,,,
452,115,2,2,-0.5951898694038391,0.013227862119674683,-0.00047036647796630857,False,-1,,,
452,662,13,2,-5.761325836181641,-0.026521043777465822,0.004298810958862305,True,-1,,,
453,82,1,2,-1.7170546054840088,0.010362057685852051,0.027963348031044007,False,-1,,,
453,212,4,2,-5.495720863342285,-0.027598133087158205,0.014706001281738282,False,210,0.0048488140106201175,0.010645132064819336,0.036507816314697274
456,881,17,2,-5.724186420440674,-0.0059807682037353515,-8.480072021484375e-05,True,-1,,,
456,2206,44,2,-4.517655372619629,-0.03990303993225098,0.013058943748474121,False,-1,,,
459,2106,42,2,-4.053131103515625,0.019094200134277345,-0.020923099517822265,False,-1,,,
459,2300,46,2,-5.313694477081299,-0.0040958976745605466,-0.0026670646667480468,False,2303,0.006729221343994141,0.005736904144287109,0.0024211502075195315
465,114,2,16,-2.5995218753814697,-0.03265037178993225,0.005442848205566406,False,-1,,,
468,950,19,2,-5.5018157958984375,0.00860001564025879,0.008435306549072265,True,996,-0.003896799087524414,-0.004063634872436523,2.126693725584654e-06
468,1067,21,16,-3.599691867828369,-0.04554322242736816,0.011258664131164551,False,-1,,,
468,2397,47,2,-3.237626552581787,-0.004412603378295898,-0.02781500816345215,False,-1,,,
470,1401,28,4,-4.0769267082214355,-0.021074614524841308,-0.02133218765258789,False,-1,,,
473,1355,27,6,-4.0095624923706055,-0.0591797661781311,-0.035394535064697266,False,-1,,,
474,1489,29,12,-2.7217559814453125,-0.025737180709838867,-0.004649372100830078,False,-1,,,
474,1927,38,10,-5.9742536544799805,-0.0506662654876709,0.0021354484558105467,True,-1,,,
477,207,4,13,-4.6003851890563965,-0.02514578342437744,-0.00977320671081543,False,-1,,,
477,1852,37,5,-0.9432699084281921,0.0002728915214538574,-0.027343536615371703,False,-1,,,
477,2349,46,6,-5.139204025268555,0.016033687591552735,0.012760019302368164,True,2338,-0.003249177932739258,-0.0100457763671875,0.0035229301452636714
482,654,13,6,-3.235227584838867,-0.032762641906738284,-0.008187456130981445,False,-1,,,
482,956,19,7,-5.9742536544799805,-0.01775421142578125,0.0,True,951,-0.0006907463073730468,-0.004619483947753906,0.02168294906616211
482,1025,20,5,-0.8009647727012634,0.010188823938369751,2.0885467529296874e-06,False,-1,,,
485,1060,21,16,-5.5193352699279785,-0.016685800552368166,-0.006990594863891602,True,-1,,,
485,1283,25,16,-4.9703264236450195,0.015501995086669922,-0.01749370574951172,True,-1,,,
491,1405,28,2,-5.120715618133545,-0.004325437545776367,0.028784751892089844,False,-1,,,
491,2042,40,2,-4.447243690490723,-0.024728560447692872,0.03183099269866943,False,-1,,,
494,1538,30,10,-5.9742536544799805,-0.048665065765380856,0.03523484230041504,True,-1,,,
497,227,4,3,-2.2667486667633057,0.014039340019226075,-0.018967533111572267,False,-1,,,
497,1992,39,10,-5.361705303192139,0.012250967025756836,0.005842971801757813,True,-1,,,
499,824,16,2,-4.569131374359131,-5.0706863403320314e-05,-0.018060293197631836,True,-1,,,
499,2369,47,2,-1.175471305847168,0.03408362865447998,-0.007238078117370606,False,-1,,,
502,1442,28,2,-5.252774715423584,0.0059080696105957035,-0.010294237136840821,True,-1,,,
502,2309,46,2,-4.708293914794922,0.0074435615539550784,0.004901494979858399,False,-1,,,
504,405,8,8,-4.455750465393066,-0.04174704551696777,-0.0206417179107666,False,-1,,,
504,2060,41,11,-5.915913105010986,-0.037198934555053714,0.001247873306274414,True,2091,-0.00019024848937988282,0.009589710235595704,0.02866684913635254
510,2359,47,5,-3.973233461380005,-0.03812822341918945,0.010069670677185059,False,-1,,,
511,212,4,2,-4.6122002601623535,0.006566562652587891,0.0013070297241210937,False,210,0.02168215751647949,0.0073636436462402345,0.00905898094177246
511,717,14,2,-4.18093729019165,0.03222011566162109,-0.011203317642211915,True,747,-0.031367826461791995,-0.003971834182739258,-0.07081942558288574
514,705,14,15,-4.134037971496582,0.036100664138793946,0.013266720771789552,True,732,-0.0031185531616210937,-0.011760139465332031,-0.014192357063293456
516,1581,31,6,-3.1764087677001953,-0.006310653686523437,-0.00989616870880127,False,-1,,,
516,2022,40,2,-3.515644073486328,0.012824525833129883,-0.0013269805908203126,False,-1,,,
516,2356,47,2,-5.9742536544799805,-0.04179917812347412,0.016270837783813476,True,-1,,,
518,437,8,10,-1.528203010559082,-0.00786008358001709,-0.04584156036376953,False,-1,,,
522,1034,20,2,-5.474171161651611,0.004978246688842773,-0.010001649856567383,False,-1,,,
522,1655,33,2,-5.475831508636475,0.009968442916870117,-0.009968442916870117,True,-1,,,
525,2484,49,13,-4.891262054443359,0.02165983200073242,-0.002064485549926758,True,-1,,,
527,1137,22,5,-0.7796381115913391,0.031396745443344115,-0.01904725193977356,False,-1,,,
528,11,0,2,-1.2849822044372559,-0.009799211025238038,-0.03243089199066162,False,-1,,,
528,1847,36,2,-0.45200589299201965,-0.0010056507587432862,-0.020003218054771423,False,-1,,,
528,2185,43,10,-0.5722509026527405,0.004202713966369629,-0.010442951917648316,False,-1,,,
530,1501,30,8,-3.3990907669067383,-0.03143348932266235,-0.0008248519897460937,False,-1,,,
531,245,4,2,-2.4621737003326416,-0.010550699234008788,4.2390823364257815e-06,False,209,0.005302472114562988,0.0013189077377319335,0.014538502693176268
531,981,19,2,-5.690674304962158,-0.010141277313232422,-0.004164333343505859,False,-1,,,
532,2264,45,10,-3.127255439758301,-0.04616835117340088,-0.01724673271179199,False,-1,,,
534,1200,24,10,-5.477759838104248,-0.04199453353881836,0.013435897827148437,False,-1,,,
535,1320,26,12,-5.447803020477295,0.01052901268005371,0.015945625305175782,True,-1,,,
538,1218,24,9,-1.4379969835281372,0.013633749485015868,0.00529834508895874,False,-1,,,
539,998,19,2,-1.0033098459243774,0.004974937438964844,0.010026552677154542,False,-1,,,
539,1025,20,2,-0.9125528335571289,0.00043158888816833494,-0.02193061828613281,False,-1,,,
541,192,3,7,-5.737372875213623,-0.00039058685302734375,0.03528040885925293,True,-1,,,
542,1985,39,8,-3.6667160987854004,0.026942920684814454,-0.003690762519836426,False,-1,,,
545,1627,32,6,-3.825455904006958,0.03859650135040283,-0.02940091609954834,True,-1,,,
546,239,4,5,-5.877269268035889,-0.022181272506713867,0.006459932327270507,True,-1,,,
547,1932,38,7,-5.522386074066162,-0.027851696014404296,-0.006197156906127929,False,-1,,,
548,2493,49,17,-5.645660877227783,-0.05407021522521973,-0.003356647491455078,False,-1,,,
549,2265,45,4,-0.7945234775543213,0.037096867561340334,-0.015265803337097168,False,-1,,,
551,1692,33,2,-0.5679263472557068,0.003002854585647583,-0.010642763376235962,False,-1,,,
551,1951,39,2,-0.9888576865196228,9.5062255859375e-05,-0.022161561250686645,False,-1,,,
551,2196,43,8,-5.9742536544799805,-0.03735050201416015,0.0,True,-1,,,
553,1630,32,5,-3.941166877746582,-0.005394763946533203,0.0010757923126220703,False,-1,,,
558,2101,42,12,-1.5873385667800903,0.017038161754608153,-0.014502918720245362,False,-1,,,
560,884,17,17,-1.0382245779037476,0.000899965763092041,-0.012102406024932861,False,-1,,,
561,213,4,4,-2.053720712661743,0.01271535873413086,0.009361059665679931,False,237,0.004617948532104493,-0.00951685905456543,0.010780508518218993
563,266,5,6,-4.7352118492126465,0.020311031341552734,-0.010549869537353516,True,-1,,,
564,2330,46,14,-3.770535707473755,0.022931437492370605,-0.0021549177169799803,False,2342,0.03898985385894775,-0.0026808452606201173,0.01658434391021728
567,347,6,4,-5.9742536544799805,-0.010504388809204101,0.0060806465148925785,True,-1,,,
567,894,17,5,-3.6034584045410156,-0.001991448402404785,-0.016997308731079103,False,-1,,,
568,700,14,6,-4.970417499542236,0.012798709869384766,-0.019226436614990235,True,-1,,,
569,1786,35,2,-5.428171157836914,0.010921649932861328,-0.009750909805297851,True,1793,-0.0071865272521972655,-0.0029021453857421874,-0.024956941604614258
569,2069,41,2,-3.211416721343994,-0.0010130023956298828,-0.024393301010131836,False,-1,,,
571,759,15,12,-4.581120014190674,-0.06608771085739136,0.01659954071044922,False,-1,,,
573,2235,44,5,-5.594511032104492,-0.003428211212158203,0.004013757705688476,True,2205,-0.015733327865600586,-0.0009707069396972656,-0.007320652008056641
574,1649,32,16,-5.8920698165893555,-0.08536483526229859,0.0013215160369873047,False,-1,,,
575,924,18,11,-1.7473820447921753,0.020430519580841064,-0.06092291116714477,False,-1,,,
577,1125,22,2,-5.469532012939453,-0.0002927398681640625,-0.0030939006805419922,True,-1,,,
577,1571,31,3,-4.974499702453613,0.01883758544921875,-0.004656705856323242,True,-1,,,
577,2434,48,2,-5.77140474319458,-0.019425449371337892,0.010673885345458984,False,-1,,,
580,723,14,12,-4.3645853996276855,0.006815547943115234,-0.0321933650970459,True,-1,,,
581,2496,49,19,-4.682557582855225,0.017211799621582032,-0.013533716201782226,True,-1,,,
583,597,11,10,-5.218689918518066,-0.0827121114730835,-0.0032292938232421874,False,-1,,,
583,973,19,6,-4.380556106567383,-0.056577873229980466,-0.002194499969482422,False,-1,,,
588,1356,27,10,-4.653513431549072,-0.0758631944656372,0.040680465698242185,False,-1,,,
588,1702,34,6,-2.4414820671081543,0.005996665954589844,-0.0517458438873291,False,-1,,,
589,1236,24,9,-2.936570882797241,-0.036534061431884764,-0.004283943176269531,False,-1,,,
590,747,14,6,-5.882688045501709,-0.014471216201782227,0.006230354309082031,True,-1,,,
596,732,14,17,-5.671127796173096,-0.018441009521484374,0.001349945068359375,True,736,-0.060224781036376955,0.00635162353515625,-0.04678544998168945
598,919,18,12,-3.4861679077148438,-0.02845846176147461,-0.04408847808837891,False,-1,,,
600,257,5,2,-1.0653154850006104,-0.0016327464580535888,0.008604388236999511,False,-1,,,
600,773,15,2,-3.4655585289001465,-0.05125398874282837,-0.011556110382080077,False,-1,,,
600,1025,20,3,-2.5913994312286377,-0.0237471604347229,-0.01708202838897705,False,-1,,,
603,1044,20,3,-4.950390815734863,0.0065185546875,-0.015149908065795898,False,-1,,,
606,519,10,7,-2.5215184688568115,-0.03188944339752197,0.023473947048187255,False,-1,,,
606,1058,21,14,-5.513630390167236,0.00044567108154296874,-0.005462770462036133,True,-1,,,
609,1681,33,10,-5.9742536544799805,-0.00589468002319336,0.0005962848663330078,True,-1,,,
613,2042,40,8,-2.7968225479125977,0.018215036392211913,0.009631218910217286,False,-1,,,
613,2405,48,18,-4.119256973266602,-0.045737318992614746,-0.003097658157348633,False,-1,,,
617,166,3,6,-5.9742536544799805,-0.03857978820800781,0.02015467643737793,True,-1,,,
617,238,4,2,-4.05259895324707,-0.023548450469970703,-0.0024959850311279297,False,214,-0.015168323516845703,0.016328763961791993,-0.010444622039794918
617,513,10,2,-5.467060089111328,-0.008998746871948243,-0.006216936111450196,True,-1,,,
617,1441,28,2,-5.512490272521973,-0.017811965942382813,0.005694103240966797,True,-1,,,
617,2448,48,2,-5.467877388000488,0.005617103576660156,-0.004742021560668945,True,-1,,,
622,1352,27,13,-4.740955352783203,-0.004538345336914063,-0.024665966033935546,False,-1,,,
625,1491,29,22,-3.154819965362549,-0.02660501718521118,-0.013489346504211425,False,-1,,,
625,1778,35,7,-5.9742536544799805,0.0,0.0016640853881835938,True,1793,0.0023212337493896482,-0.004171037673950195,0.008156356811523437
626,772,15,7,-1.1780062913894653,-0.0004915380477905273,-0.03238173246383667,False,-1,,,
628,2317,46,2,-2.5793886184692383,-0.0075584125518798825,-0.002772665023803711,False,2325,-0.024827630519866944,0.004428067207336426,-0.024469950199127198
628,2356,47,2,-5.637426376342773,-0.014291133880615235,-0.001734018325805664,True,-1,,,
629,2473,49,8,-5.82081937789917,-0.0021915245056152344,-0.00038828849792480467,True,-1,,,
630,2490,49,11,-5.9742536544799805,-0.02538013458251953,0.012041778564453124,True,-1,,,
636,2205,44,5,-5.719199180603027,-0.002741556167602539,-0.003487739562988281,True,-1,,,
637,26,0,13,-4.856520175933838,-0.05843561887741089,-0.015378541946411133,False,-1,,,
637,893,17,9,-5.93095588684082,-0.028603029251098634,0.010682630538940429,True,-1,,,
637,2333,46,2,-2.362992525100708,0.007350234985351562,0.016139752864837646,False,2325,-0.016453561782836915,0.005836896896362305,-0.013500940799713135
637,2425,48,2,-2.116220712661743,0.012768568992614747,-0.01145315647125244,False,2441,-0.010963220596313477,-0.019519362449645996,-0.015665583610534668
638,1946,38,11,-3.90310001373291,0.03767553329467774,-0.02520072937011719,True,-1,,,
639,939,18,11,-4.777987480163574,-0.029448156356811524,0.00042982101440429686,False,-1,,,
642,237,4,2,-3.531263828277588,-0.02861170768737793,-0.013886098861694335,False,214,-0.006314339637756347,0.02316558837890625,-0.014754319190979004
642,1826,36,2,-4.196432113647461,-0.018761296272277832,-0.013854227066040038,False,1840,-0.013147659301757812,-0.016852474212646483,0.008611884117126465
648,972,19,2,-4.3482346534729,0.02806624412536621,0.0027398204803466795,True,-1,,,
648,2185,43,2,-1.0997215509414673,-0.009325671195983886,-0.018400237560272217,False,-1,,,
651,1953,39,15,-2.469965696334839,0.05662559986114502,-0.0047230195999145505,False,-1,,,
652,2224,44,2,-3.0291213989257812,-0.02533544063568115,-0.00508730411529541,False,-1,,,
652,2303,46,2,-4.899470806121826,0.013528318405151367,-0.0010287857055664062,False,2347,0.007644567489624023,-0.0004563713073730469,-0.006456165313720702
653,1407,28,13,-5.1190948486328125,0.012278890609741211,-0.00554896354675293,True,1437,0.0039542198181152345,-0.011974115371704102,-0.0018995189666748055
653,1802,36,2,-4.030251979827881,0.003814964294433594,-0.012158050537109374,False,-1,,,
653,1989,39,2,-2.633525848388672,0.0031725740432739257,-0.0358643913269043,False,-1,,,
654,275,5,5,-5.949975490570068,-0.029798192977905272,0.014584598541259765,True,-1,,,
654,2328,46,2,-4.849365711212158,-0.021578989028930663,-0.011475343704223633,False,2347,0.005784521102905274,0.002101755142211914,0.01378641128540039
654,2451,49,2,-2.4401583671569824,-0.0025438308715820313,-0.015414228439331054,False,-1,,,
655,2091,41,5,-5.511140823364258,0.0006402778625488281,0.020831222534179687,True,-1,,,
656,1843,36,3,-2.422440767288208,0.025833563804626467,-0.007705163955688476,False,-1,,,
657,421,8,11,-2.7819948196411133,-0.009650745391845704,-0.019400191307067872,False,-1,,,
658,635,12,6,-4.751776695251465,0.02049478530883789,-0.017338781356811522,True,-1,,,
660,710,14,18,-4.427038192749023,0.01744415283203125,-0.022030410766601564,True,736,0.025895395278930665,-0.00011110305786132812,-0.013468065261840821
662,249,4,14,-3.217611312866211,0.006392230987548828,0.01231255054473877,False,204,0.0024897289276123048,-0.007198448181152344,0.015608496665954591
664,1907,38,6,-1.0422515869140625,0.027103443145751954,0.013459974527359008,False,-1,,,
666,1885,37,13,-5.9742536544799805,-0.09172863483428956,0.0,True,1856,-0.04759098052978516,0.03097587585449219,0.013161778450012207
670,773,15,14,-1.6581796407699585,0.05514820337295532,-0.028307368755340578,False,-1,,,
676,370,7,14,-3.1866745948791504,0.038617401123046874,-0.022172231674194336,False,-1,,,
677,1137,22,13,-2.3023781776428223,0.03785952568054199,0.022265992164611816,False,-1,,,
679,1259,25,5,-5.9742536544799805,-0.004850444793701172,0.037740592956542966,True,-1,,,
682,291,5,10,-4.454552173614502,0.020403881072998047,0.018069944381713866,True,-1,,,
683,994,19,11,-4.378344535827637,0.002607603073120117,0.00777350902557373,False,951,0.012629690170288086,-0.02195338249206543,0.03974897861480713
684,2465,49,6,-4.426797389984131,-0.011537108421325683,0.0026332950592041016,False,-1,,,
688,662,13,13,-5.65398645401001,-0.01623082160949707,-0.004343862533569336,True,-1,,,
691,884,17,13,-2.621126890182495,-0.044956302046775816,-0.017308049201965332,False,-1,,,
691,1852,37,12,-3.6718225479125977,-0.04106701612472534,-0.003173542022705078,False,-1,,,
693,1793,35,11,-4.789557933807373,0.019195642471313477,-0.0010673046112060548,True,1784,-0.005330286026000977,0.009603643417358398,-0.03519687652587891
694,622,12,9,-4.194389343261719,-0.06632684230804443,-0.024755582809448243,False,-1,,,
695,1534,30,7,-5.9742536544799805,-0.031200857162475587,0.015842695236206055,True,-1,,,
705,144,2,5,-4.380681991577148,0.011555595397949219,-0.010350532531738281,False,-1,,,
705,1437,28,8,-5.882419586181641,-0.02260845184326172,0.0065317535400390625,False,-1,,,
707,11,0,13,-4.8045268058776855,0.012897138595581054,-0.0233945369720459,True,-1,,,
709,278,5,17,-3.6871743202209473,0.04574158668518066,0.0181723690032959,True,-1,,,
711,236,4,2,-5.688011646270752,0.0018888568878173827,0.009867773056030274,True,202,-0.01167999267578125,0.003439607620239258,-0.007140684127807618
711,1840,36,2,-5.9742536544799805,-0.009130334854125977,0.00530630111694336,True,-1,,,
713,2229,44,2,-2.8168718814849854,-0.01077242374420166,0.00032044410705566405,False,-1,,,
713,2325,46,2,-1.3767178058624268,0.015873026847839356,0.0005750465393066406,False,-1,,,
715,289,5,2,-5.125096321105957,0.006077280044555664,-0.00484013557434082,True,263,0.017459344863891602,0.0033032035827636717,0.0032387256622314464
715,1077,21,2,-5.968351364135742,0.00011804580688476563,0.025475549697875976,True,-1,,,
720,214,4,11,-4.761342525482178,-0.03010007381439209,0.024631757736206055,False,-1,,,
720,274,5,2,-4.522846698760986,0.023589382171630858,0.015791640281677247,True,-1,,,
720,358,7,11,-3.437608003616333,-0.029281628131866456,-0.037162985801696774,False,-1,,,
720,2139,42,2,-5.459075927734375,-0.03624650001525879,0.04127988815307617,False,2129,-0.00916604995727539,-0.0036278343200683593,0.07198817253112792
721,1695,33,12,-0.7914186716079712,0.026731050014495848,-0.006471786499023437,False,-1,,,
726,1777,35,2,-3.134845018386841,-0.015512862205505372,-0.03683652400970459,False,-1,,,
726,2120,42,2,-4.567705154418945,-0.010991430282592774,-0.011722068786621093,False,-1,,,
728,1027,20,7,-5.872520446777344,-0.0024828624725341795,0.0413810396194458,True,-1,,,
729,293,5,10,-2.8757925033569336,0.025161800384521486,0.0035296916961669923,False,267,0.022512164115905762,-0.015040087699890136,0.015920143127441406
729,2145,42,8,-5.914222240447998,-0.03299027442932129,0.015103597640991211,False,2129,-0.024476327896118165,-0.0006919097900390625,0.0243094539642334
733,904,18,9,-4.346334457397461,-0.04898372173309326,0.02312026023864746,False,-1,,,
741,1952,39,3,-4.0577006340026855,0.012525796890258789,-0.027615690231323244,False,-1,,,
747,155,3,10,-5.339603424072266,-0.03905338287353516,-0.007366933822631836,True,-1,,,
747,996,19,2,-5.038717746734619,0.01854541778564453,-0.007681608200073242,True,951,-0.013457651138305665,0.006391372680664063,-0.0460760498046875
747,1828,36,2,-5.389636516571045,-0.021790637969970703,0.00621011734008789,False,-1,,,
748,998,19,11,-1.0186678171157837,-5.46717643737793e-05,0.005757124423980713,False,-1,,,
749,934,18,16,-1.991947054862976,-0.018070106506347657,0.01188326120376587,False,-1,,,
749,1951,39,2,-5.035450458526611,-0.023007678985595702,0.00014928817749023437,False,-1,,,
749,2086,41,2,-2.9355316162109375,-0.009455094337463379,-0.006015663146972656,False,-1,,,
750,1327,26,5,-0.7774690985679626,0.044524065256118774,-0.00679930329322815,False,-1,,,
751,2369,47,8,-5.563046455383301,-0.007826471328735351,0.013615608215332031,True,-1,,,
755,1148,22,7,-5.850805759429932,-0.027774791717529296,0.026800928115844728,True,-1,,,
757,38,0,13,-2.6214098930358887,-0.012022719383239747,0.04248893678188324,False,-1,,,
758,2166,43,3,-4.118856906890869,-0.059803569316864015,-0.02566584587097168,False,-1,,,
761,2224,44,2,-2.977771520614624,0.02337252140045166,-0.006323375701904297,False,-1,,,
761,2313,46,2,-4.4904022216796875,-0.00963761329650879,-0.012660999298095704,False,-1,,,
764,1997,39,6,-5.442991256713867,0.010625247955322265,0.0034756374359130857,True,1950,-0.028541011810302733,0.01357809066772461,-0.04926871299743653
767,202,4,3,-5.6340436935424805,0.00019141197204589845,0.00750971794128418,True,-1,,,
768,1160,23,7,-5.972146034240723,-0.018241233825683593,0.013786544799804687,True,-1,,,
771,736,14,18,-5.38222599029541,-0.021967058181762696,-0.007327947616577148,True,-1,,,
771,1036,20,8,-2.9927093982696533,-0.02955556392669678,0.021069364547729494,False,-1,,,
771,1457,29,2,-1.627435564994812,-0.024927274584770204,-0.008403489589691162,False,-1,,,
771,2441,48,2,-5.563447952270508,-0.043611583709716795,0.0242332649230957,False,-1,,,
773,2449,48,9,-3.1374566555023193,-0.016867589950561524,-0.016267275810241698,False,-1,,,
775,238,4,2,-5.488697052001953,-0.030484561920166017,-0.005288429260253906,True,-1,,,
775,1014,20,2,-4.760735034942627,0.023153085708618164,-0.011183156967163085,True,-1,,,
775,1856,37,11,-5.810236930847168,-0.027546939849853517,0.0001067352294921875,False,-1,,,
776,2022,40,9,-5.9742536544799805,-0.012956047058105468,0.025271492004394533,True,-1,,,
780,665,13,2,-3.0805678367614746,-0.02523148775100708,-0.03404764175415039,False,674,0.012366046905517578,0.02524255037307739,-0.021692657470703126
780,1405,28,2,-2.7778773307800293,0.01218989372253418,-0.0007161855697631836,False,-1,,,
780,1523,30,7,-5.87598991394043,-0.0014711570739746093,-0.001587514877319336,True,-1,,,
790,454,9,2,-3.1885838508605957,-0.003534383773803711,-0.01962101936340332,False,-1,,,
790,1864,37,2,-0.6333223581314087,0.05414039373397827,0.003591970205307007,False,-1,,,
792,2451,49,5,-5.9742536544799805,-0.02321390151977539,0.0020637989044189455,True,-1,,,
800,1697,33,8,-3.656834602355957,0.040974607467651365,-0.005625672340393066,True,-1,,,
800,1795,35,2,-4.687260150909424,-0.026357498168945313,-0.010217552185058593,False,-1,,,
800,2342,46,2,-5.366745471954346,0.005524129867553711,0.01081390380859375,True,2349,-0.0071478462219238285,-0.007196722030639649,0.00533864974975586
801,644,12,9,-2.9485318660736084,-0.04075347304344177,0.0066894149780273434,False,-1,,,
801,1057,21,6,-3.9679484367370605,-0.04406282901763916,-0.0033200454711914064,False,-1,,,
803,1066,21,2,-4.21527099609375,0.01768888473510742,-0.028511428833007814,True,-1,,,
803,1374,27,2,-5.547499656677246,-0.059147486686706545,0.024743680953979493,True,-1,,,
803,1411,28,2,-2.3384222984313965,-0.014538562297821045,0.019373869895935057,False,-1,,,
803,2411,48,2,-1.333917260169983,-0.004241907596588134,-0.022804906368255617,False,-1,,,
805,2108,42,19,-4.642377853393555,0.026637516021728515,-0.01876996994018555,True,2129,0.02547989845275879,0.06474087715148925,-0.08466846466064452
807,1101,22,6,-1.7871999740600586,-0.0013907146453857422,0.000947873592376709,False,-1,,,
817,2455,49,9,-4.977522850036621,-0.06722217559814453,-0.011373310089111329,False,-1,,,
821,2328,46,12,-4.8977227210998535,0.02153061866760254,-0.005284595489501953,True,-1,,,
822,1178,23,7,-5.661483287811279,-0.0009572982788085937,-0.006255407333374024,True,-1,,,
824,1287,25,10,-2.6660561561584473,-0.02483325242996216,-0.029596805572509766,False,-1,,,
829,124,2,3,-5.4528913497924805,0.01042724609375,-0.007132577896118164,True,-1,,,
832,1621,32,13,-5.9742536544799805,-0.03464489936828613,0.0027028751373291016,True,-1,,,
833,14,0,2,-4.863228797912598,-0.03382973670959473,0.01382826805114746,False,-1,,,
833,263,5,2,-3.9001500606536865,0.013888955116271973,0.019402785301208494,False,267,-0.007693548202514649,0.012794251441955567,-0.014973969459533693
833,571,11,12,-3.0460832118988037,0.04003246784210205,0.012597661018371582,True,-1,,,
834,1355,27,2,-2.031993865966797,0.002517542839050293,-0.001834712028503418,False,-1,,,
834,2243,44,2,-1.4903085231781006,0.005108344554901123,-0.021628551483154297,False,-1,,,
836,2303,46,15,-4.787590503692627,0.023685169219970704,-0.0037183666229248045,True,2321,0.022291345596313475,-0.014925308227539062,0.009813117980957027
838,828,16,4,-3.291572332382202,-0.007992520332336425,-0.005030145645141601,False,-1,,,
844,1156,23,2,-4.321822166442871,-0.0386530065536499,0.06107794046401978,False,-1,,,
844,2309,46,2,-4.917534828186035,0.007972040176391602,0.024677162170410157,False,2321,0.01961881637573242,-0.019188241958618166,0.055512180328369146
847,1833,36,7,-3.968275308609009,0.006797232627868652,0.02294675350189209,False,-1,,,
848,1351,27,9,-4.71475076675415,-0.05934665203094482,-0.0072523880004882815,False,-1,,,
850,357,7,2,-5.459888935089111,-0.006009683609008789,0.013277521133422851,False,-1,,,
850,2419,48,2,-5.974053382873535,-0.01583629608154297,0.012487831115722657,True,-1,,,
853,906,18,10,-4.560384273529053,-0.04630345344543457,0.003452472686767578,False,-1,,,
860,115,2,19,-3.763456344604492,-0.02958230972290039,-0.018351268768310548,False,-1,,,
861,440,8,2,-5.9742536544799805,0.0,0.0,True,-1,,,
861,1826,36,2,-4.987895488739014,-0.02022292137145996,-0.007055864334106445,False,-1,,,
862,360,7,8,-5.530725002288818,0.0018292999267578126,-0.008870573043823242,True,-1,,,
865,1596,31,8,-5.833943843841553,-0.07313774108886718,0.006036653518676758,True,-1,,,
866,181,3,2,-2.4076526165008545,0.005671868324279785,-0.011907978057861328,False,-1,,,
866,972,19,20,-5.9742536544799805,-0.04234401226043701,0.004324922561645508,True,981,-0.02759577751159668,0.03069538116455078,-0.011622223854064938
866,2425,48,2,-3.9724278450012207,-0.027721848487854004,0.004977612495422363,False,2448,0.0008317756652832031,-0.028480186462402343,0.062011423110961916
868,447,8,4,-2.5957236289978027,-0.011663527488708495,-0.011761913299560547,False,-1,,,
870,341,6,2,-5.133791923522949,-0.03859555721282959,0.0245453405380249,False,-1,,,
870,1959,39,2,-0.7849757671356201,-0.005029089450836181,0.00037071943283081057,False,-1,,,
874,2058,41,13,-5.637009620666504,-0.04493974685668945,-0.0029941749572753905,False,-1,,,
874,2185,43,14,-4.76994514465332,-0.048251404762268066,-0.021470556259155272,False,-1,,,
875,1105,22,11,-0.4239116311073303,0.011511379480361938,-0.0025650298595428465,False,-1,,,
877,869,17,18,-4.568972587585449,-0.08550510644912719,-0.023580989837646484,False,-1,,,
879,209,4,2,-4.116985321044922,-0.014929265975952148,-0.004660463333129883,False,-1,,,
879,1192,23,16,-4.860342979431152,-0.06272431135177613,-0.01964348793029785,False,-1,,,
879,2086,41,2,-4.789277076721191,-0.044656715393066405,-0.005560178756713868,False,-1,,,
884,2173,43,12,-4.795068740844727,-0.034925289154052734,0.012575407028198243,False,-1,,,
887,674,13,5,-2.805013656616211,-0.03342020034790039,0.04201007723808289,False,-1,,,
898,2346,46,3,-4.112891674041748,-0.02057093143463135,0.015917735099792482,False,-1,,,
900,244,4,2,-5.8088908195495605,-0.022593050003051757,0.00047733306884765623,True,204,-0.00815664291381836,0.004870824813842774,0.01004291534423828
900,831,16,5,-5.7659149169921875,0.00416677474975586,-0.0031826305389404297,True,-1,,,
900,2309,46,2,-3.4130258560180664,0.024827032089233397,-0.0011620712280273437,False,-1,,,
904,245,4,5,-5.935939311981201,-0.004414482116699219,0.00615997314453125,True,204,-0.005169172286987305,0.012533578872680664,-0.007128295898437501
904,454,9,8,-2.5704057216644287,0.03690985202789307,-0.018472685813903808,False,-1,,,
906,1442,28,2,-5.178200721740723,-0.004596357345581055,-0.00495417594909668,False,-1,,,
906,2330,46,2,-3.1286098957061768,0.00195587158203125,-0.012890915870666503,False,2333,-0.006507658958435058,-0.015033965110778808,-0.006320481300354005
919,1819,36,2,-3.8529105186462402,-0.03040249824523926,-0.0312465763092041,False,-1,,,
919,2202,44,2,-2.4050278663635254,0.003785581588745117,-0.02179771423339844,False,-1,,,
926,1904,38,5,-3.9981634616851807,-0.01961049556732178,-0.005039019584655762,False,-1,,,
935,2120,42,2,-5.9742536544799805,-0.011204214096069335,4.8847198486328124e-05,True,-1,,,
935,2349,46,2,-5.774322509765625,0.0017604351043701172,0.004052114486694336,True,2347,-0.008525724411010743,0.00027115821838378905,-0.006505203247070313
940,696,13,3,-4.240861892700195,-0.050554747581481936,-0.017702465057373048,False,-1,,,
941,1899,37,7,-5.4936676025390625,0.009549970626831055,0.0022074699401855467,True,-1,,,
942,1156,23,8,-5.3674468994140625,-0.08396411418914795,-0.009812631607055665,False,-1,,,
944,2321,46,5,-4.075220584869385,0.036907596588134764,0.0011400032043457032,True,2306,0.01016981601715088,-0.008327994346618652,-0.01726978302001953
948,472,9,14,-5.8721699714660645,-0.05709811687469482,-0.0020416736602783202,False,-1,,,
949,1,0,9,-3.1912412643432617,-0.038263769149780275,-0.004963560104370117,False,-1,,,
950,262,5,11,-2.8870017528533936,0.009318575859069825,-0.02990736484527588,False,-1,,,
950,1105,22,11,-3.2404110431671143,-0.05742444932460785,-0.03440253734588623,False,-1,,,
952,385,7,2,-5.8388848304748535,-0.016685371398925782,-0.001088428497314453,True,-1,,,
952,2404,48,2,-2.345769166946411,-0.0038959455490112306,-0.03988328456878662,False,-1,,,
955,1396,27,17,-4.3545379638671875,-0.052392773628234864,0.006565761566162109,False,-1,,,
963,210,4,5,-4.820476531982422,0.01651108741760254,-0.010306253433227539,True,-1,,,
963,1676,33,3,-3.124546527862549,-0.012599945068359375,0.007839670181274414,False,1692,-0.0020706653594970703,-0.012566771507263184,0.0309357213973999
963,1777,35,3,-2.2479002475738525,0.020902132987976073,0.012512445449829102,False,-1,,,
967,832,16,11,-2.877333641052246,-0.017035303115844728,0.00046817779541015627,False,-1,,,
972,759,15,5,-5.785970687866211,-0.08187810897827148,0.024043693542480468,False,-1,,,
977,2492,49,8,-2.424264907836914,-0.002813282012939453,-0.03541092872619629,False,-1,,,
978,204,4,2,-5.808112621307373,-0.007662076950073243,-0.0033228206634521485,False,237,-0.0027605628967285155,0.016456851959228514,-0.014878158569335935
978,1374,27,2,-5.9742536544799805,-0.028912572860717772,0.0,True,-1,,,
984,1442,28,5,-5.9446916580200195,-0.009150724411010742,0.0041694831848144535,True,-1,,,
986,297,5,10,-1.1015993356704712,0.04671378850936889,0.005233527421951294,False,-1,,,
988,428,8,2,-2.8152647018432617,0.03799152374267578,-0.01675987720489502,False,-1,,,
988,1251,25,2,-4.905764579772949,-0.04041296482086182,0.002425212860107422,False,-1,,,
988,1724,34,5,-1.3111748695373535,-0.004677352905273438,-0.018806729316711426,False,-1,,,
991,1457,29,13,-1.8875246047973633,-0.0016928529739379883,-0.0816588306427002,False,-1,,,
994,505,10,10,-5.514039516448975,-0.06711685180664062,-0.009204282760620117,True,-1,,,
994,2089,41,8,-5.8296661376953125,-0.020155553817749024,0.0005007553100585938,True,-1,,,
995,38,0,4,-4.701561450958252,-0.0532285737991333,8.913993835449219e-05,False,-1,,,
995,1828,36,9,-4.550802230834961,0.027156038284301756,0.0036550140380859374,True,-1,,,
997,102,2,2,-5.9742536544799805,0.0,0.023796815872192383,True,-1,,,
997,274,5,2,-3.5206005573272705,-0.008261842727661133,-0.0029485034942626953,False,267,0.0018578720092773436,-0.01916114807128906,0.02633235931396484
997,1237,24,4,-2.0743842124938965,0.020468807220458983,0.0005517578125,False,1225,0.004028201103210449,-0.0179010009765625,0.0020121526718139687
999,739,14,2,-5.230501651763916,-0.015853738784790038,0.010228710174560547,False,-1,,,
999,951,19,2,-4.594545364379883,0.004731016159057617,0.017865934371948243,False,-1,,,
1000,1010,20,2,-3.7475249767303467,-0.054726781845092776,-0.02851229190826416,False,-1,,,
1000,2226,44,2,-2.1654422283172607,0.015675125122070314,-0.01824705123901367,False,-1,,,
1002,375,7,11,-4.060523509979248,-0.040859732627868656,-0.0013548088073730468,False,-1,,,
1004,1148,22,11,-4.938480854034424,-0.07896541833877563,-0.0014437103271484374,False,-1,,,
1005,1951,39,10,-4.551792621612549,0.02844922065734863,0.01655059814453125,True,1950,0.0067872428894042965,0.0031096363067626954,-0.008221015930175778
1007,2334,46,6,-4.169598579406738,0.03454706192016602,-3.177642822265625e-05,True,2315,-0.011105217933654786,-0.006435575485229492,-0.039248480796813964
1014,548,10,12,-5.347423076629639,-0.012754201889038086,0.04686676979064942,True,-1,,,
1016,2229,44,2,-4.0979485511779785,0.01560079574584961,0.016107873916625978,False,-1,,,
1016,2347,46,2,-5.453535556793213,0.007594108581542969,0.005371789932250976,False,2310,0.0005288505554199218,-0.007049560546875,0.005356092453002929
1018,357,7,8,-3.249458074569702,0.030073590278625488,-0.024812750816345215,False,-1,,,
1019,2225,44,16,-2.895613670349121,0.04671103477478027,-0.034606914520263675,False,-1,,,
1021,1066,21,3,-2.470299243927002,0.015550556182861329,-0.010776615142822266,False,-1,,,
1021,1779,35,2,-4.727764129638672,-0.01593505382537842,-0.012582788467407227,False,-1,,,
1021,2330,46,2,-4.191552639007568,0.0011856842041015625,-0.019593887329101563,False,-1,,,
1023,2390,47,3,-1.0697568655014038,0.0004808568954467773,-0.019056899547576903,False,-1,,,
1033,2129,42,19,-4.567558765411377,-0.014454083442687988,0.01711195945739746,False,2130,0.01893282890319824,-0.022790584564208984,0.07328945636749268
1041,1851,37,6,-0.8131452798843384,0.036167495250701905,-0.008192706108093261,False,-1,,,
1049,806,16,2,-5.846617221832275,-0.0014423847198486329,0.025953807830810548,True,-1,,,
1049,1411,28,2,-1.7306811809539795,-0.0015167737007141114,-0.004597799777984619,False,-1,,,
1050,1629,32,6,-1.9555929899215698,0.00768052339553833,-0.01649301767349243,False,-1,,,
1051,383,7,10,-5.9742536544799805,-0.05538625717163086,0.01239084243774414,True,-1,,,
1054,1101,22,13,-5.9742536544799805,-0.02924637794494629,0.005820598602294922,True,-1,,,
1055,263,5,11,-5.9742536544799805,-0.001368093490600586,0.017088031768798827,True,-1,,,
1055,2345,46,12,-3.6647350788116455,0.00025440216064453124,0.01304190158843994,False,-1,,,
1061,2333,46,2,-5.122642517089844,-0.02535757064819336,-0.003062553405761719,False,2306,0.0005897235870361328,0.007597875595092773,0.015286865234375
1061,2441,48,2,-4.803866386413574,0.014247512817382813,-0.01407888412475586,True,2411,0.01107757568359375,-0.01742155075073242,0.00017272949218749903
1062,1180,23,12,-2.862380266189575,-0.029516222476959227,-0.0442320966720581,False,-1,,,
1062,1692,33,8,-5.9742536544799805,-0.04791113376617431,0.031131553649902343,True,-1,,,
1072,1729,34,3,-3.0677855014801025,-0.0450970983505249,0.039296259880065916,False,-1,,,
1075,656,13,9,-1.2977018356323242,-0.0011878037452697754,-0.06683818817138672,False,-1,,,
1077,428,8,14,-5.62403678894043,-0.047678747177124024,-0.0070043373107910156,True,-1,,,
1079,2101,42,14,-4.505128383636475,-0.039380340576171874,0.011841773986816406,False,-1,,,
1081,715,14,2,-5.8451762199401855,0.0025815486907958983,0.002787752151489258,True,738,-0.042491612434387205,0.011072883605957031,-0.05335829257965088
1081,809,16,2,-3.6101555824279785,-0.032514972686767576,-0.015260448455810547,False,-1,,,
1082,1044,20,5,-3.414931058883667,-0.010573773384094239,-0.00926548957824707,False,-1,,,
1084,2147,42,4,-3.2007768154144287,-0.004943833351135254,-0.038215165138244626,False,-1,,,
1088,227,4,2,-1.220146656036377,-0.006352666616439819,-0.0023015856742858885,False,-1,,,
1088,2325,46,2,-0.9428519010543823,-0.009026910662651062,0.009196391701698304,False,-1,,,
1092,341,6,14,-2.179474115371704,0.05720164775848389,0.028207327127456664,True,-1,,,
1093,314,6,2,-3.91689133644104,-0.04208608150482178,-0.023827548027038573,False,-1,,,
1093,564,11,15,-5.9742536544799805,-0.01527247428894043,0.04581989288330078,True,-1,,,
1093,981,19,2,-5.681547164916992,0.0032753849029541014,0.00626434326171875,False,-1,,,
1096,1130,22,9,-5.9742536544799805,-0.0024853515625,0.0254959774017334,True,-1,,,
1098,228,4,2,-5.042431354522705,-0.023599233627319336,-0.012783203125,False,212,0.003224163055419922,-0.004759092330932618,0.018799285888671878
1098,1794,35,2,-3.5477373600006104,0.006691775321960449,-0.02271705150604248,False,-1,,,
1100,257,5,7,-5.005653381347656,0.018869943618774414,-0.019372005462646485,True,-1,,,
1100,1864,37,15,-4.504890441894531,-0.06269368171691894,0.010511932373046875,False,-1,,,
1102,2458,49,5,-3.9461662769317627,-0.056346921920776366,0.026904778480529787,False,-1,,,
1105,1241,24,13,-3.7889866828918457,-0.03681741237640381,0.03419747829437256,False,-1,,,
1112,1950,39,17,-5.9742536544799805,-0.0211398983001709,0.027266502380371094,True,-1,,,
1113,545,10,15,-4.460810661315918,-0.02671096324920654,-0.024909210205078126,False,-1,,,
1116,1540,30,6,-2.72369647026062,-0.03974004507064819,-0.009936914443969727,False,-1,,,
1119,267,5,17,-3.3707640171051025,0.04947842121124268,-0.0028474617004394533,False,-1,,,
1119,720,14,2,-5.523463726043701,-0.053508696556091306,0.01144536018371582,False,716,-0.007185049057006836,0.0004963016510009765,0.05727270603179932
1119,2180,43,2,-5.137290954589844,-0.059375901222229,-0.016739253997802735,False,-1,,,
1123,82,1,6,-1.7872140407562256,0.016053528785705568,0.0038397789001464845,False,-1,,,
1126,1551,31,2,-1.1278334856033325,0.01685110330581665,-0.00788163423538208,False,-1,,,
1126,1809,36,2,-0.44070959091186523,0.006429296731948852,-0.001342000961303711,False,-1,,,
1127,1391,27,11,-2.641786813735962,-0.023021605014801026,-0.03469679355621338,False,-1,,,
1128,2275,45,10,-1.7047964334487915,0.00026502609252929685,-0.01063713788986206,False,-1,,,
1129,14,0,12,-3.8173129558563232,0.042573313713073734,-0.031775927543640135,True,-1,,,
1137,2172,43,13,-2.0488176345825195,-0.017291805744171142,-0.020695176124572754,False,-1,,,
1141,2120,42,10,-5.899166584014893,-0.03980231285095215,0.03914417743682861,True,-1,,,
1148,1201,24,3,-5.858177185058594,-0.017411422729492188,0.014062461853027343,False,-1,,,
1149,17,0,2,-4.72127628326416,0.01045762062072754,-0.0005175590515136719,True,-1,,,
1149,2222,44,2,-5.3441643714904785,0.001541290283203125,0.002060222625732422,False,-1,,,
1150,806,16,14,-5.341312408447266,-0.022187862396240234,0.01942363739013672,False,-1,,,
1152,1847,36,4,-4.650435447692871,0.014062004089355469,0.009794340133666993,True,-1,,,
1155,356,7,7,-4.6367268562316895,0.013214883804321289,0.021918106079101562,True,-1,,,
1156,838,16,10,-5.224624156951904,-0.029208712577819824,-0.012083206176757812,False,-1,,,
1158,354,7,2,-3.934889554977417,0.03992653369903564,0.004922313690185547,False,-1,,,
1158,2320,46,2,-5.7019572257995605,-0.003897542953491211,0.010659770965576172,True,2338,-0.026111488342285157,0.008819847106933594,-0.02037402153015137
1159,2091,41,2,-5.415390968322754,0.011177253723144532,0.0019036006927490234,True,-1,,,
1159,2304,46,2,-5.80128288269043,-0.0022086429595947264,0.0204219913482666,True,2338,-0.024696407318115236,0.010435266494750977,-0.012501039505004887
1159,2315,46,11,-5.851643085479736,-0.022221240997314453,0.00034839630126953124,True,2310,-0.00862213134765625,0.0060174560546875,0.007930049896240235
1160,2130,42,12,-3.4995338916778564,0.04318686962127685,-0.0029999399185180664,True,-1,,,
1165,901,18,6,-2.7054660320281982,-0.029227373600006105,-0.018012642860412598,False,-1,,,
1169,422,8,15,-5.7115960121154785,-0.00160980224609375,0.03776288032531738,True,-1,,,
1170,2238,44,2,-5.643778324127197,0.006178951263427735,-0.0015740299224853516,True,-1,,,
1170,2306,46,2,-5.333058834075928,0.0033384037017822267,-0.00950892448425293,True,2346,-0.007580184936523437,-0.006529083251953125,-0.013898429870605468
1172,337,6,15,-5.9367170333862305,-0.06415167808532715,0.006231632232666016,True,-1,,,
1175,1429,28,2,-3.2978665828704834,0.023148837089538573,-0.03217394351959228,False,-1,,,
1175,1777,35,2,-3.5068142414093018,-0.008076744079589844,-0.022750258445739746,False,-1,,,
1179,809,16,18,-3.3910136222839355,0.021509227752685548,-0.0022305345535278322,True,-1,,,
1180,1729,34,4,-1.015095591545105,0.006921966075897217,-0.05209915399551392,False,-1,,,
1182,244,4,6,-4.487187385559082,0.028471736907958983,0.015825490951538086,True,-1,,,
1185,1415,28,11,-5.817294120788574,-0.0281610107421875,0.010753669738769532,True,1440,-0.008718328475952148,0.014419765472412109,0.015776586532592774
1190,1225,24,7,-4.021698474884033,0.029608917236328126,-0.03905110359191895,True,-1,,,
1190,2203,44,18,-5.0119853019714355,-0.06259041547775268,-0.005988645553588867,False,-1,,,
1191,181,3,8,-5.662988662719727,-0.024028511047363282,0.0015178394317626953,False,-1,,,
1196,1669,33,17,-5.208493709564209,0.0071947860717773435,0.013305606842041016,True,-1,,,
1199,2425,48,10,-3.7833645343780518,0.04337201595306397,-0.001058506965637207,True,-1,,,
1200,285,5,2,-5.898756980895996,-0.004325523376464844,0.01525177001953125,True,259,-0.00367588996887207,0.02313786506652832,-0.0072364616394043
1200,2212,44,2,-5.9742536544799805,-0.022224807739257814,0.026446237564086914,True,-1,,,
1207,227,4,2,-0.6383450627326965,0.015697447061538698,-0.011719824075698852,False,-1,,,
1207,1436,28,2,-2.582394599914551,-0.020297868251800535,-0.02833603858947754,False,-1,,,
1207,1784,35,2,-5.325639724731445,0.012451934814453124,0.01698044776916504,True,-1,,,
1207,2305,46,2,-4.807039737701416,0.0014028358459472656,0.010737686157226563,False,2349,0.015353174209594726,0.020094647407531738,0.004593377113342286
1213,1241,24,20,-3.5589606761932373,-0.024804234504699707,-0.008946404457092286,False,-1,,,
1223,213,4,12,-4.837235450744629,0.0012531280517578125,-0.011465587615966798,False,-1,,,
1223,449,8,12,-5.5812177658081055,0.003797874450683594,-0.006707344055175781,True,-1,,,
1226,2180,43,13,-5.159892559051514,0.010867280960083008,-0.004715709686279297,True,-1,,,
1229,1053,21,8,-3.8766231536865234,-0.0477674651145935,-0.01153306007385254,False,-1,,,
1231,367,7,8,-5.092422962188721,-0.05729607582092285,0.001347036361694336,False,-1,,,
1231,1502,30,14,-4.0924201011657715,0.03621023178100586,-0.018530607223510742,True,-1,,,
1235,1516,30,11,-3.894038438796997,0.022577872276306154,-0.008265156745910645,True,-1,,,
1235,1851,37,13,-5.9742536544799805,-0.05428739070892334,0.003085336685180664,True,-1,,,
1240,212,4,2,-4.509465217590332,0.02022104263305664,0.01124455451965332,True,-1,,,
1240,2086,41,2,-4.5434250831604,0.025845584869384767,0.006006126403808594,True,-1,,,
1242,1756,35,15,-1.6651694774627686,0.03712548732757568,-0.0026202964782714843,False,1796,0.005877392292022705,0.005470378398895264,-0.03933876991271973
1246,2485,49,11,-3.108746290206909,-0.034443953037261964,-0.035650010108947756,False,-1,,,
1247,1753,35,3,-5.6109395027160645,0.00726628303527832,-0.0028895950317382813,True,1797,0.004132986068725586,-0.008879966735839843,0.0028570747375488287
1250,234,4,9,-4.290206432342529,0.02614853858947754,-0.010242300033569336,True,-1,,,
1261,2353,47,2,-5.768667221069336,0.004111728668212891,0.018379592895507814,True,-1,,,
1261,2419,48,2,-5.71074914932251,0.004180784225463867,-0.0029043102264404296,True,-1,,,
1265,2096,41,17,-3.6083242893218994,0.039309115409851075,0.02114767551422119,True,-1,,,
1267,92,1,8,-4.256980895996094,0.034345455169677734,-0.03261746406555176,True,-1,,,
1270,773,15,7,-1.8571714162826538,-0.004610538482666016,-0.043704025745391846,False,-1,,,
1278,927,18,2,-2.3179097175598145,-0.005488033294677734,-0.04729219436645508,False,-1,,,
1278,1642,32,2,-0.8656813502311707,-0.01048619270324707,-0.023027998208999634,False,-1,,,
1278,1861,37,3,-4.783820152282715,0.023808670043945313,-0.007388620376586914,True,-1,,,
1279,350,7,18,-3.837000608444214,-0.05049406051635742,-0.034679408073425295,False,-1,,,
1279,998,19,2,-4.697553634643555,0.015624408721923827,-0.0035510349273681643,False,-1,,,
1279,2338,46,2,-4.044018745422363,0.027691125869750977,-0.013361473083496094,False,2313,0.03651634216308594,-0.02356966018676758,0.019033403396606446
1280,715,14,15,-4.076911449432373,0.03794684410095215,-0.012730464935302735,True,717,0.0020389461517333982,-0.004479150772094726,-0.04415921211242676
1283,477,9,5,-0.5488038063049316,0.019149389266967774,-0.04001443862915039,False,-1,,,
1289,1062,21,3,-3.37239933013916,-0.029389362335205078,-0.009320197105407714,False,-1,,,
1289,2424,48,3,-2.64967679977417,0.03689501762390137,-0.008611240386962891,False,-1,,,
1293,674,13,4,-5.9231276512146,-0.007447223663330078,0.04057133674621582,True,-1,,,
1294,209,4,19,-4.807111740112305,0.020657062530517578,-0.013099050521850586,True,-1,,,
1298,1260,25,5,-2.6872434616088867,0.023863201141357423,-0.013131208419799804,False,-1,,,
1298,1515,30,18,-3.991142749786377,0.029498729705810547,0.012417206764221192,True,-1,,,
1308,2411,48,15,-5.171205043792725,0.011415205001831054,-0.0008686065673828125,True,-1,,,
1310,1237,24,2,-4.853116035461426,-0.052727460861206055,0.0045969486236572266,False,-1,,,
1310,2318,46,2,-5.9742536544799805,-0.001345672607421875,0.011236610412597657,True,2349,-0.033337154388427735,-0.002044525146484375,-0.018710346221923826
1311,1743,34,13,-5.965648174285889,-0.061083664894104,0.06939281463623047,True,-1,,,
1319,2135,42,12,-1.9751832485198975,0.015400705337524414,-0.007050776481628418,False,-1,,,
1320,723,14,6,-2.2947683334350586,-0.019052135944366454,0.0187203574180603,False,-1,,,
1321,716,14,2,-5.756950855255127,-0.03427591323852539,0.015467710494995117,False,720,0.0058265399932861325,0.02302517890930176,0.03254498481750488
1321,2456,49,2,-5.583815097808838,-0.015469551086425781,0.003536958694458008,True,-1,,,
1324,238,4,2,-5.653834342956543,-0.015345954895019531,0.009356575012207031,False,-1,,,
1324,1179,23,2,-4.456559658050537,0.02647064208984375,0.06679461479187011,True,-1,,,
1324,2301,46,2,-5.591794967651367,-0.02360769271850586,0.012135801315307617,False,-1,,,
1324,2309,46,2,-5.294579982757568,-0.014172706604003906,0.01436473846435547,False,2329,-0.01585392951965332,0.01574223518371582,-0.0030587196350097615
1333,859,17,15,-5.121568202972412,-0.06706711053848266,-0.00617732048034668,False,-1,,,
1340,0,0,2,-3.949470281600952,-0.037435059547424314,-0.03067899227142334,False,-1,,,
1340,2308,46,2,-3.983302354812622,0.01012890338897705,-0.012397236824035644,False,-1,,,
1353,2169,43,18,-3.793778657913208,-0.030932111740112303,0.008714494705200195,False,-1,,,
1355,738,14,8,-5.936343669891357,-0.0009863853454589843,0.0011436748504638672,True,720,0.001175241470336914,0.02952207565307617,-0.026216773986816405
1357,893,17,2,-3.910125255584717,-0.00044739723205566406,-0.01625337600708008,False,-1,,,
1357,1251,25,5,-5.102182865142822,0.013518447875976563,0.00331507682800293,True,-1,,,
1357,1905,38,2,-5.9742536544799805,0.0,0.025017690658569337,True,1907,-0.038165926933288574,0.013004074096679688,-0.026152310371398927
1360,2356,47,17,-5.843108177185059,-0.008594589233398437,0.0009635543823242188,True,-1,,,
1362,1642,32,9,-5.343531131744385,-0.0816267728805542,-0.012614450454711913,False,-1,,,
1369,1055,21,14,-0.9276704788208008,0.030625381469726563,0.006627129316329956,False,-1,,,
1371,1437,28,10,-1.9816426038742065,0.030657427310943605,0.019871519804000856,False,-1,,,
1372,384,7,2,-0.6433979868888855,0.0036744022369384764,-0.028343650102615355,False,-1,,,
1372,1194,23,12,-5.849697589874268,-0.10831062734127045,-0.002491121292114258,False,-1,,,
1372,2346,46,2,-5.9742536544799805,0.0,0.004045848846435547,True,-1,,,
1375,1440,28,8,-4.795022487640381,0.017172775268554687,-0.004950780868530274,True,-1,,,
1380,2318,46,11,-5.88132905960083,-0.006775970458984375,0.014182043075561524,True,2327,-0.03851448535919189,0.00039317131042480467,-0.017949643135070796
1383,341,6,18,-4.126676559448242,-0.03754583358764649,-0.01006148338317871,False,-1,,,
1385,723,14,2,-1.3853347301483154,0.013696317672729491,-0.0304608154296875,False,-1,,,
1385,1237,24,2,-5.505247592926025,-0.04516619205474853,-0.009380121231079102,False,-1,,,
1386,927,18,17,-5.396545886993408,7.834434509277344e-05,-0.011554155349731445,True,-1,,,
1389,722,14,13,-5.38333797454834,0.011818313598632812,0.016853551864624023,True,-1,,,
1395,34,0,9,-4.847344875335693,-0.03192371845245361,-0.0024479389190673827,False,-1,,,
1397,447,8,11,-3.857720375061035,-0.03324981689453125,-0.014883575439453125,False,-1,,,
1398,2080,41,13,-2.402092218399048,-0.022322115898132325,0.02607243537902832,False,-1,,,
1403,1008,20,6,-5.427288055419922,0.00638509750366211,-0.006298074722290039,True,-1,,,
1406,2224,44,8,-5.9742536544799805,0.0,0.033286399841308593,True,-1,,,
1409,924,18,14,-4.888039588928223,0.00516305923461914,0.004305038452148437,True,-1,,,
1411,1179,23,21,-5.9742536544799805,-0.08820208072662354,0.020018548965454103,True,-1,,,
1412,227,4,2,-2.735596179962158,0.00040595054626464845,-0.00863131046295166,False,-1,,,
1412,2331,46,2,-4.170618534088135,0.021222572326660156,0.009562535285949707,False,2303,0.001563725471496582,-0.00368192195892334,-0.006414389610290527
1414,2310,46,7,-4.79194450378418,0.012525100708007813,-0.0008086872100830078,False,-1,,,
1419,2017,40,6,-3.7752578258514404,-0.016200528144836426,-0.029380841255187987,False,-1,,,
1424,707,14,17,-5.561279773712158,-0.006551284790039063,0.016686458587646485,True,709,-0.02490999221801758,-0.0018610763549804688,0.0001888275146484375
1424,1510,30,10,-2.6284780502319336,0.032857084274291994,0.03494820237159729,False,-1,,,
1425,1551,31,13,-4.540203094482422,0.028681011199951173,-0.009019737243652343,True,-1,,,
1428,1102,22,3,-5.942063331604004,-0.029604530334472655,0.004225673675537109,True,-1,,,
1432,82,1,7,-5.47986364364624,0.009887800216674805,0.0024153900146484373,True,-1,,,
1433,1260,25,2,-5.9742536544799805,-0.03479167938232422,0.0,True,-1,,,
1433,1907,38,2,-5.9742536544799805,-0.005035152435302734,0.04775106906890869,True,-1,,,
1434,83,1,22,-4.373924255371094,0.014045438766479491,0.01133193016052246,True,-1,,,
1435,720,14,13,-5.894608497619629,-0.039814848899841306,0.0023015403747558595,True,-1,,,
1441,158,3,2,-2.7503085136413574,-0.011014018058776855,-0.030722389221191405,False,-1,,,
1441,874,17,2,-3.6022043228149414,0.009891195297241211,-0.017243137359619142,False,-1,,,
1444,1010,20,9,-5.846916675567627,-0.02513826370239258,-0.00254673957824707,True,1044,0.0030160999298095704,7.906913757324218e-05,0.025528554916381837
1447,978,19,2,-1.7409213781356812,0.0006030631065368652,-0.005596163272857666,False,-1,,,
1447,1173,23,9,-1.1717907190322876,0.012741384506225585,-0.004332578182220459,False,-1,,,
1447,2403,48,2,-2.9575774669647217,-0.024377994537353516,-0.008644957542419434,False,-1,,,
1452,1001,20,11,-3.330552577972412,-0.036859214305877686,-0.01755967140197754,False,-1,,,
1453,384,7,5,-2.3999171257019043,-0.004852752685546875,-0.033756446838378903,False,-1,,,
1462,1327,26,13,-5.95624303817749,-0.052197422981262204,-0.00036021232604980467,True,-1,,,
1464,237,4,2,-5.9742536544799805,-0.019577274322509764,0.014536352157592773,True,202,-0.014822311401367187,-0.00229095458984375,0.021582269668579096
1464,717,14,2,-5.773128509521484,-0.0055522918701171875,0.017741518020629884,True,-1,,,
1464,2135,42,2,-4.741147994995117,-0.015823221206665038,0.007511463165283203,False,-1,,,
1464,2317,46,2,-3.85746431350708,0.01512019157409668,0.017451987266540528,False,2345,-0.019182772636413575,0.011207056045532227,-0.028058032989501956
1465,1230,24,6,-4.430350303649902,-0.05127033948898316,-0.0035305213928222656,False,-1,,,
1467,2147,42,15,-5.912269592285156,-0.03021522521972656,0.0015686416625976562,True,-1,,,
1472,319,6,16,-2.97482967376709,0.059988479614257816,-0.03839516639709473,True,-1,,,
1473,495,9,13,-5.674152851104736,-0.05179389953613281,0.026959066390991212,False,-1,,,
1473,996,19,2,-5.8705291748046875,-0.027970600128173827,0.0024909114837646483,True,-1,,,
1473,2327,46,2,-5.80610990524292,0.003362874984741211,0.004855012893676758,True,2349,0.0008607959747314453,-0.0024424171447753906,0.004795351028442384
1477,477,9,19,-1.4699126482009888,0.023718187808990477,-0.020184085369110108,False,-1,,,
1481,761,15,5,-1.5928548574447632,-0.007287154197692871,-0.013255584239959716,False,-1,,,
1481,2124,42,8,-3.6986563205718994,-0.029677896499633788,0.0008567571640014648,False,-1,,,
1491,267,5,2,-3.9768271446228027,-0.016758852005004883,0.00789306640625,False,-1,,,
1491,700,14,2,-1.0050008296966553,0.00512460470199585,0.006500312089920044,False,-1,,,
1492,1651,33,2,-4.776526927947998,-0.00031625747680664063,-0.02024867057800293,True,1668,-0.05890551328659058,0.004057798385620117,-0.08289572477340698
1492,2346,46,2,-5.465611457824707,-0.003009548187255859,-0.008866920471191406,True,-1,,,
1495,412,8,2,-3.399284839630127,-0.03775400638580322,-0.008135943412780762,False,-1,,,
1495,2200,44,2,-3.284245729446411,-0.020670223236083984,-0.0184452486038208,False,-1,,,
1500,99,1,2,-3.9630675315856934,-0.04024860858917236,-0.023232669830322267,False,-1,,,
1500,1143,22,2,-0.6537882685661316,0.01844962000846863,-0.02752727150917053,False,-1,,,
1501,476,9,10,-4.971364498138428,0.009603252410888672,-0.01641084671020508,True,-1,,,
1505,1814,36,2,-2.5095887184143066,-0.012398829460144043,-0.019947605133056642,False,1809,-0.020169239044189453,-0.026619362831115722,-0.0010986518859863303
1505,2085,41,2,-3.4662771224975586,-0.022123394012451173,0.026683235168457033,False,-1,,,
1506,1676,33,2,-5.335311412811279,-0.015941162109375,-0.00972285270690918,False,-1,,,
1506,1959,39,2,-2.915875196456909,0.0067383480072021485,-0.014749345779418945,False,-1,,,
1507,1870,37,12,-3.692603588104248,0.0036867618560791015,-0.04329080581665039,False,-1,,,
1509,1907,38,7,-2.5743119716644287,0.04522522449493408,-0.0244295597076416,False,-1,,,
1509,2006,40,16,-5.935032367706299,-0.030442333221435545,0.0524775218963623,True,-1,,,
1510,2175,43,11,-5.388023376464844,-0.08923935651779175,0.011713247299194336,True,-1,,,
1511,1044,20,13,-5.9676384925842285,-0.013912220001220704,0.009360380172729492,True,-1,,,
1512,590,11,3,-2.775116443634033,-0.0356845498085022,0.02036159038543701,False,-1,,,
1512,2374,47,16,-0.6325151920318604,0.03252334117889404,-0.010909948348999023,False,-1,,,
1513,539,10,14,-1.9703302383422852,-0.000377504825592041,0.019459651708602907,False,-1,,,
1513,1260,25,3,-5.1992340087890625,0.01550039291381836,-0.0021633052825927733,True,-1,,,
1517,1005,20,2,-5.333948612213135,-0.05728209972381592,0.009881429672241211,False,-1,,,
1517,1822,36,2,-4.8338446617126465,0.021566781997680664,0.015465621948242187,True,-1,,,
1517,2440,48,10,-3.998141050338745,-0.04412457942962646,0.0017657613754272462,False,-1,,,
1519,407,8,9,-5.324865341186523,0.004815006256103515,-0.01298776626586914,True,-1,,,
1520,1715,34,16,-5.030302047729492,-0.07065382719039917,-0.018879032135009764,False,-1,,,
1523,2080,41,13,-4.361255168914795,-0.04822921514511108,-0.018249025344848634,False,-1,,,
1523,2196,43,16,-0.28682953119277954,0.03163092255592346,-0.019663883447647093,False,-1,,,
1525,349,6,2,-3.5105650424957275,-0.039847142696380615,-0.011865754127502442,False,-1,,,
1525,1789,35,2,-5.469529151916504,-0.02354680061340332,0.023438825607299804,False,-1,,,
1529,1451,29,4,-0.30968841910362244,0.00339044451713562,-0.001420454978942871,False,-1,,,
1532,2348,46,3,-3.6195991039276123,0.0022264862060546874,-0.011645703315734864,False,2303,0.020922694206237793,0.005371575355529785,0.0016789293289184559
1536,1173,23,15,-2.4812350273132324,-0.027193269729614257,-0.011875014305114746,False,-1,,,
1536,1705,34,5,-2.6720619201660156,-0.024150385856628417,0.007586064338684082,False,-1,,,
1537,232,4,2,-5.69195032119751,-0.03454256534576416,-0.0005260086059570312,False,-1,,,
1537,1906,38,2,-5.024951457977295,-0.04271387577056885,-0.016810407638549806,False,-1,,,
1542,1667,33,8,-5.313082695007324,0.005264120101928711,-0.010818805694580078,True,-1,,,
1542,2456,49,19,-5.532662868499756,-0.00890152931213379,0.02984065055847168,True,-1,,,
1544,259,5,19,-1.8976023197174072,0.018791556358337402,-0.02435462474822998,False,-1,,,
1546,845,16,2,-2.0234858989715576,-0.02729131817817688,-0.0017391347885131836,False,-1,,,
1546,1251,25,2,-5.264037609100342,-0.04789861679077148,0.0021317577362060546,False,-1,,,
1547,765,15,6,-2.559098243713379,0.05931282043457031,-0.0016118574142456054,True,-1,,,
1566,1796,35,11,-3.395873546600342,0.0025728893280029296,-0.014298181533813476,False,-1,,,
1571,724,14,20,-2.5489912033081055,0.051985588073730465,-0.0065658998489379885,False,746,0.011574606895446777,-0.026276192665100097,-0.020700688362121578
1573,438,8,2,-5.265853404998779,-0.021399822235107422,0.014295969009399414,False,-1,,,
1573,2482,49,2,-1.0975897312164307,-0.002856402397155762,-0.0016286063194274902,False,-1,,,
1574,709,14,2,-5.155126571655273,0.0020738315582275392,0.019705982208251954,False,-1,,,
1574,969,19,2,-5.221379280090332,0.0007297134399414062,-0.0025771808624267577,True,-1,,,
1575,1958,39,3,-4.872228145599365,-0.044258341789245606,0.006044473648071289,False,-1,,,
1582,1668,33,2,-4.052059173583984,0.016270875930786133,-0.02825725555419922,False,-1,,,
1582,2144,42,2,-1.4953162670135498,-0.021895562410354615,0.004465935230255127,False,-1,,,
1582,2448,48,15,-3.113096237182617,0.0460832405090332,0.005000429153442383,True,-1,,,
1583,1153,23,3,-2.087609052658081,-0.006478960514068603,-0.04190300464630127,False,-1,,,
1586,286,5,2,-5.100316047668457,-0.025215401649475097,-0.003505687713623047,False,-1,,,
1586,1809,36,2,-3.6085057258605957,0.003681812286376953,-0.025437898635864258,False,1840,-0.02110652446746826,0.0008492231369018555,-0.05107545852661133
1588,1781,35,2,-3.517091989517212,-0.025742645263671874,-0.011386046409606934,False,-1,,,
1588,2349,46,2,-5.757229328155518,-0.004460334777832031,0.014682435989379882,True,2313,-0.006233501434326172,0.0036422252655029298,0.009267044067382813
1591,279,5,2,-5.755150318145752,-0.008040590286254883,0.003803462982177734,False,275,-0.003319530487060547,0.0053675460815429685,0.0031569766998291015
1591,2309,46,2,-5.60569953918457,0.006027383804321289,0.012854032516479492,True,2329,-0.014494752883911133,0.004893827438354492,-0.012561931610107423
1596,101,2,19,-3.760434627532959,-0.024286623001098632,-0.02537534713745117,False,-1,,,
1597,258,5,2,-5.572922706604004,-0.01772099494934082,-0.0024536800384521483,False,-1,,,
1597,1797,35,2,-5.475976943969727,-0.003347053527832031,0.0019490146636962891,True,1794,-0.014691810607910156,-0.007590217590332031,-0.0018055248260498043
1597,2364,47,9,-2.6251959800720215,-0.02051661252975464,0.019037353992462158,False,-1,,,
1598,2283,45,13,-4.622788429260254,-0.015329866409301758,0.03932749748229981,False,-1,,,
1601,1845,36,7,-1.8519715070724487,0.021654965877532958,0.013869686126708984,False,-1,,,
1605,1107,22,13,-2.4970037937164307,-0.008140034675598144,0.010624585151672363,False,-1,,,
1614,913,18,11,-5.83782958984375,-0.0028146934509277344,0.03433571815490723,True,-1,,,
1616,2085,41,4,-4.299003601074219,-0.02987194061279297,-0.033505001068115235,False,-1,,,
1616,2460,49,14,-3.5733182430267334,0.024670491218566893,-0.015844054222106933,True,-1,,,
1619,297,5,2,-5.9742536544799805,-0.0018635082244873047,0.003542919158935547,True,275,-0.001135406494140625,0.003020801544189453,0.0012502193450927733
1619,2403,48,2,-4.659460067749023,-0.0357664155960083,-0.0068656826019287106,False,-1,,,
1620,1586,31,3,-5.905893325805664,-0.03852960109710693,-0.001367206573486328,True,-1,,,
1622,1298,25,11,-4.286990642547607,0.027113819122314455,-0.002232017517089844,True,-1,,,
1624,1014,20,6,-5.35052490234375,-0.021555824279785155,-0.005964765548706055,False,-1,,,
1624,2333,46,8,-4.697056770324707,0.024379730224609375,0.019412999153137208,True,2330,-0.012979078292846679,-0.003470611572265625,-0.01447519779205322
1631,274,5,6,-3.8313217163085938,-0.013693947792053223,-0.014676389694213867,False,-1,,,
1632,769,15,13,-3.513293504714966,0.044319052696228024,0.007804331779479981,True,-1,,,
1634,635,12,9,-5.3267822265625,-0.057907028198242186,-0.011627063751220704,True,-1,,,
1635,302,6,12,-2.723013162612915,-0.0315196418762207,-0.013250446319580078,False,-1,,,
1639,2122,42,12,-5.132411003112793,-0.000740966796875,-0.012111454010009766,True,-1,,,
1640,1076,21,7,-5.9742536544799805,-0.04728760242462158,0.0,True,-1,,,
1644,610,12,2,-2.3795785903930664,-0.03758245587348938,-0.029390864372253418,False,-1,,,
1644,746,14,2,-4.068597793579102,-0.01618551731109619,-0.012064619064331055,False,716,-0.02856318950653076,-0.021867799758911132,-0.0025744915008544932
1645,1184,23,3,-2.396920680999756,-0.009513914585113525,-0.0420969295501709,False,-1,,,
1654,2144,42,8,-2.9521677494049072,-0.034906444549560545,-0.010250892639160156,False,-1,,,
1659,1959,39,4,-4.8143720626831055,-0.02372539520263672,0.004181013107299804,False,-1,,,
1665,1248,24,17,-2.7292630672454834,-0.03672305703163147,0.007622132301330567,False,-1,,,
1666,1013,20,12,-1.3412359952926636,0.02963571310043335,0.0012211728096008301,False,1011,-0.01677304267883301,-0.013322396278381348,-0.03186518669128418
1667,357,7,16,-3.5167641639709473,-0.045208628177642825,0.0057839775085449215,False,-1,,,
1669,1022,20,20,-5.6546196937561035,0.006392679214477539,-0.0011658000946044922,True,-1,,,
1670,709,14,2,-5.332106590270996,-0.014733963012695313,0.013203620910644531,False,-1,,,
1670,2224,44,2,-5.913300514221191,-0.05472358703613281,-0.0012190628051757812,True,-1,,,
1680,1774,35,2,-3.98258638381958,0.0008402824401855469,-0.03418543815612793,False,-1,,,
1680,1840,36,2,-4.7213969230651855,-0.020978293418884277,-0.020087900161743163,False,-1,,,
1685,85,1,2,-2.1249849796295166,0.003990621566772461,-0.01800290584564209,False,-1,,,
1685,312,6,2,-4.101183891296387,-0.05448744058609009,-0.02736454963684082,False,-1,,,
1685,1101,22,8,-4.782173156738281,-0.04649667263031006,-0.02290508270263672,False,-1,,,
1688,294,5,2,-2.6642441749572754,-0.008748569488525391,-0.028818721771240233,False,-1,,,
1688,1884,37,2,-2.797907590866089,-0.03875275373458862,-0.008615479469299317,False,-1,,,
1689,937,18,3,-0.7281829118728638,-0.007099984288215637,-0.04744360685348511,False,-1,,,
1689,1589,31,4,-1.8967870473861694,-0.01716585397720337,0.012005035877227782,False,-1,,,
1692,211,4,2,-2.7832632064819336,-0.00522529125213623,-0.024191532135009765,False,-1,,,
1692,2349,46,2,-5.07418155670166,-0.0013298511505126954,-0.018001441955566407,False,2330,-0.00205718994140625,-0.01925884246826172,0.0005300617218017591
1696,1293,25,10,-4.5662031173706055,-0.03338963985443115,-0.015132827758789063,False,-1,,,
1701,1124,22,8,-5.877990245819092,-0.02275761604309082,0.009444437026977538,True,-1,,,
1703,1153,23,14,-4.008556365966797,0.024958686828613283,-0.02294837951660156,True,-1,,,
1706,2482,49,14,-5.841494560241699,-0.03843053340911865,0.003052339553833008,True,-1,,,
1712,684,13,10,-5.470154762268066,-0.041832594871520995,0.009089946746826172,False,-1,,,
1713,1445,28,2,-5.355302810668945,-0.04256577968597412,0.015033807754516602,False,1437,-0.012161722183227539,-0.010475692749023437,0.05591355800628662
1713,1539,30,3,-5.603030681610107,0.003146810531616211,-0.007424459457397461,True,-1,,,
1713,1781,35,2,-5.640326499938965,-0.0326247501373291,0.023899555206298828,False,1794,-0.010695943832397461,0.0349008846282959,0.010927476882934564
1720,756,15,17,-2.3293793201446533,0.021400880813598634,-0.03128569126129151,False,-1,,,
1720,1251,25,16,-5.9742536544799805,-0.025964908599853516,0.015973777770996095,True,-1,,,
1723,352,7,6,-4.7357330322265625,0.01759079933166504,0.04857612133026123,True,-1,,,
1723,1055,21,20,-3.5814383029937744,-0.04842804908752441,-0.010634903907775878,False,-1,,,
1731,845,16,16,-5.9742536544799805,-0.05806042194366455,0.031804189682006836,True,-1,,,
1733,562,11,7,-1.9122339487075806,0.04339751958847046,0.025581544637680052,False,-1,,,
1734,129,2,2,-5.959069728851318,-0.0025544071197509764,0.019096364974975587,True,-1,,,
1734,2226,44,2,-5.9742536544799805,-0.007538995742797852,0.0014291858673095702,True,-1,,,
1738,1766,35,3,-4.490880489349365,-0.00982470989227295,-0.022998104095458983,False,-1,,,
1742,49,0,12,-1.5715140104293823,0.0686690354347229,-0.028452236652374268,False,19,-0.016491806507110594,-0.002811274528503418,-0.11080180406570435
1746,157,3,2,-4.271522521972656,-0.05264553785324097,-0.01600081443786621,False,-1,,,
1746,202,4,2,-5.8710761070251465,-0.002108650207519531,0.01050877571105957,True,-1,,,
1750,716,14,2,-4.430245399475098,0.017868404388427735,-0.003197441101074219,False,-1,,,
1750,2374,47,2,-5.6945295333862305,-0.017823619842529295,0.036426448822021486,True,-1,,,
1753,590,11,2,-5.4546589851379395,0.00019479751586914062,-0.01039189338684082,True,-1,,,
1753,1441,28,6,-5.8539276123046875,0.001985321044921875,0.004223928451538086,True,-1,,,
1753,1772,35,2,-4.209742546081543,-0.022488441467285156,-0.03463526725769043,False,-1,,,
1754,1607,32,17,-5.952138900756836,-0.04616111278533935,0.08815541267395019,True,-1,,,
1755,96,1,2,-4.450923442840576,-0.03616473197937012,-0.030466604232788085,False,-1,,,
1755,1411,28,7,-4.847198486328125,0.02254110336303711,-0.017850818634033202,True,-1,,,
1755,2390,47,2,-4.953433513641357,0.016724262237548828,-0.01618022918701172,False,-1,,,
1763,515,10,4,-1.0800156593322754,0.05081194877624512,0.004459954500198364,False,-1,,,
1765,1814,36,2,-3.1586265563964844,-0.015346674919128419,-0.0010851621627807617,False,-1,,,
1765,2313,46,2,-5.807980060577393,-0.03297299385070801,0.011307029724121094,False,-1,,,
1768,1437,28,16,-5.6583404541015625,0.0012970829010009765,0.02258901596069336,True,-1,,,
1771,1631,32,4,-3.7465474605560303,-0.042441232204437254,-0.01353808879852295,False,-1,,,
1774,1419,28,13,-5.9742536544799805,-0.04242998600006104,0.03667805671691895,True,-1,,,
1775,2416,48,13,-5.7218427658081055,-0.04140189647674561,0.02055109977722168,True,-1,,,
1778,1011,20,20,-0.7357406616210938,0.027052135467529298,0.006559825539588928,False,-1,,,
1778,1451,29,6,-5.677959442138672,-0.049011306762695314,0.011979084014892578,True,-1,,,
1782,360,7,4,-3.4340829849243164,0.019289331436157228,-0.029840402603149414,False,-1,,,
1782,1676,33,10,-2.215467691421509,0.03310841083526611,-0.0258922815322876,False,-1,,,
1783,260,5,2,-4.519702911376953,0.0010232162475585938,-0.01690300941467285,False,299,0.009830026626586915,0.0032721900939941405,-0.011368389129638673
1783,1436,28,2,-5.214251518249512,0.015200042724609375,-0.009460687637329102,True,-1,,,
1786,313,6,18,-3.2946581840515137,-0.0351449728012085,0.0016513299942016602,False,-1,,,
1787,468,9,2,-3.3664352893829346,0.027021346092224122,0.01771193027496338,False,-1,,,
1787,2362,47,2,-2.1651508808135986,-0.015277006626129151,0.010336778163909911,False,-1,,,
1792,1757,35,9,-5.9742536544799805,-0.011812229156494141,0.010424985885620117,True,1798,-0.012389984130859375,0.026801395416259765,-0.016954164505004882
1793,257,5,2,-0.924574613571167,0.0062890005111694335,-0.0011119425296783447,False,-1,,,
1793,562,11,2,-0.9999468922615051,0.004875613451004028,0.013176392316818237,False,-1,,,
1806,686,13,2,-2.7556378841400146,-0.03569898843765259,-0.003986454010009766,False,-1,,,
1806,2345,46,2,-3.0692594051361084,0.00031277656555175784,0.0011884021759033204,False,2302,-0.009245290756225585,-0.001783733367919922,-0.006585931777954101
1808,1314,26,10,-3.2459516525268555,-0.03279874086380005,-0.006746749877929687,False,-1,,,
1808,1317,26,17,-4.739514350891113,0.015441770553588868,0.009697484970092773,True,-1,,,
1808,1442,28,13,-3.8035495281219482,0.026476864814758302,-0.0077177095413208,True,-1,,,
1808,1503,30,12,-1.1337305307388306,0.030249130725860596,-0.05644719839096069,False,-1,,,
1809,2275,45,19,-4.844354152679443,-0.06861299276351929,-0.02259799003601074,False,-1,,,
1825,312,6,9,-3.347306966781616,0.03160894870758057,-0.050562386512756345,True,-1,,,
1825,1922,38,8,-5.786800384521484,-0.000673370361328125,0.00852290153503418,True,-1,,,
1826,259,5,3,-5.147416591644287,0.010628299713134766,0.0006470775604248047,True,289,-0.01273280143737793,-0.010354766845703125,-0.012359256744384765
1832,1942,38,12,-3.5987355709075928,-0.035927557945251466,0.002884664535522461,False,-1,,,
1845,310,6,18,-3.753134250640869,-0.04979604959487915,0.01074601650238037,False,-1,,,
1846,978,19,16,-4.18098258972168,-0.0410429859161377,-0.022746362686157227,False,-1,,,
1848,1350,27,7,-3.411851167678833,-0.040449538230896,-0.035335268974304196,False,-1,,,
1849,238,4,10,-4.73542594909668,0.01655951499938965,0.004694766998291015,True,211,-0.029547338485717774,0.021088714599609374,-0.06250080108642578
1852,989,19,14,-4.619322776794434,0.027098617553710937,0.0013327980041503906,True,988,-0.010804023742675781,-0.004772825241088867,-0.03179701805114746
1853,1997,39,9,-5.70071268081665,-0.033460569381713864,0.01622746467590332,True,-1,,,
1863,780,15,8,-5.9742536544799805,-0.006350812911987305,0.025924768447875977,True,-1,,,
1868,2437,48,3,-3.236625909805298,0.010538506507873534,-0.030487427711486815,False,-1,,,
1869,205,4,2,-1.1146624088287354,0.005440187454223633,-0.019164929389953612,False,-1,,,
1869,1740,34,19,-5.431951522827148,-0.091208074092865,-0.01084604263305664,False,-1,,,
1869,1967,39,2,-0.698686420917511,-7.098555564880371e-05,0.0036491596698760985,False,-1,,,
1871,994,19,9,-4.5804290771484375,-0.041415896415710446,0.010817623138427735,False,-1,,,
1872,1668,33,16,-5.19706392288208,0.003239431381225586,-0.005855283737182617,True,-1,,,
1873,468,9,12,-4.147439002990723,-0.028922772407531737,-0.01859342575073242,False,-1,,,
1874,396,7,9,-4.439402103424072,-0.028855342864990235,0.0028033065795898438,False,-1,,,
1874,826,16,2,-5.9742536544799805,-0.01186863899230957,0.02447728157043457,True,-1,,,
1874,1813,36,2,-2.416003942489624,0.008737120628356933,-0.02963191509246826,False,-1,,,
1877,1013,20,13,-5.730797290802002,-0.041699514389038086,0.00597783088684082,True,-1,,,
1879,2130,42,3,-5.36323356628418,-0.0626689624786377,-0.003769254684448242,False,-1,,,
1883,2466,49,26,-4.048755168914795,-0.06035989761352539,-0.013082866668701171,False,2475,-0.013881449699401855,-0.0401723575592041,0.07356793880462648
1886,121,2,5,-3.1798183917999268,-0.020887670516967775,-0.004999842643737793,False,-1,,,
1886,712,14,11,-5.858026504516602,-0.02074176788330078,0.004883403778076172,False,-1,,,
1886,1461,29,7,-3.7450387477874756,-0.048084893226623536,-0.033041491508483886,False,-1,,,
1886,1845,36,3,-2.9080114364624023,0.012581872940063476,-0.011607718467712403,False,-1,,,
1891,404,8,13,-5.656167984008789,-0.09368197679519653,0.053984642028808594,False,-1,,,
1891,2362,47,3,-0.9941744804382324,0.00616469144821167,-0.017731938362121582,False,-1,,,
1893,1589,31,2,-5.565368175506592,-0.004943504333496094,-0.00013197898864746092,True,-1,,,
1893,1691,33,2,-0.6721287965774536,-0.007503122091293335,-0.01203031063079834,False,-1,,,
1893,1809,36,12,-5.265712261199951,-0.02114436149597168,0.012512645721435546,False,-1,,,
1896,85,1,2,-3.997612237930298,-0.03277381420135498,0.02806168556213379,False,-1,,,
1896,818,16,2,-1.968829870223999,-0.010739707946777343,0.0021618866920471193,False,-1,,,
1896,1767,35,2,-0.28020355105400085,0.005350494980812073,-0.02182530701160431,False,-1,,,
1896,2216,44,2,-1.2665205001831055,0.005283620357513428,-0.024555726051330565,False,-1,,,
1900,398,7,4,-4.556548595428467,0.028354101181030274,0.012626457214355468,True,-1,,,
1902,1848,36,2,-5.58851957321167,-0.059010310173034666,-0.001666107177734375,False,-1,,,
1902,2211,44,2,-2.439595937728882,0.025251331329345702,0.01734121322631836,False,-1,,,
1910,286,5,3,-5.569791316986084,-0.0015787506103515626,0.026748971939086916,True,299,-0.014912805557250976,0.017516412734985352,-0.004101495742797851
1912,1057,21,10,-1.5930503606796265,0.02748765707015991,0.013648247718811036,False,1053,-0.014074196815490722,-0.0516460394859314,0.0237324333190918
1913,610,12,16,-2.879699945449829,-0.035105652809143066,0.034134676456451414,False,-1,,,
1913,1894,37,12,-4.810329437255859,-0.052687344551086424,0.01755415916442871,False,-1,,,
1916,1798,35,15,-4.612238883972168,0.01413386344909668,0.022991442680358888,True,-1,,,
1920,2124,42,15,-5.327521324157715,0.004914302825927735,-0.009977750778198242,True,-1,,,
1930,1297,25,10,-4.0778326988220215,-0.03362311840057373,-0.018279581069946288,False,-1,,,
1933,1423,28,2,-0.5068577527999878,-0.0012291377782821654,-0.0013887691497802735,False,-1,,,
1933,1933,38,2,-1.7033274173736572,-0.019150909185409546,0.002441542148590088,False,-1,,,
1940,1139,22,10,-3.9055278301239014,-0.06036383867263794,0.020380487442016603,False,-1,,,
1942,289,5,7,-3.9173476696014404,0.023282599449157716,-0.0056700754165649415,False,-1,,,
1947,1219,24,7,-3.4037396907806396,-0.02757681369781494,0.02440732479095459,False,-1,,,
1950,700,14,13,-5.2373576164245605,-0.05552842617034912,0.002161369323730469,False,-1,,,
1950,832,16,15,-4.4928789138793945,-0.06387049436569214,-0.010777702331542969,False,-1,,,
1952,1011,20,12,-5.579512596130371,-0.06691303730010986,-0.005637989044189453,False,-1,,,
1956,1848,36,8,-5.71339225769043,0.0006308460235595703,0.004959478378295899,True,-1,,,
1959,228,4,2,-2.7230870723724365,0.002091541290283203,0.0002677059173583984,False,-1,,,
1959,2449,48,2,-4.876893520355225,0.01750239372253418,-0.019051170349121092,True,-1,,,
1965,2331,46,2,-4.163140296936035,-0.0035910272598266603,-0.004982919692993164,False,2314,0.02729609489440918,-0.00838282585144043,0.034287028312683106
1965,2475,49,2,-5.897825241088867,-0.019179115295410155,0.00817570686340332,True,-1,,,
1967,2030,40,10,-4.408147811889648,-0.03877933025360107,-0.030799455642700195,False,-1,,,
1968,1973,39,4,-5.19868803024292,-0.014110565185546875,0.006274652481079101,False,-1,,,
1969,2211,44,7,-2.643714427947998,-0.007835478782653808,0.0072433996200561524,False,-1,,,
1972,982,19,15,-4.837822914123535,0.014302091598510742,0.014354848861694336,True,998,0.004647836685180664,-0.008659009933471679,0.013359603881835935
1974,515,10,10,-5.364312648773193,-0.0643700122833252,0.0015272998809814453,False,-1,,,
1979,163,3,8,-5.839049816131592,-0.041016521453857424,-0.0013247489929199218,True,-1,,,
1985,211,4,2,-4.346554279327393,0.0006290149688720704,-0.002121572494506836,False,-1,,,
1985,973,19,2,-2.8356125354766846,0.006701569557189941,-0.032420172691345214,False,969,-0.013127803802490234,-0.03592628002166748,-0.016323266029357908
1992,62,1,2,-1.270799994468689,0.0029468131065368652,0.008879306316375733,False,-1,,,
1992,863,17,16,-4.025410175323486,-0.02034742832183838,-0.02326007843017578,False,-1,,,
1992,2091,41,2,-2.9054276943206787,-0.025742647647857667,-0.011532349586486816,False,-1,,,
1994,1794,35,10,-4.7374372482299805,0.023068504333496095,-0.010898818969726562,True,1797,-0.00698908805847168,-0.015182886123657226,-0.02577352523803711
2002,417,8,17,-3.056910991668701,-0.04500439167022705,0.0038732624053955077,False,-1,,,
2005,1594,31,6,-2.7757456302642822,-0.002827038764953613,-0.060694260597229,False,-1,,,
2005,2139,42,18,-3.066246509552002,0.00975433349609375,0.014749202728271484,False,-1,,,
2010,972,19,20,-1.6497092247009277,0.013616461753845215,0.006628015041351318,False,-1,,,
2011,2203,44,19,-3.456146001815796,0.011683955192565917,0.003258628845214844,False,-1,,,
2011,2367,47,11,-3.59000825881958,0.025743389129638673,-0.04628304481506348,False,-1,,,
2012,788,15,4,-1.5768059492111206,0.012837588787078857,-0.031656477451324466,False,-1,,,
2014,2095,41,18,-5.105319499969482,0.01737868309020996,0.013908100128173829,True,-1,,,
2015,901,18,15,-3.4435055255889893,-0.02544029712677002,-0.010975689888000488,False,-1,,,
2018,1053,21,11,-5.9742536544799805,-0.02440609931945801,0.0,True,-1,,,
2032,2420,48,14,-5.228250026702881,0.011560449600219727,-0.014326705932617187,True,-1,,,
2035,1223,24,5,-4.162051677703857,-0.05054791688919067,-0.030256271362304688,False,-1,,,
2039,268,5,11,-5.8456244468688965,-0.024161930084228515,0.0008342456817626953,True,275,-0.012768030166625977,0.003878793716430664,0.00834935188293457
2044,19,0,2,-5.399898529052734,-0.010572938919067383,0.013969430923461914,True,-1,,,
2044,461,9,2,-2.5036110877990723,-0.024158599376678466,-0.008588504791259766,False,-1,,,
2052,211,4,11,-5.9742536544799805,-0.030442533493041993,0.03582581520080566,True,207,-0.02644719123840332,-0.002114114761352539,0.04193527221679687
2053,1174,23,11,-3.8262152671813965,-0.03250027179718017,0.02946444511413574,False,-1,,,
2057,514,10,9,-3.5142788887023926,-0.06200863301753998,-0.025961837768554687,False,-1,,,
2057,1528,30,11,-1.6431056261062622,-0.00982097864151001,-0.017570550441741942,False,-1,,,
2068,1062,21,5,-5.525021553039551,-0.01710561752319336,0.008170909881591797,True,-1,,,
2071,223,4,2,-5.9742536544799805,-0.022985286712646484,0.0,True,207,-0.020648508071899413,-0.001095714569091797,0.0034324932098388668
2071,2304,46,2,-2.1999385356903076,0.025050702095031737,-0.035099334716796875,False,2345,-0.012676494121551514,0.027695295810699464,-0.10052182674407958
2073,686,13,16,-3.9216833114624023,0.036209630966186526,-0.03417864799499512,True,-1,,,
2079,2130,42,17,-2.679915189743042,0.035914244651794436,-0.007066164016723633,False,-1,,,
2081,282,5,2,-5.2314958572387695,-0.017311573028564453,0.0033623313903808592,False,-1,,,
2081,969,19,2,-4.806516647338867,-0.0032779693603515623,0.021440291404724122,False,-1,,,
2083,152,3,10,-4.905969142913818,0.000911407470703125,-0.00232330322265625,True,-1,,,
2089,1436,28,2,-5.591294288635254,-0.019243545532226562,0.0061492919921875,False,-1,,,
2089,1691,33,2,-3.373878240585327,-0.02793386220932007,-0.014774575233459472,False,-1,,,
2090,556,11,15,-5.9742536544799805,-0.05797966957092285,0.044786052703857424,True,-1,,,
2097,1660,33,3,-2.4623405933380127,0.0031612586975097658,-0.007287964820861816,False,-1,,,
2098,2289,45,14,-4.874880313873291,0.004918384552001953,-0.0016632652282714843,True,-1,,,
2103,1589,31,11,-3.830655336380005,0.03264343738555908,-0.029837889671325682,False,-1,,,
2105,1330,26,4,-4.070627212524414,0.03421566963195801,-0.013826017379760741,True,-1,,,
2107,244,4,9,-5.4379448890686035,-0.042186107635498044,0.0026500606536865234,False,-1,,,
2112,578,11,15,-2.377680540084839,-0.013297293186187744,0.024642162322998047,False,-1,,,
2114,1398,27,14,-5.9742536544799805,-0.0609831428527832,0.0034557342529296874,True,-1,,,
2114,2018,40,9,-3.777984380722046,-0.022063255310058594,0.004655909538269043,False,-1,,,
2117,228,4,2,-5.43749475479126,-0.019663867950439454,-0.0030283737182617188,False,-1,,,
2117,415,8,7,-4.0047478675842285,-0.054394888877868655,0.03640316009521485,False,-1,,,
2117,1933,38,2,-5.051252841949463,-0.02574575901031494,-0.0024272823333740235,False,-1,,,
2123,146,2,17,-2.859419107437134,-0.018061809539794922,0.0066525936126708984,False,-1,,,
2132,1306,26,2,-0.2900954484939575,0.00926820158958435,-0.029681475162506105,False,-1,,,
2132,1784,35,14,-4.12516975402832,0.020594329833984376,0.007334146499633789,False,-1,,,
2132,2089,41,2,-2.5534162521362305,-0.03849568367004395,-0.02613497257232666,False,-1,,,
2134,435,8,2,-3.764036178588867,-0.020999703407287598,0.015942659378051758,False,-1,,,
2134,2279,45,2,-5.903059959411621,-0.00340886116027832,0.014271488189697265,True,-1,,,
2134,2475,49,11,-5.968307971954346,-0.03877191543579102,0.011156244277954102,True,-1,,,
2138,1816,36,11,-4.397874355316162,0.024029073715209962,-0.01609691619873047,True,-1,,,
2145,339,6,18,-5.9742536544799805,-0.03727312088012695,0.0,True,-1,,,
2145,2445,48,8,-3.3911948204040527,0.043642702102661135,0.00016242504119873047,True,-1,,,
2147,50,1,2,-4.654125690460205,-0.019248762130737306,-0.023441734313964843,False,-1,,,
2147,2314,46,2,-5.46612024307251,0.010162668228149414,-0.00899913787841797,True,2303,-0.019042863845825195,-0.007562360763549805,-0.030642309188842774
2150,1577,31,2,-4.505795955657959,0.00651301383972168,0.01274479866027832,False,-1,,,
2150,2216,44,2,-4.932309627532959,-0.01731555938720703,0.02534414768218994,False,-1,,,
2153,1690,33,15,-5.753101825714111,-0.03623069286346436,0.01935175895690918,True,-1,,,
2154,19,0,2,-5.657244682312012,-0.016711626052856445,0.020154733657836914,False,-1,,,
2154,2022,40,2,-3.4380009174346924,-0.025968551635742188,0.02199596881866455,False,-1,,,
2155,1797,35,2,-5.9742536544799805,-0.02564488410949707,0.001236114501953125,True,-1,,,
2155,1959,39,2,-1.0739233493804932,-0.008173350095748901,-0.045041170120239254,False,-1,,,
2159,610,12,13,-3.9862453937530518,0.03533732891082764,0.012161965370178223,True,-1,,,
2161,195,3,14,-3.7609219551086426,-0.019718899726867675,-0.03843731880187988,False,-1,,,
2165,1422,28,2,-5.153975009918213,0.014058485031127929,0.040590529441833494,True,-1,,,
2165,2308,46,2,-5.474406719207764,-0.0035666656494140626,0.011643762588500977,False,2301,0.004091968536376953,-0.0039886760711669925,0.023291072845458984
2166,279,5,13,-5.260322093963623,0.014075613021850586,0.02218284606933594,True,258,-0.0020392227172851564,0.01267923355102539,-0.006611223220825194
2168,199,3,2,-3.12644100189209,-0.01279489040374756,-0.0025783586502075195,False,-1,,,
2168,2437,48,2,-5.695403575897217,-0.02193817138671875,0.02002558708190918,True,-1,,,
2169,157,3,10,-5.8718180656433105,-0.02204421043395996,0.0073071479797363285,True,-1,,,
2170,282,5,2,-4.87834358215332,0.005596857070922851,0.01944913387298584,False,-1,,,
2170,727,14,2,-3.2134079933166504,-0.03403205156326294,0.007934393882751465,False,-1,,,
2170,1423,28,2,-0.7443998456001282,-0.0048187351226806644,-0.01732096791267395,False,-1,,,
2170,2309,46,2,-5.948885440826416,-0.0024295902252197267,0.01257152557373047,True,2325,-0.000742959976196289,0.0032327651977539064,0.011025390625000001
2173,885,17,14,-3.5338592529296875,-0.03976687669754028,-0.013503198623657226,False,-1,,,
2176,207,4,2,-5.809354782104492,0.0032979774475097655,0.02125892639160156,True,-1,,,
2176,1106,22,17,-5.374597072601318,-0.0027799129486083983,0.018420648574829102,True,-1,,,
2176,2005,40,2,-2.6689882278442383,0.002476773262023926,0.013196825981140137,False,-1,,,
2176,2240,44,2,-4.853488445281982,-0.01709245204925537,0.027831664085388185,True,-1,,,
2176,2313,46,2,-4.916242599487305,-0.0025948333740234376,0.0272829008102417,False,2302,0.006816873550415039,0.02373739242553711,0.01295721530914307
2177,299,5,13,-3.0953619480133057,0.015994205474853515,-0.005524625778198242,False,-1,,,
2180,1729,34,2,-2.8525984287261963,-0.0037450647354125978,-0.025081124305725098,False,-1,,,
2180,1985,39,2,-4.408876419067383,0.018051719665527342,0.0013442516326904296,False,-1,,,
2180,2424,48,10,-5.9742536544799805,-0.022918863296508787,0.00968353271484375,True,-1,,,
2183,1176,23,8,-1.9819986820220947,-0.008731064796447753,-0.03126603603363037,False,-1,,,
2186,998,19,2,-5.277838706970215,-0.004896459579467774,0.024606380462646484,False,973,-0.010749540328979491,-0.0017839717864990235,0.020537271499633792
2186,2103,42,2,-4.568415641784668,-0.0003335189819335938,0.03798788070678711,False,-1,,,
2190,969,19,18,-3.99773907661438,-0.0015774869918823242,0.005707554817199707,False,988,0.003405909538269043,-0.03768531322479248,0.04837626457214356
2193,415,8,3,-3.160109758377075,-0.010386462211608887,-0.04836680889129639,False,-1,,,
2194,125,2,5,-5.059808254241943,0.008756961822509766,0.017757816314697264,True,-1,,,
2198,251,5,2,-3.7319533824920654,-0.0060602474212646485,-0.025568070411682128,False,-1,,,
2198,1023,20,2,-1.5882973670959473,-0.025492159128189088,-0.015137429237365723,False,-1,,,
2199,330,6,16,-2.1181881427764893,-0.025219088792800902,-0.06148553371429443,False,-1,,,
2207,656,13,6,-1.205608606338501,-0.00767342209815979,-0.02889192581176758,False,-1,,,
2215,266,5,2,-5.131080150604248,0.00964369773864746,0.006891937255859375,False,258,0.009998464584350586,0.00955341339111328,-0.0023067092895507806
2215,287,5,2,-2.1330833435058594,0.004316058158874512,0.005159568786621094,False,-1,,,
2215,1778,35,2,-2.8253705501556396,-0.010208539962768555,0.0013184404373168944,False,1751,-0.01647946357727051,0.015308284759521484,-0.020260767936706545
2215,2401,48,2,-3.387312650680542,-0.006527295112609863,-0.00991187572479248,False,-1,,,
2217,739,14,10,-3.877628803253174,0.024637537002563478,0.005058455467224121,False,-1,,,
2219,2370,47,14,-3.3096070289611816,-0.019099559783935547,-0.0015508604049682617,False,-1,,,
2224,197,3,10,-5.331934452056885,-0.011135721206665039,0.025889253616333006,True,-1,,,
2228,448,8,20,-5.9742536544799805,-0.03943161964416504,0.0030718135833740236,True,-1,,,
2229,19,0,12,-5.9742536544799805,-0.027865324020385742,0.025904417037963867,True,-1,,,
2235,2022,40,19,-4.638079643249512,-0.030955014228820802,-0.020839319229125977,False,-1,,,
2237,75,1,19,-4.795474529266357,0.0201119327545166,0.0015955734252929687,True,-1,,,
2237,1122,22,10,-2.116450071334839,-0.011799349784851074,0.004208509922027588,False,-1,,,
2243,1676,33,20,-0.49291321635246277,0.0038524097204208374,0.0009797143936157227,False,-1,,,
2246,2089,41,3,-3.1584527492523193,0.008391146659851073,0.0007336807250976563,False,-1,,,
2249,1436,28,15,-4.440165996551514,0.019356164932250976,0.039484925270080566,True,-1,,,
2254,405,8,17,-3.892036199569702,0.036603169441223146,-0.01994445323944092,True,-1,,,
2262,628,12,13,-5.9742536544799805,-0.02965428352355957,0.04565007209777832,True,-1,,,
2264,1845,36,15,-5.9742536544799805,-0.012801342010498047,0.0,True,-1,,,
2272,1088,21,7,-5.500696659088135,-0.014150505065917968,0.009319639205932618,True,-1,,,
2273,2090,41,2,-5.725090980529785,-0.05768150806427002,0.001224651336669922,False,2091,0.007053279876708984,-0.008815479278564454,0.07477491855621338
2273,2309,46,2,-4.465728282928467,0.016067829132080078,-0.010808210372924804,False,2303,0.00685150146484375,0.0023563385009765627,-0.022380876541137695
2280,415,8,16,-5.631296157836914,-0.020919713973999023,0.004927129745483399,True,-1,,,
2280,1790,35,18,-3.7008321285247803,0.040587391853332516,0.03835185289382934,True,-1,,,
2280,1905,38,11,-1.6335662603378296,0.0020813226699829103,-0.02631748914718628,False,-1,,,
2283,1887,37,18,-4.660115718841553,-0.07819719910621643,0.02066253662109375,False,-1,,,
2285,1243,24,8,-1.650460958480835,-0.001739652156829834,0.0009064769744873047,False,-1,,,
2285,1306,26,6,-1.8727749586105347,-0.003316216468811035,-0.021585047245025635,False,-1,,,
2288,1430,28,4,-0.8202704191207886,-0.0028267884254455566,0.005224238634109497,False,-1,,,
2288,2005,40,21,-2.748277187347412,-0.032038252353668216,-0.002171897888183594,False,-1,,,
2290,223,4,3,-5.332406520843506,0.002912425994873047,-0.0001327228546142578,True,-1,,,
2291,2103,42,9,-3.809058427810669,-0.021349153518676757,-0.02371293544769287,False,-1,,,
2296,1814,36,2,-2.178804636001587,0.003921442031860352,-0.02189192295074463,False,-1,,,
2296,2437,48,2,-5.008556365966797,0.0029798030853271486,0.014816131591796875,True,-1,,,
2297,578,11,12,-3.6612582206726074,-0.06195913434028626,-0.03757309913635254,False,-1,,,
2303,1573,31,2,-3.284555196762085,-0.00727541446685791,-0.051178908348083495,False,-1,,,
2303,1967,39,2,-3.3975205421447754,-0.029024991989135742,-0.045708141326904296,False,-1,,,
2311,308,6,3,-1.607714295387268,0.0015499567985534667,-0.056856954097747804,False,-1,,,
2311,998,19,2,-5.149981498718262,-0.018398885726928712,0.002124433517456055,False,973,-0.0006562614440917969,-0.00458491325378418,0.02445197105407715
2311,1691,33,2,-5.508393287658691,0.00931720733642578,0.012290067672729492,True,-1,,,
2317,484,9,11,-2.0184831619262695,-0.01160578489303589,-0.009595003128051758,False,-1,,,
2321,2135,42,20,-3.7163245677948,-0.04172604560852051,0.027702555656433106,False,-1,,,
2322,260,5,21,-1.5853521823883057,0.02345499038696289,-0.01660654544830322,False,-1,,,
2326,2324,46,15,-5.208148956298828,-0.029543290138244627,-0.012299308776855469,False,2304,-0.005572786331176758,-0.005527496337890625,0.01719869136810303
2334,37,0,2,-2.000993490219116,-0.01582430362701416,-0.009784355163574218,False,-1,,,
2334,2283,45,2,-2.3527286052703857,-0.02727007508277893,-0.037298264503479006,False,-1,,,
2339,2303,46,17,-3.0303330421447754,0.03016770362854004,0.020330219268798827,False,-1,,,
2346,199,3,16,-5.265039920806885,0.0030379676818847656,-0.014184274673461915,True,-1,,,
2348,2437,48,3,-4.2140116691589355,0.017204608917236328,-0.018587350845336914,False,-1,,,
2351,461,9,11,-4.0391459465026855,0.03277435302734375,0.029527130126953124,True,-1,,,
2351,1108,22,12,-5.934255599975586,0.0007999610900878907,0.005454864501953125,True,-1,,,
2351,2449,48,12,-5.5448079109191895,-0.058701272010803225,-0.001890726089477539,False,2429,0.002734575271606445,0.0029947566986083985,0.056550364494323734
2354,1027,20,2,-4.2672247886657715,-0.003084592819213867,-0.01821308135986328,False,-1,,,
2354,2220,44,2,-3.7035584449768066,0.02364537239074707,0.0023560523986816406,False,-1,,,
2355,2335,46,2,-5.2987565994262695,-0.015143575668334961,0.012671689987182617,False,2305,-0.0009081268310546875,0.011456241607666015,0.015450897216796874
2355,2425,48,2,-5.860916614532471,-0.0412483549118042,0.04043694972991943,True,2429,-0.005922613143920899,0.004171886444091797,0.07159080505371093
2356,1660,33,2,-5.415552139282227,-0.009029712677001953,-0.009576005935668945,False,-1,,,
2356,2302,46,2,-5.138352394104004,-0.01121835708618164,-0.016635332107543945,False,2304,-0.008088216781616211,-0.016459665298461913,0.0029544734954833965
2357,62,1,15,-5.151871204376221,-0.002375011444091797,-0.008764657974243164,True,-1,,,
2363,1567,31,14,-4.760029315948486,0.024284486770629884,-0.02020888328552246,True,-1,,,
2364,1311,26,3,-2.956350564956665,-0.011883606910705566,-0.03784104824066162,False,-1,,,
2368,1271,25,2,-4.9528326988220215,0.012239484786987305,-0.01928713798522949,True,-1,,,
2368,2323,46,2,-5.363451957702637,0.003352823257446289,-0.008024587631225585,False,2325,0.003204183578491211,0.0014182758331298829,-0.009591503143310547
2369,1683,33,15,-5.9742536544799805,-0.006830463409423828,0.0,True,-1,,,
2374,1129,22,5,-2.849689483642578,-0.024996049404144287,0.011692028045654296,False,-1,,,
2376,1803,36,3,-2.742401123046875,0.03825827598571777,-0.006589522361755371,False,-1,,,
2379,2362,47,15,-4.443726062774658,0.030610551834106447,0.04223313331604004,True,-1,,,
2380,727,14,2,-2.012627363204956,0.012592706680297851,-0.007466182708740234,False,-1,,,
2380,2091,41,2,-5.798894882202148,0.0035071754455566406,-0.001374530792236328,True,-1,,,
2381,981,19,4,-5.926921844482422,-4.38690185546875e-06,0.0018172931671142578,True,958,-0.006541900634765625,0.003749532699584961,-0.00846975326538086
2382,316,6,14,-3.4951415061950684,0.025893917083740236,-0.04475769996643066,True,-1,,,
2397,2219,44,20,-5.889995574951172,-0.03232844352722168,0.003383426666259766,False,-1,,,
2401,209,4,3,-5.08445405960083,0.01779599189758301,0.00039960861206054686,True,-1,,,
2405,577,11,15,-3.3501110076904297,-0.04778753399848938,0.01083878517150879,False,-1,,,
2408,1423,28,3,-4.577550888061523,-0.02868800163269043,-0.027053642272949218,False,-1,,,
2409,2376,47,4,-4.546035289764404,-0.008488702774047851,-0.0012749385833740233,True,-1,,,
2410,227,4,2,-3.985438346862793,-0.015898847579956056,0.020071887969970705,False,-1,,,
2410,937,18,2,-4.138951778411865,-0.026327896118164062,-0.033604602813720706,False,-1,,,
2411,1389,27,13,-4.805227279663086,-0.044252638816833494,0.002362194061279297,False,-1,,,
2414,301,6,15,-3.6859548091888428,-0.06768936157226563,-0.021527333259582518,False,-1,,,
2416,1797,35,10,-5.5004987716674805,-0.010790166854858398,0.012963085174560547,False,1767,0.0069040203094482425,-0.0038927650451660157,0.0345500373840332
2417,1892,37,18,-3.480126142501831,-0.043432188034057614,-0.023771014213562012,False,-1,,,
2423,1020,20,2,-1.8358882665634155,-0.004334614276885986,0.0053197360038757325,False,-1,,,
2423,1961,39,2,-3.9538073539733887,-0.028148374557495116,-0.01060089111328125,False,-1,,,
2426,275,5,2,-5.869588851928711,-0.0006587505340576172,-3.374099731445313e-05,True,258,-0.002988243103027344,0.002553577423095703,-0.004916810989379883
2426,1018,20,2,-5.409190654754639,-0.009038753509521484,-0.007741842269897461,False,-1,,,
2426,1938,38,14,-4.951919078826904,-0.04252289295196533,-0.017260770797729492,False,-1,,,
2428,786,15,14,-1.2296158075332642,0.057052743434906,-0.009022846221923828,False,-1,,,
2432,2216,44,10,-2.939446449279785,0.015459332466125488,0.00812802791595459,False,-1,,,
2432,2483,49,12,-5.9742536544799805,-0.006130447387695312,0.03802167892456055,True,-1,,,
2433,1814,36,4,-5.9742536544799805,-0.00510380744934082,0.015957794189453124,True,-1,,,
2442,992,19,21,-2.150970220565796,0.019853267669677734,-0.01306480884552002,False,-1,,,
2444,424,8,14,-4.8417439460754395,-0.0741036319732666,-0.005498037338256836,False,-1,,,
2446,1206,24,3,-4.840301036834717,0.01673102378845215,-0.01502690315246582,True,-1,,,
2448,2089,41,21,-5.88395881652832,-0.055068683624267575,0.012745857238769531,True,-1,,,
2452,755,15,5,-3.116511106491089,-0.02708993911743164,0.017645440101623534,False,-1,,,
2454,821,16,5,-2.999116897583008,-0.03202473640441895,0.024668831825256348,False,-1,,,
2457,2290,45,18,-4.383918762207031,-0.03897270679473877,-0.014447345733642578,False,-1,,,
2458,1059,21,7,-1.0074442625045776,0.013264265060424805,-0.02350613832473755,False,-1,,,
2458,1184,23,10,-2.7869415283203125,-0.04011453151702881,-0.04741705894470215,False,-1,,,
2458,1278,25,3,-4.211414337158203,-0.03365960121154785,-0.01908388137817383,False,-1,,,
2458,1959,39,12,-4.100032806396484,0.03151444435119629,-0.037484416961669924,True,-1,,,
2465,2176,43,16,-5.860320091247559,-0.08159836530685424,0.0050248527526855465,True,-1,,,
2469,950,19,10,-5.01827335357666,-0.036914424896240236,-0.00047085762023925783,False,-1,,,
2470,1630,32,14,-4.8394317626953125,-0.06890917539596558,-0.015756816864013673,False,-1,,,
2474,22,0,2,-4.536774158477783,0.012441844940185546,-0.02518709182739258,True,-1,,,
2474,874,17,2,-1.1065788269042969,-0.01699575185775757,-0.06767704963684082,False,-1,,,
2482,2283,45,5,-4.218537330627441,0.014479837417602538,-0.03213233947753906,False,-1,,,
2483,297,5,2,-5.407301902770996,-0.024392452239990235,-0.007809791564941406,False,296,0.0057666397094726565,-0.007091264724731445,0.029440565109252928
2483,2352,47,2,-4.782524108886719,-0.045050439834594724,-0.016524896621704102,False,-1,,,
2483,2362,47,16,-4.588893413543701,-0.04980616569519043,0.010718441009521485,False,-1,,,
2490,558,11,14,-3.6989121437072754,-0.026852684020996095,0.00362612247467041,False,-1,,,
2492,724,14,17,-4.580985069274902,0.01711009979248047,0.021189250946044923,True,-1,,,
2499,135,2,8,-1.5974608659744263,0.039748589992523196,-0.008760898113250733,False,-1,,,
2501,1879,37,19,-3.222963571548462,-0.042829675674438475,-0.014168834686279297,False,-1,,,
2503,908,18,8,-1.9090203046798706,0.005075838565826416,0.004002790451049804,False,-1,,,
2512,308,6,13,-5.9742536544799805,-0.009411325454711914,0.0024174880981445313,True,-1,,,
2516,270,5,2,-3.565382480621338,-0.027419700622558593,-0.008915300369262696,False,-1,,,
2516,467,9,2,-3.2145979404449463,-0.02538245916366577,0.04177957773208618,False,-1,,,
2516,2303,46,2,-2.0738985538482666,-0.005694208145141602,0.0074832534790039065,False,2331,0.02774998664855957,-0.0214056396484375,0.06233308792114258
2516,2304,46,2,-5.56137752532959,-0.0059903812408447265,-0.008099555969238281,False,2330,-0.0334660005569458,0.0012608242034912109,-0.03683599948883056
2518,237,4,2,-3.1209962368011475,0.0006761980056762695,-0.01420562744140625,False,-1,,,
2518,1332,26,2,-3.5341787338256836,-0.033192365169525145,-0.004323053359985352,False,-1,,,
2520,937,18,13,-5.9742536544799805,-0.010698900222778321,0.002704057693481445,True,-1,,,
2526,727,14,9,-3.6325931549072266,-0.0259226131439209,0.006312556266784668,False,-1,,,
2530,144,2,2,-3.9196739196777344,-0.02344956398010254,0.025811920166015623,False,-1,,,
2530,2349,46,2,-4.380052089691162,-0.011984515190124511,0.015562038421630859,False,-1,,,
2531,821,16,15,-2.149043560028076,-0.020695056915283203,-0.034308648109436034,False,-1,,,
2534,1577,31,17,-3.3773386478424072,0.02713287830352783,-0.045095477104187015,False,-1,,,
2537,285,5,2,-2.5290303230285645,0.02635826587677002,-0.0008703756332397461,False,-1,,,
2537,1961,39,2,-4.682399749755859,-0.020195908546447754,0.00135040283203125,False,-1,,,
2537,2125,42,16,-2.9660892486572266,0.04248983383178711,-0.012766103744506836,False,-1,,,
2540,1582,31,11,-3.66469144821167,-0.0427800178527832,-0.013525972366333008,False,-1,,,
2542,983,19,2,-5.9742536544799805,-0.0028452205657958983,0.0,True,964,-0.031048984527587892,0.012481899261474609,-0.040685663223266604
2542,2346,46,2,-3.450951099395752,-0.021362404823303222,0.0014987564086914062,False,2338,-0.005635128021240234,-0.033997626304626466,0.05122365951538086
2545,1777,35,3,-3.6656312942504883,-0.005917687416076661,-0.025482597351074218,False,-1,,,
2546,88,1,6,-3.439330577850342,-0.028102421760559083,-0.016743278503417967,False,-1,,,
2547,226,4,2,-4.94497537612915,-0.007199735641479492,0.0032200050354003907,False,-1,,,
2547,258,5,2,-4.787424087524414,0.006502695083618164,0.0054531097412109375,False,256,0.0020112037658691407,-0.007715663909912109,0.008677282333374024
2548,239,4,17,-4.760141372680664,-0.03280408382415771,0.003189525604248047,False,-1,,,
2550,259,5,2,-5.798428535461426,-0.008669824600219726,0.0016752910614013673,True,296,-0.031654376983642575,-0.0025771808624267577,-0.018732080459594725
2550,2317,46,2,-5.926751613616943,0.0009500408172607422,0.009405584335327148,True,2335,0.005797853469848633,-0.0035161495208740233,0.01776954650878906
2553,1767,35,12,-4.526041507720947,0.02117755889892578,0.009631662368774415,True,-1,,,
2554,1172,23,3,-3.8165364265441895,-0.02999567985534668,-0.03970063209533691,False,-1,,,
2562,1422,28,19,-4.718133926391602,0.004649229049682617,-0.019015626907348634,True,1429,0.018163986206054687,-0.007184562683105469,0.0016836929321289058
2563,37,0,13,-3.426682949066162,-0.054130303859710696,-0.024465293884277345,False,-1,,,
2563,1611,32,19,-3.732603073120117,-0.05096426963806153,-0.01384958267211914,False,-1,,,
2565,660,13,19,-5.9742536544799805,0.0,0.0,True,-1,,,
2567,344,6,13,-2.0341756343841553,0.006044979095458984,-0.021749653816223145,False,-1,,,
2567,2497,49,7,-3.337233543395996,-0.03387383937835693,-0.04795134544372558,False,-1,,,
2569,2135,42,5,-0.8384893536567688,0.010777684450149537,-0.008749443292617797,False,-1,,,
2578,958,19,11,-5.426263809204102,0.008882350921630859,0.016458158493041993,True,964,0.00812586784362793,-0.01453190803527832,0.030233583450317385
2590,367,7,2,-4.640334606170654,0.0024291801452636717,-0.023020143508911132,False,-1,,,
2590,1764,35,11,-2.919626474380493,0.0552615213394165,-0.0021913766860961912,False,-1,,,
2590,2091,41,2,-5.27329683303833,-0.008302764892578125,0.0422358512878418,True,-1,,,
2594,1729,34,14,-5.9742536544799805,-0.06036075592041015,0.001345663070678711,True,-1,,,
2600,1326,26,3,-2.0552926063537598,0.0057301950454711915,-0.01635267734527588,False,-1,,,
2605,2442,48,3,-3.25882625579834,-0.005292596817016601,-0.028238229751586914,False,-1,,,
2606,504,10,2,-3.109642505645752,-0.01116666316986084,0.014360613822937011,False,-1,,,
2606,742,14,2,-3.115725040435791,-0.01306112766265869,-0.004572253227233886,False,-1,,,
2607,1803,36,11,-5.689521789550781,-0.014309329986572266,-0.004401836395263672,True,-1,,,
2608,1020,20,5,-1.9954800605773926,-0.018106610774993898,-0.03490804195404053,False,-1,,,
2623,638,12,2,-3.248413562774658,-0.016551289558410644,-0.04562363624572754,False,-1,,,
2623,1933,38,2,-0.7371674180030823,-0.002945737838745117,-0.007305001020431519,False,-1,,,
2624,1781,35,2,-5.797000408172607,0.0011851882934570312,0.017570676803588866,True,1778,-0.004555225372314453,0.02635817527770996,-0.014527912139892577
2624,2265,45,2,-4.28159761428833,-0.012882204055786132,-0.0033652591705322266,False,-1,,,
2625,1084,21,14,-3.2453927993774414,-0.030529069900512695,0.018998537063598633,False,-1,,,
2625,2216,44,6,-5.9082255363464355,-0.05372142791748047,-0.0013205623626708985,True,-1,,,
2626,1519,30,12,-0.6236960291862488,0.021172724962234497,-0.030492559671401978,False,-1,,,
2629,220,4,2,-2.3624563217163086,-0.022731301784515382,-0.013772315979003906,False,-1,,,
2629,2085,41,2,-1.0745432376861572,-0.0026006126403808594,0.012944770455360412,False,-1,,,
2635,227,4,2,-4.2885026931762695,0.0021399307250976564,0.02480050563812256,False,243,-0.025830874443054198,0.015042767524719239,-0.01821306705474853
2635,1332,26,2,-3.870090961456299,0.009734525680541992,0.013528113365173339,False,-1,,,
2636,2252,45,14,-2.4926440715789795,-0.03995246469974518,-0.03559225559234619,False,-1,,,
2638,312,6,16,-1.393294095993042,0.027267308235168458,0.0034091877937316895,False,-1,,,
2639,874,17,16,-5.093106269836426,0.008129997253417969,-0.010551614761352539,True,-1,,,
2643,174,3,12,-4.779287338256836,-0.024237232208251955,-0.016481294631958007,False,-1,,,
2644,923,18,8,-3.167142391204834,-0.04043056011199951,0.0009256982803344726,False,-1,,,
2649,897,17,22,-4.554995059967041,-0.06858421802520752,0.007946805953979492,False,-1,,,
2654,598,11,16,-4.976098537445068,-0.06238126039505005,0.0059797573089599605,False,-1,,,
2664,1062,21,10,-3.6371970176696777,-0.029731435775756834,-0.005872039794921875,False,-1,,,
2667,328,6,16,-5.625182628631592,-0.07833716630935669,0.0032160282135009766,False,-1,,,
2675,757,15,2,-4.196680068969727,-0.008025627136230468,0.0018460464477539063,False,-1,,,
2675,1644,32,2,-2.1145236492156982,-0.016146299839019777,-0.019823222160339354,False,-1,,,
2678,461,9,20,-3.974048376083374,0.03712894916534424,-0.0047746610641479495,True,-1,,,
2685,983,19,2,-4.969676494598389,-0.0027567100524902343,-0.008919401168823242,False,-1,,,
2685,1796,35,2,-4.07591438293457,-0.004318423271179199,-0.009193992614746094,False,-1,,,
2687,970,19,13,-3.0531508922576904,-0.0058323097229003905,-0.012268800735473633,False,-1,,,
2688,1122,22,7,-2.4264628887176514,0.0011608171463012695,-0.013445510864257812,False,-1,,,
2692,467,9,2,-3.5219647884368896,0.00012564659118652344,-0.00831925392150879,False,-1,,,
2692,2345,46,2,-5.855708122253418,-0.03715169906616211,0.010413122177124024,False,2335,0.00040106773376464845,-0.004301319122314453,0.052267208099365234
2694,1245,24,21,-3.883378505706787,-0.05638664245605469,-0.03847227096557617,False,-1,,,
2699,22,0,21,-5.96932315826416,9.860992431640626e-05,-9.860992431640626e-05,True,-1,,,
2699,988,19,2,-4.778558731079102,0.013245954513549804,0.02075972080230713,True,-1,,,
2699,2301,46,2,-5.714059352874756,-0.006978788375854492,0.007721767425537109,True,2308,0.0004931735992431641,0.017931394577026367,-0.002737665176391601
2702,1892,37,14,-5.1873555183410645,-0.03643566608428955,-3.679275512695312e-05,False,-1,,,
2709,1676,33,15,-2.8868250846862793,-0.027034432888031007,-0.0297028923034668,False,-1,,,
2709,2051,41,6,-2.9733612537384033,0.03536962985992432,-0.008538150787353515,False,-1,,,
2709,2204,44,16,-4.684112071990967,-0.06821448802947998,0.003898038864135742,False,-1,,,
2716,1969,39,4,-1.8787375688552856,-0.003216559886932373,-0.043694455623626706,False,-1,,,
2721,2312,46,14,-5.71771764755249,-0.0463917875289917,0.005581588745117188,False,-1,,,
2722,1656,33,15,-5.964168548583984,-0.04810236930847168,0.013770227432250976,True,-1,,,
2723,205,4,11,-4.350386142730713,0.027805652618408203,0.013004016876220704,True,242,-0.008085412979125977,-0.006881628036499023,-0.016005420684814455
2724,256,5,2,-5.33148717880249,0.0033640575408935545,0.01862048149108887,True,294,0.00819833755493164,-0.012196226119995117,0.035650987625122074
2724,638,12,11,-4.313934803009033,0.022211561203002928,-0.0306241512298584,True,-1,,,
2724,2303,46,2,-2.788787841796875,-0.014365925788879394,0.014008765220642089,False,2319,0.00810056209564209,0.009818816184997558,0.02665643692016601
2725,1430,28,16,-5.844316482543945,-0.019930686950683594,0.015229816436767579,True,-1,,,
2726,581,11,2,-0.6764007806777954,-0.008207731246948242,0.004971524477005005,False,-1,,,
2726,1265,25,2,-5.887092590332031,-0.04350308418273926,0.0013814449310302734,True,-1,,,
2730,367,7,10,-5.9742536544799805,-0.02255276679992676,0.01945572853088379,True,-1,,,
2731,126,2,2,-0.8566756844520569,0.040433448553085324,0.004031976461410522,False,-1,,,
2731,1044,20,2,-3.239286184310913,-0.012198963165283204,0.0039927434921264646,False,-1,,,
2737,1052,21,13,-3.994490146636963,-0.05363149404525757,-0.01657221794128418,False,-1,,,
2741,384,7,13,-4.680474758148193,-0.042534289360046384,-0.009149751663208007,False,-1,,,
2743,964,19,2,-5.206264019012451,0.009539155960083008,0.00522740364074707,False,-1,,,
2743,1777,35,2,-2.726863145828247,0.017351765632629395,0.007598285675048828,False,-1,,,
2746,719,14,2,-5.9742536544799805,-0.018485918045043945,0.0024642276763916014,True,-1,,,
2746,965,19,2,-2.190009117126465,0.04739250183105469,-0.02370964527130127,False,-1,,,
2746,2157,43,22,-3.512697219848633,-0.06463361322879792,-0.04126784324645996,False,-1,,,
2747,385,7,2,-4.872284412384033,-0.045862765312194825,-0.01509852409362793,False,-1,,,
2747,2313,46,2,-4.948107719421387,-0.03278879165649414,0.00521148681640625,False,2308,0.009188251495361328,-0.00651620864868164,0.05370473861694336
2750,1530,30,12,-3.717930555343628,0.00969062328338623,-0.013976006507873536,True,-1,,,
2752,1933,38,2,-3.1401164531707764,-0.03333432197570801,-0.011220622062683105,False,-1,,,
2752,2425,48,2,-2.746394634246826,0.008475623130798339,-0.003788762092590332,False,-1,,,
2758,1027,20,14,-3.6583940982818604,0.01804084300994873,0.005331802368164063,False,-1,,,
2761,1985,39,2,-4.873236656188965,-0.009828844070434571,-0.00031398773193359376,False,1954,-0.010413198471069337,0.013853445053100585,-0.014751787185668943
2761,2227,44,2,-5.179196834564209,-0.002842693328857422,-0.011818790435791015,False,-1,,,
2761,2325,46,2,-5.64573860168457,-0.0136765193939209,-0.006570301055908203,True,2328,-0.007492189407348633,-0.007764415740966797,0.00737844467163086
2761,2335,46,2,-5.502419948577881,-0.00204498291015625,-0.009436674118041992,True,2328,-0.007492189407348633,-0.007764415740966797,-0.007119464874267578
2764,957,19,12,-4.7960205078125,0.021750574111938478,-0.004638614654541015,True,972,0.01872537612915039,-0.022664871215820313,0.015001058578491211
2767,703,14,15,-4.3829121589660645,0.031205816268920897,-0.016645822525024414,True,-1,,,
2776,520,10,9,-5.907726287841797,-0.04785304069519043,0.03498716354370117,True,-1,,,
2779,980,19,20,-4.105900764465332,0.02963340759277344,-0.02540111541748047,True,-1,,,
2783,718,14,13,-5.673716068267822,-0.03961430072784424,-0.0033892154693603515,True,-1,,,
2784,1971,39,22,-3.913878917694092,0.03944969177246094,-0.0012384653091430664,True,-1,,,
2786,1882,37,13,-3.1535661220550537,-0.042979748249053956,-0.031457533836364744,False,-1,,,
2787,287,5,3,-3.4226393699645996,-0.021367402076721193,-0.033663063049316405,False,285,-0.004429469108581543,-0.012241239547729493,-0.004483890533447263
2789,2347,46,18,-3.307443141937256,0.029716348648071288,0.011475801467895508,False,2330,0.015769815444946288,-0.04580110549926758,0.04333037376403809
2793,284,5,2,-3.182831287384033,0.010611734390258788,-0.013996744155883789,False,278,-0.012644009590148926,-0.03839653015136719,0.0011440420150756817
2793,1326,26,2,-5.856512069702148,-0.006188631057739258,0.011798763275146484,True,1311,0.0003433036804199219,-0.0020989704132080077,0.020429668426513673
2793,2329,46,12,-2.3021984100341797,0.015956869125366212,0.01063995599746704,False,2346,0.018497300148010255,0.005849184989929199,0.007331202030181885
2803,1751,35,2,-4.789698600769043,0.010669231414794922,0.023258228302001954,False,-1,,,
2803,1961,39,2,-5.437221050262451,0.007734251022338867,0.03397353649139404,True,-1,,,
2814,220,4,3,-4.910112380981445,-0.00950887680053711,0.0021689605712890627,False,219,0.01621480941772461,-0.01774031639099121,0.04563296318054199
2818,467,9,6,-1.9935842752456665,0.03126147031784057,-0.015076992511749267,False,454,-0.0021183300018310547,-0.03411533832550049,-0.014341454505920406
2819,1265,25,2,-4.99381685256958,0.019608736038208008,-0.012049760818481445,True,-1,,,
2819,2338,46,2,-4.390216827392578,0.0025623798370361327,-0.008939294815063477,False,2305,-0.012782044410705566,-0.00753854751586914,-0.016745171546936034
2822,2091,41,3,-5.85831880569458,-0.005071401596069336,-0.0021080780029296875,True,-1,,,
2824,719,14,2,-5.337822437286377,-0.005349521636962891,-0.004551620483398438,False,-1,,,
2824,2345,46,2,-5.836410045623779,-0.011853590011596679,0.004786033630371094,True,2328,-0.006533107757568359,0.013085651397705077,-0.0029791355133056627
2825,366,7,17,-4.762577056884766,-0.006808528900146485,-0.01888442039489746,False,-1,,,
2825,2218,44,10,-2.206833600997925,0.0030657482147216798,-0.0008869600296020507,False,-1,,,
2826,537,10,8,-2.7484748363494873,-0.004739985466003418,-0.028673787117004395,False,-1,,,
2831,0,0,9,-3.2175590991973877,-0.03959438562393189,0.01539968490600586,False,-1,,,
2837,126,2,18,-2.5954880714416504,-0.03745401263237,0.010615682601928711,False,-1,,,
2844,1005,20,2,-2.771027088165283,-0.03195654630661011,-0.015323801040649414,False,-1,,,
2844,2090,41,2,-5.242820739746094,0.003306570053100586,-0.014628658294677735,True,-1,,,
2845,1660,33,2,-1.6888914108276367,-0.02316653847694397,0.022212562561035157,False,-1,,,
2845,2308,46,2,-5.084909915924072,0.002267332077026367,0.008921794891357422,True,2344,-0.03569326400756836,0.0021766090393066408,-0.03121541023254395
2846,1206,24,11,-3.981527328491211,-0.04263029098510742,0.029610252380371092,False,-1,,,
2847,786,15,11,-5.00583028793335,0.001166849136352539,-0.01396484375,True,-1,,,
2851,243,4,2,-5.649108409881592,-0.0011963748931884766,-0.0021280860900878907,True,223,0.004106349945068359,-0.005564451217651367,0.008739089965820313
2851,654,13,2,-4.089785575866699,0.0015065288543701172,-0.026177701950073243,False,-1,,,
2859,1084,21,6,-1.8151580095291138,0.012406504154205323,-0.02072671175003052,False,-1,,,
2862,735,14,2,-2.3001489639282227,0.01952653408050537,-0.02805562496185303,False,-1,,,
2862,780,15,2,-3.299119710922241,-0.02537424087524414,0.0067579221725463864,False,-1,,,
2864,943,18,7,-5.637801647186279,0.006615934371948243,0.004167547225952148,True,-1,,,
2865,2469,49,10,-5.722382545471191,-0.017731857299804688,0.0016304492950439454,True,-1,,,
2869,2443,48,14,-5.317886829376221,-0.04451630115509033,-0.0036324501037597657,False,2447,-0.03250258445739746,0.012761945724487305,-0.004380679130554205
2870,2281,45,17,-2.6800081729888916,0.0453355073928833,-0.03580671787261963,False,-1,,,
2887,293,5,2,-3.9431984424591064,-0.02682370662689209,-0.004659953117370605,False,-1,,,
2887,2330,46,2,-5.686211585998535,-0.002226676940917969,0.0031731510162353515,True,2317,-0.008214044570922851,0.008417825698852539,-0.011232042312622068
2888,976,19,6,-5.88102388381958,-0.0014252376556396485,-0.0018645954132080079,True,951,0.00130584716796875,0.010414447784423828,-0.009547958374023438
2899,387,7,18,-4.162529945373535,-0.06957169771194457,-0.0029029083251953126,False,-1,,,
2901,1044,20,2,-2.972440004348755,-0.026698439121246337,-0.006078200340270996,False,-1,,,
2901,1332,26,2,-2.529773235321045,0.025156922340393066,-0.011031789779663086,False,-1,,,
2901,2031,40,10,-3.7612767219543457,-0.030778384208679198,0.01175745964050293,False,-1,,,
2905,217,4,2,-4.657895565032959,0.01046468734741211,0.01240128517150879,False,227,-0.01612236976623535,0.024623055458068848,-0.038808827400207524
2905,237,4,2,-3.034043312072754,0.001491246223449707,-0.04148098945617676,False,-1,,,
2905,967,19,2,-4.8649396896362305,0.010786218643188477,0.007065486907958984,True,965,0.01489532470703125,-0.017213459014892577,0.028388051986694335
2905,2302,46,2,-3.3899896144866943,-0.012067093849182128,-0.01217318058013916,False,2348,-0.00023517608642578124,-0.021574931144714357,0.021233668327331548
2906,1119,22,13,-5.749306678771973,-0.018224973678588868,0.011490211486816407,True,-1,,,
2907,228,4,13,-4.60358190536499,0.02577366828918457,-0.020275115966796875,True,-1,,,
2918,1803,36,7,-3.841935873031616,0.009545435905456543,0.00034050464630126955,False,-1,,,
2920,983,19,10,-4.992292404174805,0.006489782333374023,-0.016055917739868163,True,965,0.008861045837402343,-0.01573716163635254,0.002052507400512698
2920,1048,20,11,-5.297366142272949,0.004122552871704102,0.006308116912841797,True,-1,,,
2922,973,19,2,-5.8937249183654785,0.001610574722290039,0.009592971801757812,True,959,0.0019539833068847657,-0.0019539833068847657,0.011890363693237305
2922,2319,46,2,-3.666422128677368,-0.0074132347106933595,-0.009640345573425293,False,2348,-0.001028895378112793,-0.014541091918945313,0.011285085678100586
2927,1263,25,3,-1.6325563192367554,0.012524430751800536,-0.0017971992492675781,False,-1,,,
2929,189,3,2,-2.4321374893188477,-0.02295480966567993,-0.015307421684265137,False,-1,,,
2929,776,15,2,-4.1314287185668945,-0.04190629005432129,-0.01704240798950195,False,-1,,,
2934,242,4,2,-4.640176296234131,0.02293163299560547,-0.019458436965942384,True,-1,,,
2934,716,14,2,-3.5062432289123535,-0.024289216995239258,-0.011674432754516602,False,-1,,,
2938,294,5,20,-4.194406986236572,0.03130892753601074,-0.011652355194091796,True,285,-0.014414935111999512,-0.01544881820678711,-0.041927399635314944
2938,1374,27,7,-5.9742536544799805,-0.07935750961303711,0.02322890281677246,True,-1,,,
2944,259,5,2,-4.590645790100098,0.02414651870727539,-0.0008001518249511719,False,-1,,,
2944,1657,33,2,-5.439480304718018,-0.04553122043609619,-0.004729471206665039,False,-1,,,
2945,581,11,2,-3.168464183807373,-0.0490132737159729,-0.04334189414978027,False,-1,,,
2945,1778,35,2,-4.2447829246521,0.0012497711181640625,-0.015993633270263673,False,1788,-0.0032803821563720703,0.0120466947555542,-0.032570481300354004
2953,2339,46,3,-5.803525447845459,-0.011852149963378905,0.010706005096435546,True,2304,-0.004865217208862305,0.0030042266845703124,0.014688711166381836
2954,1219,24,2,-5.256764888763428,-0.05766190052032471,-0.00477987289428711,False,-1,,,
2954,1988,39,2,-4.222719192504883,0.016246576309204102,-0.010630578994750976,True,1983,0.014361400604248047,-0.031475257873535153,0.018959503173828128
2958,1390,27,2,-5.250983238220215,-0.06993136882781982,-0.014465408325195312,False,-1,,,
2958,2317,46,2,-5.571913242340088,0.004677286148071289,-0.006169176101684571,False,2309,-0.008709459304809571,0.02254258155822754,-0.042098503112792965
2961,413,8,8,-2.443876266479492,-0.010397312641143798,-0.007824125289916993,False,-1,,,
2961,1780,35,2,-3.2954447269439697,-0.03038216829299927,-0.03488082408905029,False,-1,,,
2961,1999,39,2,-2.1907455921173096,0.00850560188293457,-0.06792232990264893,False,-1,,,
2963,1747,34,2,-2.6144747734069824,0.026710314750671385,-0.029721603393554688,False,-1,,,
2963,2302,46,2,-4.327687740325928,-0.01621793270111084,-0.0019831466674804688,False,2344,0.005133886337280274,0.007802295684814453,0.011566376686096193
2969,623,12,13,-2.476181983947754,0.05832097053527832,-0.02958496570587158,False,-1,,,
2969,1279,25,2,-3.6422531604766846,-0.008615908622741699,-0.018424906730651856,False,-1,,,
2969,2325,46,2,-5.741757392883301,-0.003090066909790039,0.007439050674438476,True,2309,0.0023662853240966797,0.028623075485229493,-0.0157276725769043
2971,288,5,2,-5.305994510650635,0.00041953086853027346,0.0009817886352539063,True,270,0.011827363967895507,-0.004157114028930664,0.016546735763549803
2971,1331,26,2,-5.04005241394043,-0.03081217288970947,-0.010943384170532226,False,-1,,,
2971,2307,46,2,-3.419642448425293,-0.006180257797241211,-0.010891647338867187,False,-1,,,
2971,2308,46,2,-4.928851127624512,0.0012584877014160155,0.0073626327514648435,False,2332,-0.02405575752258301,-0.019797611236572265,0.0018459987640380843
2973,404,8,3,-3.185427665710449,-0.01665214538574219,-0.04463120460510254,False,-1,,,
2973,1595,31,2,-3.0936813354492188,-0.05148685097694397,0.016980257034301758,False,-1,,,
2973,2328,46,2,-5.12898588180542,0.00900787353515625,0.004183797836303711,True,2305,-0.008959789276123047,-0.01191990852355957,-0.0018639564514160165
2974,563,11,11,-2.72609806060791,-0.02180349588394165,0.0498379921913147,False,-1,,,
2975,2107,42,14,-5.456234931945801,-0.07985740184783935,-0.006397457122802735,False,-1,,,
2980,505,10,7,-2.993184804916382,-0.030133659839630126,-0.019253134727478027,False,-1,,,
2985,2294,45,13,-1.8935881853103638,0.014169385433197021,-0.030263593196868898,False,-1,,,
2986,378,7,3,-1.5863615274429321,0.025028126239776613,0.0203594708442688,False,-1,,,
2988,356,7,12,-3.624981164932251,-0.05709957957267761,-0.02402505397796631,False,-1,,,
2996,223,4,2,-5.240020275115967,0.007516937255859375,-0.013737735748291015,True,-1,,,
2996,1939,38,2,-4.905093193054199,0.007709207534790039,-0.0023711204528808595,True,-1,,,
2997,57,1,2,-5.4028167724609375,-0.0003306674957275391,0.00261408805847168,True,-1,,,
2997,237,4,2,-5.5026397705078125,-0.0039306354522705075,0.0025271034240722657,True,-1,,,
2997,1125,22,2,-1.1623508930206299,-0.016077443361282348,-0.05647894859313965,False,-1,,,
2997,1417,28,2,-1.4620029926300049,-0.0037842774391174316,-0.022276849746704103,False,-1,,,
3002,1960,39,10,-5.952353477478027,-0.018351612091064454,0.037353296279907224,True,-1,,,
3003,2273,45,15,-5.847381114959717,-0.018461570739746094,0.029183197021484374,True,-1,,,
3005,2085,41,2,-5.539309978485107,-0.023105335235595704,0.0096783447265625,True,-1,,,
3005,2161,43,15,-5.9742536544799805,-0.013354816436767579,0.008623371124267578,True,-1,,,
3005,2206,44,2,-2.4851832389831543,-0.03395002603530884,-0.01706464767456055,False,-1,,,
3010,1907,38,3,-2.8328046798706055,0.014340028762817383,-0.011281747817993164,False,-1,,,
3013,278,5,2,-5.159049987792969,0.013999929428100586,-0.002158851623535156,True,-1,,,
3013,1644,32,2,-5.943752765655518,-0.0016632843017578124,0.00611821174621582,True,-1,,,
3015,780,15,14,-1.025813102722168,0.021321821212768554,-0.0037440848350524902,False,-1,,,
3017,285,5,2,-4.90563440322876,-0.008018674850463868,0.01851398468017578,False,-1,,,
3017,1774,35,2,-4.363063335418701,-0.020224785804748534,0.003912630081176757,False,-1,,,
3019,1983,39,3,-5.3216233253479,-0.020547046661376953,-0.013052606582641601,True,-1,,,
3020,296,5,17,-4.494884490966797,0.028592281341552735,0.007440242767333984,True,-1,,,
3020,323,6,16,-4.056734085083008,0.034683732986450194,0.01793071746826172,True,-1,,,
3020,951,19,16,-3.652487277984619,0.04643532752990723,0.009258708953857421,True,-1,,,
3023,950,19,14,-4.092972755432129,0.034970760345458984,-0.003104429244995117,True,-1,,,
3025,566,11,9,-3.272146463394165,-0.05184826135635376,0.006589484214782715,False,-1,,,
3030,1519,30,13,-1.192826271057129,0.059972829818725586,-0.013507730960845947,False,-1,,,
3044,1294,25,7,-5.558717727661133,-0.06646139621734619,0.014529991149902343,False,-1,,,
3051,735,14,2,-5.9742536544799805,-0.0362838077545166,0.0025833988189697264,True,-1,,,
3051,1278,25,2,-5.945278644561768,-0.00010637283325195313,0.0021630287170410155,True,1254,-0.08073497772216796,0.00961261749267578,-0.08807819366455077
3054,912,18,14,-4.488315582275391,-0.0714152216911316,-0.017355804443359376,False,-1,,,
3061,119,2,2,-5.093449115753174,0.009608135223388672,0.0036802196502685545,True,-1,,,
3061,2309,46,2,-4.957942485809326,-0.00957289695739746,0.012740821838378906,False,2303,-0.007604646682739258,-0.005740585327148437,0.020449657440185544
3071,1443,28,14,-5.919204235076904,-0.050194106101989745,0.003321199417114258,True,1429,-0.0076354026794433595,5.6610107421875e-05,0.04582329273223877
3079,2305,46,2,-5.338906764984131,0.005247659683227539,0.0076630783081054685,True,2332,0.008262701034545898,-0.0030602169036865233,0.01373833656311035
3079,2429,48,2,-5.970374584197998,-0.0022084903717041015,0.02536378860473633,True,2447,-0.027694005966186524,-0.0014141941070556642,0.0012924671173095703
3082,2472,49,17,-5.668162822723389,-0.034103188514709476,-0.0061218166351318356,True,-1,,,
3087,893,17,8,-3.325371026992798,0.04566347599029541,-0.028390841484069826,True,-1,,,
3089,282,5,2,-5.292009353637695,-0.0006429100036621094,0.0031461524963378906,False,-1,,,
3089,293,5,2,-4.118577480316162,0.016138925552368164,-0.020604629516601563,False,-1,,,
3089,1263,25,2,-4.391424655914307,-0.011252226829528809,0.005521821975708008,False,-1,,,
3089,1674,33,2,-2.5501978397369385,-0.011208999156951904,-0.029503960609436036,False,-1,,,
3091,1933,38,2,-4.598212718963623,-0.024102582931518554,-8.862495422363282e-05,False,-1,,,
3091,2304,46,2,-4.615969657897949,0.021377782821655273,-0.0027921581268310547,True,2324,0.008256521224975586,0.014210433959960937,-0.03012385368347168
3096,133,2,14,-5.350308418273926,-0.017447099685668946,-0.011750164031982422,True,-1,,,
3096,1999,39,26,-5.95363187789917,-0.038187656402587894,0.0059473800659179685,True,-1,,,
3097,257,5,11,-4.30002498626709,0.015509214401245117,-0.022694053649902343,True,-1,,,
3103,757,15,2,-1.5229939222335815,0.04069817304611206,-0.012327134609222412,False,-1,,,
3103,1044,20,2,-4.749485969543457,0.021719627380371094,-0.006341323852539062,False,1008,0.01341984748840332,-0.013883829116821289,-0.0007572746276855481
3107,1321,26,12,-4.797065734863281,-0.040396537780761715,0.006610403060913086,False,-1,,,
3108,712,14,4,-3.5907769203186035,0.017762556076049804,-0.011487979888916016,False,-1,,,
3116,256,5,2,-4.079719066619873,0.0209195613861084,-0.017065820693969728,False,271,-0.006718511581420898,-0.010388908386230468,-0.03431498527526855
3116,1545,30,2,-5.174903392791748,-0.040057806968688964,0.01451777458190918,False,-1,,,
3126,1311,26,13,-4.737980842590332,0.017402801513671875,-0.007527055740356445,True,-1,,,
3127,1178,23,12,-2.363006591796875,-0.03415899753570557,-0.01930570125579834,False,1194,0.06808560848236084,-0.040945420265197756,0.12388432502746582
3129,2425,48,13,-5.0509443283081055,-0.040712776184082033,0.0006804847717285156,False,-1,,,
3132,261,5,2,-3.9328958988189697,0.023165392875671386,-0.01946889400482178,False,284,0.02796600341796875,0.015548243522644042,-0.030216526985168458
3132,2339,46,2,-4.4609856605529785,-0.007959356307983398,0.0101939058303833,False,-1,,,
3133,1439,28,2,-2.6393728256225586,0.0022684669494628905,-0.016166372299194334,False,-1,,,
3133,1660,33,2,-3.726966381072998,-0.012343950271606445,0.009263348579406739,False,-1,,,
3134,1254,25,11,-4.9035325050354,0.00780975341796875,-0.010158882141113282,True,-1,,,
3137,1326,26,2,-5.719717025756836,-0.021444473266601562,-0.0020269680023193358,True,-1,,,
3137,2255,45,11,-5.278993606567383,-0.016654243469238283,-0.013905200958251953,True,-1,,,
3137,2344,46,2,-4.313027381896973,-0.008212518692016602,0.0028963661193847656,False,2337,0.011902208328247071,-0.03394184112548828,0.05695293426513672
3146,946,18,10,-0.9424142241477966,0.01479312539100647,-0.016311022043228148,False,-1,,,
3147,227,4,2,-1.5465954542160034,0.006956846714019776,-0.003888742923736572,False,215,-0.0011574292182922363,0.005815269947052002,-0.017818288803100584
3147,2330,46,2,-5.884047508239746,-0.01483652114868164,-0.0007524299621582031,True,2328,-0.0006827545166015625,0.007756853103637695,0.00564448356628418
3147,2334,46,2,-1.9792355298995972,0.014949533939361572,-0.003931024074554443,False,-1,,,
3147,2441,48,2,-4.271602630615234,-0.033828110694885255,-0.01214345932006836,False,-1,,,
3149,454,9,2,-4.819605350494385,0.015586233139038086,-0.00878920555114746,False,-1,,,
3149,1392,27,2,-5.604525566101074,0.0008107852935791015,-0.007217445373535156,True,-1,,,
3149,2169,43,3,-5.571828365325928,-0.05894752979278564,0.010458383560180664,True,-1,,,
3151,967,19,2,-2.6296632289886475,-0.0109600830078125,0.025763349533081056,False,-1,,,
3151,2326,46,2,-3.8235690593719482,-0.010979447364807129,0.005968017578125,False,-1,,,
3155,563,11,11,-2.4742727279663086,-0.0330365526676178,-0.03790376663208008,False,-1,,,
3155,1797,35,3,-5.9742536544799805,-0.0019771766662597654,0.008062467575073243,True,-1,,,
3157,2130,42,3,-3.232484817504883,-0.02120584011077881,-0.006978721618652344,False,-1,,,
3161,1493,29,11,-2.1480045318603516,-0.024213026762008667,-0.03624712467193603,False,-1,,,
3162,1299,25,2,-3.3335118293762207,0.04856730461120606,-0.025521020889282226,False,-1,,,
3162,1417,28,4,-4.02864408493042,-0.0254347562789917,-0.01615762710571289,False,-1,,,
3162,2319,46,2,-5.865226745605469,-0.019526777267456056,0.013141555786132813,True,2337,-0.024728221893310545,-0.0008533954620361328,0.008793506622314456
3165,1125,22,2,-4.680602073669434,-0.01785337448120117,0.012158031463623048,False,-1,,,
3165,2346,46,2,-2.0252299308776855,0.02284747123718262,-0.01127328872680664,False,-1,,,
3167,2178,43,3,-2.299571990966797,0.0019043397903442383,-0.0034756708145141603,False,-1,,,
3170,89,1,2,-4.851513862609863,0.02163135528564453,-0.006900339126586914,True,-1,,,
3170,219,4,2,-4.385645389556885,0.011551189422607421,-0.011685724258422852,False,-1,,,
3170,404,8,10,-5.068780422210693,0.018109464645385744,0.009610738754272461,True,-1,,,
3171,1788,35,4,-1.2040566205978394,0.036941401958465576,-0.02092097520828247,False,-1,,,
3172,867,17,17,-5.9742536544799805,-0.05288492679595947,0.004709901809692382,True,-1,,,
3176,1610,32,5,-1.316440463066101,-0.0033805704116821288,-0.03458865880966187,False,-1,,,
3177,2447,48,15,-4.5147528648376465,0.02845090866088867,0.00404423713684082,True,-1,,,
3178,959,19,3,-4.747271537780762,-0.012102689743041992,0.00021698951721191406,False,976,-0.023367486000061034,0.0034351158142089844,-0.014482922554016111
3180,413,8,21,-5.51078462600708,-0.05310720920562744,0.004099597930908203,True,-1,,,
3181,114,2,2,-5.524062633514404,-0.027983055114746094,-0.0023607254028320313,False,-1,,,
3181,1332,26,2,-3.313015937805176,0.007868223190307617,-0.04728279113769531,False,-1,,,
3181,1488,29,11,-4.725587368011475,-0.06427394151687622,0.040222063064575195,False,-1,,,
3188,270,5,2,-5.715709686279297,0.00027331352233886716,-0.00491983413696289,True,-1,,,
3188,729,14,2,-5.199615955352783,0.00214080810546875,0.001191253662109375,False,730,0.0037439632415771484,-0.010295658111572266,0.01309006690979004
3190,148,2,23,-1.706849217414856,0.014939062595367432,-0.024251506328582764,False,-1,,,
3191,1886,37,13,-5.9742536544799805,0.0,0.0,True,-1,,,
3194,1915,38,7,-4.215670108795166,-0.05753922700881958,-0.005421342849731445,False,-1,,,
3196,1796,35,2,-5.734552383422852,-0.0045947742462158206,-0.0013859081268310547,True,1780,0.005399465560913086,0.005180511474609375,0.003427820205688477
3196,2442,48,2,-4.467898845672607,0.010843553543090821,-0.0016114521026611328,False,-1,,,
3197,286,5,2,-5.9182868003845215,-0.01163564682006836,-0.0011193370819091797,True,-1,,,
3197,1008,20,2,-5.003708362579346,0.011549053192138671,0.014191875457763672,False,-1,,,
3197,1331,26,2,-4.703886985778809,0.01649764060974121,-0.006235494613647461,True,-1,,,
3197,1954,39,2,-3.0297932624816895,-0.04034107685089111,0.05123097479343414,False,-1,,,
3199,470,9,14,-5.378156661987305,0.006257810592651367,-0.0033295440673828127,True,-1,,,
3200,1595,31,7,-5.9742536544799805,-0.005642957687377929,0.002435455322265625,True,-1,,,
3202,1787,35,3,-2.4267232418060303,0.008476805686950684,0.012517821788787842,False,-1,,,
3209,2265,45,12,-3.9891297817230225,0.029629769325256346,0.013295598030090332,True,-1,,,
3212,2285,45,5,-1.7614927291870117,0.028161792755126952,-0.011578249931335449,False,-1,,,
3220,217,4,2,-4.7180705070495605,-0.015268278121948243,-0.017736244201660156,False,226,-0.007264280319213867,-0.004450817108154297,-0.005281429290771482
3220,973,19,2,-5.771273136138916,-0.01672013282775879,0.012882604598999023,True,972,0.0,0.0029450035095214843,0.026657733917236328
3222,2331,46,2,-5.449161529541016,-0.011496248245239258,-0.0021085166931152344,False,2328,0.004670534133911133,-0.005895872116088868,0.019954137802124024
3222,2478,49,2,-3.8158023357391357,0.013758120536804199,-0.019601407051086425,False,-1,,,
3223,1817,36,9,-4.732054710388184,0.010480403900146484,0.004154243469238281,True,-1,,,
3223,2085,41,9,-5.103020191192627,0.01742466926574707,-0.012048234939575195,True,2091,0.015489940643310546,-0.009246816635131836,-0.0047361469268798854
3225,135,2,11,-3.8972249031066895,0.014760551452636718,-0.032963714599609374,False,-1,,,
3228,1686,33,8,-3.9413206577301025,0.040479331016540526,-0.02278069019317627,False,-1,,,
3229,1553,31,9,-5.909271717071533,-0.002899131774902344,0.00842299461364746,True,-1,,,
3232,197,3,2,-1.4186352491378784,-0.013343614339828492,0.018457098007202147,False,-1,,,
3232,264,5,2,-2.5378358364105225,0.01253993034362793,0.003865814208984375,False,-1,,,
3234,215,4,2,-1.6598581075668335,-0.0025019383430480956,0.004668726921081543,False,-1,,,
3234,1657,33,2,-5.9742536544799805,-0.00791351318359375,0.0002516460418701172,True,-1,,,
3236,731,14,2,-3.8454129695892334,0.0010145139694213868,0.0017014694213867186,False,-1,,,
3236,2338,46,2,-4.848146438598633,0.01060617446899414,-0.013751888275146484,False,-1,,,
3238,953,19,2,-1.9469009637832642,-0.01097637414932251,-0.015590507984161377,False,-1,,,
3238,2347,46,2,-1.5070866346359253,0.0194753098487854,0.0022289538383483886,False,-1,,,
3240,214,4,2,-5.455338478088379,-0.0015401458740234375,-0.0034558773040771484,False,-1,,,
3240,1774,35,2,-5.9742536544799805,-0.024688377380371093,0.0034532928466796875,True,-1,,,
3244,1299,25,15,-5.9742536544799805,-0.026226577758789064,0.005530557632446289,True,-1,,,
3245,212,4,2,-3.678628444671631,0.03358356475830078,0.03784940481185913,True,221,0.012139892578125,-0.03400734901428223,0.05041308164596558
3245,2200,44,2,-4.180639266967773,0.022980031967163087,-0.003412151336669922,False,-1,,,
3258,724,14,2,-5.569713115692139,0.0014217090606689453,0.005384016036987305,True,-1,,,
3258,1265,25,2,-5.6339287757873535,-0.023732271194458008,-0.0003915596008300781,False,-1,,,
3260,1800,36,17,-5.812960147857666,-0.026363821029663087,0.0008672714233398437,False,-1,,,
3264,487,9,22,-5.910029888153076,-0.038041057586669924,0.010753889083862305,True,-1,,,
3266,555,11,10,-4.073413372039795,-0.044080817699432374,-0.029664068222045897,False,-1,,,
3267,1780,35,2,-5.968568801879883,-0.0026646041870117187,0.0353810977935791,True,-1,,,
3267,2305,46,2,-4.900850772857666,-0.005950937271118164,-0.002724771499633789,False,2337,0.015187520980834961,0.0034281158447265624,0.014985570907592775
3268,1079,21,3,-4.055028438568115,0.038384504318237304,0.03252068042755127,True,-1,,,
3268,2147,42,13,-4.413771629333496,0.02143397331237793,0.008968276977539063,True,-1,,,
3268,2384,47,10,-4.275450706481934,0.008757104873657226,-0.028705873489379884,True,-1,,,
3280,284,5,2,-2.2525360584259033,0.011045031547546387,-0.024097027778625487,False,299,-0.009932126998901367,0.000612320899963379,-0.045686507225036616
3280,1842,36,2,-1.9503275156021118,0.015793378353118896,-0.028275563716888427,False,-1,,,
3282,32,0,15,-3.1104283332824707,-0.04786620855331421,-0.018979005813598633,False,-1,,,
3282,1208,24,2,-3.6524250507354736,-0.04234382152557373,0.04254044055938721,False,-1,,,
3282,2406,48,2,-4.4435248374938965,0.03061457633972168,0.018878068923950195,False,2401,-0.010225572586059571,-0.0075565814971923825,-0.014405498504638672
3284,2189,43,3,-3.339064121246338,-0.03367746353149414,-0.049370222091674805,False,-1,,,
3287,1457,29,11,-4.3895649909973145,-0.06001577377319336,-0.01787032127380371,False,-1,,,
3288,248,4,2,-5.67124080657959,0.006060256958007813,0.000975332260131836,True,223,-0.015516300201416016,-0.0010312175750732421,-0.01957000732421875
3288,997,19,2,-5.727128028869629,0.0020510101318359374,0.00012936592102050782,True,965,-0.009597845077514648,-0.0015796661376953126,-0.009939823150634765
3288,1194,23,10,-4.222862243652344,0.026290512084960936,-0.03424874305725098,True,-1,,,
3293,259,5,17,-1.8770099878311157,0.024878175258636476,0.01097015380859375,False,299,-0.0023644185066223145,-0.011027326583862304,-0.005245113372802736
3293,2206,44,17,-4.748829364776611,0.021811466217041015,-0.002494020462036133,True,-1,,,
3297,295,5,2,-2.6513454914093018,-0.0026641607284545897,0.005253434181213379,False,-1,,,
3297,2314,46,2,-5.963198184967041,-0.005334653854370117,0.013746986389160156,True,2328,-0.011624536514282226,0.0002616119384765625,0.007195491790771485
3298,1781,35,3,-5.837387561798096,-3.057479858398438e-05,0.004810209274291992,True,-1,,,
3299,627,12,9,-1.9438241720199585,-0.00530454158782959,-0.04279632806777954,False,-1,,,
3303,114,2,9,-5.13840913772583,0.009645538330078125,-0.016716890335083008,True,-1,,,
3305,967,19,17,-3.8469886779785156,-0.0506436824798584,0.0018522262573242188,False,-1,,,
3305,1193,23,6,-5.774611949920654,-0.009563493728637695,0.050942277908325194,True,-1,,,
3315,2031,40,27,-5.479533672332764,-0.05698166847229004,-0.003151407241821289,False,-1,,,
3317,477,9,2,-0.9292861819267273,-0.010392518639564514,-0.009950109720230103,False,-1,,,
3317,2315,46,2,-2.2940661907196045,0.010393877029418946,0.0022124052047729492,False,-1,,,
3324,1855,37,11,-4.562294960021973,-0.07309759020805359,0.05126807689666748,False,-1,,,
3325,730,14,2,-5.382114410400391,0.003575410842895508,0.0027847576141357424,True,-1,,,
3325,2178,43,15,-5.820072650909424,-0.009979219436645507,0.04246010303497314,True,-1,,,
3325,2200,44,2,-4.967736721038818,-0.006661405563354492,0.0036061573028564452,False,-1,,,
3328,2464,49,3,-0.8459930419921875,0.006777515411376953,-0.004666736125946045,False,-1,,,
3331,1954,39,17,-4.774744033813477,-0.05924594163894653,0.011413307189941406,False,-1,,,
3332,2338,46,2,-5.236927509307861,0.0019465541839599608,0.005097866058349609,True,2326,-0.0326729154586792,-0.002294740676879883,-0.027226862907409673
3332,2421,48,2,-3.7540123462677,0.02177926540374756,-0.037942214012145994,False,-1,,,
3333,1101,22,22,-5.496389865875244,-0.067071213722229,0.04288996696472168,True,-1,,,
3334,378,7,2,-3.8690292835235596,-0.02391998767852783,-0.013886208534240723,False,-1,,,
3334,972,19,2,-5.654251575469971,-0.0063849067687988285,0.003531513214111328,True,965,0.0037684917449951174,0.02177661895751953,-0.008091707229614256
3334,1933,38,2,-4.943851470947266,0.018524169921875,0.001959047317504883,True,-1,,,
3334,2091,41,2,-5.244687080383301,-0.00624380111694336,-0.006280307769775391,True,-1,,,
3334,2302,46,2,-5.894581317901611,-0.006455831527709961,0.003193368911743164,True,2303,-0.0010904598236083985,0.012562274932861328,-0.004003534317016602
3334,2304,46,2,-3.9660093784332275,-0.011910538673400878,-0.002680907249450684,False,-1,,,
3335,2318,46,24,-3.1187820434570312,0.03350754737854004,-0.0071547508239746095,False,-1,,,
3336,1786,35,4,-4.609370708465576,0.0015397453308105468,-0.02462045669555664,True,-1,,,
3340,1822,36,2,-5.054540157318115,-0.05194220066070557,0.02371622085571289,False,-1,,,
3340,2282,45,3,-5.928598403930664,0.00026960372924804686,0.0012152385711669922,True,-1,,,
3340,2307,46,2,-5.836924076080322,-0.009591178894042969,0.034089603424072266,True,2328,0.0005936717987060547,0.014593229293823243,0.02968122482299805
3342,276,5,2,-5.9742536544799805,-0.006064233779907227,0.007941560745239258,True,285,-0.003489551544189453,0.012112054824829101,-0.0015958118438720702
3342,716,14,7,-4.625113487243652,0.01246601104736328,-0.0011109447479248048,True,731,-0.011345462799072266,-0.002330045700073242,-0.02259237289428711
3342,2478,49,2,-5.949526786804199,-0.027749624252319336,0.006381673812866211,True,-1,,,
3344,1390,27,3,-5.354708671569824,0.005309238433837891,0.03027067184448242,True,-1,,,
3347,1452,29,10,-5.6884870529174805,-0.10797268688678742,0.008784732818603515,False,-1,,,
3352,2227,44,5,-5.810625076293945,-0.026198902130126954,0.01789912223815918,True,-1,,,
3353,1136,22,17,-4.189514636993408,-0.044653236865997314,0.0002331066131591797,False,-1,,,
3354,1832,36,10,-5.780373573303223,-0.009742097854614258,-0.0012187576293945313,True,-1,,,
3354,2399,47,16,-5.718649387359619,-0.07335845947265625,0.006733980178833008,True,-1,,,
3355,2429,48,11,-3.396979808807373,0.039539527893066403,-0.007272443771362305,True,-1,,,
3362,1431,28,3,-1.8988779783248901,0.015295398235321046,-0.019456608295440672,False,-1,,,
3363,197,3,18,-3.3443586826324463,-0.04458784341812134,-0.029594388008117676,False,-1,,,
3364,144,2,4,-5.608291149139404,-0.021800470352172852,0.02239995002746582,False,119,0.005053653717041016,-0.008146514892578125,0.05740058898925782
3366,2401,48,11,-5.9742536544799805,-0.011888465881347655,0.013463106155395508,True,-1,,,
3370,1429,28,3,-4.732419967651367,0.020176753997802735,0.008278799057006837,True,-1,,,
3371,2208,44,2,-5.742911338806152,-0.010366325378417968,0.006102848052978516,True,-1,,,
3371,2406,48,2,-4.185011386871338,-0.013771095275878907,-0.00192047119140625,False,-1,,,
3373,780,15,4,-5.871251106262207,-0.044046483039855956,0.026882457733154296,False,-1,,,
3378,221,4,2,-5.611605167388916,-0.03216073036193848,-0.005236854553222656,False,232,-0.0009613227844238281,-0.005400161743164062,0.03136271476745606
3378,976,19,2,-5.398230075836182,0.006149749755859375,0.0031525230407714842,True,989,-0.021871309280395507,0.023415346145629883,-0.04828388214111328
3379,1331,26,16,-5.482089519500732,-0.028484582901000977,-0.0008633041381835938,True,-1,,,
3382,1290,25,17,-4.134528636932373,0.03679450035095215,0.009668641090393067,True,-1,,,
3390,1141,22,3,-4.5851593017578125,-0.03475708484649658,-0.014222393035888672,True,-1,,,
3390,1201,24,6,-4.182018756866455,0.03584469795227051,0.00607569694519043,True,-1,,,
3391,89,1,15,-5.017171382904053,0.019141645431518556,0.029994373321533204,True,-1,,,
3400,299,5,3,-3.4057042598724365,-0.009931182861328125,0.009605107307434082,False,261,0.005042657852172851,0.014110426902770996,0.010468521118164063
3402,1907,38,2,-1.990441918373108,0.01234992265701294,-0.04979548215866089,False,-1,,,
3402,2285,45,2,-5.344787120819092,-0.0056221866607666015,0.010787105560302735,True,-1,,,
3405,286,5,4,-5.85464334487915,-0.004507055282592773,-0.0003448581695556641,True,258,0.0026666259765625,0.00989419937133789,-0.003065376281738281
3415,1965,39,2,-2.842531681060791,-0.021160223484039307,-0.024771881103515626,False,-1,,,
3415,2113,42,2,-2.2089450359344482,-0.03099993109703064,-0.015796217918395996,False,-1,,,
3416,881,17,16,-3.5804812908172607,0.018718256950378417,-0.04168655872344971,True,-1,,,
3420,940,18,5,-5.525628089904785,0.0016428375244140626,0.006001243591308594,True,-1,,,
3421,226,4,2,-4.7771687507629395,-0.0028584671020507814,-0.014748687744140626,False,-1,,,
3421,2331,46,2,-5.726307392120361,0.00040449142456054686,-0.004958925247192383,True,2328,-0.014725074768066407,0.00330317497253418,-0.023391666412353518
3433,2464,49,14,-3.0730514526367188,-0.03810590744018555,-0.010096573829650879,False,-1,,,
3434,729,14,2,-1.6463398933410645,0.00587432861328125,0.006031267642974854,False,-1,,,
3434,1025,20,2,-4.192975044250488,-0.01566317558288574,-0.02287400245666504,False,-1,,,
3442,1125,22,2,-0.9885885715484619,0.014758386611938477,-0.0361525297164917,False,-1,,,
3442,2204,44,2,-3.8324642181396484,-0.006662445068359375,-0.035271892547607424,False,-1,,,
3448,445,8,16,-5.563049793243408,0.008224077224731445,0.013671340942382813,True,-1,,,
3452,541,10,3,-2.2296674251556396,-0.025757660865783693,-0.03570633411407471,False,-1,,,
3452,951,19,15,-3.9450037479400635,-0.0310797119140625,0.003733654022216797,False,-1,,,
3480,242,4,5,-3.9316565990448,-0.0014990472793579102,0.029697556495666504,False,-1,,,
3482,212,4,2,-2.047126293182373,-0.007008991241455078,-0.0038953924179077146,False,-1,,,
3482,259,5,2,-2.5211374759674072,-0.029984238147735594,-0.005411362648010254,False,261,0.0021510076522827147,0.0052581787109375,0.021465704441070554
3482,719,14,2,-5.0366058349609375,0.0010497760772705078,0.0003154754638671875,False,-1,,,
3482,730,14,2,-5.698105335235596,-0.017821779251098634,0.004156980514526367,True,-1,,,
3487,219,4,3,-5.534400463104248,-0.0013264656066894532,0.005481624603271484,True,-1,,,
3487,1008,20,2,-5.647635459899902,-0.00234588623046875,0.027238826751708984,True,-1,,,
3487,1431,28,2,-2.6524932384490967,-0.009962124824523926,0.016913702487945558,False,-1,,,
3489,1847,36,14,-5.9742536544799805,-0.018759927749633788,0.0320352840423584,True,-1,,,
3497,1012,20,2,-5.92476749420166,0.0005246353149414063,0.017635440826416014,True,-1,,,
3497,2305,46,2,-5.931832313537598,-0.010938987731933594,0.015162668228149413,True,2338,0.0,0.011593847274780274,0.014507808685302733
3501,1660,33,17,-5.165814399719238,0.010023164749145507,0.013266496658325196,True,1657,0.01740443229675293,-0.006204233169555664,0.026851997375488282
3503,1332,26,12,-4.013298034667969,0.012916717529296875,0.018923707008361816,True,-1,,,
3504,1676,33,14,-5.843717098236084,-0.008283472061157227,-0.0019109535217285156,True,1657,-0.001443328857421875,0.018865013122558595,-0.013935823440551758
3511,1635,32,4,-3.47355055809021,-0.009249176979064942,-0.05001406192779541,False,-1,,,
3513,509,10,8,-4.639510154724121,0.0038411617279052734,-0.0018460178375244141,True,-1,,,
3521,1748,34,5,-1.505249261856079,0.015489044189453125,-0.04170004367828369,False,-1,,,
3528,2119,42,2,-5.70404052734375,0.005404262542724609,0.04094008922576904,True,-1,,,
3528,2285,45,2,-5.9742536544799805,-0.008605566024780274,0.001560811996459961,True,-1,,,
3531,1480,29,4,-3.5176632404327393,-0.020526819229125977,-0.041798977851867675,False,-1,,,
3533,1219,24,15,-4.046958923339844,0.02034046173095703,-0.013462800979614258,True,-1,,,
3534,119,2,18,-3.5998339653015137,0.030951061248779298,-0.005524821281433105,True,-1,,,
3538,295,5,2,-5.652756214141846,-0.016713037490844726,0.0023372745513916015,False,264,-0.0016768264770507812,-0.007537899017333985,0.024911384582519534
3538,477,9,3,-3.239562511444092,-0.04334483623504639,-0.014587407112121581,False,-1,,,
3538,2313,46,2,-4.91824197769165,0.0211202335357666,-0.0211202335357666,True,2317,-0.00803828239440918,0.006951923370361328,-0.0572306728363037
3553,1016,20,2,-2.9875903129577637,0.0046472930908203125,-0.058071327209472653,False,-1,,,
3553,2212,44,2,-3.397010326385498,-0.01842496395111084,-0.03259869575500488,False,-1,,,
3564,1788,35,2,-2.3563268184661865,-0.011927051544189453,-0.035077481269836425,False,-1,,,
3564,2437,48,2,-4.930965900421143,-0.04126475811004639,0.00752985954284668,False,-1,,,
3572,291,5,2,-5.066976070404053,-0.0038753414154052736,-0.007246198654174804,False,-1,,,
3572,953,19,2,-5.282383918762207,0.012210817337036132,0.011779680252075195,True,-1,,,
3572,2328,46,2,-4.102272987365723,0.01457061767578125,-0.0064027500152587895,False,-1,,,
3572,2409,48,2,-5.954207897186279,-0.0037323760986328123,0.009205970764160156,True,-1,,,
3573,297,5,2,-5.506317615509033,-0.004359025955200196,0.0005053138732910156,True,258,0.0009557533264160156,0.025102519989013673,-0.019282426834106445
3573,1810,36,2,-5.185354232788086,0.010652341842651368,-0.004438152313232422,True,-1,,,
3574,730,14,2,-4.9174628257751465,0.008656892776489258,-0.006314115524291992,True,731,-0.0018578147888183593,0.010251884460449218,-0.02708070755004883
3574,1340,26,2,-2.422999382019043,0.006800789833068848,-0.025849142074584962,False,-1,,,
3577,2053,41,2,-1.9890080690383911,-0.012490785121917725,-0.034564507007598874,False,-1,,,
3577,2494,49,2,-0.8610497713088989,-0.013335389792919159,-0.007678868770599365,False,-1,,,
3579,1410,28,2,-5.082035541534424,-0.01376964569091797,0.009109668731689453,False,-1,,,
3579,2338,46,2,-5.1493611335754395,0.010372390747070312,0.0034362030029296874,False,2303,0.003255462646484375,-0.0017070388793945313,-0.001973686218261719
3585,232,4,2,-4.523286819458008,0.005713100433349609,-0.00375645637512207,False,201,-0.030308876037597656,-0.006596450805664063,-0.033181982040405275
3585,541,10,2,-5.023743629455566,-0.005897121429443359,-0.016385622024536133,True,-1,,,
3586,256,5,2,-5.695958137512207,0.003290252685546875,0.019484167098999024,True,264,-0.006394214630126953,0.026193256378173827,-0.016393556594848632
3586,1780,35,2,-2.4460959434509277,-0.02007443904876709,0.000248570442199707,False,-1,,,
3588,212,4,2,-1.3470728397369385,0.00884551763534546,-0.012205967903137207,False,-1,,,
3588,281,5,2,-2.5042364597320557,-0.011379170417785644,-0.017036595344543458,False,299,-0.005351061820983887,-0.038756494522094724,0.02774800777435302
3598,1781,35,8,-1.812474250793457,0.029538283348083495,-0.020326433181762697,False,-1,,,
3600,292,5,2,-4.949860095977783,0.01998260498046875,-0.01740155220031738,True,271,-0.025234551429748536,-0.007921133041381836,-0.054697575569152834
3600,2331,46,2,-4.097229957580566,0.020969429016113282,0.0009763813018798828,False,2347,-0.021721434593200684,-0.026348371505737305,-0.015366110801696777
3601,2162,43,28,-3.4664623737335205,-0.05228613615036011,-0.03532629489898682,False,-1,,,
3605,2204,44,2,-5.227589130401611,0.010946197509765625,-0.004278354644775391,True,-1,,,
3605,2314,46,2,-4.723723411560059,-0.0007855701446533203,-0.005490703582763672,False,2343,-0.012324590682983399,0.007227935791015625,-0.024257659912109375
3613,1610,32,21,-4.583100318908691,-0.02404911518096924,-0.011435403823852539,False,-1,,,
3615,378,7,12,-5.88532829284668,-0.029488592147827147,0.024690570831298827,True,-1,,,
3620,616,12,3,-2.5309951305389404,-0.03386089563369751,-0.01575495719909668,False,-1,,,
3628,1907,38,18,-3.959568977355957,0.04029369354248047,-0.028828229904174805,True,-1,,,
3629,1272,25,14,-1.4865792989730835,-0.018499298095703123,0.013956348896026611,False,-1,,,
3633,719,14,2,-5.69781494140625,-0.004732809066772461,0.015354433059692384,True,-1,,,
3633,1025,20,2,-5.228002548217773,-0.010203399658203126,-0.006885461807250977,True,-1,,,
3639,1125,22,10,-2.9858901500701904,-0.046999801397323605,0.041514302492141726,False,-1,,,
3646,735,14,14,-3.932870388031006,-0.057879807949066164,-0.013928823471069336,False,-1,,,
3648,1426,28,5,-3.414153575897217,-0.03968305349349976,-0.0070331811904907225,False,-1,,,
3654,201,4,2,-4.660771369934082,0.0006359672546386719,-0.02626964569091797,False,-1,,,
3654,2309,46,2,-4.805863857269287,0.016829538345336913,-0.022948341369628908,True,2346,0.011451473236083984,0.002492666244506836,-0.030819072723388678
3655,321,6,10,-3.482792854309082,-0.05067513465881348,-0.02173142433166504,False,-1,,,
3659,407,8,10,-4.123678207397461,0.03701150894165039,-0.02287663459777832,True,-1,,,
3661,568,11,11,-5.9742536544799805,-0.03899147033691406,0.0069497299194335935,True,-1,,,
3667,2339,46,23,-4.239443302154541,0.02442934036254883,-0.004843759536743164,False,2346,0.037858686447143554,-0.014326200485229493,0.022911787033081055
3668,100,2,22,-2.4650864601135254,0.025563325881958008,0.00835869312286377,False,-1,,,
3668,223,4,2,-3.5219509601593018,0.002136693000793457,-0.0007770442962646484,False,-1,,,
3668,2421,48,2,-5.608591079711914,-0.026474313735961916,-0.003064098358154297,False,2416,0.002033815383911133,0.02096843719482422,0.004475593566894535
3669,298,5,22,-3.4447317123413086,0.04397421836853027,0.003719658851623535,True,-1,,,
3670,751,15,13,-3.9049177169799805,-0.0481171989440918,-0.03817886352539063,False,-1,,,
3671,997,19,9,-3.1080305576324463,0.03884021282196045,0.003082270622253418,False,-1,,,
3672,2169,43,10,-2.0940945148468018,-0.01446976900100708,-0.001181955337524414,False,-1,,,
3675,1961,39,2,-2.676335334777832,0.00768681526184082,0.010549521446228028,False,-1,,,
3675,2326,46,2,-4.885223865509033,0.004915199279785156,-0.009595413208007813,False,2347,0.00911067008972168,0.0018065643310546874,-0.007206506729125976
3678,731,14,19,-3.590573787689209,0.021414785385131835,-0.011486310958862305,False,-1,,,
3681,713,14,3,-3.8906188011169434,-0.024139246940612792,-0.04077546119689941,False,-1,,,
3684,920,18,4,-1.9666842222213745,-0.018868420124053955,-0.041378891468048094,False,-1,,,
3687,965,19,2,-5.446537017822266,-0.003864412307739258,-0.00046802520751953124,False,989,0.002945137023925781,0.003130674362182617,0.0032108497619628903
3687,1319,26,2,-5.8055500984191895,-0.050592894554138186,0.0002857112884521484,False,-1,,,
3688,1358,27,9,-1.3259626626968384,-0.002374744415283203,-0.05108646631240845,False,-1,,,
3688,1693,33,3,-1.215257167816162,-0.0049083387851715085,0.014538146257400512,False,-1,,,
3691,113,2,2,-3.2042083740234375,-0.0034944438934326172,-0.02971959114074707,False,-1,,,
3691,511,10,2,-5.24308967590332,0.01206608772277832,-0.014623279571533204,True,-1,,,
3691,1911,38,13,-2.2124884128570557,-0.0008901262283325195,-0.01713724136352539,False,-1,,,
3698,139,2,16,-3.240070104598999,-0.04563514709472656,-0.012878284454345704,False,-1,,,
3710,1762,35,9,-5.9081244468688965,-0.030405359268188478,0.0023972511291503905,True,1787,-0.007321987152099609,0.010257339477539063,0.015223283767700192
3711,1340,26,4,-3.8450732231140137,0.0024218273162841795,-0.018507413864135742,False,-1,,,
3714,1208,24,2,-5.9742536544799805,-0.01767129898071289,0.002057170867919922,True,-1,,,
3714,2437,48,2,-4.941865921020508,0.009580621719360352,-0.01349991798400879,True,2416,0.01128742218017578,0.010804357528686524,-0.022597475051879885
3715,1939,38,16,-4.976820945739746,0.004161014556884766,-0.019948654174804688,True,-1,,,
3717,248,4,2,-5.815969467163086,0.0006267452239990235,0.01865389823913574,True,215,0.003597087860107422,0.022165327072143554,-0.0005410861968994131
3717,2200,44,2,-5.493153095245361,0.0013166141510009765,0.012193727493286132,True,-1,,,
3719,1615,32,25,-4.444171905517578,-0.055975778102874754,-0.01837754249572754,False,-1,,,
3732,1193,23,3,-5.56850004196167,-0.0637898826599121,-0.008115072250366211,False,-1,,,
3736,814,16,2,-1.2800465822219849,0.019163525104522704,0.007534868717193603,False,-1,,,
3736,1272,25,2,-0.8934656381607056,-0.00018820762634277343,-0.014262278079986573,False,-1,,,
3737,1737,34,7,-2.9897000789642334,-0.03115999460220337,-0.005875453948974609,False,-1,,,
3738,824,16,4,-4.619330883026123,-0.047604646682739254,-0.01857645034790039,False,-1,,,
3739,1961,39,2,-1.7231968641281128,0.014568483829498291,-0.017472050189971923,False,1956,-0.029022407531738282,0.017944450378417968,-0.07900739192962647
3739,1988,39,2,-4.578525543212891,0.017198457717895507,0.020167880058288574,True,-1,,,
3739,2043,40,2,-3.386516809463501,-0.03390698194503784,-0.042893166542053225,False,-1,,,
3739,2315,46,2,-3.1041767597198486,-0.01173698902130127,-0.0034473896026611327,False,-1,,,
3742,299,5,2,-4.0375237464904785,0.005258016586303711,0.01312157154083252,False,270,-0.016991381645202638,-0.010191283226013183,0.0010634565353393535
3742,1439,28,2,-4.391885757446289,0.006003904342651367,-0.016353387832641602,False,-1,,,
3748,1263,25,2,-5.3566575050354,0.0033972644805908203,0.005505399703979492,True,-1,,,
3748,1781,35,2,-2.4570627212524414,-0.029485105276107787,0.0016646671295166015,False,-1,,,
3753,2255,45,6,-2.016868829727173,0.008354024887084961,-0.027536206245422364,False,-1,,,
3755,957,19,2,-2.222839117050171,-0.016281094551086426,-0.0003746843338012695,False,-1,,,
3755,1322,26,2,-3.3532841205596924,-0.04016824007034302,-0.011741127967834473,False,-1,,,
3756,217,4,3,-1.8601588010787964,0.0580920147895813,-0.0025146865844726564,False,212,-0.016426587104797365,-0.0034250831604003907,-0.07360820531845093
3763,1429,28,3,-3.778604030609131,-0.0020055007934570313,0.015505571365356446,False,-1,,,
3768,447,8,2,-2.746907949447632,-0.007226719856262207,-0.04684812068939209,False,-1,,,
3768,2317,46,2,-2.894143581390381,0.027116661071777345,0.0058472824096679685,False,2321,0.018350815773010253,0.006053261756896973,-0.008971824645996097
3774,35,0,5,-4.7577223777771,0.024330625534057616,-0.003068075180053711,True,-1,,,
3775,2133,42,14,-5.025726795196533,0.008595504760742188,0.00234954833984375,True,-1,,,
3777,982,19,2,-1.6279739141464233,0.015355169773101807,0.005635120868682861,False,-1,,,
3777,1902,38,2,-4.760842800140381,-0.03622962951660156,0.019521026611328124,False,-1,,,
3784,566,11,12,-3.801863193511963,-0.033721904754638675,-0.0013160324096679688,False,-1,,,
3790,154,3,2,-1.353920578956604,0.018944761753082275,-0.005653691291809082,False,-1,,,
3790,281,5,2,-4.861337184906006,-0.0279012393951416,-0.008474454879760743,False,256,0.014556140899658203,-0.02399807929992676,0.05798100471496582
3795,1657,33,9,-5.6936726570129395,0.004696359634399414,-0.0002989673614501953,True,-1,,,
3803,989,19,14,-4.499047756195068,0.028229055404663087,0.010144357681274413,False,-1,,,
3804,292,5,13,-3.2722558975219727,0.03975242614746094,-0.012371549606323242,False,-1,,,
3804,1048,20,6,-0.9944825768470764,0.014744383096694947,0.0058129441738128665,False,-1,,,
3805,1079,21,8,-5.480608940124512,0.009872894287109375,-0.0012187957763671875,True,-1,,,
3806,481,9,2,-2.140117883682251,-0.001458120346069336,-0.009773521423339844,False,-1,,,
3806,1604,32,2,-1.4386508464813232,0.047336087226867676,-0.035034503936767575,False,-1,,,
3807,2447,48,10,-4.6616950035095215,-0.0412256383895874,0.007962989807128906,False,-1,,,
3813,1718,34,15,-4.150637149810791,-0.05882429361343384,-0.011889982223510741,False,-1,,,
3816,1961,39,14,-4.299067497253418,-0.03662462711334229,0.012098760604858398,False,-1,,,
3817,108,2,2,-5.277906894683838,-0.011996603012084961,0.008082971572875977,True,-1,,,
3817,485,9,10,-3.5393929481506348,-0.026531238555908204,-0.013045244216918946,False,-1,,,
3817,1780,35,2,-2.082249164581299,-0.02133662462234497,-0.007984471321105958,False,-1,,,
3822,1410,28,2,-5.1960625648498535,-0.008612842559814453,0.00244938850402832,True,-1,,,
3822,1987,39,2,-5.377042770385742,-0.012001514434814453,0.030722098350524904,False,-1,,,
3824,953,19,2,-4.5590715408325195,-0.012130885124206544,-0.02042534828186035,False,-1,,,
3824,1263,25,2,-5.577015399932861,-0.020220928192138672,0.00880350112915039,False,-1,,,
3825,1717,34,10,-0.550592303276062,0.03552074193954468,-0.02627034664154053,False,-1,,,
3840,212,4,3,-2.023437738418579,0.003614034652709961,0.01716264247894287,False,-1,,,
3841,282,5,2,-5.903724670410156,0.0014105796813964843,0.016871862411499024,True,288,-0.008971052169799805,-0.00033477783203125,0.006825008392333985
3841,1788,35,2,-4.517632484436035,-0.00042889595031738283,-0.025804967880249025,False,-1,,,
3843,1439,28,13,-5.081514835357666,0.005435552597045899,0.013245477676391601,True,-1,,,
3844,258,5,2,-4.928915023803711,-0.026553001403808594,-0.0008817386627197266,False,-1,,,
3844,1759,35,2,-5.019688129425049,-0.013055849075317382,0.0014911842346191405,False,1787,0.009408330917358399,-0.01759254455566406,0.041547908782958984
3851,447,8,5,-3.730149030685425,-0.003696022033691406,-0.026485190391540528,True,-1,,,
3853,2321,46,3,-3.154630184173584,-0.0070718955993652344,-0.02684074401855469,False,2308,0.019202280044555663,0.003487672805786133,-0.004054241180419922
3857,1482,29,5,-1.103996753692627,0.033629441261291505,-0.012716078758239746,False,-1,,,
3862,65,1,2,-3.7316112518310547,-0.019260516166687013,-0.01531785011291504,False,-1,,,
3862,154,3,14,-3.5678822994232178,-0.04871094226837158,-0.010968775749206542,False,-1,,,
3862,2349,46,2,-4.656309604644775,0.007741756439208984,-0.02580958366394043,False,2307,-0.009152116775512696,-0.019648866653442384,-0.02305459022521973
3868,1492,29,6,-5.340145587921143,-0.06034975528717041,-0.012682161331176757,True,-1,,,
3873,1869,37,12,-5.847797393798828,-0.0555828857421875,0.015149211883544922,True,-1,,,
3880,84,1,3,-4.036447048187256,0.0034961891174316406,-0.03067612648010254,False,-1,,,
3881,1025,20,15,-5.621665000915527,0.006442222595214844,0.036841626167297366,True,-1,,,
3881,1545,30,16,-4.423148155212402,0.026454582214355468,-0.01660262107849121,True,-1,,,
3882,814,16,12,-2.943344831466675,-0.027089557647705077,0.004337544441223144,False,-1,,,
3884,916,18,3,-1.092105746269226,-0.015122844576835633,-0.009404780864715577,False,-1,,,
3884,2409,48,23,-4.381929397583008,0.021091222763061523,-0.008247404098510743,True,2416,-0.009270939826965332,-0.021792945861816407,-0.01681662082672119
3886,351,7,14,-3.5029594898223877,-0.04981635570526123,0.033236892223358155,False,-1,,,
3890,380,7,2,-3.4261958599090576,0.0190114164352417,-0.03610523700714111,False,-1,,,
3890,2494,49,2,-4.147106170654297,0.0029483795166015624,-0.0024927234649658203,False,-1,,,
3901,870,17,17,-5.607159614562988,-0.01108292579650879,-0.00473567008972168,True,-1,,,
3902,295,5,12,-4.397451400756836,0.02456233024597168,-0.015613346099853516,True,-1,,,
3906,2172,43,10,-5.466169357299805,-7.603645324707032e-05,0.009848308563232423,True,-1,,,
3910,1553,31,2,-2.6888136863708496,-0.003222627639770508,-0.00022655963897705078,False,-1,,,
3910,1923,38,2,-0.6781330108642578,0.06801720619201661,-0.017155427932739258,False,-1,,,
3912,2331,46,10,-5.196056842803955,0.01053919792175293,0.0056533336639404295,True,2315,-0.032121162414550784,0.00442011833190918,-0.04142714500427246
3913,71,1,4,-5.280083179473877,-0.023014707565307616,-0.01388340950012207,True,-1,,,
3913,1840,36,4,-3.2852354049682617,-0.004241690635681152,0.007709441184997559,False,-1,,,
3917,271,5,10,-5.909291744232178,-0.007208776473999023,9.185791015625e-05,True,256,-0.005303144454956055,0.012859582901000977,-0.010862092971801757
3917,707,14,13,-3.1830594539642334,-0.035266761779785154,-0.030505452156066894,False,-1,,,
3922,878,17,24,-5.286074161529541,-0.07071165084838867,0.018438682556152344,False,-1,,,
3928,658,13,11,-5.9742536544799805,-0.05123706817626953,0.019035711288452148,True,-1,,,
3928,2064,41,10,-5.2053985595703125,0.014858131408691405,-0.005116529464721679,True,-1,,,
3937,1956,39,4,-2.9576570987701416,0.003441176414489746,0.033689842224121094,False,-1,,,
3940,1839,36,14,-3.673344850540161,0.0385176420211792,-0.024748406410217284,True,1828,-0.030917201042175293,-0.03488010883331299,-0.059303140640258795
3944,42,0,17,-5.370271682739258,-0.056551432609558104,-0.007854366302490234,True,-1,,,
3946,1131,22,2,-3.1152212619781494,-0.04826522827148438,0.013734192848205566,False,-1,,,
3946,2424,48,2,-5.410579204559326,0.009921541213989258,0.00044167518615722656,True,2416,-0.002433624267578125,-0.004638748168945312,-0.0072747421264648445
3947,230,4,2,-5.576916694641113,0.007228355407714843,-0.007946739196777344,True,-1,,,
3947,484,9,2,-2.6387462615966797,-0.03191006422042847,-0.029718294143676757,False,-1,,,
3949,982,19,2,-2.471954822540283,-0.03148086309432983,0.015437870025634766,False,-1,,,
3949,1174,23,2,-5.261218070983887,-0.030723209381103515,-0.014260711669921875,False,-1,,,
3950,1902,38,2,-5.9742536544799805,-0.017052860260009767,0.01583230972290039,True,1926,-0.042470297813415527,0.013183908462524414,-0.02276903629302978
3950,2130,42,2,-0.6055399775505066,0.011133447885513306,-0.018387004137039184,False,-1,,,
3951,291,5,2,-5.742013454437256,-0.015059709548950195,-0.003137073516845703,True,288,-0.008406314849853515,-0.001413431167602539,0.004929752349853517
3951,378,7,2,-3.8171372413635254,0.029860410690307617,-0.0072087860107421875,False,-1,,,
3953,851,17,2,-2.0426342487335205,-0.027288150787353516,-0.0459987211227417,False,-1,,,
3953,1573,31,2,-5.79368257522583,-0.029889774322509766,0.018351268768310548,True,-1,,,
3955,226,4,2,-5.9742536544799805,-0.0028711795806884766,0.012764129638671875,True,215,0.0008146953582763672,0.011714992523193359,0.0047350120544433615
3955,719,14,2,-5.429638862609863,0.0035878467559814454,0.004279079437255859,True,-1,,,
3956,2204,44,3,-5.840109825134277,-0.022095766067504883,0.0008669567108154297,True,-1,,,
3958,1340,26,16,-5.283516883850098,-0.04405628681182861,-0.004346256256103516,False,-1,,,
3960,2255,45,13,-2.6774742603302,0.03316488742828369,0.025976710319519043,False,-1,,,
3975,957,19,2,-1.9096266031265259,-0.0012024974822998048,0.010373306274414063,False,-1,,,
3975,1326,26,2,-0.37702640891075134,0.005041694045066833,-0.004671298861503601,False,-1,,,
3975,1820,36,3,-5.692675590515137,-0.0012173938751220703,-0.004588203430175781,True,1823,-0.02474550247192383,0.013587074279785156,-0.0417033863067627
3980,1797,35,12,-3.1360182762145996,0.032928972244262694,-0.0005292844772338867,False,-1,,,
3982,2216,44,2,-3.9461538791656494,0.00029431819915771485,0.0027147531509399414,True,-1,,,
3982,2344,46,2,-3.0766029357910156,-0.0051421022415161135,0.0016220903396606445,False,2311,-0.013314919471740723,0.0028345251083374025,-0.009385251998901365
3986,1851,37,13,-3.2825570106506348,-0.05413882255554199,0.010184330940246582,False,-1,,,
3992,730,14,2,-5.606202125549316,-0.021846551895141602,-0.002879047393798828,False,747,-0.0012915706634521484,0.03485544204711914,-0.017179508209228516
3992,2318,46,2,-3.1943271160125732,-0.0028444576263427735,-0.00960385799407959,False,2317,0.004517774581909179,0.020132050514221192,-0.022373676300048828
3995,28,0,2,-3.0927844047546387,-0.0468765389919281,0.03994232892990112,False,-1,,,
3995,140,2,17,-4.691715717315674,-0.03746646404266357,-0.018198394775390626,False,-1,,,
3995,1778,35,2,-4.391207218170166,-0.006385383605957032,0.008755841255187989,False,-1,,,
3997,2260,45,2,-5.232091903686523,-0.004293708801269531,-0.013538017272949218,True,-1,,,
3997,2328,46,2,-5.873254299163818,-0.02428936004638672,0.01664724349975586,False,2346,-0.028012895584106447,0.006335487365722656,0.0065882205963134766
4000,2015,40,24,-2.912778615951538,-0.04852523386478424,-0.008110222816467285,False,-1,,,
4003,151,3,15,-3.6988327503204346,-0.052593040466308597,0.005569405555725097,False,-1,,,
4007,983,19,15,-4.359870910644531,0.028057289123535157,0.00032097816467285156,True,-1,,,
4009,299,5,2,-4.545091152191162,-0.007719364166259766,-0.008992986679077148,False,-1,,,
4009,1350,27,2,-4.326709747314453,-0.07245100617408752,-0.022683773040771484,False,-1,,,
4011,1124,22,4,-5.57180118560791,-0.04670844078063965,0.009837636947631836,False,-1,,,
4013,549,10,21,-4.089300632476807,-0.06871135592460632,0.012557153701782226,False,-1,,,
4021,1828,36,3,-5.106624126434326,0.01458582878112793,0.0009709835052490234,True,1823,0.02081742286682129,-0.0008557510375976563,0.00805832862854004
4021,1983,39,17,-4.560805797576904,0.020321102142333985,-0.01860642433166504,True,-1,,,
4022,1780,35,18,-2.2129671573638916,0.04235940456390381,-0.009665265083312988,False,-1,,,
4022,1822,36,14,-4.772634029388428,0.013442249298095703,0.003017892837524414,True,1814,-0.012828378677368165,-0.024669504165649413,0.0014167690277099593
4023,1966,39,2,-5.59816837310791,-0.05850480079650879,-0.004674339294433593,False,-1,,,
4023,2308,46,2,-2.6636123657226562,-0.007213616371154785,0.005929956436157227,False,2317,0.004254770278930664,0.015674586296081542,0.0017237567901611343
4024,230,4,2,-5.920546531677246,0.0010741424560546874,0.003633432388305664,True,-1,,,
4024,2306,46,2,-2.9910380840301514,0.010168399810791016,-0.015305657386779786,False,2311,-0.0021261119842529296,6.670951843261719e-05,-0.02766687870025635
4025,961,19,3,-5.3379387855529785,-0.0037956142425537107,-0.0037676620483398436,True,-1,,,
4026,1411,28,11,-3.9220547676086426,0.03519859313964844,-0.0033164310455322268,True,-1,,,
4029,336,6,3,-3.507727861404419,-0.03567776441574097,0.0012694787979125976,False,-1,,,
4030,2303,46,16,-3.7307465076446533,0.021348233222961425,0.002860217094421387,False,-1,,,
4033,1835,36,17,-5.534383773803711,-0.006083011627197266,0.007460765838623047,True,-1,,,
4038,1265,25,2,-5.3403096199035645,0.00932952880859375,-0.009513053894042969,True,-1,,,
4038,2247,44,2,-2.8290417194366455,0.03329066753387451,-0.04115933895111084,False,-1,,,
4043,1108,22,2,-4.131685256958008,-0.029974122047424317,-0.008380556106567382,False,-1,,,
4043,2324,46,2,-5.124805450439453,-0.007445526123046875,-0.0007452678680419922,False,2305,0.008535537719726562,-0.018103208541870117,0.03333900451660156
4044,509,10,16,-3.45988130569458,-0.03202032566070557,-0.02225597381591797,False,-1,,,
4045,163,3,2,-4.675867557525635,0.006211233139038086,-0.023745403289794922,True,-1,,,
4045,747,14,2,-4.119120121002197,0.027376298904418946,0.01829309940338135,True,-1,,,
4045,1781,35,2,-4.949799060821533,-0.05354972362518311,0.02333043098449707,False,1787,0.024894981384277343,-0.006941604614257813,0.10871674060821533
4045,2313,46,2,-5.189620018005371,0.010689125061035157,-0.0034514617919921874,False,-1,,,
4047,1174,23,11,-3.044024705886841,0.05602848529815674,-0.01416018009185791,True,-1,,,
4051,1584,31,2,-5.188419818878174,0.0039857769012451175,-0.015517072677612305,True,1553,-0.03742547035217285,-0.014428749084472656,-0.042499570846557616
4051,1926,38,11,-5.573610305786133,-0.004898452758789062,-0.008012866973876953,True,-1,,,
4051,2060,41,2,-0.6754425764083862,0.012779688835144043,-0.015545880794525147,False,-1,,,
4057,288,5,2,-5.971918106079102,-0.0071201324462890625,0.02275845527648926,True,256,-0.010056161880493164,0.022131862640380858,-0.0023094367980956987
4057,2337,46,2,-4.470882415771484,0.0008846759796142578,-0.0020947170257568357,False,2307,0.0104510498046875,-0.015901222229003906,0.023372879028320314
4065,484,9,19,-4.668200492858887,-0.006731338500976562,-7.688522338867188e-05,False,-1,,,
4066,50,1,2,-4.060740947723389,-0.011075210571289063,0.008060221672058105,False,-1,,,
4066,1753,35,2,-3.127011775970459,-0.013068599700927734,-0.003851141929626465,False,-1,,,
4070,28,0,23,-4.6996235847473145,-0.06269304037094116,-0.021383447647094725,False,-1,,,
4076,730,14,17,-4.579524040222168,0.025076465606689455,0.011924962997436523,True,729,-0.008788347244262695,-0.0244000244140625,0.002460174560546872
4084,759,15,13,-5.9742536544799805,-0.06249699115753174,0.007515983581542969,True,-1,,,
4085,1956,39,2,-1.4391167163848877,-0.007971811294555663,0.007902953624725342,False,-1,,,
4085,2438,48,2,-2.2748734951019287,0.021781363487243653,-0.0020790386199951174,False,-1,,,
4096,212,4,2,-1.1407517194747925,0.009175500869750976,-0.009212112426757813,False,-1,,,
4096,1814,36,2,-5.906124114990234,-0.0009541893005371093,0.00577066421508789,True,-1,,,
4097,2314,46,3,-4.591134548187256,-0.0042419242858886715,-0.0012634658813476562,False,-1,,,
4100,842,16,6,-4.286175727844238,-0.06050363063812256,-0.0125701904296875,False,-1,,,
4103,1748,34,10,-4.9584784507751465,-0.03118638515472412,-0.012216567993164062,False,-1,,,
4105,280,5,2,-5.010632038116455,0.01927243232727051,0.0016036128997802734,True,264,0.018176479339599608,-0.007784986495971679,0.008292646408081052
4105,1971,39,2,-5.9742536544799805,-0.00133453369140625,0.0,True,-1,,,
4113,1012,20,2,-5.501020431518555,0.009464664459228516,0.04183992862701416,True,-1,,,
4113,1048,20,2,-5.927077293395996,-0.04489959239959717,0.006600742340087891,True,-1,,,
4113,1922,38,2,-1.6830798387527466,0.032273342609405516,-0.021732938289642335,False,1923,-0.008474173545837403,-0.021735212802886962,-0.040745241641998296
4113,2311,46,2,-4.465268135070801,-0.02242629051208496,0.02085921764373779,False,-1,,,
4125,1774,35,2,-3.205440044403076,-0.010588393211364747,-0.04861891746520996,False,-1,,,
4125,2343,46,2,-5.880502223968506,-0.021343221664428712,-0.001875028610229492,True,2307,-0.02059539794921875,0.01418868064880371,-0.015315885543823241
4126,622,12,6,-2.213273048400879,-0.027176315784454345,-0.007595572471618652,False,-1,,,
4128,717,14,6,-5.892440319061279,-0.01568404197692871,0.005703697204589844,True,-1,,,
4130,2282,45,4,-2.391592025756836,0.012044425010681153,0.03326484799385071,False,-1,,,
4135,256,5,2,-5.007651329040527,-0.002026338577270508,0.01284198760986328,False,264,0.0020053482055664065,-0.0019937705993652343,0.01886744499206543
4135,2326,46,2,-5.335648536682129,0.009682788848876953,0.01272130012512207,True,2318,-0.02123363494873047,-0.0002710533142089844,-0.017924070358276367
4138,1131,22,6,-2.8463003635406494,0.05615286350250244,0.0073116874694824216,True,-1,,,
4144,458,9,13,-5.805140018463135,-0.034654550552368164,0.005581207275390625,True,-1,,,
4151,946,18,2,-0.7794278860092163,0.012599432468414306,0.0020494461059570312,False,-1,,,
4151,1772,35,2,-5.8572235107421875,-0.02251777648925781,0.005716962814331055,False,1787,-0.01733111381530762,-0.0029969215393066406,0.013900547027587886
4152,209,4,2,-5.92408561706543,-0.00542790412902832,0.008086910247802734,True,220,-0.03692656993865967,0.0014113903045654297,-0.024823145866394045
4152,2308,46,2,-3.760047674179077,-0.008467373847961425,-0.014484925270080566,False,2338,-0.0056304931640625,-0.011393928527832031,-0.0002541160583496103
4154,1408,28,13,-4.049557209014893,-0.033423452377319335,0.006337118148803711,False,-1,,,
4162,2221,44,8,-4.610697269439697,-0.04353037834167481,-0.027271127700805663,False,2216,-0.002438220977783203,0.007684860229492187,0.006136169433593755
4165,8,0,14,-5.504568576812744,-0.004365110397338867,-0.008783502578735352,True,-1,,,
4165,230,4,2,-5.907179832458496,-0.00387451171875,-0.0008310222625732422,True,220,-0.02174349784851074,0.027222442626953124,-0.0459224510192871
4165,729,14,2,-5.9742536544799805,-0.010182628631591797,0.006964273452758789,True,-1,,,
4166,637,12,14,-5.807010173797607,-0.02243185043334961,-0.0011845302581787109,True,-1,,,
4166,1073,21,8,-3.4648094177246094,-0.04259817361831665,-0.01955439567565918,False,-1,,,
4167,336,6,25,-5.82490348815918,-0.06450309276580811,-0.0029870033264160155,False,-1,,,
4168,1381,27,6,-1.2906494140625,-0.0013075566291809082,0.009005249738693237,False,-1,,,
4176,1139,22,25,-3.5711488723754883,-0.03835894823074341,-0.020628032684326173,False,-1,,,
4179,1521,30,17,-1.008373737335205,0.03749614238739014,-0.07822196006774902,False,-1,,,
4193,1553,31,9,-2.7868118286132812,0.05481574058532715,-0.021632823944091797,False,-1,,,
4194,1814,36,2,-5.666459560394287,0.0022431278228759767,0.014610204696655273,True,-1,,,
4194,2332,46,2,-5.326390743255615,0.012957258224487305,-0.010745668411254882,True,2346,0.010668258666992187,-0.009675102233886719,-0.003359565734863283
4205,215,4,17,-4.0419020652771,0.024694299697875975,0.003429150581359863,True,-1,,,
4208,1789,35,15,-5.9742536544799805,-0.02890955924987793,0.0,True,1778,-0.03661824226379395,0.009820241928100586,-0.0175289249420166
4209,2242,44,2,-3.600668430328369,0.002662820816040039,0.0017372846603393554,False,2217,-0.023910326957702635,-0.0027213478088378906,-0.022114515304565426
4209,2314,46,2,-4.471157550811768,-0.007106819152832031,0.024830803871154786,False,2305,0.02963963508605957,-0.006910505294799804,0.06848776340484619
4212,1919,38,15,-5.228527545928955,0.005204286575317383,0.011176605224609375,True,-1,,,
4213,2416,48,3,-3.7367794513702393,0.03494879245758056,-0.037323098182678226,True,-1,,,
4219,1419,28,15,-2.5546774864196777,0.056449241638183593,-0.0010418987274169922,True,-1,,,
4220,1584,31,18,-4.1621575355529785,0.015229825973510741,0.01976229190826416,True,-1,,,
4221,1823,36,2,-4.99644136428833,0.019385299682617187,-0.0025013160705566408,True,-1,,,
4221,1871,37,2,-1.7009838819503784,-0.01692953109741211,-0.029921419620513916,False,-1,,,
4221,2424,48,14,-2.3776392936706543,0.03510746955871582,-0.014258441925048828,False,-1,,,
4223,943,18,5,-5.852808952331543,-0.008639364242553712,0.018437471389770508,True,-1,,,
4223,1842,36,17,-3.409722089767456,-0.027356815338134766,-0.01542733669281006,False,-1,,,
4225,1420,28,2,-1.6828547716140747,-0.010686044692993163,0.002599813938140869,False,1426,-0.013905394077301025,-0.012802917957305909,0.012183382511138915
4225,2144,42,2,-3.2241673469543457,-0.030114755630493165,-0.010955166816711426,False,-1,,,
4226,259,5,12,-3.8661489486694336,0.037794570922851566,0.014740233421325683,True,-1,,,
4228,797,15,2,-5.516979217529297,-0.020447702407836915,0.011336202621459962,True,-1,,,
4228,2394,47,2,-2.6306846141815186,-0.018895130157470703,-0.022728214263916014,False,-1,,,
4236,233,4,2,-5.126999378204346,-0.015819892883300782,-0.007814855575561523,False,220,0.01987466812133789,0.004475688934326172,0.023404016494750976
4236,1966,39,2,-5.868602275848389,-0.025356006622314454,0.005790233612060547,True,-1,,,
4239,856,17,12,-5.9742536544799805,-0.030397882461547853,0.00014734268188476562,True,-1,,,
4241,2490,49,6,-3.4071431159973145,-0.02150956153869629,0.013799915313720703,False,-1,,,
4245,1781,35,2,-4.654483795166016,-0.009945974349975586,0.005290136337280273,False,-1,,,
4245,1923,38,2,-5.9742536544799805,-0.02427779197692871,0.0021743488311767576,True,-1,,,
4249,946,18,2,-4.348181247711182,-0.06919309854507447,-0.024866352081298827,False,-1,,,
4249,2468,49,2,-2.0133705139160156,-0.011081235408782959,-0.0353667163848877,False,-1,,,
4256,719,14,19,-5.773072242736816,-0.0077059555053710935,0.0036438751220703126,True,-1,,,
4262,747,14,13,-1.7900888919830322,0.02504453659057617,0.015573134422302246,False,-1,,,
4263,331,6,11,-5.284668922424316,-0.07927814960479736,-0.01379169464111328,False,-1,,,
4266,1012,20,2,-5.317754745483398,-0.02035745620727539,-0.013129978179931641,True,-1,,,
4266,2343,46,2,-5.882826328277588,0.0011735248565673828,0.0020800018310546875,True,2304,-0.00993204116821289,-2.84576416015625e-05,-0.008997106552124023
4270,192,3,2,-5.644800662994385,-0.06182885646820068,0.013248167037963866,True,-1,,,
4270,263,5,2,-5.592874050140381,0.007627592086791992,0.0180767822265625,True,285,-0.02154484748840332,0.004819860458374023,-0.015915517807006837
4271,2217,44,2,-3.722486972808838,0.01863189697265625,-0.033815927505493164,False,-1,,,
4271,2314,46,2,-2.810847043991089,0.03863146305084229,0.0050773429870605465,False,-1,,,
4273,796,15,2,-1.7433310747146606,0.0002482199668884277,-0.031151177883148192,False,-1,,,
4273,967,19,2,-5.770172119140625,-0.034766826629638675,-0.0029204463958740234,False,982,-0.020796995162963867,0.002768077850341797,0.00828130722045899
4276,264,5,2,-4.693923473358154,0.021763362884521485,0.004862957000732422,True,-1,,,
4276,2216,44,2,-3.5290510654449463,0.0006182479858398437,0.03326661348342896,False,-1,,,
4285,1933,38,2,-0.4638414680957794,0.01397051990032196,-0.0022368782758712766,False,-1,,,
4285,2410,48,2,-5.9742536544799805,-0.0014331531524658203,0.006964635848999023,True,2421,-0.007607603073120117,0.01318317413330078,-0.012392988204956054
4286,1381,27,13,-4.454477787017822,-0.034752116203308106,-0.002896738052368164,True,-1,,,
4288,2144,42,3,-4.445720195770264,-0.033352532386779786,0.012564682960510254,False,-1,,,
4292,1258,25,2,-5.866201877593994,-0.04220754623413086,0.005951528549194336,True,-1,,,
4292,2282,45,2,-5.014254093170166,-0.05883941173553467,0.007236967086791992,False,-1,,,
4304,620,12,11,-2.8557913303375244,-0.03578627347946167,0.011215529441833495,False,-1,,,
4304,1772,35,2,-5.8943257331848145,-0.007016525268554687,0.014366273880004882,True,1774,-0.023681516647338866,-0.0016198444366455078,-0.0006788730621337911
4304,2053,41,2,-2.5447847843170166,0.03305563449859619,-0.05424320697784424,False,-1,,,
4308,1753,35,12,-5.382450580596924,0.011836061477661133,0.026484584808349608,True,-1,,,
4308,1787,35,16,-3.9683034420013428,0.04011900424957275,0.006763420104980469,True,-1,,,
4316,1500,30,2,-5.75757360458374,-0.010982465744018555,-0.003222169876098633,True,-1,,,
4316,2242,44,2,-4.906370639801025,-0.02378326892852783,-0.009180936813354492,False,-1,,,
4321,2347,46,21,-3.331705331802368,0.033299412727355954,-0.015525221824645996,False,-1,,,
4323,240,4,3,-5.829583644866943,-0.009724960327148438,-0.0011771774291992187,False,223,-0.011451683044433593,0.0,-0.002903900146484374
4326,2315,46,15,-5.190036773681641,0.009092769622802734,-0.0012586784362792968,True,2318,0.015363750457763671,-0.01639894485473633,0.02141124725341797
4330,1272,25,4,-5.89005708694458,-0.04179625988006592,-0.001587839126586914,False,-1,,,
4331,1871,37,15,-5.704545974731445,-0.048842039108276364,0.009379806518554688,True,-1,,,
4333,961,19,16,-5.960717678070068,-0.015793371200561523,0.009283895492553712,True,-1,,,
4338,1203,24,2,-5.020482063293457,0.011406984329223633,0.029087858200073244,True,-1,,,
4338,1426,28,2,-3.483236312866211,-0.020587520599365236,0.03147398471832275,False,-1,,,
4338,2204,44,2,-5.776351451873779,-0.02255558967590332,0.005297441482543946,True,-1,,,
4338,2307,46,2,-4.680449485778809,0.0100811767578125,0.006403751373291015,False,2338,0.024904489517211914,-0.02595944404602051,0.04718650817871094
4339,982,19,17,-4.439108371734619,0.03056539535522461,0.018269243240356444,True,-1,,,
4345,477,9,8,-5.9742536544799805,-0.06180793285369873,0.008927011489868164,True,-1,,,
4349,285,5,2,-5.010437488555908,0.015400686264038087,-0.016762228012084962,True,282,0.012917442321777344,-0.01446791648864746,-0.004777555465698247
4349,2394,47,2,-4.877686500549316,0.007536687850952148,-0.020838851928710937,True,-1,,,
4352,2001,40,7,-4.448977470397949,-0.05858317375183106,0.018802833557128907,False,2018,-0.027403440475463867,-0.0010103702545166016,0.050992937088012696
4352,2412,48,13,-3.539219856262207,0.03009714126586914,0.0017055559158325195,False,-1,,,
4354,2431,48,8,-5.784710884094238,-0.02509794235229492,0.003496236801147461,False,2402,-0.0022821426391601562,2.4700164794921874e-06,0.026309566497802733
4359,558,11,11,-4.826747894287109,-0.05160444259643555,-0.02295011520385742,False,-1,,,
4360,280,5,3,-3.837108612060547,0.0015032768249511718,0.013814382553100586,False,288,0.013275384902954102,-0.030413160324096678,0.055999650955200195
4360,571,11,9,-5.9742536544799805,-0.058946022987365725,0.0034902667999267578,True,-1,,,
4362,266,5,2,-5.888644695281982,0.0017121791839599609,0.006670732498168946,True,281,0.0038413333892822264,-0.001962299346923828,0.010762186050415038
4362,1938,38,2,-2.908735990524292,0.008994927406311035,-0.0117885160446167,False,-1,,,
4373,50,1,8,-5.036455154418945,0.014603395462036133,0.011648130416870118,True,-1,,,
4374,590,11,10,-4.939215183258057,-0.033758811950683594,0.021359825134277345,False,-1,,,
4374,1108,22,10,-1.3552069664001465,0.013574700355529785,-0.018636703491210938,False,-1,,,
4376,223,4,2,-5.88335657119751,0.0007817745208740234,0.012897605895996095,True,-1,,,
4376,1984,39,2,-1.6776221990585327,-0.0011371707916259766,-0.026516311168670655,False,-1,,,
4378,796,15,14,-5.231503009796143,-0.0473502779006958,0.0022559165954589844,False,-1,,,
4381,2262,45,17,-4.444559097290039,-0.05141758918762207,-0.011164779663085938,False,-1,,,
4383,2060,41,2,-1.7749587297439575,-0.010069074630737305,-0.0009930801391601562,False,-1,,,
4383,2317,46,2,-2.0938267707824707,-0.011070082187652588,-0.010294189453125,False,-1,,,
4387,1693,33,2,-3.443161725997925,-0.020220422744750978,0.028286609649658203,False,-1,,,
4387,2035,40,2,-5.203437805175781,-0.018618297576904298,0.023628721237182616,True,-1,,,
4389,1659,33,2,-1.8257145881652832,0.0044746589660644535,-0.0034502005577087404,False,-1,,,
4389,2304,46,3,-4.928639888763428,0.005171909332275391,-0.01866093635559082,False,2328,0.011793880462646485,-0.018871917724609374,0.0068329524993896475
4389,2344,46,2,-3.7104432582855225,0.014180655479431153,0.016306071281433104,False,2339,0.012472300529479981,-0.01269050121307373,0.02728821754455566
4393,673,13,17,-5.866171836853027,0.0021616363525390624,0.020051469802856447,True,-1,,,
4397,797,15,2,-3.5161662101745605,0.0491617488861084,-0.025965576171875,True,-1,,,
4397,1801,36,2,-5.736137390136719,0.003121843338012695,-0.004762325286865234,True,1843,-0.00414240837097168,0.008394842147827148,-0.020421419143676754
4399,141,2,3,-1.843347191810608,-0.0019986963272094725,0.0019629740715026854,False,-1,,,
4399,1971,39,14,-5.356915473937988,-0.02292320251464844,0.002204627990722656,True,-1,,,
4403,1122,22,2,-5.767144680023193,-0.021120452880859376,-0.0041421794891357425,True,-1,,,
4403,2421,48,2,-5.9742536544799805,-0.014599523544311523,0.0,True,-1,,,
4404,2114,42,9,-3.884803056716919,0.034489169120788574,0.006832637786865234,True,-1,,,
4405,957,19,16,-2.093207597732544,-0.02779862642288208,-0.03169236183166504,False,-1,,,
4412,2260,45,12,-5.162866592407227,-0.0065933609008789066,-0.010668401718139648,True,-1,,,
4414,1823,36,18,-2.364337921142578,0.06896965980529784,-0.03179526805877685,True,-1,,,
4417,1788,35,7,-1.3007209300994873,0.017187423706054687,-0.01216015100479126,False,-1,,,
4418,2468,49,15,-3.764108419418335,0.042769131660461424,0.012155413627624512,True,-1,,,
4419,1902,38,2,-5.044759750366211,0.018589878082275392,0.027907795906066894,True,1933,-0.03546521663665771,-0.0058914852142333985,-0.020255813598632814
4419,2330,46,2,-5.806504249572754,-0.017159032821655273,0.006725625991821289,False,2335,0.002767200469970703,-0.0021675682067871095,0.028819427490234372
4423,1010,20,17,-5.845640182495117,-0.04026900768280029,0.018874692916870116,True,-1,,,
4425,288,5,2,-5.180625915527344,-0.004169111251831055,-0.0049550247192382815,False,261,-0.0274088716506958,-0.01549271583557129,-0.012702069282531737
4425,2303,46,2,-5.719353675842285,-0.007142267227172852,-0.0011454486846923827,True,2337,-0.00638336181640625,-0.0030454349517822265,0.0026588916778564455
4438,350,7,12,-5.212912082672119,-0.04924631595611572,-0.015226831436157226,False,-1,,,
4442,223,4,2,-5.561901092529297,0.0017630863189697266,-0.004205722808837891,True,-1,,,
4442,1332,26,2,-4.8564839363098145,0.01490849494934082,-0.017677469253540037,False,-1,,,
4442,2217,44,15,-4.096379280090332,0.020736494064331056,-0.0014731693267822266,True,-1,,,
4442,2328,46,2,-5.963031768798828,-0.023295059204101562,0.002388458251953125,True,2305,-0.010872020721435546,0.0035373592376708985,0.011274137496948241
4442,2348,46,2,-2.3819427490234375,0.01147219181060791,-0.004759154319763184,False,-1,,,
4444,306,6,6,-4.112692832946777,-0.020386366844177245,-0.037231216430664064,False,-1,,,
4451,1420,28,2,-2.3989760875701904,-0.0006126832962036133,-0.012411479949951171,False,-1,,,
4451,1840,36,2,-4.804080963134766,-0.009641551971435547,-0.023403453826904296,False,-1,,,
4453,715,14,12,-2.744710683822632,0.01033574104309082,-0.004612975120544434,False,-1,,,
4453,1774,35,17,-3.773646593093872,0.04239593029022217,-0.027719578742980956,True,-1,,,
4464,212,4,2,-1.3096734285354614,-0.0119070303440094,-0.00328965425491333,False,-1,,,
4464,600,12,2,-5.782628059387207,0.0026352405548095703,-0.0038325119018554686,True,-1,,,
4468,284,5,2,-2.820345163345337,0.011283249855041503,0.009034547805786133,False,-1,,,
4468,2346,46,2,-5.921554088592529,-0.004289789199829102,-0.000109405517578125,True,2318,0.0015575885772705078,0.018368139266967773,-0.012630167007446288
4470,220,4,2,-5.751602649688721,-0.018008413314819335,0.003237028121948242,True,-1,,,
4470,2255,45,2,-5.9742536544799805,-0.06060116291046143,0.004043798446655273,True,-1,,,
4471,2018,40,3,-5.381402492523193,0.0037939071655273436,0.007348108291625977,True,-1,,,
4480,1785,35,2,-5.587199687957764,0.0034516239166259765,-0.0034433078765869142,True,1778,-0.004414739608764648,-0.007872467041015624,-0.003437204360961915
4480,2242,44,2,-5.2726898193359375,-0.00516714096069336,0.027697577476501464,False,-1,,,
4486,1500,30,4,-5.9742536544799805,-0.015465831756591797,0.0043848991394042965,True,-1,,,
4488,363,7,2,-5.556024074554443,0.006827878952026367,0.01909099578857422,True,-1,,,
4488,1979,39,2,-5.879391670227051,0.0018972396850585938,0.006474113464355469,True,1984,-0.05633581161499023,0.0040101146697998045,-0.05576905250549316
4489,1933,38,14,-5.971099376678467,-0.01169677734375,0.009712238311767579,True,-1,,,
4491,619,12,20,-3.9259653091430664,-0.05418997049331665,-0.023402185440063478,False,-1,,,
4493,685,13,19,-4.06884241104126,-0.06465098977088929,-0.027091522216796875,False,-1,,,
4493,992,19,2,-4.19995641708374,-0.021617188453674316,-0.017131805419921875,False,-1,,,
4493,2417,48,2,-3.810554265975952,0.007630934715270996,0.008819050788879394,False,2441,0.00882174015045166,-0.027355828285217286,0.037365684509277346
4509,226,4,7,-5.194812297821045,0.012272453308105469,-0.009168529510498047,True,-1,,,
4509,1881,37,16,-3.3833670616149902,-0.02917318820953369,0.02785438060760498,False,-1,,,
4513,1047,20,15,-3.3837521076202393,-0.004119391441345215,-0.038986344337463376,False,-1,,,
4518,1326,26,18,-4.374544620513916,-0.014959049224853516,-0.027527828216552735,False,-1,,,
4519,1882,37,17,-3.832608461380005,-0.0031021308898925783,0.0019483757019042969,False,-1,,,
4524,946,18,2,-5.768076419830322,0.0005897808074951171,0.004725961685180664,True,-1,,,
4524,1588,31,2,-5.517899036407471,0.009127092361450196,0.003225526809692383,True,-1,,,
4537,2322,46,24,-3.3611056804656982,0.014601178169250488,-0.0018097591400146485,False,-1,,,
4539,162,3,13,-5.9742536544799805,-0.02120838165283203,0.03883943557739258,True,-1,,,
4545,284,5,2,-2.381500005722046,0.005223040580749512,-0.01740426540374756,False,-1,,,
4545,1980,39,2,-3.0258469581604004,0.028510122299194335,-0.034776229858398434,False,-1,,,
4549,818,16,11,-3.24916934967041,-0.03559829711914062,-0.01777111053466797,False,-1,,,
4554,1736,34,14,-5.510924339294434,0.009266586303710937,-0.0056900310516357425,True,-1,,,
4555,493,9,19,-4.019400119781494,0.021195526123046874,-0.03909707069396973,True,-1,,,
4555,2050,41,9,-2.9009087085723877,-0.010724372863769531,-0.008183937072753906,False,-1,,,
4557,66,1,2,-2.807976722717285,0.008561038970947265,-0.0322917366027832,False,-1,,,
4557,2060,41,2,-1.8542985916137695,0.0036339521408081054,0.004136104583740235,False,-1,,,
4558,971,19,2,-3.9249680042266846,0.006247344017028808,0.00496877670288086,False,967,-0.006707596778869629,-0.008762083053588866,0.0007759189605712888
4558,1587,31,2,-2.458373785018921,-0.024373383522033693,-0.01636495590209961,False,-1,,,
4563,163,3,16,-4.299854278564453,-0.05811674118041992,0.009528460502624512,False,-1,,,
4565,1420,28,8,-5.9742536544799805,-0.045610361099243164,0.0,True,-1,,,
4567,333,6,15,-3.430729389190674,-0.05188411116600036,-0.022668237686157226,False,-1,,,
4570,256,5,2,-4.072381019592285,0.02083017349243164,-0.03415283203125,False,-1,,,
4570,1659,33,2,-4.738671779632568,-0.014863362312316894,-0.006085948944091797,False,-1,,,
4579,2417,48,18,-1.9537720680236816,0.007397303581237793,-0.05259731292724609,False,-1,,,
4584,1793,35,4,-5.8233771324157715,-0.004584550857543945,-0.002096233367919922,True,-1,,,
4592,1984,39,16,-4.3430256843566895,0.023860387802124024,-0.00458059310913086,True,-1,,,
4596,767,15,20,-4.972050666809082,-0.06926102876663208,-0.012490882873535156,False,-1,,,
4598,582,11,10,-5.435851573944092,0.010768041610717774,-0.010768041610717774,True,-1,,,
4600,360,7,8,-5.9742536544799805,-0.000372314453125,0.016732769012451174,True,-1,,,
4606,291,5,2,-5.323946952819824,-0.006569709777832031,-0.010548992156982422,False,282,0.00803426742553711,-0.013189992904663085,0.017244977951049803
4606,353,7,2,-0.2544058859348297,0.012068911194801331,-0.026210874915122986,False,-1,,,
4606,2063,41,2,-1.7017736434936523,0.027418289184570312,-0.008223328590393066,False,-1,,,
4606,2305,46,2,-5.131117343902588,0.013006477355957032,-0.011584091186523437,False,2327,-0.011771011352539062,-0.005653190612792969,-0.030708389282226564
4613,600,12,22,-4.097196578979492,0.02378284454345703,0.00065460205078125,True,-1,,,
4618,467,9,2,-0.6902709603309631,0.011531885862350464,-0.029619039297103883,False,-1,,,
4618,2212,44,2,-1.524416208267212,-0.005411527156829834,0.009766647815704346,False,-1,,,
4625,1512,30,6,-5.928625583648682,-0.012357444763183593,0.03537193298339844,True,-1,,,
4629,2314,46,16,-1.8686732053756714,0.03195491075515747,-0.008678762912750245,False,-1,,,
4633,1814,36,14,-5.44710636138916,-0.00026406288146972655,-0.010215396881103516,True,1843,-0.014320344924926757,-0.01022608757019043,-0.014045591354370118
4638,218,4,2,-2.9024782180786133,-0.0011522293090820313,-0.011936016082763672,False,-1,,,
4638,1840,36,2,-5.239320755004883,0.005858221054077148,-0.008438835144042969,False,1843,-0.023024768829345704,-0.00024835586547851564,-0.03707346916198731
4638,2317,46,2,-3.0799739360809326,0.004908685684204102,-0.0114593505859375,False,-1,,,
4638,2438,48,2,-3.1864852905273438,0.028599233627319337,-0.019062070846557616,False,-1,,,
4640,2430,48,16,-5.581101417541504,-0.0380440092086792,-0.005460929870605469,True,2402,-0.012730846405029297,-0.005402631759643554,0.025254864692687992
4646,2123,42,18,-5.873545169830322,-0.06785489559173584,0.024956703186035156,False,2130,-0.0296274471282959,0.027131004333496092,0.036053147315979
4651,6,0,7,-5.9742536544799805,-0.005955133438110351,0.03456127166748047,True,-1,,,
4651,2382,47,16,-3.4748990535736084,-0.04934710502624512,-0.010181503295898437,False,-1,,,
4660,1833,36,17,-5.969883441925049,-0.03051240921020508,0.008830089569091797,True,-1,,,
4665,2035,40,22,-5.315680027008057,0.004428873062133789,-0.005821657180786133,True,-1,,,
4666,1923,38,15,-2.7554714679718018,-0.047605547904968265,-0.022897772789001465,False,-1,,,
4673,992,19,4,-3.338233709335327,0.025239453315734864,-0.017990365028381347,False,-1,,,
4673,2337,46,3,-2.273353338241577,0.013887596130371094,-0.01623403072357178,False,-1,,,
4674,1587,31,15,-4.448672771453857,0.017563724517822267,0.013615641593933105,True,-1,,,
4682,1743,34,15,-1.5895577669143677,0.059138171672821045,-0.04358167409896851,False,-1,,,
4686,1700,34,15,-5.721668720245361,-0.014848413467407227,0.019339513778686524,True,-1,,,
4686,2043,40,17,-4.851587295532227,-0.05334372043609619,0.0001866436004638672,False,-1,,,
4689,2339,46,15,-1.959157109260559,0.010992429256439208,0.0008901143074035644,False,-1,,,
4697,260,5,18,-4.625972747802734,0.025803260803222657,-0.012960042953491211,True,-1,,,
4697,2135,42,16,-3.20841121673584,0.017804946899414063,-0.037114133834838865,False,-1,,,
4701,1876,37,15,-2.115446090698242,-0.02874792456626892,-0.027061014175415038,False,-1,,,
4702,283,5,2,-5.915557384490967,-0.018886833190917968,0.002937297821044922,True,-1,,,
4702,2242,44,2,-3.5351901054382324,0.025529842376708984,0.019867696762084962,False,-1,,,
4703,1220,24,16,-4.658154487609863,0.0192288875579834,-0.026321983337402342,True,-1,,,
4709,1693,33,3,-2.6328322887420654,0.009168033599853515,-0.0006651449203491211,False,-1,,,
4713,2081,41,2,-3.627675771713257,-0.035564327239990236,-0.023991580009460448,False,2060,-0.014806065559387207,-0.035728740692138675,0.032495422363281255
4713,2310,46,2,-3.4869048595428467,-0.018031258583068848,-0.012426266670227051,False,2344,0.021187963485717772,0.010278334617614746,0.016514620780944823
4721,291,5,2,-5.308365821838379,0.00051849365234375,-0.012147960662841796,True,261,0.017693052291870116,-0.014119462966918945,0.019146060943603514
4721,1805,36,2,-4.803791046142578,0.020928049087524415,-0.009579524993896485,True,-1,,,
4722,2144,42,18,-1.3562285900115967,0.059674859046936035,0.011960688829421997,False,-1,,,
4723,967,19,12,-3.7172982692718506,0.02340453624725342,-0.008393683433532716,False,-1,,,
4725,353,7,2,-3.6271629333496094,-0.04322823286056519,-0.04694181442260742,False,-1,,,
4725,1403,28,2,-5.9742536544799805,-0.01794384002685547,0.0011717891693115235,True,-1,,,
4725,2290,45,16,-3.212817668914795,-0.017486658096313477,-0.014387540817260742,False,-1,,,
4732,400,8,11,-0.8883885741233826,-0.0068526291847229,-0.018604170083999633,False,-1,,,
4734,971,19,17,-2.5039682388305664,0.022289423942565917,0.011944804191589355,False,-1,,,
4734,1988,39,13,-1.1363725662231445,0.026822028160095216,-0.022880635261535644,False,1975,-0.004762089252471924,0.016739203929901122,-0.07120395660400392
4739,80,1,2,-1.2930952310562134,-0.006155034303665161,-0.012962398529052734,False,-1,,,
4739,1098,21,11,-2.5545170307159424,-0.04115767776966095,-0.02185105323791504,False,-1,,,
4739,1574,31,2,-4.688480377197266,0.009995336532592774,-0.009061088562011719,True,-1,,,
4741,870,17,12,-3.811232089996338,-0.04677286148071289,0.02826429843902588,False,-1,,,
4741,2439,48,11,-5.486711025238037,-0.0014942741394042968,-0.009510440826416016,True,2410,-0.016849536895751954,-0.0036739826202392576,-0.02119172096252441
4743,1052,21,2,-1.6037582159042358,0.014056599140167237,-0.008651268482208253,False,-1,,,
4743,2346,46,2,-4.852592945098877,0.0023982906341552734,-0.0007793712615966797,False,2326,0.012234277725219726,0.0025169849395751953,0.006539630889892577
4745,1111,22,21,-3.3843655586242676,-0.034176981449127196,-0.022800712585449218,False,-1,,,
4754,1840,36,19,-3.903691530227661,0.03416260242462158,-0.001285686492919922,False,-1,,,
4758,1669,33,3,-5.295403480529785,-0.03697610855102539,-0.00254852294921875,False,-1,,,
4763,395,7,29,-2.7466466426849365,-0.01456704616546631,-0.009478158950805664,False,-1,,,
4763,531,10,9,-0.5128147006034851,-0.0035510367155075074,-0.06418218731880188,False,-1,,,
4765,2420,48,8,-4.6287970542907715,0.02690913200378418,0.00598689079284668,True,-1,,,
4770,1517,30,12,-5.9742536544799805,-0.0228289794921875,0.0012941265106201172,True,-1,,,
4772,2213,44,7,-5.9742536544799805,-0.000608062744140625,0.004394998550415039,True,-1,,,
4774,316,6,5,-2.2874367237091064,-0.023449711799621582,-0.03701502323150635,False,-1,,,
4774,738,14,17,-0.6846874952316284,0.003682861328125,-0.014965267181396484,False,-1,,,
4775,13,0,2,-4.099300384521484,-0.005037555694580078,0.01965198040008545,False,-1,,,
4775,256,5,2,-5.9742536544799805,-0.007642564773559571,0.0141860294342041,True,261,-0.008417148590087891,0.04037951946258545,-0.02696807384490967
4775,283,5,2,-5.605077266693115,0.00571986198425293,0.016939287185668946,True,270,-0.01664764404296875,0.008301544189453124,-0.013729763031005857
4775,1792,35,2,-2.625377893447876,0.0013456201553344726,-0.0069189453125,False,-1,,,
4777,2441,48,16,-4.762298107147217,0.024239110946655273,-0.011248798370361328,True,-1,,,
4780,620,12,13,-2.431290626525879,-0.010498819351196289,-0.033039798736572264,False,-1,,,
4780,654,13,2,-5.9742536544799805,-0.020494470596313475,0.051549949645996095,True,-1,,,
4780,2340,46,2,-5.475905418395996,-0.02422266960144043,0.0022054481506347656,True,2338,-0.005850610733032227,-8.640289306640625e-06,0.02058614730834961
4782,1785,35,10,-4.892290115356445,0.02003615379333496,0.0022954368591308594,True,-1,,,
4783,167,3,8,-5.674593925476074,-0.027423295974731445,0.00926788330078125,True,-1,,,
4790,1975,39,3,-0.42450064420700073,0.01161007046699524,-0.0021450603008270263,False,-1,,,
4794,48,0,12,-3.1184704303741455,-0.050865514278411864,-0.045030407905578614,False,-1,,,
4794,196,3,6,-3.9279286861419678,-0.05676418781280518,0.010416555404663085,False,-1,,,
4796,1279,25,2,-4.496354103088379,-0.016572480201721192,0.002817087173461914,False,-1,,,
4796,1778,35,2,-3.356006622314453,0.03013472557067871,-0.012442522048950196,True,-1,,,
4797,147,2,18,-1.8108270168304443,0.012138772010803222,-0.03707278251647949,False,-1,,,
4799,2063,41,12,-5.9742536544799805,-0.03970719814300537,0.01061549186706543,True,-1,,,
4799,2169,43,19,-1.67079758644104,0.025973610877990723,0.002163410186767578,False,-1,,,
4800,268,5,2,-1.205675482749939,0.0012201166152954101,-0.011002237796783448,False,-1,,,
4800,2311,46,2,-0.8191377520561218,-0.0034701454639434813,0.004477899074554443,False,-1,,,
4804,951,19,2,-5.9742536544799805,-0.014890279769897461,0.006616125106811524,True,-1,,,
4804,1579,31,2,-5.570919513702393,-0.002891845703125,0.00957763671875,True,-1,,,
4818,950,19,2,-4.6848464012146,-0.018209543228149414,0.008398103713989257,False,-1,,,
4818,2335,46,2,-5.9742536544799805,-0.002448301315307617,0.004061574935913086,True,2318,-0.009875431060791015,0.015749902725219728,-0.01911545753479004
4820,902,18,2,-2.167604684829712,-0.027284785509109497,-0.06261169910430908,False,-1,,,
4820,991,19,2,-4.721251487731934,0.0013318920135498046,-0.008862600326538086,False,-1,,,
4824,131,2,16,-3.857783317565918,0.03783064842224121,0.015494742393493653,False,-1,,,
4824,475,9,2,-2.0420968532562256,-0.027712130546569826,0.021961382627487182,False,-1,,,
4824,2301,46,2,-4.195224285125732,-0.0031558895111083985,0.020255565643310547,False,-1,,,
4827,1296,25,24,-5.845083713531494,-0.03431234359741211,-0.0025833988189697264,True,-1,,,
4827,1843,36,8,-5.252735137939453,0.0011487770080566406,0.008558216094970704,True,-1,,,
4835,108,2,6,-1.6652867794036865,0.0353420352935791,-0.04303798675537109,False,-1,,,
4841,2130,42,3,-4.785691261291504,0.011647024154663087,0.0008927345275878906,True,2114,0.012254390716552734,-0.011855888366699218,0.013355989456176756
4843,258,5,2,-5.520903587341309,-0.013716878890991211,0.010604543685913086,True,281,-0.012283792495727539,-0.0078054523468017575,0.019843082427978515
4843,2438,48,2,-4.625454902648926,-0.02988431453704834,-0.0006624603271484375,False,2407,0.02279458999633789,-0.01942831039428711,0.0714447546005249
4846,1792,35,2,-3.0846712589263916,-0.0009091854095458985,0.007675004005432129,False,-1,,,
4846,2306,46,2,-5.119335174560547,0.01630239486694336,-0.0087345027923584,True,2332,0.012943239212036132,-0.00879204750061035,-0.003301610946655275
4848,1983,39,4,-5.276076793670654,-0.01160186767578125,-0.011741180419921875,False,-1,,,
4855,1052,21,2,-4.593320846557617,-0.058678965568542484,-0.027618656158447264,False,-1,,,
4855,1849,36,2,-5.328488826751709,0.011947660446166993,0.004590568542480469,True,1834,-0.032317099571228025,-0.0020218658447265624,-0.037652325630187986
4870,1574,31,9,-3.528752565383911,0.04453210353851318,-0.013870844841003418,True,-1,,,
4873,966,19,15,-3.6205437183380127,0.025656886100769043,0.005364217758178711,False,-1,,,
4876,866,17,2,-2.120622396469116,-0.011998419761657714,-0.021617851257324218,False,-1,,,
4876,1482,29,2,-3.757634401321411,-0.026238961219787596,-0.04433238506317139,False,-1,,,
4880,1303,26,17,-4.172446250915527,0.035856199264526364,-0.01916524887084961,True,-1,,,
4884,1349,26,13,-3.9240570068359375,-0.06659831047058105,-0.011903791427612305,False,-1,,,
4889,1980,39,10,-4.919301509857178,0.01939451217651367,-0.006540088653564453,True,-1,,,
4895,531,10,17,-4.112703323364258,0.037231006622314454,0.05354567766189575,True,-1,,,
4896,629,12,2,-3.6027376651763916,-0.05981509327888489,-0.04336085796356201,False,-1,,,
4896,2313,46,2,-5.87703275680542,-0.009214401245117188,0.008155317306518554,True,2338,-0.015971355438232422,0.0038133811950683593,-0.0024150180816650373
4896,2410,48,14,-4.6069865226745605,0.022494773864746093,-0.011340589523315429,True,-1,,,
4900,263,5,11,-4.423478126525879,0.011609516143798827,-0.019574308395385744,True,-1,,,
4908,457,9,2,-2.839064836502075,0.008547043800354004,-0.04236844539642334,False,-1,,,
4908,1792,35,2,-3.2795987129211426,-0.006172451972961426,0.003956875801086426,False,-1,,,
4909,724,14,4,-5.93515157699585,-0.0035668563842773436,0.0023725223541259765,True,-1,,,
4913,467,9,8,-2.8337340354919434,0.02589146614074707,0.0024553012847900392,False,-1,,,
4925,651,13,16,-4.245250701904297,-0.053681135177612305,0.03621390819549561,False,-1,,,
4927,255,5,2,-5.198093891143799,0.005032873153686524,-0.01073019027709961,True,-1,,,
4927,731,14,2,-4.953670501708984,0.0009000301361083984,-0.009933662414550782,False,-1,,,
4934,2357,47,17,-3.5088930130004883,-0.044257323741912845,0.010907626152038575,False,-1,,,
4936,744,14,2,-2.9723668098449707,0.032420415878295895,-0.014414215087890625,False,-1,,,
4936,2212,44,2,-1.494057059288025,0.007831332683563232,-0.015585806369781494,False,-1,,,
4943,1945,38,16,-1.868048071861267,0.019904301166534424,0.0018022727966308593,False,-1,,,
4943,2060,41,3,-5.739589691162109,0.004693279266357422,-0.0035955333709716797,True,-1,,,
4948,2087,41,3,-0.7356879115104675,-0.002651650905609131,-0.00529781699180603,False,-1,,,
4951,902,18,16,-2.7181785106658936,0.043215126991271974,0.019049232006073,True,-1,,,
4952,1131,22,3,-5.891611576080322,-0.016332454681396484,0.00038258552551269533,True,-1,,,
4956,284,5,2,-4.396035671234131,-0.00968945026397705,-0.0015355491638183595,False,288,-0.0033782291412353515,-0.023090887069702148,0.02786655902862549
4956,1137,22,16,-3.2551352977752686,-0.04262010097503662,-0.0027158355712890627,False,-1,,,
4956,1693,33,2,-4.677315711975098,-0.0009074687957763671,0.003345279693603516,False,-1,,,
4962,1070,21,18,-4.139820098876953,-0.06456907629966736,-0.03668867111206055,False,-1,,,
4962,2327,46,12,-3.8285069465637207,0.01938650131225586,0.007839512825012208,False,-1,,,
4972,2046,40,14,-3.817441701889038,0.009761719703674317,-0.003026871681213379,True,-1,,,
4973,2241,44,16,-5.916150093078613,-0.06948120594024658,0.013596658706665038,False,-1,,,
4975,355,7,13,-4.206039905548096,-0.02903291702270508,0.00615572452545166,False,-1,,,
4984,1480,29,4,-2.5474579334259033,0.035565342903137204,-0.02449094772338867,False,-1,,,
4990,192,3,2,-2.022860050201416,-0.0032925796508789062,-0.041322307586669924,False,-1,,,
4990,2144,42,2,-3.4756529331207275,-0.0077076244354248044,-0.03753515720367431,False,-1,,,
4998,1407,28,8,-3.7084598541259766,0.04531587600708008,-0.011714677810668945,True,1404,-0.04185616016387939,-0.020138916969299318,-0.07874779701232909
5000,1694,33,2,-5.6006245613098145,0.0009197139739990234,-0.00747258186340332,True,-1,,,
5000,2348,46,2,-5.112793922424316,0.01722919464111328,-0.01602989196777344,True,2340,0.001983785629272461,0.0041380786895751955,-0.035413379669189456
5006,20,0,6,-1.2537052631378174,0.002205204963684082,-0.0781329870223999,False,-1,,,
5008,138,2,2,-4.377309799194336,0.017202835083007812,0.015494799613952637,False,-1,,,
5008,2081,41,2,-5.71537446975708,-0.0019298648834228515,0.004292144775390625,False,-1,,,
5010,923,18,10,-0.9352688193321228,0.031174651384353637,0.01471821367740631,False,-1,,,
5010,1408,28,15,-2.77958345413208,0.03328351974487305,-0.016850070953369142,False,-1,,,
5014,2114,42,2,-5.34210205078125,0.01264303207397461,0.015308027267456054,True,-1,,,
5014,2216,44,2,-5.717870712280273,-0.004597024917602539,0.014927492141723633,True,-1,,,
5026,205,4,2,-5.516748905181885,-0.02287660598754883,-0.009112491607666015,True,-1,,,
5026,967,19,2,-3.971264123916626,0.020947327613830568,-0.016389861106872558,False,-1,,,
5027,1509,30,17,-4.009182929992676,-0.043938698768615725,-0.009755373001098633,False,-1,,,
5030,80,1,2,-4.204019546508789,-0.0035134315490722655,-0.03540468215942383,False,-1,,,
5030,2344,46,2,-5.612557411193848,-0.025235157012939453,0.007970342636108399,False,2332,0.004133901596069336,-0.005907135009765625,0.04324653625488281
5035,66,1,3,-3.2679476737976074,-0.012061071395874024,-0.04909918785095215,False,-1,,,
5038,1029,20,10,-5.167978763580322,0.013205041885375976,0.027385563850402833,True,-1,,,
5041,2261,45,2,-4.780391693115234,-0.01538578987121582,-0.02387723922729492,False,-1,,,
5041,2318,46,2,-4.206521511077881,0.003279123306274414,-0.021111297607421874,False,-1,,,
5042,212,4,2,-5.008954048156738,-0.020552191734313965,0.00450535774230957,False,218,0.007798061370849609,0.018450069427490234,0.01440554141998291
5042,990,19,2,-5.95876407623291,-0.0064577293395996094,0.02259603500366211,True,968,-0.03817755222320557,0.0028720378875732424,-0.011995825767517093
5054,604,12,4,-2.308881998062134,-0.01531832218170166,-0.020201492309570312,False,-1,,,
5056,223,4,2,-5.071743488311768,0.018050203323364256,0.00039794921875,True,-1,,,
5056,731,14,2,-5.409799575805664,-0.005025463104248047,-0.011289081573486327,False,747,-0.008421478271484375,-0.012433748245239257,-0.0022513484954833976
5058,2372,47,14,-2.44443941116333,-0.02249255180358887,-0.04993931770324707,False,-1,,,
5061,537,10,21,-5.001975059509277,-0.04153280735015869,-0.004956588745117187,False,-1,,,
5067,271,5,2,-5.5889739990234375,0.003505353927612305,-0.00739781379699707,True,256,0.008008594512939454,-0.0015613269805908204,-0.0013332462310791
5067,1083,21,2,-1.9205929040908813,-0.0027286934852600096,-0.0773058295249939,False,-1,,,
5067,1659,33,19,-4.188899993896484,0.035707073211669924,-0.019119443893432616,True,-1,,,
5069,234,4,3,-4.643575191497803,-0.040788097381591795,0.001740398406982422,False,-1,,,
5072,951,19,2,-5.9742536544799805,-0.014682893753051757,0.0,True,968,-0.02257876396179199,0.0,-0.007895870208740234
5072,1674,33,2,-5.886215686798096,-0.017945709228515624,0.021598691940307616,False,1661,-0.012804679870605469,0.0021404361724853514,0.02459928512573242
5073,797,15,16,-5.851945400238037,-0.035183982849121095,0.004914484024047852,True,-1,,,
5075,1672,33,3,-2.8203940391540527,-0.005206584930419922,0.007229981422424317,False,-1,,,
5077,261,5,10,-5.773396015167236,-0.007821903228759766,0.0020975112915039063,True,270,-0.00400970458984375,0.01592315673828125,-0.010013446807861327
5078,2314,46,2,-5.403502464294434,-0.014822683334350585,0.006193580627441406,False,2310,-0.011632814407348632,0.0035615634918212892,0.005821886062622069
5078,2402,48,2,-4.907266139984131,0.002355499267578125,-0.007574167251586914,True,2416,0.005433359146118164,-0.016648387908935545,0.012152080535888671
5084,1658,33,2,-5.610411167144775,-0.02661693572998047,0.000807485580444336,False,1661,-0.005846662521362305,0.001233673095703125,0.020344085693359375
5084,2468,49,2,-5.498183727264404,-0.009413003921508789,0.023405895233154297,False,-1,,,
5088,282,5,2,-5.090575695037842,0.01693831443786621,0.005689830780029297,True,255,0.01826289176940918,-0.002658176422119141,0.009672584533691405
5088,1579,31,2,-2.372495412826538,0.051104683876037595,0.0011304187774658202,False,-1,,,
5098,654,13,22,-5.0061116218566895,0.01382221221923828,-0.012152833938598633,True,-1,,,
5108,1588,31,16,-5.108775615692139,-0.04341280460357666,-0.01492279052734375,False,-1,,,
5119,1623,32,16,-3.8899576663970947,-0.050974917411804196,-0.005027337074279785,False,-1,,,
5121,457,9,11,-4.6876020431518555,-0.028645548820495605,0.00256068229675293,False,-1,,,
5121,2478,49,11,-5.708654403686523,-3.495216369628906e-05,0.01629220962524414,True,-1,,,
5125,310,6,13,-2.854626178741455,-0.041517300605773924,-0.023071584701538087,False,-1,,,
5129,753,15,21,-4.322303771972656,-0.07498052954673767,-0.0004015254974365234,False,-1,,,
5132,1540,30,15,-1.1842386722564697,0.024595456123352052,-0.0300772762298584,False,-1,,,
5137,747,14,2,-5.9742536544799805,-0.000921926498413086,0.012753314971923828,True,-1,,,
5137,1299,25,2,-3.229804039001465,-0.04060042381286621,-0.0234499454498291,False,1257,0.02737269401550293,0.02325627326965332,0.021266899108886714
5139,718,14,17,-5.9742536544799805,-0.04520744800567627,0.004690341949462891,True,-1,,,
5141,1085,21,11,-1.8073915243148804,0.011146290302276611,0.005132601261138916,False,-1,,,
5142,923,18,13,-1.8695383071899414,-0.010367150306701661,-0.04954379081726074,False,-1,,,
5147,1195,23,15,-3.767583131790161,-0.03693356513977051,-0.03505082607269287,False,-1,,,
5149,1404,28,14,-3.5667152404785156,0.044877872467041016,0.011366095542907715,True,-1,,,
5154,256,5,2,-5.9742536544799805,-0.015200157165527344,0.022806854248046876,True,276,-0.000185546875,0.0058164501190185545,0.032005014419555666
5154,1731,34,2,-5.209734916687012,0.015290374755859376,-0.00461451530456543,True,-1,,,
5164,1869,37,9,-4.841926097869873,-0.06296765804290771,-0.021174325942993164,False,-1,,,
5172,215,4,18,-5.518718719482422,-0.02527224540710449,-0.009110698699951172,True,239,-0.04080169677734375,0.006100540161132813,-0.03074069023132324
5179,1198,23,4,-2.5081677436828613,-0.02693981885910034,-0.0440180492401123,False,-1,,,
5183,928,18,2,-2.28261137008667,0.0026113176345825195,-0.06232148170471191,False,-1,,,
5183,1219,24,2,-1.8354642391204834,-0.0003671908378601074,-0.02467667102813721,False,-1,,,
5183,1682,33,2,-5.60093355178833,-0.020749197006225586,0.003961868286132812,True,-1,,,
5183,2321,46,2,-4.128600597381592,0.010159063339233398,0.0008424663543701172,False,2340,0.03598733901977539,-0.03598733901977539,0.0626580810546875
5187,1809,36,3,-3.759899377822876,-0.019635510444641114,-0.01305182933807373,False,-1,,,
5189,990,19,2,-4.232390880584717,0.013775501251220703,0.002481679916381836,False,-1,,,
5189,1374,27,2,-1.855843186378479,0.006206328868865967,-0.04089703321456909,False,-1,,,
5189,1975,39,2,-0.9510506987571716,-0.004503818750381469,-0.011393061876296996,False,-1,,,
5189,2306,46,2,-4.309978008270264,0.013911676406860352,-0.0033698177337646486,False,2340,0.020853710174560548,-0.030351972579956053,0.033924188613891605
5190,968,19,12,-5.09913444519043,0.011346416473388672,0.021182212829589844,True,-1,,,
5200,255,5,9,-5.606969833374023,0.0046294498443603515,-0.0036151599884033203,True,270,-0.0023089027404785156,0.0017205810546875,-0.012274093627929687
5201,234,4,2,-4.28192138671875,-0.007901482582092285,0.018367352485656737,False,-1,,,
5201,1436,28,2,-4.112224102020264,-0.037869291305541994,-0.003082027435302734,False,-1,,,
5203,1091,21,25,-0.5318620204925537,0.02598912239074707,-0.024207026958465577,False,-1,,,
5207,218,4,3,-3.5614068508148193,0.00955310344696045,-0.0004678487777709961,False,-1,,,
5207,2301,46,2,-3.6823151111602783,0.006823296546936035,0.0031941986083984376,False,2338,0.03646877288818359,-0.0030468797683715822,0.03588655471801758
5207,2416,48,2,-5.023271083831787,0.014754533767700195,0.007511978149414063,True,-1,,,
5208,1083,21,2,-5.715117931365967,-0.02150047302246094,0.04457747936248779,True,-1,,,
5208,2420,48,2,-5.702136516571045,-0.030554332733154298,-0.000415802001953125,True,-1,,,
5211,38,0,10,-3.8255536556243896,-0.023264474868774414,-0.039990620613098146,False,-1,,,
5215,250,5,2,-5.690849304199219,-0.0025711154937744143,-0.005221776962280274,True,276,0.004079618453979492,-0.004144515991210938,0.005573472976684571
5215,1355,27,2,-5.77644157409668,-0.03489229202270508,-0.003956241607666016,True,-1,,,
5217,271,5,2,-4.734589576721191,0.023247756958007813,-0.005663003921508789,True,-1,,,
5217,1834,36,2,-3.0304882526397705,-0.007587347030639648,-0.012740516662597656,False,-1,,,
5234,744,14,23,-1.1210181713104248,0.04523707866668701,-0.023951563835144043,False,-1,,,
5234,1991,39,9,-4.589904308319092,-0.0318638277053833,0.01141000747680664,False,-1,,,
5236,268,5,2,-1.6761873960494995,-0.003665602207183838,0.01714017868041992,False,-1,,,
5236,1303,26,2,-1.5649422407150269,-0.010673065185546875,0.006981313228607178,False,-1,,,
5238,1023,20,14,-4.190967559814453,-0.04945263862609863,-0.021817693710327147,False,-1,,,
5241,604,12,5,-0.6764874458312988,0.03968630313873291,-0.019260671138763428,False,-1,,,
5245,546,10,10,-5.7699198722839355,-0.007196788787841797,0.0031969738006591797,True,-1,,,
5263,574,11,17,-2.439575672149658,-0.031272610425949095,0.012038254737854004,False,-1,,,
5272,121,2,2,-0.9728776812553406,0.008569070100784303,-0.007322407960891723,False,-1,,,
5272,2450,49,2,-1.7289197444915771,-0.002355391979217529,-0.007927875518798828,False,-1,,,
5275,651,13,10,-4.666935920715332,-0.07225475788116455,0.010656557083129882,False,-1,,,
5281,991,19,2,-5.292708396911621,0.00895965576171875,-0.013630905151367188,True,-1,,,
5281,2250,45,2,-2.287949323654175,-0.03232861042022705,-0.00596315860748291,False,-1,,,
5285,2242,44,3,-5.679227352142334,0.0037842559814453124,-0.004752235412597656,True,-1,,,
5288,1974,39,18,-3.41052508354187,-0.040057864189147946,-0.028376507759094238,False,-1,,,
5292,96,1,17,-3.3890578746795654,-0.032511913776397706,0.0036078596115112303,False,-1,,,
5292,2197,43,19,-4.869574069976807,-0.04960253238677979,-0.013261938095092773,False,-1,,,
5302,734,14,2,-5.506235599517822,0.009190177917480469,-0.0032756614685058596,True,-1,,,
5302,2320,46,2,-3.6439943313598633,-0.017150912284851074,-0.0020862960815429686,False,-1,,,
5311,117,2,19,-3.8460958003997803,0.038492674827575686,0.007351365089416504,True,-1,,,
5316,2087,41,3,-0.9440656304359436,0.016758922338485718,0.008647888898849487,False,-1,,,
5322,987,19,2,-4.131787300109863,-0.02850705146789551,-0.0156648063659668,False,-1,,,
5322,2420,48,2,-4.88970947265625,0.01818359375,-0.013345823287963868,True,-1,,,
5333,1691,33,13,-2.709360122680664,0.02782101631164551,-0.01601682186126709,False,-1,,,
5343,708,14,2,-1.2251269817352295,-0.013342585563659668,-0.04144797325134277,False,-1,,,
5343,1219,24,2,-2.906083822250366,-0.046621583700180054,-0.02318692684173584,False,-1,,,
5349,1144,22,13,-3.449983596801758,-0.05087680220603943,-0.034464330673217775,False,-1,,,
5352,259,5,18,-3.566981554031372,0.014961876869201661,-0.0005489969253540039,False,-1,,,
5352,977,19,16,-2.00970196723938,0.02225031852722168,0.010895993709564209,False,-1,,,
5352,2416,48,7,-5.9742536544799805,-0.00935929298400879,0.010382976531982422,True,-1,,,
5355,1711,34,7,-5.788843154907227,-0.09845957159996033,0.03760512351989746,True,-1,,,
5361,515,10,13,-2.8119099140167236,0.0019686031341552735,-0.06211931705474853,False,-1,,,
5361,1083,21,19,-1.0530970096588135,0.04679090023040772,0.004777377843856812,False,-1,,,
5362,276,5,10,-5.1587910652160645,0.014183683395385742,0.015035667419433595,True,269,0.013941068649291993,-0.010173110961914063,0.02496616363525391
5368,604,12,10,-1.4092049598693848,0.014590306282043457,0.025268345475196838,False,-1,,,
5377,967,19,2,-5.944958686828613,-0.03171292304992676,0.0008794212341308594,True,-1,,,
5377,2203,44,2,-0.6411009430885315,0.011890937089920044,0.004291664361953735,False,-1,,,
5378,1862,37,3,-5.547823905944824,-0.032405662536621097,-0.007250404357910157,True,-1,,,
5385,315,6,16,-4.552380084991455,0.012754268646240234,0.004749307632446289,True,-1,,,
5387,728,14,2,-5.750851631164551,-0.02514850616455078,0.016018466949462892,True,-1,,,
5387,2310,46,2,-5.286114692687988,-0.010993356704711915,-0.011841087341308594,False,2322,-0.012481403350830079,-0.003678874969482422,-0.009650259017944337
5390,1303,26,11,-5.859435081481934,-0.07151195049285888,0.017866697311401367,False,1334,-0.02591878890991211,0.015209226608276368,0.04825063228607177
5390,2446,48,10,-5.123276710510254,-0.04519766330718994,-0.0020943450927734374,False,-1,,,
5392,454,9,2,-3.2861592769622803,-0.02354203224182129,-0.04405103206634522,False,-1,,,
5392,1827,36,2,-4.837173938751221,0.022741594314575196,-0.00689605712890625,True,-1,,,
5394,475,9,3,-4.570575714111328,-0.02055677890777588,-0.015115833282470703,False,-1,,,
5398,2045,40,19,-2.1844403743743896,-0.03039770245552063,0.009381513595581054,False,-1,,,
5403,1232,24,2,-5.9742536544799805,-0.004033403396606445,0.019207019805908204,True,-1,,,
5403,1693,33,2,-5.937093257904053,-0.013495149612426758,0.013790063858032227,True,-1,,,
5404,2212,44,7,-4.907292366027832,0.0014515113830566406,-0.010410346984863282,True,-1,,,
5405,270,5,2,-5.9313483238220215,-0.0053485679626464845,0.007294721603393554,True,269,-3.0231475830078124e-05,0.007808256149291992,0.0048048019409179694
5405,991,19,2,-5.6600446701049805,0.0016964817047119142,-0.001614828109741211,True,-1,,,
5409,1792,35,13,-4.7668938636779785,0.022694950103759767,-0.018337297439575195,True,-1,,,
5410,943,18,3,-5.021193981170654,-0.022470264434814452,-0.004221334457397461,False,-1,,,
5410,2138,42,11,-4.618799209594727,-0.06022051811218262,-0.012936973571777343,False,-1,,,
5412,1672,33,3,-5.705813407897949,-0.0008692455291748047,0.0051909351348876955,True,-1,,,
5413,1161,23,16,-4.560673713684082,-0.06311938762664795,-0.025440483093261718,False,-1,,,
5418,286,5,2,-4.715994834899902,0.006138772964477539,-0.02516517639160156,False,284,0.008653841018676757,-0.0029979419708251955,-0.01965216636657715
5418,737,14,2,-4.592884063720703,0.0022829246520996095,-0.017128543853759767,False,-1,,,
5421,204,4,2,-3.22446346282959,-0.0049455356597900395,0.020986466407775878,False,239,-0.001272578239440918,-0.031934776306152345,0.056594200134277343
5421,990,19,2,-5.857500076293945,-0.01218526840209961,0.000123443603515625,True,-1,,,
5422,983,19,14,-5.9742536544799805,-0.03111635208129883,0.02241938591003418,True,-1,,,
5428,368,7,19,-3.4690730571746826,-0.02831000804901123,-0.007113633155822754,False,-1,,,
5430,2300,46,8,-5.7244462966918945,0.004996147155761719,0.024156360626220702,True,2319,0.0016355133056640625,0.018961181640625,0.0018345451354980433
5432,183,3,18,-2.3952975273132324,-0.0355277168750763,0.01651198625564575,False,-1,,,
5432,1215,24,3,-3.5358920097351074,-0.027098073959350585,-0.013976249694824219,False,-1,,,
5434,2450,49,14,-5.699174404144287,-0.04362830638885498,-0.0032984066009521485,True,-1,,,
5436,1756,35,8,-5.234416484832764,0.007277307510375977,0.02286834716796875,True,-1,,,
5437,439,8,12,-3.818991184234619,0.009013891220092773,0.0069019079208374025,True,-1,,,
5439,205,4,16,-3.366180896759033,0.024568147659301758,-0.023965139389038086,False,-1,,,
5444,1661,33,8,-5.250598430633545,0.01447310447692871,0.012711772918701172,True,-1,,,
5447,370,7,10,-3.6118314266204834,-0.025370802879333496,0.008369355201721192,False,-1,,,
5448,217,4,3,-5.959962368011475,-0.010881443023681641,0.007699766159057617,True,-1,,,
5449,1219,24,14,-5.838658809661865,-0.047416667938232425,0.04320230484008789,True,-1,,,
5451,212,4,2,-1.9405581951141357,0.03709964275360107,0.01809307336807251,False,221,0.00758880615234375,-0.01780027389526367,0.006382510662078858
5451,1419,28,5,-2.22859525680542,0.019724545478820802,0.007134184837341308,False,-1,,,
5451,1841,36,2,-0.8715194463729858,0.0013436150550842285,-0.0006058144569396972,False,-1,,,
5458,2311,46,3,-4.086802005767822,-0.0037179660797119142,-0.03271101951599121,False,2338,0.0074530506134033205,0.02348677635192871,-0.04502677917480469
5459,1191,23,15,-5.418471336364746,-0.07855880737304688,0.027432689666748045,False,-1,,,
5462,2203,44,2,-1.3971704244613647,-0.01088195562362671,-0.011058657169342042,False,-1,,,
5462,2334,46,2,-3.9908602237701416,-0.005127301216125488,0.0026489877700805664,False,2338,0.0035033416748046875,0.023487935066223143,-0.012208304405212402
5463,440,8,8,-5.105864524841309,-0.07601941108703614,0.015864505767822265,False,-1,,,
5466,288,5,17,-2.891141414642334,0.06166224479675293,-0.0009908008575439454,False,-1,,,
5467,121,2,2,-3.498950242996216,0.011596217155456542,0.0008891773223876953,False,-1,,,
5467,218,4,2,-5.758241653442383,-0.0017905616760253906,-0.001064300537109375,True,210,-0.02959188461303711,0.024573917388916015,-0.05343954086303711
5467,265,5,2,-3.6237804889678955,0.01206336498260498,0.00038462162017822266,False,-1,,,
5467,2058,41,2,-5.487955093383789,-0.03750070095062256,-0.00033316612243652346,False,-1,,,
5467,2438,48,20,-1.3671228885650635,0.04917935371398926,-0.005188267230987548,False,2448,-0.01682780683040619,-0.012947268486022949,-0.05824815928936005
5469,268,5,2,-1.8771624565124512,0.007055363655090332,-0.016068010330200194,False,-1,,,
5469,1334,26,2,-5.834301948547363,-0.011405668258666991,-0.0012950706481933594,False,-1,,,
5471,1086,21,3,-4.459994792938232,-0.007875385284423829,-0.021502065658569335,False,-1,,,
5472,264,5,2,-5.400589466094971,0.004931564331054687,0.015539207458496095,True,281,0.011790742874145508,-0.005155744552612304,0.02755413055419922
5472,941,18,2,-5.9742536544799805,-0.02549375534057617,0.011699495315551757,True,-1,,,
5478,809,16,2,-2.4540183544158936,-0.03834243535995483,0.0010304021835327148,False,-1,,,
5478,2407,48,2,-4.337752342224121,0.0022348880767822264,0.01949369430541992,False,-1,,,
5479,1437,28,22,-4.017515659332275,0.0391347599029541,0.00662083625793457,True,1411,0.012119197845458984,0.014649662971496582,-0.03504438877105713
5479,2250,45,16,-3.8945729732513428,-0.02303107738494873,-0.00018964290618896483,False,-1,,,
5484,1619,32,20,-4.732271194458008,-0.08581011354923249,-0.002139568328857422,False,-1,,,
5485,872,17,2,-2.8638675212860107,0.034651236534118654,0.013898930549621581,False,-1,,,
5485,1835,36,2,-5.572185039520264,0.008041372299194336,0.002556781768798828,True,-1,,,
5492,243,4,6,-5.835139274597168,-0.011987342834472656,0.020430765151977538,True,-1,,,
5502,967,19,3,-5.576054573059082,-0.010090236663818359,-0.0017860126495361328,True,-1,,,
5506,66,1,10,-5.972097873687744,-0.004170122146606445,0.031287460327148436,True,-1,,,
5507,204,4,2,-2.943923234939575,0.006303281784057617,0.0021715450286865236,False,-1,,,
5507,659,13,2,-1.366147518157959,0.0029276037216186524,-0.03620285511016846,False,-1,,,
5509,1083,21,18,-5.8032450675964355,-0.0908575439453125,0.005821819305419922,False,-1,,,
5511,1794,35,3,-2.856154680252075,0.015649337768554688,-0.017338695526123046,False,-1,,,
5521,1787,35,14,-1.3339784145355225,0.019071822166442872,-0.022396798133850097,False,-1,,,
5523,1912,38,15,-3.299816608428955,0.0408095645904541,-0.016558666229248047,True,-1,,,
5524,1569,31,2,-2.473963737487793,-0.020126516819000243,-0.028616561889648437,False,-1,,,
5524,2238,44,2,-5.744512557983398,-0.0003307723999023437,-0.00046733856201171877,True,-1,,,
5531,1345,26,12,-3.3789961338043213,0.03724369525909424,-0.00047674179077148435,True,-1,,,
5534,1255,25,2,-3.5471031665802,-0.059358986616134646,-0.017657246589660645,False,-1,,,
5534,1448,28,2,-3.8682126998901367,0.03481249809265137,0.00019256114959716796,False,-1,,,
5535,221,4,2,-2.708775758743286,0.003427743911743164,-0.023730010986328126,False,-1,,,
5535,254,5,2,-4.27041482925415,0.013723630905151368,-0.026519670486450195,False,255,0.002779102325439453,-0.0011556339263916015,-0.03630856513977051
5540,1192,23,23,-5.184165000915527,-0.08775740146636962,0.0311488676071167,False,-1,,,
5541,2386,47,3,-1.8066203594207764,-0.018996044397354125,0.002169170379638672,False,-1,,,
5543,1409,28,2,-3.9044744968414307,0.02350471019744873,0.014002327919006347,False,-1,,,
5543,1667,33,2,-4.349583148956299,0.011582841873168945,0.03488296508789063,False,-1,,,
5548,737,14,2,-5.948021411895752,-0.009889421463012695,0.025356836318969726,True,-1,,,
5548,1436,28,2,-5.147487163543701,-0.029724011421203612,0.005391988754272461,False,-1,,,
5555,1124,22,4,-3.926907777786255,-0.03598843097686768,-0.025026984214782715,False,-1,,,
5560,459,9,10,-5.788132190704346,-0.031138801574707033,0.0010094928741455078,False,-1,,,
5564,2332,46,9,-5.0759429931640625,0.006281795501708984,0.0002960109710693359,True,2317,0.0074863147735595706,-0.007476968765258789,0.008977499008178711
5568,227,4,15,-2.679067373275757,0.014694442749023437,0.019466483592987062,False,-1,,,
5569,37,0,2,-0.8597909212112427,0.017986030578613282,-0.019525387287139893,False,-1,,,
5569,2203,44,2,-2.488062620162964,-0.028816866874694824,0.007354536056518555,False,-1,,,
5572,133,2,11,-4.9726409912109375,0.01676974296569824,-0.015570077896118164,True,-1,,,
5573,1480,29,24,-3.748013496398926,0.03872127532958984,0.02508710861206055,True,-1,,,
5573,1674,33,20,-5.40702486038208,-0.03923866748809814,-0.0076061725616455075,False,-1,,,
5574,809,16,17,-5.237483978271484,-0.05321633815765381,0.009240188598632813,False,-1,,,
5580,1062,21,2,-2.8790507316589355,0.007111124992370606,-0.007108211517333984,False,-1,,,
5580,2493,49,2,-3.2394118309020996,-0.050526629686355594,-0.012157964706420898,False,-1,,,
5583,112,2,17,-2.0012733936309814,0.009676008224487305,0.023523919582366944,False,-1,,,
5583,1377,27,17,-3.1366353034973145,-0.04730798840522766,-0.042493038177490235,False,-1,,,
5584,990,19,2,-5.9742536544799805,-0.016772804260253907,0.0,True,994,-0.001740274429321289,0.005067090988159179,0.00996543884277344
5584,1804,36,2,-0.8110737204551697,0.03204691052436828,0.0032669806480407713,False,-1,,,
5588,1672,33,22,-4.616147518157959,0.011246185302734375,0.019668850898742676,True,1654,-0.0075200748443603515,0.03868032932281494,-0.037777738571166994
5588,2302,46,2,-4.730518817901611,0.01512852668762207,-0.00919830322265625,False,2340,0.0032429027557373045,-0.007386112213134765,-0.013697814941406249
5588,2407,48,2,-5.922635078430176,-0.0530347728729248,-0.0010323715209960937,True,-1,,,
5590,240,4,2,-4.973001003265381,-0.01659273147583008,0.027675766944885254,False,-1,,,
5590,290,5,2,-4.208310127258301,0.005264701843261718,0.014444265365600586,False,255,-0.009076213836669922,0.010038614273071289,-0.009935264587402341
5592,1569,31,2,-3.100642204284668,-0.009413790702819825,0.012757115364074707,False,-1,,,
5592,1746,34,2,-2.743393659591675,-0.0014864253997802735,0.021796488761901857,False,-1,,,
5596,2087,41,3,-2.4993271827697754,-0.010880582332611084,-0.009257607460021973,False,-1,,,
5607,239,4,23,-4.49329948425293,0.017382698059082033,-0.0020566940307617187,True,-1,,,
5609,253,5,9,-4.121997356414795,0.03400579452514649,-0.0006999969482421875,True,-1,,,
5610,763,15,2,-1.2036446332931519,0.0049020123481750486,0.002317914962768555,False,-1,,,
5610,1841,36,2,-4.017356872558594,-0.032286481857299806,-0.03240423202514649,False,-1,,,
5610,1968,39,2,-2.418332099914551,-0.013642435073852538,-0.0019463539123535157,False,-1,,,
5610,2113,42,2,-3.271606683731079,0.02738683223724365,-0.013682804107666015,False,-1,,,
5611,2045,40,19,-5.890214920043945,-0.07952154159545899,0.014915094375610352,True,-1,,,
5612,162,3,2,-5.705795764923096,-0.037041912078857424,0.05592476844787598,True,-1,,,
5612,734,14,2,-4.120429992675781,0.03038339614868164,-0.03227116584777832,False,-1,,,
5613,258,5,2,-4.942920207977295,-0.005761079788208008,0.0023805904388427735,False,284,-0.004293060302734375,-0.012167482376098633,0.01601609230041504
5613,1328,26,2,-4.639694690704346,-0.030909900665283204,-0.009347848892211914,False,-1,,,
5613,2238,44,2,-5.504534721374512,-0.011033344268798827,-0.0029039669036865236,True,-1,,,
5613,2448,48,2,-3.4257771968841553,0.009688282012939453,0.0005628156661987304,False,-1,,,
5614,10,0,11,-0.33986127376556396,0.04063821077346802,-0.0034205102920532226,False,-1,,,
5614,42,0,19,-5.517249584197998,0.009140081405639648,0.023563947677612305,True,-1,,,
5616,604,12,3,-5.224183559417725,-0.028479623794555663,-0.004348678588867188,False,-1,,,
5628,1526,30,3,-5.574678421020508,0.0024769020080566404,0.00679779052734375,True,-1,,,
5629,1196,23,4,-3.0222442150115967,-0.0472185206413269,-0.05095235347747803,False,-1,,,
5629,2386,47,21,-4.849595069885254,-0.06750903606414795,0.020815639495849608,False,-1,,,
5633,2490,49,5,-5.9678120613098145,-0.02909290313720703,-0.00012883186340332032,True,-1,,,
5636,2378,47,13,-4.2486186027526855,0.029860992431640625,-0.0345127010345459,True,-1,,,
5640,1737,34,17,-4.786713123321533,-0.05307312965393066,-0.015016250610351563,False,-1,,,
5656,324,6,15,-3.2911183834075928,-0.03983964204788208,-0.009348969459533691,False,-1,,,
5657,121,2,2,-3.4366343021392822,0.009580702781677245,-0.021012911796569823,False,-1,,,
5657,211,4,2,-5.399479866027832,0.003905630111694336,0.002594747543334961,False,218,0.007120389938354493,-0.00916881561279297,0.014978322982788088
5661,915,18,2,-4.3433685302734375,-0.04043803215026855,-0.02037242889404297,False,-1,,,
5661,1411,28,2,-4.611313343048096,-0.027810120582580568,-0.026097888946533202,False,-1,,,
5665,59,1,2,-0.858617901802063,-0.0003570866584777832,-0.01653048276901245,False,-1,,,
5665,284,5,2,-5.594632625579834,-0.018099889755249024,-0.0061435699462890625,False,-1,,,
5665,2216,44,2,-2.0512149333953857,-0.0007114028930664063,-0.03796542167663574,False,-1,,,
5665,2306,46,2,-4.344862461090088,0.007254323959350586,-0.00863276481628418,False,2331,-0.00019695281982421876,-0.028100080490112304,0.01201603889465332
5676,212,4,2,-1.2919344902038574,-0.007624369859695434,-0.00783931016921997,False,-1,,,
5676,402,8,2,-3.4079296588897705,-0.05952413976192474,-0.012913002967834472,False,-1,,,
5677,1257,25,4,-2.462585210800171,-0.02000799894332886,0.01704228401184082,False,-1,,,
5679,744,14,14,-1.0702542066574097,0.013751473426818848,0.007085728645324707,False,-1,,,
5680,1089,21,2,-4.941301345825195,-0.03309047222137451,0.03889048099517822,False,-1,,,
5680,2346,46,2,-4.550889015197754,-0.0007190322875976563,0.030303354263305663,False,2331,0.0026093101501464843,-0.008779411315917968,0.04241110801696777
5681,1735,34,21,-5.911228179931641,-0.004202308654785156,0.005086956024169922,True,-1,,,
5684,291,5,2,-5.717686176300049,-0.013993206024169922,-0.0042804241180419925,True,286,0.00435887336730957,-0.007916688919067383,0.021988344192504884
5684,1788,35,13,-5.192631721496582,0.0036122989654541015,-0.011827678680419921,True,-1,,,
5684,1835,36,2,-5.139811992645264,0.01130321502685547,-0.013268299102783203,True,-1,,,
5689,879,17,11,-5.9742536544799805,-0.06206381797790527,0.01584395408630371,True,-1,,,
5690,872,17,21,-5.97411584854126,-0.01375082015991211,0.005213031768798828,True,-1,,,
5693,162,3,8,-5.007348537445068,-0.05391149997711182,0.015824928283691406,False,-1,,,
5697,1759,35,3,-5.7402191162109375,-0.018139438629150392,0.025737037658691408,False,-1,,,
5701,78,1,11,-3.726693630218506,0.026598720550537108,0.01616130828857422,True,-1,,,
5703,254,5,2,-5.667076587677002,-0.0010111904144287109,-0.005475168228149414,True,286,-0.011108493804931641,0.005986299514770508,-0.021558771133422854
5703,2344,46,2,-3.863569974899292,0.025741295814514162,-0.01823551654815674,False,2319,0.014214138984680175,-0.013526568412780762,-0.016236104965209962
5704,210,4,2,-4.907621383666992,0.0033945846557617188,-0.012131490707397462,False,-1,,,
5704,994,19,2,-5.454004287719727,-0.013220634460449219,0.004767961502075195,True,990,0.012179174423217774,0.0016425514221191405,0.028525218963623047
5705,269,5,18,-4.573978424072266,0.028005504608154298,0.005772132873535157,True,-1,,,
5705,2122,42,3,-2.3836469650268555,-0.01140899419784546,-0.008077740669250488,False,-1,,,
5706,234,4,4,-5.117180824279785,-0.011746377944946288,-0.011768474578857421,False,-1,,,
5716,488,9,2,-5.212252616882324,-0.002375507354736328,-0.002459230422973633,False,-1,,,
5716,1669,33,2,-5.8295674324035645,0.0028539276123046874,-0.0028937244415283203,True,-1,,,
5716,2140,42,2,-3.777792453765869,-0.02146726131439209,-0.03832935333251953,False,-1,,,
5716,2311,46,2,-3.410377025604248,0.010244321823120118,-0.00997581958770752,False,2319,0.011940269470214844,-0.01657946586608887,0.008299593925476072
5718,1582,31,8,-2.9423584938049316,-0.03810188770294189,-0.003326096534729004,False,-1,,,
5721,37,0,23,-3.36940336227417,0.008160977363586426,0.013607521057128907,False,-1,,,
5729,1184,23,2,-2.4701550006866455,-0.0393923556804657,-0.05953685283660889,False,-1,,,
5729,2343,46,2,-4.848735809326172,0.010942859649658203,-0.018116140365600587,False,2330,0.01728261947631836,0.005654134750366211,-0.017430515289306642
5730,2322,46,6,-5.292259693145752,-0.002615232467651367,-0.013639879226684571,True,2337,0.010113382339477539,-0.012344350814819336,0.011433086395263671
5737,2057,41,2,-3.9452385902404785,0.007726144790649414,-0.024363746643066408,False,-1,,,
5737,2326,46,2,-4.517650604248047,0.012006893157958984,-0.025004472732543945,False,2330,0.01549515724182129,0.020431103706359862,-0.0419473123550415
5749,10,0,14,-3.1560633182525635,-0.0471787691116333,-0.032374272346496584,False,-1,,,
5754,2189,43,18,-5.413305282592773,-0.04936377048492432,0.010803203582763671,True,-1,,,
5758,1074,21,5,-2.170250415802002,-0.02036484718322754,0.01106060266494751,False,-1,,,
5759,1062,21,20,-1.101192831993103,0.023984301090240478,-0.05218906164169312,False,-1,,,
5760,680,13,5,-5.604049205780029,-0.020357675552368164,0.04372709274291992,True,-1,,,
5761,121,2,2,-5.279289722442627,-0.012957143783569335,-0.010587701797485352,True,-1,,,
5761,218,4,2,-5.475278377532959,0.006041221618652344,-0.00997950553894043,True,221,-0.0384752082824707,-0.007264356613159179,-0.0472315788269043
5761,1160,23,5,-2.3520915508270264,0.01335573673248291,-0.011946139335632324,False,-1,,,
5762,1444,28,2,-5.766035079956055,-0.027244062423706056,-0.0041643714904785155,True,1419,-0.0025677776336669924,-0.006048040390014648,0.026559953689575196
5762,2441,48,2,-5.181862831115723,-0.005430955886840821,-0.009821548461914062,False,-1,,,
5764,334,6,4,-5.9742536544799805,-0.06322328567504883,0.0027403163909912108,True,-1,,,
5765,2426,48,5,-0.8458513021469116,0.01591259241104126,-0.0018593037128448486,False,-1,,,
5772,1968,39,4,-4.375495433807373,-0.02622927665710449,-0.009262542724609375,False,-1,,,
5785,273,5,2,-2.596611261367798,0.00345059871673584,-0.0007841920852661133,False,-1,,,
5785,1401,28,2,-1.52091383934021,-0.01198020100593567,-0.021245665550231933,False,-1,,,
5785,2340,46,3,-5.586309432983398,0.007278642654418945,0.015763339996337892,True,2317,0.0028198909759521483,-0.006122484207153321,0.017427072525024415
5789,212,4,2,-1.6544569730758667,0.008583681583404541,0.00754234790802002,False,-1,,,
5789,1804,36,2,-1.4358906745910645,-0.014517495632171631,-0.001215054988861084,False,-1,,,
5790,891,17,15,-5.9742536544799805,-0.07027077198028564,0.008285579681396484,True,-1,,,
5793,998,19,5,-5.791120529174805,-0.018445091247558595,-0.0036626625061035156,True,-1,,,
5793,1354,27,10,-5.901969909667969,-0.03772125244140625,0.01798065185546875,True,-1,,,
5794,421,8,4,-0.9223595261573792,0.017823389768600463,-0.04774581789970398,False,-1,,,
5797,2338,46,3,-2.2759220600128174,0.01937931537628174,0.011172025203704835,False,-1,,,
5800,402,8,2,-3.0059638023376465,0.015579066276550292,-0.01697354793548584,False,-1,,,
5800,734,14,3,-3.707059383392334,0.018296785354614258,0.0033376073837280275,False,-1,,,
5800,979,19,2,-2.604919910430908,-0.0035511207580566405,-0.008326430320739747,False,-1,,,
5801,623,12,13,-3.932145595550537,-0.030602474212646485,-0.027663040161132812,False,-1,,,
5802,462,9,17,-5.911811828613281,-0.02551786422729492,-0.0012488365173339844,True,-1,,,
5810,286,5,2,-4.942401885986328,0.011237401962280274,-0.020637035369873047,True,274,-0.0019896888732910158,-0.01362797737121582,-0.020236148834228522
5810,737,14,2,-5.9742536544799805,-0.0026762962341308595,0.0,True,733,-0.00033972740173339845,0.008885173797607422,-0.006548604965209961
5810,1708,34,23,-5.943011283874512,-0.03375998497009278,0.028089885711669923,True,-1,,,
5819,2252,45,4,-2.7157976627349854,0.0046250057220458985,-0.01933837890625,False,-1,,,
5828,708,14,3,-4.524512767791748,0.020031862258911133,0.030207324028015136,True,-1,,,
5829,1984,39,9,-5.9742536544799805,-0.013379459381103515,0.036846647262573244,True,1975,-0.009062013626098632,0.0416577672958374,-0.0004936742782592762
5831,2305,46,10,-5.791524410247803,-0.022302007675170897,0.0005675411224365235,False,2337,-0.001928415298461914,0.0203717041015625,0.000569429397583008
5838,2055,41,13,-5.9742536544799805,-0.01650210380554199,0.030524959564208986,True,2060,0.0024155902862548827,0.01374197006225586,0.03570068359375
5838,2320,46,5,-4.562653541564941,0.023812055587768555,-0.007050085067749024,True,2331,-0.01035928726196289,0.02484130859375,-0.06606273651123047
5844,222,4,2,-5.9742536544799805,0.0,0.0020284366607666014,True,217,-0.01686833381652832,0.0015651416778564454,-0.016405038833618164
5844,1419,28,2,-5.458007335662842,-0.0013174724578857422,0.011049766540527344,True,1428,0.006994304656982422,-0.010664234161376953,0.03002577781677246
5845,1743,34,12,-3.148298740386963,-0.019985880851745606,-0.01793074607849121,False,-1,,,
5846,2203,44,3,-1.9426745176315308,-0.01185539722442627,-0.023780691623687743,False,-1,,,
5848,1538,30,3,-4.277523994445801,-0.02339676856994629,-0.010119247436523437,False,-1,,,
5851,1711,34,20,-0.7069303393363953,0.040106641054153444,-0.011416891813278198,False,-1,,,
5852,1654,33,2,-4.791898727416992,0.015935163497924804,0.015171566009521485,True,-1,,,
5852,2426,48,2,-1.1338658332824707,0.004163088798522949,-0.01111036777496338,False,-1,,,
5854,240,4,2,-4.355701446533203,-0.04127560615539551,-0.004278421401977539,False,211,0.02993353843688965,-0.004878711700439453,0.07180943489074706
5854,1752,35,2,-4.935806751251221,0.0033213233947753905,0.007890625,True,-1,,,
5871,2334,46,13,-4.502358913421631,0.022908926010131836,-0.026827926635742187,False,2330,-0.0011115646362304687,-0.0034824562072753905,-0.0473659610748291
5873,167,3,9,-5.839150428771973,-0.09112576007843018,0.048022065162658695,True,195,-0.016834897994995116,0.009732017517089844,0.11258090972900392
5878,25,0,2,-2.2083170413970947,-0.001822047233581543,-0.016266584396362305,False,-1,,,
5878,2122,42,2,-3.141627311706543,-0.02074409008026123,-0.0061414241790771484,False,-1,,,
5879,916,18,2,-2.395752191543579,-0.0045432567596435545,-0.022697601318359375,False,-1,,,
5879,1446,28,2,-1.2229758501052856,0.012598133087158203,0.01030238151550293,False,-1,,,
5879,2438,48,3,-2.8487751483917236,-0.007985339164733887,-0.0026036596298217776,False,-1,,,
5885,221,4,2,-5.651180267333984,-0.0028358745574951173,0.00442011833190918,True,217,-0.010535097122192383,0.03196624755859375,-0.035245351791381836
5885,274,5,2,-5.750748157501221,-0.012314987182617188,-0.0036920928955078126,True,281,0.004239797592163086,-0.0013195991516113282,0.014182291030883788
5888,72,1,11,-4.0702056884765625,-0.026699895858764647,-0.01359766960144043,False,-1,,,
5888,616,12,11,-5.352250099182129,-0.10081817746162415,-0.012440071105957032,False,-1,,,
5891,689,13,15,-4.745490550994873,-0.03811206817626953,-0.004941816329956055,False,-1,,,
5892,1791,35,2,-2.6381943225860596,0.04254201412200928,0.004571423530578613,False,1773,-0.019140114784240724,-0.013761043548583984,-0.04334966182708741
5892,2331,46,2,-3.3134162425994873,0.022671303749084472,-0.009976181983947754,False,-1,,,
5895,1408,28,12,-3.5128989219665527,0.01855698585510254,-0.02147672653198242,False,-1,,,
5903,733,14,2,-4.239480018615723,0.010470905303955079,-0.01576873779296875,False,-1,,,
5903,2493,49,2,-5.2761993408203125,0.01396108627319336,-0.0011063385009765624,True,-1,,,
5907,915,18,11,-5.397761344909668,-0.010946979522705078,0.021604251861572266,True,-1,,,
5909,2363,47,15,-5.365278244018555,-0.06984665870666504,-0.006781330108642578,False,-1,,,
5915,241,4,2,-3.5952463150024414,-0.021507267951965333,-0.009830656051635743,False,-1,,,
5915,2336,46,2,-5.945026874542236,-0.0010953044891357422,0.012709503173828124,True,2329,-0.004196643829345703,0.005336408615112305,0.004271755218505858
5916,1805,36,14,-1.0288820266723633,0.023026871681213378,-0.030592713356018066,False,-1,,,
5917,1084,21,27,-5.772304058074951,-0.046135363578796384,0.040625085830688475,True,-1,,,
5919,194,3,20,-3.0835421085357666,-0.045056535005569456,0.03753823280334473,False,-1,,,
5925,1923,38,16,-4.220271110534668,-0.0470953631401062,-0.022891445159912108,False,-1,,,
5926,195,3,5,-5.399916172027588,0.011486749649047851,0.003694419860839844,True,-1,,,
5927,1142,22,20,-3.701917886734009,-0.05963340163230896,0.007678952217102051,False,-1,,,
5928,2260,45,3,-5.237566947937012,-0.022875890731811524,-0.001572408676147461,False,-1,,,
5929,1426,28,25,-4.572612762451172,-0.05600345373153687,0.018775672912597657,False,1404,-0.010995845794677734,-0.021702384948730467,0.08548566579818725
5937,974,19,3,-2.8759961128234863,-0.02015913724899292,0.013763327598571778,False,982,-0.0013005828857421875,-0.01354029655456543,0.046162178516387944
5939,999,19,2,-5.658064365386963,-0.02476959228515625,0.0054398059844970705,True,990,0.002345733642578125,-0.009084243774414063,0.04163937568664551
5939,1669,33,2,-5.057607650756836,-0.019268045425415038,0.046827869415283205,False,-1,,,
5942,1493,29,11,-1.408789038658142,0.04350163698196411,-0.0337243390083313,False,-1,,,
5944,1849,36,5,-2.379154920578003,0.020512709617614745,-0.029270052909851074,False,-1,,,
5946,1632,32,6,-2.309347152709961,-0.005630912780761718,-0.00020860671997070313,False,-1,,,
5956,242,4,2,-1.0589179992675781,0.003206629753112793,-0.013409867286682128,False,-1,,,
5956,1074,21,2,-1.8885806798934937,-0.029081008434295653,-0.02079333543777466,False,-1,,,
5957,108,2,14,-2.21998929977417,0.04552248001098633,-0.004029603004455567,False,-1,,,
5960,1195,23,5,-4.838784694671631,-0.036901445388793946,-0.01340226173400879,False,-1,,,
5961,446,8,2,-5.939155578613281,-0.001168079376220703,0.001641550064086914,True,-1,,,
5961,2267,45,2,-4.370542526245117,0.01540461540222168,-0.006556587219238281,False,-1,,,
5965,2277,45,3,-3.6359126567840576,-0.01606045722961426,0.03215658664703369,False,-1,,,
5967,1036,20,2,-2.989899158477783,0.0038675832748413085,-0.016002206802368163,False,-1,,,
5967,2325,46,2,-2.861952781677246,-0.00012567520141601563,-0.0195131778717041,False,-1,,,
5967,2330,46,2,-4.729182243347168,-0.0002592563629150391,0.024924969673156737,False,2341,-0.0010527420043945314,-0.009668598175048828,0.033800082206726076
5967,2423,48,2,-5.818380832672119,-0.009301681518554688,-0.0019212055206298828,True,2407,-0.01804408073425293,0.028654727935791015,-0.03931833267211914
5971,2317,46,3,-3.261608362197876,-0.00138916015625,0.004109187126159668,False,2318,0.0072789955139160156,-0.0033754348754882813,0.016152777671813966
5973,252,5,3,-5.837654113769531,-0.01264561653137207,0.032450017929077146,False,268,0.002466297149658203,0.002784538269042969,0.04477739334106445
5975,80,1,2,-5.2125325202941895,-0.018939943313598634,0.0027363777160644533,False,84,-0.01914586067199707,-0.011258344650268554,0.013788805007934571
5975,211,4,2,-3.732839822769165,0.008171820640563964,0.003471636772155762,False,-1,,,
5977,1773,35,2,-3.4620471000671387,0.002081484794616699,-0.01696666717529297,False,-1,,,
5977,2327,46,2,-1.7205262184143066,-0.0095965838432312,0.009276833534240723,False,-1,,,
5979,354,7,3,-1.6289833784103394,0.0147489333152771,-0.011192162036895752,False,-1,,,
5984,1526,30,11,-5.773926734924316,-0.049376997947692874,0.0014585590362548829,True,-1,,,
5986,273,5,2,-2.3054802417755127,0.0018628311157226562,0.00798919916152954,False,-1,,,
5986,1336,26,2,-4.144831657409668,-0.012679815292358398,-0.02895669937133789,False,-1,,,
5988,2216,44,12,-5.973391532897949,1.7242431640625e-05,0.008999395370483398,True,-1,,,
5993,1975,39,14,-5.9742536544799805,-0.030409297943115234,0.0194834041595459,True,-1,,,
5994,293,5,2,-5.67153263092041,0.0017507839202880859,-0.0028215312957763673,True,255,0.005530357360839844,-0.007069988250732422,0.008028030395507812
5994,820,16,2,-4.212347507476807,-0.012767267227172852,-0.017870731353759765,False,-1,,,
5994,1557,31,4,-0.8647643327713013,-0.007126849889755249,-0.046809709072113036,False,-1,,,
5998,1164,23,17,-3.4621002674102783,-0.03901602268218994,-0.04892702579498291,False,-1,,,
6003,2150,43,13,-3.2789084911346436,-0.05707244336605072,-0.018530821800231932,False,-1,,,
6006,2140,42,16,-5.694492816925049,-0.004815187454223633,0.01629502296447754,True,-1,,,
6007,205,4,2,-4.590546131134033,0.02637089729309082,-0.027674150466918946,False,-1,,,
6007,1130,22,2,-5.768746376037598,-0.04093355178833008,0.0019056987762451172,True,-1,,,
6009,463,9,17,-5.7638444900512695,-0.07206137180328369,-0.004208183288574219,False,-1,,,
6011,1791,35,10,-5.9742536544799805,-0.04366753101348877,0.008408384323120117,True,-1,,,
6017,982,19,2,-4.773921012878418,-0.023697009086608888,-0.021595830917358397,False,-1,,,
6017,2438,48,2,-3.6232104301452637,-0.014752187728881837,-0.024107303619384766,False,-1,,,
6018,2407,48,16,-4.455416202545166,0.022976140975952148,0.0028464508056640623,True,-1,,,
6023,1669,33,2,-4.159506797790527,-0.0036783695220947267,-0.03126565933227539,False,-1,,,
6023,2319,46,2,-4.8206281661987305,-0.002286252975463867,-0.010989656448364258,False,2323,0.0010932254791259765,0.03515315055847168,-0.04276332855224609
6024,1198,23,17,-1.5116535425186157,0.03992752313613892,-0.002468738555908203,False,-1,,,
6025,221,4,2,-2.8420960903167725,0.027809453010559083,-0.0058140230178833005,False,-1,,,
6025,955,19,2,-5.9742536544799805,-0.04623279571533203,0.0018289470672607422,True,990,-0.007626981735229492,0.011407032012939453,0.029027729034423827
6033,1401,28,3,-4.4001383781433105,-0.012872705459594727,-0.022489309310913086,False,-1,,,
6039,1972,39,2,-0.960990309715271,0.009060924053192138,-0.0063941097259521485,False,-1,,,
6039,2009,40,2,-5.309592247009277,-0.03814100742340088,-0.013293228149414062,False,-1,,,
6044,2210,44,10,-5.209688186645508,0.007072639465332031,0.01970592498779297,True,-1,,,
6047,2331,46,2,-4.34809684753418,-0.002624673843383789,-0.007481136322021484,False,2302,0.005301551818847656,0.011117210388183594,-0.010672121047973632
6047,2426,48,2,-3.1354780197143555,-0.013467216491699218,-3.2973289489746096e-05,False,-1,,,
6048,82,1,14,-4.086328029632568,0.014493303298950195,0.00603675365447998,True,-1,,,
6048,268,5,2,-5.920385837554932,-0.018069515228271483,-0.00047219276428222656,True,255,-0.0048479270935058594,0.0022977161407470702,0.010451679229736326
6048,1676,33,2,-3.050952434539795,-0.02876833438873291,0.023091042041778566,False,-1,,,
6052,59,1,2,-5.588341236114502,-0.01812119483947754,0.0006609153747558594,True,50,-0.001204681396484375,-0.006817216873168945,0.024394645690917968
6052,316,6,12,-4.617670059204102,0.022937612533569338,-0.010636777877807617,True,-1,,,
6052,1249,24,2,-2.6005806922912598,-0.007202005386352539,-0.010033650398254395,False,-1,,,
6053,1334,26,3,-5.730751037597656,0.0023025894165039063,0.019453964233398437,True,-1,,,
6068,639,12,2,-1.5183289051055908,0.006015334129333496,-0.06454261302947999,False,-1,,,
6068,734,14,2,-3.843252420425415,-0.011499910354614258,0.009009032249450684,False,-1,,,
6070,1736,34,2,-3.7337591648101807,-0.02566990375518799,-0.024280123710632324,False,-1,,,
6070,1819,36,2,-3.5217390060424805,-0.037608563899993896,-0.029133472442626953,False,-1,,,
6073,1336,26,12,-4.317121505737305,0.008657140731811524,-0.0316115951538086,True,-1,,,
6077,568,11,20,-5.869034290313721,-0.025710315704345704,0.013650150299072265,True,-1,,,
6077,990,19,2,-5.323510646820068,0.013014860153198242,-0.009040336608886718,True,999,0.003411855697631836,0.0275861120223999,-0.04622945308685303
6077,1655,33,20,-4.763452529907227,-0.023962225914001465,0.004550657272338867,False,-1,,,
6077,2341,46,2,-5.9742536544799805,-0.02264451026916504,0.013469171524047852,True,2301,0.0033581161499023435,-0.0030881595611572266,0.042559957504272466
6079,2373,47,5,-3.6070127487182617,-0.004615697860717773,-0.012397298812866211,False,-1,,,
6080,84,1,17,-4.236214637756348,0.031830854415893554,-0.015939044952392577,True,-1,,,
6081,737,14,2,-5.785223007202148,-0.022271242141723633,0.011379585266113282,True,717,-0.013995761871337891,0.019695577621459962,-4.051208496094055e-05
6081,2060,41,2,-5.704211235046387,0.005400848388671875,0.005611295700073242,True,-1,,,
6085,1856,37,24,-5.559695243835449,-0.049723634719848635,0.031689386367797855,True,-1,,,
6086,281,5,2,-5.3825364112854,-0.017225866317749024,-0.004009904861450195,False,251,-0.015473241806030274,0.0056741428375244145,-0.007931423187255857
6086,1411,28,2,-5.302783966064453,-0.011604413986206055,-0.013429393768310547,False,1436,0.009032297134399413,-0.00851369857788086,0.01572101593017578
6090,1999,39,21,-5.668323040008545,-0.05545116901397705,-0.0018766403198242187,False,-1,,,
6098,958,19,3,-5.953975677490234,-0.030752906799316405,0.004258375167846679,True,-1,,,
6101,631,12,20,-2.468764305114746,-0.01734924077987671,-0.01668734073638916,False,-1,,,
6101,1337,26,6,-5.9742536544799805,-0.0024248409271240235,0.008980932235717774,True,-1,,,
6102,1859,37,5,-5.542140007019043,-0.050993728637695315,0.041207990646362304,False,-1,,,
6102,2306,46,16,-3.5435965061187744,0.024962592124938964,-0.007336544990539551,False,-1,,,
6106,518,10,17,-0.9840590357780457,-0.006290149688720703,-0.008294931650161742,False,-1,,,
6107,328,6,20,-4.305637359619141,-0.043811736106872556,-0.0008809375762939453,False,-1,,,
6107,2376,47,22,-3.2914633750915527,-0.0395771074295044,0.013749489784240723,False,-1,,,
6117,2331,46,3,-4.36550760269165,0.007742862701416015,0.017504587173461914,False,2302,-0.012892918586730957,-0.0109619140625,0.007830719947814941
6123,763,15,12,-3.7415788173675537,0.044653496742248534,-0.023195948600769043,True,-1,,,
6124,50,1,12,-5.971097946166992,-0.011901865005493164,0.00505889892578125,True,-1,,,
6135,221,4,2,-5.172080993652344,-0.04018301010131836,0.007745914459228516,False,211,-0.03260724067687988,-0.001357431411743164,0.01667911529541016
6135,747,14,2,-3.321652412414551,0.031029052734375,0.026150045394897462,False,744,-0.0037738370895385744,0.03197072982788086,-0.04062357425689697
6138,948,18,17,-5.332927703857422,-0.07795006513595581,-0.0063547325134277344,False,-1,,,
6140,1446,28,2,-3.754467725753784,-0.0075801992416381836,-0.004997248649597168,False,1404,-0.011999764442443848,-0.004822940826416016,-0.004593873023986817
6140,1972,39,2,-1.8047090768814087,-0.012219607830047607,-0.059009196758270266,False,-1,,,
6148,2009,40,5,-4.616241931915283,0.026042642593383788,-0.005120697021484375,True,-1,,,
6149,533,10,3,-2.3648269176483154,0.011116824150085448,-0.005092329978942871,False,-1,,,
6150,2077,41,2,-1.387671947479248,-0.0004773879051208496,-0.03753669261932373,False,-1,,,
6150,2451,49,2,-3.6577463150024414,-0.024031076431274414,-0.014497404098510741,False,-1,,,
6152,2087,41,10,-2.0554046630859375,0.04824688911437988,-0.03830971240997314,False,-1,,,
6154,2490,49,9,-4.552437782287598,-0.04982536315917969,-0.021132049560546876,False,-1,,,
6162,2203,44,9,-1.360306978225708,-0.008748507499694825,-0.014017891883850098,False,-1,,,
6163,639,12,8,-5.9742536544799805,-0.024123058319091797,0.008123998641967773,True,-1,,,
6164,265,5,2,-5.302517890930176,-0.026018028259277345,-0.0062453365325927735,False,276,0.014215631484985352,-0.003953380584716797,0.03794170379638672
6164,717,14,2,-5.888730525970459,0.00152252197265625,0.01391204833984375,True,-1,,,
6164,972,19,15,-5.767454147338867,-0.019023065567016603,0.010567712783813476,True,-1,,,
6169,59,1,2,-5.9742536544799805,-0.00528778076171875,0.002713441848754883,True,-1,,,
6169,159,3,13,-4.38001823425293,-0.05829079627990723,0.0055427074432373045,False,-1,,,
6169,2143,42,17,-5.693546295166016,-0.03587773323059082,0.015142421722412109,True,-1,,,
6169,2302,46,2,-4.751554489135742,-0.011163816452026368,-0.020168209075927736,False,2301,0.026143436431884767,-0.008949670791625976,0.026088714599609375
6172,751,15,7,-1.531833529472351,-0.015449700355529785,-0.053537647724151614,False,-1,,,
6175,1857,37,3,-1.9395720958709717,-0.003249356746673584,-0.04465911388397217,False,-1,,,
6179,267,5,14,-4.512166976928711,0.013032855987548829,-0.003543376922607422,True,292,0.023306550979614257,-0.023811559677124023,0.030541877746582027
6182,240,4,2,-5.465488433837891,0.008128480911254883,-0.0068081474304199216,False,211,0.004484882354736328,-0.007265605926513672,-0.0031861400604248045
6182,1429,28,2,-5.9742536544799805,-0.00026541709899902344,0.019977121353149413,True,-1,,,
6186,1145,22,10,-4.015768051147461,-0.05935386180877686,-0.012481155395507813,False,-1,,,
6186,2423,48,8,-5.345742225646973,0.01129490852355957,0.0019268131256103516,True,-1,,,
6187,217,4,2,-5.301059246063232,-0.015206642150878906,-0.011431188583374023,True,212,-0.020914621353149414,-0.003946685791015625,-0.013192481994628904
6187,2336,46,2,-5.8772759437561035,-0.01562201499938965,-0.0008277034759521484,False,2340,-0.009072036743164062,0.008876399993896484,-0.0031541252136230453
6189,515,10,3,-2.824678897857666,-0.01868570566177368,-0.04530771255493164,False,-1,,,
6191,418,8,2,-0.9316331744194031,0.013716453313827514,-0.04772291302680969,False,-1,,,
6191,1804,36,2,-4.376590251922607,0.02795697212219238,-0.008718767166137696,True,-1,,,
6191,2088,41,14,-4.6050944328308105,0.018892297744750975,-0.020305652618408204,True,-1,,,
6193,1431,28,16,-3.8428380489349365,0.03854345798492432,0.012950286865234376,True,1404,-0.008150410652160645,-0.00902444839477539,-0.024719133377075198
6205,80,1,16,-4.191328048706055,0.03236966133117676,-0.0023993492126464845,True,-1,,,
6205,916,18,21,-2.4793758392333984,-0.020782692432403563,-0.03573517799377442,False,-1,,,
6206,210,4,2,-5.292870998382568,0.013627653121948241,0.029104814529418946,True,-1,,,
6206,290,5,2,-1.3287558555603027,-0.004302265644073486,0.01118701696395874,False,-1,,,
6216,1074,21,2,-4.883957386016846,-0.07336754083633423,-0.019545602798461913,False,-1,,,
6216,1602,32,2,-0.8248543739318848,-0.0010554969310760498,-0.06163495063781738,False,-1,,,
6217,190,3,7,-0.8539559841156006,0.005011401176452637,0.011631514430046081,False,-1,,,
6218,1664,33,13,-5.081928730010986,0.009495553970336914,0.011278209686279296,True,1654,0.01270522117614746,-0.007524690628051758,0.0220125675201416
6220,2451,49,4,-5.604643821716309,-0.026842679977416992,0.007123231887817383,False,-1,,,
6227,177,3,18,-3.918534517288208,-0.03209951400756836,-0.03929704189300537,False,-1,,,
6227,447,8,11,-4.003932952880859,-0.02863619327545166,-0.015546398162841797,False,-1,,,
6235,755,15,2,-0.864507794380188,0.002683858871459961,-0.03276723623275757,False,-1,,,
6235,1249,24,18,-5.555604457855225,-0.06255643844604492,0.031598258018493655,False,-1,,,
6235,1676,33,2,-2.05018949508667,-0.021840989589691162,-0.0477264404296875,False,-1,,,
6236,1557,31,12,-4.604724407196045,0.024780950546264648,-0.014470758438110352,True,-1,,,
6238,1859,37,15,-5.534820556640625,-0.041244583129882814,0.01781599998474121,False,-1,,,
6246,458,9,5,-0.7391887307167053,0.02721779227256775,-0.011714929342269897,False,-1,,,
6247,274,5,2,-5.960330009460449,-0.007948694229125976,-0.000278472900390625,True,251,-0.00012495994567871094,-0.001365537643432617,0.008910799026489257
6247,1936,38,2,-4.507436275482178,-0.015907506942749023,-0.024473505020141603,False,-1,,,
6248,1361,27,4,-5.336172580718994,-0.014185791015625,-0.007805252075195312,False,-1,,,
6250,1079,21,17,-4.920081615447998,-0.043579630851745606,0.02194563865661621,False,-1,,,
6261,286,5,2,-4.148238658905029,0.03221433639526367,0.0129195499420166,True,255,-0.007022428512573242,-0.015703773498535155,-0.01061344146728516
6261,1432,28,2,-4.415720462799072,0.005527029037475586,0.02084216594696045,True,1404,-0.000470123291015625,-0.009286632537841797,0.024131646156311037
6263,1436,28,3,-5.9742536544799805,-0.020200262069702147,0.03916422843933105,True,1407,-0.006881589889526367,0.008946123123168946,0.043536777496337886
6270,303,6,12,-5.597548484802246,0.003936777114868164,0.007713241577148438,True,-1,,,
6273,835,16,2,-1.9536007642745972,-0.005540430545806885,-0.002669322490692139,False,-1,,,
6273,968,19,2,-1.3047525882720947,0.02099236488342285,0.0026676201820373534,False,974,0.023352642059326172,-0.02034696102142334,0.02537485837936401
6273,2269,45,6,-2.429323673248291,-0.005846033096313477,-0.013631043434143066,False,-1,,,
6274,955,19,2,-5.9742536544799805,-0.004571552276611328,0.004055023193359375,True,999,-0.02012889862060547,0.01644274711608887,-0.027945070266723635
6274,1130,22,2,-4.192503452301025,-0.011342458724975586,-0.004419898986816407,False,-1,,,
6276,645,12,14,-5.275162220001221,-0.0677840495109558,0.019276819229125976,True,-1,,,
6278,1449,28,10,-4.220728874206543,-0.026567492485046387,-0.013552818298339844,False,1428,-0.008375158309936523,-0.021160616874694824,0.025800132751464845
6280,210,4,2,-1.8534793853759766,0.05200231552124023,-0.023041782379150392,False,-1,,,
6280,1328,26,2,-5.236240863800049,-0.013436908721923829,0.003292703628540039,False,-1,,,
6280,1351,27,18,-0.6979360580444336,0.024868359565734865,0.009646657109260558,False,-1,,,
6288,205,4,2,-5.959005832672119,-0.005381879806518555,0.003284492492675781,True,-1,,,
6288,292,5,2,-5.418462753295898,0.004778289794921875,-0.011115818023681641,True,268,-0.004578971862792968,-0.007251310348510742,-0.013221769332885741
6292,533,10,6,-5.845278739929199,-0.00043236732482910157,-0.002579498291015625,True,-1,,,
6293,1896,37,14,-5.5171403884887695,-0.010017681121826171,-0.0024277400970458985,True,-1,,,
6293,2256,45,10,-4.791203498840332,0.023150300979614256,-0.00981088638305664,True,-1,,,
6296,635,12,11,-0.5303316116333008,0.0033440375328063964,-0.0036559391021728518,False,-1,,,
6297,673,13,18,-5.324409484863281,-0.07118467807769775,-0.011016969680786132,True,-1,,,
6302,29,0,2,-5.9742536544799805,-0.059582200050354,0.039685730934143064,True,-1,,,
6302,211,4,2,-3.8283779621124268,0.013801922798156738,0.033711323738098146,False,-1,,,
6309,1974,39,9,-4.969329357147217,0.00339813232421875,0.01968738079071045,True,-1,,,
6312,740,14,3,-2.700561285018921,0.006501007080078125,-0.025681262016296388,False,-1,,,
6317,1843,36,15,-3.52217960357666,0.02415802001953125,-0.0028460025787353516,False,1837,-0.025591416358947752,-0.01827287197113037,-0.034322566986083984
6322,1429,28,2,-5.190689563751221,-0.012549095153808594,-0.006838674545288086,False,-1,,,
6322,2077,41,2,-5.258167743682861,0.012993535995483398,-0.007257909774780274,True,-1,,,
6323,1669,33,4,-5.560334205627441,0.006109657287597656,-0.000253753662109375,True,1654,0.002421398162841797,0.0065279102325439455,-0.010469923019409178
6327,217,4,17,-3.1694483757019043,0.02813929557800293,-0.018134565353393556,False,-1,,,
6329,2327,46,4,-4.864620685577393,-0.029584765434265137,-0.016882734298706056,False,2330,-0.007739601135253907,-0.015583314895629884,0.020545744895935057
6332,99,1,2,-2.366713285446167,-0.012987051010131836,0.002495889663696289,False,-1,,,
6332,994,19,2,-5.75262975692749,-0.022330493927001954,0.018130369186401367,True,-1,,,
6332,1589,31,22,-5.187799453735352,0.007755966186523438,-0.011479482650756836,True,-1,,,
6343,458,9,2,-0.9767906069755554,0.009027851819992065,-0.008238903284072875,False,-1,,,
6343,1676,33,2,-4.782222270965576,-0.006487417221069336,-0.010777568817138672,False,-1,,,
6348,2444,48,10,-4.77792501449585,0.01987100601196289,-0.014224023818969726,True,-1,,,
6349,790,15,13,-3.04791522026062,-0.03275863409042359,-0.046547102928161624,False,-1,,,
6349,1407,28,2,-4.101670265197754,0.02568330764770508,0.0274484920501709,False,1428,-0.006914987564086914,-0.009993133544921875,0.004843330383300781
6349,1476,29,2,-2.178252935409546,-0.00639547348022461,0.012443039417266846,False,-1,,,
6351,2448,48,2,-5.197302341461182,0.015258464813232422,-0.009088649749755859,True,-1,,,
6351,2456,49,2,-1.2603707313537598,-0.008022341728210449,-0.02199371337890625,False,-1,,,
6357,240,4,12,-1.9664758443832397,0.02551680326461792,0.00480224609375,False,-1,,,
6359,585,11,2,-5.9742536544799805,-0.06448917388916016,0.0,True,-1,,,
6359,1328,26,2,-5.673597812652588,-0.008819713592529296,0.005502614974975586,False,-1,,,
6360,288,5,2,-3.902637243270874,-0.008746891021728516,0.005231456756591797,False,-1,,,
6360,2337,46,2,-2.6141085624694824,-0.0023465681076049803,-0.023462800979614257,False,2338,0.0016901063919067382,-0.01866891384124756,-0.000757212638854976
6362,2277,45,18,-4.179862976074219,0.03588781356811523,-0.002200155258178711,True,-1,,,
6364,190,3,2,-0.9386296272277832,-0.00788105845451355,-0.01595773458480835,False,-1,,,
6364,998,19,2,-3.1548662185668945,0.008185157775878906,0.010964961051940917,False,974,-0.01402587890625,-0.015606651306152344,0.004360575675964354
6365,1104,22,16,-4.244695663452148,-0.04136521339416504,0.013844408988952638,False,-1,,,
6369,1977,39,3,-2.446070909500122,0.03808708667755127,0.0005117511749267578,False,-1,,,
6371,1017,20,5,-5.9742536544799805,-0.00644989013671875,0.013028297424316406,True,1008,-0.010195035934448243,0.0015303707122802735,0.007752780914306642
6372,59,1,14,-5.814887523651123,-0.06355494976043702,-0.0031873226165771485,True,-1,,,
6373,226,4,14,-1.1974732875823975,0.005578970909118653,-0.008419167995452882,False,-1,,,
6376,242,4,2,-3.4756009578704834,-0.02109041213989258,-0.007036218643188477,False,223,-0.0128607177734375,0.009187421798706054,-0.007993946075439453
6376,1349,26,2,-2.7170932292938232,-0.020557880401611328,-0.019569292068481445,False,-1,,,
6379,273,5,14,-4.382029056549072,-0.013154807090759278,-0.017885923385620117,False,-1,,,
6383,1553,31,13,-5.9742536544799805,-0.002056598663330078,0.0036044788360595705,True,-1,,,
6383,1648,32,10,-3.0220859050750732,-0.03900421142578125,-0.032974648475646975,False,-1,,,
6383,1965,39,16,-4.4660797119140625,0.0010157585144042968,0.00012948989868164063,False,-1,,,
6387,1867,37,12,-3.79770565032959,-0.030217933654785156,-0.023748178482055664,False,-1,,,
6392,1043,20,2,-0.5043073296546936,0.03717202544212341,0.005682559907436371,False,-1,,,
6392,1654,33,2,-5.640634536743164,0.004092063903808594,0.0012564468383789063,True,-1,,,
6395,402,8,10,-5.952650547027588,-0.03687298774719238,0.0002677059173583984,True,-1,,,
6396,712,14,4,-1.1076706647872925,0.000886232852935791,0.00777780294418335,False,-1,,,
6407,2340,46,15,-4.835173606872559,0.016987552642822267,-0.0041097068786621095,True,2339,0.013722734451293945,-0.019731740951538086,0.012357215881347652
6409,458,9,2,-1.9434601068496704,-0.015405576229095459,0.012873518466949462,False,-1,,,
6409,1428,28,2,-4.247956275939941,-0.00251734733581543,0.004605922698974609,False,-1,,,
6409,1790,35,2,-5.9742536544799805,0.0,0.0043866634368896484,True,-1,,,
6409,2301,46,2,-5.896974086761475,0.000509328842163086,0.0036380577087402346,True,2318,0.005334377288818359,0.0002204418182373047,0.008242664337158204
6414,1351,27,2,-0.5641978979110718,-0.006505712270736695,-0.030291526317596434,False,-1,,,
6414,2249,44,2,-2.666848659515381,-0.00035566329956054687,-0.020670876502990723,False,2217,-0.013170948028564453,-0.028218560218811035,-0.005267601013183595
6418,2325,46,18,-3.7873761653900146,0.043198800086975096,0.0017053413391113282,True,-1,,,
6419,999,19,2,-4.723630905151367,0.013631086349487304,-0.016462984085083007,True,-1,,,
6419,1848,36,2,-4.4017438888549805,-0.038632712364196777,-0.00619140625,False,1836,-0.04457964420318603,-0.029302988052368164,0.017164649963378912
6421,1151,23,17,-4.977647304534912,-0.03861373424530029,-0.0014004039764404297,False,-1,,,
6422,1773,35,12,-4.108152389526367,0.026987333297729493,0.0036495447158813475,True,-1,,,
6426,251,5,2,-5.155310153961182,0.01213766098022461,-0.014007253646850586,True,255,0.0124725341796875,0.009811029434204102,-0.023483409881591796
6426,284,5,2,-4.591865539550781,0.00806126594543457,-0.02059650421142578,True,-1,,,
6426,1768,35,2,-2.9013736248016357,0.0032463502883911134,-0.034729170799255374,False,-1,,,
6426,2424,48,2,-1.5608067512512207,-0.010742735862731934,-0.035859565734863284,False,-1,,,
6428,212,4,2,-5.809442520141602,0.0032962226867675783,-0.0032962226867675783,True,248,-0.00025110244750976564,-0.006191368103027344,-0.0006521797180175787
6428,1837,36,2,-4.646286964416504,-0.010736236572265625,-0.016760244369506835,False,-1,,,
6440,1900,38,3,-5.690907955169678,0.005666913986206054,-0.0025020980834960936,True,-1,,,
6444,734,14,2,-5.145779609680176,-0.017804603576660156,-0.016569480895996094,False,-1,,,
6444,2338,46,2,-4.16957950592041,-0.013911538124084473,-0.0016818904876708984,False,-1,,,
6445,268,5,21,-4.1419148445129395,0.02338240623474121,0.00012613296508789062,True,255,0.0317822265625,-0.010617284774780274,0.019143238067626953
6447,725,14,6,-5.76776647567749,-0.025268774032592773,0.012220287322998047,True,731,-0.015893735885620118,0.0016582870483398437,0.019937038421630856
6450,1404,28,3,-3.170478343963623,0.02361037254333496,-0.01957834243774414,False,-1,,,
6460,1570,31,20,-5.368103981018066,-0.055544471740722655,-0.00010674476623535157,False,-1,,,
6462,2329,46,3,-5.255364894866943,0.006679830551147461,-0.00855875015258789,True,2319,-0.0029483795166015624,-0.0004397964477539063,-0.017747163772583008
6464,2426,48,4,-4.815492630004883,-0.01576460838317871,-0.021256208419799805,False,-1,,,
6467,1801,36,4,-5.504652500152588,0.009392023086547852,-0.0038833332061767576,True,1836,-0.034344024658203125,4.0149688720703125e-06,-0.047623395919799805
6469,1543,30,19,-3.810304880142212,-0.04423560619354248,-0.01626436710357666,False,-1,,,
6477,1036,20,23,-4.574779987335205,0.02333544731140137,-0.006734342575073242,True,-1,,,
6484,994,19,22,-4.070578098297119,0.03241386413574219,-0.013270759582519531,True,-1,,,
6486,974,19,3,-4.373810768127441,0.009127769470214844,0.015304007530212403,False,-1,,,
6487,1892,37,21,-4.102753639221191,0.03188107490539551,0.0018238353729248047,True,-1,,,
6490,18,0,2,-5.8291497230529785,-0.018530378341674803,0.004053506851196289,True,-1,,,
6490,1410,28,2,-3.036067485809326,-0.026909658908843993,-0.009367141723632812,False,-1,,,
6492,1825,36,13,-4.93512487411499,0.0194571590423584,-0.0017546558380126954,True,-1,,,
6498,334,6,2,-2.000337839126587,-0.008244674205780029,-0.004944038391113281,False,-1,,,
6498,1983,39,2,-5.9742536544799805,-0.030601615905761718,0.03242365837097168,True,-1,,,
6499,731,14,4,-5.6591386795043945,0.0030123233795166016,-0.0030645084381103515,True,744,0.0024337291717529295,0.0020785808563232424,-0.005721683502197266
6505,1132,22,2,-1.4843370914459229,0.01181760311126709,-0.017705411911010743,False,-1,,,
6505,1919,38,2,-1.000528335571289,-0.0035056102275848387,-0.00802649736404419,False,-1,,,
6506,29,0,2,-5.384467124938965,-0.012574596405029297,-0.011795730590820312,True,-1,,,
6506,755,15,20,-1.2895432710647583,0.011773507595062255,-0.051690514087677004,False,-1,,,
6506,1762,35,2,-3.8204898834228516,-0.02094855308532715,-0.010117053985595703,False,-1,,,
6512,2464,49,19,-5.733206748962402,-0.06387470245361328,0.008936386108398437,True,-1,,,
6514,1761,35,3,-3.064920663833618,-0.015194392204284668,-0.01797865390777588,False,-1,,,
6514,2004,40,7,-4.065892219543457,-0.01906649112701416,-0.006469907760620117,False,-1,,,
6522,1301,26,3,-0.5542008876800537,0.02728569269180298,0.0035919445753097535,False,-1,,,
6526,223,4,2,-4.710997104644775,-0.050514111518859865,0.008285026550292968,False,-1,,,
6526,2339,46,2,-5.539206504821777,-0.012052154541015625,-0.0024796009063720705,True,2342,0.0025905609130859376,-0.002436370849609375,0.014599485397338866
6531,1471,29,11,-4.195261001586914,-0.0727102792263031,0.012261791229248047,False,-1,,,
6533,1634,32,13,-2.2643251419067383,-0.018234589099884034,-0.023390288352966308,False,-1,,,
6540,143,2,9,-5.170855522155762,0.016067962646484375,-0.008106050491333007,True,-1,,,
6540,1411,28,2,-5.9742536544799805,-0.023823566436767578,0.006223163604736328,True,-1,,,
6540,2249,44,2,-3.929141044616699,-0.000997147560119629,-0.022349281311035155,False,-1,,,
6544,26,0,2,-1.9381619691848755,0.015574886798858642,-0.008087608814239502,False,-1,,,
6544,290,5,2,-1.1298038959503174,0.0022089505195617676,-0.009432322978973388,False,-1,,,
6551,1227,24,14,-5.4059834480285645,-0.04518684387207031,-0.010781431198120117,False,-1,,,
6569,815,16,12,-4.031229496002197,0.0306378173828125,-0.005434722900390625,True,-1,,,
6569,2217,44,11,-1.435921549797058,0.05001389265060425,-0.041201555728912355,False,-1,,,
6575,911,18,15,-5.51629114151001,-0.05362759590148926,-0.0035154151916503905,False,-1,,,
6585,2456,49,14,-5.907490253448486,-0.024475517272949218,0.012351894378662109,True,-1,,,
6587,1983,39,4,-5.002326488494873,-0.0014242267608642579,-0.0015918827056884766,False,-1,,,
6588,1293,25,2,-0.493185430765152,0.01093629777431488,-0.01858224332332611,False,-1,,,
6588,2315,46,2,-0.46585795283317566,-0.00256358802318573,0.003970450758934021,False,-1,,,
6590,1721,34,12,-2.15513014793396,0.005568714141845703,-0.04572218418121338,False,-1,,,
6591,248,4,6,-5.378241539001465,0.009543876647949218,-0.011920242309570313,True,210,0.0006881523132324219,-0.010470352172851562,-0.01030561447143555
6596,153,3,14,-5.795650959014893,-0.06702760696411132,0.0008053398132324219,True,-1,,,
6596,1025,20,13,-4.5455241203308105,0.024398365020751954,-0.0285745906829834,True,-1,,,
6601,331,6,17,-5.793547630310059,-0.06231213092803955,0.02568366050720215,False,-1,,,
6602,2430,48,18,-0.8368183374404907,0.020330033302307128,-0.0005718433856964112,False,-1,,,
6604,334,6,2,-4.468925952911377,-0.04824290752410889,0.015075435638427734,False,-1,,,
6604,458,9,2,-1.6036275625228882,-0.02106680512428284,0.001182706356048584,False,-1,,,
6604,1043,20,9,-2.3281662464141846,-0.0011955785751342773,-0.017778615951538086,False,-1,,,
6610,211,4,13,-4.802887439727783,0.023427324295043947,0.008320980072021485,True,-1,,,
6613,226,4,2,-5.50955867767334,0.002061328887939453,0.003648271560668945,True,241,0.006947402954101563,0.002572040557861328,0.005962305068969726
6613,354,7,7,-5.786699295043945,-0.031283912658691404,0.027652711868286134,True,-1,,,
6613,2420,48,2,-3.0621249675750732,0.03329988956451416,0.010842490196228027,False,-1,,,
6621,190,3,18,-5.9742536544799805,-0.034003620147705076,0.007540836334228516,True,-1,,,
6621,1768,35,7,-5.7355875968933105,-0.02590780258178711,0.014309616088867187,True,-1,,,
6625,744,14,17,-4.046169757843018,0.0312889289855957,0.0012488222122192382,True,-1,,,
6625,1885,37,19,-5.519550323486328,-0.06133420467376709,0.024512577056884765,False,-1,,,
6628,2269,45,15,-5.217312335968018,-0.05268805027008057,0.01740255355834961,False,-1,,,
6632,102,2,2,-3.6250622272491455,0.0034103822708129884,-0.010799927711486816,False,-1,,,
6632,2273,45,2,-3.7468369007110596,-0.014046092033386231,-0.04454833507537842,False,-1,,,
6637,1132,22,11,-2.6480350494384766,-0.04045827031135559,0.0165020751953125,False,-1,,,
6639,1327,26,11,-5.9742536544799805,-0.013392105102539062,0.011631202697753907,True,-1,,,
6641,204,4,2,-4.652523040771484,-0.032722277641296385,-0.0028827285766601565,False,-1,,,
6641,707,14,2,-2.9146347045898438,-0.030357775688171388,-0.014623875617980958,False,-1,,,
6641,1005,20,12,-4.511283874511719,-0.04176461696624756,-0.005623559951782226,False,-1,,,
6641,1008,20,18,-5.9742536544799805,-0.01519277572631836,0.005653209686279297,True,-1,,,
6642,24,0,15,-3.927149534225464,-0.024830398559570314,-0.0321617841720581,False,-1,,,
6649,1752,35,13,-4.341225624084473,0.010993871688842773,0.0045705604553222656,False,-1,,,
6650,1351,27,12,-3.6981890201568604,-0.02771451473236084,0.01790699005126953,False,-1,,,
6657,970,19,2,-5.344505786895752,0.01259495735168457,0.012731351852416993,True,-1,,,
6657,2339,46,2,-5.73491907119751,0.004786691665649414,0.0037989139556884764,True,2337,-0.008821220397949218,-0.004875259399414062,-0.004933738708496093
6663,276,5,2,-5.9742536544799805,-0.0020708656311035157,0.0054693794250488285,True,-1,,,
6663,2238,44,2,-5.875019073486328,-0.00971726417541504,-0.0011775493621826172,True,-1,,,
6665,1919,38,9,-5.9742536544799805,-0.05473732948303223,0.0036112213134765624,True,1900,-0.06575337409973145,0.0012967300415039063,-0.008701553344726567
6672,110,2,7,-2.527461528778076,-0.02111006498336792,-0.006223659515380859,False,-1,,,
6673,321,6,4,-2.248521566390991,-0.03262695074081421,-0.0264757776260376,False,-1,,,
6673,1857,37,8,-5.9742536544799805,-0.061227736473083494,0.0,True,-1,,,
6673,2099,41,20,-3.957470417022705,0.036466026306152345,0.009951162338256835,True,-1,,,
6674,1676,33,15,-3.28566575050354,0.04992787837982178,0.005172357559204101,True,-1,,,
6677,223,4,11,-3.996727705001831,0.02293234348297119,-0.0024115324020385744,True,-1,,,
6689,1574,31,19,-2.689505100250244,-0.021570296287536622,0.01922074317932129,False,1563,-0.021145420074462892,-0.008403549194335938,0.028049168586730962
6693,226,4,8,-5.159049034118652,0.00788116455078125,0.0022743797302246095,True,-1,,,
6696,138,2,2,-5.291804313659668,-0.029596900939941405,-0.013237581253051758,False,-1,,,
6696,1799,35,2,-1.7305443286895752,-0.009950003623962402,-0.011584711074829102,False,-1,,,
6697,2302,46,8,-4.1285080909729,0.012187051773071288,-0.009411783218383788,False,-1,,,
6703,258,5,2,-5.912075519561768,-0.0060969734191894534,0.0024578189849853516,True,-1,,,
6703,2318,46,2,-5.890412330627441,0.0013266468048095702,0.0014904117584228515,True,2319,-0.015131053924560546,0.013059701919555664,-0.02802699089050293
6709,979,19,16,-2.2132532596588135,0.03127741813659668,-0.019793071746826173,False,950,-0.02080596923828125,-0.0156720232963562,-0.0562044358253479
6715,1836,36,8,-3.878464937210083,0.041667819023132324,-0.013083395957946777,True,-1,,,
6723,1851,37,21,-5.9742536544799805,-0.030202550888061522,0.024049015045166017,True,-1,,,
6724,241,4,16,-4.8221211433410645,0.021439552307128906,0.012987909317016601,True,-1,,,
6730,127,2,3,-5.927018642425537,-0.009524402618408203,0.0069932365417480465,False,-1,,,
6731,1649,32,18,-5.9742536544799805,-0.08654014110565185,0.0,True,-1,,,
6739,620,12,11,-2.778712511062622,-0.04591800272464752,0.005042943954467773,False,-1,,,
6743,1229,24,22,-4.104695796966553,-0.07284346163272858,-0.03184174537658691,False,-1,,,
6745,2342,46,14,-5.472467422485352,-0.0008479690551757812,0.015745649337768553,True,2336,0.0027184295654296875,0.028338356018066405,-0.009026308059692383
6746,334,6,12,-3.707115888595581,-0.008684239387512206,-0.007321772575378418,False,-1,,,
6755,1155,23,12,-4.725509166717529,-0.07947612047195435,-0.008010644912719727,False,-1,,,
6759,734,14,2,-3.676781177520752,0.03824485778808594,0.016789522171020508,True,-1,,,
6759,835,16,2,-4.710549831390381,-0.03084052085876465,-0.025274076461791993,False,-1,,,
6760,1900,38,16,-5.717689514160156,-0.0015696239471435546,0.03046104431152344,True,-1,,,
6764,168,3,15,-5.538347244262695,-0.09858666181564331,-0.005519256591796875,False,-1,,,
6767,816,16,22,-2.6182425022125244,-0.026098697185516356,-0.017142572402954102,False,-1,,,
6776,1679,33,17,-4.027040481567383,0.026879949569702147,-0.004789209365844727,False,-1,,,
6784,717,14,20,-5.939814567565918,-0.027006454467773437,0.008439216613769531,True,-1,,,
6789,2406,48,15,-0.8427430987358093,0.023573061227798463,0.007076255679130554,False,-1,,,
6796,138,2,10,-4.501963138580322,0.02903440475463867,0.000661468505859375,True,-1,,,
6798,998,19,4,-5.909024715423584,-0.01846819877624512,0.00044056892395019534,True,-1,,,
6802,206,4,15,-5.496923923492432,-0.05779086112976074,-0.004768285751342773,False,219,-0.021991500854492186,0.0013558101654052735,0.029675264358520505
6802,1574,31,14,-1.3000662326812744,0.014214916229248047,0.0055290436744689945,False,-1,,,
6808,635,12,3,-5.668074607849121,0.004884109497070312,-0.0061235809326171875,True,-1,,,
6814,1686,33,16,-4.100229740142822,0.027417335510253906,0.02345918655395508,True,-1,,,
6817,2079,41,2,-5.305698394775391,0.011444120407104493,-0.013371105194091798,True,-1,,,
6817,2106,42,2,-5.861448764801025,-0.02168065071105957,-0.0022560977935791016,True,2105,0.0034482479095458984,0.005273904800415039,0.01759889602661133
6824,288,5,2,-4.1591796875,0.029540071487426756,-0.0027614593505859374,True,-1,,,
6824,970,19,2,-3.9835994243621826,0.00033775806427001955,0.01477602481842041,False,-1,,,
6824,2388,47,16,-5.077253341674805,-0.04690898418426514,-0.01228900909423828,False,-1,,,
6830,289,5,2,-5.4187703132629395,0.0032688236236572267,0.0038831424713134765,False,255,0.008379688262939453,-0.009324913024902343,0.018318920135498046
6830,1846,36,2,-5.259456634521484,0.005770168304443359,0.01978165626525879,True,-1,,,
6831,2260,45,12,-2.9404213428497314,0.03467203617095947,-0.02823758602142334,True,-1,,,
6837,2332,46,11,-5.9742536544799805,-0.009719743728637695,0.0,True,2330,-0.00012019157409667969,0.02215399742126465,-0.012554445266723634
6839,878,17,15,-5.792877674102783,-0.057915258407592776,0.03326923370361328,True,-1,,,
6841,616,12,6,-3.3438525199890137,-0.03241207599639893,-0.039899158477783206,False,-1,,,
6842,1654,33,2,-2.3232803344726562,0.009739675521850587,-0.03292806625366211,False,1693,-0.010128037929534912,0.03207421064376831,-0.08486999034881593
6842,2420,48,2,-5.6739726066589355,-0.02895671844482422,0.027474956512451174,True,2424,-0.02567753791809082,0.004772796630859375,0.0259813404083252
6850,433,8,10,-5.9742536544799805,-0.06430653572082519,0.02858501434326172,True,-1,,,
6857,1446,28,15,-5.100915908813477,0.01746675491333008,0.01173375129699707,True,1404,-0.009708271026611329,0.017185945510864258,-0.032627220153808596
6860,2085,41,21,-4.558257579803467,0.02654536247253418,-0.01134521484375,True,-1,,,
6865,265,5,15,-5.355172634124756,0.00952061653137207,-0.003925418853759766,True,298,-0.005217046737670899,0.0048186397552490235,-0.02348172187805176
6865,2451,49,7,-5.647780895233154,-0.046664800643920895,0.00410247802734375,False,-1,,,
6865,2492,49,11,-2.82845401763916,0.0024706220626831057,0.0051198434829711915,False,-1,,,
6866,284,5,18,-4.59383487701416,0.014869165420532227,-0.007279376983642578,True,-1,,,
6868,1301,26,2,-5.085784435272217,-0.014765443801879883,0.013662614822387696,False,-1,,,
6868,2069,41,2,-3.7404134273529053,-0.005261993408203125,0.02855792045593262,False,-1,,,
6876,215,4,2,-4.8195648193359375,0.016544294357299805,-0.02149876594543457,True,-1,,,
6876,2339,46,2,-5.413968563079834,-0.005571880340576172,-0.0020852088928222656,False,2317,0.0030674457550048826,-0.0027994728088378907,0.00935359001159668
6877,1429,28,2,-3.854452610015869,-0.004073777198791504,-0.0006904888153076172,False,-1,,,
6877,2448,48,2,-5.874893665313721,0.0019871997833251953,0.03559192657470703,True,2424,0.006222438812255859,0.018711118698120116,0.021116046905517574
6878,274,5,2,-5.073858261108398,-0.018704376220703124,-0.005571804046630859,False,298,-0.00842087745666504,-0.0034595298767089843,0.00817122459411621
6878,1428,28,2,-5.107849597930908,0.008795757293701172,0.005000047683715821,False,1404,-0.01149118423461914,-0.002820110321044922,-0.01246678352355957
6886,1856,37,20,-4.4986572265625,-0.03123178958892822,-0.02951192855834961,False,-1,,,
6891,2493,49,12,-5.095600605010986,-0.005453958511352539,-0.014205694198608398,True,-1,,,
6892,1448,28,16,-4.836666107177734,0.02146261215209961,-0.01245509147644043,True,-1,,,
6894,542,10,24,-3.56400728225708,-0.06430195331573486,-0.032474365234375,False,-1,,,
6900,719,14,2,-3.660546064376831,-0.01352069854736328,0.013307366371154785,False,707,0.010181221961975098,-0.012670407295227051,0.04967969417572021
6900,2081,41,2,-4.4996795654296875,-0.0005865192413330078,-0.004365262985229493,False,-1,,,
6906,267,5,2,-0.9450027942657471,-0.0019438505172729493,0.0018826556205749512,False,-1,,,
6906,2406,48,2,-2.3244521617889404,-0.03246257424354553,-0.00886207103729248,False,2430,0.025310726165771485,-0.042468538284301756,0.09137976765632629
6910,1401,28,5,-4.058696269989014,-0.040322670936584475,0.02659677028656006,False,-1,,,
6917,1590,31,26,-3.9864025115966797,0.025645294189453126,0.027535190582275392,True,-1,,,
6922,1411,28,10,-5.558676719665527,0.0012762928009033203,0.023938312530517578,True,1432,0.0017489051818847655,0.027424163818359375,-0.003013238906860352
6922,2490,49,18,-5.827742576599121,-0.03993532657623291,0.023020830154418945,False,-1,,,
6924,1293,25,2,-1.5721864700317383,0.033786711692810056,0.019255499839782714,False,-1,,,
6924,2336,46,2,-4.1340861320495605,0.02428643226623535,-0.0054381370544433595,False,-1,,,
6935,740,14,2,-3.0153651237487793,-0.010801730155944824,-0.020217447280883788,False,722,0.02920182704925537,-0.006888899803161621,0.026675009727478022
6935,985,19,2,-5.713399887084961,-0.011756811141967773,-0.004118480682373047,True,952,-0.007043437957763672,0.008255529403686523,-0.007660636901855468
6935,2090,41,2,-2.2683451175689697,0.011247849464416504,-0.03145049571990967,False,-1,,,
6935,2105,42,2,-5.951425075531006,0.0004565715789794922,-0.00010819435119628907,True,2104,-0.024523324966430664,0.014373550415039063,-0.03946164131164551
6939,2281,45,14,-2.593900442123413,0.03252136707305908,0.015655972957611085,False,-1,,,
6944,437,8,7,-2.8851521015167236,-0.01437281608581543,-0.014172205924987793,False,-1,,,
6950,373,7,14,-4.652042388916016,-0.04860247611999512,0.020369257926940918,False,-1,,,
6951,1195,23,8,-5.9742536544799805,-0.016917104721069335,0.012896614074707031,True,-1,,,
6955,470,9,13,-3.948777437210083,-0.03218823909759522,-0.01871337413787842,False,-1,,,
6961,127,2,9,-4.247117042541504,-0.03645328521728516,-0.00948798179626465,False,-1,,,
6961,987,19,2,-1.7841887474060059,-0.002685096263885498,0.005010924339294434,False,-1,,,
6961,1654,33,2,-3.527571201324463,0.004247803688049317,-0.008647594451904297,False,-1,,,
6961,1834,36,4,-5.4863762855529785,0.0012156391143798829,0.003668336868286133,True,-1,,,
6963,1344,26,7,-5.77920389175415,0.0009682750701904296,0.006911516189575195,True,-1,,,
6967,1563,31,18,-4.062443256378174,0.03388849258422852,-0.03692812919616699,True,-1,,,
6985,2330,46,2,-4.86900520324707,0.002650918960571289,-0.003236885070800781,False,2337,0.022312307357788087,-0.022256183624267577,0.03868068695068359
6985,2424,48,2,-4.324907302856445,0.010689401626586914,-0.03030564308166504,False,-1,,,
6987,2012,40,11,-5.545370101928711,-0.04326076030731201,-0.007616586685180664,False,-1,,,
6991,1467,29,20,-3.4623095989227295,-0.03049893617630005,-0.0003735494613647461,False,-1,,,
6994,1404,28,2,-5.538198947906494,0.00041573524475097657,-0.004385032653808594,True,-1,,,
6994,2485,49,2,-2.510873556137085,-0.04024557888507843,-0.04105032444000244,False,-1,,,
6995,1901,38,3,-5.856449604034424,-0.008397293090820313,0.005240888595581055,True,-1,,,
6999,722,14,15,-4.4548234939575195,-0.031114096641540526,-0.013208398818969727,False,-1,,,
7000,298,5,2,-5.024023532867432,0.012386207580566405,-0.015450334548950196,False,255,0.015406436920166015,-0.0062150382995605465,-0.00621506690979004
7000,361,7,2,-5.9742536544799805,0.0,0.005783548355102539,True,-1,,,
7002,556,11,22,-3.9076437950134277,-0.025785326957702637,-0.0134979248046875,False,-1,,,
7005,68,1,13,-4.355877876281738,0.024449739456176758,0.025179529190063478,True,-1,,,
7008,329,6,17,-4.339624881744385,-0.06336379289627075,-0.0073398399353027345,False,-1,,,
7012,1206,24,9,-5.328127861022949,-0.05513480663299561,0.02396339416503906,False,-1,,,
7013,2014,40,16,-5.258809566497803,-0.06640125513076782,-0.009630699157714844,False,-1,,,
7015,2318,46,3,-4.57157039642334,0.01185805320739746,-0.013096132278442384,False,2319,0.015534954071044922,-0.015280790328979492,0.005861558914184571
7023,1045,20,2,-4.936211585998535,0.019111528396606445,0.022328338623046874,True,1035,-0.03666006565093994,-0.020448532104492188,-0.012994723320007322
7023,1954,39,2,-5.533966541290283,0.00523533821105957,-0.001595315933227539,True,-1,,,
7033,875,17,20,-2.4377105236053467,-0.01927497625350952,-0.021928396224975586,False,-1,,,
7036,2420,48,3,-3.6221084594726562,0.0008975601196289062,-0.0382893180847168,False,-1,,,
7041,2104,42,10,-4.693994522094727,0.022562570571899414,-0.019885826110839843,True,-1,,,
7044,1938,38,2,-0.6192244291305542,0.013473858833312988,-0.004463376998901367,False,-1,,,
7044,2315,46,2,-0.8481822609901428,-0.005439640283584595,-0.0036401283740997315,False,-1,,,
7047,458,9,6,-4.046287536621094,0.018220958709716798,-0.007100830078125,True,-1,,,
7052,677,13,15,-5.63044548034668,-0.03813785552978516,-0.006876163482666016,True,-1,,,
7054,1485,29,14,-5.07955265045166,-0.015506515502929688,-0.017894020080566408,True,-1,,,
7055,628,12,13,-5.9742536544799805,-0.05618858337402344,0.005600299835205078,True,-1,,,
7057,1936,38,18,-2.2541754245758057,0.056963229179382326,0.0011376810073852538,False,-1,,,
7062,241,4,2,-5.79455041885376,-0.005580091476440429,0.006814813613891602,True,-1,,,
7062,267,5,2,-2.951106071472168,-0.008789567947387696,0.02686105966567993,False,290,-0.023654818534851074,-0.039710254669189454,0.05170606374740601
7062,736,14,2,-5.630603790283203,-0.0007413578033447266,-0.0068729972839355466,True,740,-0.014266700744628906,-0.0011759662628173827,-0.019222373962402343
7062,1695,33,2,-2.0658531188964844,0.010678200721740723,-0.033648133277893066,False,1693,-0.0020745420455932618,-0.0035550451278686525,-0.0428458309173584
7067,26,0,11,-3.008748769760132,0.033919882774353025,-0.01461125373840332,False,-1,,,
7074,1669,33,21,-2.5083060264587402,0.03072521209716797,-0.018789749145507812,False,-1,,,
7078,697,13,13,-4.068833827972412,-0.04669436693191528,-0.01642892837524414,False,-1,,,
7089,2013,40,5,-2.556422233581543,-0.034238271713256836,-0.03009397506713867,False,-1,,,
7090,281,5,2,-5.971923828125,-0.014720001220703126,0.015566997528076172,True,255,-0.01839588165283203,0.009351539611816406,0.0025395774841308616
7090,1977,39,2,-5.390658855438232,-0.015031089782714844,-0.0006665897369384766,False,1993,-0.035863494873046874,0.003908872604370117,-0.025407867431640623
7092,1293,25,2,-0.3924071192741394,-0.0006680160760879517,-0.015794705152511596,False,-1,,,
7092,2354,47,2,-3.872312545776367,0.03225998878479004,0.006797657012939453,True,-1,,,
7095,985,19,2,-5.473886966705322,0.007921085357666016,-0.006796016693115235,True,973,0.0027983474731445314,-0.008199529647827148,-0.0037192249298095698
7095,2430,48,2,-5.769922256469727,-0.010244827270507812,0.009572324752807617,True,-1,,,
7098,1304,26,3,-5.92606258392334,-0.043921713829040525,0.025461416244506836,False,-1,,,
7111,1598,31,24,-5.9742536544799805,-0.04182050704956055,0.019261465072631836,True,-1,,,
7113,2081,41,3,-5.790926456451416,0.003666543960571289,0.00016202926635742188,True,-1,,,
7121,1045,20,4,-4.733864784240723,-0.021671409606933593,-0.0041839504241943356,False,-1,,,
7128,1759,35,3,-4.847304344177246,-0.0011488914489746094,0.016334428787231445,False,-1,,,
7129,200,4,2,-2.7889227867126465,0.02606631278991699,-0.01789512634277344,False,219,0.0015038108825683593,0.008904352188110351,-0.051361980438232424
7129,2230,44,2,-0.6979999542236328,0.01977832555770874,-0.012448785305023193,False,-1,,,
7134,1855,37,5,-5.9709014892578125,-0.016731128692626954,0.023762054443359375,True,-1,,,
7140,779,15,11,-5.902773857116699,-0.04868064880371094,0.027344865798950194,False,-1,,,
7141,2317,46,16,-4.313329219818115,0.02975937843322754,-0.009261035919189453,True,2330,0.006989660263061523,0.008700103759765624,-0.040730857849121095
7142,255,5,2,-5.44926643371582,0.006893157958984375,0.030653305053710937,True,-1,,,
7142,1761,35,2,-5.660284519195557,-0.01022970199584961,0.004516115188598633,True,-1,,,
7143,1710,34,13,-4.765559673309326,0.007554340362548828,-0.022355012893676758,True,-1,,,
7145,719,14,15,-4.25757360458374,0.029618844985961915,0.014415812492370606,True,747,-0.02533423900604248,-0.011789054870605468,-0.028748216629028323
7146,2461,49,14,-2.800420045852661,-0.025468132495880126,-0.035860848426818845,False,-1,,,
7152,360,7,14,-3.6560263633728027,0.04202770233154297,-0.009316072463989258,False,-1,,,
7152,2354,47,3,-3.494407892227173,0.01716601848602295,-0.0434132719039917,False,-1,,,
7156,740,14,3,-4.949471473693848,0.009543905258178711,0.004054727554321289,True,-1,,,
7156,1542,30,14,-3.355799674987793,-0.026124563217163086,-0.05236907958984375,False,-1,,,
7167,1293,25,5,-1.9752840995788574,-0.020744752883911134,-0.015962100028991698,False,-1,,,
7168,1462,29,3,-5.741796970367432,-0.05951019763946533,-0.0009812259674072267,True,-1,,,
7170,1993,39,16,-3.197296142578125,0.03529563903808594,0.007568545341491699,False,-1,,,
7172,251,5,13,-4.938763618469238,0.01731769561767578,-0.015793266296386718,True,291,0.02342367172241211,0.014614763259887696,-0.02430205345153809
7175,2128,42,21,-2.194333553314209,0.01573824405670166,-0.00014373779296875,False,-1,,,
7175,2448,48,19,-4.6648664474487305,0.024567909240722656,-0.004500808715820312,True,-1,,,
7180,707,14,2,-3.135637044906616,0.04733975887298584,0.0001929330825805664,False,-1,,,
7180,1968,39,2,-5.3836565017700195,-0.04237326622009277,-0.006257495880126953,False,-1,,,
7181,1753,35,3,-4.874955654144287,0.012344264984130859,-0.00595651626586914,True,-1,,,
7192,968,19,2,-2.588357448577881,0.020390868186950684,-0.014826745986938476,False,984,-0.02059877872467041,-0.01873279571533203,-0.03708359718322754
7192,2115,42,2,-4.947674751281738,-0.03312086582183838,-0.0019701290130615234,False,-1,,,
7193,1097,21,9,-1.0090415477752686,0.01659430742263794,-0.013270235061645508,False,-1,,,
7197,974,19,2,-4.952335357666016,0.017369871139526368,0.005920019149780274,True,-1,,,
7197,2280,45,2,-5.486737251281738,0.009750328063964843,-0.001740407943725586,True,-1,,,
7202,1115,22,23,-3.6006267070770264,-0.05922541499137878,0.01954049587249756,False,-1,,,
7203,950,19,11,-3.0768558979034424,0.05176093578338623,-0.02235377788543701,True,-1,,,
7203,1169,23,2,-1.233219027519226,-0.011616095304489135,-0.058792479038238525,False,-1,,,
7203,1304,26,6,-1.8247175216674805,0.05231813430786133,-0.024071197509765625,False,-1,,,
7203,1908,38,2,-2.284168004989624,-0.008909733295440673,-0.033485946655273435,False,-1,,,
7206,1432,28,7,-4.6845808029174805,0.01703876495361328,-0.006384820938110352,True,-1,,,
7210,747,14,2,-4.208237171173096,0.003044862747192383,-0.03316905975341797,False,-1,,,
7210,2336,46,2,-3.5163416862487793,0.008235344886779785,0.0016976308822631836,False,2326,-0.0012526369094848632,-0.008400936126708985,0.0006105852127075203
7213,1693,33,13,-4.198427200317383,-0.04321477890014649,0.0014413070678710937,False,-1,,,
7219,258,5,2,-3.7173914909362793,0.02405101776123047,-0.03511564254760742,False,-1,,,
7219,2103,42,2,-2.9217751026153564,0.004816479682922363,-0.05688245296478271,False,-1,,,
7220,1938,38,13,-4.572476387023926,-0.04157044887542725,-0.025299501419067384,False,-1,,,
7222,987,19,18,-1.3395017385482788,0.03569111585617066,-0.012763633728027343,False,-1,,,
7226,2159,43,8,-3.665928840637207,-0.0409351396560669,-0.03405879974365234,False,-1,,,
7228,61,1,2,-5.281099796295166,-0.003092641830444336,-0.0003935527801513672,True,-1,,,
7228,210,4,2,-5.621310234069824,-0.032833189964294435,-0.004190196990966797,False,215,-0.01131795883178711,-0.0016195297241210938,0.018944563865661623
7228,986,19,4,-5.970702171325684,-0.010807313919067384,0.02304469108581543,True,-1,,,
7231,2268,45,14,-5.627197265625,-0.048849749565124514,0.041142787933349606,False,-1,,,
7236,1779,35,22,-2.393120288848877,0.023304338455200194,-0.007611265182495117,False,-1,,,
7262,1638,32,11,-2.4495999813079834,-0.03132559061050415,-0.014384922981262207,False,-1,,,
7263,1761,35,19,-4.815822601318359,0.011862878799438476,-0.005920095443725586,True,-1,,,
7265,200,4,2,-3.5127744674682617,-0.00043123245239257813,0.005362520217895508,False,-1,,,
7265,777,15,2,-4.926353931427002,0.01096848487854004,-0.008860788345336913,True,-1,,,
7266,1430,28,4,-3.854269504547119,-0.03585582256317139,-0.010964984893798829,False,-1,,,
7266,1970,39,7,-3.270338773727417,0.04082096576690674,-0.007443017959594726,False,-1,,,
7268,915,18,12,-4.997800827026367,-0.042647113800048826,-0.017432689666748047,False,943,-0.019161977767944337,-0.007655792236328125,0.013708238601684568
7268,1030,20,3,-4.92084264755249,0.003422889709472656,0.0381711483001709,False,-1,,,
7272,833,16,2,-2.745817184448242,-0.023777987957000733,0.028829772472381592,False,-1,,,
7272,1582,31,2,-0.8624375462532043,0.030114010572433472,-0.0026395332813262938,False,-1,,,
7275,2249,44,15,-4.088359355926514,0.03502117156982422,-0.0006453418731689454,True,-1,,,
7278,1859,37,27,-5.87128210067749,-0.06741470813751221,0.001298351287841797,True,-1,,,
7283,1035,20,4,-5.305612087249756,0.00254852294921875,0.02825556755065918,True,-1,,,
7287,219,4,2,-3.757751226425171,-0.016942849159240724,-0.00015774250030517578,False,-1,,,
7287,1963,39,2,-2.348585367202759,-0.0062024307250976565,-0.025712790489196776,False,-1,,,
7288,114,2,5,-2.4016621112823486,-0.001008882522583008,0.018762757778167726,False,-1,,,
7288,843,16,22,-3.543950319290161,-0.0551521635055542,-0.0003432464599609375,False,-1,,,
7296,1152,23,20,-3.1523051261901855,-0.03454086542129517,0.04893234133720398,False,-1,,,
7300,1429,28,24,-3.9244742393493652,0.03263092041015625,-0.0349735164642334,True,-1,,,
7301,270,5,2,-5.25105619430542,-0.022692461013793946,0.0240128231048584,True,290,0.017026004791259767,0.017873382568359374,0.045857906341552734
7301,2280,45,2,-5.276089191436768,0.008860416412353515,0.005919685363769531,True,-1,,,
7304,952,19,2,-5.12996244430542,0.009092912673950196,0.005186166763305664,False,-1,,,
7304,2336,46,2,-5.371778964996338,-0.03964198112487793,-0.006838150024414062,False,2337,0.011432313919067382,0.008247394561767579,0.03598875045776367
7311,2291,45,18,-5.8840508460998535,-0.025271081924438478,0.003628988265991211,True,-1,,,
7320,1586,31,15,-5.752037048339844,-0.03981945037841797,6.325721740722656e-05,False,-1,,,
7321,2115,42,5,-4.887439727783203,0.01436915397644043,0.019293060302734377,True,-1,,,
7323,2047,40,5,-1.3998498916625977,-0.0003209376335144043,-0.024726319313049316,False,-1,,,
7327,963,19,2,-4.939885139465332,-0.013247127532958985,-0.020687370300292968,False,-1,,,
7327,2424,48,2,-4.686598777770996,0.014222955703735352,-0.010454092025756836,False,-1,,,
7329,943,18,11,-3.8397302627563477,0.01330866813659668,-0.01119736671447754,True,-1,,,
7336,293,5,2,-5.866939544677734,-0.005291404724121093,0.009312019348144532,True,295,0.0009301853179931641,-0.001847066879272461,0.01738067626953125
7336,481,9,2,-4.645205497741699,0.018421268463134764,0.004924631118774414,True,-1,,,
7343,1844,36,2,-3.356797933578491,-0.026234827041625976,0.005011987686157226,False,-1,,,
7343,2316,46,2,-5.477076530456543,0.003329896926879883,-0.00031931877136230467,True,2339,-0.00997629165649414,0.007549495697021485,-0.02117500305175781
7346,1032,20,2,-3.22939395904541,-0.033874847888946534,-0.017334651947021485,False,-1,,,
7346,2128,42,2,-2.9175679683685303,-0.016826791763305662,-0.017850265502929688,False,-1,,,
7348,973,19,3,-5.666175842285156,-0.005813159942626953,0.005017805099487305,True,951,-0.003970718383789063,0.007736616134643555,-0.0008763694763183599
7352,1527,30,19,-2.335489511489868,0.012491216659545898,-0.04106744289398193,False,-1,,,
7358,164,3,9,-2.6911637783050537,-0.01796617031097412,-0.022256736755371095,False,-1,,,
7358,441,8,19,-5.770401954650879,-0.08935317277908325,-0.0005034351348876953,False,-1,,,
7358,1968,39,6,-5.9742536544799805,-0.009084320068359375,0.0007699966430664062,True,-1,,,
7361,2208,44,3,-3.9046804904937744,0.023220438957214356,-0.025191969871520996,False,-1,,,
7376,1705,34,9,-5.918137073516846,-0.07013051986694335,0.001253032684326172,True,-1,,,
7380,746,14,2,-5.9742536544799805,0.0,0.012190752029418946,True,-1,,,
7380,984,19,2,-4.289107322692871,0.004672489166259766,0.005423259735107422,False,-1,,,
7402,26,0,17,-4.531378746032715,0.02632105827331543,0.001868762969970703,True,-1,,,
7403,777,15,2,-5.84352970123291,-0.017383785247802735,-0.0014319801330566406,True,-1,,,
7403,967,19,2,-4.69802188873291,-0.018472309112548827,0.005061626434326172,False,-1,,,
7408,1739,34,2,-4.255969524383545,-0.019949154853820802,-0.03436568260192871,False,-1,,,
7408,2323,46,2,-4.9421610832214355,0.017992515563964844,-0.010621414184570313,True,2339,0.017963809967041014,0.012908267974853515,-0.023558387756347658
7425,404,8,2,-3.2552287578582764,-0.010455050468444825,-0.007653045654296875,False,-1,,,
7425,1297,25,2,-2.3706374168395996,0.0032320213317871094,-0.01810007095336914,False,-1,,,
7428,477,9,2,-4.87015962600708,0.022081880569458007,-0.022081880569458007,True,-1,,,
7428,2326,46,2,-5.865407466888428,-0.02105426788330078,-0.0021769237518310548,True,-1,,,
7429,114,2,2,-3.0483503341674805,-0.027670302391052247,0.006713113784790039,False,-1,,,
7429,462,9,2,-2.29392147064209,-0.021252100467681886,0.013792767524719238,False,-1,,,
7432,204,4,2,-5.810580730438232,-0.013141613006591796,0.004066219329833984,True,-1,,,
7432,278,5,2,-5.914607048034668,-0.0018490505218505858,0.004715566635131836,True,295,0.0,0.017167367935180665,-0.010602750778198243
7434,2051,41,2,-2.746907949447632,0.010532321929931641,0.03506850004196167,False,-1,,,
7434,2373,47,2,-5.475477695465088,-0.009604301452636719,-0.009975519180297852,True,-1,,,
7440,1232,24,15,-3.5879476070404053,-0.026323528289794923,-0.010046839714050293,False,-1,,,
7440,1702,34,13,-3.477428436279297,-0.05429038643836975,-0.001242694854736328,False,-1,,,
7442,2316,46,4,-5.9742536544799805,-0.008524913787841797,0.020317115783691407,True,2303,-0.009752855300903321,0.011532754898071288,0.007556419372558593
7448,1005,20,16,-3.7012341022491455,-0.0422814416885376,0.006640324592590332,False,-1,,,
7453,2239,44,16,-0.9505025744438171,0.029587103128433226,-0.010662616491317748,False,-1,,,
7454,989,19,2,-5.1436238288879395,0.012499608993530274,-0.010300025939941407,True,974,0.011504135131835937,0.00498560905456543,-0.016281108856201175
7454,1362,27,18,-3.259925603866577,-0.05547486364841461,-0.020349364280700683,False,-1,,,
7454,2126,42,2,-5.9742536544799805,-0.01925005912780762,0.02125242233276367,True,-1,,,
7455,235,4,3,-3.9806888103485107,-0.008182964324951171,-0.019368042945861818,False,215,-0.0015969371795654297,-0.00045561790466308594,-0.01232639789581299
7460,1126,22,2,-2.0315968990325928,-0.0031373953819274904,-0.06448207378387451,False,-1,,,
7460,2345,46,3,-3.3595361709594727,-0.00948094367980957,-0.02499237060546875,False,2314,-0.011009979248046874,0.006680188179016114,-0.03320159435272217
7460,2421,48,2,-5.872886657714844,0.0020273399353027345,0.006192092895507813,True,2442,-0.013949613571166992,-0.0003759765625,-0.009408884048461914
7462,1354,27,15,-5.061121940612793,-0.0002088451385498047,0.001975431442260742,True,-1,,,
7467,271,5,4,-4.6642680168151855,-0.04121912002563476,0.002759380340576172,False,255,-0.011575050354003906,-0.00646388053894043,0.03886733055114746
7470,882,17,10,-5.248688220977783,0.007299718856811524,0.00913224220275879,True,-1,,,
7471,1124,22,24,-1.956838607788086,-0.032375224828720094,-0.029350452423095703,False,-1,,,
7475,2390,47,3,-1.864021897315979,0.009768707752227783,-0.06743842840194703,False,-1,,,
7476,1963,39,14,-4.958102226257324,0.01554229736328125,-0.009443168640136718,True,-1,,,
7482,287,5,2,-1.6245280504226685,0.004370765686035156,-0.00683572769165039,False,-1,,,
7482,1346,26,2,-0.3024900555610657,0.0034351706504821776,-0.0018980532884597778,False,-1,,,
7482,1479,29,6,-1.1947652101516724,-0.00594476580619812,-0.06489624738693238,False,-1,,,
7488,2159,43,7,-3.96274471282959,-0.07283718645572662,-0.025862197875976562,False,-1,,,
7500,276,5,15,-0.9528629779815674,0.02598507881164551,-0.0061508679389953615,False,-1,,,
7502,1392,27,10,-4.1371378898620605,0.0367423152923584,-0.0367423152923584,True,-1,,,
7508,1262,25,4,-5.004451274871826,-0.03669845581054688,0.01487940788269043,False,-1,,,
7508,1954,39,20,-2.1232216358184814,0.04575685977935791,-0.020206122398376464,False,-1,,,
7510,175,3,10,-5.9742536544799805,-0.018854389190673827,0.02804962158203125,True,-1,,,
7510,1064,21,5,-2.898961067199707,-0.02975865125656128,0.012167463302612305,False,-1,,,
7517,238,4,7,-3.0345687866210938,0.02013829231262207,-0.010598306655883788,False,-1,,,
7522,1819,36,2,-2.8673996925354004,-0.029030487537384034,-0.00911912441253662,False,1830,-0.010730271339416503,0.014392209053039551,-0.005211117267608645
7522,2309,46,2,-0.9230163097381592,-0.003365393877029419,0.0015745425224304198,False,-1,,,
7524,1260,25,5,-5.9742536544799805,-0.019503307342529298,0.00504664421081543,True,-1,,,
7525,226,4,12,-4.722906112670898,0.016795539855957033,-0.0003457069396972656,True,200,0.007102489471435547,0.012160482406616211,-0.022199239730834965
7526,724,14,2,-3.0141451358795166,0.022831377983093263,-0.025064358711242674,False,707,-0.02335360288619995,-0.010836782455444336,-0.060412557125091554
7526,2253,45,2,-3.405545949935913,0.019564766883850098,-0.037368340492248533,False,-1,,,
7527,215,4,2,-4.221381187438965,-0.007213973999023437,-0.02746023178100586,False,211,-0.011499080657958984,-0.03178779602050781,4.2457580566406666e-05
7527,974,19,2,-4.614461421966553,-0.000649566650390625,0.020311174392700197,False,968,0.02039473533630371,0.008609857559204102,0.032745618820190434
7534,633,12,19,-5.9742536544799805,-0.06584972858428956,0.003971767425537109,True,-1,,,
7542,1126,22,14,-5.623300075531006,-0.0217678165435791,0.009602508544921874,True,-1,,,
7542,2105,42,2,-4.22826623916626,-0.028806653022766113,-0.026763973236083986,False,-1,,,
7542,2230,44,2,-3.6623003482818604,-0.03172111034393311,-0.03329286098480225,False,-1,,,
7549,883,17,15,-5.13412618637085,-0.0599503755569458,-0.0068748569488525394,True,-1,,,
7550,287,5,2,-2.687079429626465,-0.005589404106140137,0.0019916534423828126,False,-1,,,
7550,2315,46,2,-1.61630380153656,0.012017552852630614,-0.012555820941925049,False,-1,,,
7551,210,4,18,-5.783201694488525,-0.0663796329498291,0.007037858963012695,False,246,0.0007797336578369141,0.01143477439880371,0.062762451171875
7554,252,5,2,-5.623862266540527,-0.03414804935455322,0.009460134506225586,False,-1,,,
7554,725,14,10,-4.074955940246582,0.029379844665527344,0.010714116096496583,True,-1,,,
7554,1152,23,2,-4.649876117706299,0.00725010871887207,0.007305955886840821,True,-1,,,
7557,833,16,9,-5.9742536544799805,-0.004444246292114258,0.023049154281616212,True,-1,,,
7557,1449,28,3,-3.63061261177063,0.001148242950439453,0.000988163948059082,False,-1,,,
7562,2373,47,23,-4.279102802276611,0.03390301704406738,0.0266032075881958,True,-1,,,
7564,2433,48,19,-5.532155513763428,-0.023385915756225586,-0.0025864505767822267,True,-1,,,
7567,295,5,2,-4.9840264320373535,0.012686100006103516,0.01617718696594238,True,291,-0.006315603256225586,-0.0028757381439208983,5.1221847534177554e-05
7567,2016,40,2,-5.674713611602783,-0.06104284286499023,0.04662038326263428,False,-1,,,
7568,335,6,2,-0.9342368245124817,0.022825807332992554,-0.010330864191055299,False,-1,,,
7568,1174,23,2,-1.9539930820465088,0.0450169038772583,-0.032932090759277347,False,-1,,,
7570,1030,20,2,-5.9742536544799805,-0.017076396942138673,0.006684360504150391,True,-1,,,
7570,1582,31,2,-2.3116562366485596,0.029877281188964842,0.005014033317565918,False,-1,,,
7574,371,7,17,-5.535223960876465,0.005800943374633789,0.007522497177124023,True,-1,,,
7574,2294,45,16,-2.9738752841949463,-0.03163972616195679,-0.029074883460998534,False,-1,,,
7575,1938,38,3,-2.7838263511657715,-0.018257534503936766,-0.006382217407226562,False,-1,,,
7582,1689,33,2,-2.336796522140503,-0.0043749380111694335,-0.028482723236083984,False,-1,,,
7582,2309,46,2,-0.7277790307998657,0.0009186005592346191,-0.0035479915142059325,False,-1,,,
7583,2235,44,18,-4.819675922393799,0.023091554641723633,-0.023091554641723633,True,-1,,,
7588,638,12,16,-5.9742536544799805,-0.08508357524871826,0.025127267837524413,True,-1,,,
7593,1343,26,10,-3.6674890518188477,0.03593600273132324,0.010146160125732422,True,-1,,,
7595,111,2,2,-2.817465305328369,0.0047362899780273434,0.012597932815551757,False,-1,,,
7595,288,5,2,-2.778306722640991,0.008636784553527833,0.014636735916137695,False,-1,,,
7600,1736,34,8,-5.4163713455200195,-0.06123102188110351,0.01400531768798828,False,-1,,,
7600,2416,48,21,-5.576418876647949,-0.06473689556121826,0.015600996017456055,False,-1,,,
7602,778,15,6,-5.840884208679199,-0.03899634838104248,0.024584283828735353,True,-1,,,
7607,1847,36,12,-3.0831491947174072,0.04136208057403565,-0.033807997703552244,False,-1,,,
7610,1346,26,18,-2.965765953063965,-0.053947867155075074,-0.03242868423461914,False,-1,,,
7610,2421,48,15,-5.9742536544799805,-0.03508845329284668,0.0003547096252441406,True,2442,-0.018393430709838867,0.013797779083251954,0.0032519531250000053
7611,1529,30,15,-2.7313790321350098,-0.0412132728099823,-0.028238143920898438,False,-1,,,
7613,868,17,8,-3.306823968887329,-0.02448315143585205,-0.01057659149169922,False,-1,,,
7614,865,17,8,-2.1261954307556152,-0.010493094921112061,-0.03213875770568848,False,-1,,,
7634,211,4,2,-5.9742536544799805,-0.002429342269897461,0.01929415702819824,True,-1,,,
7634,1030,20,2,-5.531179428100586,0.0021232986450195313,-0.0017807292938232422,True,-1,,,
7637,1495,29,11,-1.9772928953170776,-0.001674051284790039,-0.04241555452346802,False,-1,,,
7641,2104,42,17,-2.433300733566284,-0.03631914615631104,-0.015979728698730468,False,-1,,,
7646,1057,21,13,-5.099178791046143,-0.05279827117919922,-0.007929039001464844,False,-1,,,
7650,2437,48,17,-3.7796590328216553,-0.001053304672241211,-0.014301400184631347,False,-1,,,
7655,707,14,20,-5.9742536544799805,-0.05843745231628418,0.01850102424621582,True,-1,,,
7658,1277,25,3,-2.8372833728790283,-0.02700012445449829,-0.031495795249938965,False,-1,,,
7660,228,4,13,-4.234920978546143,0.034786653518676755,-0.01581441879272461,True,217,0.01845074653625488,0.009609537124633789,-0.041759862899780266
7663,2047,40,3,-3.466127872467041,-0.005299239158630371,0.036423254013061526,False,-1,,,
7664,451,9,2,-4.53753662109375,-0.03478697776794434,0.018034825325012206,False,-1,,,
7664,968,19,2,-4.45328950881958,-0.02108381748199463,0.011273369789123536,False,-1,,,
7668,214,4,2,-2.410413980484009,0.0071433353424072265,-0.02635596752166748,False,-1,,,
7668,2051,41,2,-3.883152484893799,-0.0340463924407959,-0.04102083206176758,False,-1,,,
7671,87,1,2,-1.5457876920700073,0.019324262142181397,-0.03410762071609497,False,-1,,,
7671,2038,40,2,-3.355227470397949,-0.05798721432685852,-0.00483853816986084,False,-1,,,
7672,1951,39,2,-0.3748006522655487,0.003606070876121521,-0.0018141627311706542,False,-1,,,
7672,2473,49,2,-1.4577425718307495,0.015665528774261476,0.015704886913299562,False,-1,,,
7673,114,2,8,-4.327845573425293,-0.032556381225585934,-0.007189702987670898,False,-1,,,
7677,1449,28,2,-2.499805212020874,-0.0008828878402709961,-0.024902443885803222,False,-1,,,
7677,1908,38,2,-0.8578558564186096,-0.0009815359115600585,-0.03349898219108582,False,-1,,,
7679,392,7,9,-2.2932441234588623,0.06456997394561767,-0.008216676712036132,True,-1,,,
7680,134,2,3,-4.298384666442871,0.019108963012695313,0.0015525245666503907,False,-1,,,
7683,1780,35,8,-5.180744647979736,0.015174779891967773,0.006871070861816406,True,-1,,,
7684,1237,24,2,-5.312414169311523,-0.020967741012573243,-0.013236789703369141,True,-1,,,
7684,2339,46,2,-5.677610397338867,-0.01906211853027344,-0.0009660720825195312,False,2319,-0.0160677433013916,-0.0008145713806152344,0.00284287452697754
7689,398,7,5,-2.26524019241333,-0.006903634071350097,0.0014033317565917969,False,-1,,,
7689,964,19,2,-1.9395112991333008,0.005095744132995605,0.003227639198303223,False,-1,,,
7689,2255,45,2,-3.601677179336548,-0.02869431972503662,-0.006848773956298828,False,-1,,,
7690,1064,21,15,-4.214166164398193,-0.053901505470275876,-0.004745340347290039,False,-1,,,
7701,161,3,6,-5.0775346755981445,0.006167011260986328,0.02115044593811035,True,-1,,,
7702,1310,26,4,-4.31909704208374,0.011993532180786132,-0.017463531494140625,False,-1,,,
7706,1466,29,8,-5.642581939697266,0.00611043930053711,-0.006633434295654297,True,-1,,,
7707,278,5,9,-5.9511308670043945,-0.059908819198608396,0.012241668701171875,True,-1,,,
7707,1632,32,2,-5.918745517730713,-0.052050113677978516,0.007037801742553711,True,-1,,,
7707,2280,45,2,-1.8441340923309326,0.028318042755126952,-0.02046332836151123,False,-1,,,
7713,291,5,2,-5.671859264373779,-0.014066219329833984,0.01236231803894043,False,-1,,,
7713,951,19,2,-4.504852771759033,0.02007434844970703,0.012581582069396973,False,997,0.0248610782623291,-0.021997547149658202,0.03936585903167725
7714,2253,45,3,-3.59354305267334,-0.0007809162139892578,-0.0219085693359375,False,-1,,,
7715,1495,29,12,-5.538675308227539,-0.04032068252563477,-0.0047190189361572266,True,-1,,,
7717,146,2,2,-1.283554196357727,0.010730679035186768,-0.017194812297821046,False,-1,,,
7717,255,5,2,-5.7600274085998535,-0.025279397964477538,0.009708909988403321,True,-1,,,
7718,440,8,4,-0.2633453905582428,0.018640636801719665,-0.019039148688316344,False,-1,,,
7721,1134,22,3,-2.2291553020477295,0.013018670082092286,-0.0005685091018676758,False,-1,,,
7723,404,8,20,-5.9742536544799805,-0.07829359531402588,0.02658247947692871,True,-1,,,
7724,774,15,2,-1.3596397638320923,-0.018380560874938966,-0.01325317144393921,False,-1,,,
7724,2386,47,2,-3.769585371017456,-0.005050301551818848,-0.015950684547424317,False,-1,,,
7725,1184,23,7,-5.9742536544799805,-0.008221883773803711,0.0014760112762451172,True,-1,,,
7726,61,1,24,-3.6889607906341553,0.045705857276916506,0.0038506364822387695,True,-1,,,
7726,192,3,13,-2.484544038772583,-0.036720210313797,-0.014544034004211425,False,-1,,,
7728,549,10,17,-3.5423691272735596,-0.06485981583595275,0.0028616952896118163,False,-1,,,
7731,1264,25,17,-5.5550947189331055,-0.00830845832824707,0.031297492980957034,True,-1,,,
7733,1402,28,2,-5.692051887512207,-0.07573164224624634,0.01497227668762207,True,1430,-0.012943363189697266,-0.00248382568359375,0.08024438142776491
7733,1844,36,2,-3.7647318840026855,0.007609167098999023,-0.0055369377136230465,False,-1,,,
7735,620,12,6,-4.436522483825684,-0.023971009254455566,0.03376113891601563,False,-1,,,
7743,974,19,2,-3.151073694229126,0.008441929817199706,-0.029304404258728028,False,-1,,,
7743,1587,31,2,-0.9678245186805725,0.0355717933177948,-0.01879944682121277,False,-1,,,
7750,706,14,3,-2.414362907409668,-0.028359535932540893,-0.03352684020996094,False,-1,,,
7756,2310,46,14,-3.897099256515503,0.026534037590026857,-0.013094496726989747,False,2303,0.012672457695007324,-0.009025874137878418,-0.01793020248413086
7758,2090,41,2,-5.541607856750488,0.0025821495056152343,0.0030515575408935547,False,-1,,,
7758,2335,46,2,-5.711687088012695,0.0036843395233154296,-0.0034545230865478515,True,2317,0.0024167823791503905,0.014718999862670898,-0.019441080093383786
7762,79,1,2,-5.875338554382324,-0.002061319351196289,0.004647064208984375,True,-1,,,
7762,1819,36,2,-5.042880058288574,-0.0033311367034912108,0.0030402374267578126,False,1830,-0.004784450531005859,0.00018175125122070314,0.0014051723480224612
7766,2255,45,10,-5.584787845611572,-0.027130842208862305,0.016263837814331054,False,-1,,,
7767,2426,48,21,-4.0896735191345215,0.022662811279296875,0.01127591609954834,True,-1,,,
7769,2239,44,2,-0.8527226448059082,0.015925467014312744,0.006186568737030029,False,-1,,,
7769,2315,46,2,-2.692204713821411,-0.02097005844116211,0.003347759246826172,False,-1,,,
7770,2312,46,9,-4.970879554748535,0.01743617057800293,-0.010881166458129882,True,-1,,,
7776,1687,33,11,-2.9083616733551025,0.03418025493621826,-0.006002774238586426,False,1689,-0.010754976272583008,-0.028307318687438965,-0.02263068675994873
7780,295,5,2,-3.8751397132873535,-0.012495312690734863,-0.033256235122680666,False,-1,,,
7780,1242,24,2,-0.6380618810653687,0.002022508382797241,-0.029930570125579835,False,-1,,,
7781,2231,44,3,-3.607950210571289,-0.023706893920898437,0.026414461135864258,False,-1,,,
7788,1152,23,18,-3.5732173919677734,0.02410515785217285,0.017184457778930663,False,-1,,,
7790,2051,41,10,-2.824936866760254,0.05307760238647461,-0.004308376312255859,False,-1,,,
7791,1119,22,3,-5.100325107574463,-0.046782212257385256,-0.005266857147216797,False,-1,,,
7792,219,4,17,-3.5553693771362305,0.016122140884399415,-0.022518939971923828,False,217,0.010932450294494628,-0.01700101375579834,-0.010707616806030273
7796,920,18,13,-4.586960792541504,-0.06342257738113403,-0.02449970245361328,False,-1,,,
7799,2288,45,16,-3.7410073280334473,-0.03459271430969238,-0.009037179946899414,False,-1,,,
7804,270,5,2,-4.62783670425415,0.018790483474731445,-0.017117843627929688,True,-1,,,
7804,587,11,2,-3.4407455921173096,-0.054915044307708744,-0.03054105281829834,False,-1,,,
7809,880,17,2,-0.8969752788543701,0.0199119234085083,-0.048212289810180664,False,-1,,,
7809,1439,28,2,-1.1096593141555786,-0.0008480668067932129,-0.011740238666534423,False,-1,,,
7810,53,1,2,-5.026181697845459,0.018961439132690428,-0.01235931396484375,True,-1,,,
7810,954,19,2,-4.670793056488037,-0.01913193702697754,-0.0009588909149169922,False,-1,,,
7810,1951,39,2,-0.7928544878959656,-0.00013807058334350586,0.0010847103595733642,False,-1,,,
7810,2309,46,2,-1.6285961866378784,-0.010805644989013673,0.009340682029724122,False,-1,,,
7813,2333,46,16,-1.883690357208252,0.025407443046569823,0.012407884597778321,False,-1,,,
7814,1243,24,16,-5.381986141204834,-0.017297115325927735,0.009035215377807618,True,-1,,,
7824,2087,41,5,-2.712188482284546,-0.022452192306518556,-0.004438643455505371,False,-1,,,
7826,398,7,9,-2.4289519786834717,0.02616302490234375,-0.015325989723205567,False,-1,,,
7826,1215,24,20,-4.235772132873535,0.0061774921417236325,-0.025157651901245116,True,-1,,,
7829,2047,40,8,-5.9742536544799805,-0.06333282947540284,0.011862258911132812,True,-1,,,
7831,991,19,2,-5.806206226348877,0.0010213184356689454,0.008640642166137696,True,997,0.0,0.0009491729736328125,0.006670150756835938
7831,2140,42,2,-4.310740947723389,0.004610271453857422,-0.00832728385925293,False,-1,,,
7832,2470,49,3,-5.243218898773193,0.013178167343139648,-0.014620695114135742,True,-1,,,
7833,964,19,3,-0.3468787372112274,0.009700691103935241,-0.0014103710651397704,False,-1,,,
7833,972,19,2,-5.9742536544799805,-0.0020154857635498046,0.008851919174194336,True,997,0.0,0.0004093456268310547,0.010458059310913086
7833,2317,46,2,-4.854763984680176,0.006966791152954102,0.0068918514251708985,False,2328,-0.0080914306640625,-0.01715376853942871,0.008987398147583007
7847,70,1,2,-2.350156545639038,-0.005325751304626465,-0.002528972625732422,False,-1,,,
7847,1844,36,2,-4.1128129959106445,0.013394556045532226,0.003112664222717285,False,1833,-0.025761027336120606,-0.03252638816833496,-0.0035165309906005863
7848,966,19,2,-5.324898719787598,-0.01916902542114258,-0.009425029754638672,False,999,-0.028632106781005858,-0.003572683334350586,-0.015315427780151367
7848,2342,46,2,-4.816563129425049,-0.010721502304077148,0.007181110382080078,False,2303,-0.006017961502075195,-0.02190363883972168,0.03378829002380371
7854,1430,28,16,-3.4419474601745605,0.045687379837036135,0.017111849784851075,True,-1,,,
7854,1721,34,6,-2.385136127471924,0.016093220710754395,-0.008943519592285155,False,-1,,,
7862,2038,40,7,-5.644317150115967,-0.007855606079101563,0.0010995864868164062,True,-1,,,
7866,724,14,14,-5.9516377449035645,-0.01739581108093262,0.02627091407775879,True,747,-0.002802305221557617,3.4780502319335936e-05,0.040829639434814456
7870,294,5,2,-3.9755215644836426,0.015060396194458007,-0.014303598403930664,False,273,-0.016948084831237793,-0.029929113388061524,-0.016382966041564938
7870,1689,33,2,-4.826570510864258,-0.0025553226470947264,0.004954442977905273,False,-1,,,
7871,1338,26,2,-3.8018219470977783,-0.020729317665100097,-0.03360052585601807,False,-1,,,
7871,1799,35,2,-4.837333679199219,0.022738399505615233,-0.00962738037109375,True,-1,,,
7885,969,19,2,-4.573219299316406,-0.0027106189727783203,-0.005063486099243164,False,984,-0.028849458694458006,-0.008709115982055664,-0.022493209838867188
7885,1830,36,2,-3.965869903564453,0.01293661117553711,0.010732202529907227,False,-1,,,
7887,1778,35,2,-3.7520077228546143,0.008065619468688966,-0.007958378791809082,False,-1,,,
7887,1875,37,2,-5.834317684173584,-0.047801127433776854,0.00611628532409668,True,-1,,,
7891,1817,36,15,-4.181809425354004,-0.03569121360778808,-0.027686386108398436,False,-1,,,
7897,200,4,2,-5.584181308746338,0.0065425395965576175,0.0193393611907959,True,215,0.0011297035217285156,0.006395673751831055,0.007530851364135742
7897,2229,44,2,-3.4997236728668213,0.010147919654846191,-0.0058470010757446286,False,-1,,,
7899,1332,26,10,-4.875482559204102,0.017048702239990235,-0.011164493560791015,True,-1,,,
7901,1938,38,4,-5.766124248504639,-0.023492918014526368,0.007537326812744141,True,-1,,,
7904,1102,22,15,-3.178227424621582,-0.024741921424865723,-0.0018925428390502929,False,-1,,,
7905,1486,29,12,-4.535166263580322,-0.05852447986602783,0.0019515514373779296,True,-1,,,
7908,1242,24,3,-3.762521982192993,-0.03609828472137451,0.007268829345703125,False,-1,,,
7909,440,8,16,-5.774327278137207,-0.02143568992614746,0.011904430389404298,True,-1,,,
7911,287,5,3,-5.394279956817627,0.008771657943725586,-0.003509063720703125,True,273,-0.021814184188842775,-0.009099292755126952,-0.024995613098144534
7912,1549,30,17,-2.563624382019043,-0.029690351486206055,-0.0040353679656982425,False,-1,,,
7917,849,16,3,-5.711184024810791,-0.034404358863830566,-0.005261392593383789,True,-1,,,
7925,2386,47,15,-2.1358184814453125,0.03174420833587646,-0.008658504486083985,False,-1,,,
7931,328,6,12,-5.028292655944824,0.011739883422851562,-0.008025569915771484,True,-1,,,
7932,972,19,2,-5.205280780792236,0.007446718215942383,-0.012872600555419922,True,999,0.0022730731964111326,-0.01211970329284668,-0.005926542282104491
7932,1785,35,2,-5.9742536544799805,-0.05328080177307129,0.00523681640625,True,-1,,,
7932,2230,44,21,-2.7364280223846436,0.02277806282043457,0.012680926322937013,False,-1,,,
7939,2473,49,9,-0.8121611475944519,0.020377827882766722,-0.03440723061561585,False,-1,,,
7941,1829,36,3,-5.10601282119751,0.017364816665649416,-0.0018672370910644532,True,-1,,,
7959,462,9,4,-5.741869926452637,-0.02004574775695801,0.0034522342681884764,True,-1,,,
7960,252,5,2,-5.668858051300049,-0.034532909393310544,0.0052788925170898435,False,265,0.003138828277587891,-0.004972963333129883,0.04792359352111816
7960,2016,40,2,-5.9742536544799805,-0.031174125671386718,0.0,True,-1,,,
7962,880,17,8,-5.9742536544799805,-0.036349620819091794,0.011655139923095702,True,-1,,,
7966,279,5,2,-0.7852175831794739,0.009603127241134643,0.0018043100833892822,False,-1,,,
7966,587,11,2,-1.2312079668045044,0.05949464559555054,-0.01943497896194458,False,-1,,,
7969,1297,25,2,-5.578440189361572,0.0030568408966064452,-0.007840099334716797,True,-1,,,
7969,1848,36,2,-5.579953670501709,-0.007904863357543946,0.009348783493041992,True,-1,,,
7976,2140,42,3,-4.822483539581299,0.018812084197998048,-0.017813138961791992,True,-1,,,
7986,1582,31,8,-5.867617607116699,-0.043385329246521,-0.002132720947265625,True,-1,,,
7990,87,1,2,-3.321326732635498,0.004417071342468262,0.023564548492431642,False,-1,,,
7990,984,19,2,-5.876906871795654,-0.02698833465576172,0.020053873062133788,True,951,-0.01956040382385254,0.015505895614624024,0.011975908279418947
7993,475,9,7,-2.0434682369232178,-0.00549980878829956,-0.06404204845428467,False,-1,,,
7993,706,14,2,-5.1766886711120605,-0.009078121185302735,-0.0159512996673584,True,-1,,,
7993,1009,20,2,-5.259490966796875,-0.0029097080230712892,-0.0075711822509765625,False,-1,,,
7994,1361,27,5,-2.6287190914154053,-0.004489202499389649,-0.0007419347763061524,False,-1,,,
7999,79,1,20,-5.691637992858887,-0.010078744888305664,0.020267133712768556,True,-1,,,
8005,1030,20,7,-4.667074680328369,-0.0044447994232177735,-0.023703279495239257,False,-1,,,
8008,1753,35,2,-3.844074010848999,0.010113778114318848,0.005370998382568359,False,1788,0.016451444625854492,-0.012423362731933594,0.024132027626037597
8008,2314,46,2,-5.15197229385376,-0.019196739196777345,-0.00891876220703125,False,2330,0.0012191486358642577,0.0028738307952880858,0.008623294830322268
8010,295,5,2,-5.059197425842285,0.0027781009674072267,0.031116695404052735,True,273,0.0022147846221923827,-0.0044377708435058595,0.034991149902343754
8010,1738,34,2,-5.035393714904785,0.0015189266204833985,0.019320030212402344,True,-1,,,
8013,146,2,2,-5.097675323486328,0.012723493576049804,-0.004099636077880859,True,-1,,,
8013,211,4,2,-3.9996368885040283,0.004775052070617676,-0.00432274341583252,False,200,0.009099674224853516,0.0036555957794189454,-0.003653717041015624
8018,2280,45,3,-4.149383544921875,-0.027035136222839356,0.02225517749786377,False,-1,,,
8019,997,19,10,-5.459676265716553,0.007927608489990235,0.0034735965728759765,True,991,0.015051794052124024,-0.015051794052124024,0.025649576187133788
8019,2090,41,18,-2.9284534454345703,0.050422077178955076,-0.024171180725097656,False,-1,,,
8021,1751,35,2,-4.928041934967041,0.02092423439025879,-0.013056526184082031,True,-1,,,
8021,2317,46,2,-4.078978061676025,0.002729825973510742,0.011141624450683594,False,2328,0.00018665313720703125,0.004332733154296875,0.004265718460083008
8030,1345,26,2,-1.2863110303878784,-0.011013984680175781,-0.0610269284248352,False,-1,,,
8030,2444,48,2,-0.7727228403091431,0.001834043264389038,-0.012256846427917481,False,-1,,,
8031,1134,22,5,-2.8836774826049805,-0.031961758136749265,-0.026616621017456054,False,-1,,,
8034,265,5,19,-3.9167275428771973,0.027993288040161133,0.0035750722885131837,True,-1,,,
8034,1992,39,7,-5.409550666809082,0.011294059753417969,0.007406034469604492,True,-1,,,
8036,1833,36,11,-2.483522891998291,0.03060368537902832,0.0030991554260253905,False,1844,-0.001426820755004883,-0.0041338539123535155,-0.024797496795654298
8038,1767,35,4,-5.961820602416992,-0.008432559967041016,0.011992940902709961,True,-1,,,
8042,2241,44,19,-2.813774585723877,-0.03261202573776245,-0.014394907951354981,False,-1,,,
8045,774,15,2,-5.78192663192749,-0.022392396926879884,0.01919363021850586,True,-1,,,
8045,2239,44,14,-5.3780388832092285,0.00032151222229003906,0.01749926567077637,True,2227,-0.021987876892089843,-0.0039024066925048826,-0.0009077167510986306
8045,2306,46,2,-5.481342792510986,-0.011671247482299805,0.0008975791931152343,False,2319,0.008166770935058593,0.02866243362426758,-0.007926836013793946
8049,49,0,2,-4.8824663162231445,0.005690736770629883,-0.01111124038696289,True,-1,,,
8049,2338,46,2,-3.656628370285034,0.002284336090087891,0.00046325206756591796,False,-1,,,
8051,1166,23,9,-4.808241844177246,-0.08270265936851501,-0.0009599208831787109,False,-1,,,
8052,1272,25,11,-5.637913227081299,-0.012314472198486328,-0.004176626205444336,True,-1,,,
8053,951,19,13,-4.23227596282959,0.03291502952575684,-0.004366664886474609,True,-1,,,
8055,2204,44,15,-3.901285171508789,0.02293492317199707,-0.00547663688659668,True,2229,0.036291007995605466,0.016156377792358397,-0.008276929855346681
8062,1791,35,24,-2.1883225440979004,0.035422077178955076,-0.0014487600326538086,False,-1,,,
8064,2337,46,8,-5.467164993286133,-0.0005896568298339843,-0.001947183609008789,True,2345,0.00845846176147461,0.007076683044433593,2.4251937866211432e-05
8066,2094,41,15,-4.158258438110352,0.015956287384033204,-0.014514236450195313,True,-1,,,
8068,2442,48,18,-3.8242225646972656,0.037257442474365236,0.004371476173400879,True,-1,,,
8071,217,4,2,-5.348825454711914,0.0021247196197509764,-0.012503061294555664,False,-1,,,
8071,782,15,9,-2.49459171295166,-0.009740419387817383,-0.022461400032043458,False,-1,,,
8071,1819,36,4,-4.425955295562744,-0.0011895275115966796,-0.028014249801635742,False,-1,,,
8071,2425,48,2,-5.633866786956787,0.0029645633697509767,0.0065478992462158206,True,-1,,,
8073,1277,25,7,-4.083036422729492,0.03035843849182129,-0.018652858734130858,True,-1,,,
8083,2475,49,9,-5.05343770980835,-0.08069939136505128,-0.016768465042114256,False,-1,,,
8088,1583,31,12,-2.824620008468628,0.0259230375289917,0.023374173641204834,False,-1,,,
8089,2419,48,17,-3.150463581085205,0.02454777717590332,-0.04025845527648926,False,-1,,,
8093,999,19,12,-4.535684108734131,0.02675941467285156,0.008054742813110352,False,-1,,,
8094,1032,20,2,-1.994814395904541,-0.004013018608093262,-0.006840987205505371,False,-1,,,
8094,2333,46,2,-2.050344467163086,0.006977424621582031,0.008618783950805665,False,-1,,,
8101,451,9,2,-5.897770404815674,0.00029630661010742186,0.030822715759277343,True,-1,,,
8101,984,19,2,-5.13387393951416,-0.0021001720428466797,0.005234460830688476,True,968,-0.002867918014526367,-0.013574371337890625,0.018041086196899415
8104,1793,35,15,-5.0389862060546875,0.012639541625976563,0.011538276672363281,True,-1,,,
8105,220,4,2,-2.5608441829681396,-0.012185218334197999,0.007300128936767578,False,-1,,,
8105,964,19,2,-0.5798155069351196,-0.0024971723556518554,-0.008716633319854736,False,-1,,,
8108,844,16,3,-5.840372085571289,0.002677631378173828,0.017213201522827147,True,-1,,,
8112,255,5,2,-3.763404607772827,0.012634568214416504,-0.006389451026916504,False,290,-0.0005520057678222657,-0.043404250144958495,0.02382822513580322
8112,2229,44,2,-2.8518612384796143,0.020424304008483888,-0.014532370567321777,False,-1,,,
8113,1835,36,19,-4.812366962432861,0.02323773384094238,-0.002340431213378906,True,1822,0.0034653663635253905,-0.01893792152404785,-0.0031748771667480455
8115,136,2,9,-5.8628129959106445,-0.046104350090026856,0.021819210052490233,True,-1,,,
8117,1310,26,10,-2.935666799545288,-0.014351606369018555,6.279945373535156e-06,False,-1,,,
8117,1739,34,2,-4.823788642883301,-0.03392017364501953,-0.009440574645996094,False,-1,,,
8117,1778,35,2,-2.4472832679748535,-0.005921611785888672,0.0036842679977416993,False,-1,,,
8118,1741,34,4,-5.9742536544799805,0.0,0.0,True,-1,,,
8120,2105,42,12,-5.4238104820251465,-0.006928157806396484,-0.0023110008239746096,True,-1,,,
8123,270,5,20,-4.802008628845215,0.01991955757141113,-0.014122467041015625,True,273,0.013575000762939453,-0.022909889221191405,0.0024428653717041074
8125,87,1,2,-3.2089521884918213,-0.007355637550354004,0.042043910026550294,False,-1,,,
8125,1951,39,2,-3.7296290397644043,0.00535398006439209,0.004451870918273926,False,-1,,,
8128,254,5,2,-2.084897041320801,0.015577564239501953,-0.004942221641540527,False,276,0.0038690948486328125,0.013201022148132324,-0.029851713180541993
8128,2231,44,2,-2.418006181716919,0.015117831230163574,0.00804065227508545,False,-1,,,
8133,212,4,2,-5.9742536544799805,0.0,0.004444189071655273,True,-1,,,
8133,714,14,8,-5.9742536544799805,-0.013953256607055663,0.009165143966674805,True,-1,,,
8133,1788,35,2,-5.335503101348877,-0.012356672286987305,0.00422999382019043,True,-1,,,
8135,1212,24,13,-4.97867488861084,-0.0342074728012085,-0.019911575317382812,False,-1,,,
8138,134,2,21,-5.107764720916748,0.01581310272216797,-0.003057279586791992,True,-1,,,
8146,2430,48,3,-3.440263032913208,-0.0013001012802124024,0.014441347122192383,False,2417,0.0009735918045043945,0.008389601707458496,0.008325438499450683
8148,2227,44,3,-5.482577800750732,0.00712982177734375,-0.0034997367858886717,True,-1,,,
8149,1158,23,11,-4.117835998535156,-0.03865251541137695,0.005376477241516114,False,-1,,,
8151,234,4,2,-2.588805675506592,0.0016550159454345704,-0.00922156810760498,False,246,0.02457634925842285,0.013938570022583007,-0.00023880481719970766
8151,355,7,2,-2.203435182571411,-0.031621488332748415,0.014757585525512696,False,-1,,,
8151,774,15,18,-4.903722286224365,-0.016076993942260743,-0.008187713623046875,False,-1,,,
8152,1844,36,20,-2.890758514404297,0.00025346279144287107,0.021685922145843507,False,-1,,,
8154,1753,35,15,-5.00826358795166,-0.022774667739868165,-0.004620523452758789,False,-1,,,
8155,291,5,2,-5.607174873352051,-0.008116693496704101,0.0098126220703125,False,293,0.0070720863342285155,0.0214663028717041,0.0035350990295410153
8155,601,12,19,-5.591982364654541,-0.001502971649169922,-0.0076454257965087894,True,-1,,,
8155,2320,46,2,-5.9742536544799805,-0.015360012054443359,0.00791356086730957,True,2319,-0.0211887264251709,0.009993619918823242,-0.007908773422241212
8158,1689,33,3,-5.474147319793701,0.005004692077636719,0.013174333572387696,True,-1,,,
8159,199,3,13,-3.621609687805176,-0.04917284965515137,0.011691174507141112,False,-1,,,
8163,2035,40,2,-5.172511100769043,-0.04887357234954834,0.003239259719848633,True,-1,,,
8163,2346,46,2,-4.589831352233887,-0.015396084785461426,0.008025932312011718,False,2328,0.009501323699951172,0.0068082427978515625,0.026115097999572755
8182,2305,46,4,-3.024301052093506,0.011026430130004882,0.0024475717544555665,False,2317,0.006412887573242187,0.018393163681030274,-0.020559134483337405
8183,1778,35,20,-3.57562255859375,-0.010878543853759765,-0.0025343561172485353,False,-1,,,
8193,587,11,2,-5.9742536544799805,-0.030333614349365233,0.0069965171813964845,True,-1,,,
8193,835,16,2,-5.151901721954346,-0.02730717658996582,-0.011448135375976562,False,-1,,,
8194,416,8,10,-5.840367794036865,-0.05552406311035156,0.018251752853393553,True,-1,,,
8196,970,19,2,-4.251661777496338,0.0023369503021240232,-0.015417098999023438,False,991,0.005322313308715821,-0.02430702209472656,0.011875286102294921
8196,2069,41,2,-5.470516681671143,-0.006168985366821289,-0.004892911911010742,True,-1,,,
8197,737,14,3,-4.6477885246276855,-0.007808027267456055,-0.02628411293029785,False,717,-0.010296754837036133,-0.006136140823364258,-0.02263669967651367
8199,2215,44,21,-5.575926780700684,-0.029497556686401367,-0.005621805191040039,False,-1,,,
8206,1095,21,13,-4.955253601074219,-0.05724770069122315,0.0407208251953125,False,-1,,,
8211,1546,30,15,-4.395643711090088,-0.037819933891296384,-0.03157219886779785,False,-1,,,
8214,1785,35,10,-4.132690906524658,0.02914790153503418,0.00033272743225097655,False,-1,,,
8219,200,4,5,-2.5107648372650146,0.026718816757202148,0.002025952339172363,False,-1,,,
8220,777,15,10,-4.4187116622924805,-0.06005932092666626,-0.02151937484741211,False,-1,,,
8229,1739,34,18,-4.670550346374512,0.012193126678466797,-0.026074066162109374,True,-1,,,
8230,87,1,3,-2.318269968032837,-0.018768959045410157,2.5892257690429686e-05,False,-1,,,
8234,1113,22,5,-1.0177373886108398,0.011897778511047364,-0.03212388515472412,False,-1,,,
8235,49,0,2,-4.624149799346924,0.017364511489868163,0.0013439369201660157,True,-1,,,
8235,2058,41,2,-2.009037733078003,0.03368781089782715,0.011323683261871338,False,-1,,,
8235,2319,46,2,-5.8738555908203125,-0.007196512222290039,0.008038520812988281,True,2314,-0.012091350555419923,0.0027549076080322266,0.00038877487182617174
8235,2321,46,2,-4.635221481323242,0.0007039928436279297,0.020852727890014647,False,2303,0.0010611152648925782,-0.016022539138793944,0.03723238945007324
8238,1242,24,9,-4.664573669433594,-0.03716487407684326,0.025285201072692873,False,-1,,,
8241,1439,28,16,-4.019278049468994,-0.034006686210632325,-0.01781876564025879,False,-1,,,
8242,276,5,4,-3.2212533950805664,-0.0280548095703125,-0.003628654479980469,False,-1,,,
8252,1908,38,16,-4.303567409515381,0.0262558650970459,-0.008854532241821289,True,-1,,,
8255,234,4,2,-3.7215042114257812,9.745121002197266e-05,-0.045054988861083986,False,-1,,,
8255,1780,35,2,-4.527444839477539,-0.01215855598449707,-0.022350635528564453,False,-1,,,
8261,273,5,2,-5.686173915863037,-0.002431793212890625,-0.005761594772338867,True,294,-0.0011361503601074218,0.0020290279388427736,-0.006494979858398438
8261,2323,46,2,-5.912643909454346,-0.009455165863037109,-0.0012321949005126953,True,2336,0.0007963466644287109,0.008458633422851563,0.0005606842041015617
8269,472,9,2,-5.650017261505127,0.005446996688842774,0.005512685775756836,True,-1,,,
8269,991,19,2,-5.636111259460449,-0.012173700332641601,-0.00208160400390625,True,-1,,,
8270,710,14,2,-0.857072651386261,-0.004147058725357056,0.0043961691856384275,False,-1,,,
8270,2231,44,2,-3.7727267742156982,-0.014637999534606934,-0.009768643379211427,False,-1,,,
8271,86,1,3,-5.327146053314209,-0.004839496612548828,-0.0049699020385742185,False,-1,,,
8271,716,14,2,-1.600842833518982,0.02215030908584595,-0.004916644096374512,False,-1,,,
8271,1345,26,2,-4.977351188659668,-0.036907806396484374,0.01058053970336914,False,-1,,,
8272,341,6,22,-5.02628755569458,-0.040495805740356446,0.006935539245605468,False,-1,,,
8273,2444,48,16,-1.0716969966888428,0.03849731922149658,-0.016182260513305666,False,-1,,,
8276,220,4,7,-4.898540019989014,-0.06007214307785034,-0.021514272689819335,False,-1,,,
8276,615,12,21,-5.9660563468933105,-0.04494191646575928,0.021932449340820313,True,-1,,,
8278,1301,26,9,-3.2398321628570557,0.016090340614318847,-0.03712127208709717,False,-1,,,
8280,2272,45,3,-5.553040981292725,-0.01586371421813965,0.018670454025268554,False,-1,,,
8285,1951,39,9,-2.194988965988159,0.031594953536987304,0.004492359161376953,False,-1,,,
8286,2229,44,2,-3.5581088066101074,-0.020369272232055664,-0.03257654190063477,False,-1,,,
8286,2420,48,2,-5.594972133636475,-0.027462797164916994,0.03632431030273438,False,-1,,,
8287,214,4,2,-4.558221817016602,0.004172401428222656,-0.010299453735351563,False,235,-0.0034203338623046875,-0.009413938522338867,-0.00847825050354004
8287,2345,46,2,-5.9742536544799805,-0.02227923393249512,0.020351476669311523,True,2306,-0.014405555725097656,0.008037395477294922,0.020187759399414064
8289,424,8,10,-2.4281129837036133,-0.005504918098449707,0.0006163263320922851,False,-1,,,
8297,1509,30,9,-3.35685658454895,-0.04948329210281372,-0.01952828884124756,False,-1,,,
8299,1337,26,2,-5.9742536544799805,-0.012608108520507812,0.015104141235351563,True,-1,,,
8299,2309,46,2,-3.080427408218384,-0.008771753311157227,-0.0024648141860961915,False,-1,,,
8300,945,18,5,-3.3638248443603516,-0.028091895580291747,-0.025914602279663086,False,-1,,,
8301,1624,32,6,-4.358386993408203,-0.009420981407165527,0.008359594345092774,False,-1,,,
8305,356,7,2,-1.4075379371643066,-0.009919005632400512,-0.017326517105102537,False,-1,,,
8305,1323,26,2,-2.2137835025787354,-0.011114904880523682,-0.056298928260803224,False,-1,,,
8315,279,5,2,-3.027247905731201,-0.029321179389953614,0.008176450729370116,False,-1,,,
8315,2424,48,2,-5.7395453453063965,0.0006550407409667969,-0.004694166183471679,True,-1,,,
8318,1118,22,10,-5.973017692565918,-0.04632887840270996,0.013631792068481445,True,-1,,,
8319,538,10,16,-5.849514484405518,-0.06539572238922119,0.006093769073486328,False,-1,,,
8327,963,19,2,-4.764910697937012,-0.013909530639648438,0.013948678970336914,False,984,-0.008376169204711913,-0.02058913230895996,0.0400711727142334
8327,1353,27,16,-0.5463724136352539,0.027657511234283446,-0.0006974351406097412,False,-1,,,
8327,1822,36,2,-3.6400537490844727,0.020484886169433593,-0.010613298416137696,False,1831,0.0390134048461914,-0.04340913772583008,0.051324357986450186
8327,2485,49,16,-4.077130317687988,-0.01780062198638916,-0.007094507217407227,False,-1,,,
8335,1004,20,22,-2.2606356143951416,0.05440749645233154,-0.02176215171813965,False,-1,,,
8336,717,14,21,-4.7386698722839355,0.023387413024902343,0.01821453094482422,True,-1,,,
8338,2285,45,23,-2.5934109687805176,-0.025118966102600098,-0.012452740669250489,False,-1,,,
8341,246,4,2,-0.4282171428203583,0.001701245903968811,0.0005158483982086182,False,-1,,,
8341,2210,44,17,-4.536538600921631,-0.027888808250427246,0.014520964622497558,False,2238,0.00045053482055664064,-0.01876951217651367,0.061629819869995106
8341,2377,47,2,-1.2758854627609253,0.00034263372421264646,-0.014735100269317626,False,-1,,,
8342,956,19,2,-3.8759052753448486,-0.022125244140625,-0.00816469669342041,False,-1,,,
8342,2317,46,2,-3.931769371032715,-0.00868366241455078,-0.011453466415405273,False,2328,-0.008172159194946288,-0.011399579048156739,0.00045761585235595814
8354,204,4,10,-3.9709372520446777,0.04006632804870605,-0.007919101715087891,True,235,0.024342689514160156,-0.02718179702758789,0.0035390567779541027
8356,1476,29,3,-2.5988504886627197,-0.03357954502105713,-0.05796227931976319,False,-1,,,
8359,484,9,9,-4.9710516929626465,-0.04116383075714111,-0.019720449447631835,False,-1,,,
8362,1108,22,19,-4.1937737464904785,-0.0492933440208435,0.0005100822448730469,False,-1,,,
8362,1772,35,3,-2.405470371246338,0.0024145936965942385,0.017898406982421875,False,-1,,,
8364,2231,44,5,-3.2888009548187256,0.008583135604858398,-0.01102912425994873,False,-1,,,
8366,229,4,3,-5.9742536544799805,-0.0035992717742919923,0.011135120391845704,True,-1,,,
8366,1271,25,4,-1.8263853788375854,0.006609714031219483,-0.047482731342315676,False,-1,,,
8367,655,13,5,-1.5667834281921387,-0.008676919937133789,0.018453060388565062,False,-1,,,
8371,1751,35,16,-5.8599853515625,-0.02348224639892578,0.0027160167694091795,True,-1,,,
8371,2066,41,15,-5.431157112121582,-0.038629488945007326,-0.0031950759887695314,False,-1,,,
8373,2470,49,13,-5.940500259399414,-0.05025622844696045,0.00048786163330078125,True,-1,,,
8386,249,4,9,-5.9742536544799805,-0.0003609466552734375,0.018383493423461916,True,238,-0.009924955368041992,0.026463699340820313,-0.017644214630126956
8388,1113,22,10,-5.9742536544799805,-0.019164094924926756,0.0162972354888916,True,-1,,,
8388,1974,39,12,-4.6785888671875,0.013451700210571288,0.01838489055633545,True,-1,,,
8390,112,2,14,-2.6025137901306152,0.020150699615478516,0.009941415786743164,False,-1,,,
8391,1990,39,5,-5.455895900726318,0.003528785705566406,0.022151155471801756,True,-1,,,
8392,2069,41,2,-5.589744567871094,0.005033245086669922,-0.004142570495605469,True,-1,,,
8392,2305,46,2,-2.2017600536346436,-0.01412053346633911,0.007055606842041016,False,-1,,,
8402,1875,37,19,-4.796918869018555,0.0187371826171875,-0.008076496124267578,True,-1,,,
8403,562,11,2,-3.355032205581665,-0.046247315406799314,-0.0029875993728637694,False,-1,,,
8403,710,14,2,-1.4324965476989746,-0.014188190698623657,0.013670234680175782,False,-1,,,
8403,747,14,20,-2.0373659133911133,0.04876502990722656,-0.0008479022979736328,False,-1,,,
8406,102,2,3,-3.452507495880127,-0.005384769439697266,-0.026579799652099608,False,-1,,,
8408,2230,44,15,-2.5555176734924316,-0.007554645538330078,-0.03218057632446289,False,-1,,,
8412,1172,23,19,-5.461075305938721,-0.042857117652893066,0.022123193740844725,True,-1,,,
8417,1415,28,2,-3.7227604389190674,0.00025569438934326173,-0.019558844566345216,False,-1,,,
8417,1918,38,2,-3.798760414123535,-0.024678273200988768,-0.024721336364746094,False,-1,,,
8418,451,9,2,-5.45421028137207,0.010400867462158203,-0.008681344985961913,True,-1,,,
8418,1402,28,2,-5.6999969482421875,-0.035773701667785644,-0.005485134124755859,True,-1,,,
8423,970,19,2,-5.083229064941406,-0.016601524353027343,0.0038083839416503907,False,972,0.008134031295776367,-0.014716806411743165,0.043260746002197266
8423,2321,46,2,-4.224259376525879,-0.012460193634033202,-0.0009213352203369141,False,-1,,,
8425,2417,48,12,-4.875282287597656,0.021979427337646483,-0.0013585567474365234,True,-1,,,
8434,2408,48,13,-4.743443012237549,0.024616212844848634,-0.017622432708740234,True,2422,0.0010297966003417968,-0.008254413604736327,-0.032954435348510745
8443,616,12,3,-0.8317829370498657,-0.009057319164276123,-0.0520380425453186,False,-1,,,
8448,86,1,2,-2.056110382080078,0.0271245813369751,-0.05113475799560547,False,-1,,,
8448,250,5,2,-4.037081241607666,-0.019869327545166016,-0.00844202995300293,False,-1,,,
8453,717,14,10,-4.494851589202881,-0.02349639415740967,0.014227981567382813,False,-1,,,
8455,235,4,2,-5.724351406097412,-0.01003026008605957,0.006338624954223633,True,215,0.007358865737915039,-0.002763633728027344,0.026491384506225586
8455,1829,36,2,-5.545616626739502,-0.001634521484375,-0.005625438690185547,True,1831,-0.0021685028076171876,0.007989873886108398,-0.014149293899536133
8458,97,1,2,-3.5499205589294434,0.0105859375,0.006031513214111328,False,-1,,,
8458,254,5,2,-5.957834243774414,-5.8612823486328126e-05,0.026328420639038085,True,277,-0.018326988220214845,0.004684648513793945,0.003375396728515622
8458,1421,28,2,-5.56437349319458,-0.00024288177490234376,0.002848196029663086,True,-1,,,
8458,1906,38,2,-0.9063788056373596,0.005972212553024292,-0.0041646015644073485,False,-1,,,
8460,1952,39,8,-1.6179524660110474,0.02593355417251587,-0.05188751935958862,False,-1,,,
8463,437,8,21,-5.214280128479004,-0.06004053115844726,-0.004240016937255859,False,-1,,,
8463,1057,21,5,-1.892951250076294,0.0043695163726806645,-0.009348049163818359,False,-1,,,
8466,1477,29,13,-5.9742536544799805,-0.09378787279129028,0.016451921463012695,True,-1,,,
8467,1782,35,3,-4.528951644897461,-0.01822751522064209,-0.01144184112548828,False,-1,,,
8470,200,4,20,-0.9811447858810425,0.04010117292404175,-0.009678471088409423,False,-1,,,
8471,2112,42,2,-3.523850679397583,-0.04019054651260376,-0.017963433265686037,False,-1,,,
8471,2493,49,2,-2.087200880050659,-0.012207098007202148,-0.04152172565460205,False,-1,,,
8474,1822,36,17,-4.6099042892456055,0.010582809448242187,-0.0011064243316650391,True,-1,,,
8474,2238,44,5,-4.780764579772949,0.023869781494140624,-0.017161264419555664,True,-1,,,
8476,212,4,20,-5.921741485595703,-0.039769468307495115,0.006005134582519531,True,215,-0.009516286849975585,0.004493045806884766,0.03176527023315429
8478,2064,41,17,-5.599452972412109,-0.039666972160339355,0.013917808532714843,False,-1,,,
8481,238,4,2,-5.50644588470459,-0.02051828384399414,-0.002455120086669922,True,-1,,,
8481,991,19,13,-4.292384147644043,0.03236475944519043,0.0007044124603271484,True,-1,,,
8481,1058,21,9,-5.600647926330566,0.007472114562988281,-0.002704744338989258,True,-1,,,
8481,2430,48,2,-5.787228584289551,0.0019791889190673827,-0.0002793312072753906,True,-1,,,
8482,868,17,11,-5.244223594665527,-0.020608539581298827,0.027908668518066407,True,-1,,,
8487,1775,35,3,-4.753492832183838,-0.006643486022949219,0.0026816844940185545,False,-1,,,
8488,878,17,5,-0.7625053524971008,0.03757973551750183,-0.056440399885177614,False,-1,,,
8489,816,16,16,-5.2292256355285645,-0.050449681282043454,-0.011915788650512696,True,-1,,,
8490,1016,20,2,-2.8508851528167725,0.04221465587615967,-0.026767115592956543,False,-1,,,
8490,2319,46,2,-5.12932014465332,0.008143377304077149,-0.008115158081054688,False,2341,-0.0031476783752441406,0.009629631042480468,-0.029035844802856446
8492,2353,47,5,-5.521129608154297,-0.04002885341644287,-0.004242792129516602,True,-1,,,
8493,964,19,2,-5.899069786071777,-0.023358793258666993,0.002348356246948242,False,968,-0.01901137351989746,0.01076465606689453,-0.004068880081176757
8493,2076,41,2,-1.274964451789856,0.01021676778793335,-0.03796330690383911,False,-1,,,
8502,716,14,3,-4.363839149475098,-0.019872307777404785,0.0025411415100097656,False,-1,,,
8502,984,19,2,-4.644342422485352,0.025833349227905273,-0.006876001358032227,True,973,-0.05326775312423706,-0.010320310592651366,-0.07565679311752319
8502,1254,25,4,-5.9742536544799805,-0.002814044952392578,0.006889190673828125,True,-1,,,
8502,1955,39,14,-5.330838680267334,-0.0288507080078125,-0.007670125961303711,False,-1,,,
8502,2128,42,2,-3.4942948818206787,0.00018896102905273436,-0.022408223152160643,False,-1,,,
8503,1827,36,17,-5.749825954437256,-0.03234250068664551,0.025529260635375976,False,-1,,,
8504,87,1,10,-5.210679054260254,0.008611288070678711,0.00690460205078125,True,-1,,,
8507,1757,35,3,-2.9143900871276855,0.023170833587646485,-0.005576815605163574,False,1779,-0.015118050575256347,0.018993358612060546,-0.06285905838012695
8509,562,11,16,-3.659513235092163,-0.004245100021362305,-0.037284140586853025,False,-1,,,
8511,1294,25,2,-5.179082870483398,0.006956024169921875,0.008974294662475586,True,-1,,,
8511,2326,46,2,-3.107492685317993,0.035049910545349124,-0.010318670272827148,False,-1,,,
8516,941,18,17,-4.329638957977295,-0.04048825740814209,-0.02117426872253418,False,-1,,,
8520,1279,25,2,-2.6016268730163574,-0.003213200569152832,-0.0092454195022583,False,-1,,,
8520,1655,33,2,-5.715117454528809,0.005182723999023437,0.024977073669433594,True,1687,-0.009442157745361328,0.0060460567474365234,0.004306135177612306
8521,1906,38,2,-1.871832013130188,-0.017709450721740724,-0.01703956365585327,False,-1,,,
8521,2075,41,2,-4.541736602783203,0.004211387634277344,-0.013463735580444336,False,-1,,,
8522,963,19,2,-5.9742536544799805,-0.015038681030273438,0.015332117080688476,True,972,0.0,0.0002647876739501953,0.030106010437011718
8522,1965,39,2,-4.185606002807617,-0.021546659469604493,-0.028585662841796877,False,-1,,,
8524,2100,42,6,-4.680902004241943,0.022526865005493165,-0.02586703300476074,True,2103,-0.024730935096740722,-0.01801236152648926,-0.05511247158050537
8528,522,10,20,-5.2305145263671875,-0.04400152206420899,-0.01487478256225586,False,-1,,,
8531,472,9,17,-4.507162570953369,0.005242977142333984,0.018246679306030272,True,466,-0.011845078468322754,-0.0025631999969482422,0.0037218236923217754
8533,1872,37,8,-3.9537405967712402,0.01989100456237793,0.02040046215057373,False,-1,,,
8536,1848,36,2,-0.7072861194610596,-0.0019195663928985595,0.00014142632484436034,False,-1,,,
8536,1851,37,2,-5.433950901031494,0.004033145904541016,-0.010806055068969726,True,-1,,,
8537,1428,28,3,-2.859926223754883,-0.009995269775390624,-0.009341092109680175,False,-1,,,
8539,294,5,2,-5.753297328948975,-0.014529333114624024,-0.004419126510620117,True,277,0.007859420776367188,-0.0026782989501953126,0.020647926330566405
8539,977,19,2,-3.5812690258026123,0.003032946586608887,-0.005210027694702148,False,-1,,,
8539,2013,40,16,-3.686033248901367,0.037068843841552734,-0.02136800765991211,True,-1,,,
8541,2232,44,10,-3.4104552268981934,0.04790818214416504,-0.009763131141662598,True,-1,,,
8551,287,5,2,-5.9742536544799805,-0.00624481201171875,0.00593099594116211,True,277,0.002230224609375,0.0014723968505859376,0.012933635711669922
8551,290,5,2,-5.87799072265625,0.0019252586364746093,0.01725210189819336,True,277,0.002230224609375,0.0014723968505859376,0.016084671020507812
8551,1240,24,2,-5.94605827331543,-0.02765141487121582,0.007673473358154297,True,-1,,,
8551,2315,46,2,-5.604185581207275,-0.0013375282287597656,-0.0040747737884521485,False,2328,-0.009536075592041015,0.007327404022216797,-0.019600725173950194
8552,1699,33,2,-3.053297758102417,0.011178336143493652,-0.050184311866760256,False,-1,,,
8552,1831,36,2,-5.387816429138184,0.006533784866333008,-0.011728744506835937,True,-1,,,
8557,2425,48,10,-4.66238260269165,0.026237421035766602,-0.013557786941528321,True,-1,,,
8566,655,13,9,-0.6725253462791443,0.02897812008857727,0.007092633843421936,False,-1,,,
8567,50,1,3,-1.8081144094467163,-0.011074914932250976,-0.005146853923797608,False,-1,,,
8570,1792,35,2,-5.949338912963867,-0.01834014892578125,0.004014377593994141,True,1788,-0.008777141571044922,0.0218670654296875,-0.008289680480957028
8570,2410,48,2,-5.657376766204834,0.0022184085845947266,-0.005669240951538086,False,-1,,,
8576,1218,24,17,-4.141800403594971,0.023758583068847657,0.014875612258911132,True,-1,,,
8577,1310,26,3,-2.320970058441162,-0.01006788969039917,0.001598958969116211,False,-1,,,
8578,2377,47,12,-2.514179229736328,0.06920148849487305,-0.0181729793548584,True,-1,,,
8584,1429,28,9,-5.9742536544799805,-0.026396780014038085,0.008244657516479492,True,-1,,,
8584,2422,48,11,-4.255564212799072,0.026579856872558594,-0.02926551818847656,True,-1,,,
8586,132,2,2,-2.745342254638672,-0.02664841413497925,-0.009726548194885254,False,-1,,,
8586,1443,28,2,-1.6766953468322754,0.026177563667297364,-0.0042065238952636716,False,-1,,,
8587,1918,38,14,-0.9642643928527832,0.06148079872131348,-0.03620396137237549,False,-1,,,
8588,973,19,16,-4.692216396331787,0.025640745162963868,0.008845109939575196,True,-1,,,
8588,1159,23,21,-4.853373050689697,-0.08012344241142273,0.011628828048706054,False,-1,,,
8589,1791,35,22,-5.9646477699279785,-0.06733608722686768,0.013489418029785157,True,-1,,,
8600,1415,28,2,-5.8358330726623535,-0.021482267379760743,0.020297183990478515,False,-1,,,
8600,1655,33,2,-5.940901756286621,-0.01212808609008789,0.009299707412719727,True,1687,0.0001327037811279297,0.003149080276489258,0.018411417007446286
8605,217,4,2,-4.446349620819092,0.02940742492675781,-0.01960777282714844,True,-1,,,
8605,2397,47,2,-1.8367894887924194,-0.018566067218780517,-0.06651183366775512,False,-1,,,
8607,2419,48,11,-4.421957015991211,-0.059549343585968015,0.00390690803527832,False,-1,,,
8609,70,1,3,-5.9742536544799805,-0.013968391418457031,0.017568159103393554,True,76,-0.032422657012939456,0.0,-0.0008861064910888686
8622,2420,48,7,-2.9502804279327393,-0.008978562355041504,-0.024003233909606934,False,-1,,,
8623,932,18,10,-2.748825788497925,-0.038422486782073974,-0.0006589555740356446,False,-1,,,
8623,1788,35,10,-4.954373836517334,0.0015056324005126953,0.00554112434387207,True,-1,,,
8630,1353,27,3,-2.4761860370635986,-0.03660605192184448,-0.02867804527282715,False,-1,,,
8632,1982,39,3,-4.586779594421387,0.019581565856933592,0.004221220016479493,True,-1,,,
8643,1437,28,9,-5.800216197967529,-0.027170963287353515,0.001660175323486328,True,1421,-0.019732675552368163,0.0008950996398925782,0.0082033634185791
8643,1937,38,2,-3.4980297088623047,0.043340539932250975,0.010394563674926758,True,-1,,,
8643,2333,46,2,-0.9919443130493164,-0.0014002716541290283,0.006183795928955078,False,-1,,,
8644,355,7,3,-3.229585647583008,0.0010582494735717773,0.011619443893432618,False,-1,,,
8648,2245,44,2,-2.9739794731140137,-0.018427515029907228,-0.023571853637695313,False,-1,,,
8648,2345,46,2,-5.616517543792725,2.2516250610351562e-05,0.007599859237670898,True,2328,-0.004227418899536133,0.007891464233398437,-0.004541540145874023
8649,2341,46,11,-4.639116287231445,0.026702747344970704,-0.013719835281372071,False,2314,0.003681955337524414,0.003984775543212891,-0.04072540283203125
8651,1160,23,20,-5.0854997634887695,-0.02236067771911621,0.01965641975402832,True,-1,,,
8652,1594,31,13,-4.642597198486328,-0.06095949411392212,-0.014733333587646485,False,-1,,,
8654,2058,41,16,-0.9533448219299316,0.033650898933410646,-0.0063652658462524415,False,-1,,,
8656,2103,42,12,-4.278397560119629,0.022485952377319336,-0.005099010467529297,True,-1,,,
8657,2076,41,18,-5.9742536544799805,-0.02308513641357422,0.010638599395751952,True,-1,,,
8657,2221,44,21,-5.0109148025512695,-0.05102457046508789,0.005252265930175781,False,-1,,,
8659,1337,26,4,-4.761778831481934,-0.009748287200927734,0.0007431602478027344,True,-1,,,
8667,2035,40,13,-1.7650266885757446,0.010730874538421632,-0.005454089641571045,False,-1,,,
8668,1345,26,11,-3.863291025161743,0.023400454521179198,-0.002755112648010254,True,-1,,,
8674,76,1,14,-4.447463512420654,0.017883405685424805,-0.0054252719879150394,True,-1,,,
8675,1057,21,4,-2.0000438690185547,-0.008267586231231689,0.006796166896820068,False,-1,,,
8680,1879,37,17,-5.344947814941406,-0.053224592208862304,-0.012586116790771484,False,-1,,,
8682,274,5,3,-1.43562650680542,-0.008647184371948242,0.007349052429199219,False,-1,,,
8685,244,4,13,-4.043881416320801,-0.011606969833374024,-0.019365501403808594,False,-1,,,
8690,453,9,2,-1.725709319114685,0.020726001262664794,0.0030600476264953614,False,-1,,,
8690,1294,25,2,-5.871201038360596,0.0020610523223876954,0.0181097412109375,True,1296,-0.021839361190795898,0.020418901443481446,-0.026209573745727542
8693,91,1,8,-3.788820743560791,-0.025729174613952636,-0.03526567459106445,False,-1,,,
8694,256,5,2,-3.809451103210449,-0.001098775863647461,-0.012371540069580078,False,295,-0.018803839683532716,-0.01997565746307373,-0.010100946426391604
8694,2127,42,2,-2.7469305992126465,-0.03909691691398621,-0.005124187469482422,False,-1,,,
8695,148,2,2,-5.221429824829102,0.003194580078125,0.005257596969604492,True,-1,,,
8695,561,11,17,-5.9742536544799805,-0.05630039691925049,0.03137248992919922,True,-1,,,
8695,2336,46,2,-5.35519552230835,-0.01583765983581543,-0.0005728721618652344,False,2328,-0.0012342166900634766,0.009131717681884765,0.004898853302001955
8703,1636,32,17,-3.6536033153533936,-0.043274352550506594,-0.02958268642425537,False,-1,,,
8704,452,9,21,-1.4708976745605469,0.021293439865112306,-0.025142889022827148,False,-1,,,
8707,1449,28,4,-2.9362034797668457,0.002906045913696289,-0.0282470703125,False,-1,,,
8709,705,14,16,-4.897375106811523,0.017504663467407228,-0.0077139949798583985,True,-1,,,
8711,43,0,2,-4.730545997619629,0.02487415313720703,-0.02487415313720703,True,-1,,,
8711,2306,46,2,-5.584250450134277,0.002162952423095703,-0.0078000640869140625,True,2303,-0.0008934307098388672,-0.002313375473022461,-0.008543071746826171
8711,2326,46,15,-2.5571398735046387,0.037058324813842775,-0.008392610549926759,False,-1,,,
8713,382,7,2,-3.8269121646881104,0.010134415626525879,-0.023055367469787598,False,-1,,,
8713,1318,26,2,-2.2725164890289307,-0.02897552728652954,-0.016754703521728517,False,-1,,,
8720,114,2,2,-5.7734575271606445,-0.012773399353027343,0.010409126281738281,True,129,0.0021057891845703124,-0.008764047622680664,0.0340523624420166
8720,966,19,2,-2.5737032890319824,0.0012543535232543946,-0.0038180160522460938,False,-1,,,
8729,1032,20,23,-5.009693145751953,-0.058901615142822265,-0.00023234367370605468,False,-1,,,
8737,54,1,12,-5.884017467498779,-0.016231441497802736,0.02718672752380371,True,-1,,,
8737,2338,46,3,-3.819108724594116,0.013161091804504395,0.0013788604736328124,False,2309,0.0027406692504882814,-0.027002696990966798,0.017961134910583494
8737,2357,47,3,-3.664982795715332,-0.032133541107177734,-0.02870448112487793,False,-1,,,
8738,1582,31,5,-2.3539962768554688,-0.025785040855407716,-0.004816951751708984,False,-1,,,
8741,477,9,9,-4.607995986938477,0.021185226440429687,0.006324243545532226,True,-1,,,
8742,466,9,11,-5.902345180511475,-0.02525146484375,0.018337259292602538,True,-1,,,
8746,2348,46,5,-4.58770751953125,0.011345720291137696,0.012360472679138184,True,2321,0.013056840896606445,-0.005845746994018555,0.01991734027862549
8754,49,0,9,-5.9742536544799805,0.0,0.0006873512268066406,True,-1,,,
8756,670,13,8,-1.4696393013000488,0.012870259284973144,-0.05550969123840332,False,-1,,,
8759,743,14,4,-1.9892594814300537,0.003123917579650879,-0.005208511352539063,False,-1,,,
8761,246,4,2,-3.024895429611206,-0.012922735214233398,-0.02091538906097412,False,-1,,,
8761,294,5,14,-4.640744209289551,0.02025432586669922,-0.018923606872558594,True,295,-0.013273544311523437,-0.009683799743652344,-0.04276767730712891
8761,1974,39,2,-3.2376301288604736,0.02293942928314209,-0.0005079126358032227,True,-1,,,
8762,1851,37,19,-5.9742536544799805,-0.05670147895812988,0.02697702407836914,True,-1,,,
8776,655,13,17,-1.2660402059555054,0.029429118633270263,-0.030066726207733156,False,-1,,,
8777,50,1,2,-4.891956806182861,-0.03103479862213135,-0.002598743438720703,False,-1,,,
8777,238,4,2,-5.034521102905273,-0.026018962860107422,0.007740745544433594,False,-1,,,
8778,1721,34,17,-3.045121908187866,0.04006087779998779,-0.02391324520111084,True,-1,,,
8779,293,5,2,-4.53153657913208,0.015384788513183595,-0.005639200210571289,False,-1,,,
8779,1831,36,2,-4.595369815826416,-0.022015714645385744,-0.00856400489807129,False,-1,,,
8781,453,9,12,-4.172550201416016,-0.051268181800842284,0.007850432395935058,False,-1,,,
8784,2457,49,14,-5.660678863525391,-0.027492828369140625,0.02967273712158203,True,-1,,,
8789,163,3,14,-3.408433437347412,0.03750448226928711,-0.0472752857208252,True,-1,,,
8796,1649,32,13,-5.845083713531494,-0.10690923035144806,-0.0025833988189697264,True,-1,,,
8797,2050,41,20,-4.627896308898926,-0.041604409217834475,-0.014915180206298829,False,-1,,,
8799,2456,49,14,-4.735732555389404,-0.05250692367553711,-0.015616178512573242,False,-1,,,
8802,1750,35,14,-5.9560394287109375,-0.025672693252563477,0.014191837310791015,True,-1,,,
8808,1294,25,5,-5.501950263977051,0.00618016242980957,-0.0052397060394287105,True,1279,-0.004768905639648438,-0.008592615127563477,-0.007596158981323241
8810,2245,44,2,-5.240141868591309,0.014210329055786133,-0.013660802841186523,True,-1,,,
8810,2314,46,2,-5.9742536544799805,-0.007996034622192384,0.0006782150268554687,True,2303,-0.004782905578613281,0.015221004486083984,-0.011329660415649413
8814,1252,25,10,-5.875940322875977,-0.0050882244110107425,-0.0013445472717285155,True,-1,,,
8820,778,15,22,-3.662682294845581,0.035892186164855955,-0.0010505008697509765,True,-1,,,
8829,2010,40,11,-4.759294033050537,0.005779838562011719,0.041314315795898435,True,-1,,,
8831,316,6,13,-5.11798620223999,0.017058916091918945,-0.008968210220336914,True,-1,,,
8832,1683,33,8,-3.9053258895874023,-0.001276111602783203,-0.010497093200683594,False,-1,,,
8836,972,19,2,-4.870275020599365,-0.005919170379638672,-0.010913448333740234,False,964,-0.008549156188964844,-0.004340305328369141,-0.009203128814697266
8836,1855,37,2,-2.7785449028015137,-0.03330262422561645,-0.03707368850708008,False,-1,,,
8836,2176,43,2,-0.4842701554298401,0.002386298179626465,-0.017445114850997926,False,-1,,,
8836,2426,48,2,-5.757584571838379,0.004333381652832031,0.016969308853149415,True,-1,,,
8858,273,5,2,-5.249619007110596,0.0032884979248046873,-0.012300949096679687,False,-1,,,
8858,1699,33,2,-5.423758029937744,0.011009912490844726,-0.011009912490844726,True,-1,,,
8859,994,19,17,-2.8454782962799072,0.04529886722564697,0.014746785163879395,False,-1,,,
8859,1685,33,15,-4.731281280517578,0.014386377334594726,0.022601747512817384,True,-1,,,
8861,1296,25,11,-5.267430305480957,0.0058092308044433594,0.06251738548278808,True,-1,,,
8862,1772,35,2,-1.5179723501205444,-0.010339620113372803,-0.023188254833221435,False,-1,,,
8862,2063,41,2,-5.5134358406066895,-0.028449296951293945,-0.0015761089324951173,False,-1,,,
8866,1979,39,4,-4.610917568206787,0.0020093345642089844,-0.010960111618041992,True,-1,,,
8868,1501,30,22,-5.9742536544799805,-0.07618357181549072,0.01742060661315918,True,-1,,,
8875,849,16,3,-5.1708083152771,-0.05144402980804443,0.008112163543701171,False,-1,,,
8876,1310,26,2,-3.7225475311279297,0.010276918411254882,-0.021607418060302735,False,-1,,,
8876,2328,46,2,-4.848668098449707,0.005801839828491211,-0.018403682708740234,False,2309,0.013914432525634766,0.0034706687927246096,-0.01376175880432129
8878,1421,28,16,-4.614114284515381,0.02287609100341797,0.010339593887329102,True,-1,,,
8878,1628,32,14,-4.453145503997803,-0.06880018472671509,-0.026575698852539062,False,-1,,,
8879,2060,41,6,-4.758465766906738,0.022488479614257813,-0.01121241569519043,True,-1,,,
8885,2440,48,18,-3.1214003562927246,-0.03661201000213623,0.016133575439453124,False,-1,,,
8897,1279,25,21,-3.674675703048706,0.04543677806854248,-0.0011661338806152343,True,-1,,,
8903,214,4,3,-4.401797771453857,0.026907129287719725,-0.0034989643096923827,True,-1,,,
8913,355,7,23,-5.046924114227295,-0.04830679416656494,0.011924667358398438,False,-1,,,
8915,50,1,2,-3.3224778175354004,0.011580810546875,-0.02354403495788574,False,-1,,,
8915,956,19,2,-5.7877116203308105,0.0008780860900878906,-0.0037308406829833986,True,977,-0.005220108032226563,0.023578033447265626,-0.033407068252563475
8923,1079,21,10,-5.873274326324463,-0.02661545753479004,-0.0020195865631103516,True,-1,,,
8926,132,2,2,-5.9742536544799805,-0.0029194164276123047,0.0163348388671875,True,-1,,,
8926,883,17,22,-4.961000442504883,-0.07605647325515746,0.003828115463256836,True,-1,,,
8926,2310,46,2,-4.107555866241455,-0.00051727294921875,-0.006918420791625976,False,2322,-0.01663273811340332,0.01800215244293213,-0.041036038398742675
8927,215,4,2,-5.930321216583252,-0.007172040939331055,0.0030618381500244142,True,234,-0.0046784400939941405,0.0009110736846923829,0.0046443653106689456
8927,953,19,2,-4.598541259765625,-0.020646753311157225,0.016046476364135743,False,970,0.006591997146606445,-0.012298622131347657,0.05558384895324707
8930,642,12,3,-2.4776809215545654,0.017504358291625978,-0.06043635845184326,False,-1,,,
8930,743,14,2,-4.482370853424072,-0.05314804792404175,-0.026859750747680666,False,-1,,,
8930,1443,28,2,-3.0823490619659424,0.006404399871826172,-0.003666543960571289,False,-1,,,
8931,1848,36,2,-3.729766845703125,0.005127983093261719,0.027267589569091796,False,-1,,,
8931,2138,42,2,-1.5443003177642822,0.004940879344940185,-0.029843769073486327,False,-1,,,
8933,238,4,2,-5.358424186706543,-0.002372474670410156,-0.004091825485229492,False,-1,,,
8933,1965,39,2,-4.323321342468262,-0.0014818286895751953,-0.01719503402709961,False,-1,,,
8934,32,0,17,-1.7194557189941406,0.05987913131713867,-0.017265982627868652,False,-1,,,
8937,1815,36,2,-4.7365922927856445,-0.009390220642089844,-0.003938179016113281,False,-1,,,
8937,2346,46,2,-4.162965774536133,-0.012137055397033691,0.029209613800048828,False,2321,0.011012372970581054,0.018067660331726073,0.0342913818359375
8940,29,0,6,-4.639497756958008,0.0067428207397460934,-0.01848367691040039,True,-1,,,
8947,1473,29,15,-1.9686577320098877,0.061967473030090335,-0.060948853492736814,True,-1,,,
8948,1757,35,14,-2.0515406131744385,0.04858113765716553,0.000526881217956543,False,-1,,,
8949,1937,38,14,-5.431251049041748,0.010860052108764649,0.012355175018310547,True,-1,,,
8951,129,2,9,-4.994936466217041,0.01549713134765625,0.025063467025756837,True,-1,,,
8963,1064,21,17,-0.5579864382743835,0.029760442972183228,-0.03932934403419495,False,-1,,,
8963,2330,46,15,-5.183482646942139,0.015815420150756834,-0.0002436065673828125,True,2344,0.009321212768554688,0.004485683441162109,-0.011223497390747067
8965,345,6,18,-5.256505966186523,-0.03557198524475098,-0.011468229293823242,True,-1,,,
8965,1088,21,16,-4.43773078918457,-0.06376967430114747,-0.025320920944213867,False,-1,,,
8966,2179,43,13,-3.366349220275879,-0.05037501573562622,-0.015176382064819336,False,-1,,,
8976,279,5,17,-4.532730579376221,0.028830461502075196,0.0029809761047363283,True,254,-0.022765741348266602,0.015172162055969239,-0.06378738880157471
8984,970,19,2,-5.763642311096191,-0.03312744140625,-0.000521707534790039,False,968,-0.00687809944152832,-0.0023453807830810546,0.02807301521301269
8984,1413,28,2,-5.9288458824157715,-0.02641139030456543,0.022645492553710938,True,-1,,,
8995,146,2,18,-5.665851593017578,-0.03501301765441894,-0.0038895225524902344,True,102,0.003065223693847656,0.010531282424926758,0.02365743637084961
8997,1997,39,3,-2.932741165161133,-0.01797691822052002,-0.006588883399963379,False,-1,,,
8998,956,19,2,-5.6568756103515625,-0.0021177482604980468,-0.0034571266174316406,True,968,0.003063955307006836,0.010050468444824219,-0.008325891494750976
8998,2338,46,2,-4.138405799865723,-0.02110647201538086,0.0034620094299316405,False,2323,-0.0010144329071044922,-0.008754377365112304,0.032308425903320316
9000,2240,44,10,-1.8307199478149414,-0.019109258651733397,0.0069546175003051755,False,-1,,,
9001,1751,35,12,-3.996307134628296,0.022130560874938966,-0.021859936714172364,False,-1,,,
9002,693,13,24,-4.906369686126709,-0.046252355575561524,0.003475341796875,False,-1,,,
9003,2309,46,3,-4.681334972381592,-0.0036309814453125,0.023343276977539063,False,2323,-0.004804286956787109,-0.00498143196105957,0.027151403427124025
9004,878,17,2,-2.841597557067871,-0.028095273971557616,-0.010220966339111327,False,-1,,,
9004,2345,46,2,-3.3766820430755615,-0.018611412048339843,0.004830689430236817,False,2322,0.008276920318603515,-0.006251034736633301,0.03797005653381348
9008,2284,45,17,-2.3833072185516357,-0.019203367233276366,-0.05743422985076904,False,-1,,,
9014,1687,33,9,-5.651467800140381,-0.01647130012512207,-0.006455717086791993,True,-1,,,
9016,1911,38,2,-5.571004867553711,-0.03275624752044678,-0.00806497573852539,True,-1,,,
9016,2401,48,2,-5.005462169647217,0.014412155151367187,-0.018264846801757814,True,-1,,,
9021,990,19,2,-5.326141834259033,0.0012204360961914063,-0.012962236404418945,True,964,0.004408035278320312,-0.014873638153076171,0.005099000930786133
9021,1260,25,2,-5.066930294036865,-0.02005427360534668,-0.011055765151977539,False,-1,,,
9023,735,14,10,-4.072629928588867,0.02112966537475586,0.0007028293609619141,True,-1,,,
9023,1661,33,17,-0.9975644946098328,0.004103933572769165,-0.009588238000869751,False,-1,,,
9025,281,5,2,-2.3780293464660645,0.006298737525939941,0.004624629020690918,False,-1,,,
9025,963,19,2,-5.920622825622559,-0.014186296463012695,-0.0010726165771484375,True,968,-0.00437199592590332,0.012664432525634766,-0.003922748565673829
9027,277,5,2,-5.685204029083252,-0.01299342155456543,0.011593208312988282,True,256,-0.021956110000610353,-0.004559774398803711,0.00719029426574707
9027,2253,45,2,-5.9742536544799805,-0.00517725944519043,0.005567312240600586,True,-1,,,
9030,97,1,5,-4.470828056335449,0.029584884643554688,-0.019767932891845703,True,-1,,,
9032,1226,24,12,-5.299529075622559,-0.047202324867248534,-0.0026903152465820312,False,-1,,,
9036,1415,28,3,-2.1876983642578125,-0.006031866073608398,-0.023820643424987794,False,-1,,,
9058,1741,34,9,-2.235633134841919,0.020908622741699218,-0.011206927299499512,False,-1,,,
9059,953,19,6,-5.44943380355835,-0.020373191833496094,0.008219347000122071,False,964,0.006273021697998047,-0.0026367759704589845,0.0375023365020752
9061,2176,43,13,-5.340993881225586,-0.021206989288330078,-0.01266519546508789,True,-1,,,
9061,2342,46,2,-4.070301532745361,-0.02105814456939697,-0.013946170806884766,False,2322,-0.013736319541931153,0.0045679426193237305,-0.011192288398742678
9061,2430,48,2,-5.7060065269470215,-0.01915203094482422,-0.004247846603393554,False,-1,,,
9066,290,5,18,-2.0380289554595947,0.030942225456237794,-0.023210206031799317,False,-1,,,
9067,1681,33,16,-5.288471221923828,-0.035346479415893556,-0.01361043930053711,True,-1,,,
9068,669,13,2,-2.8699395656585693,-0.03867399454116821,-0.054754605293273924,False,-1,,,
9068,2310,46,2,-5.452094078063965,0.0010912418365478516,-0.007460718154907227,True,-1,,,
9069,1240,24,19,-3.0602009296417236,0.02948434352874756,-0.02735689640045166,True,-1,,,
9071,743,14,3,-4.402371883392334,0.0016940689086914062,-0.03143763542175293,False,-1,,,
9074,1310,26,4,-3.1335575580596924,0.004416122436523438,0.004584312438964844,False,-1,,,
9082,1952,39,14,-1.6016199588775635,0.025549473762512206,-0.03578860282897949,False,-1,,,
9084,1841,36,11,-2.2835633754730225,0.03861819744110107,-0.011250977516174316,False,-1,,,
9085,1887,37,10,-1.2144886255264282,0.019650018215179442,-0.0032333612442016603,False,-1,,,
9091,1112,22,14,-4.397772312164307,0.023808250427246092,-0.02425182342529297,True,-1,,,
9093,132,2,22,-4.4642510414123535,0.022579593658447264,-0.003985090255737305,True,-1,,,
9095,217,4,3,-4.616193771362305,0.02334343910217285,0.011065521240234376,True,243,0.0005625343322753906,-0.006008806228637695,-0.0057065773010253895
9099,1567,31,3,-1.0429725646972656,0.02249189853668213,-0.05401450157165527,False,-1,,,
9102,162,3,14,-0.8711249232292175,0.03189004063606262,-0.06247133374214173,False,-1,,,
9105,295,5,11,-3.1176536083221436,0.019331707954406738,-0.02675468921661377,False,254,-0.0006666135787963867,-0.014265594482421875,-0.032487416267395014
9115,1449,28,2,-4.5481486320495605,-0.013255362510681152,-0.018126258850097655,False,-1,,,
9115,2322,46,2,-3.995098352432251,-0.003103322982788086,-0.006569199562072754,False,2311,0.00025310993194580076,-0.008961939811706543,0.0057491731643676755
9119,1627,32,11,-5.85125732421875,-0.03329196929931641,0.03056058883666992,True,-1,,,
9122,977,19,8,-4.8613152503967285,0.022236900329589845,0.0022391510009765626,True,-1,,,
9124,354,7,12,-2.7241146564483643,0.0289790678024292,0.0213110876083374,False,-1,,,
9126,918,18,4,-5.161755561828613,-0.016664304733276368,0.002144279479980469,True,-1,,,
9126,1848,36,7,-1.4958921670913696,0.020972073078155518,0.01309525489807129,False,-1,,,
9128,102,2,11,-5.9742536544799805,-0.012589311599731446,0.011259326934814453,True,-1,,,
9128,288,5,23,-5.504953384399414,0.006500129699707031,0.003321866989135742,True,287,0.0004959678649902343,-0.0049104118347167965,0.002228116989135742
9136,1885,37,12,-5.342865943908691,-0.041835265159606935,-0.012627754211425781,False,-1,,,
9142,1521,30,16,-4.973386287689209,0.01445230484008789,-0.01219334602355957,True,-1,,,
9152,427,8,17,-4.950652599334717,0.01743377685546875,-0.0019351673126220704,True,-1,,,
9155,202,4,4,-2.304713726043701,-0.014006621837615967,0.004488596916198731,False,-1,,,
9155,1690,33,3,-4.9998779296875,0.011018218994140625,-0.0156967830657959,True,-1,,,
9156,1939,38,12,-5.9742536544799805,-0.006057624816894531,0.00774017333984375,True,-1,,,
9156,2231,44,4,-1.878811240196228,0.004725286960601807,-0.04424564599990845,False,-1,,,
9162,987,19,2,-3.1482512950897217,0.003770627975463867,0.007707524299621582,False,-1,,,
9162,2341,46,2,-1.6836600303649902,0.009610710144042968,-0.003347454071044922,False,-1,,,
9164,234,4,2,-5.040875434875488,0.018667564392089844,-0.018563508987426758,True,248,0.004931392669677734,-0.021292314529418946,-0.011007366180419923
9164,1791,35,2,-5.9742536544799805,-0.007029895782470703,0.00490717887878418,True,-1,,,
9166,33,0,11,-5.187190055847168,-0.06083765029907227,-0.010147857666015624,False,-1,,,
9168,256,5,2,-5.512199878692627,0.0051479053497314456,-0.0005462074279785156,True,258,-0.0017388820648193359,0.010746097564697266,-0.018179092407226562
9168,2249,44,2,-2.8611555099487305,0.010643868446350098,1.578807830810547e-05,False,-1,,,
9169,238,4,3,-4.992931842803955,0.01962643623352051,0.007353973388671875,True,-1,,,
9170,243,4,3,-5.357312202453613,-0.0143017578125,0.0061692333221435545,False,248,-0.0004386425018310547,-0.013551559448242188,0.033583908081054686
9171,177,3,17,-3.809406042098999,0.02919328212738037,-0.0031440258026123047,True,-1,,,
9174,1446,28,24,-3.799103021621704,-0.04191192150115967,0.00042176246643066406,False,-1,,,
9178,139,2,17,-5.23677921295166,-0.054257321357727054,0.012020072937011718,False,-1,,,
9179,878,17,16,-4.822690486907959,0.010630874633789063,-0.013388481140136719,True,-1,,,
9179,1007,20,4,-4.443042755126953,-0.012221550941467286,0.018263578414916992,False,-1,,,
9179,1076,21,3,-1.2327589988708496,-0.0013100051879882813,-0.005687594413757324,False,-1,,,
9180,524,10,15,-3.169224739074707,0.026043767929077147,0.001401534080505371,True,-1,,,
9183,50,1,2,-3.202807664871216,-0.0016413784027099608,-0.00761775016784668,False,-1,,,
9183,964,19,2,-4.654941558837891,0.025238285064697264,-0.012512331008911132,False,-1,,,
9185,1294,25,7,-5.9742536544799805,-0.028136348724365233,0.0,True,1290,-0.00770477294921875,0.025248212814331053,-0.004816637039184571
9200,852,17,13,-3.5007591247558594,-0.032171525955200196,-0.006104311943054199,False,-1,,,
9201,1404,28,19,-2.4741885662078857,0.046707501411437986,-0.010198154449462891,False,-1,,,
9202,287,5,16,-4.585861682891846,0.020686683654785157,0.0022440433502197267,True,-1,,,
9206,297,5,5,-4.505806922912598,0.02623838424682617,0.001213531494140625,True,-1,,,
9206,1016,20,3,-5.586225986480713,-0.049530043601989746,-0.0015681076049804687,True,-1,,,
9208,451,9,2,-5.926962852478027,-0.06899058818817139,0.003956565856933594,True,-1,,,
9208,2345,46,2,-3.4261257648468018,-0.007647080421447754,-0.0048903942108154295,False,2333,-0.0024488210678100587,-0.02186957836151123,0.022177443504333497
9212,1611,32,19,-3.3958826065063477,-0.06096204996109009,0.011920995712280273,False,-1,,,
9216,405,8,3,-3.660921096801758,-0.006379590034484863,0.010777144432067872,False,-1,,,
9218,2358,47,8,-3.304029941558838,-0.025878896713256837,-0.048078794479370114,False,-1,,,
9219,41,0,12,-2.0338306427001953,0.02326606273651123,-0.003448357582092285,False,-1,,,
9223,795,15,20,-0.4450345039367676,0.02041376829147339,-0.026147994995117187,False,-1,,,
9231,274,5,3,-3.860171318054199,-0.015128908157348632,-0.026928749084472656,False,-1,,,
9244,1799,35,18,-5.9742536544799805,-0.015917329788208007,0.021637210845947264,True,1779,-0.0035998344421386717,0.04005927562713623,-0.006104569435119632
9249,281,5,2,-3.6451961994171143,0.008220810890197754,0.013854990005493164,False,254,-0.004846677780151367,0.01400691032409668,-0.013219408988952635
9249,1033,20,2,-5.074575424194336,0.016233158111572266,-0.013229475021362305,True,-1,,,
9258,52,1,14,-4.467641830444336,-0.0523704195022583,0.022635235786437988,False,-1,,,
9260,1682,33,4,-1.626213550567627,0.04153363704681397,-0.00644134521484375,False,-1,,,
9265,201,4,15,-3.681749105453491,-0.05289093255996704,0.001043701171875,False,217,-0.012664141654968262,-0.00227266788482666,0.04354315996170044
9265,1422,28,2,-3.802396059036255,-0.009149284362792968,-0.021209406852722167,False,-1,,,
9265,1650,33,2,-3.18363356590271,0.008290796279907227,-0.005695304870605469,False,-1,,,
9268,1280,25,2,-2.5941874980926514,-0.02281775712966919,-0.06296019077301025,False,-1,,,
9268,1661,33,2,-1.574181079864502,-0.016384799480438233,-0.03977619647979736,False,-1,,,
9270,820,16,10,-1.6886252164840698,0.006307518482208252,-0.022644455432891845,False,-1,,,
9271,2426,48,13,-4.52628231048584,0.028959426879882812,-0.028219938278198242,True,-1,,,
9275,1887,37,16,-3.5112955570220947,-0.0480123233795166,-0.0332351541519165,False,-1,,,
9275,1965,39,18,-5.9742536544799805,-0.006564884185791015,0.005966215133666992,True,1953,0.0,0.01132049560546875,0.0012106037139892577
9276,1794,35,12,-3.79049015045166,0.03802857398986816,0.000648508071899414,True,1772,0.017206220626831054,0.003986945152282715,-0.024160790443420406
9277,2088,41,2,-5.205499172210693,-0.014754838943481445,0.016122512817382813,True,-1,,,
9277,2333,46,2,-4.663216590881348,-0.021656174659729004,0.012696533203125,False,-1,,,
9280,1076,21,24,-4.585488319396973,-0.060137321949005125,-0.018260316848754884,False,-1,,,
9280,1627,32,22,-3.890671730041504,-0.04175677299499512,-0.0036744213104248045,False,-1,,,
9286,248,4,2,-5.4204535484313965,0.008971185684204101,-0.0028694725036621095,True,211,0.007431793212890625,-0.0002289104461669922,-0.004179954528808594
9286,987,19,2,-2.5172619819641113,0.011886777877807618,0.0019995880126953123,False,-1,,,
9295,208,4,2,-5.710409164428711,-0.02292943000793457,-7.944107055664063e-06,True,211,0.0002414703369140625,-0.0032334518432617187,0.026396408081054687
9295,1343,26,2,-5.874697685241699,-0.0034770774841308594,0.015890493392944335,True,1314,-0.01052358627319336,0.009139213562011719,-0.000295228958129886
9296,669,13,9,-5.857292652130127,-0.03397223472595215,0.0332340145111084,True,-1,,,
9299,1443,28,13,-5.9742536544799805,-0.02282576560974121,0.0,True,-1,,,
9301,1581,31,4,-3.6964685916900635,-0.028059663772583007,0.004922590255737305,False,-1,,,
9305,319,6,2,-3.1222119331359863,-0.011336565017700195,-0.035026350021362306,False,342,0.007326803207397461,-0.05965897560119629,0.04329599380493165
9305,470,9,16,-3.331528902053833,-0.04366042375564575,-0.010958876609802246,False,-1,,,
9305,968,19,2,-5.9742536544799805,-0.012438316345214844,0.0023284912109375,True,963,0.0,0.008600759506225585,0.006166048049926759
9305,1440,28,2,-2.733069896697998,0.00014559745788574218,0.01435840606689453,False,-1,,,
9305,2338,46,2,-5.1537275314331055,0.006876115798950195,0.0006028366088867188,False,2311,0.017243289947509767,-0.017243289947509767,0.028213300704956056
9308,626,12,7,-2.832498788833618,0.024844431877136232,-0.024760003089904784,True,-1,,,
9324,243,4,2,-5.507263660430908,0.005907487869262695,-0.004253578186035156,True,215,-0.0011446952819824218,-0.003295583724975586,-0.008010177612304686
9324,2306,46,2,-5.820135116577148,-0.007877225875854493,0.0006093120574951172,False,2348,-0.002141427993774414,0.017073335647583007,-0.010728225708007811
9326,1661,33,8,-4.295321941375732,-0.050584416389465335,-0.020785732269287108,False,-1,,,
9327,774,15,10,-5.014667987823486,-0.08290575265884399,-0.017026710510253906,False,-1,,,
9328,887,17,8,-5.806975841522217,-0.0692930555343628,0.0034035110473632814,False,-1,,,
9328,1304,26,2,-3.3965466022491455,0.011802659034729004,-0.02305757999420166,False,-1,,,
9328,2077,41,2,-5.357319355010986,-0.021343374252319337,0.005033931732177734,False,-1,,,
9340,728,14,14,-5.138428688049316,0.01476430892944336,-0.014067001342773437,True,-1,,,
9340,2121,42,9,-2.2433409690856934,-0.014114797115325928,-0.007173089981079101,False,-1,,,
9343,2424,48,12,-4.826910018920898,0.02294687271118164,-0.01883143424987793,True,-1,,,
9345,148,2,2,-3.448775053024292,0.04155752658843994,-0.04927590847015381,False,-1,,,
9345,1484,29,2,-4.743842124938965,-0.01984229564666748,-0.02460823059082031,True,-1,,,
9346,43,0,18,-2.9897754192352295,0.023699231147766113,0.004648232460021972,False,-1,,,
9348,2463,49,18,-2.6702334880828857,-0.036583690643310546,-0.011350693702697754,False,-1,,,
9354,972,19,2,-5.637659549713135,-0.01932901382446289,0.013943796157836913,False,978,-0.008858346939086914,-0.001776752471923828,0.02619121551513672
9354,1415,28,2,-5.782698631286621,-0.029351806640625,0.05147578239440918,False,-1,,,
9359,1342,26,11,-5.687464714050293,-0.07342830181121826,0.011676273345947265,False,1314,0.008000593185424804,-0.003507223129272461,0.09661239147186279
9363,238,4,2,-4.094778537750244,-0.0054442214965820315,-0.005246715545654297,False,217,0.00814016342163086,-0.03520010948181152,0.043537778854370116
9363,964,19,2,-5.122519016265869,0.008411684036254884,-0.00810993194580078,False,-1,,,
9369,211,4,2,-5.9742536544799805,-0.004857969284057617,0.01021601676940918,True,215,0.0014278125762939454,-0.0018895530700683593,0.018391351699829105
9369,1033,20,2,-5.565614700317383,0.006510801315307617,-0.004613685607910156,True,-1,,,
9369,2425,48,18,-1.2033365964889526,0.0224074387550354,-0.005498380661010742,False,-1,,,
9373,342,6,16,-4.677088260650635,-0.017094979286193846,-0.01489665985107422,True,-1,,,
9376,1428,28,4,-4.365174770355225,0.007129564285278321,-0.0038982391357421874,True,1447,-0.0038108730316162107,-0.02061882019042969,0.005780143737792972
9377,362,7,10,-3.059603214263916,-0.013566665649414063,-0.011127285957336426,False,-1,,,
9380,1831,36,2,-5.9742536544799805,-0.006287822723388672,0.01601130485534668,True,-1,,,
9380,2353,47,2,-1.496413230895996,0.015407538414001465,-0.021767687797546387,False,-1,,,
9393,1727,34,11,-5.749456882476807,-0.03226598739624023,-0.0032061481475830077,True,-1,,,
9402,708,14,3,-3.62444806098938,-0.029889793395996095,0.009090986251831055,False,710,-0.02568117618560791,-0.011161861419677734,0.024461464881896967
9405,1772,35,15,-5.956282138824463,-0.04394318103790283,0.014485797882080077,True,-1,,,
9406,2249,44,5,-2.909914255142212,0.027696051597595216,0.007850055694580077,False,-1,,,
9407,978,19,2,-5.9742536544799805,-0.00403778076171875,0.005207405090332031,True,980,-0.00792510986328125,0.02914362907409668,-0.02782355308532715
9407,1280,25,2,-5.826062202453613,-0.021073875427246095,0.011458749771118165,True,-1,,,
9408,2056,41,2,-3.1137754917144775,-0.015635547637939454,0.017218732833862306,False,-1,,,
9408,2329,46,2,-4.7607011795043945,0.01947850227355957,0.015017099380493164,True,2323,0.010542688369750976,-0.000569448471069336,0.006650733947753907
9411,1118,22,24,-4.4424285888671875,-0.07751647233963013,0.025054831504821778,False,-1,,,
9414,2072,41,10,-3.924246311187744,0.03551027297973633,0.0032574796676635744,False,-1,,,
9422,1784,35,19,-2.0934324264526367,0.007649106979370117,0.0011227989196777343,False,-1,,,
9424,293,5,2,-5.765498161315918,0.0019159126281738281,0.00022559165954589845,True,276,-0.031440744400024416,0.021388206481933594,-0.054519271850585936
9424,2345,46,2,-3.5570104122161865,0.00892336368560791,-0.001971588134765625,False,2317,0.016535582542419432,0.020592403411865235,-0.014951772689819339
9430,319,6,6,-3.0089516639709473,0.007503232955932617,-0.017414398193359375,False,-1,,,
9432,1650,33,2,-2.5185141563415527,0.027477245330810546,-0.02198899269104004,False,-1,,,
9432,2475,49,2,-1.2311300039291382,0.01980149984359741,-0.031861932277679444,False,-1,,,
9440,1831,36,2,-4.186191558837891,0.027262477874755858,-0.00820948600769043,True,-1,,,
9440,2338,46,2,-5.115567684173584,0.007535266876220703,0.009682703018188476,False,2321,0.01570012092590332,0.012519397735595704,0.005328159332275389
9441,1125,22,2,-1.8868443965911865,-0.008669991493225098,-0.025030765533447265,False,-1,,,
9441,1918,38,2,-3.9002692699432373,-0.05003850698471069,-0.03628420352935791,False,-1,,,
9442,14,0,2,-5.708865165710449,-0.03561394214630127,0.0033378887176513674,True,-1,,,
9442,451,9,9,-4.587616443634033,0.02312131881713867,0.04136427879333496,True,-1,,,
9442,943,18,7,-4.534718036651611,-0.045382356643676756,-0.008911962509155274,False,-1,,,
9442,1240,24,2,-2.9500205516815186,-0.04411852240562439,-0.0458991003036499,False,-1,,,
9442,2127,42,16,-5.9742536544799805,-0.015147314071655274,0.0,True,-1,,,
9445,1422,28,16,-4.525478363037109,0.028975505828857422,-0.028975505828857422,True,-1,,,
9447,1447,28,2,-5.121524333953857,0.004106988906860351,0.03014277458190918,True,-1,,,
9447,2311,46,2,-5.186098575592041,0.014631967544555664,0.014525384902954101,True,2301,0.0028176212310791014,-0.0059423065185546875,0.008653345108032227
9450,638,12,3,-1.5132172107696533,0.02238454818725586,0.006009955406188965,False,-1,,,
9455,1742,34,19,-5.715349197387695,-0.07404261589050293,-0.005178089141845703,True,-1,,,
9455,1984,39,3,-2.766045093536377,0.004061222076416016,-0.005341482162475586,False,-1,,,
9462,823,16,2,-5.172738552093506,-0.02976572036743164,-0.0009271907806396485,True,-1,,,
9462,2353,47,2,-1.4635533094406128,0.01894479513168335,-0.028848650455474852,False,-1,,,
9464,1536,30,15,-3.991088628768921,-0.04605918169021606,0.007705817222595215,False,-1,,,
9465,2000,40,17,-3.928581714630127,0.035180158615112304,-0.026083736419677733,True,-1,,,
9467,984,19,5,-5.453650951385498,0.008504724502563477,-0.0016368007659912109,True,-1,,,
9467,2158,43,6,-4.249945163726807,-0.06059199333190918,0.021259708404541014,False,-1,,,
9470,1220,24,15,-3.547475814819336,-0.01071634292602539,0.005925130844116211,False,-1,,,
9477,488,9,11,-4.448256969451904,-0.03748349189758301,-0.02049208641052246,False,-1,,,
9488,710,14,2,-4.680794715881348,-0.010246429443359375,-0.005414409637451172,False,-1,,,
9488,1314,26,2,-4.434692859649658,0.008940048217773437,-0.015561332702636719,False,-1,,,
9488,2138,42,12,-5.867452144622803,-0.04262633800506592,0.005595779418945313,False,-1,,,
9489,214,4,2,-5.9742536544799805,-0.0016176700592041016,0.007230768203735352,True,-1,,,
9489,281,5,2,-5.9742536544799805,-0.007558145523071289,0.01754241943359375,True,256,-0.001352672576904297,0.008014163970947265,0.01573372840881348
9492,735,14,2,-4.403875350952148,-0.013126821517944335,-0.013866519927978516,False,-1,,,
9492,775,15,2,-2.7625014781951904,-0.021918194293975832,-0.013785200119018555,False,-1,,,
9492,781,15,9,-5.123809814453125,-0.042991743087768555,-0.0029815196990966796,False,-1,,,
9499,125,2,2,-2.686633825302124,0.005709047317504883,-0.036638855934143066,False,-1,,,
9499,1038,20,2,-4.029971599578857,0.01175079345703125,-0.038885641098022464,False,-1,,,
9501,1214,24,16,-5.570664405822754,-0.003072624206542969,-0.002532482147216797,True,-1,,,
9504,1542,30,2,-5.742335319519043,-0.01870295524597168,0.004317235946655273,True,-1,,,
9504,2195,43,25,-4.141058921813965,-0.033091011047363283,-0.0009515953063964844,False,-1,,,
9504,2321,46,2,-4.837409019470215,-0.0023851776123046875,-0.01609518051147461,False,2323,0.009948930740356444,-0.008190011978149414,0.004428939819335936
9508,202,4,3,-3.3482236862182617,0.011558938026428222,-0.012603321075439454,False,-1,,,
9513,2397,47,9,-5.490264892578125,-0.07305432081222535,0.020259857177734375,False,-1,,,
9517,258,5,14,-3.6011245250701904,0.027805676460266115,-0.015000815391540528,False,-1,,,
9519,91,1,2,-5.9742536544799805,-0.012871026992797852,0.005421791076660156,True,-1,,,
9519,1437,28,2,-2.77919864654541,0.015351686477661133,-0.04488080978393555,False,-1,,,
9521,2250,45,18,-5.66530179977417,-0.014738092422485352,0.052660527229309084,True,-1,,,
9524,217,4,2,-5.914677619934082,-0.009238367080688476,0.0064970779418945315,False,-1,,,
9524,956,19,2,-5.535510063171387,0.00834456443786621,0.006079483032226563,True,-1,,,
9525,2469,49,11,-4.920897006988525,-0.059930434226989744,-0.0025612354278564454,False,-1,,,
9534,1262,25,19,-4.768579483032227,0.013569087982177734,-0.001863250732421875,True,-1,,,
9535,1665,33,8,-3.174535036087036,-0.02654918909072876,0.020498218536376952,False,-1,,,
9543,1415,28,6,-5.78006649017334,-0.05513766288757324,0.019170570373535156,True,-1,,,
9547,1357,27,13,-3.131013870239258,0.007447080612182617,-0.05686479568481445,True,-1,,,
9547,1650,33,18,-4.758576393127441,-0.02945707321166992,-0.01588690757751465,False,-1,,,
9548,1982,39,2,-4.251084327697754,0.0053762149810791015,-0.027228269577026367,False,-1,,,
9548,2328,46,2,-4.122673034667969,0.02134328842163086,-0.01453441619873047,False,2325,0.0009941959381103516,-0.0015570926666259766,-0.033326416015625
9549,1343,26,8,-5.871926307678223,-0.0004802417755126953,-0.0020465469360351563,True,-1,,,
9551,254,5,2,-2.6074795722961426,0.009561209678649903,0.0032833051681518555,False,-1,,,
9551,1831,36,2,-3.2271432876586914,0.001267228126525879,-0.013030471801757813,False,-1,,,
9552,208,4,12,-4.397324562072754,0.021478443145751952,-0.008634843826293946,True,215,0.02489349365234375,-0.030513286590576172,0.025293493270874025
9553,2059,41,14,-5.941843509674072,-0.04085692405700683,0.007006330490112305,True,-1,,,
9558,972,19,2,-5.558613300323486,-0.008280658721923828,0.025061044692993164,True,963,-0.01832355499267578,-0.0014180183410644532,0.016436166763305664
9558,1779,35,2,-4.94875431060791,-0.036444878578186034,0.003791141510009766,False,-1,,,
9562,1777,35,6,-4.525798797607422,0.023718109130859377,0.006836023330688477,True,-1,,,
9567,234,4,17,-2.6301772594451904,0.017272243499755858,-0.015350699424743652,False,-1,,,
9567,274,5,3,-3.4439666271209717,-0.014612231254577637,-0.02176513195037842,False,-1,,,
9567,653,13,12,-3.397075891494751,-0.051993101835250854,-0.01744819164276123,False,-1,,,
9572,202,4,16,-5.071939468383789,-0.03587344169616699,-0.010797529220581055,False,-1,,,
9576,1274,25,12,-4.817788600921631,0.010053443908691406,-0.019945526123046876,True,-1,,,
9581,1449,28,17,-5.9742536544799805,-0.006364622116088867,0.01221531867980957,True,-1,,,
9581,2088,41,21,-4.669887065887451,0.024433107376098634,-0.014772510528564453,True,-1,,,
9585,248,4,2,-4.762076377868652,-0.001728506088256836,-0.021471233367919923,False,-1,,,
9585,2415,48,2,-3.3448240756988525,-0.024687089920043946,-0.03868581295013428,False,-1,,,
9593,823,16,16,-5.395702362060547,0.005692129135131836,-0.010078706741333009,True,-1,,,
9594,196,3,20,-5.524643421173096,-0.0634481954574585,0.01037877082824707,False,-1,,,
9597,1260,25,10,-4.634314060211182,0.026798791885375976,-0.012733278274536132,True,1290,0.024458255767822266,-0.014030466079711914,-0.0010433483123779286
9598,1107,22,6,-0.3289777338504791,0.0057661932706832885,-0.021393439173698424,False,-1,,,
9600,2056,41,11,-2.882169008255005,0.04002994060516357,0.009952597618103028,False,-1,,,
9603,21,0,2,-2.852097988128662,-0.03930733799934387,0.03454041242599487,False,-1,,,
9603,276,5,3,-5.9742536544799805,-0.01754876136779785,0.0,True,-1,,,
9603,280,5,2,-2.8371050357818604,0.020171504020690918,-0.005682530403137207,False,-1,,,
9603,1924,38,2,-2.7327284812927246,-0.04108831286430359,-0.020382204055786134,False,-1,,,
9603,2266,45,15,-5.9742536544799805,-0.04543607711791992,0.007524824142456055,True,-1,,,
9603,2305,46,2,-5.74570369720459,0.0045709991455078125,0.0041557693481445316,True,2310,-0.01703137397766113,0.016145048141479493,-0.03359165191650391
9608,1984,39,3,-5.752753734588623,-0.0014241409301757812,0.007084121704101562,True,1986,-0.008107376098632813,-0.006540098190307617,0.006940984725952147
9609,2212,44,10,-5.221108436584473,-0.04713071823120117,-0.015062904357910157,False,-1,,,
9613,1403,28,2,-5.969376564025879,-0.017384490966796874,0.012281808853149414,True,-1,,,
9613,1990,39,2,-4.986542701721191,0.01975421905517578,-0.00010987281799316406,True,-1,,,
9616,1823,36,17,-4.768186092376709,0.02412135124206543,-0.00832951545715332,True,-1,,,
9618,478,9,19,-5.637279510498047,-0.0975470221042633,-0.0067394828796386716,False,-1,,,
9624,14,0,13,-4.939577102661133,-0.030927305221557618,-0.0001738452911376953,False,-1,,,
9625,710,14,2,-4.966033458709717,0.01772641181945801,-0.004786224365234375,False,708,0.013749704360961915,-0.006837377548217774,-0.0019255542755126955
9625,1301,26,2,-0.7800619602203369,0.022425882816314698,-0.011839148998260498,False,-1,,,
9631,1240,24,2,-5.633188247680664,-0.026013612747192383,-0.003961925506591797,True,-1,,,
9631,1682,33,2,-5.8198065757751465,-0.009978561401367188,0.011587572097778321,False,-1,,,
9631,2324,46,2,-5.746135234832764,-0.008483409881591797,0.00034949302673339846,True,2334,-0.02237971305847168,0.007214479446411133,-0.020761289596557618
9631,2449,48,2,-4.340466022491455,0.021154193878173827,0.02490621566772461,False,-1,,,
9633,891,17,21,-5.386393070220947,-0.05190696239471435,-0.011757211685180664,False,-1,,,
9633,2407,48,3,-5.898439884185791,-0.04029421329498291,0.02192770004272461,True,-1,,,
9636,1314,26,4,-5.9742536544799805,-0.028439960479736327,0.0008472728729248046,True,-1,,,
9636,2475,49,12,-2.1101648807525635,0.0216414213180542,-0.02130911350250244,False,-1,,,
9638,2329,46,3,-3.1793715953826904,-0.005235166549682617,-0.006671156883239746,False,-1,,,
9640,974,19,2,-2.147972583770752,0.015334138870239258,-0.011263909339904786,False,-1,,,
9640,1831,36,2,-3.493582248687744,0.02104872703552246,-0.028524351119995118,False,-1,,,
9646,1657,33,5,-4.6672773361206055,0.015328168869018555,-0.002205476760864258,True,-1,,,
9648,1953,39,2,-5.487730979919434,-0.012839517593383788,-0.005741491317749024,False,1986,-0.013980388641357422,-0.005604248046875,-0.0012781143188476578
9648,2303,46,2,-5.8595757484436035,-0.00032973289489746094,-0.002293558120727539,True,2323,-0.014319372177124024,0.0037714290618896485,-0.020054626464843753
9650,2376,47,16,-5.9742536544799805,-0.017976016998291017,0.0019122886657714844,True,-1,,,
9652,1440,28,2,-5.110516548156738,0.017274742126464845,0.012919635772705078,True,-1,,,
9652,2315,46,2,-5.458496570587158,-0.010443458557128906,0.004832916259765625,False,2331,0.006861505508422852,0.0064031887054443355,0.015734691619873047
9654,2338,46,2,-4.268862247467041,0.011135988235473633,0.010586810111999512,False,2301,-0.0046167469024658205,0.021208467483520507,-0.026374392509460446
9654,2416,48,2,-4.875151634216309,0.021681041717529298,-0.004684677124023437,True,-1,,,
9657,1290,25,2,-4.494688510894775,0.0006491661071777344,0.013609824180603027,False,-1,,,
9657,1767,35,2,-3.8496227264404297,-0.02088202953338623,0.033241195678710936,False,-1,,,
9658,1848,36,9,-3.9804296493530273,-0.04289236307144165,-0.022505388259887696,False,-1,,,
9662,77,1,4,-1.4598571062088013,0.009249064922332764,0.0039034652709960937,False,-1,,,
9663,511,10,7,-1.2944749593734741,-0.005256493091583252,-0.014338691234588623,False,-1,,,
9671,1759,35,14,-4.868097305297852,0.022123126983642577,0.001169443130493164,True,1791,0.01989238739013672,-0.014835691452026368,0.013774394989013672
9675,1884,37,3,-2.696685791015625,-0.002596330642700195,0.020756707191467286,False,-1,,,
9676,2010,40,7,-4.4915056228637695,0.01748715400695801,0.012535085678100586,True,-1,,,
9678,949,18,11,-5.899412631988525,0.0014968204498291015,-0.0014968204498291015,True,929,-0.001073751449584961,-0.0029594230651855467,-0.0011079692840576174
9680,214,4,2,-5.589303493499756,-0.005890264511108399,0.003248929977416992,True,-1,,,
9680,2327,46,2,-2.795060873031616,0.0022861289978027342,0.004190707206726074,False,2317,-0.005085163116455078,0.005131297111511231,-0.00831188201904297
9682,215,4,20,-4.158333778381348,0.03352932929992676,-0.011637430191040039,True,-1,,,
9682,293,5,17,-4.760749340057373,0.024270086288452147,-0.007167997360229492,True,-1,,,
9683,2121,42,7,-4.2327561378479,-0.05374189138412475,-0.018248653411865233,False,-1,,,
9685,1482,29,14,-3.568821668624878,-0.06194272875785828,-0.012252259254455566,False,-1,,,
9689,125,2,13,-3.892305850982666,0.039785842895507816,-0.01950037956237793,True,-1,,,
9689,1575,31,11,-2.1268701553344727,0.011058592796325683,-0.029392170906066894,False,-1,,,
9690,804,16,2,-1.9981344938278198,-0.006309099197387695,-0.0006945538520812988,False,-1,,,
9690,1107,22,2,-2.4411072731018066,-0.028383145332336424,-0.02831437110900879,False,-1,,,
9691,1050,21,14,-4.261974811553955,-0.06416889190673829,-0.01732067108154297,False,-1,,,
9691,2165,43,13,-5.9742536544799805,-0.004296693801879883,0.01795365333557129,True,-1,,,
9697,281,5,2,-5.610179424285889,-0.04395622730255127,-0.002122640609741211,False,-1,,,
9697,2305,46,2,-5.96818733215332,-0.00950927734375,0.0020826244354248047,True,2333,-0.008864669799804688,0.0032868576049804687,-0.0005596256256103511
9705,686,13,20,-5.9742536544799805,-0.04572024822235107,0.006166973114013672,True,-1,,,
9706,699,13,19,-3.6569292545318604,-0.02962998390197754,-0.046346487998962405,False,-1,,,
9707,703,14,2,-3.7455050945281982,0.007885375022888184,-0.03848294734954834,False,-1,,,
9707,1369,27,2,-5.915745258331299,-0.0070301246643066405,0.0067759895324707034,True,-1,,,
9712,256,5,15,-3.03169584274292,0.021758289337158204,0.01072965145111084,False,-1,,,
9712,992,19,2,-4.457581996917725,0.020886325836181642,0.0064068603515625,True,-1,,,
9712,2249,44,2,-4.239164352416992,-0.01338000774383545,-0.006986217498779297,False,-1,,,
9722,1413,28,2,-2.6520802974700928,-0.0019963598251342774,0.0011286401748657226,False,-1,,,
9722,1926,38,2,-1.4324448108673096,-0.010522745847702027,-0.018993282318115236,False,-1,,,
9729,2246,44,12,-5.741279602050781,-0.014533071517944337,-0.0025269126892089842,True,2216,-0.0297569465637207,-0.0035837364196777345,-0.014167051315307615
9730,767,15,3,-3.205233097076416,-0.016840906143188478,-0.05455986022949219,False,-1,,,
9733,775,15,6,-5.366087436676025,0.012163324356079102,-0.0007439231872558593,True,-1,,,
9739,1036,20,10,-2.8830249309539795,-0.02804022789001465,-0.05440976619720459,False,-1,,,
9740,951,19,2,-2.035905599594116,0.01757461071014404,-0.01926908016204834,False,-1,,,
9740,2289,45,2,-1.8082932233810425,-0.021403104066848755,0.016324530839920044,False,-1,,,
9744,990,19,2,-5.458317279815674,0.004351682662963867,0.01963519096374512,True,963,0.0010835933685302735,-0.005395698547363281,0.02176280021667481
9744,1749,34,11,-4.051617622375488,0.03203042984008789,-0.009922151565551757,True,-1,,,
9744,2317,46,2,-2.740607500076294,0.00590301513671875,0.002745261192321777,False,-1,,,
9749,1038,20,18,-5.912784576416016,-0.001533651351928711,0.010695209503173828,True,1043,-0.0026526546478271486,0.017067708969116212,-0.007491502761840824
9751,966,19,2,-4.65257453918457,-0.011376848220825195,-0.01352437973022461,False,-1,,,
9751,2325,46,2,-5.421142101287842,-0.007118406295776367,-0.0073908805847167965,False,2323,0.004244613647460938,-0.005546998977661133,0.009519138336181641
9758,980,19,2,-3.398144245147705,-0.01505739688873291,-0.030835609436035156,False,955,-0.0193473482131958,-0.01956434726715088,-0.015561213493347166
9758,2353,47,2,-4.9289422035217285,-0.018615641593933106,-0.017035484313964844,False,-1,,,
9764,278,5,3,-2.4381520748138428,0.004918670654296875,0.013160996437072754,False,285,-0.0008452606201171875,0.006925668716430664,0.0004713964462280274
9766,708,14,19,-3.5842764377593994,0.042425103187561035,0.006080913543701172,True,-1,,,
9767,929,18,14,-5.570798397064209,0.007225103378295898,-0.005801687240600586,True,-1,,,
9773,2309,46,3,-1.4108723402023315,0.007184941768646241,0.0018120431900024415,False,-1,,,
9788,968,19,2,-3.3480124473571777,-0.008767652511596679,-0.007721614837646484,False,-1,,,
9788,1301,26,2,-5.111466407775879,-0.06151798725128174,-0.002159290313720703,False,-1,,,
9794,1280,25,7,-2.4928295612335205,0.028693881034851074,-0.030131144523620604,False,-1,,,
9802,885,17,13,-1.3686062097549438,-0.013922672271728515,-0.02501288175582886,False,-1,,,
9808,2416,48,3,-5.9742536544799805,-0.00777461051940918,0.003514556884765625,True,-1,,,
9810,1016,20,13,-4.843822002410889,0.016586742401123046,-0.020910005569458007,True,-1,,,
9812,420,8,13,-5.626408100128174,-0.07650965213775635,-0.006956911087036133,True,-1,,,
9815,2415,48,13,-5.954659938812256,-0.002348909378051758,-0.00021039009094238283,True,-1,,,
9817,735,14,3,-5.4944000244140625,-0.026363658905029296,0.004536075592041016,False,-1,,,
9819,199,3,12,-3.9890377521514893,0.01563427448272705,-0.008878741264343262,True,-1,,,
9821,1043,20,7,-5.5746588706970215,2.9125213623046874e-05,0.0076363754272460935,True,-1,,,
9822,2139,42,2,-4.052526950836182,-0.01967543125152588,0.02205270767211914,False,-1,,,
9822,2421,48,2,-5.73892068862915,-0.01004145622253418,0.02424933433532715,True,-1,,,
9823,638,12,2,-2.46176815032959,-0.009876372814178467,-0.058321905136108396,False,-1,,,
9823,2348,46,2,-5.882122039794922,-0.003130474090576172,-0.00012000083923339844,True,2334,-0.011675052642822266,0.008809185028076172,-0.017473764419555664
9825,231,4,2,-5.2155537605285645,-0.014728107452392579,0.0008009529113769531,False,-1,,,
9825,951,19,2,-4.4232306480407715,-0.042005119323730467,-0.030186262130737305,False,972,-0.020146942138671874,-0.010054759979248047,0.0017266750335693352
9831,2069,41,8,-5.94094181060791,-0.018936634063720703,0.025666656494140624,True,-1,,,
9836,1567,31,3,-5.833566188812256,0.0012128162384033203,0.06186836242675781,True,-1,,,
9839,109,2,2,-2.097785234451294,0.014832706451416015,0.017568118572235107,False,-1,,,
9839,1290,25,2,-5.821147441864014,-0.026468238830566405,0.03630213737487793,False,-1,,,
9852,2062,41,2,-4.330602169036865,-0.006350564956665039,-0.022784109115600585,False,2063,-0.028725061416625976,-0.03105320930480957,-0.014105396270751951
9852,2216,44,2,-4.376176834106445,0.0319615364074707,-0.024231557846069337,True,-1,,,
9858,974,19,2,-4.011439323425293,-0.016107649803161622,0.0072802209854125974,False,972,-0.0015592765808105469,-0.02408604621887207,0.04591464042663574
9858,1292,25,2,-0.5458254218101501,0.01913565754890442,-0.007088916301727295,False,-1,,,
9859,86,1,15,-2.78950834274292,-0.03473973274230957,0.00504274845123291,False,77,-0.0027557659149169923,-0.020408835411071777,0.057435550689697266
9862,262,5,15,-5.301564693450928,-0.0051729965209960935,-0.008789358139038085,True,-1,,,
9863,214,4,14,-5.167230129241943,0.014431180953979493,-0.016027584075927734,True,-1,,,
9865,560,11,8,-4.620907306671143,0.003868083953857422,-0.011947393417358398,True,-1,,,
9868,2407,48,18,-4.700233459472656,0.021872282028198242,-0.017833614349365236,True,-1,,,
9871,50,1,2,-5.9742536544799805,-0.00954136848449707,0.0007620429992675781,True,-1,,,
9871,2245,44,2,-5.9742536544799805,-0.021672792434692383,0.0022722530364990235,True,-1,,,
9874,282,5,2,-5.267330169677734,-0.012279958724975585,0.01143448829650879,False,-1,,,
9874,2308,46,2,-5.624231338500977,0.006245946884155274,-0.001737833023071289,True,2338,-0.005765495300292969,0.0003362846374511719,-0.014085559844970704
9876,1829,36,13,-4.988433837890625,0.01971639633178711,-0.013805665969848634,True,1831,-0.0066887283325195316,-0.00046427726745605467,-0.03974651336669922
9879,459,9,18,-1.2420998811721802,0.03105353593826294,0.013985100984573364,False,-1,,,
9883,231,4,2,-5.1432647705078125,-0.0026668548583984376,0.005367193222045898,False,-1,,,
9883,285,5,2,-1.4621119499206543,-0.008815193176269531,0.004529528617858887,False,-1,,,
9883,955,19,2,-5.894798278808594,0.0012751007080078125,0.025278024673461914,True,963,0.0006496143341064453,0.009112348556518554,0.015540189743041992
9883,987,19,2,-2.107235908508301,-0.015300245285034179,-0.0059459638595581055,False,965,0.014592857360839843,-0.01108060359954834,0.03502774238586426
9885,804,16,16,-5.7767109870910645,-0.025054311752319335,0.015252914428710938,True,-1,,,
9888,200,4,2,-1.4848942756652832,0.009251618385314941,0.0013575243949890136,False,-1,,,
9888,2327,46,2,-2.181856393814087,0.0012160539627075195,0.0035440874099731444,False,-1,,,
9893,563,11,18,-5.794606685638428,-0.08019252300262451,0.023770055770874023,False,-1,,,
9895,2249,44,2,-5.806480407714844,-0.028095407485961912,0.0005665969848632813,True,-1,,,
9895,2334,46,2,-5.784209251403809,-0.004503297805786133,0.003589468002319336,True,2323,-0.003899364471435547,-0.001738128662109375,0.005931529998779298
9895,2395,47,12,-5.010923385620117,-0.04597688674926758,0.005241937637329101,True,-1,,,
9896,1453,29,14,-1.7535438537597656,0.013276786804199218,-0.04162895679473877,False,-1,,,
9897,381,7,22,-3.6612377166748047,-0.05499706625938416,-0.026605329513549804,False,-1,,,
9899,1986,39,14,-5.383514404296875,0.01181478500366211,-0.002761669158935547,True,-1,,,
9902,257,5,2,-4.844648361206055,-0.014912910461425781,-0.020365381240844728,False,274,-0.01006561279296875,-0.022345361709594728,0.006827278137207031
9902,951,19,2,-5.9742536544799805,-0.0017321205139160156,0.010964956283569336,True,963,-0.011380252838134765,0.013768978118896484,-0.012452154159545896
9913,990,19,2,-2.786646604537964,0.016661629676818848,-0.012547011375427247,False,-1,,,
9913,1191,23,13,-5.918117523193359,-0.01823192596435547,0.04633333683013916,True,-1,,,
9913,1762,35,2,-5.669920921325684,-0.006895151138305664,0.00417454719543457,True,-1,,,
9913,2225,44,2,-5.410135269165039,0.008473472595214844,-0.0031406116485595704,True,-1,,,
9913,2320,46,2,-2.74755597114563,-0.013550271987915039,0.007157902717590332,False,-1,,,
9916,1665,33,2,-2.1899099349975586,-0.00841667652130127,-0.01597332000732422,False,-1,,,
9916,1973,39,2,-0.5449866652488708,0.007154812812805176,-0.013036340475082397,False,-1,,,
9917,974,19,2,-3.7458407878875732,0.0014067220687866212,-0.0012015533447265626,False,-1,,,
9917,1139,22,2,-0.8327030539512634,0.008387640714645386,-0.03270743012428284,False,-1,,,
9919,2030,40,3,-4.523349761962891,0.026618919372558593,-0.017760210037231446,True,-1,,,
9924,1223,24,2,-3.8151369094848633,-0.023461627960205077,0.014660496711730957,False,-1,,,
9924,1345,26,2,-4.4927802085876465,-0.06416784524917603,-0.021002540588378905,False,-1,,,
9924,1852,37,12,-2.123371124267578,-0.0023241758346557615,-0.015547022819519044,False,-1,,,
9927,1926,38,3,-3.2844271659851074,0.014079527854919434,-0.018339500427246094,False,-1,,,
9930,1831,36,6,-5.740501403808594,-0.005281276702880859,0.034802608489990235,True,-1,,,
9930,2063,41,17,-4.15339469909668,0.014379539489746095,-0.0064548301696777345,True,-1,,,
9935,1730,34,15,-3.402966260910034,-0.04464389085769653,-0.018886361122131348,False,-1,,,
9935,1842,36,2,-0.5583669543266296,0.0055722248554229735,0.002801865339279175,False,-1,,,
9935,2309,46,2,-0.5688751339912415,0.003336261510848999,-0.005792139768600464,False,-1,,,
9943,638,12,18,-5.9742536544799805,-0.0038002872467041014,0.007288484573364258,True,-1,,,
9949,555,11,2,-3.7391250133514404,-0.03339465618133545,0.013937597274780273,False,-1,,,
9949,737,14,2,-2.043475866317749,-0.01587867259979248,-0.014829378128051757,False,-1,,,
9951,2289,45,18,-5.440719127655029,0.010670690536499024,0.02971992015838623,True,-1,,,
9965,963,19,2,-4.65121603012085,0.009104652404785156,0.004074878692626953,False,964,0.023589792251586913,0.012637481689453126,0.005922536849975584
9965,2336,46,2,-5.73701810836792,0.0010755443572998047,0.010315494537353516,False,2338,0.004648151397705078,0.0031572723388671874,0.010730829238891602
9973,2317,46,23,-4.172912120819092,0.035190553665161134,-0.006267547607421875,True,2331,0.034463024139404295,-0.00963088035583496,0.0026358032226562467
9974,710,14,3,-5.903624534606934,-0.012744979858398437,0.019393653869628907,True,-1,,,
9982,77,1,11,-5.9742536544799805,-0.02897390365600586,0.0024702930450439453,True,-1,,,
9984,1574,31,2,-5.206074237823486,-0.05019526481628418,-0.004532346725463867,False,-1,,,
9984,1769,35,2,-4.340975284576416,-0.023372678756713866,-0.02387301445007324,False,-1,,,
9986,1345,26,2,-5.3848090171813965,0.004249048233032226,0.021433982849121094,True,-1,,,
9986,2323,46,2,-5.717292785644531,0.0031336688995361327,0.008237686157226563,True,2310,-0.007265977859497071,0.010581693649291991,-0.012743654251098632
9987,1107,22,19,-5.9742536544799805,-0.0038242721557617187,0.014793205261230468,True,-1,,,
9991,297,5,7,-2.613518238067627,-0.005596914291381836,0.00029677867889404296,False,-1,,,
9991,659,13,7,-3.4837634563446045,-0.02267728328704834,-0.019978556632995605,False,-1,,,
9995,274,5,2,-5.916069030761719,-0.0026595497131347654,-0.0005925273895263671,True,-1,,,
9995,1791,35,2,-5.248677730560303,0.0009760093688964843,0.008999300003051759,False,-1,,,
9995,1976,39,2,-5.610674858093262,0.007271575927734375,-0.007271575927734375,True,-1,,,
9995,2345,46,2,-4.8298187255859375,0.02288869857788086,-0.015760116577148438,True,2340,0.016767816543579103,-0.023244400024414063,0.0013634014129638716
10004,109,2,18,-5.201364517211914,-0.05225066184997559,-0.015235176086425781,False,-1,,,
10004,1548,30,15,-4.920357704162598,-0.0233150053024292,-0.021077919006347656,False,-1,,,
10019,402,8,15,-5.9742536544799805,-0.0017175674438476562,0.0,True,-1,,,
10025,1223,24,3,-3.501028060913086,-0.007516603469848632,-0.00892296314239502,False,-1,,,
10030,1503,30,11,-4.505495071411133,-0.05072786808013916,-0.02890134811401367,False,-1,,,
10033,653,13,14,-5.9742536544799805,-0.04210326194763184,0.01727726936340332,True,-1,,,
10039,537,10,2,-5.7527546882629395,-0.018726558685302735,0.005852584838867188,True,-1,,,
10039,1324,26,2,-3.6276166439056396,0.010043387413024902,-0.046932740211486815,False,-1,,,
10045,276,5,2,-4.673920631408691,0.010784740447998048,-0.001995716094970703,True,254,0.012658309936523438,0.027852654457092285,-0.0279748010635376
10045,2449,48,2,-4.088365077972412,-0.012274112701416016,0.017786073684692382,False,2445,0.03609172821044922,-0.0011933422088623046,0.06734525680541992
10050,2487,49,19,-4.13758659362793,-0.03836749076843262,-0.007289009094238281,False,-1,,,
10057,2226,44,3,-3.669125556945801,-0.04555171251296997,-0.03198649406433105,False,-1,,,
10059,21,0,17,-5.138226509094238,0.008236637115478515,-0.013124561309814453,True,-1,,,
10064,200,4,2,-1.5559979677200317,0.019405415058135988,-0.003636512756347656,False,-1,,,
10064,2301,46,2,-3.548190116882324,-0.016517653465270996,-0.003745770454406738,False,-1,,,
10067,1973,39,16,-3.0104739665985107,-0.03133080244064331,0.004501471519470215,False,-1,,,
10070,643,12,8,-3.684741735458374,-0.030831208229064943,-0.03771267414093018,False,-1,,,
10071,283,5,18,-4.387348651885986,0.03161255836486816,-0.015597915649414063,True,254,0.032424392700195315,-0.005696992874145507,-0.009089088439941405
10071,2056,41,12,-4.964498996734619,0.010644140243530274,-0.018034801483154297,True,-1,,,
10077,1567,31,16,-5.181312084197998,-0.04686091423034668,0.01435460090637207,False,-1,,,
10082,1290,25,24,-5.782256603240967,-0.0192353630065918,-0.0007538032531738281,True,-1,,,
10082,1467,29,13,-2.9169700145721436,-0.04200341939926147,-0.03928011417388916,False,-1,,,
10093,2250,45,4,-2.4311790466308594,-0.02986133933067322,-0.0017680215835571289,False,-1,,,
10095,2225,44,3,-5.4302978515625,0.01087911605834961,-0.0058688831329345706,True,-1,,,
10096,1139,22,2,-5.061558246612549,0.018253908157348633,0.020615367889404296,True,-1,,,
10096,2353,47,2,-2.9474055767059326,0.02230165958404541,-0.006879076957702636,False,-1,,,
10098,1635,32,19,-4.230352878570557,-0.05176131248474121,-0.023625850677490234,False,-1,,,
10099,128,2,12,-2.125812292098999,0.022282180786132814,-0.022243704795837402,False,-1,,,
10107,220,4,4,-4.067781925201416,-0.010443840026855469,-0.027754764556884765,False,217,0.030430622100830078,-0.03184724807739258,0.04496694564819336
10111,674,13,2,-2.975501298904419,0.013431186676025391,-0.026331191062927247,False,-1,,,
10111,1682,33,2,-4.666088104248047,0.023527603149414062,-0.02139348030090332,True,-1,,,
10114,1292,25,2,-3.73708176612854,-0.04479341268539429,0.020966382026672364,False,-1,,,
10114,2329,46,2,-4.569148540496826,0.018143091201782226,-0.02049030303955078,False,2305,-0.0004601764678955078,0.0017638206481933594,-0.04085739135742188
10115,146,2,2,-2.7616324424743652,0.010662741661071777,-0.01705434322357178,False,-1,,,
10115,955,19,2,-5.226924419403076,0.00136199951171875,-0.008023042678833008,False,968,-0.01765841484069824,-0.009981775283813476,-0.017061681747436525
10116,52,1,2,-5.29339599609375,0.010635576248168944,0.010713577270507812,True,-1,,,
10116,877,17,2,-1.0861170291900635,-0.0031026506423950193,-0.04547969341278076,False,-1,,,
10116,1250,25,17,-4.118895053863525,0.027709579467773436,0.005635542869567871,True,-1,,,
10116,1668,33,2,-4.164900302886963,-0.008760890960693359,0.007900667190551759,False,-1,,,
10116,2345,46,2,-5.926202774047852,-0.012633047103881835,0.0018776512145996093,True,2338,-0.00523672103881836,0.004653530120849609,0.004620447158813476
10117,732,14,2,-5.614681243896484,-0.012038440704345703,0.0037147998809814453,False,701,0.007797250747680664,-0.0034089756011962892,0.026959466934204104
10117,1762,35,2,-5.9742536544799805,-0.012708396911621093,0.0,True,-1,,,
10120,13,0,7,-4.578023910522461,-0.02587334632873535,-0.027924594879150392,False,-1,,,
10120,978,19,2,-5.712535858154297,0.004148540496826172,0.010232868194580079,True,989,-0.012601938247680664,-7.302284240722656e-05,-0.0064445877075195316
10120,1581,31,2,-4.828277111053467,0.0167376708984375,0.008326787948608399,True,-1,,,
10129,974,19,17,-3.4233949184417725,0.03116610050201416,0.008137307167053222,False,-1,,,
10129,1779,35,3,-5.947096347808838,0.0005431461334228515,0.0014676189422607423,True,-1,,,
10131,107,2,2,-0.6937385201454163,0.0026792585849761963,0.0070011186599731445,False,-1,,,
10131,1348,26,2,-1.6227813959121704,-0.017238261699676512,0.00947072982788086,False,-1,,,
10134,1413,28,16,-2.4418230056762695,0.04740105628967285,0.007660455703735351,False,-1,,,
10136,282,5,2,-4.955466270446777,0.018829717636108398,0.01777787208557129,True,257,-0.005402946472167968,-0.0028655338287353516,-0.003589258193969725
10136,992,19,2,-5.490627765655518,-0.0010565567016601564,0.0031025123596191404,True,980,-0.004830741882324218,-0.009264535903930664,0.008592863082885743
10142,97,1,19,-1.3263546228408813,0.019297921657562257,-0.01002131462097168,False,-1,,,
10143,767,15,4,-5.094846248626709,0.011675443649291992,0.022793426513671874,True,-1,,,
10147,1340,26,3,-3.741572618484497,0.009587998390197755,-0.020076699256896972,False,-1,,,
10150,972,19,20,-4.549358367919922,0.028497905731201173,-0.019466638565063477,True,968,0.013093576431274415,-0.025599212646484376,-0.009271755218505859
10154,970,19,2,-5.371181011199951,-0.02496967315673828,-0.01203059196472168,False,989,-0.001984691619873047,-0.007797164916992188,0.018751554489135742
10154,1852,37,14,-5.868836402893066,-0.05475512504577637,0.01334010124206543,True,-1,,,
10154,2449,48,2,-4.45247220993042,-0.029897027015686035,0.034607739448547364,False,2408,-0.014361352920532226,-0.02654202461242676,0.07668543815612792
10158,1418,28,10,-5.9742536544799805,-0.039542222023010255,0.008869495391845703,True,-1,,,
10159,2219,44,9,-4.601003170013428,-0.049253811836242674,-0.005647134780883789,False,2249,3.2520294189453126e-05,-0.02377619743347168,0.06741539478302003
10164,2380,47,15,-4.006740093231201,0.039350271224975586,0.03466801643371582,True,-1,,,
10166,459,9,8,-2.823058843612671,0.01971818447113037,-0.032294211387634275,False,-1,,,
10167,302,6,19,-5.03780460357666,0.014174871444702149,0.005724391937255859,True,-1,,,
10169,1000,20,2,-5.734196186065674,0.00029364585876464846,0.008020601272583007,True,-1,,,
10169,2308,46,2,-5.468860626220703,0.005645332336425782,-0.0025620269775390625,True,2334,0.005191421508789063,0.0018938827514648439,-0.004909820556640626
10174,2234,44,2,-5.337107181549072,-0.023300895690917967,0.007618780136108398,False,2226,0.004403333663940429,0.02263787269592285,0.012685136795043944
10174,2305,46,2,-4.266391277313232,0.012268543243408203,-0.0020816612243652346,False,2333,0.020333223342895508,-0.005629339218139648,0.01161235809326172
10175,796,15,20,-3.178368091583252,-0.0530072033405304,-0.0010774660110473633,False,-1,,,
10176,254,5,2,-4.3492231369018555,0.001504373550415039,-0.014677743911743164,False,-1,,,
10176,964,19,2,-5.86135196685791,-0.020791311264038086,-0.002258033752441406,True,968,-0.024608078002929686,0.002831172943115234,-0.008905973434448242
10177,1490,29,10,-4.136989116668701,-0.038962173461914065,-0.024480886459350586,False,-1,,,
10179,1165,23,13,-4.7977447509765625,0.021224260330200195,0.003344259262084961,True,-1,,,
10181,2286,45,3,-3.263901472091675,-0.014157853126525878,0.00927459716796875,False,-1,,,
10191,219,4,17,-4.84559440612793,0.02055671691894531,0.008097953796386718,True,-1,,,
10195,1304,26,2,-5.411005973815918,0.009997692108154297,0.0016339683532714843,True,-1,,,
10195,1408,28,2,-3.560197591781616,-0.007394881248474121,-0.021517090797424317,False,-1,,,
10195,2348,46,10,-4.116891384124756,0.03256499290466309,-0.023753089904785155,False,2326,0.017605609893798828,-0.0024667644500732423,-0.036245708465576176
10198,980,19,2,-5.9742536544799805,-0.010933694839477539,0.00022554397583007812,True,951,-0.0008915042877197265,0.0,0.01026773452758789
10198,1240,24,2,-1.6664797067642212,-0.011410627365112305,-0.025297744274139403,False,-1,,,
10201,122,2,10,-5.9742536544799805,-0.017741870880126954,0.00971282958984375,True,-1,,,
10206,1574,31,18,-2.84759783744812,0.039994616508483884,-0.02082473278045654,True,-1,,,
10211,279,5,2,-3.8512184619903564,-0.013036980628967285,-0.030192770957946778,False,-1,,,
10211,1348,26,2,-1.7424423694610596,-0.008947217464447021,-0.0473154878616333,False,-1,,,
10213,999,19,2,-2.8625736236572266,-0.02574716567993164,-0.03457592010498047,False,-1,,,
10213,2322,46,2,-5.011801242828369,0.002968502044677734,-0.0031179332733154296,False,2333,-0.010524024963378906,-0.003418254852294922,-0.013192205429077147
10213,2338,46,6,-4.902719497680664,0.015434246063232421,0.013040933609008789,True,2333,-0.010524024963378906,-0.003418254852294922,-0.009499082565307616
10217,281,5,3,-5.167694568634033,0.016131181716918946,-0.014188556671142579,True,257,-0.005258302688598632,-0.01629535675048828,-0.01928268432617188
10228,1941,38,2,-4.623202800750732,0.018909444808959962,0.00012237548828125,True,-1,,,
10228,2329,46,2,-4.125681400299072,0.035501470565795896,0.005595407485961914,True,2333,0.000940256118774414,-0.011657371520996093,-0.017308435440063476
10232,63,1,4,-4.815779209136963,-0.004698753356933594,-0.010514326095581054,False,-1,,,
10238,770,15,8,-3.8668689727783203,-0.03982088088989258,-0.0038478565216064453,False,-1,,,
10238,1292,25,2,-4.256187438964844,-0.020062031745910643,-0.013862237930297852,False,-1,,,
10238,2320,46,2,-4.934795379638672,0.012341766357421876,0.004954919815063476,True,2340,0.012911663055419922,-0.004177932739257813,0.009702749252319336
10242,273,5,5,-4.66112756729126,0.025645055770874024,0.019301953315734862,True,250,-0.0064832973480224605,-0.003780784606933594,-0.009045615196228029
10242,666,13,22,-3.167433738708496,-0.058157788515090944,-0.00858621597290039,False,-1,,,
10248,899,17,2,-1.3093839883804321,0.02976130723953247,-0.00803705930709839,False,-1,,,
10248,1924,38,3,-5.9742536544799805,-0.0008084678649902344,0.021110448837280273,True,-1,,,
10248,2226,44,2,-4.450083255767822,0.0015666866302490234,0.009602575302124024,False,-1,,,
10251,746,14,14,-4.707670211791992,0.01307805061340332,-0.008283824920654296,True,701,0.02326963424682617,-0.01722883224487305,0.019136590957641603
10251,2429,48,9,-4.623192310333252,0.01020308494567871,0.0184285306930542,True,-1,,,
10255,40,0,20,-1.5705474615097046,0.018555772304534913,-0.07030772447586059,False,-1,,,
10257,621,12,2,-2.1192502975463867,-0.014121570587158204,-0.010582842826843263,False,-1,,,
10257,970,19,2,-5.349722385406494,0.006828346252441406,0.005944681167602539,True,-1,,,
10259,887,17,11,-0.39533254504203796,0.04385461390018463,-0.010701034665107727,False,-1,,,
10262,965,19,10,-5.588829040527344,0.007708492279052734,0.026206445693969727,True,989,-0.009396886825561524,-0.005518474578857422,0.014619541168212891
10263,2450,49,9,-4.748950481414795,-0.043732404708862305,-0.007793130874633789,False,-1,,,
10264,2142,42,3,-2.360992670059204,-0.015601425170898438,-0.005757226943969727,False,-1,,,
10266,558,11,17,-3.5201659202575684,-0.0458415412902832,0.01751655101776123,False,-1,,,
10276,708,14,5,-5.398573875427246,0.011513595581054687,-0.004235734939575195,True,-1,,,
10277,257,5,2,-5.759018898010254,-0.005683374404907226,0.041381216049194335,True,-1,,,
10277,1445,28,2,-5.079587936401367,0.004401369094848633,0.004535331726074219,True,-1,,,
10281,1968,39,2,-1.9889612197875977,0.009039773941040039,0.00994605541229248,False,-1,,,
10281,2250,45,2,-1.4571679830551147,-0.00462745189666748,-0.03676816701889038,False,-1,,,
10289,426,8,4,-1.4133985042572021,0.035067272186279294,-0.036456179618835446,False,-1,,,
10290,276,5,12,-4.661122798919678,0.022783632278442382,0.01950174808502197,True,-1,,,
10292,217,4,2,-5.454533576965332,-0.026968021392822266,0.0013958740234375,False,-1,,,
10292,2326,46,2,-4.285611629486084,-0.0006434822082519531,0.021668868064880373,False,2341,0.014456748962402344,0.0035921001434326173,0.033176999092102054
10294,1164,23,21,-5.370977401733398,-0.019431562423706056,-0.0020795154571533205,True,-1,,,
10294,2013,40,10,-2.528467893600464,-0.03420344471931457,0.02050525903701782,False,-1,,,
10297,280,5,2,-5.712269306182861,0.0030287742614746095,0.019560470581054687,True,-1,,,
10297,990,19,2,-4.823127269744873,0.023022527694702147,0.0016274738311767578,True,973,0.022007713317871092,-0.005454597473144532,0.006067256927490234
10300,251,5,13,-4.00784969329834,0.039306640625,0.0005602121353149414,True,-1,,,
10302,486,9,6,-1.950315237045288,-0.021436342000961305,-0.021196198463439942,False,-1,,,
10311,1775,35,2,-3.354637384414673,-0.03746728420257568,-0.013388667106628418,False,-1,,,
10311,2305,46,2,-3.7091405391693115,0.0035015153884887695,-0.010215020179748536,False,-1,,,
10316,2240,44,4,-2.265900135040283,0.04736452102661133,-0.015315237045288086,False,-1,,,
10321,220,4,2,-4.214770793914795,0.01652348518371582,-0.0023943519592285155,False,-1,,,
10321,250,5,2,-4.651335716247559,0.022239847183227537,-0.013323144912719726,False,-1,,,
10324,450,9,27,-3.707610845565796,0.03983273983001709,-0.030917706489562987,True,-1,,,
10324,1008,20,13,-2.0192391872406006,0.022406487464904784,-0.031494002342224124,False,-1,,,
10330,1314,26,21,-5.085556983947754,0.00777231216430664,0.002229347229003906,True,-1,,,
10330,1779,35,2,-4.479703903198242,-0.028355793952941896,-0.007732286453247071,False,1799,0.015287847518920898,-0.010404567718505859,0.04631592273712158
10330,2233,44,2,-1.7994812726974487,0.016200811862945558,-0.03387024641036987,False,-1,,,
10331,989,19,2,-5.5218729972839355,-0.011594104766845702,-0.0014197349548339844,True,951,-0.004004678726196289,-0.012353439331054688,0.018523130416870117
10331,1966,39,2,-4.843255996704102,-0.008576517105102538,0.0008500385284423829,False,-1,,,
10338,1665,33,4,-2.666020393371582,-0.024150404930114746,-0.01639350414276123,False,-1,,,
10338,2477,49,12,-2.7206504344940186,-0.04707353413105011,-0.0115614652633667,False,-1,,,
10339,533,10,3,-5.596802711486816,-0.09536922097206116,-0.0075490188598632815,True,-1,,,
10343,760,15,20,-3.493886947631836,0.02572970390319824,-0.019392385482788085,True,-1,,,
10348,2022,40,21,-3.8684749603271484,0.03265274047851562,-0.0013137388229370118,True,-1,,,
10349,238,4,2,-2.2717604637145996,0.013088369369506836,0.00019640445709228515,False,248,-0.000568232536315918,-0.03271439552307129,0.01925419807434082
10349,1973,39,2,-3.854046583175659,-0.009110255241394043,0.019221501350402834,False,-1,,,
10353,1445,28,25,-3.090055465698242,0.03486093521118164,0.005461792945861816,False,-1,,,
10353,2449,48,20,-3.5307860374450684,-0.03420729398727417,-0.020946435928344727,False,-1,,,
10359,1162,23,10,-3.4232850074768066,-0.054103180170059204,-0.005760126113891602,False,-1,,,
10362,899,17,13,-5.604495048522949,-0.017746753692626953,0.0057522296905517575,True,-1,,,
10363,1280,25,2,-2.9451119899749756,0.0073414468765258785,0.012348132133483887,False,-1,,,
10363,2408,48,2,-5.486203670501709,0.008091497421264648,0.0020840835571289064,True,2445,-0.010854320526123047,0.007689666748046875,-0.024551401138305663
10364,1742,34,7,-5.911456108093262,-0.009702110290527343,0.003526592254638672,True,-1,,,
10365,1976,39,8,-5.072805881500244,0.015530118942260742,-0.018028955459594726,True,1985,-0.012443037033081054,-0.016565160751342775,-0.029436950683593748
10366,1197,23,10,-3.100999593734741,0.04363863468170166,-0.05586938381195068,True,-1,,,
10376,956,19,2,-5.247045040130615,0.009443140029907227,-0.005912637710571289,True,980,-0.011972742080688476,0.005137739181518555,-0.032466259002685544
10376,2064,41,2,-4.344350337982178,0.002550153732299805,-0.027582931518554687,False,-1,,,
10379,968,19,5,-5.84915018081665,-0.0080155086517334,0.030569639205932617,True,951,-0.02105769157409668,0.013692312240600586,0.0038351440429687453
10382,200,4,4,-5.9742536544799805,-0.037209482192993165,0.018192548751831055,True,213,-0.03866293907165527,0.005541172027587891,0.011197919845581064
10386,1000,20,2,-3.9253921508789062,0.02113818168640137,0.03890021324157715,False,-1,,,
10386,2084,41,2,-5.513984203338623,-0.021008090972900392,-0.0014761829376220704,True,-1,,,
10387,504,10,17,-3.8826563358306885,-0.0513300633430481,-0.02105813503265381,False,-1,,,
10388,1013,20,5,-2.049398422241211,-0.002674133777618408,-0.0022936105728149415,False,-1,,,
10394,333,6,14,-5.924546241760254,-0.0340001106262207,0.006389179229736328,True,-1,,,
10401,1240,24,11,-5.062233924865723,-0.02383800983428955,-0.001506671905517578,False,-1,,,
10401,2226,44,2,-4.787685394287109,0.018198184967041016,-0.019957456588745117,False,2249,0.019789485931396483,0.012769432067871093,-0.03113558769226074
10401,2413,48,2,-2.271292209625244,0.001291661262512207,-0.057353544235229495,False,2425,0.021137957572937013,-0.022069997787475586,-0.015437250137329106
10408,107,2,2,-1.0346359014511108,-0.006521884202957153,-0.011780107021331787,False,-1,,,
10408,1036,20,2,-5.522334098815918,-0.02534761428833008,-0.003966464996337891,False,-1,,,
10414,217,4,4,-5.9742536544799805,-0.0034571266174316406,0.012788753509521484,True,-1,,,
10415,403,8,6,-5.9742536544799805,0.0,0.04967617511749268,True,-1,,,
10417,786,15,2,-1.0589945316314697,-0.005564302206039429,-0.024968852996826173,False,-1,,,
10417,1522,30,2,-2.917246103286743,-0.007486987113952637,-0.012456364631652832,False,-1,,,
10428,1345,26,6,-5.856323719024658,-0.03216057777404785,0.006591625213623047,True,-1,,,
10430,116,2,13,-3.517141103744507,0.01841550350189209,0.0008066654205322266,False,-1,,,
10433,2234,44,2,-4.381392478942871,-0.022619233131408692,-0.012380876541137696,False,2249,0.022553091049194337,-1.3418197631835938e-05,0.03280486583709717
10433,2320,46,2,-3.4301681518554688,0.0059333515167236325,-0.022699604034423827,False,2326,-0.008263797760009765,-0.0029253435134887697,-0.03397140979766845
10441,426,8,14,-4.803279876708984,0.021191473007202147,-0.011177148818969727,True,-1,,,
10447,490,9,7,-4.236495018005371,-0.04780696868896484,-0.006924028396606445,False,-1,,,
10448,999,19,11,-4.328130722045898,0.03225808143615723,-0.015590648651123046,True,980,0.016821937561035158,0.011972708702087402,-0.042999501228332515
10451,146,2,12,-3.2350451946258545,-0.011326618194580078,-0.04547004222869873,False,-1,,,
10455,2233,44,2,-5.545783996582031,-0.025511426925659178,-0.0020651149749755858,False,-1,,,
10455,2308,46,2,-5.088764667510986,0.003525867462158203,-0.002399406433105469,False,2323,0.007905817031860352,-0.007281475067138672,0.009262018203735352
10457,2337,46,16,-2.5200209617614746,0.013001928329467774,-0.009528536796569825,False,-1,,,
10458,990,19,4,-2.091749906539917,0.06286715984344482,-0.026292152404785156,False,-1,,,
10462,2470,49,8,-5.663000106811523,0.004723472595214844,-0.00018934249877929687,True,-1,,,
10465,701,14,2,-3.957899332046509,0.005926613807678223,-0.03613263607025147,False,-1,,,
10465,992,19,2,-5.9742536544799805,-0.004521121978759765,0.006111183166503906,True,951,-0.010189476013183594,0.018301334381103516,-0.017858505249023438
10466,944,18,10,-3.6086297035217285,-0.05668373465538025,-0.015448188781738282,False,-1,,,
10468,2142,42,3,-4.035245418548584,-0.012591848373413086,-0.03878016471862793,False,-1,,,
10469,1987,39,4,-5.610207557678223,0.0034472274780273436,0.011214027404785156,True,-1,,,
10475,1036,20,22,-4.251632213592529,0.023552894592285156,0.005601506233215332,True,-1,,,
10478,289,5,2,-4.470844268798828,-0.016390423774719238,-0.013891706466674805,False,-1,,,
10478,726,14,2,-4.326924800872803,-0.028098907470703125,-0.01982139587402344,False,-1,,,
10479,310,6,26,-0.6142120957374573,0.05581541419029236,-0.010441001653671265,False,-1,,,
10494,2270,45,4,-1.590588092803955,0.008715424537658691,-0.04159764766693115,False,-1,,,
10507,1779,35,14,-5.1263957023620605,0.013484630584716797,0.003167390823364258,True,-1,,,
10511,1280,25,3,-4.0696563720703125,0.0008398914337158204,-0.0016597366333007812,False,-1,,,
10512,1922,38,18,-4.755882263183594,-0.059682517051696776,0.0022865962982177735,False,-1,,,
10517,951,19,2,-5.1615214347839355,0.01072286605834961,-0.0025380134582519533,False,-1,,,
10517,2301,46,2,-5.630537033081055,-0.002025136947631836,-0.006206550598144531,False,2323,-0.02646552085876465,0.006329717636108398,-0.036976652145385744
10518,850,17,8,-0.6786856651306152,0.0027028906345367434,-0.03744638442993164,False,-1,,,
10519,1069,21,5,-3.855195999145508,-0.009961609840393066,-0.018089361190795898,True,-1,,,
10520,639,12,6,-1.877306580543518,0.002821366786956787,-0.06608420133590698,False,-1,,,
10523,1690,33,20,-1.114970088005066,0.03568681955337524,-0.0202160906791687,False,-1,,,
10535,1799,35,18,-4.260683536529541,0.03370168685913086,-0.002736492156982422,True,-1,,,
10537,1193,23,10,-2.731398344039917,-0.03143295288085937,-0.02743868350982666,False,-1,,,
10544,173,3,19,-5.913017272949219,-0.06545350074768067,-0.0012247276306152344,False,-1,,,
10551,213,4,17,-4.633957862854004,0.021346349716186524,0.005896501541137696,True,-1,,,
10553,773,15,11,-0.5566877722740173,0.02044967293739319,-0.0025477206707000735,False,-1,,,
10553,1687,33,2,-5.556914806365967,-0.003715667724609375,0.036067447662353515,True,-1,,,
10553,1968,39,9,-5.85137414932251,-0.0059906005859375,0.0010434627532958985,True,-1,,,
10553,2318,46,2,-3.429588556289673,0.02176659107208252,-0.008841514587402344,False,2341,0.007393808364868164,-0.019885311126708983,-0.0033289861679077146
10556,1985,39,2,-4.2909979820251465,0.015144643783569335,0.01172853946685791,False,-1,,,
10556,2250,45,2,-4.732975006103516,0.024534835815429687,0.00023766517639160157,True,-1,,,
10557,2249,44,15,-5.536342620849609,-0.006668243408203125,-0.0002088642120361328,True,-1,,,
10562,282,5,3,-5.60501766204834,0.007384719848632812,0.0034595298767089843,True,-1,,,
10563,1236,24,6,-5.336390972137451,-0.0017606449127197266,-0.0028462886810302736,True,-1,,,
10568,225,4,2,-3.514944314956665,-0.002576756477355957,-0.015726723670959473,False,-1,,,
10568,2413,48,2,-5.734884262084961,0.0008429431915283203,-0.0014426040649414063,True,2445,-0.02518768310546875,-0.008061790466308593,-0.019411439895629885
10569,244,4,2,-2.7217869758605957,-0.010049161911010742,0.004668087959289551,False,-1,,,
10569,1323,26,2,-4.235942840576172,-0.02053537845611572,-0.02604109764099121,False,-1,,,
10570,1535,30,2,-3.3644440174102783,-0.03833099365234375,-0.052196192741394046,False,-1,,,
10570,1775,35,2,-1.9476430416107178,0.00858419418334961,-0.047128758430480956,False,-1,,,
10574,2175,43,12,-4.022449493408203,-0.034101428985595705,0.012616539001464843,False,-1,,,
10576,956,19,2,-5.0726637840271,-0.0054349517822265625,-0.000774545669555664,False,-1,,,
10576,1973,39,2,-2.860370635986328,0.02290339469909668,-0.005218596458435059,False,-1,,,
10576,2064,41,3,-4.846909999847412,0.022546873092651368,-0.016242380142211913,True,-1,,,
10577,74,1,21,-5.9742536544799805,-0.02180368423461914,0.0,True,-1,,,
10577,1301,26,22,-4.249696731567383,0.026808366775512696,-0.013799190521240234,True,-1,,,
10585,151,3,6,-2.1312923431396484,-0.002224774360656738,-0.01517888069152832,False,-1,,,
10585,990,19,2,-4.798593997955322,-0.024945282936096193,-0.01899909019470215,False,-1,,,
10585,1262,25,2,-4.369035243988037,0.015494136810302735,-0.021409521102905272,True,-1,,,
10588,2123,42,12,-4.292422771453857,0.029617443084716796,-0.020216655731201173,True,-1,,,
10591,417,8,2,-1.3683254718780518,0.011574361324310303,-0.06085115909576416,False,-1,,,
10591,714,14,2,-1.7664642333984375,-0.017424548864364623,0.0015893006324768067,False,-1,,,
10591,1110,22,11,-0.8052162528038025,0.012849797010421753,-0.003517516851425171,False,-1,,,
10599,281,5,2,-4.18696403503418,-0.018591761589050293,0.015208210945129395,False,294,-0.02824814796447754,-0.016555023193359376,0.02210684776306152
10599,2340,46,2,-5.613196849822998,-0.0022098445892333985,0.0006787204742431641,True,2335,-0.023224544525146485,-0.003572263717651367,-0.016763715744018554
10601,1882,37,2,-4.890505313873291,-0.02429234027862549,-0.011912841796875,False,-1,,,
10601,2327,46,2,-0.7784878611564636,0.008515900373458863,-0.004861029386520385,False,-1,,,
10602,2425,48,22,-5.7599711418151855,-0.050694761276245115,0.00833831787109375,True,2446,-0.016281118392944337,0.010163869857788086,0.03258809089660644
10603,729,14,2,-3.246929407119751,0.0012479257583618165,0.029188435077667236,False,-1,,,
10603,2309,46,2,-3.8945353031158447,-0.01573110103607178,0.01743448734283447,False,-1,,,
10605,1412,28,2,-2.8277666568756104,-0.01650787830352783,-0.017799887657165527,False,-1,,,
10605,2307,46,2,-5.9742536544799805,-0.006631298065185547,0.011098098754882813,True,2310,-0.0025809478759765627,0.00021042823791503907,0.01493802070617676
10609,1310,26,3,-5.9742536544799805,0.0,0.008812274932861328,True,-1,,,
10612,773,15,21,-0.4852472245693207,0.0014134830236434937,-0.01252902090549469,False,-1,,,
10616,319,6,7,-3.976158380508423,-0.04219672679901123,-0.009819989204406738,False,-1,,,
10635,2013,40,12,-4.451404571533203,0.030007152557373046,0.03863288402557373,True,-1,,,
10642,231,4,4,-5.85231351852417,-0.007855920791625977,-0.002311544418334961,True,-1,,,
10646,311,6,13,-5.168014049530029,-0.0743781304359436,-0.01511448860168457,False,-1,,,
10647,1918,38,3,-1.0850130319595337,0.0028808426856994627,0.0158604770898819,False,-1,,,
10653,1018,20,15,-5.295239448547363,-0.06766428470611573,0.012650022506713867,False,-1,,,
10658,297,5,2,-5.210345268249512,-0.04294862747192383,-0.006705732345581055,False,294,-0.013874273300170898,-0.014265165328979493,0.036633787155151365
10658,2408,48,2,-5.279634952545166,0.0017635822296142578,0.02043707847595215,True,2424,0.0019988059997558595,0.026425447463989258,-0.005753145217895505
10659,279,5,2,-3.240460157394409,0.012354617118835448,0.010965728759765625,False,-1,,,
10659,1742,34,2,-4.299158096313477,0.01653261184692383,-0.013102788925170899,True,-1,,,
10663,49,0,9,-0.5990666747093201,0.009696036577224731,-0.024063483476638795,False,-1,,,
10664,958,19,11,-5.9742536544799805,-0.04498615741729736,0.0036125278472900393,True,-1,,,
10667,361,7,2,-5.520461082458496,-0.00437495231628418,-0.009075851440429687,True,-1,,,
10667,1522,30,2,-5.526453971862793,0.00895599365234375,0.0019157123565673828,True,-1,,,
10673,1799,35,3,-5.649186134338379,-0.007396316528320313,0.004357080459594726,True,-1,,,
10673,2173,43,10,-5.885366439819336,-0.03886017322540283,0.052146716117858885,True,-1,,,
10675,1767,35,16,-5.9742536544799805,-0.022347116470336915,0.0,True,-1,,,
10675,2142,42,22,-4.231360912322998,0.02148207664489746,0.01901124954223633,False,-1,,,
10683,2163,43,2,-1.3673323392868042,0.006267859935760498,-0.050958755016326907,False,-1,,,
10683,2235,44,2,-3.6423797607421875,-0.04221998453140259,-0.01662838935852051,False,-1,,,
10685,1412,28,4,-4.4598846435546875,-0.005936775207519531,-0.009399747848510743,False,-1,,,
10692,2323,46,17,-5.2930827140808105,0.013623418807983399,-0.002260265350341797,True,2305,0.004524602890014649,0.01057516098022461,-0.021934242248535157
10693,266,5,2,-2.0014700889587402,-0.008309962749481202,-0.023053922653198243,False,291,0.012766604423522948,-0.007762269973754883,0.00578491449356079
10693,987,19,2,-1.2498031854629517,0.023226983547210693,-0.008074214458465576,False,-1,,,
10695,2098,41,21,-5.934720039367676,-0.005266990661621094,-4.988670349121094e-05,True,-1,,,
10696,1176,23,2,-4.758789539337158,-0.006385860443115235,-0.022735433578491213,True,-1,,,
10696,1842,36,2,-3.767512083053589,0.026578574180603026,-0.013314862251281739,False,-1,,,
10703,238,4,2,-3.0201196670532227,0.005282225608825683,-0.010297369956970216,False,244,-0.004689521789550781,0.001045060157775879,-0.02131417751312256
10703,951,19,2,-4.620348930358887,0.002853145599365234,-0.0017531108856201172,False,-1,,,
10704,261,5,2,-4.750132083892822,-0.011773395538330077,-0.0011567878723144531,False,-1,,,
10704,2310,46,2,-5.5114898681640625,0.006521883010864257,-0.009112319946289062,True,2333,-0.01820056915283203,3.362655639648437e-05,-0.03386839866638183
10707,953,19,2,-2.9499781131744385,-0.03074896812438965,-0.025556216239929198,False,-1,,,
10707,2443,48,2,-5.637914657592773,0.0036200809478759764,0.011704626083374024,True,-1,,,
10708,1738,34,22,-5.3879523277282715,-0.0579617977142334,0.00014431953430175782,False,-1,,,
10708,2072,41,7,-4.609639644622803,0.0036678123474121094,0.0012363243103027345,False,-1,,,
10713,1110,22,2,-1.109480857849121,0.010869834423065185,-0.046262526512146,False,-1,,,
10713,1523,30,2,-4.482497215270996,0.000997905731201172,-0.021943464279174804,False,-1,,,
10717,983,19,13,-5.968228816986084,-0.018299436569213866,0.013594608306884765,True,955,-0.017616348266601564,0.02102935791015625,-0.006751661300659184
10726,1348,26,5,-3.992037296295166,0.02517021179199219,-0.010126571655273437,False,-1,,,
10729,1511,30,22,-5.9742536544799805,-0.04007205009460449,0.0002137279510498047,True,-1,,,
10730,2358,47,22,-3.456376552581787,-0.041997287273406986,-0.00290069580078125,False,-1,,,
10734,2429,48,8,-5.632424831390381,0.0005829143524169922,-0.0008316802978515625,True,2446,-0.010179319381713868,0.016764488220214844,-0.028358402252197268
10737,1323,26,2,-5.548680782318115,0.0054301261901855465,0.009821710586547851,True,-1,,,
10737,2202,44,2,-2.58290696144104,-0.02445847511291504,-0.015832815170288086,False,-1,,,
10740,15,0,5,-3.627873659133911,-0.0042065858840942385,-0.04439890384674072,False,-1,,,
10742,714,14,2,-1.9795087575912476,0.007795999050140381,-0.012422816753387451,False,-1,,,
10742,2445,48,2,-5.6030659675598145,0.004640216827392578,-0.0010384178161621093,True,2446,-0.005927038192749023,0.013880224227905273,-0.025485897064208982
10743,285,5,2,-1.3779188394546509,0.014448883533477784,-0.028242371082305907,False,-1,,,
10743,2062,41,2,-1.2576850652694702,0.005194036960601806,-0.03800902605056763,False,-1,,,
10744,726,14,18,-5.15507698059082,0.016383533477783204,-0.009331102371215821,True,-1,,,
10744,1987,39,2,-5.683322429656982,0.005818624496459961,-0.005652990341186524,True,-1,,,
10744,2334,46,2,-4.07545804977417,0.004661083221435547,-0.01849104881286621,False,2307,0.010181283950805664,-0.019997634887695313,0.007026786804199218
10745,417,8,24,-2.160144090652466,0.0762821912765503,-0.01043426513671875,True,-1,,,
10749,729,14,2,-3.9003889560699463,-0.04104090929031372,-0.009647564888000488,False,-1,,,
10749,1310,26,2,-4.471146583557129,0.020084857940673828,-0.004213447570800781,False,-1,,,
10750,350,7,4,-4.6841511726379395,-0.02372553825378418,-0.016382102966308595,False,-1,,,
10758,2252,45,2,-2.1367263793945312,-0.0021584320068359377,0.004992561340332031,False,-1,,,
10758,2419,48,2,-0.6069222092628479,0.0010163187980651855,-0.014630483388900757,False,-1,,,
10759,1769,35,6,-2.179117202758789,0.01167623996734619,-0.004302911758422852,False,-1,,,
10764,1681,33,3,-4.2083024978637695,0.03531902313232422,-0.029631681442260742,True,1684,0.014323835372924804,-0.012136192321777343,-0.038490676879882814
10765,2331,46,2,-4.9301042556762695,-0.002831554412841797,-0.0021183109283447266,False,2332,-0.003152732849121094,-0.003951559066772461,0.0015120697021484375
10765,2424,48,2,-4.785124778747559,-0.0015748882293701173,0.005637722015380859,False,2446,0.020187702178955078,0.01235213279724121,0.015048179626464844
10767,1292,25,17,-3.2358615398406982,0.048219704627990724,-0.009144024848937988,True,-1,,,
10767,2443,48,9,-4.337138652801514,0.01571032524108887,-0.006448888778686523,False,-1,,,
10778,49,0,12,-4.018020153045654,-0.04516885042190552,-0.021084280014038087,False,-1,,,
10778,1110,22,9,-4.533141136169434,-0.05791622638702393,0.03401187419891358,False,-1,,,
10781,438,8,20,-5.9742536544799805,-0.08070833921432495,4.988670349121094e-05,True,-1,,,
10790,2029,40,10,-5.925056457519531,-0.06820466518402099,0.011892175674438477,True,-1,,,
10795,107,2,2,-2.988302230834961,0.04983123779296875,-0.01161970615386963,False,-1,,,
10795,2301,46,2,-5.7296905517578125,0.004205436706542969,0.021968564987182616,True,2340,0.0013329410552978516,-0.0018572711944580078,0.020953340530395506
10796,248,4,2,-5.111285209655762,-0.014256591796875,0.006510934829711914,True,-1,,,
10796,1820,36,2,-4.411507606506348,0.0004801177978515625,0.014500970840454102,False,-1,,,
10797,641,12,16,-3.5289368629455566,0.028813514709472656,-0.006195802688598633,True,-1,,,
10803,1882,37,3,-2.6669414043426514,-0.02599141836166382,-0.014194798469543458,False,-1,,,
10805,444,8,5,-2.7446372509002686,-0.034823675155639645,-0.007764453887939453,False,-1,,,
10805,587,11,12,-5.831780910491943,-0.027133588790893556,0.010194950103759766,True,-1,,,
10805,1523,30,23,-3.9109787940979004,0.039140233993530275,0.015234532356262208,True,-1,,,
10806,996,19,11,-3.3436453342437744,0.012736420631408691,0.014752931594848633,False,-1,,,
10807,153,3,14,-3.1897459030151367,-0.027292683124542236,-0.03716318130493164,False,-1,,,
10810,254,5,13,-5.120243072509766,0.010176591873168946,-0.010653200149536133,True,280,0.01666180610656738,-0.005780191421508789,0.0016122055053710907
10813,1586,31,3,-5.6588616371154785,-0.05026619911193848,-0.006307840347290039,False,-1,,,
10815,992,19,2,-4.493051528930664,-0.011670112609863281,0.02098106861114502,False,-1,,,
10815,2226,44,2,-5.844518184661865,-0.015196762084960937,-0.0025947093963623047,True,-1,,,
10815,2322,46,15,-4.641745090484619,0.024316625595092775,0.02068000316619873,True,2305,0.012899351119995118,0.008220319747924804,0.0010424089431762696
10818,2350,47,3,-5.636683464050293,-0.008597116470336914,-0.004393930435180664,True,-1,,,
10821,2185,43,3,-2.691554546356201,-0.02286451816558838,-0.02516444683074951,False,-1,,,
10827,1445,28,4,-2.016099452972412,0.005662641525268555,-0.04868722915649414,False,-1,,,
10831,141,2,20,-5.909585952758789,-0.04064266204833984,0.011005029678344727,True,-1,,,
10832,2133,42,5,-5.963672637939453,-0.03131388664245605,0.0036433124542236328,True,-1,,,
10834,2430,48,4,-2.012864828109741,0.022858858108520508,-0.0017657947540283203,False,-1,,,
10838,257,5,16,-4.254708290100098,0.034285812377929686,-0.013199644088745117,True,-1,,,
10838,701,14,2,-4.368363857269287,0.00048445701599121095,-0.010637025833129882,False,-1,,,
10838,964,19,2,-3.585479497909546,0.015294203758239746,0.001906576156616211,False,-1,,,
10841,403,8,4,-4.83389949798584,0.002952241897583008,-0.012673358917236328,False,-1,,,
10842,1799,35,2,-3.865898609161377,0.0005503416061401368,-0.008774328231811523,False,-1,,,
10842,2097,41,16,-2.5994975566864014,-0.03347536563873291,-0.013399577140808106,False,-1,,,
10842,2446,48,2,-3.691044330596924,0.028027381896972656,-0.00275881290435791,False,-1,,,
10846,1106,22,10,-5.320921897888184,-0.07635715246200561,0.012352466583251953,False,-1,,,
10849,2103,42,11,-4.6525774002075195,0.02643352508544922,0.015153398513793945,True,-1,,,
10854,639,12,16,-5.737154483795166,-0.00581791877746582,0.013365354537963867,True,-1,,,
10855,2240,44,2,-5.9742536544799805,-0.001866750717163086,0.006156177520751953,True,-1,,,
10855,2327,46,2,-3.6463162899017334,-0.0399785304069519,0.001568446159362793,False,2342,0.013278656005859375,-0.004159650802612305,0.058985283374786375
10856,1501,30,11,-2.6639342308044434,-0.04129230856895447,0.0008225440979003906,False,-1,,,
10861,1255,25,13,-5.187953472137451,-0.03937448024749756,0.02652510643005371,True,-1,,,
10863,955,19,11,-4.8070478439331055,-0.0016722869873046875,0.0028069114685058596,True,-1,,,
10864,125,2,6,-0.6241704821586609,0.02779375672340393,-0.010151761770248412,False,-1,,,
10864,1990,39,6,-4.21187686920166,0.01673736572265625,-0.0007787990570068359,True,-1,,,
10864,2333,46,5,-4.310827255249023,0.024764814376831056,0.004307184219360351,False,2309,-0.009668254852294922,0.006266860961914062,-0.036392745971679685
10867,1742,34,14,-4.478466033935547,0.02991575241088867,-0.00936380386352539,True,-1,,,
10869,1037,20,2,-3.978954553604126,-0.007865653038024903,-0.01607975482940674,False,-1,,,
10869,2339,46,2,-2.8583600521087646,0.031537928581237794,-0.005699944496154785,False,-1,,,
10870,1834,36,2,-5.9742536544799805,-0.009902000427246094,0.002282123565673828,True,-1,,,
10870,2231,44,2,-5.388425827026367,-0.01910541534423828,-0.0022963142395019532,True,-1,,,
10872,987,19,3,-2.7090489864349365,0.0009512090682983398,-0.00021245956420898438,False,-1,,,
10879,2445,48,19,-4.322986602783203,0.026189794540405275,-0.021189775466918945,True,-1,,,
10881,980,19,19,-5.076995372772217,0.017945165634155272,0.03164937973022461,True,-1,,,
10882,1139,22,22,-4.128109931945801,-0.02982912540435791,-0.02425924301147461,False,-1,,,
10882,1601,32,14,-2.415530204772949,-0.03820024251937866,-0.05875022888183594,False,-1,,,
10888,280,5,2,-5.9742536544799805,-0.010917587280273438,0.012555170059204101,True,279,-0.02644515037536621,0.013046398162841796,-0.016018791198730467
10888,533,10,2,-4.133006572723389,-0.0026821041107177733,-0.02829045295715332,False,-1,,,
10900,991,19,2,-3.5938315391540527,-0.012409248352050782,-0.005715289115905762,False,-1,,,
10900,2137,42,2,-2.5200793743133545,-0.03727998375892639,-0.0506402063369751,False,-1,,,
10902,862,17,16,-3.647077798843384,-0.04465334177017212,-0.032701668739318845,False,-1,,,
10906,416,8,14,-5.94451904296875,-0.049282989501953124,0.0013058280944824219,True,-1,,,
10910,714,14,7,-2.9288032054901123,-0.03267612457275391,0.011122918128967286,False,-1,,,
10915,1847,36,8,-5.930964469909668,-0.041306495666503906,0.004665546417236328,True,-1,,,
10918,2226,44,6,-5.285191059112549,0.013781251907348633,-0.007310495376586914,True,-1,,,
10921,786,15,22,-3.4293935298919678,0.03510271549224853,-0.018051133155822754,True,-1,,,
10923,2252,45,9,-4.281111717224121,0.006951551437377929,0.004826908111572266,True,-1,,,
10925,1539,30,12,-1.867548942565918,0.015129919052124024,-0.01177783966064453,False,-1,,,
10928,1348,26,9,-5.0609636306762695,0.01826580047607422,0.005788230895996093,True,-1,,,
10929,1918,38,8,-1.8630459308624268,0.022720785140991212,0.013560752868652343,False,-1,,,
10932,294,5,2,-5.825139045715332,0.0006148433685302735,0.00838667869567871,True,297,0.0005157756805419922,0.020360383987426758,-0.012072772979736326
10932,393,7,2,-5.739695072174072,-0.0493743085861206,0.023332977294921876,True,-1,,,
10934,2062,41,9,-5.581784725189209,-0.011370716094970703,0.012125167846679687,True,-1,,,
10943,1690,33,22,-3.736234664916992,0.030891761779785157,-0.008248062133789062,False,1687,0.012661771774291992,-0.009151248931884766,-0.017326803207397462
10945,1676,33,2,-3.2526910305023193,-0.016320042610168457,0.0027004671096801758,False,-1,,,
10945,2309,46,2,-4.4279022216796875,-0.006958465576171875,0.0050185203552246095,False,2331,0.009991559982299805,-0.025979433059692383,0.04794797897338867
10949,2267,45,18,-3.5324981212615967,-0.02111170768737793,-0.039571099281311035,False,-1,,,
