step,firm,market,K_at_entry,logshare_entry,before,after,floor_before,control,control_before,control_after,did
50,288,5,2,-4.449404239654541,-0.010747624,0.0014068222,False,290,-0.01394182164222002,-0.005470809992402792,0.0036834338679909706
50,649,12,2,-4.325687885284424,-0.008273296,-0.013598423,False,613,-0.008379612118005753,-0.0023870659060776234,-0.011317674070596695
52,512,10,2,-3.8380565643310547,0.00015260697,0.0025848437,False,536,0.001424326910637319,0.00037377356784418225,0.0034827899653464556
52,713,14,2,-3.390328884124756,0.009364119,0.004468188,False,742,0.00902265589684248,-0.0016325950855389237,0.005759320687502623
54,55,1,2,-3.923786163330078,-0.000509057,0.0020138645,False,65,-0.00041985034476965666,9.20534148463048e-05,0.0020110176410526037
54,826,16,2,-4.462630271911621,-0.011652427,-0.0041555786,False,842,-0.008947334252297878,0.010667629539966583,-0.012118116021156311
55,189,3,2,-4.058116912841797,-0.0024310683,-0.00026989938,False,195,-0.0028996800538152456,0.00143915181979537,-0.002177662681788206
55,661,13,2,-3.7051587104797363,0.004688878,-0.0020243502,False,677,0.003944759257137775,-0.0025643063709139824,-0.00020416267216205597
57,81,1,2,-3.7855732440948486,0.0028905487,0.0015685415,False,82,0.0021921158768236637,-0.0027353144250810146,0.003605423029512167
57,672,13,2,-4.319799423217773,-0.00917603,-0.003192234,False,698,-0.006452140863984823,-0.001939001027494669,0.0014706561341881752
58,14,0,2,-4.086282253265381,-0.004590211,-0.00048947334,False,13,-0.002419214230030775,-0.00022069930855650455,0.0019022226333618164
58,317,6,2,-3.8018670082092285,0.0036128617,0.0023120164,False,329,0.006284575443714857,0.0031526279635727406,0.0018311021849513054
60,505,10,2,-4.05905294418335,-0.0045148707,-0.002312126,False,547,-0.001610393519513309,-0.004512672312557697,0.005105023272335529
60,846,16,2,-3.5210416316986084,0.008158517,0.008348031,False,800,0.008264193311333656,0.0003734588681254536,0.008080248720943928
64,252,5,2,-3.7138192653656006,0.005262189,-0.0096755745,False,289,0.0008965969318524003,-0.001625647535547614,-0.01241551898419857
64,301,6,2,-3.5607731342315674,0.0049184416,-0.0017601919,False,318,0.004698171745985746,-0.009151706472039223,0.007171245291829109
64,541,10,2,-3.927574634552002,-0.0015519476,0.0016426658,False,542,4.496097608353011e-05,0.0002477598318364471,0.0029918146319687366
64,631,12,2,-3.7238259315490723,0.006005554,0.0036818266,False,611,0.0049120234325528145,0.0027616883162409067,-0.00017339223995804787
65,670,13,2,-3.524949312210083,0.0059100534,-0.0001421833,False,666,0.003572373418137431,-0.002676629927009344,0.00019676657393574715
65,723,14,2,-3.5870277881622314,0.0053978157,0.0004902697,False,739,0.005065121687948704,0.002810258883982897,-0.0026526832953095436
66,574,11,2,-3.4602019786834717,0.00564528,0.00060189725,False,564,0.005299267824739218,-0.0050802757032215595,0.005336160771548748
66,708,14,2,-3.512434244155884,0.007156444,-0.007734823,False,742,0.0020065545104444027,-0.001611089683137834,-0.011273622512817383
67,319,6,2,-3.610172986984253,0.0073036766,0.004323034,False,318,0.0055753327906131744,-0.00924556702375412,0.011840257793664932
67,327,6,2,-4.247227191925049,-0.0131953815,0.0070560216,False,336,-0.006356439553201199,-0.008069486357271671,0.02196444943547249
67,466,9,2,-3.9070725440979004,0.00016944409,1.6803742e-05,False,496,-0.0005445575807243586,-0.0002089166664518416,-0.00048828125
67,561,11,2,-3.9245166778564453,0.0016876889,0.001790104,False,551,0.0016511821886524558,0.0023289776872843504,-0.0005753803998231888
67,640,12,2,-3.2139148712158203,0.010984201,-0.00345129,False,633,0.010438084602355957,-0.007216582074761391,0.003219176083803177
67,644,12,2,-4.3431925773620605,-0.008395648,-0.0043687155,False,618,-0.00615270622074604,-0.0023930836468935013,0.00026730960234999657
67,696,13,2,-3.947335958480835,-0.008416209,-0.00049027917,False,662,-0.0027970504015684128,0.0007688045734539628,0.0043600755743682384
67,949,18,2,-3.8845367431640625,0.00044091223,-0.0007540464,False,929,0.0010854053543880582,-0.001103043556213379,0.0009934901027008891
68,671,13,2,-3.9427411556243896,-0.0017511892,-0.003866,False,686,0.0011338758049532771,0.0021220827475190163,-0.003103017807006836
68,834,16,2,-3.9439871311187744,-0.0009520245,-0.004770732,False,840,0.0019354247488081455,0.004485711921006441,-0.00636899471282959
69,311,6,2,-3.9296226501464844,0.0021361732,0.00028403758,False,334,-0.004834132269024849,0.008123454637825489,-0.01480972208082676
69,806,16,2,-3.7881503105163574,0.004778328,0.0014775657,False,809,0.00035302163450978696,-0.0006624793750233948,-0.002285261172801256
71,36,0,2,-3.7407054901123047,-0.0004331255,0.0003461647,False,30,0.003130302531644702,0.0013513421872630715,0.0025582504458725452
71,643,12,2,-3.291750907897949,0.010123849,-0.005452118,False,633,0.0056339455768466,-0.004241871647536755,-0.0057001495733857155
72,297,5,2,-3.5998053550720215,0.004273834,0.0022474956,False,271,0.003794121788814664,0.0029607343021780252,-0.0011929511092603207
72,320,6,2,-4.793435096740723,-0.011899557,-8.455277e-05,False,-1,,,
73,24,0,2,-3.8421685695648193,0.00046962738,-0.0014572525,False,34,0.00023071766190696508,0.0012311505852267146,-0.0029273126274347305
73,310,6,2,-3.4248604774475098,0.011158037,0.0050237086,False,326,0.009421782568097115,-0.0015176677843555808,0.004805121570825577
73,654,13,2,-3.571589946746826,0.0012983799,0.0015393066,False,677,0.005454931408166885,-0.0045173694379627705,0.01021322701126337
73,823,16,2,-3.7220077514648438,0.007453041,-0.012373571,False,840,0.008361821062862873,-0.0006339025567285717,-0.010830889455974102
76,634,12,2,-4.122354030609131,0.005639372,0.005441599,False,629,-0.0017754173604771495,0.0068820477463305,-0.008855237625539303
76,818,16,2,-3.5331897735595703,0.0064734505,-0.004662943,False,809,0.0022019194439053535,-0.0033068275079131126,-0.005627647042274475
77,228,4,2,-3.9171688556671143,-0.00032034397,-0.0017373037,False,206,-0.0003883028111886233,-0.00299119483679533,0.001185932313092053
77,341,6,2,-3.8554623126983643,-0.0019246483,-0.0095979925,False,343,0.0030301285441964865,-0.005713844206184149,0.0010706284083425999
77,553,11,2,-4.230292797088623,-0.0060039805,-0.0055604647,False,563,-0.006292371544986963,0.0017071532784029841,-0.007556008640676737
77,829,16,2,-3.614839792251587,0.0020495462,0.0090424875,False,809,0.0032885312102735043,-0.0028838729485869408,0.013165345415472984
78,733,14,2,-3.9212608337402344,0.0019892883,0.0016462278,False,712,0.0020192337688058615,0.00839762669056654,-0.00672145327553153
78,817,16,2,-3.750437021255493,0.006226659,6.6690445e-05,False,840,0.005610623396933079,0.0031940890476107597,-0.0037434338591992855
79,572,11,2,-4.237204551696777,-0.0056069754,-3.411293e-05,False,579,-0.005696034524589777,-0.00235328683629632,0.00223011476919055
79,678,13,2,-4.293024063110352,0.0014829922,0.0010619259,False,693,8.707046799827367e-05,-0.003168773604556918,0.0028347778134047985
80,2,0,2,-3.9283816814422607,0.00049968244,-0.0032757139,False,27,0.003672647522762418,0.0018204832449555397,-0.0019232321064919233
80,330,6,2,-3.5936386585235596,0.0115192365,-0.008303599,False,329,0.013627128675580025,-0.005633764434605837,-0.0005619432777166367
80,675,13,2,-4.592389106750488,-0.014206929,0.0073853396,False,683,-0.008636350743472576,-0.0031489848624914885,0.01610490307211876
80,943,18,2,-4.007986545562744,-0.00012482643,-0.0014105988,False,920,8.099555998342112e-05,-0.0008796310285106301,-0.0003251457237638533
85,596,11,2,-3.969392776489258,-0.0016362285,0.0052005197,False,570,0.002445321064442396,0.0027644920628517866,0.006517576985061169
85,724,14,2,-3.94983172416687,0.0017386293,-0.0026435805,False,704,0.0006216383189894259,0.0063594672828912735,-0.010120038874447346
86,734,14,2,-3.98099422454834,-0.0012906123,0.0040543796,False,704,0.0016507863765582442,0.005573430098593235,0.0014223484322428703
86,801,16,2,-3.7848598957061768,0.003559451,4.0330888e-05,False,839,0.004861507564783096,-0.0018815327202901244,0.003223920240998268
87,174,3,2,-4.013339996337891,-0.0018031072,-0.0031811905,False,179,0.0012812709901481867,-0.00014580726565327495,4.8995018005371094e-05
87,332,6,2,-3.9390573501586914,-0.0036167717,-0.0006381369,False,321,-0.0037916898727416992,0.003461809130385518,-0.004274863749742508
87,349,6,2,-3.625464916229248,0.011060219,0.00766881,False,326,0.0047202445566654205,-0.0008827638812363148,0.0022115991450846195
87,550,11,2,-4.311875343322754,-0.008728676,0.0014448928,False,588,-0.003419799730181694,-0.0025386332999914885,0.009292402304708958
88,382,7,2,-3.7085466384887695,0.0028618479,0.0011146641,False,383,0.0010490178829059005,0.0010352707467973232,-0.0017334365984424949
88,589,11,2,-4.011856555938721,-0.008192825,-0.00873251,False,599,0.0007983875111676753,-0.0017695617862045765,0.002028264570981264
88,849,16,2,-4.379569053649902,-0.009180445,0.009036593,False,822,-0.0030226134695112705,0.0007907104445621371,0.01440371386706829
88,973,19,2,-3.965367078781128,0.00048362731,0.000112080575,False,977,0.001796131138689816,-0.0005739068728871644,0.0019984913524240255
90,339,6,2,-4.582990646362305,-0.009433499,0.00039170266,False,336,-0.011068715713918209,-0.006755342707037926,0.005511828698217869
90,866,17,2,-3.9767589569091797,3.9739607e-05,0.0006793642,False,859,-0.0010919093620032072,0.00017462253163103014,-0.000626907276455313
91,308,6,2,-3.859682083129883,0.00087682245,0.010024447,False,321,-0.002292365999892354,0.0025316858664155006,0.004323572851717472
91,819,16,2,-3.55928635597229,0.009358392,-0.008091979,False,809,0.0073850201442837715,0.0031073952559381723,-0.013172744773328304
94,555,11,2,-3.936631917953491,-0.0025317573,0.0017440367,False,570,-0.0004390668764244765,-0.00010648250463418663,0.003943209536373615
94,680,13,2,-4.0214972496032715,-0.0068921708,0.0001476574,False,658,-0.0032882499508559704,-0.0016935825115069747,0.005445160903036594
95,595,11,2,-3.477755069732666,0.004254613,0.004347005,False,597,0.0073143006302416325,-0.004539127461612225,0.011945820413529873
95,814,16,2,-3.8398630619049072,0.0019415378,-0.004525342,False,840,0.008281808346509933,0.0009543800260871649,0.0008605481125414371
95,828,16,2,-4.180437088012695,-0.005431442,0.001183424,False,842,0.004250688478350639,0.0068276929669082165,0.004037861712276936
95,975,19,2,-4.112815856933594,-0.0017522812,0.0023786258,False,991,-0.0006701850797981024,0.004031114745885134,-0.0005703927017748356
96,731,14,2,-3.208955764770508,0.008452687,0.0017575551,False,714,0.0065126135013997555,-0.0031327486503869295,0.002950230147689581
96,766,15,2,-3.9742448329925537,-0.0019505739,-0.0005089331,False,750,-0.0012667226837947965,0.0011021376121789217,-0.00092721963301301
97,250,5,2,-3.4603710174560547,0.006410761,0.007800703,False,262,0.00564388744533062,-0.007524294778704643,0.014558124355971813
97,562,11,2,-3.9838006496429443,-0.003471203,-0.00071234227,False,567,-0.0015445280587300658,-0.003885512240231037,0.00509984465315938
98,395,7,2,-4.0398125648498535,-0.0015691137,0.0025871373,False,361,0.0007948779966682196,-0.0011432648170739412,0.006094393786042929
98,524,10,2,-3.443164348602295,0.004305482,-0.00019490242,False,529,0.001998424530029297,-0.0009785413276404142,-0.0015234185848385096
98,702,14,2,-4.7056565284729,-0.016209422,-0.0021728324,False,737,-0.005996293853968382,0.0060981749556958675,0.0019421204924583435
98,831,16,2,-4.173219680786133,-0.0064984704,-0.018928451,False,842,0.0065802098251879215,0.005115289706736803,-0.010965060442686081
100,844,16,2,-4.22613000869751,-0.0042445087,-0.0019249534,False,-1,,,
100,906,18,2,-3.9158778190612793,0.000592165,-0.0005826569,False,928,0.0015124940546229482,-0.0006428813794627786,0.0009805535664781928
101,239,4,2,-3.93426251411438,0.0007049894,-0.0050595715,False,243,0.0005098200053907931,-0.0012303638504818082,-0.004024377092719078
101,300,6,2,-3.6854593753814697,-0.0011488772,0.0068413257,False,305,-0.0049175117164850235,0.0014141130959615111,0.0016585779376327991
101,700,14,2,-4.255908966064453,-0.007371292,-0.0065816403,False,716,-0.011387419886887074,-0.00136340141762048,-0.009234366938471794
101,720,14,2,-3.1541707515716553,0.009604706,-0.005095868,False,714,0.0037102794740349054,-0.002240467118099332,-0.008749827742576599
102,628,12,2,-3.682710647583008,-0.0005933237,0.0013390684,False,601,0.004649090580642223,0.007508058566600084,-0.0009265758562833071
102,821,16,2,-4.651215076446533,-0.010896539,-0.0026091195,False,822,-0.0033417607191950083,0.0011177825508639216,0.0038278764113783836
104,322,6,2,-4.335771560668945,-0.00040356637,0.00042974472,False,312,-0.0013829708332195878,-0.002819385612383485,0.0022697257809340954
104,676,13,2,-3.563462972640991,0.0031556464,-0.0057483194,False,666,0.0034775829408317804,0.004319348372519016,-0.009745731018483639
104,777,15,2,-4.147098064422607,-0.005193148,0.0006366539,False,756,-0.0015018272679299116,0.001655149506404996,0.0026728250086307526
104,807,16,2,-2.962001085281372,0.013166652,0.0027669286,False,835,-0.0013121080119162798,-0.008373074233531952,-0.0033387569710612297
106,59,1,2,-3.9103379249572754,0.0013618565,-0.00019058704,False,70,-6.19888282926695e-07,-0.0011511993361636996,-0.0004018640611320734
106,404,8,2,-3.9818367958068848,0.0026236915,-0.0021713735,False,441,-6.681919330731034e-05,-0.0023593187797814608,-0.0025025655049830675
106,632,12,2,-4.266529083251953,-0.008169575,-0.0010457039,False,609,-0.0030564116314053535,-0.008343991823494434,0.01241145096719265
106,845,16,2,-4.590519905090332,-0.010953331,0.0032522965,False,822,-0.00047792436089366674,0.0003125476941931993,0.013415155932307243
107,220,4,2,-4.0483269691467285,0.00081837655,-0.0012311649,False,219,0.0005050182226113975,-0.0015276240883395076,-1.6899313777685165e-05
107,313,6,2,-3.792281150817871,-0.007261481,-0.0032347536,False,305,-0.005567440763115883,-0.0012963247718289495,-0.0002443883568048477
107,701,14,2,-4.919358253479004,-0.015054912,0.002484894,False,737,-0.003502597799524665,0.004258851986378431,0.009778357110917568
107,791,15,2,-3.854055166244507,0.00045452596,-0.0036752748,False,762,-0.00040954590076580644,-0.00035099982051178813,-0.004188347142189741
108,598,11,2,-3.9516749382019043,-0.008676672,0.00097028253,False,584,-0.0005595016409642994,0.0020791864953935146,0.007008266635239124
108,811,16,2,-3.699993133544922,-0.0026790618,-0.0024333906,False,840,0.007109112571924925,-0.004307527560740709,0.011662311851978302
109,331,6,2,-4.57034158706665,-0.012560959,-0.002615366,False,336,-0.008580951951444149,-0.006759100127965212,0.008123740553855896
109,979,19,2,-4.096785068511963,-0.0026585578,0.000804863,False,961,-0.005019073374569416,-0.0006714630289934576,-0.0008841895032674074
110,164,3,2,-3.901442527770996,0.0021981907,0.0012571764,False,186,0.0009379100520163774,-0.0032117129303514957,0.0032086088322103024
110,803,16,2,-4.203553676605225,-0.0054449653,0.010278445,False,822,-0.0005637931753881276,0.004006099887192249,0.011153517290949821
111,348,6,2,-4.070235252380371,0.0002448845,0.0024355745,False,340,0.0008117103716358542,0.002842864952981472,0.00015953555703163147
111,682,13,2,-4.227909088134766,-0.0041163634,0.0019541932,False,699,-0.0016128444112837315,-0.003433799836784601,0.007891511544585228
113,218,4,2,-4.318881988525391,-0.0058381082,-0.0041044042,False,231,-0.0028248310554772615,-1.0843276868399698e-05,-0.0010802836623042822
113,302,6,2,-4.290429592132568,0.004516077,-0.011857958,False,345,0.002614259719848633,-0.0060247802175581455,-0.0077349953353405
114,295,5,2,-3.7622601985931396,-0.0006059456,-0.005713887,False,256,0.0031413412652909756,0.002738418523222208,-0.004705018829554319
114,668,13,2,-4.591772079467773,-0.007192507,0.0029256917,False,683,-0.0004181861877441406,-0.0046836757101118565,0.014383688569068909
115,265,5,2,-4.3190460205078125,-0.004582176,-0.005823059,False,294,-0.009001750499010086,0.0032705687917768955,-0.013513201847672462
115,344,6,2,-3.5631015300750732,0.0072566606,0.012864227,False,326,-0.00020090103498660028,-0.0007702207658439875,0.006176886614412069
115,440,8,2,-3.6359729766845703,0.0046700095,0.0034099913,False,401,0.00035471917362883687,0.0009404707234352827,-0.0018457698170095682
115,615,12,2,-4.324556827545166,-0.008608728,-0.0031916618,False,620,-0.0041098021902143955,-0.004427662119269371,0.005734925623983145
115,621,12,2,-4.459183692932129,-0.008341065,-0.002349615,False,603,-0.0001268959022127092,0.001575098023749888,0.004289455711841583
115,717,14,2,-4.185705184936523,-0.008655038,0.0009793282,False,703,0.005042314529418945,-0.0033243466168642044,0.018001027405261993
115,804,16,2,-4.414919853210449,-0.0009957409,0.009926152,False,822,-0.0008269214886240661,0.0023218346759676933,0.007773137651383877
115,820,16,2,-4.154343128204346,0.009230394,0.012884197,False,839,-0.001596164656803012,0.004353689961135387,-0.0022960519418120384
116,730,14,2,-4.205491065979004,-0.006055245,0.00651886,False,725,-0.01064910925924778,-0.002909545786678791,0.004834541119635105
116,780,15,2,-3.943206548690796,0.0002496958,-0.0008942938,False,786,0.001135005964897573,-0.0032202815636992455,0.0032112980261445045
117,613,12,2,-4.799591064453125,-0.0077059553,0.00046092988,False,639,-0.010583572089672089,0.004133271984755993,-0.006549959070980549
117,802,16,2,-3.2003729343414307,0.0027118062,-0.0013768054,False,-1,,,
118,314,6,2,-3.4363763332366943,0.010216169,-0.0034363032,False,328,0.0007519531063735485,-0.005277438089251518,-0.007623080629855394
118,618,12,2,-4.426952362060547,-0.0022018433,0.004576206,False,609,-0.00507417693734169,-0.006180429365485907,0.007884301245212555
118,697,13,2,-4.250519275665283,-0.0018794823,-0.008449392,False,681,-0.006473517511039972,0.0064194584265351295,-0.019462887197732925
118,830,16,2,-4.035869598388672,0.004512148,-0.0084636975,False,839,-0.0013757229316979647,0.002790107624605298,-0.01714167557656765
119,289,5,2,-3.748854637145996,-0.0025966263,-0.003289342,False,262,-0.005490560550242662,0.0019644307903945446,-0.00814770720899105
119,619,12,2,-4.384263515472412,-0.0071631814,-0.0031639196,False,609,-0.003681306727230549,-0.006716508883982897,0.00703446427360177
119,651,13,2,-3.8415746688842773,0.004865017,-0.013038091,False,689,-0.0036084605380892754,-0.009358067065477371,-0.012153501622378826
119,816,16,2,-3.9922940731048584,0.005659232,0.0036097337,False,839,-0.0011011981405317783,0.0025384617038071156,-0.005689158104360104
120,246,4,2,-4.184913635253906,-0.0058644917,3.1280517e-05,False,226,-0.00457747932523489,-0.003953065723180771,0.005271358415484428
120,645,12,2,-3.6468076705932617,0.009201641,-0.0008827448,False,627,0.002763838740065694,-0.004121899604797363,-0.0031986478716135025
122,657,13,2,-3.5396580696105957,0.0044624615,-0.01174779,False,656,-0.0011879587545990944,0.0039019680116325617,-0.02130017802119255
122,709,14,2,-4.596635818481445,-0.006634483,0.0051932335,False,744,-0.008134432137012482,-0.001364040421321988,0.005057324655354023
123,136,2,2,-3.8151378631591797,8.039475e-05,-0.0022743416,False,129,0.0036404086276888847,0.0008121061255224049,0.0004735661204904318
123,317,6,2,-4.062638759613037,-0.0064415787,-0.0047920034,False,303,0.007407588884234428,0.0008789157727733254,0.00817824900150299
125,593,11,2,-3.584238052368164,5.457878e-05,0.001782031,False,597,-0.0012505340855568647,-0.006124162580817938,0.006601081229746342
125,727,14,2,-3.5761771202087402,0.010427532,-0.0023047256,False,741,0.00440761586651206,-0.004499359056353569,-0.003825281746685505
126,202,4,2,-3.854313611984253,0.001297412,0.0016057014,False,240,-0.00026548386085778475,0.00249464507214725,-0.0024518396239727736
126,805,16,2,-3.8850598335266113,-0.0029926538,0.0010759305,False,839,0.0005679035093635321,0.0022348498459905386,0.0024016378447413445
127,338,6,2,-4.550034523010254,-0.008582421,-0.0016402721,False,345,-0.0009545612265355885,-0.0015409565530717373,0.007528543472290039
127,616,12,2,-4.481970310211182,0.0014861679,-0.011276484,False,620,-0.008429259993135929,-0.0006287193391472101,-0.020563192665576935
128,189,3,2,-3.8515572547912598,0.0033325385,-0.0015727759,False,197,-0.0018942308379337192,0.00519048236310482,-0.011990027502179146
128,832,16,2,-4.1094841957092285,-2.0036698e-05,-0.0057280445,False,839,0.0015824937727302313,0.0005998134729452431,-0.004725327715277672
129,343,6,2,-4.077820777893066,-0.00466949,0.0004126072,False,321,-0.0008563375449739397,0.003635349217802286,0.0005904100835323334
129,590,11,2,-3.615037441253662,0.0055181887,-0.0076486156,False,575,0.00333528988994658,-0.012111382558941841,0.0022798683494329453
131,608,12,2,-4.246189594268799,0.0027701664,-0.008263311,False,603,0.0022689341567456722,-0.005290260538458824,-0.003474282566457987
131,690,13,2,-4.409745216369629,-0.0007735157,-0.0064875986,False,699,-0.0029632472433149815,-0.0050815679132938385,-0.0035957624204456806
133,330,6,2,-3.973231077194214,-0.009136805,-0.007206397,False,303,0.009169216267764568,-0.002018547151237726,0.013118172064423561
133,337,6,2,-3.2936205863952637,0.009113307,0.0041526463,False,306,0.007800998631864786,-0.0016095686005428433,0.004449906758964062
133,465,9,2,-3.804892063140869,0.0021260881,0.0020522021,False,451,-0.00027852534549310803,0.0042624999769032,-0.004614911507815123
133,509,10,2,-3.808509588241577,-0.0031911468,0.0004632473,False,543,-0.004728121683001518,0.00018042087322100997,-0.0012541485484689474
133,536,10,2,-3.692250967025757,0.0016025114,0.0010696936,False,507,-0.0011928367894142866,-0.007083392236381769,0.005357737652957439
133,626,12,2,-3.8102192878723145,-0.0013299513,-0.00212718,False,605,4.627227826858871e-05,-0.010742244310677052,0.009991287253797054
133,837,16,2,-4.257842063903809,-0.0052245236,-0.008608694,False,843,0.0037746047601103783,0.0011135578388348222,-0.0007231235504150391
133,946,18,2,-3.8174667358398438,0.0013807917,-0.0007125378,False,939,0.002556433668360114,0.00015285969129763544,0.00031024450436234474
134,72,1,2,-3.834270477294922,0.0015796853,0.0025971078,False,61,0.00011301994527457282,-0.0010423660278320312,0.0021728086285293102
134,806,16,2,-3.9889731407165527,-0.0052565765,0.003270378,False,833,-0.0005231762188486755,0.004583625588566065,0.0034201531670987606
136,279,5,2,-4.076608657836914,-0.006210985,0.00060783385,False,254,-0.0026984356809407473,0.0013153362087905407,0.0028050467371940613
136,815,16,2,-4.1089911460876465,0.0024077988,0.010148854,False,843,0.004726972430944443,-0.0017219162546098232,0.014189943671226501
137,333,6,2,-4.394825458526611,-0.006742067,-0.003110447,False,312,-0.003605413483455777,0.0038185310550034046,-0.0037923245690762997
137,661,13,2,-3.573836326599121,0.007282543,0.0018562365,False,656,-0.0012860202696174383,0.0030712031293660402,-0.009783529676496983
137,745,14,2,-4.2774434089660645,-0.0086967135,0.0008484554,False,735,0.0015908431960269809,-0.0010677528334781528,0.012203765101730824
137,868,17,2,-3.8646092414855957,-0.0007501125,0.0015268421,False,865,0.001398701686412096,-0.000800766923930496,0.004476423375308514
137,887,17,2,-4.060351848602295,-0.002167673,-0.00023859978,False,886,0.0006401443388313055,0.0009282207465730608,0.0016409968957304955
137,957,19,2,-4.041940212249756,-0.0002481079,-0.0005901146,False,997,-0.0007740211440250278,-0.00298651703633368,0.0018704893300309777
138,670,13,2,-3.9699506759643555,-0.009781498,0.0004680872,False,689,-0.006299176253378391,-0.0036544131580740213,0.007604822516441345
138,721,14,2,-4.479403018951416,0.000744648,-0.007458353,False,716,-0.003610582323744893,0.005420980509370565,-0.01723456382751465
139,421,8,2,-4.103513240814209,0.0008725643,-0.00053730013,False,423,-0.004485011100769043,-0.00500690471380949,-0.0008879709057509899
139,581,11,2,-4.58053731918335,0.0008959675,0.009767218,False,588,-0.005625658202916384,0.001929426216520369,0.0013161655515432358
139,812,16,2,-5.324921131134033,-0.010701389,-0.00461648,False,-1,,,
139,848,16,2,-4.446346282958984,0.004379673,-0.0063209725,False,822,-0.001202220912091434,-0.00024240493075922132,-0.011660461314022541
140,311,6,2,-4.288019180297852,-0.007850952,-0.005592136,False,318,-0.010205602273344994,-0.008390950970351696,0.0004441649653017521
140,958,19,2,-3.961580991744995,-0.0005196905,-0.0014401388,False,989,-0.002662181854248047,-0.00593786733224988,0.0023552372585982084
142,341,6,2,-4.520857334136963,-0.008058415,0.003298664,False,347,-0.0006101322360336781,-0.0010289764031767845,0.011775922030210495
142,610,12,2,-4.468387126922607,-0.0039701844,0.003365059,False,603,-0.0033567810896784067,-0.0005513763171620667,0.00452983845025301
142,664,13,2,-4.335778713226318,-0.0006976891,-0.004299202,False,699,-0.003371925326064229,-0.0033290290739387274,-0.0036444091238081455
142,836,16,2,-4.242712020874023,0.0032159996,-0.0097983265,False,822,0.0012927341740578413,-0.0001052093502948992,-0.011616382747888565
144,155,3,2,-3.6149630546569824,0.0038229655,0.0035098363,False,152,0.0005259370664134622,0.0015740537783131003,-0.0013612459879368544
144,334,6,2,-3.914278984069824,-0.0044139097,-0.0037700748,False,325,-0.005155596882104874,0.004037275444716215,-0.0085490383207798
147,66,1,2,-3.925668716430664,0.00019871235,-0.0013763047,False,82,-0.0015954398550093174,0.0004910802817903459,-0.003661537077277899
147,323,6,2,-3.8015453815460205,0.0056024697,-0.0029074287,False,326,-0.0032145213335752487,-0.0033622216433286667,-0.008362198248505592
147,329,6,2,-4.050917148590088,-0.009614162,0.0008933735,False,346,0.007428064476698637,0.007353177294135094,0.010582422837615013
147,538,10,2,-3.993485450744629,0.0027867602,0.0029688836,False,513,-0.00428022863343358,0.0015338659286499023,-0.005631971172988415
147,650,13,2,-3.1647233963012695,0.009881091,-0.004851761,False,655,0.0020209408830851316,0.0077583263628184795,-0.020470239222049713
147,724,14,2,-4.00447940826416,0.001580143,-0.0008622551,False,729,-0.003830547444522381,-0.004099640995264053,-0.002173304557800293
147,814,16,2,-4.097019195556641,-0.0043671797,-0.0012533951,False,825,-0.00287627219222486,-0.0005933284992352128,0.0008308410178869963
147,838,16,2,-4.338441848754883,-0.0022857666,-0.0047755814,False,822,0.0019408034859225154,0.0013144874246791005,-0.0018634987063705921
149,172,3,2,-3.61031174659729,0.0033824968,-0.0050245523,False,163,-0.0011050176108255982,0.006707639899104834,-0.01621970534324646
149,260,5,2,-4.016639232635498,-0.0037305355,-0.0059405994,False,292,0.0005763053777627647,-0.0024780654348433018,0.0008443070109933615
149,335,6,2,-4.007620811462402,-0.002835498,0.0025534201,False,340,0.005158066749572754,0.0011691045947372913,0.009377880021929741
149,630,12,2,-3.484617233276367,0.0026645183,0.0009569454,False,614,-0.003941564355045557,0.00022825718042440712,-0.005877394694834948
150,674,13,2,-4.207913398742676,0.0013528347,0.0018979072,False,658,0.0005595207330770791,-0.012156715616583824,0.013261308893561363
150,718,14,2,-4.603398323059082,-0.0024739837,-0.0055355453,False,710,-0.0026846027467399836,0.0033911799546331167,-0.009137344546616077
151,644,12,3,-5.0264434814453125,-0.009094047,0.0012459564,False,-1,,,
152,349,6,2,-3.543686628341675,0.0010435677,-0.0011888456,False,328,-0.004982476122677326,-0.0030865382868796587,-0.004128350876271725
152,818,16,2,-3.6910970211029053,8.605004e-05,-0.008707366,False,833,0.0007106113480404019,-0.0035987806040793657,-0.004484024364501238
153,168,3,2,-4.17482852935791,0.0006251812,-0.001575594,False,190,-0.004670996684581041,-0.0024289607536047697,-0.004442811012268066
153,316,6,2,-3.706425189971924,0.01207282,-0.0021901084,False,305,-0.0001425647787982598,-0.007179837208241224,-0.007225656416267157
154,342,6,2,-3.775921583175659,0.0059824036,0.00927002,False,326,-0.005982317961752415,-0.0016207551816478372,-0.0010739467106759548
154,556,11,2,-3.7830450534820557,0.0011330938,-0.0019716644,False,591,-0.0029760790057480335,-0.0032188938930630684,-0.0028619433287531137
155,309,6,2,-3.7210283279418945,0.0012238455,0.0027422905,False,326,-0.005151024088263512,-0.002866592491045594,-0.00076598662417382
155,611,12,2,-3.959932327270508,-0.004250083,0.004598031,False,604,0.001279101357795298,0.0007937145419418812,0.009333500638604164
156,157,3,2,-4.204134941101074,-0.005858617,0.0017259216,False,190,-0.005457625258713961,-0.00498746894299984,0.007114381995052099
156,271,5,2,-3.265302896499634,0.0050580977,0.0014126396,False,251,0.004752859938889742,-0.0008263635681942105,0.0019337653648108244
156,300,6,2,-3.285032033920288,0.0116996905,-0.00053824426,False,306,0.0011861276580020785,0.004759836010634899,-0.01581164263188839
156,585,11,2,-4.104825019836426,0.0076194284,0.002614832,False,599,0.0004151058092247695,0.006392674520611763,-0.010982165113091469
157,711,14,2,-4.0648932456970215,-0.0009401131,-0.0052124024,False,728,-0.004812269005924463,0.0013745879987254739,-0.010459146462380886
157,841,16,2,-4.432572364807129,0.0018162155,-0.007737522,False,825,-0.004093436989933252,0.0009477043058723211,-0.014594879001379013
158,293,5,2,-3.925004005432129,-0.00072728156,0.003441949,False,257,-0.002379350597038865,0.005992574617266655,-0.00420269463211298
158,475,9,2,-3.745980739593506,-8.711815e-05,0.00015805244,False,487,-0.0004144906997680664,-0.0021901894360780716,0.00202086940407753
158,568,11,2,-2.7692391872406006,0.011560058,0.009692669,False,-1,,,
158,667,13,2,-3.2039568424224854,0.009688177,-0.000990839,False,694,0.0023425722029060125,-0.0006656122277490795,-0.007670831400901079
158,778,15,2,-3.825683832168579,-0.00084667205,-0.0013121605,False,767,-0.0005859708762727678,0.002713847206905484,-0.003765306668356061
158,828,16,2,-3.8557755947113037,0.0061306427,-0.0052445172,False,842,0.002139773452654481,-0.006125025916844606,-0.0031103603541851044
159,570,11,2,-4.180358409881592,-0.0034375286,-0.004264431,False,579,0.0014526748564094305,-0.0046434784308075905,0.005269250832498074
159,834,16,2,-4.444913864135742,-0.004926157,0.0024682425,False,825,-0.005637636408209801,0.0020768260583281517,-0.0003200629726052284
160,310,6,2,-2.877499580383301,0.007736659,0.0034056043,False,-1,,,
160,315,6,2,-4.322403907775879,0.0015464115,-0.0127713205,False,312,0.0017509746830910444,0.003818340366706252,-0.016385097056627274
160,554,11,2,-3.1630918979644775,0.007900467,-0.0046478272,False,565,5.560398130910471e-05,0.003146581584587693,-0.015639271587133408
160,800,16,2,-3.501688003540039,-0.0049659205,0.00697567,False,833,-0.00025365353212691844,-0.0065270378254354,0.01821497455239296
162,198,3,2,-3.69881010055542,0.0057140253,-0.0015455341,False,193,-0.001861042925156653,0.0011468600714579225,-0.010267462581396103
162,562,11,2,-4.10281229019165,-0.0036507798,-0.00534791,False,599,0.0006429767818190157,0.004979128949344158,-0.00603328226134181
164,532,10,2,-4.086103439331055,-0.0051099537,0.0020676088,False,527,0.0022719097323715687,0.0006016445113345981,0.008847828023135662
164,693,13,2,-4.0955328941345215,0.006259527,-0.00839757,False,679,-0.0029353618156164885,-0.012319440953433514,-0.005273018032312393
167,512,10,2,-4.051162242889404,-0.0052488805,-0.0015570164,False,506,-0.00491474149748683,0.003774499986320734,-0.004997377283871174
167,592,11,2,-4.105930328369141,0.0021228218,-0.004801054,False,557,-0.00018354416533838958,-0.0009313869522884488,-0.006176033057272434
168,285,5,2,-3.4886131286621094,0.009291453,-0.0025243713,False,261,0.006071886979043484,-0.0018348359735682607,-0.003909101709723473
168,505,10,2,-4.249392032623291,-0.002710371,5.736351e-05,False,510,-0.005160484462976456,0.0002760505594778806,-0.0026688005309551954
168,582,11,2,-4.111485004425049,-0.0022144222,-0.004166765,False,557,-0.001421594643034041,-0.0010012817801907659,-0.0023726557847112417
168,698,13,2,-4.088189601898193,0.0038690567,-0.005280838,False,695,0.003504800843074918,-0.005103492643684149,-0.0005416003987193108
170,169,3,2,-4.2896318435668945,-0.008728385,-0.00079550745,False,167,0.0009313869522884488,0.0026886749546974897,0.00617558928206563
170,569,11,2,-3.6281867027282715,0.0050170277,-0.0068926336,False,573,0.007363872602581978,-0.0011386871337890625,-0.0034071020781993866
170,819,16,2,-3.8258817195892334,-0.000555048,-0.0022141887,False,847,0.003372402163222432,-0.004434995818883181,0.006148257292807102
170,840,16,2,-3.864464044570923,-0.00038430214,-0.0010768557,False,847,0.003372402163222432,-0.004434995818883181,0.007114844396710396
171,304,6,2,-4.258176326751709,-0.004612503,-0.0075124074,False,312,-0.001577186631038785,0.00619259849190712,-0.010669689625501633
171,647,12,2,-3.404177188873291,0.0008380604,0.0059791137,False,614,0.004979720339179039,-0.0059259794652462006,0.016046753153204918
171,691,13,2,-3.7086758613586426,0.003637004,-0.00071568013,False,659,-0.0044455863535404205,-0.005123743787407875,-0.003674526698887348
171,826,16,2,-4.878157138824463,-0.008760376,-0.0024722957,False,824,-0.001213121460750699,-0.009445514529943466,0.014520473778247833
174,535,10,2,-4.217441082000732,0.0012494564,-0.00032197952,False,510,-0.003324527759104967,0.0020598697010427713,-0.00695583363994956
174,707,14,2,-4.594642639160156,-0.010765982,0.0009680271,False,744,0.0017459106165915728,-0.0029170322231948376,0.01639695093035698
175,319,6,2,-3.8445425033569336,-0.0053992225,-0.0007291079,False,321,0.0021896029356867075,0.007603607140481472,-0.0007438897155225277
175,808,16,2,-4.331568241119385,0.0010022068,-0.00073498726,False,825,-0.0006375312805175781,-0.002958412282168865,0.0005836868658661842
177,564,11,2,-4.1800856590271,-0.004122429,-0.0045702364,False,575,-0.0123760886490345,-0.007121143396943808,-0.005702752619981766
177,820,16,2,-3.140989065170288,0.013424626,-0.0068366,False,827,-0.000414700509281829,-0.0022275589872151613,-0.018448367714881897
178,559,11,2,-4.008151054382324,-5.3987504e-05,-0.00037210464,False,552,-0.004800128750503063,-0.0012394619407132268,-0.0038787841331213713
178,835,16,2,-3.406984567642212,0.0055644987,-0.006931486,False,846,-0.00535973533987999,0.0013415050925686955,-0.01919722557067871
179,1,0,2,-4.217635154724121,-0.0004520607,-0.0014181423,False,26,-0.0014865302946418524,-0.0026192760560661554,0.000166664132848382
179,734,14,2,-3.4427034854888916,0.01118443,0.0017548418,False,723,-0.0024074220564216375,0.00348073011264205,-0.01531773991882801
183,25,0,2,-4.074214935302734,-0.0020304872,0.00039101602,False,22,0.0011572075309231877,0.004071564879268408,-0.0004928542766720057
183,165,3,2,-4.062838077545166,-0.00088838575,-0.0072396565,False,154,0.0010614299681037664,-0.0032540701795369387,-0.0020357705652713776
183,660,13,2,-3.690890073776245,0.010162196,0.009301496,False,692,0.008169707842171192,-0.0036483861040323973,0.010957393795251846
183,839,16,2,-3.4738152027130127,0.006741643,0.005352387,False,846,-0.0026693916879594326,-0.0013394546695053577,-0.0027191927656531334
184,576,11,2,-5.181061267852783,-0.009953947,-0.008651495,False,580,0.0015472221421077847,-0.0034181117080152035,0.006267785560339689
184,686,13,2,-3.5225439071655273,0.007190962,-0.0024699832,False,656,0.0026269054505974054,0.004722709767520428,-0.01175674982368946
184,746,14,2,-5.00345516204834,-0.0040241815,0.0008189869,False,748,-0.014238319359719753,0.0018334006890654564,-0.011228552088141441
184,851,17,2,-3.7815003395080566,0.000499754,-0.000121512414,False,891,0.0005212306859903038,0.004350772127509117,-0.004450807813555002
187,372,7,2,-3.929549217224121,-0.00033486367,-0.0029031371,False,391,-0.0011304187355563045,0.0009020662400871515,-0.004600758198648691
187,613,12,2,-4.193723678588867,0.011559124,0.0041737794,False,637,0.0008581829024478793,0.007910299114882946,-0.014437461271882057
188,345,6,2,-4.897050857543945,-0.0072784424,0.00447052,False,324,-0.006035251542925835,0.0023026657290756702,0.0034110452979803085
188,639,12,2,-4.3151702880859375,0.0055992887,0.0024048043,False,648,-0.006857366766780615,-0.000520191213581711,-0.009531660005450249
191,657,13,2,-4.1571431159973145,-0.004943843,-0.0075176144,False,675,0.0018693542806431651,-0.007687415927648544,0.006982998922467232
191,837,16,2,-4.725485801696777,-0.00881752,-0.00020604134,False,810,0.00543589610606432,-0.003638200694695115,0.017685575410723686
196,78,1,2,-3.9693522453308105,-0.00030569077,0.0010980654,False,67,-0.0012667083647102118,0.0012679672800004482,-0.001130919437855482
196,466,9,2,-3.913050413131714,0.00058462145,0.00065573695,False,469,0.0005187559290789068,0.00016173362382687628,0.00042813780601136386
196,703,14,2,-3.658010244369507,0.005187807,-0.0011057091,False,738,-0.0013196945656090975,-0.0023560523986816406,-0.005257158540189266
196,705,14,2,-3.7109127044677734,0.009103003,-0.0044586374,False,738,-0.0013196945656090975,-0.0023560523986816406,-0.012525281868875027
199,225,4,2,-3.500751495361328,0.00066425325,0.0036767626,False,234,0.0014921474503353238,-0.005795054603368044,0.010299711488187313
199,633,12,2,-4.1591410636901855,-0.010207867,-0.00034970284,False,638,-0.0027777766808867455,0.0029735183343291283,0.004106868989765644
200,38,0,2,-3.84295916557312,0.0019940424,0.0019442034,False,42,-0.0013295268872752786,0.004063434433192015,-0.005442800000309944
200,680,13,2,-3.617630958557129,0.008649626,-0.0062700985,False,688,0.009967045858502388,-0.0055064489133656025,0.0005537699908018112
200,716,14,2,-4.180811405181885,0.0028674412,0.0039014912,False,729,-0.0031411743257194757,0.00899442657828331,-0.011101550422608852
200,844,16,2,-4.4092116355896,-0.0017366791,-0.0001286316,False,825,-0.002364988438785076,-0.008492784574627876,0.007735843770205975
202,325,6,2,-3.551086664199829,0.007234564,-0.010895705,False,346,0.009555177763104439,-0.0073768566362559795,-0.001198234036564827
202,645,12,2,-4.0452165603637695,-0.007985358,0.0012643003,False,648,1.3046264939475805e-05,-0.0074935052543878555,0.01675621047616005
206,449,8,2,-3.767353057861328,0.0049708937,-0.002017069,False,407,0.0010412692790850997,0.0015956449788063765,-0.007542338687926531
206,622,12,2,-4.156373977661133,-0.008972764,-0.00093310355,False,637,-0.003421888453885913,-0.004562511574476957,0.009180284105241299
207,183,3,2,-3.8239245414733887,-0.00073611736,0.0018598223,False,151,0.00017311096598859876,-0.00012714386684820056,0.002896194579079747
207,323,6,2,-3.824183940887451,0.0022792197,-0.007533865,False,326,-0.0022539091296494007,-0.0022487163078039885,-0.00981827825307846
207,635,12,2,-3.540734052658081,-0.0060022594,0.00615983,False,601,-0.0026181794237345457,-0.002895035780966282,0.012438945472240448
207,646,12,2,-4.290028095245361,-0.012189116,-0.0023963642,False,603,0.00533296586945653,-0.00781220430508256,0.022937923669815063
208,8,0,2,-4.174525737762451,0.00438303,0.001037693,False,47,0.0007586002466268837,-0.0027233315631747246,0.00013659498654305935
208,543,10,2,-3.921884536743164,-0.0009251833,0.0053436137,False,537,0.0018304013647139072,-0.00022119045024737716,0.008320389315485954
208,600,12,2,-3.9360671043395996,0.0017397595,-0.00063529966,False,612,0.002576699247583747,-0.0038305330090224743,0.004032173193991184
208,701,14,2,-5.386179447174072,-0.011981487,-0.0062707234,False,-1,,,
208,815,16,2,-3.7772469520568848,0.004344244,-0.005175953,False,846,-0.005148672964423895,-0.0023146439343690872,-0.012354226782917976
208,818,16,2,-4.3082146644592285,-0.010886159,0.008396311,False,843,-0.004164753016084433,0.004237566143274307,0.010880149900913239
212,96,1,2,-3.9241960048675537,-0.0010987902,-0.0007598257,False,97,0.0009979105088859797,0.0009331274195574224,0.0004037476028315723
212,832,16,2,-3.937839984893799,0.006465597,0.004797759,False,845,0.003099627560004592,-0.0010399103630334139,0.002471699845045805
214,444,8,2,-3.725593328475952,0.0012708711,0.001092968,False,407,0.0014887761790305376,-0.0005512571078725159,0.0018621301278471947
214,805,16,2,-3.919745445251465,-0.0014662409,-0.0058240984,False,801,0.0029604576993733644,0.007565421983599663,-0.008962822146713734
215,327,6,2,-3.794724225997925,0.0076129963,-0.015769439,False,308,-0.0027746581472456455,-0.0008909463649615645,-0.025266146287322044
215,482,9,2,-3.7635045051574707,0.0021858884,-0.0046709585,False,471,0.00017282008775509894,0.0006889295764267445,-0.00737295625731349
215,709,14,2,-4.548196315765381,-0.0024078465,0.00078810693,False,719,0.003958768676966429,0.0019348430214449763,0.0052198790945112705
215,756,15,2,-3.935009479522705,0.0029195119,0.0028302383,False,788,0.002930297749117017,3.964424104196951e-05,0.0028013798873871565
218,632,12,2,-4.511682510375977,-0.002701397,0.0010644341,False,624,0.003310937900096178,-0.003456287318840623,0.010533057153224945
218,699,13,2,-4.384580135345459,0.00012610435,-0.0013141346,False,652,0.00426280964165926,-0.00257671345025301,0.005399283953011036
220,306,6,2,-2.8505563735961914,0.0070169256,-0.011285114,False,-1,,,
220,669,13,2,-3.6949923038482666,-0.004193783,-0.0072207977,False,687,0.011326875537633896,-0.0010665702866390347,0.009366430342197418
222,27,0,2,-3.8929860591888428,-0.0016241836,-0.0015377664,False,5,-0.0011406326666474342,-0.0030579566955566406,0.002003741217777133
222,98,1,2,-3.9979710578918457,5.973816e-05,3.7007332e-05,False,56,-5.6133270845748484e-05,0.0001841068296926096,-0.00026297091972082853
222,829,16,2,-4.277248859405518,-0.019919991,0.0025871946,False,822,-0.0005529880290850997,0.0024098586291074753,0.019544340670108795
222,847,16,2,-4.033471584320068,-0.004928727,-0.0043794154,False,843,0.0019458484603092074,-0.002232942497357726,0.004728102590888739
223,567,11,2,-4.1507720947265625,-0.0045647477,-0.0053016185,False,557,-0.00152673723641783,-0.005275573581457138,0.0030119656585156918
223,582,11,2,-4.32534122467041,-0.006684389,0.0010727405,False,572,-0.0021373843774199486,0.0013519859639927745,0.004267759155482054
223,670,13,2,-3.8653101921081543,0.0018705702,-0.008102637,False,681,0.0008799124043434858,-0.005589194130152464,-0.003504101186990738
223,849,16,2,-3.622248411178589,0.0052678585,0.000517478,False,801,0.0013181018875911832,0.0037906456273049116,-0.007222923915833235
224,641,12,2,-5.129308700561523,-0.0118865585,-0.0042599775,False,615,-0.009250622242689133,-0.001490631140768528,-0.00013341009616851807
224,722,14,2,-4.746243953704834,-0.0106217,0.0040281774,False,719,-0.0018584632780402899,0.007063054945319891,0.005728359334170818
224,833,16,2,-4.144347667694092,-0.01213171,0.0039930725,False,845,0.0036464883014559746,0.0025834941770881414,0.017187776044011116
224,886,17,2,-4.084775447845459,0.001125412,-0.00045329094,False,870,-0.0015903186285868287,0.001252565416507423,-0.004421587102115154
225,295,5,2,-4.269218921661377,-0.0054557896,0.0021386147,False,268,-0.005189642775803804,-0.006774644833058119,0.009179405868053436
225,823,16,2,-4.501216411590576,-0.0003031063,9.3860624e-05,False,813,0.009410801343619823,-0.0005664825439453125,0.010374250821769238
226,3,0,2,-4.036579608917236,0.0019919586,-0.0004983425,False,19,-1.5144348253670614e-05,-0.0018374633509665728,-0.0006679821526631713
226,558,11,2,-4.2837042808532715,-0.004490633,-0.0022721863,False,594,-0.00783700030297041,-0.0011096858652308583,-0.004508867859840393
226,836,16,2,-4.206140995025635,0.010362997,0.0049553965,False,822,-0.002088890178129077,-2.3603439331054688e-05,-0.0074728867039084435
226,841,16,2,-4.063533782958984,0.011705923,-0.0005238056,False,845,0.0035685920156538486,0.001968975178897381,-0.010630112141370773
227,426,8,2,-3.690988779067993,0.0023470735,0.00079425337,False,440,-0.005055742338299751,-0.0023228167556226254,-0.0042857457883656025
227,659,13,2,-4.255746841430664,-0.009338927,0.006632652,False,653,-0.0010302544105798006,0.002206401899456978,0.012734922580420971
228,157,3,2,-4.117970943450928,0.0028496743,0.0023510647,False,179,-0.004955334588885307,0.005033059045672417,-0.01048700325191021
228,809,16,2,-3.5931310653686523,-0.007450428,-0.00093889236,False,801,0.005192494485527277,0.0008113384246826172,0.01089269109070301
231,665,13,2,-3.8106467723846436,0.01060843,0.0122789005,False,654,-0.008381438441574574,0.00042627810034900904,-0.0071372464299201965
231,684,13,2,-3.9266445636749268,0.004589372,-0.002717929,False,681,0.0011918735690414906,-0.008846607059240341,0.002731179352849722
231,711,14,2,-4.386937141418457,-0.0062142373,0.00020091057,False,717,-0.003934993874281645,-0.0028972721192985773,0.005377425812184811
231,979,19,2,-4.273682117462158,-0.004908447,-0.0016784095,False,989,-0.0023139952681958675,-0.005211343988776207,0.006127386353909969
232,614,12,2,-3.840660333633423,-0.010318451,-0.0046147583,False,607,0.002225251169875264,-0.0023663712199777365,0.010295314714312553
232,817,16,2,-3.590259075164795,0.0074015046,0.0057192086,False,801,0.0020338725298643112,0.004392280708998442,-0.004040704108774662
235,446,8,2,-3.4273996353149414,0.003040099,-0.0010820341,False,445,0.002209844533354044,0.0027937411796301603,-0.0047060297802090645
235,811,16,2,-4.238838195800781,-0.0035217,0.0023506165,False,822,0.0014764022780582309,-0.0019837571308016777,0.009332476183772087
240,391,7,2,-3.8640265464782715,0.00088449003,0.0004944515,False,368,0.004764013458043337,-0.0033538150601089,0.007727790158241987
240,830,16,2,-4.263676166534424,0.008360996,-0.0010749531,False,822,0.0064414977096021175,-0.004691924899816513,0.0016974741593003273
242,625,12,2,-4.45748233795166,-0.0027655791,-0.007698431,False,603,-0.0014094829093664885,-0.011795149184763432,0.005452814046293497
242,692,13,2,-3.688568592071533,-0.0007659006,-0.0021642733,False,663,-0.004379305988550186,0.007989201694726944,-0.0137668801471591
243,678,13,2,-3.664243221282959,0.01332346,-0.007440729,False,663,-0.005031213629990816,0.008290114812552929,-0.03408551961183548
243,757,15,2,-3.734844923019409,-0.0015313482,0.0022074748,False,785,-0.0015300273662433028,-0.0010836791479960084,0.00329247466288507
246,332,6,2,-4.01749324798584,-0.004782853,0.002182212,False,305,0.006182517856359482,-0.004457120783627033,0.017604704946279526
246,439,8,2,-3.861205577850342,0.0017558336,0.002169757,False,411,0.0027385663706809282,0.0010748052736744285,0.00207768427208066
246,546,10,2,-3.8405840396881104,0.0022057295,0.00027081967,False,522,-0.0034204625990241766,0.0034898424055427313,-0.008845214731991291
246,741,14,2,-4.177569389343262,-0.008595777,0.0010218716,False,728,0.0015324020059779286,-0.004251709207892418,0.015401759184896946
248,621,12,2,-4.922830581665039,-0.007228985,0.0025337506,False,606,-0.004513702355325222,-0.004064912907779217,0.009313946589827538
248,810,16,2,-4.666914939880371,0.00080545427,0.0038838673,False,813,0.004112310241907835,0.0015827560564503074,0.005607967264950275
250,272,5,2,-3.881032943725586,-0.0020049382,-0.0009762907,False,261,-0.01053109671920538,0.0012581777991726995,-0.010760626755654812
250,329,6,2,-4.162622928619385,-0.003447585,0.00502768,False,333,0.006466884631663561,-0.005175609607249498,0.020117759704589844
250,431,8,2,-4.010187149047852,-0.0034229422,0.0004081583,False,416,0.0020312403794378042,0.0008225440979003906,0.00503979716449976
250,602,12,2,-4.823976039886475,-0.011580715,-0.008495779,False,606,-0.0026845550164580345,-0.004365778062492609,0.004766159225255251
250,689,13,2,-4.220129489898682,0.0074362564,0.0085050585,False,695,-0.003841676749289036,-0.007727193646132946,0.004954318981617689
250,808,16,2,-4.442239284515381,-0.0003159809,-0.0006807327,False,838,0.0036836815997958183,-0.000619430560618639,0.0039383601397275925
251,1,0,2,-4.246376991271973,0.0016321563,-0.0020335675,False,11,0.0002184391050832346,6.933211989235133e-05,-0.003516616765409708
251,331,6,2,-5.293571949005127,-0.006869936,0.010367565,False,320,-0.00010521888907533139,0.00910339318215847,0.008028889074921608
251,429,8,2,-3.9009902477264404,-0.0036303997,0.00308743,False,406,-0.00047177792293950915,0.002253694459795952,0.003992357291281223
251,842,16,2,-4.18031120300293,-0.0034726334,-0.0022383214,False,822,0.005219707265496254,-0.0041603087447583675,0.01061432808637619
252,573,11,2,-3.4197304248809814,0.0032634402,-0.0053850696,False,561,0.004291043151170015,0.0018460368737578392,-0.00620350381359458
252,643,12,2,-3.470848560333252,0.0006395054,-0.012356796,False,630,0.002723150188103318,-0.0008553075604140759,-0.009417844004929066
256,267,5,2,-3.8425703048706055,-1.2555122e-05,0.0012955236,False,283,0.00324824801646173,0.0021878147963434458,0.002368512097746134
256,304,6,2,-4.08101749420166,0.009887457,0.016132426,False,346,-0.01098028663545847,0.003072452498599887,-0.007807770743966103
256,312,6,2,-4.639130592346191,-0.010826578,-0.0056381226,False,341,-0.005593910347670317,0.0073593901470303535,-0.007764844223856926
256,919,18,2,-3.923945426940918,-0.00025017737,0.000128479,False,901,-0.0006853914237581193,-0.0005921029951423407,0.0002853679470717907
257,677,13,2,-3.4162826538085938,0.0002721405,-0.0012351752,False,655,-0.00905447918921709,-9.8080636234954e-05,-0.010463714599609375
257,827,16,2,-2.887514591217041,0.00748188,0.0076289703,False,802,0.0038672257214784622,-0.007358961272984743,0.011373276822268963
259,270,5,2,-4.456177234649658,-0.0065945815,-0.007709293,False,274,-0.001499176025390625,-0.0017289542593061924,-0.0008849333971738815
259,343,6,2,-4.115055084228516,-0.0037849713,-0.0022492886,False,333,0.005796423181891441,-0.005348043516278267,0.012680149637162685
261,575,11,2,-4.388647556304932,0.0028652477,0.0052949907,False,581,-0.0041417027823626995,-0.006052589509636164,0.0043406300246715546
261,612,12,2,-4.264013767242432,-0.0080527635,-0.0038570212,False,627,-0.009076876565814018,-0.0017194557003676891,-0.0031616785563528538
262,315,6,2,-4.833827018737793,0.0041635227,0.0037420655,False,302,-0.007581548765301704,-0.01266501471400261,0.004662008956074715
262,552,11,2,-4.533270835876465,-0.012887764,-0.00066472054,False,578,-0.005625104997307062,0.006784209981560707,-0.000186271034181118
262,608,12,2,-5.048538684844971,-0.002403698,0.004497528,False,615,-0.002141704550012946,0.0023188686463981867,0.002440652810037136
262,682,13,2,-4.475252628326416,-0.0003928852,0.0024700547,False,652,-0.0012135314755141735,-0.00028233526973053813,0.0019317436963319778
263,505,10,2,-4.424861907958984,-0.0038618755,-0.002526827,False,544,-0.006421174854040146,0.002778339432552457,-0.007864465937018394
263,637,12,2,-4.510431289672852,-0.007106495,0.004721403,False,619,0.0047508906573057175,0.0004838657332584262,0.01609492301940918
265,54,1,2,-3.7123680114746094,-0.0012524128,-0.000698638,False,80,-0.0005252504488453269,-0.002694721333682537,0.0027232456486672163
265,334,6,2,-4.671483039855957,-0.01099555,-0.0077174855,False,307,-0.007151241414248943,0.004489917773753405,-0.008363095112144947
265,547,10,2,-4.773037910461426,0.00048054697,0.0076719476,False,531,-0.003733453806489706,-0.007046499289572239,0.010504445992410183
265,825,16,2,-4.847718715667725,-0.0064491653,0.0024297906,False,813,-0.004832906648516655,0.002020826330408454,0.0020252224057912827
269,310,6,2,-2.769672393798828,0.0008943844,-0.0104354955,False,342,0.008307871408760548,-0.011173401027917862,0.00815139152109623
269,807,16,2,-2.8300981521606445,-0.006492329,0.000897131,False,802,0.0060557411052286625,-0.006390948314219713,0.019836150109767914
270,697,13,2,-4.29293966293335,0.0062140846,0.0077963592,False,658,0.0030729675199836493,-0.0027553271502256393,0.007410569582134485
270,821,16,2,-5.429171562194824,-0.0050970362,0.0051263045,False,-1,,,
271,327,6,2,-4.640758037567139,-0.01389102,-0.0075722598,False,307,-0.0045390985906124115,0.0010668468894436955,0.0007128147408366203
271,504,10,2,-3.2042300701141357,9.443283e-05,-0.005835476,False,545,0.0008740949560888112,0.001989331329241395,-0.007045145146548748
273,349,6,2,-3.807809591293335,-0.010208688,0.0012120581,False,308,0.0022383974865078926,-0.004211239982396364,0.017870383337140083
273,526,10,2,-4.431368350982666,0.00012023926,0.0019922638,False,544,-0.005915965884923935,0.0004520416259765625,-0.004495983012020588
275,328,6,2,-3.740361213684082,-0.003308015,-0.0005290175,False,303,0.00627183448523283,-0.008589501492679119,0.017640333622694016
275,820,16,2,-3.750457525253296,-0.008877482,0.0017291975,False,816,0.00044416903983801603,0.001629471778869629,0.009421377442777157
277,373,7,2,-4.050851345062256,-0.003179288,0.0005730629,False,371,0.0003507518849801272,-0.00041336059803143144,0.00451646326109767
277,847,16,2,-4.1094584465026855,-0.00356853,-0.004287157,False,834,0.006177797447890043,-0.004151525441557169,0.009610695764422417
279,109,2,2,-4.057839870452881,0.000104904175,0.0021124696,False,133,0.0011178969871252775,-0.00046031951205804944,0.003585781902074814
279,812,16,2,-5.782321929931641,-0.007419157,0.0041967584,True,824,-0.006054716184735298,-0.0042074392549693584,0.009768638759851456
281,311,6,2,-5.19649600982666,-0.0121988775,-5.8145524e-05,False,320,0.0026591874193400145,0.008513898588716984,0.006286021322011948
281,448,8,2,-3.259014844894409,0.006639161,-0.0040912344,False,445,0.0017900991952046752,0.0050786640495061874,-0.014018960297107697
281,593,11,2,-3.682387351989746,-0.009932289,0.0005888939,False,584,0.003870043670758605,-0.004782152362167835,0.019173379987478256
281,629,12,2,-3.4373788833618164,0.0067471983,0.0047367956,False,623,0.00024870396009646356,-0.0037198876962065697,0.0019581890664994717
281,809,16,2,-3.5763509273529053,-0.0007787132,0.0032230283,False,806,0.007632155437022448,0.001588692655786872,0.010045204311609268
281,927,18,2,-3.6336023807525635,0.0003128624,1.4562607e-05,False,932,-0.00022091389109846205,-0.0020739936735481024,0.0015547799412161112
284,262,5,2,-3.684460401535034,0.0035662032,0.0062434766,False,264,-0.0030157328583300114,0.0015831375494599342,-0.0019215969368815422
284,601,12,2,-3.909414529800415,-0.003494568,-0.0037077283,False,617,-0.0016898870235309005,-0.001181859988719225,-0.0007211874471977353
285,646,12,2,-4.614563465118408,-0.0064956285,-0.0057819746,False,619,0.003118925029411912,0.0011097145034000278,0.002722864504903555
285,835,16,2,-3.8053791522979736,-0.0008745718,0.0006809616,False,806,0.004868974909186363,0.00302870268933475,0.003395805601030588
286,206,4,2,-3.8000481128692627,0.0057563926,0.0026635695,False,238,0.0008735180017538369,-0.002271137200295925,5.1832059398293495e-05
286,661,13,2,-3.9384593963623047,-0.011417613,-0.0033082294,False,696,0.002258949214592576,-0.0008814048487693071,0.011249737814068794
286,699,13,2,-4.1176629066467285,0.009451504,-0.008088436,False,653,-0.0001548099535284564,-0.005497570149600506,-0.012197180651128292
286,711,14,2,-4.459282398223877,-5.8317186e-05,-0.0012026024,False,718,0.00863521546125412,0.0033967781346291304,0.00409415178000927
288,259,5,2,-4.018135070800781,-0.0005595875,-0.0012111282,False,294,-0.0006211376166902483,0.0012965059140697122,-0.002569184172898531
288,675,13,2,-4.1321611404418945,0.0074250507,0.0020114325,False,653,0.0005076884990558028,-0.0029742144979536533,-0.0019317148253321648
289,317,6,2,-4.189780235290527,0.0067289923,-0.007195501,False,319,-0.007445225492119789,-0.013426837511360645,-0.007942881435155869
289,525,10,2,-4.383587837219238,-0.0032756042,-0.0012240601,False,535,-0.002513284794986248,-0.00034746169694699347,-0.0001142788678407669
289,563,11,2,-4.480422496795654,0.00029518126,-0.000591135,False,560,-0.004098863806575537,-0.001208181376568973,-0.0037769987247884274
289,572,11,2,-4.635977268218994,-0.0050905324,-0.005447235,False,590,-0.005095472559332848,0.0011867332505062222,-0.006638908293098211
289,605,12,2,-4.202791213989258,-0.004090037,0.0054413797,False,639,-0.0050321100279688835,0.0008432865142822266,0.003656020388007164
289,843,16,2,-4.056332588195801,-0.0008141613,-0.009573612,False,834,0.008220481686294079,-0.0035114765632897615,0.002972506918013096
290,532,10,2,-3.731423854827881,0.004314752,0.0046039103,False,522,0.003775110235437751,-0.0017703819321468472,0.005834650713950396
290,815,16,2,-4.654970645904541,-0.018111324,-0.004263735,False,813,0.001784362830221653,-0.007911929860711098,0.023543883115053177
293,376,7,2,-4.068905830383301,-0.0012283039,-0.0015662289,False,350,-0.0005905914586037397,0.0005786132533103228,-0.0015071297530084848
293,589,11,2,-4.691577434539795,-0.008450861,-0.0062391376,False,553,0.006963110063225031,-0.011659813113510609,0.020834647119045258
293,620,12,2,-5.2127366065979,-0.009816618,0.0012952423,False,615,-0.005547389853745699,0.004331264644861221,0.0012332061305642128
293,733,14,2,-3.7609736919403076,0.004459534,0.0037341404,False,732,0.00011361599172232673,-0.0006548738456331193,4.309642827138305e-05
294,592,11,2,-4.391974449157715,-0.001179123,-0.0054555414,False,557,-0.0011400318471714854,-0.003105649957433343,-0.002310800366103649
294,666,13,2,-3.7867019176483154,-0.010076838,0.0018878602,False,654,0.0020371342543512583,-0.005857901647686958,0.019859733060002327
298,273,5,2,-3.714354991912842,-0.0045361663,-0.0008610296,False,254,0.003825016086921096,0.0011399650247767568,0.006360187660902739
298,684,13,2,-3.8541457653045654,0.0037666368,-0.008325505,False,654,0.0019562768284231424,-0.0032270050141960382,-0.006908859591931105
301,31,0,2,-3.5236353874206543,0.00021751881,-0.00020437717,False,4,-0.0010925292735919356,0.004205865785479546,-0.0057202912867069244
301,582,11,2,-3.730292797088623,0.011355877,-0.002687068,False,569,0.0022826194763183594,-0.008087940514087677,-0.0036723846569657326
302,588,11,2,-4.911529541015625,-0.006286421,-0.0066826344,False,556,-0.004199419170618057,-0.00738590257242322,0.002790269907563925
302,823,16,2,-5.031327724456787,-0.011840782,-0.007237692,False,848,-3.028869650734123e-05,-8.781433280091733e-05,0.00466061569750309
303,84,1,2,-3.8888895511627197,5.970001e-05,-0.0006463814,False,60,-0.0003788566682487726,-0.0013990449951961637,0.0003141069319099188
303,706,14,2,-4.028807163238525,0.006270294,-0.0022836018,False,726,-0.006566119380295277,0.011405386961996555,-0.026525402441620827
303,722,14,2,-3.9553191661834717,0.010520873,0.0042514466,False,725,0.0030071830842643976,-0.006071977782994509,0.0028097350150346756
303,794,15,2,-4.200557231903076,-0.0035798168,0.0016239167,False,766,-0.003617343958467245,0.002174987690523267,-0.0005885986611247063
305,1,0,2,-4.3805413246154785,-0.0032999706,-0.0041361903,False,37,-0.0019544316455721855,-0.0021533011458814144,-0.0006373501382768154
305,20,0,2,-4.1008501052856445,-0.0016602707,0.007523408,False,0,-0.00043451308738440275,-0.0030443286523222923,0.01179349422454834
305,803,16,2,-2.843236207962036,0.00807744,-0.004300256,False,800,0.011789130978286266,-0.0008230972453020513,0.0002345321699976921
305,836,16,2,-3.7868990898132324,0.003792615,0.001856618,False,816,0.0030934857204556465,0.005956463981419802,-0.004798975307494402
307,701,14,2,-5.800137996673584,-0.0020666504,-0.0029773235,True,736,0.0016793346730992198,0.005031614098697901,-0.004262952134013176
307,819,16,2,-4.504213809967041,-0.0126826335,0.0082507515,False,822,-0.006475839763879776,0.007865595631301403,0.0065919505432248116
308,338,6,2,-4.265108585357666,0.004521923,0.0024660015,False,348,-0.003070297185331583,0.0062156058847904205,-0.011341824196279049
308,624,12,2,-4.923504829406738,-0.0048123645,0.0067325495,False,622,-0.014378261752426624,-0.0005461978726089001,-0.0022871503606438637
308,650,13,2,-3.8782382011413574,-0.0045745135,0.004476075,False,694,-0.012459617108106613,0.004847335629165173,-0.008256364613771439
308,833,16,2,-4.503303527832031,-0.00861125,-0.0027736472,False,822,-0.0062570953741669655,0.008054861798882484,-0.00847435463219881
309,555,11,2,-3.972536087036133,-0.0015796948,-0.006040802,False,550,0.00241819373331964,0.008976158685982227,-0.011019071564078331
309,738,14,2,-3.3358583450317383,0.010855637,-0.009105401,False,723,0.001575899077579379,-0.004338650498539209,-0.014046487398445606
310,79,1,2,-3.743134021759033,0.001510396,0.0019760132,False,69,0.0003944301570300013,0.0029287005309015512,-0.0020686532370746136
310,686,13,2,-2.8522565364837646,0.012464833,0.0047650957,False,667,0.0008201885502785444,0.01124107837677002,-0.018120627850294113
315,341,6,2,-4.280813217163086,0.007422733,0.0071216584,False,333,-0.0008236789726652205,0.009603871963918209,-0.01072862558066845
315,597,11,2,-4.406855583190918,0.0037135791,0.004185734,False,557,-0.00297266966663301,-0.0005288028623908758,-0.001971712103113532
315,627,12,2,-4.5342183113098145,-0.005069561,0.00447649,False,604,-0.0059381769970059395,-0.00012815475929528475,0.0037360284477472305
315,828,16,2,-4.708089828491211,-0.010992021,-0.0019117546,False,848,-0.004862470552325249,0.0038965512067079544,0.00032124482095241547
316,322,6,2,-4.021413326263428,0.013694668,-0.0050821397,False,303,-0.004578709602355957,-0.009038925170898438,-0.014316592365503311
316,888,17,2,-4.138330459594727,-0.0011273479,-0.0013190842,False,856,0.0011236858554184437,0.00016407966904807836,0.0007678699330426753
318,83,1,2,-4.034930229187012,-0.0032288074,-0.0020388698,False,66,-0.001410684548318386,0.0003143310605082661,-0.0005350779974833131
318,846,16,2,-3.5444695949554443,0.0030801392,0.0044782017,False,840,0.006492409855127335,-0.0028012131806463003,0.010691685602068901
323,307,6,2,-4.527608871459961,-0.00095523836,0.0047431947,False,330,0.004641151521354914,-0.00408731447532773,0.014426899142563343
323,316,6,2,-3.1897406578063965,0.010022445,-0.014702611,False,337,-0.001256322837434709,-0.004361157305538654,-0.021620221436023712
323,365,7,2,-3.6780898571014404,0.0043034363,-6.848335e-05,False,351,-0.003273329697549343,0.0017513323109596968,-0.009396581910550594
323,561,11,2,-3.682938575744629,-6.198883e-05,-0.0021953296,False,571,0.0016094493912532926,0.003611931810155511,-0.004135822877287865
323,606,12,2,-5.150816440582275,-0.006861057,-0.0021967506,False,644,-4.460334821487777e-05,-0.0020041847601532936,0.006623887922614813
323,837,16,2,-5.23911190032959,-0.008339949,-0.0071394634,False,826,0.002941074315458536,0.0005730247357860208,0.003568535204976797
328,151,3,2,-3.794618606567383,0.00030094146,-0.0078047467,False,156,-0.004641260951757431,0.002407331485301256,-0.01515427976846695
328,607,12,2,-4.610208988189697,-0.011278582,0.004991932,False,648,-0.00015606879605911672,0.0042479801923036575,0.011866465210914612
331,301,6,2,-3.0135605335235596,-0.0013686228,0.0062368535,False,342,-0.004883084446191788,0.006665239110589027,-0.00394284725189209
331,332,6,2,-3.598524570465088,0.0073286723,0.007391815,False,300,-0.00073156354483217,-0.006091065239161253,0.005422644317150116
331,585,11,2,-4.481484889984131,-0.0049749566,0.006473656,False,558,-0.0009145545773208141,-0.008027753792703152,0.01856181211769581
331,596,11,2,-3.462106943130493,0.0003522444,0.008901792,False,565,0.0012018823763355613,0.004771513864398003,0.004979915451258421
331,680,13,2,-4.21867036819458,-0.007723813,-0.0050606444,False,654,-0.008394298143684864,0.0018591308034956455,-0.007590260822325945
331,713,14,2,-3.0682480335235596,0.0072591878,0.0016178275,False,704,-0.004705619998276234,0.005292663350701332,-0.015639644116163254
332,578,11,2,-4.43060302734375,-7.443428e-05,0.0018903351,False,577,-0.0005524921580217779,-0.0013583850814029574,0.002770662307739258
332,685,13,2,-4.005115985870361,0.00791069,-0.0014454651,False,691,-0.005999221932142973,0.0010180616518482566,-0.016373438760638237
333,185,3,2,-4.549111366271973,-0.004068985,-0.0036119176,False,174,-0.0038823795039206743,-0.003562402678653598,0.00013709068298339844
333,595,11,2,-4.127887725830078,0.00058389665,-0.004443245,False,564,0.002370157279074192,-0.0029485607519745827,0.0002915766090154648
333,705,14,2,-4.625698566436768,-0.010154934,0.00838459,False,708,-0.0068635656498372555,-0.008013945072889328,0.019689902663230896
333,844,16,2,-4.15723991394043,0.0010259724,-0.0024293899,False,822,0.0031010054517537355,0.0013272762298583984,-0.001681633060798049
336,318,6,2,-3.586968421936035,0.0106149865,0.0008033657,False,300,-0.0025112582370638847,0.0003025865589734167,-0.012625466100871563
336,500,10,2,-3.833770751953125,0.0020701075,0.0060524414,False,522,-0.0012905645417049527,0.0015851211501285434,0.0011066482402384281
337,609,12,2,-4.4932169914245605,0.00036715507,-0.0060615446,False,648,0.0017219543224200606,0.001080198329873383,-0.005786944180727005
337,657,13,2,-4.022369861602783,0.007665596,0.006630273,False,696,-0.00042137145646847785,0.00019069672271143645,-0.0016473911236971617
340,304,6,2,-3.264981985092163,0.0032341862,0.005384941,False,342,-0.0041407011449337006,0.008330712094902992,-0.01032065786421299
340,809,16,2,-3.3734567165374756,0.0014262486,-0.010589071,False,816,0.010839605703949928,0.005185241810977459,-0.006360955536365509
341,323,6,2,-3.7972211837768555,0.0021089602,-0.00022910595,False,308,0.005094428081065416,0.004092516843229532,-0.001336154993623495
341,688,13,2,-4.505239009857178,-0.0057762624,0.0065377234,False,693,-0.00460783950984478,-0.002906227018684149,0.010612374171614647
342,562,11,2,-4.152542591094971,0.0017377472,-0.00012672425,False,564,0.0008703231578692794,-0.002907600486651063,0.0019134520553052425
342,813,16,2,-5.054192066192627,-0.009382581,-0.006962557,False,826,0.0012377261882647872,-0.00539615610614419,0.009053906425833702
343,15,0,2,-3.9917795658111572,-0.0027350616,0.0022307776,False,2,-0.0018018531845882535,-0.0006954813143238425,0.0038594671059399843
343,805,16,2,-4.322025299072266,0.004172325,0.004636192,False,830,0.0005210876697674394,0.0038906289264559746,-0.0029056742787361145
344,552,11,2,-4.560019016265869,0.0017765331,0.0067865374,False,557,-0.003105649957433343,0.003222818486392498,-0.0013184640556573868
344,841,16,2,-4.6396403312683105,-0.0026331902,0.0033244991,False,829,-0.004888124298304319,-0.00017355919408146292,0.0012431242503225803
345,343,6,2,-3.629960060119629,0.011865749,0.010091095,False,313,0.0024839735124260187,0.0007584381382912397,-4.9118418246507645e-05
345,503,10,2,-3.8094120025634766,-0.0048916386,-0.0012343359,False,543,-0.0017382049700245261,-0.0009735870407894254,0.0028926848899573088
347,349,6,2,-3.37394642829895,0.009380255,-0.0041996767,False,337,-0.0036845922004431486,-0.00016748905181884766,-0.01709703356027603
347,832,16,2,-4.052379608154297,-0.010170584,-0.00808546,False,849,-0.0042513892985880375,-0.00792087521404028,0.005754609126597643
350,730,14,2,-3.770548105239868,0.0018554687,0.00065230846,False,703,0.0021098279394209385,-0.002858552848920226,0.0037652202881872654
350,845,16,2,-3.8809609413146973,0.0075823595,-0.00695735,False,822,0.008442683145403862,-0.0058842990547418594,-0.0002127271145582199
352,689,13,2,-4.045629501342773,-0.0045145703,0.0026267339,False,659,-0.00031497955205850303,-0.0005034351488575339,0.007329759653657675
352,839,16,2,-4.124180793762207,-0.008351736,0.00069802284,False,811,1.6632080587442033e-05,-0.0012909508077427745,0.010357340797781944
353,306,6,2,-3.858671188354492,-0.017716475,0.005797143,False,321,-0.006082277279347181,-0.01374687161296606,0.03117821365594864
353,616,12,2,-5.160678863525391,0.009345475,-0.0035323142,False,625,-0.004576826002448797,8.20064524305053e-05,-0.017536621540784836
357,340,6,2,-4.2086310386657715,-0.008032817,-0.0004621601,False,303,-0.011130314320325851,-0.003194408491253853,-0.0003652484156191349
357,781,15,2,-3.2855002880096436,0.0021583843,0.0017652512,False,767,-0.0011861706152558327,-0.0017337655881419778,0.00015446182806044817
358,142,2,2,-3.8592636585235596,-0.000122003556,-0.00012578964,False,114,-0.003386755008250475,-0.0028309680055826902,-0.0005595730617642403
358,253,5,2,-3.655924081802368,0.008698926,-0.0009414339,False,264,-0.002254219027236104,0.0007241010898724198,-0.012618680484592915
358,567,11,2,-4.821959495544434,-0.010058832,0.0066581056,False,583,0.011610136367380619,-0.007769298739731312,0.036096371710300446
358,808,16,2,-4.4872846603393555,-0.0017286491,0.0014250469,False,842,-0.0015330314636230469,-0.0022710133343935013,0.003891678061336279
359,112,2,2,-3.959261655807495,0.0032181977,0.0020286131,False,106,0.001084985677152872,0.0010269307531416416,-0.001131529686972499
359,331,6,2,-4.56585693359375,0.0036967278,-0.005638056,False,320,0.005433978978544474,-0.0016214847564697266,-0.002279320266097784
359,344,6,2,-3.865206480026245,-0.016752953,-0.009814725,False,308,0.0027559089940041304,0.009703822433948517,-9.685754776000977e-06
359,502,10,2,-4.259858131408691,-0.006344366,-0.0017261505,False,516,-0.004494113847613335,-0.0009685897966846824,0.0010926914401352406
361,591,11,2,-4.087337017059326,-0.005459304,0.00068213465,False,569,-0.005431375466287136,-0.005430764984339476,0.0061408281326293945
361,650,13,2,-3.643697738647461,0.0039212895,-0.004517932,False,687,-0.005664615426212549,0.00301485531963408,-0.01711869239807129
363,245,4,2,-3.8722331523895264,0.0012147618,-0.003068433,False,204,9.917736315401271e-05,0.0031024503987282515,-0.007286467589437962
363,556,11,2,-5.401931285858154,-0.013009491,0.00057275774,False,580,0.0031658364459872246,-5.648612932418473e-05,0.016804572194814682
363,603,12,2,-4.847822189331055,0.00074907305,-0.004168444,False,632,-0.001097030588425696,-0.004355134908109903,-0.0016594124026596546
363,814,16,2,-4.521727085113525,-0.010777559,-0.008504868,False,829,-0.002814178355038166,-0.005371313076466322,0.004829826299101114
364,309,6,2,-3.5115413665771484,-0.013008847,0.0015700769,False,329,0.004656548611819744,0.004027109127491713,0.01520836353302002
364,858,17,2,-3.588650941848755,0.0002178669,0.001379633,False,852,0.0026043367106467485,-1.8205642845714465e-05,0.0037843086756765842
368,202,4,2,-3.8397815227508545,-0.0014761161,-0.00057984353,False,205,0.0007265377207659185,-0.0003343725111335516,0.0019571827724575996
368,810,16,2,-3.9741716384887695,0.006075354,-0.01302351,False,822,0.002774639055132866,-0.005032673012465239,-0.01129155047237873
371,535,10,2,-4.501392364501953,-0.0016101074,-0.0029198264,False,521,-0.008798780851066113,0.001944465679116547,-0.012052965350449085
371,697,13,2,-3.4252982139587402,0.00991292,0.0045249653,False,694,0.004140520002692938,-0.003121442859992385,0.0018740077503025532
373,443,8,2,-4.339420795440674,0.0013130951,0.0016838455,False,434,-0.0010400485480204225,-0.0012215995229780674,0.0005523014115169644
373,836,16,2,-3.5067684650421143,0.0048295213,-0.013697762,False,840,-0.004328742157667875,0.0008338832994922996,-0.023689910769462585
375,33,0,2,-4.318180561065674,-0.0013998413,-0.005073204,False,48,0.004335842095315456,0.00046384811867028475,0.00019863108173012733
375,619,12,2,-4.217104911804199,0.0057894327,-0.006949806,False,639,-0.0029221344739198685,-0.0035567760933190584,-0.012104597873985767
375,716,14,2,-3.7555902004241943,-0.007875944,-0.008723216,False,732,0.0007322931196540594,-0.008785600773990154,0.008670621551573277
375,834,16,2,-3.834125280380249,0.008280482,-0.0025384426,False,822,0.0053789615631103516,-0.0026156615931540728,-0.0028243018314242363
376,149,2,2,-4.155720233917236,-0.0026436425,-4.7683716e-05,False,147,0.0011229324154555798,0.0006879043648950756,0.0030309867579489946
376,724,14,2,-4.0388102531433105,0.009771042,-0.0036420631,False,745,0.0024253367446362972,0.001442217850126326,-0.012429986149072647
377,555,11,2,-4.33742094039917,-0.0053828238,-0.007148428,False,569,-0.009381051175296307,0.006158714182674885,-0.017305370420217514
377,678,13,2,-4.221006870269775,0.0001669693,0.0036415958,False,671,-0.012565407902002335,0.0040454864501953125,-0.01313626766204834
378,483,9,2,-4.016104698181152,-0.0020777225,0.0011885405,False,481,-0.001473278971388936,-0.001051406841725111,0.002844390692189336
378,819,16,2,-3.8955111503601074,0.0058046817,0.0054312325,False,817,-0.005601248703896999,-0.0023391915019601583,-0.0036355063784867525
380,347,6,2,-5.069789886474609,-0.003207817,0.0036487007,False,325,-0.0032190990168601274,-0.00013565064000431448,0.0037730694748461246
380,644,12,2,-4.989819049835205,0.003437271,0.0045606326,False,632,-0.002464561490342021,-0.00246117589995265,0.001119975931942463
381,706,14,2,-4.1126885414123535,0.0026661395,-0.0068657016,False,718,0.0029648400377482176,0.0012402248103171587,-0.007807225454598665
381,804,16,2,-4.158276081085205,-0.004421935,-0.0096309,False,847,0.0022674466017633677,-0.003917188849300146,0.0009756707586348057
384,173,3,2,-4.005560398101807,0.004299698,0.00084402564,False,161,-0.0019710874184966087,-0.003025321988388896,-0.0024014378432184458
384,553,11,2,-5.7104105949401855,-0.008510018,-0.005276861,False,576,-0.0005263233324512839,0.001261262921616435,0.0014455703785642982
386,316,6,2,-4.084494590759277,-0.0151486965,0.00058259966,False,321,-0.00819785613566637,-0.012439594604074955,0.019973034039139748
386,377,7,2,-3.6448018550872803,-0.000777359,-0.0015251207,False,388,0.004698204807937145,0.0014354086015373468,0.002515034517273307
387,743,14,2,-3.4292523860931396,0.0012354564,-0.002233877,False,727,0.010108952410519123,-0.0050065661780536175,0.01164618507027626
387,820,16,2,-3.5621726512908936,0.0012510633,-0.0035821153,False,840,-0.009011792950332165,-0.0028882217593491077,-0.010956749320030212
390,592,11,2,-4.903863906860352,-0.0047989176,0.0008568573,False,581,-0.0007688999176025391,-0.006914462894201279,0.011801337823271751
390,736,14,2,-5.068487644195557,0.009500256,-0.005973301,False,748,0.0035589791368693113,-0.0016872120322659612,-0.010227365419268608
392,198,3,2,-3.2853686809539795,0.008864369,0.0031527185,False,163,-0.0058734179474413395,-0.0004947424167767167,-0.011090326122939587
392,324,6,2,-4.476765155792236,-0.0013110542,0.0015607929,False,303,-0.0031186200212687254,0.0007726859766989946,-0.0010194587521255016
393,282,5,2,-4.327688694000244,0.00030501364,0.0026472379,False,263,0.00017611503426451236,0.0018366145668551326,0.0006817246321588755
393,828,16,2,-5.374217510223389,-0.020616904,-0.004519577,False,826,-0.004964313469827175,0.0012885188916698098,0.009844493120908737
397,566,11,2,-4.750704765319824,0.005196886,-0.0013404274,False,570,-0.0012399483239278197,-0.003322649048641324,-0.004454612731933594
397,695,13,2,-5.205716133117676,-0.0073619937,0.0048996927,False,679,-0.001156663871370256,0.012390680611133575,-0.001285657286643982
399,572,11,2,-5.224711894989014,-0.008783035,0.0016003037,False,586,-0.0034531308338046074,-0.00013287544425111264,0.007063083350658417
399,825,16,2,-4.310803413391113,0.000183115,-0.0132534215,False,811,-0.002288436982780695,0.007586684077978134,-0.023311655968427658
401,13,0,2,-4.141308307647705,0.0032305717,0.0010841275,False,11,0.00040142060606740415,-0.0002601909509394318,-0.001484832726418972
401,599,11,2,-3.5429441928863525,0.0065206005,0.005378876,False,550,0.0022796725388616323,0.0019379997393116355,-0.000800051842816174
401,742,14,2,-4.727965831756592,-0.0113373855,-0.0017752456,False,735,-0.00041124343988485634,-0.009456252679228783,0.01860715076327324
401,806,16,2,-4.272125244140625,-0.009947676,-0.0001883316,False,811,-0.0037382887676358223,0.004546613898128271,0.0014744419604539871
405,72,1,2,-3.66298770904541,-0.0012817335,-0.0015153218,False,52,0.0023293017875403166,0.00040572165744379163,0.0016899919137358665
405,306,6,2,-3.6355249881744385,0.005009713,-0.003012123,False,314,0.0006016874103806913,-0.003469920251518488,-0.003950228448957205
405,818,16,2,-4.365324974060059,-0.011336655,-0.00022454261,False,849,-0.005447120871394873,0.002177934627979994,0.0034870570525527
405,926,18,2,-3.794010877609253,0.004142499,0.0018115044,False,929,0.0007819080492481589,-0.001091380137950182,-0.000457706511951983
406,15,0,2,-3.794602155685425,0.0038415194,0.0027155734,False,22,-0.0019061374478042126,-0.0030537175480276346,2.1634157747030258e-05
406,554,11,2,-3.3932600021362305,0.009461851,-0.0022583008,False,565,-0.0016448068199679255,-0.0074621583335101604,-0.005902800243347883
406,827,16,3,-2.4042956829071045,0.0058734845,-0.00033358575,False,807,0.0061292885802686214,-0.003703379537910223,0.0036255978047847748
407,226,4,2,-4.076009750366211,0.0022054387,0.0006795883,False,210,-0.0021099280565977097,-0.004246063064783812,0.0006102846236899495
407,333,6,2,-4.157003402709961,-0.005707779,0.007958479,False,348,-0.0053215934894979,-0.008728218264877796,0.017072882503271103
407,338,6,2,-4.471077919006348,-0.006409893,-0.0041905977,False,303,-0.003194408491253853,0.0036238098982721567,-0.004598923027515411
407,462,9,2,-3.9126532077789307,-0.00017214299,-0.00118392,False,472,-0.0006011247751303017,0.0032475281041115522,-0.004860430024564266
407,600,12,2,-4.712966442108154,-0.00694396,-0.009309168,False,608,0.0021529006771743298,-0.0004840850888285786,0.00027177808806300163
407,823,16,2,-4.826656818389893,0.010822429,-0.002069397,False,829,0.001319723087362945,-0.01000226940959692,-0.0015698336064815521
410,323,6,2,-4.159733295440674,-0.008849297,-0.008348208,False,348,-0.0023041057866066694,-0.008334760554134846,0.006531743332743645
410,339,6,2,-5.284905910491943,-0.0030640126,0.0019673156,False,325,-0.00795634277164936,-0.0014764022780582309,-0.0014486121945083141
410,379,7,2,-3.994142770767212,0.00079064845,0.0019709826,False,362,0.0004197025264147669,-0.0008888721349649131,0.00248890882357955
410,672,13,2,-5.4697675704956055,-0.0069719125,-0.006680231,False,664,-0.006548452191054821,0.00028637886862270534,-0.006543149705976248
412,141,2,2,-3.7472164630889893,0.0012311697,-0.0054727886,False,103,0.0004202509007882327,-0.0032376814633607864,-0.003046025987714529
412,318,6,2,-3.0858564376831055,0.012555957,-0.00343081,False,342,-0.0012985754292458296,-0.001498260535299778,-0.01578708179295063
413,645,12,2,-4.488987445831299,-0.0073021604,0.0017495537,False,639,-0.001968908356502652,-7.979392830748111e-05,0.007162599824368954
413,830,16,2,-3.9979002475738525,0.0072283125,0.0061830375,False,849,-0.0002872371696867049,-0.007980413734912872,0.006647901609539986
415,346,6,2,-4.496462345123291,-0.011314736,-0.0056100464,False,303,-0.0011266040382906795,0.004418334923684597,0.00015975022688508034
415,457,9,2,-3.9380598068237305,-0.0002753639,0.0016904783,False,469,-0.0035967922303825617,-0.0008984041051007807,-0.0007325459737330675
415,740,14,2,-4.770822525024414,-0.008908348,-0.008516055,False,719,-0.007794656790792942,0.0021417904645204544,-0.009544153697788715
415,815,16,2,-4.941550254821777,-0.0052738,-0.0066281413,False,829,-0.005910634994506836,-0.005028343293815851,-0.0022366330958902836
416,564,11,2,-3.960787773132324,0.0043614767,0.004187098,False,575,0.002109003020450473,0.0051850746385753155,-0.0032504505943506956
416,579,11,2,-5.56602668762207,-0.0015937615,-0.00015140533,False,576,0.0050066374242305756,-0.0018612956628203392,0.00831028912216425
416,711,14,2,-4.872570037841797,-0.0056506824,0.003998375,False,735,-0.0028431129176169634,-0.008356780745089054,0.015162725001573563
416,812,16,2,-5.8599853515625,-0.0055434513,-0.0007306957,False,824,-6.23416926828213e-05,-0.0034858607687056065,0.008236274123191833
417,665,13,2,-3.43982195854187,-0.001035633,-0.00242167,False,655,-0.005977935623377562,-0.007457247003912926,9.327451698482037e-05
417,805,16,2,-4.086206436157227,0.002797451,-0.0052840044,False,849,0.001333799329586327,-0.007515916600823402,0.0007682600989937782
419,216,4,2,-4.4184088706970215,-0.0010863495,0.0005599594,False,239,-0.0019845198839902878,-0.0023603534791618586,0.0020221425220370293
419,837,16,2,-5.960883140563965,-0.008401871,0.003978176,True,824,-0.00047210694174282253,-0.0041543482802808285,0.016062287613749504
420,452,9,2,-4.237628936767578,0.000843153,0.00131526,False,484,-0.0005912208580411971,-0.0004656887031160295,0.0003465748159214854
420,509,10,2,-3.5637660026550293,0.013280639,0.0029883385,False,536,0.0049173166044056416,-0.004333524499088526,-0.0010414598509669304
420,621,12,2,-5.194475173950195,-0.0076546287,-0.003141594,False,632,-0.00026648520724847913,-0.007572231348603964,0.011818780563771725
420,703,14,2,-3.77752423286438,0.005374551,-0.0057874443,False,729,-0.00038611411582678556,-0.0009649515268392861,-0.010583157651126385
428,21,0,2,-3.4949381351470947,0.0018022775,0.0007966089,False,9,-0.0005251169204711914,-0.002223382005468011,0.0006925964262336493
428,670,13,2,-4.276277542114258,-0.0047482587,0.003813839,False,693,0.0008691024850122631,0.0007697200635448098,0.008661479689180851
430,286,5,2,-3.781482458114624,0.0036423826,0.0016235065,False,260,0.0014247846556827426,0.004870138131082058,-0.005464229267090559
430,545,10,2,-3.49357533454895,-0.009969745,0.0031035615,False,530,-0.0031594180036336184,-0.00861839298158884,0.0185322817414999
432,555,11,2,-4.662247180938721,-0.0057462407,-0.003232546,False,589,-0.0011278820456936955,-0.0013479709159582853,0.002733783796429634
432,640,12,2,-3.782222270965576,-0.017698526,-0.0010426522,False,633,0.009479108266532421,-0.006489519961178303,0.032624501734972
432,697,13,2,-3.1335811614990234,0.0073139477,-0.010107665,False,660,-0.00020977974054403603,0.0015185928205028176,-0.019149985164403915
432,845,16,2,-4.304906368255615,-0.0011776256,-0.0031808186,False,847,-0.004123144317418337,0.00427979463711381,-0.010406131856143475
434,459,9,2,-3.870404005050659,-0.0016560745,-0.0006164074,False,460,-0.0007555627962574363,0.00023618221166543663,4.792213439941406e-05
434,822,16,2,-3.9278151988983154,0.0024867486,-0.0037227392,False,811,0.009465379640460014,-0.0011982679134234786,0.004454159177839756
435,344,6,2,-4.644394397735596,-0.011050195,-0.0001748848,False,319,0.0019023227505385876,-5.9576035710051656e-05,0.012837209738790989
435,516,10,2,-4.4867939949035645,-0.004171648,0.0019730472,False,507,-0.006851139012724161,-0.0014771748101338744,0.0007707308977842331
435,552,11,2,-4.373654365539551,-0.0022379397,0.0030946063,False,585,-0.0005424022674560547,-0.003673763247206807,0.008463907055556774
435,814,16,2,-4.671649932861328,-0.0055104066,0.0005153179,False,843,-0.0034764863085001707,-0.011774301528930664,0.014323540031909943
436,176,3,2,-4.341590881347656,-0.0004179287,-0.0052891253,False,184,-0.0016413688426837325,-0.003208265407010913,-0.0033042998984456062
436,588,11,2,-4.603916168212891,0.008667069,0.006489973,False,589,-0.0014921188121661544,0.0001467800175305456,-0.0038159943651407957
439,285,5,2,-4.191134929656982,-0.005763116,-0.004918499,False,267,-0.008098578080534935,0.003619670867919922,-0.01087363250553608
439,289,5,2,-4.423856735229492,-0.0067165946,0.0032400608,False,274,0.002151975641027093,0.0020181178115308285,0.010090513154864311
439,597,11,2,-4.431125164031982,-0.0028550148,-0.0033364487,False,585,-0.0027402781415730715,-0.0015527820214629173,-0.0016689300537109375
439,817,16,2,-4.070221900939941,0.0030543804,0.0039911843,False,849,0.007236347068101168,-0.012063140980899334,0.020236292853951454
440,490,9,2,-4.031420707702637,0.001761961,0.00090400217,False,474,0.0019915581215173006,0.0015186500968411565,-0.00038505083648487926
440,838,16,2,-3.993504762649536,0.01141727,0.0012564277,False,811,0.007411146070808172,-0.003934221342206001,0.0011845258995890617
442,677,13,2,-3.6856367588043213,0.00802857,-0.003994794,False,655,-0.0064531611278653145,-0.002917928621172905,-0.015558595769107342
442,820,16,2,-3.7096004486083984,-0.0066203927,-0.0055972193,False,800,-0.014899020083248615,-0.005200815387070179,-0.00867503136396408
448,265,5,2,-4.818811416625977,-0.002253561,0.0011580563,False,268,-0.010026359930634499,-0.005118951667100191,-0.0014957909006625414
448,842,16,2,-5.131432056427002,-0.013228684,0.006662197,False,848,0.0017753314459696412,-0.003571624867618084,0.025237835943698883
450,551,11,2,-3.793452024459839,-0.0034211397,-0.00045899392,False,575,-0.001681957277469337,-0.0025319147389382124,0.0038121030665934086
450,692,13,2,-4.4143781661987305,-0.0053510093,-0.00074650766,False,652,-0.003283882047981024,-0.00047108650323934853,0.0017917060758918524
451,616,12,2,-5.205175399780273,0.0012752247,-0.00032533647,False,632,0.0007694339728914201,-0.0041869161650538445,0.0033557889983057976
451,831,16,2,-5.757709503173828,0.0002024269,4.5671462e-05,True,821,-0.008507747203111649,0.0015979671152308583,-0.01026246976107359
452,301,6,2,-2.663027286529541,0.010204215,-0.00020212651,False,304,0.005884914193302393,0.005546465050429106,-0.010067892260849476
452,622,12,2,-4.8502397537231445,-0.0053197,0.012169294,False,610,-0.002726011211052537,0.004740619566291571,0.010022362694144249
459,302,6,2,-5.412632942199707,0.0045882226,0.0010102749,False,345,-0.007307996973395348,-0.00351574900560081,-0.007370195351541042
459,813,16,2,-5.9742536544799805,-0.012403555,0.0024768733,True,821,-0.008304786868393421,0.008649015799164772,-0.0020733755081892014
460,500,10,2,-3.1803014278411865,0.0039449455,0.0014001274,False,546,-0.0001744747132761404,0.0013769530924037099,-0.004096245858818293
460,595,11,2,-4.66342830657959,-0.007653265,-0.0041904356,False,560,-0.003911609761416912,-0.0021458053961396217,0.0016970247961580753
461,5,0,2,-4.462899684906006,-0.0034450816,-0.001769247,False,37,-0.003293361747637391,0.0006016921834088862,-0.0022192192263901234
461,699,13,2,-4.14651346206665,0.00971035,0.0017299843,False,679,0.013689298182725906,-0.0029386901296675205,0.008647622540593147
462,243,4,2,-3.9032397270202637,0.00065735815,-0.0014151621,False,221,-0.0038844633381813765,0.0011591768125072122,-0.0071161603555083275
462,313,6,2,-4.2121453285217285,-0.013737254,0.010862499,False,336,0.003367471741512418,-0.0014945602742955089,0.029461786150932312
462,726,14,2,-3.534252643585205,-0.0060860966,-0.0033574677,False,713,-0.0010216617956757545,-0.004244170151650906,0.0059511372819542885
462,809,16,2,-4.099209308624268,0.0014145565,-0.0002661133,False,844,0.006944417953491211,0.0007170200115069747,0.0045467279851436615
463,328,6,2,-3.3008179664611816,0.0071665477,-0.0072229146,False,308,0.004550233017653227,0.004702029284089804,-0.014541259035468102
463,742,14,2,-5.118473529815674,-0.009817571,-9.056091e-05,False,708,-0.0021454142406582832,0.0011429786682128906,0.006438617594540119
464,331,6,2,-4.356919765472412,0.008674259,-0.009178247,False,334,0.009438143111765385,0.0003447246563155204,-0.008759088814258575
464,649,12,2,-5.91761589050293,-0.0034473324,0.007413988,True,641,-0.006032419390976429,-0.0004864978836849332,0.005315398797392845
465,514,10,2,-3.801546573638916,-0.0016374111,0.0018509579,False,543,0.0030879401601850986,0.004178757779300213,0.0023975512012839317
465,830,16,2,-3.707571506500244,0.0050899982,-0.00026598453,False,800,-0.005467662587761879,-0.0035467816051095724,-0.007276863791048527
466,483,9,2,-3.9501211643218994,-0.0012206221,-0.0016457129,False,479,0.001917667337693274,0.0008278322056867182,0.0006647442933171988
466,601,12,2,-4.815243244171143,-0.0077381227,0.0042179106,False,610,-0.0010514450259506702,0.0016332054510712624,0.009271383285522461
470,653,13,2,-3.4911739826202393,0.008553772,-0.0067593576,False,694,0.003864564932882786,-0.00028888703673146665,-0.011159677989780903
470,895,17,2,-4.247877597808838,-0.0007019234,0.0010270119,False,869,0.0007759380387142301,-0.0019643402192741632,0.004469213541597128
471,338,6,2,-4.673105239868164,-0.005168829,-0.004542875,False,307,-0.002253942424431443,-0.0019730757921934128,0.0003450873773545027
471,542,10,2,-4.832973957061768,0.0032908726,0.0014068127,False,525,-0.0024070453364402056,0.004067449364811182,-0.008358554914593697
475,341,6,2,-4.79626989364624,-0.006861944,-0.00023593902,False,307,-0.001772813848219812,-0.0030552102252840996,0.007908402010798454
475,868,17,2,-3.8147504329681396,0.001968665,-0.00030941964,False,872,0.001966614741832018,0.0006560468464158475,-0.0009675167966634035
479,600,12,2,-5.089920997619629,-0.0062529375,0.012663765,False,612,-0.004015483893454075,0.01055926363915205,0.004341954365372658
479,837,16,2,-5.790322780609131,0.003251047,0.0045497324,True,826,-0.002135477028787136,0.0024556827265769243,-0.0032924741972237825
481,347,6,2,-4.341866493225098,0.010906696,-0.0067443848,False,334,0.005314321722835302,0.0043627358973026276,-0.016699494794011116
481,558,11,2,-5.229556560516357,-0.005216961,0.001575098,False,586,0.0022892856504768133,-0.0017167091136798263,0.010798053815960884
482,626,12,2,-4.659317493438721,-0.004352789,-0.0032984542,False,639,-0.00010919570922851562,-0.007272949442267418,0.008218088187277317
482,825,16,2,-4.56624174118042,-0.0020092772,-0.0038709354,False,839,-0.00746919633820653,0.0005754565936513245,-0.009906310588121414
491,110,2,2,-3.636549472808838,0.0032855987,-0.0008064985,False,130,-0.002918620128184557,0.004210157319903374,-0.011220874264836311
491,688,13,2,-4.390049457550049,-0.0070412825,0.003485422,False,685,-0.0009465789771638811,0.0031537532340735197,0.006426372565329075
491,810,16,2,-3.9298362731933594,0.010366678,-0.0021240998,False,835,-0.015505966730415821,-0.00812842883169651,-0.019868316128849983
491,824,16,2,-5.759921550750732,0.0035054493,-0.00015830994,True,821,0.0018081951420754194,0.005917091388255358,-0.007772655691951513
494,182,3,2,-3.856790542602539,0.0048135184,0.0028118754,False,159,-5.227089059189893e-05,0.009950242005288601,-0.012004155665636063
494,822,16,2,-3.9179232120513916,0.0037558032,-0.010710273,False,835,-0.01742582395672798,-0.007066512014716864,-0.024825386703014374
495,441,8,2,-4.176855564117432,-0.00233881,0.0019991302,False,444,0.0009211730794049799,0.0001179599785245955,0.0051411534659564495
495,596,11,2,-3.7756824493408203,0.0028469658,-0.0036025047,False,571,-0.0068058776669204235,-0.003614659421145916,-0.009640688076615334
495,607,12,2,-4.062018394470215,0.011301508,-0.0057985876,False,633,-0.0035854054149240255,0.007794857025146484,-0.02848035842180252
495,656,13,2,-4.011162757873535,-0.0045461226,0.007833013,False,659,0.004588813986629248,-0.007593946531414986,0.024561896920204163
496,637,12,2,-4.488396167755127,-0.0067311,0.0027573968,False,627,-0.0026354407891631126,-0.008918428793549538,0.01577148586511612
496,870,17,2,-4.11538553237915,-0.00061467174,-0.0021332456,False,860,-0.0010898590553551912,-0.00028204917907714844,-0.0023263837210834026
497,87,1,2,-4.06553840637207,0.00042286873,0.0049130963,False,55,-0.0006674003670923412,0.0006580066401511431,0.003164820373058319
497,277,5,2,-4.472065448760986,-0.006152525,0.0023034574,False,269,0.001032180734910071,-0.0007937717600725591,0.010281935334205627
497,300,6,2,-3.484490156173706,0.000164814,-0.0025242805,False,337,8.848667494021356e-05,0.00319967744871974,-0.005800285376608372
497,710,14,2,-4.883487224578857,-0.0019169616,-0.004417858,False,748,0.00443936325609684,0.0034172057639807463,-0.0014787388499826193
497,834,16,2,-4.6563005447387695,-0.009956369,0.005516348,False,839,-0.0047353459522128105,-2.8944015866727568e-05,0.010766316205263138
497,838,16,2,-3.977052688598633,-0.0015239049,0.000981865,False,819,-0.005909447558224201,0.005650954321026802,-0.009054631926119328
498,741,14,2,-4.177635669708252,-0.006969075,-0.00091939926,False,705,0.008939972147345543,-0.004340715240687132,0.01933036372065544
498,779,15,2,-3.7020013332366943,0.0041283607,0.0009607744,False,795,-0.0006477356073446572,0.0004123210965190083,-0.004227642901241779
499,322,6,2,-3.4873733520507812,0.012195463,0.0019908715,False,316,0.0030126047786325216,-0.0017754078144207597,-0.005416579078882933
499,569,11,2,-4.360664367675781,-0.0045141983,-0.0054888725,False,557,0.0020034981425851583,-0.002896633232012391,0.003925457131117582
499,706,14,2,-4.026276111602783,0.011876536,-0.0003790951,False,747,0.0005348300910554826,0.0027681493666023016,-0.014488949440419674
499,763,15,2,-3.915043354034424,-6.916523e-05,0.00046092988,False,797,-0.0027499294374138117,-0.0020477818325161934,-0.0001720524742268026
500,605,12,2,-4.381537914276123,-0.0036053562,0.0029955483,False,627,-0.00343666085973382,-0.006363811437040567,0.009528054855763912
500,847,16,2,-3.55824875831604,0.01336492,-0.002551279,False,-1,,,
502,63,1,2,-3.9638020992279053,-0.0004659319,-0.000248847,False,86,0.0009395742672495544,0.0011391878360882401,1.747132046148181e-05
502,575,11,2,-4.0254740715026855,-0.0043667364,-0.009200668,False,561,-0.0016810274682939053,-0.004336953163146973,-0.002178005874156952
502,606,12,4,-4.75174617767334,0.010431509,0.0029627513,False,613,-0.003803777741268277,0.00044282912858761847,-0.011715365573763847
502,665,13,2,-3.05686354637146,0.00851254,-0.01949638,False,660,0.0051096584647893906,-0.002368068788200617,-0.020531192421913147
502,808,16,2,-4.916265487670898,-0.012443419,5.628586e-05,False,804,-0.003523979103192687,-0.004613857250660658,0.013589582405984402
502,816,16,4,-4.297201633453369,-0.019375058,0.0111112455,False,836,-0.008956218138337135,0.0019031810807064176,0.019626904278993607
504,335,6,2,-4.813651084899902,-0.0014701557,-0.0015022659,False,307,-0.0026487922295928,0.0007001400226727128,-0.0033810422755777836
504,723,14,2,-3.5997841358184814,-0.0059472416,4.005432e-05,False,727,0.0014287758385762572,0.0019074678421020508,0.005508603993803263
504,806,16,2,-3.900108575820923,0.008138079,0.0071629477,False,835,-0.011294913478195667,-0.0037496567238122225,-0.008520388975739479
504,817,16,2,-3.5359268188476562,0.0038891602,0.0060242224,False,819,0.0009108495432883501,0.0034693051129579544,-0.0004233934450894594
505,192,3,2,-3.6766860485076904,-0.0053136824,0.0014505052,False,169,0.003609671490266919,-0.005350160412490368,0.015724018216133118
505,818,16,2,-4.252317428588867,0.0024846934,0.00030747414,False,811,-0.007448992691934109,-0.010659046471118927,0.0010328344069421291
507,342,6,2,-3.2890031337738037,-0.002332182,-6.834507e-05,False,337,0.0010117959463968873,0.004128255881369114,-0.0008526232559233904
507,642,12,2,-2.9328720569610596,-0.008865748,0.00352046,False,629,-0.009628239087760448,0.0036689089611172676,-0.0009109405800700188
508,671,13,2,-3.851101875305176,0.0044969465,-0.0037093544,False,655,0.0007684039883315563,0.0013465451775118709,-0.008784441277384758
508,715,14,2,-4.133425712585449,0.0049885367,0.0056197643,False,705,0.0036144352052360773,-0.005470933858305216,0.009716596454381943
509,311,6,2,-4.5892109870910645,0.009008627,0.00305254,False,312,0.002597637241706252,0.006943645421415567,-0.010302095673978329
509,646,12,2,-5.370999336242676,0.0032309722,-0.0063485336,False,632,-0.0010597419459372759,-0.0030658149626106024,-0.007573432754725218
510,306,6,2,-3.8484227657318115,0.0017639351,0.008370948,False,349,0.0009058189461939037,0.0021876716054975986,0.00532515998929739
510,805,16,2,-4.731175899505615,-0.007379093,-0.0068249796,False,832,0.006444940343499184,-0.003574476344510913,0.010573530569672585
512,187,3,2,-4.974471092224121,-0.005927954,-0.0004750061,False,194,-0.002491207094863057,-0.004612379241734743,0.007574119605123997
512,566,11,2,-3.7777678966522217,0.017473426,0.00095727923,False,571,-0.008269638754427433,-4.531383456196636e-05,-0.024740472435951233
512,624,12,2,-4.88941764831543,-0.0028320597,0.002765751,False,638,-0.001449422794394195,-0.0029603196308016777,0.007108707446604967
512,823,16,2,-4.847110271453857,0.0014575958,0.0059423638,False,804,-0.005266895517706871,-0.005029725842177868,0.004247598350048065
513,460,9,2,-3.9589948654174805,-0.0025397253,-0.0025654412,False,474,0.0026231289375573397,0.003662390634417534,-0.0010649776086211205
513,711,14,2,-5.185967922210693,-0.008887624,0.0016862679,False,746,0.004838085267692804,0.0011803722009062767,0.01423160545527935
513,845,16,2,-4.107046127319336,0.0082735345,-0.009630737,False,819,-0.007858037948608398,0.005776972975581884,-0.03153928369283676
513,883,17,2,-4.142975807189941,3.976822e-05,-0.0017037964,False,877,-0.0027324676048010588,-0.0005570888752117753,-0.003918942995369434
514,728,14,2,-5.533923625946045,-0.0056179236,0.005844307,False,736,-0.0013599300291389227,-0.004065771121531725,0.014168071560561657
514,905,18,2,-4.260870456695557,0.0035695457,-0.00038635253,False,949,-0.0018270302098244429,-0.0019086074316874146,-0.0038743210025131702
515,175,3,3,-3.8296430110931396,-0.00858223,-0.00036736965,False,196,0.004824280738830566,-0.003242497332394123,0.01628163829445839
516,602,12,2,-5.071766376495361,0.012327261,-0.0029443644,False,603,0.004568347707390785,0.0024035931564867496,-0.013106871396303177
516,687,13,2,-4.100412368774414,-0.009450703,0.0042868946,False,691,-0.013870153576135635,0.0005131340003572404,-0.0006456896662712097
519,614,12,2,-3.3515541553497314,0.014296918,-0.00964622,False,630,-0.005941290874034166,0.002065253211185336,-0.03194968029856682
519,709,14,2,-4.157318115234375,-0.0011945915,-0.003996134,False,720,-0.007864493876695633,0.0026894379407167435,-0.01335547398775816
520,285,5,2,-4.7542009353637695,-0.0070971777,-0.0005190277,False,269,-0.003346071345731616,0.003076191060245037,0.00015588756650686264
520,570,11,2,-4.9346771240234375,0.0052681826,-0.0024728202,False,581,0.003447198774665594,0.004214429762214422,-0.008508233353495598
520,615,12,2,-4.227663040161133,0.008068094,-0.004347496,False,617,-0.0022118950728327036,-0.0038420390337705612,-0.01078544557094574
520,766,15,2,-4.169381618499756,-0.0010972118,0.0008307743,False,794,0.0025057506281882524,0.0004158115480095148,0.004017925355583429
521,523,10,2,-4.656103610992432,0.0027334976,0.0017418861,False,525,0.004067449364811182,-0.007849560119211674,0.010925398208200932
521,644,12,2,-5.011017799377441,-0.0061634444,0.003650284,False,638,-0.00589065533131361,-0.0038939856458455324,0.007817057892680168
521,737,14,2,-4.920286655426025,-0.0020724298,0.0019252587,False,708,0.0027008724864572287,0.00047587393783032894,0.006222686730325222
521,841,16,2,-4.224466323852539,0.01589755,0.009276075,False,835,-0.01442204974591732,-0.0040728189051151276,-0.01697070524096489
522,844,16,2,-4.102416515350342,0.0065805437,-0.0017577267,False,835,-0.012718763202428818,-0.005576372146606445,-0.015480661764740944
522,908,18,2,-3.768829584121704,-0.0013029194,0.0011328841,False,915,-0.001373777398839593,0.0010567045537754893,5.321577191352844e-06
523,140,2,2,-3.727492570877075,0.004553399,-0.0012500668,False,112,0.0032776021398603916,-0.0025933694560080767,6.750598549842834e-05
523,648,12,2,-4.711715221405029,-0.010866051,-0.0059563923,False,610,0.0015156746376305819,0.0010935593163594604,0.005331773776561022
524,32,0,2,-3.958266258239746,-0.0027432966,-0.00046393395,False,2,0.003174409968778491,0.006401681806892157,-0.0009479091968387365
524,234,4,2,-4.073380947113037,0.0026206588,0.0009915924,False,231,0.00188134191557765,0.0020045279525220394,-0.0017522524576634169
524,840,16,2,-3.9335877895355225,0.0009338379,-0.00857346,False,819,0.0013779306318610907,0.010833191685378551,-0.0189625583589077
524,849,16,2,-4.865972995758057,-0.006688099,0.0076231863,False,804,0.0020557118114084005,-0.005415897350758314,0.02178289368748665
525,680,13,2,-5.111751079559326,0.0050678346,-0.00045461656,False,698,0.0005722618079744279,-0.0038587283343076706,-0.0010914611630141735
525,833,16,2,-5.459078788757324,-0.0049030497,0.0018230438,False,848,-0.005216226447373629,-0.006602392066270113,0.008112259209156036
526,237,4,2,-4.258956432342529,-0.0036631965,-0.00027845384,False,200,-0.0009176731109619141,0.00220147124491632,0.0002655982971191406
526,501,10,2,-4.778039932250977,-0.0013913917,0.0014979457,False,519,-0.007941951975226402,-0.0065834615379571915,0.0015308470465242863
526,567,11,2,-4.574315071105957,0.0037422944,-0.007910481,False,589,0.0013319110730662942,-0.0020792388822883368,-0.008241625502705574
526,604,12,2,-4.791294097900391,-0.0077821445,-0.00018545151,False,620,0.010922937653958797,-0.006486473139375448,0.02500610426068306
526,621,12,2,-4.947483539581299,0.007681751,-0.008084383,False,639,-0.00904024112969637,-5.02967850479763e-05,-0.02475607767701149
526,812,16,2,-5.310750961303711,0.013198758,0.0037377167,True,848,-0.0038458441849797964,-0.007564601954072714,-0.00574228260666132
528,327,6,2,-5.016688346862793,-0.003353224,-0.0052959155,False,348,-0.005965147167444229,-0.004515218548476696,-0.0033926202449947596
528,555,11,2,-4.947552680969238,-0.0018199444,0.0009718895,False,581,0.0029827975668013096,0.008200788870453835,-0.002426157472655177
530,612,12,2,-4.577431678771973,0.011332312,-0.009365053,False,608,0.005127668380737305,0.002041521016508341,-0.017611216753721237
530,623,12,2,-4.927048683166504,-0.012745905,-0.00037566185,False,627,-0.0058417413383722305,-0.00047587393783032894,0.007004375569522381
530,850,17,2,-4.1061577796936035,0.0016832352,0.0013755226,False,867,-0.0005642509204335511,-0.001190557493828237,0.00031859398586675525
530,904,18,2,-4.206106662750244,0.0020649433,0.00059785845,False,940,0.00017435074551030993,0.00028492926503531635,-0.0015776633517816663
531,730,14,2,-4.298533916473389,-0.0006086063,9.0084075e-05,False,749,0.0008161640143953264,-0.0004831695696339011,0.0019980240613222122
531,842,16,2,-4.6073737144470215,0.0077084065,0.0038260175,False,839,-0.00010240554547635838,0.002977294847369194,-0.006962089333683252
532,344,6,2,-4.624114036560059,0.0017064476,0.0006335354,False,340,-0.007620048709213734,0.007917260751128197,-0.016610221937298775
532,645,12,2,-4.998058795928955,-0.011638183,0.006403208,False,639,-0.007272949442267418,-0.0013203334528952837,0.01208877470344305
533,34,0,2,-2.6891443729400635,0.004205427,-0.005223341,False,-1,,,
533,634,12,2,-3.949214458465576,-0.007912216,-0.0046850396,False,643,0.0018730020383372903,-0.005641303025186062,0.010741481557488441
535,156,3,2,-3.5979747772216797,-0.0023089075,-0.001641221,False,183,-0.0024299335200339556,-0.001416273065842688,-0.0003459739964455366
535,598,11,2,-3.3068788051605225,-0.003014431,-0.0033006668,False,574,-0.005642743315547705,0.007035794202238321,-0.012964772991836071
536,315,6,2,-5.798469543457031,-0.014063377,0.0053400802,False,321,-0.0102941133081913,-0.007411651778966188,0.016520995646715164
536,590,11,2,-4.560327053070068,-0.0019469357,-0.0061500263,False,552,-0.007646055426448584,0.0026338195893913507,-0.01448296569287777
537,280,5,2,-5.072024345397949,-0.009014368,-0.0037479687,False,270,-0.004807138349860907,0.0016509819542989135,-0.001191721297800541
537,326,6,2,-4.961333274841309,0.0068103503,0.0023830892,False,348,-0.010120850056409836,-0.006965751759707928,-0.007582359481602907
538,670,13,2,-4.378856658935547,-0.008371535,-0.009365358,False,690,0.0027339363005012274,-0.005083904135972261,0.006824016571044922
538,800,16,2,-3.6853420734405518,0.0047376584,-0.013227391,False,819,0.0048844339326024055,0.009788780473172665,-0.022869395092129707
539,683,13,2,-5.0054755210876465,0.004138279,0.0064888764,False,698,-0.002482404699549079,-0.0021043969318270683,0.001972589874640107
539,742,14,2,-5.424062252044678,-0.008575802,-0.0021479607,False,721,-0.0077272700145840645,0.0009129428653977811,-0.002212371677160263
541,287,5,2,-3.771777868270874,-0.0062127397,-0.0028177546,False,286,8.205413905670866e-05,0.003525972366333008,-4.8933085054159164e-05
541,743,14,2,-3.904940128326416,-0.0022384548,0.006811104,False,738,0.0006935787387192249,-8.549690392101184e-05,0.009828634560108185
546,535,10,2,-5.110803127288818,-0.0041498374,0.003922453,False,513,-0.0037430287338793278,-0.0010080337524414062,0.005337295588105917
546,577,11,2,-5.390640735626221,-0.018018857,-0.0025827026,False,556,-0.0021876811515539885,-0.0077140904031693935,0.020962562412023544
551,663,13,2,-4.027757167816162,-0.004101672,0.00018873214,False,692,0.0081400778144598,-0.0015993309207260609,0.014029812067747116
551,834,16,2,-4.150447845458984,0.01117301,-0.0016340065,False,836,0.002921133069321513,-0.009394416585564613,-0.0004914663732051849
555,314,6,2,-3.8260340690612793,0.0074505997,-0.00065550325,False,343,-0.0012395381927490234,-2.4652481442899443e-05,-0.00932098925113678
555,411,8,2,-3.97153639793396,-0.0015625858,-0.0007214594,False,418,-0.0009706687997095287,-0.002881560241803527,0.0027520176954567432
562,564,11,2,-3.66298770904541,0.0031663084,-0.0069727805,False,559,-2.1910667783231474e-05,-0.005372829269617796,-0.0047881705686450005
562,705,14,2,-4.300436973571777,-0.0037072944,-0.00058033946,False,725,-0.008954920805990696,0.005534319672733545,-0.011362286284565926
564,180,3,2,-4.630239963531494,-0.00426219,0.00083996775,False,184,-0.0004885005764663219,0.0035894489847123623,0.0010242080315947533
564,587,11,2,-4.275519847869873,-0.0031200694,0.0033687495,False,578,-0.0013893223367631435,-0.002725362777709961,0.007824858650565147
564,658,13,2,-3.770958662033081,0.0039322805,0.0012035609,False,655,-0.00032070637098513544,0.00303477281704545,-0.0060841990634799
564,682,13,2,-4.234745979309082,0.0025659846,-0.00082719803,False,685,0.003881425829604268,-0.0018618773901835084,0.0023501208052039146
566,299,5,2,-4.1543989181518555,0.0056457045,0.004319596,False,252,-0.0035191678907722235,-0.0003111839178018272,-0.004534092266112566
566,310,6,2,-3.8185110092163086,-0.011194501,0.0010943079,False,316,-0.007988662458956242,0.0007578468066640198,0.0035422993823885918
566,681,13,2,-4.935749053955078,-0.0011378765,-0.0063723563,False,662,-0.0038588810712099075,0.008418054319918156,-0.017511416226625443
566,843,16,2,-5.18064546585083,0.009090471,-0.0070596887,False,804,-0.006628789938986301,-0.0036459732800722122,-0.01913297548890114
568,188,3,2,-4.483252048492432,0.0033011246,-0.00076663017,False,176,-0.0023796558380126953,-0.0009167480748146772,-0.005530662834644318
568,347,6,2,-5.0429511070251465,-0.006603727,-0.00011996269,False,348,-0.004826154559850693,0.0014411830343306065,0.0002164267934858799
577,305,6,2,-4.0027360916137695,-0.0050544785,0.00024099827,False,317,0.0005233001429587603,0.01213793270289898,-0.006319155916571617
577,375,7,2,-4.1877641677856445,-0.0013709926,-0.00013163566,False,350,-0.0020545197185128927,-0.0010683059226721525,0.0002531431382521987
577,615,12,2,-4.381998538970947,0.0007165337,-0.008637781,False,601,0.004402465652674437,0.00612252252176404,-0.011074371635913849
577,810,16,2,-3.7293479442596436,0.009143548,-0.0065190936,False,846,-0.007543778512626886,-0.0012689637951552868,-0.021937455981969833
578,661,13,2,-3.788888931274414,0.0079717925,0.0058418605,False,677,0.005342245101928711,9.695530025055632e-05,0.003115357831120491
578,829,16,2,-5.529138088226318,-0.003713236,0.0008724022,False,848,-0.004934644792228937,-0.0008019828819669783,0.00045297620818018913
578,840,16,2,-4.596463203430176,-0.013926773,0.005553484,False,809,-0.008579044602811337,-0.008646078407764435,0.019547291100025177
578,911,18,2,-4.142776012420654,0.0023810195,0.0012640095,False,940,0.0002552795340307057,-0.0010706043103709817,0.0002088738838210702
580,313,6,2,-3.921917676925659,-0.006100197,-0.009816222,False,323,0.011812086217105389,0.005145697388797998,0.0029503637924790382
580,596,11,2,-4.33042049407959,-0.012213021,0.0022355556,False,582,0.003973999060690403,0.007433180697262287,0.010989394038915634
580,679,13,2,-4.035417556762695,0.0016483021,-0.005822592,False,676,-0.006038985215127468,-0.0015873718075454235,-0.011922507546842098
580,724,14,2,-4.477673530578613,-0.0064133834,-0.009552288,False,719,-0.0011820984072983265,-0.0010449123801663518,-0.0032760906033217907
581,635,12,2,-3.370077133178711,-0.000999198,0.005134902,False,630,0.005063753109425306,-0.00022880554024595767,0.011426658369600773
581,818,16,2,-4.594753265380859,-0.010969324,-0.00021831512,False,814,0.0017588615883141756,0.006963205523788929,0.005546664819121361
588,41,0,2,-4.320680141448975,0.0049476814,-0.00076663017,False,33,0.00508633628487587,-0.002783231670036912,0.0021552559919655323
588,664,13,2,-5.843952178955078,-0.0047425367,-0.00063497544,False,-1,,,
593,698,13,2,-5.117051124572754,-0.003203726,0.008067322,False,695,-0.0019827079959213734,0.0019076347816735506,0.007380705326795578
593,813,16,2,-5.9045844078063965,-0.004122028,-0.0007592964,True,826,0.0027354336343705654,0.00409761443734169,0.0020005509722977877
594,671,13,2,-3.9934048652648926,-0.0018597603,-0.009200105,False,676,-0.0055878353305161,0.0004971838206984103,-0.013425364159047604
594,720,14,2,-3.6839349269866943,0.0012615157,-0.0012740183,False,727,-0.00010609626770019531,-0.0046408651396632195,0.0019992347806692123
594,808,16,2,-5.619795799255371,-0.013709354,-0.006027756,False,815,-0.006712255533784628,0.00303790089674294,-0.002068558242172003
594,990,19,2,-4.49539041519165,0.0031880473,-0.00060557364,False,958,-0.003808994311839342,-0.0005120658897794783,-0.007090549450367689
595,622,12,2,-4.205120086669922,0.0020902348,0.0016491222,False,601,0.011980113573372364,-0.006378517020493746,0.017917517572641373
595,963,19,2,-4.217848300933838,-0.003241558,0.000771141,False,966,-0.0010566425044089556,0.002870807657018304,8.524907752871513e-05
596,246,4,2,-4.409849643707275,0.0022061348,0.00024456024,False,210,-0.001414394355379045,3.3884047297760844e-05,-0.0034098532050848007
596,715,14,2,-4.357634544372559,-0.008612223,-0.0018726444,False,732,-0.0047768400982022285,-0.0006603526999242604,0.0026230914518237114
596,821,16,2,-5.028560161590576,0.013750744,0.019351235,False,804,-0.0005983257433399558,-0.0037320994306355715,0.0087342644110322
596,991,19,2,-3.586979389190674,0.0030072213,0.0039353417,False,992,-0.0003620958304964006,-0.0025244522839784622,0.0030904768500477076
598,342,6,2,-3.8770320415496826,-0.00744988,-0.005753751,False,343,-0.004835634026676416,-0.005680241622030735,0.002540736459195614
598,675,13,2,-4.488060474395752,-0.0025109386,-0.009557171,False,673,0.0030981730669736862,-0.00023622512526344508,-0.0037118338514119387
599,584,11,2,-4.244741916656494,-0.0021667099,-0.009674806,False,557,0.0042280578054487705,0.0014535522786900401,-0.004733590874820948
599,713,14,2,-3.347742795944214,0.009150996,-0.005197129,False,739,-0.002065105363726616,-0.0029412221629172564,-0.013472008518874645
602,368,7,2,-3.8789150714874268,0.0021729516,0.000710597,False,396,-0.0007510852883569896,-5.197048085392453e-05,-0.0021614693105220795
602,406,8,2,-3.7633724212646484,0.0005518818,0.0008629417,False,427,-0.0015707493294030428,-0.003820705460384488,0.002561016008257866
602,839,16,2,-4.963443756103516,-0.008072262,-0.0055087567,False,811,0.0019459151662886143,-0.005967617034912109,0.010477036237716675
602,842,16,2,-4.121000289916992,0.007736225,-0.018275985,False,814,0.00956555362790823,0.0008060932159423828,-0.01725275069475174
604,532,10,2,-3.4279491901397705,0.0025332689,-0.0020137357,False,543,0.0019916724413633347,-0.004248027689754963,0.0016926955431699753
604,653,13,2,-3.4253408908843994,0.0071448707,0.0006028366,False,674,0.002486863173544407,0.00037631989107467234,-0.004431490786373615
604,711,14,2,-5.758572578430176,-0.0135954665,-0.0032031918,False,717,-0.0006141471676528454,0.00409729965031147,0.0056808278895914555
604,743,14,2,-3.4717824459075928,0.008234058,0.00045230865,False,739,-0.002015881473198533,-0.00010122775711352006,-0.009696402586996555
605,241,4,2,-3.506836175918579,0.00080375193,0.0018266917,False,215,0.002092428272590041,-0.002420125063508749,0.0055354926735162735
605,565,11,2,-3.213378667831421,0.013326154,-0.0015265655,False,-1,,,
609,30,0,2,-3.6479480266571045,-0.0010760021,0.0023063517,False,31,0.0017006206326186657,0.004901866894215345,0.00018110754899680614
609,722,14,2,-3.475611686706543,0.008082228,0.00018630504,False,739,-0.003028488252311945,0.0033468054607510567,-0.014271216467022896
610,318,6,2,-2.9433839321136475,0.0065081073,-0.0050166654,False,337,-0.0010614156490191817,0.0021063804160803556,-0.014692568220198154
610,983,19,2,-3.284489154815674,0.0025475025,-0.0007299948,False,955,0.0019788360223174095,-0.001057419809512794,-0.00024124141782522202
611,554,11,2,-3.4324822425842285,-0.0046375897,-0.0055247545,False,562,-0.0007882261415943503,-0.0016272878274321556,-4.8103160224854946e-05
611,844,16,2,-3.9293041229248047,0.0019115544,0.0044586323,False,847,0.0018126964569091797,0.011254139244556427,-0.006894364953041077
612,333,6,2,-3.7874741554260254,0.0066820337,-0.015094309,False,316,0.002958922414109111,-0.0026324987411499023,-0.01618492230772972
612,346,6,2,-4.854032039642334,-8.7776185e-05,-0.0074812127,False,307,-0.006408405490219593,0.011443271301686764,-0.02524511329829693
612,560,11,2,-5.374836444854736,-0.013774901,0.0015829277,False,576,0.00028913497226312757,0.002237787237390876,0.013409176841378212
612,627,12,2,-5.090579986572266,-0.0032079984,0.0060184,False,620,-0.001615982037037611,-0.0010737323900684714,0.008684149011969566
613,332,6,2,-2.7450709342956543,0.002366562,0.0012891197,False,304,0.0038326310459524393,-0.0006167268729768693,0.0033719155471771955
613,338,6,2,-4.763899326324463,0.0027402306,-0.00584301,False,331,-0.0054983519949018955,-0.0016922473441809416,-0.012389345094561577
613,714,14,2,-3.509155750274658,-0.003343072,-0.0022743081,False,718,0.005754828453063965,-0.0016929436242207885,0.008516536094248295
613,828,16,2,-5.810891628265381,-0.009653321,-0.002101612,False,826,0.0024330425076186657,0.0011679648887366056,0.008816786110401154
615,632,12,2,-5.809906482696533,-0.00018191338,0.0067449952,True,646,-0.003994779661297798,-0.0034466267097741365,0.006378755904734135
615,728,14,2,-5.365053176879883,-0.0040145204,0.009096794,False,710,0.002264909679070115,-0.0070503330789506435,0.022426556795835495
618,447,8,2,-4.340384483337402,0.00310812,0.0016893768,False,444,-0.0012393284123390913,-0.0028078651521354914,0.00014979345723986626
618,608,12,2,-5.011077880859375,-0.011068535,-0.014840326,False,620,0.0014037704095244408,-0.004032611846923828,0.001664591021835804
620,47,0,2,-4.049222946166992,0.0021799565,-0.00016468047,False,42,-0.00026417733170092106,-0.0007704353192821145,-0.0018383789574727416
620,540,10,2,-4.2210822105407715,0.0031612588,0.004005537,False,520,0.005969886668026447,0.0034481906332075596,0.003365974174812436
620,618,12,2,-4.661080837249756,0.010767822,-0.0005471039,False,617,-0.00571224233135581,0.003077936125919223,-0.02010510489344597
620,707,14,2,-4.491912841796875,-0.013239107,-0.0052515795,False,719,-0.0010834598215296865,-0.0011085415026172996,0.008012608624994755
623,606,12,2,-5.0509467124938965,-0.009721603,-0.0072738933,False,613,-0.007776279468089342,-0.0021134756971150637,-0.00321509363129735
623,879,17,2,-4.146475791931152,0.0014046956,-0.0017474651,False,862,-0.0006328677991405129,0.0009890079963952303,-0.004774036351591349
625,312,6,2,-4.597115993499756,-0.0030824374,0.0038070583,False,307,0.00247159949503839,0.006686916574835777,0.0026741791516542435
625,737,14,2,-4.4536356925964355,0.0072166156,0.004385424,False,732,-0.00826263427734375,0.009964389726519585,-0.02105821669101715
625,744,14,2,-5.70330810546875,-0.005899019,0.008508091,False,717,0.003124828450381756,0.0012980556348338723,0.016233881935477257
625,805,16,2,-4.847128868103027,0.0044041537,0.00013539314,False,837,0.010440693236887455,-0.003958120476454496,0.010130053386092186
625,819,16,2,-4.060619354248047,-0.014619169,-0.0041559506,False,814,0.00982916820794344,-0.0021559810265898705,0.02244836837053299
625,831,16,2,-5.744627475738525,-0.0001947689,-0.0045925234,True,826,0.0036198042798787355,0.0011451148893684149,-0.0019230651669204235
626,672,13,2,-5.943981170654297,-0.009857302,0.0047020437,False,-1,,,
626,832,16,2,-4.522518634796143,0.012779808,0.0025168515,False,836,-0.004026756156235933,0.007660961244255304,-0.021950673311948776
631,301,6,2,-3.3493053913116455,-0.012555743,-0.009404731,False,300,0.010823821648955345,0.004271440673619509,0.009703392162919044
631,319,6,2,-5.401526927947998,-0.010441971,-0.0034039975,False,330,0.002826948184520006,-0.01071170810610056,0.020576629787683487
631,812,16,2,-4.84938383102417,0.0045716288,-0.010115805,False,837,0.007144555915147066,-0.001270399079658091,-0.006272478960454464
631,925,18,2,-3.934037446975708,0.0014164209,-0.0035012197,False,902,0.0004105472471565008,0.001371092745102942,-0.005878186319023371
633,291,5,2,-4.151237487792969,-0.0077413986,-0.0022219943,False,278,0.004368686582893133,-0.0008181857992894948,0.010706276632845402
633,822,16,2,-4.823042392730713,-0.0017662048,0.00026135443,False,837,0.00896512996405363,-0.0016448688693344593,0.01263755839318037
634,604,12,2,-4.457191467285156,0.0070049954,-0.0082352925,False,619,0.008913802914321423,0.0044538117945194244,-0.01078029628843069
634,841,16,2,-4.426008701324463,-0.012543979,-0.012787409,False,836,-0.0033064461313188076,0.009914493188261986,-0.013464369811117649
637,323,6,2,-3.5226800441741943,0.010651202,-0.0007966328,False,309,-0.0035137939266860485,-0.0004122924874536693,-0.014549336396157742
637,689,13,2,-4.29727029800415,-0.0028996468,0.0016797733,False,652,-0.0016198635566979647,0.004229364451020956,-0.0012698080390691757
638,295,5,2,-5.058252811431885,-0.011222792,-0.0015861606,False,280,0.003866529557853937,-0.004262819420546293,0.01776598021388054
638,347,6,2,-4.873426914215088,0.0002968693,0.0031006718,False,327,0.006511402316391468,-0.0026895999908447266,0.01200480479747057
640,349,6,2,-3.8720269203186035,-0.009538565,0.008416028,False,306,-0.004500255454331636,-0.00781253818422556,0.0212668739259243
640,733,14,2,-3.234248399734497,-0.0008792496,0.0049095536,False,712,-0.002832016907632351,-0.004205083940178156,0.0071618701331317425
641,336,6,2,-4.257637977600098,0.009000473,-0.008172168,False,316,-0.010153207927942276,0.004749545827507973,-0.03207539767026901
641,610,12,2,-5.040530681610107,-0.0035859204,-0.0015706253,False,620,0.003054113360121846,-0.00010246277088299394,0.0051718708127737045
641,809,16,2,-5.112788200378418,-0.012760925,-0.008345537,False,837,0.005450553726404905,0.004512576851993799,0.00535336509346962
641,978,19,2,-3.7008066177368164,0.0014226437,0.005543871,False,992,-0.001975212013348937,-0.0010628127492964268,0.0032088279258459806
643,526,10,2,-4.575591087341309,2.0704269e-05,-0.0007315254,False,538,-0.0007796764257363975,-0.0014295578002929688,-0.00010234833462163806
643,840,16,2,-4.074023246765137,0.0131210135,-0.009980478,False,836,0.004648437723517418,0.005127706564962864,-0.02358075976371765
645,416,8,2,-4.048484802246094,0.0003059292,0.0049516438,False,441,0.00023532866907771677,0.00230968464165926,0.0025713585782796144
645,735,14,2,-5.54339075088501,0.0046563433,0.0090034865,True,710,-0.004197054076939821,0.0012688541319221258,-0.0011187647469341755
647,141,2,2,-4.0236897468566895,0.00013040543,-0.00021348,False,120,-0.00033727646223269403,0.0030608130618929863,-0.0037419749423861504
647,325,6,2,-3.940580129623413,0.01431252,0.00937047,False,320,0.012951450422406197,0.0017684459453448653,0.006240955553948879
650,235,4,2,-3.7196903228759766,0.002294283,0.00047945976,False,249,0.001162519445642829,-0.00147107127122581,0.0008187675848603249
650,530,10,2,-4.246121406555176,-0.006089754,-0.0014617348,False,533,0.00040712355985306203,0.0006569671677425504,0.00437817582860589
651,174,3,2,-4.245250701904297,0.0030123615,-0.0030167103,False,161,-0.0010078048799186945,0.002988453023135662,-0.010025329887866974
651,740,14,2,-5.394347190856934,-0.010393095,0.0014967537,False,701,0.009254608303308487,-0.0030935287941247225,0.024237986654043198
652,585,11,2,-3.4537737369537354,0.000107984546,0.008860526,False,591,0.005386934150010347,-0.001325039891526103,0.01546451449394226
652,630,12,2,-3.120919704437256,0.006932759,0.0037585115,False,-1,,,
653,519,10,2,-5.0347771644592285,0.0021914863,-0.0004889774,False,535,-0.0015278529608622193,0.001476879115216434,-0.005685195792466402
653,838,16,2,-3.565502882003784,0.0140806055,-0.012068811,False,820,-0.0013261603889986873,0.012461171485483646,-0.039936747401952744
654,310,6,2,-3.5517895221710205,0.006006875,-0.007877679,False,309,-0.0007304811733774841,0.0016669273609295487,-0.016281962394714355
654,443,8,2,-4.397691249847412,-0.0035843754,0.0036734296,False,435,-0.0009468841599300504,-0.001233816146850586,0.007544737309217453
655,462,9,2,-4.328097343444824,-0.0007079411,0.00010476112,False,491,0.002449569758027792,-3.0250548661570065e-05,0.003292522393167019
655,675,13,2,-5.148732662200928,-0.012660751,0.004129791,False,680,-0.0037368489429354668,0.005521650426089764,0.007532043382525444
660,811,16,2,-5.18253231048584,-0.010463782,0.0065740203,False,833,0.0015015506651252508,-0.006982412189245224,0.025521764531731606
660,934,18,2,-3.9233739376068115,9.8366734e-05,0.002368574,False,933,0.0005479907849803567,-0.0007390212849713862,0.0035572194028645754
661,152,3,2,-3.469104290008545,0.0027743625,0.0035540008,False,181,0.0034913921263068914,0.0013621426187455654,0.002908887807279825
661,168,3,2,-4.11017370223999,-0.0012803745,-0.0053579523,False,196,-0.0059561775997281075,0.0017289828974753618,-0.011762738227844238
661,261,5,2,-4.151637554168701,-0.004165082,-0.0033963872,False,287,-0.004511909559369087,0.001867590006440878,-0.005610805004835129
661,281,5,2,-3.7983813285827637,-0.008140964,0.010309553,False,262,0.0027307081036269665,-0.0010943937813863158,0.022275619208812714
661,615,12,2,-4.621886730194092,0.00046663283,-0.0058033373,False,601,-0.005958108697086573,-0.01554560661315918,0.0033175284042954445
661,668,13,2,-4.060247898101807,0.008885603,-0.0018441104,False,677,-0.006966190412640572,0.008441943675279617,-0.02613784745335579
662,166,3,2,-5.0117106437683105,0.0030206204,-0.0026096725,False,167,0.0006684017134830356,-0.00018310546875,-0.0047787856310606
662,305,6,2,-3.5596158504486084,0.007917065,0.0046472074,False,309,-0.0008609485812485218,0.0034678124357014894,-0.0075986189767718315
662,763,15,2,-3.9642207622528076,-0.00013127804,-0.0017342806,False,755,-0.001992440316826105,-0.002857527695596218,-0.0007379151647910476
662,815,16,2,-5.149961948394775,0.0104752155,0.007796812,False,833,0.0030147742945700884,-0.008654803968966007,0.008991174399852753
662,835,16,2,-4.646082401275635,0.00011602402,-0.0038544082,False,-1,,,
662,845,16,2,-4.873692989349365,-0.005049057,-0.00097510335,False,833,0.0030147742945700884,-0.008654803968966007,0.01574353128671646
663,136,2,2,-3.999567747116089,-0.0006311464,2.4175644e-05,False,128,0.0017468119040131569,0.0007210397743619978,0.001681094290688634
663,603,12,2,-5.078498840332031,-0.0020851612,-0.010432387,False,624,-0.0015680503565818071,-0.004551363177597523,-0.00536391232162714
663,633,12,2,-3.5569255352020264,0.018177152,-0.0073068906,False,611,-0.0007880020420998335,-0.0030059481505304575,-0.02326609566807747
663,721,14,2,-5.038495063781738,0.0072996425,0.0074646855,False,702,0.010926399379968643,0.0005804061656817794,0.010511036962270737
665,576,11,2,-5.509922027587891,0.0019399738,0.0064968015,False,577,0.00025908471434377134,-0.0010953140445053577,0.005911226384341717
665,813,16,2,-5.553680896759033,0.0050675394,0.0022536183,True,825,-0.003978996071964502,-0.0007174682687036693,-0.006075448822230101
672,342,6,2,-4.465014457702637,-0.009991789,-0.0009884643,False,340,-5.4006577556720003e-05,-0.006024313159286976,0.014973631128668785
672,724,14,2,-4.901604175567627,0.00077763555,-0.0019516182,False,749,-0.007799101062119007,-0.0005895423819310963,-0.009938811883330345
673,839,16,2,-5.668924808502197,-0.011529302,-0.0016100598,False,824,0.001670789672061801,-0.0004443168581929058,0.012034349143505096
673,852,17,2,-3.3460652828216553,0.0019386101,-9.191036e-05,False,897,0.0019176483619958162,0.00020665168995037675,-0.00031952373683452606
674,14,0,2,-4.12309455871582,0.00013953209,-0.000355978,False,38,0.00012905121548101306,-0.0017045974964275956,0.0013381385942921042
674,730,14,2,-5.163553237915039,-0.00941699,0.00070760725,False,749,-0.009048929437994957,0.0017936992226168513,-0.0007180310785770416
675,303,6,2,-4.6144304275512695,-0.006908083,0.00085676194,False,344,0.005605831276625395,0.002396755153313279,0.010973921045660973
675,664,13,2,-5.460662841796875,0.00833951,0.008039045,False,-1,,,
677,343,6,2,-4.103177070617676,-0.0022321271,-0.0061258697,False,316,-0.0029124163556843996,0.0028461264446377754,-0.009652284905314445
677,348,6,2,-4.619546890258789,0.011047096,0.0050255777,False,344,0.005114974919706583,0.003858633106574416,-0.004765176214277744
677,412,8,2,-4.691821098327637,-0.00043087004,0.0040233135,False,423,-0.0027864265721291304,-0.0011460876557976007,0.0028138444758951664
677,707,14,2,-4.784205436706543,-0.0036683464,-0.015119066,False,705,-0.00508645037189126,0.004732475150376558,-0.021269645541906357
678,31,0,2,-3.321773052215576,0.0028946446,-0.0005127144,False,9,0.0062041329219937325,0.0009650516440160573,0.001831721980124712
678,598,11,2,-3.5812816619873047,-0.0070993854,-0.0046959016,False,562,-0.0027364064007997513,0.0023627758491784334,-0.0026956982910633087
679,322,6,2,-3.7398314476013184,-0.0016091632,0.0029591226,False,309,0.0010526275727897882,0.007088899612426758,-0.00146798649802804
679,678,13,2,-3.248204469680786,0.016303124,0.0007632351,False,666,0.00503587257117033,-0.005066642537713051,-0.005437374114990234
684,766,15,2,-4.211362361907959,-0.0014820099,7.109642e-05,False,760,-0.0004695415555033833,-0.004945507273077965,0.006029072217643261
684,826,16,2,-5.333316802978516,0.0040103626,-0.004870968,False,-1,,,
689,298,5,2,-3.6262781620025635,0.006198759,-0.00039632796,False,299,0.006037507206201553,-0.0055533600971102715,0.004995780065655708
689,328,6,2,-5.0868682861328125,-0.006901579,0.0055895997,False,324,-0.0078950310125947,0.00847948994487524,-0.003883342258632183
690,345,6,2,-4.065957069396973,0.0047180937,0.0067811394,False,316,0.004221973475068808,0.003958525601774454,0.0023264936171472073
690,479,9,2,-3.994633436203003,-0.00221859,0.004297714,False,455,0.0014270305400714278,0.0017561960266903043,0.006187138147652149
691,698,13,2,-4.532257080078125,0.0027483082,0.00235919,False,684,0.0035704707261174917,-0.0018280314980074763,0.005009383894503117
691,808,16,2,-5.709414482116699,0.0033335018,0.004017477,True,825,-0.005013389512896538,0.006758394185453653,-0.011087807826697826
691,823,16,2,-4.612837314605713,-0.011971721,-0.0019046593,False,834,-0.010580044239759445,-0.008211488835513592,0.00769850704818964
691,944,18,2,-4.751067161560059,-0.0011479473,0.0016023064,False,949,-0.0016244602156803012,0.0008297538734041154,0.0002960397396236658
693,590,11,2,-4.9434332847595215,-0.0005787182,0.0003879547,False,586,-0.0026007937267422676,-0.006505231838673353,0.004871110897511244
693,719,14,2,-4.28707218170166,0.0063226796,0.0011179734,False,738,-0.004440064541995525,-0.0021980477031320333,-0.007446723058819771
694,442,8,2,-4.325022220611572,0.0026095773,-0.0011191082,False,402,-0.003677415894344449,0.0004416084266267717,-0.007847709581255913
694,604,12,2,-5.146057605743408,-0.01341712,-0.005680504,False,644,0.0006677055498585105,-0.0012757491786032915,0.009680070914328098
695,587,11,2,-4.019360542297363,0.0021005345,-0.0071667577,False,550,-0.0026406527031213045,0.001059732399880886,-0.012967676855623722
695,741,14,2,-3.998680830001831,0.007488408,0.0016833257,False,725,-0.0028080272022634745,0.0027236223686486483,-0.011336732655763626
698,837,16,2,-4.690549850463867,0.009530573,0.00042002677,False,834,-0.007975578308105469,-0.006289119832217693,-0.010797005146741867
698,931,18,2,-4.4165849685668945,-0.0017302036,-0.0012945271,False,914,-0.0001932430313900113,0.00046606065006926656,-0.00022362713934853673
699,20,0,2,-3.973007917404175,-0.0028723811,0.00030243874,False,12,-0.0011841392843052745,-0.003926672972738743,0.005917353555560112
699,552,11,2,-3.6894936561584473,0.0039677382,0.007836356,False,551,0.002825722796842456,0.003689789678901434,0.003004550701007247
700,333,6,2,-3.8741369247436523,0.012393351,-0.0024309682,False,320,0.0025472163688391447,-0.002116565592586994,-0.010160536505281925
700,951,19,2,-4.09037971496582,0.00030928612,-0.00075831416,False,971,-0.0011011791648343205,-0.004264526534825563,0.002095747273415327
703,317,6,2,-3.7264626026153564,-0.0011387158,-0.009882264,False,320,0.002789874095469713,-0.0018602705094963312,-0.004093402996659279
703,637,12,2,-4.985627174377441,-0.015589532,-0.010756025,False,609,-0.0056400964967906475,0.0011394881876185536,-0.0019460772164165974
703,672,13,2,-5.398397445678711,0.009182539,0.0074452017,False,699,0.0016597270732745528,0.007790794596076012,-0.007868404500186443
703,814,16,2,-4.163873672485352,0.0027652837,0.0047462224,False,816,-0.009987563826143742,-0.003626422956585884,-0.004380201920866966
704,583,11,2,-5.194044589996338,-0.007953396,0.0023624324,False,586,-0.006340188905596733,-0.003949718549847603,0.007925357669591904
704,829,16,2,-5.962005138397217,-0.0012446499,0.00051052094,True,824,0.001349382451735437,0.0011356354225426912,0.001968917902559042
708,163,3,2,-3.6568377017974854,-0.00299479,-0.0011627722,False,172,-0.004666356835514307,-0.010891170240938663,0.008056831546127796
708,201,4,2,-4.221583843231201,0.0019704532,-0.003090601,False,228,0.0003851890505757183,-0.0006137752789072692,-0.004062090069055557
708,732,14,2,-3.7952091693878174,0.01198895,0.0051314114,False,726,-0.004316625650972128,0.010956392623484135,-0.022130556404590607
708,841,16,2,-5.45149564743042,-0.013066625,0.0005768299,False,804,-0.005505514331161976,-0.0005165481707081199,0.008654488250613213
709,306,6,2,-4.728315353393555,-0.007838631,-0.0014381886,False,344,-0.001486501656472683,0.005649890750646591,-0.0007359497249126434
709,595,11,2,-5.043787956237793,0.007004089,-0.00044529914,False,573,0.003777418052777648,0.0018465900793671608,-0.0055185602977871895
709,665,13,2,-3.7248919010162354,0.0032257892,0.0032244967,False,667,0.001194481854327023,-0.002014575060456991,0.0032077643554657698
709,700,14,2,-5.970961570739746,-0.0096187685,0.00032566072,True,711,0.0,0.0048829554580152035,0.005061474163085222
710,589,11,2,-5.137844085693359,-0.0054538534,-0.0006835842,False,586,-0.0031956196762621403,-0.004711170215159655,0.006285819690674543
710,675,13,2,-4.835776329040527,0.0055408385,-0.003561821,False,695,0.0008952140924520791,-0.005300540942698717,-0.0029069040901958942
711,294,5,2,-4.375339984893799,0.0033441067,0.0020510578,False,296,-0.003813190385699272,-0.00321337697096169,-0.0018928623758256435
711,331,6,2,-4.639017581939697,0.0016913414,-0.0020688153,False,340,-0.0005042743869125843,-0.003950729500502348,-0.0003137015737593174
711,688,13,2,-5.129441738128662,-0.009795437,-0.0017330551,False,662,-0.009448184631764889,-0.009831876493990421,0.008446073159575462
711,894,17,2,-4.130551338195801,-0.0010512542,1.3971328e-05,False,888,0.0004937172052450478,-0.001781358732841909,0.0033403015695512295
716,185,3,2,-4.44075870513916,-0.0026677514,0.001067648,False,154,0.0028389550279825926,0.004472389351576567,0.0021019650157541037
716,639,12,2,-4.911229133605957,0.0028719234,-0.0017758274,False,613,0.0038180637639015913,0.003384990617632866,-0.004214677959680557
716,737,14,2,-4.667593002319336,-0.0076693916,0.002525053,False,746,0.004438772331923246,-0.003426027251407504,0.018059244379401207
716,833,16,2,-5.745114803314209,-0.012989636,0.0011098098,False,825,-0.0005805206019431353,0.012363176792860031,0.0011557480320334435
717,849,16,2,-4.847178936004639,-0.016658917,-0.005118694,False,834,-0.004607248120009899,-0.000354366289684549,0.007287341170012951
717,967,19,2,-3.43973708152771,-0.0059918594,-0.0011283922,False,954,-0.0013245153240859509,-0.0033211945556104183,0.006860146299004555
719,735,14,2,-4.809401988983154,0.0072852992,-0.007903976,False,728,0.0013071441790089011,-0.001450710347853601,-0.012431420385837555
719,860,17,2,-4.206532955169678,-0.00166502,0.00018028259,False,886,-0.0017762756906449795,0.00015002250438556075,-8.099561091512442e-05
720,537,10,2,-4.16269588470459,-0.0044573783,-0.0054545496,False,548,-0.0001012992870528251,-7.00759919709526e-05,-0.0010283945593982935
720,591,11,2,-3.4292287826538086,0.004513359,-0.0046712495,False,574,-0.0093175508081913,-0.004475245252251625,-0.014026913791894913
721,516,10,2,-3.9915993213653564,0.01009089,-0.0043323184,False,539,-0.0035849714186042547,-0.0020414828322827816,-0.01596669666469097
721,805,16,2,-4.923334121704102,-0.0019187736,0.0108751105,False,818,-0.007589674089103937,0.0030989455990493298,0.0021052639931440353
725,246,4,2,-4.561366558074951,-0.0067081545,0.0046199798,False,210,-0.0015994644491001964,-0.001703548477962613,0.011432218365371227
725,749,14,2,-4.995399475097656,0.0030601216,0.0013296509,False,728,0.000317831028951332,0.002535705454647541,-0.003948344849050045
726,564,11,2,-4.492725372314453,-0.004512844,0.0004713917,False,592,0.0009903621394187212,0.007491426542401314,-0.001516828779131174
726,651,13,2,-4.2087531089782715,-0.00019498826,-0.0045802686,False,696,-0.00439668633043766,-0.011187219992280006,0.0024052532389760017
727,335,6,2,-5.123898506164551,0.008939171,-0.016256189,False,326,-0.006054267752915621,0.003804645501077175,-0.035054273903369904
727,608,12,2,-5.5447001457214355,0.0003288269,-0.0012750053,False,606,-0.002042636973783374,0.0018270682776346803,-0.005473537370562553
727,842,16,2,-5.256636619567871,-0.005093498,-0.0029028417,False,818,-0.002946405438706279,0.006402578204870224,-0.007158327382057905
727,843,16,2,-5.45550537109375,0.010374966,0.001416607,False,825,0.0056687830947339535,0.017625436186790466,-0.020915012806653976
732,171,3,2,-3.6513421535491943,-0.00012337208,-0.0012877369,False,192,-0.004441499710083008,0.007686481345444918,-0.013292345218360424
732,847,16,2,-4.008579254150391,-0.007550025,0.0084744645,False,844,-0.004653129726648331,-0.0040360926650464535,0.01540745235979557
735,346,6,2,-5.7166619300842285,-0.013681088,0.008187151,False,302,-0.00036588669172488153,0.00753379799425602,0.013968553394079208
735,979,19,2,-4.798961162567139,0.00026119233,-0.00026625633,False,953,-0.006785097066313028,-0.0002014732308452949,-0.007111072540283203
738,654,13,2,-5.416250228881836,-0.013161277,-0.0010481358,False,683,-0.005651311948895454,-0.00320606236346066,0.009667892009019852
738,815,16,2,-4.716958522796631,0.010360117,0.0039548874,False,834,-0.004331102594733238,-0.004295845050364733,-0.00644048722460866
739,777,15,2,-3.8318684101104736,-0.0018660497,-0.0017522192,False,786,-0.001946525531820953,0.003511877031996846,-0.005344572011381388
739,840,16,2,-4.252081871032715,0.006965046,-0.009051447,False,832,-0.0024521159939467907,-0.006864852737635374,-0.011603755876421928
740,323,6,2,-3.244227647781372,0.008279548,0.0027549886,False,318,-0.003768591908738017,-0.002754115965217352,-0.006539035588502884
740,368,7,2,-3.6098642349243164,-5.9666632e-05,-0.0025736808,False,352,-0.0023323202040046453,0.001904611592181027,-0.006750945933163166
740,702,14,2,-4.4932427406311035,0.009802074,-0.00037347793,False,747,-0.002056713216006756,-0.0021681212820112705,-0.010064143687486649
740,983,19,2,-3.4476332664489746,-0.0027107238,-0.0012215662,False,954,0.0019293260993435979,-0.007010393310338259,0.010428877547383308
741,314,6,2,-4.14245080947876,-0.0035314464,0.0028360176,False,341,0.00778961181640625,0.006958269979804754,0.007198805920779705
741,997,19,2,-3.920375108718872,-0.00032185076,-0.00085063936,False,975,3.1919480534270406e-05,-0.00020648956706281751,-0.0002903795684687793
745,596,11,2,-4.109044551849365,0.007349987,-0.0019546985,False,593,-0.0012537860311567783,0.00195484166033566,-0.012513313442468643
745,705,14,2,-4.556497573852539,0.0022602081,4.835129e-06,False,745,-0.0075624845921993256,0.0030090617947280407,-0.012826919555664062
746,350,7,2,-4.199718952178955,-0.0017482186,-0.0006037617,False,370,-0.0011947250459343195,-0.0016524124657735229,0.0016021443298086524
746,563,11,2,-4.540088176727295,0.0059406757,0.0023279858,False,584,0.0032718563452363014,-0.007838067598640919,0.007497234269976616
748,309,6,2,-3.092907190322876,0.008092971,0.0033911134,False,304,-0.00764047633856535,0.00664957519620657,-0.01899190992116928
748,347,6,2,-4.246673107147217,0.011360636,-0.0021309662,False,336,0.007892370223999023,-0.0038961886893957853,-0.0017030434682965279
748,430,8,2,-3.836019277572632,0.0009826326,0.0015780878,False,446,-0.000257086765486747,0.0006099796155467629,-0.0002716112066991627
748,714,14,2,-3.853935718536377,-0.0024973631,-0.0019181204,False,729,-0.00355669017881155,-0.002642412204295397,-0.00033503526356071234
749,526,10,2,-4.416653156280518,0.0051651476,0.0006128502,False,540,-0.0028747653122991323,0.00036873816861771047,-0.00779580045491457
749,558,11,2,-5.099894046783447,-0.013701306,0.008004961,False,570,0.0027027130126953125,0.00468821544200182,0.019720762968063354
751,255,5,2,-2.6140666007995605,0.0018563318,-0.0050593996,False,260,0.0007010650588199496,-0.0018655157182365656,-0.004349150694906712
751,300,6,2,-3.236295461654663,0.0077597187,-0.001959033,False,304,-0.00556133734062314,0.007178230211138725,-0.02245831862092018
751,612,12,2,-4.44829797744751,-0.0016068363,-0.009771118,False,605,-0.00145495415199548,-0.00544816954061389,-0.004171066451817751
751,722,14,2,-3.4760682582855225,-0.0024793863,0.004353294,False,739,-0.0038355684373527765,-0.0006207990809343755,0.0036179113667458296
755,313,6,2,-4.195662975311279,0.000121154786,-0.0070308875,False,320,-0.0008081293199211359,0.007387666497379541,-0.015347838401794434
755,670,13,2,-4.011093616485596,0.010238981,0.004603152,False,653,-0.009082607924938202,-0.0024734020698815584,-0.01224503479897976
756,42,0,2,-4.271658897399902,-0.003857994,0.0011056709,False,19,0.003119239816442132,0.00028934478177689016,0.007793559692800045
756,611,12,2,-3.045322895050049,0.010066786,-0.0028854704,False,629,-0.005249109119176865,0.003558368654921651,-0.02175973355770111
757,39,0,2,-4.92591667175293,0.004007921,-0.0029128648,False,0,-0.003525438252836466,0.002064180327579379,-0.012510403990745544
757,632,12,2,-5.502053260803223,-0.005718374,-0.0044788076,False,644,-0.005038623698055744,-0.0068677328526973724,0.0030686757527291775
760,345,6,2,-3.224339485168457,0.012448583,-0.0058283713,False,329,-0.0004343748150859028,0.0018998957239091396,-0.020611224696040154
760,600,12,2,-4.832359313964844,-0.0047918605,-0.012144384,False,602,0.0069452570751309395,-0.0007981681847013533,0.00039090169593691826
763,199,3,2,-4.679248809814453,-0.008783435,0.0015391636,False,153,-0.002778272610157728,0.008563336916267872,-0.0010190103203058243
763,339,6,2,-5.805777072906494,0.0019723414,0.004352121,True,330,-0.0021996498107910156,-0.00039175988058559597,0.00057188980281353
763,828,16,2,-5.873899936676025,-0.0005422592,0.003810482,True,809,-0.005260372068732977,-0.0005468750023283064,-0.00036075571551918983
763,845,16,2,-5.0084662437438965,-0.0016994572,-0.0046527004,False,835,-0.005639305338263512,0.0008759117336012423,-0.009468460455536842
767,303,6,2,-4.010580062866211,0.009633961,-0.00357687,False,320,-0.0034265327267348766,0.009811019524931908,-0.026448383927345276
767,544,10,2,-4.25031852722168,0.0024246406,0.002399273,False,548,-0.0012149619869887829,0.00198083883151412,-0.003221168415620923
768,317,6,2,-4.565135478973389,-0.013631182,0.0023193741,False,336,0.0007709693745709956,-0.002660455647855997,0.01938198134303093
768,460,9,2,-4.175769329071045,0.0026648426,0.00075969694,False,483,-0.00032512666075490415,0.0011628532083705068,-0.003393125720322132
768,841,16,2,-5.037474632263184,0.0069845677,-0.004083128,False,835,-0.001875820104032755,0.0005414772313088179,-0.013484993018209934
768,869,17,2,-4.267090320587158,0.003605051,0.00033316613,False,888,-0.0030796241480857134,4.433632057043724e-05,-0.006395845208317041
772,262,5,2,-3.8941783905029297,-0.00041748525,0.00053752423,False,287,-0.0007287883781827986,0.002994208363816142,-0.002767987083643675
772,837,16,2,-5.063352584838867,-0.004793158,0.008647909,False,813,0.010925236158072948,0.004330243915319443,0.020036060363054276
773,297,5,2,-3.570495843887329,0.00021253586,-0.0069886493,False,254,0.0048795463517308235,0.0016638422384858131,-0.00398548087105155
773,301,6,2,-4.404734134674072,-0.012866354,-0.013636017,False,336,-0.002668838482350111,-0.0011568927438929677,-0.002281609456986189
776,322,6,2,-4.584094047546387,-0.018956346,-0.0070865247,False,340,-0.0004637909005396068,-0.014011736027896404,0.025417767465114594
776,594,11,2,-4.808106899261475,0.0020401,-0.0013221645,False,567,0.0031755066011101007,-0.0011182022280991077,0.0009314445778727531
779,295,5,2,-5.105583667755127,0.0029266549,0.00451931,False,277,0.004390688147395849,0.004622087348252535,0.0013612557668238878
779,335,6,2,-5.96248197555542,-0.018744374,0.005900774,False,330,-0.005192756652832031,0.0022966957185417414,0.01715569570660591
781,599,11,2,-2.827285051345825,0.0064504673,-0.007969875,False,585,0.006978888530284166,0.0049894764088094234,-0.012430929578840733
781,713,14,2,-3.573086977005005,0.0012740564,-0.0036064528,False,712,-0.0012116623111069202,0.0013742971932515502,-0.007466468960046768
783,560,11,2,-5.429808139801025,-0.002727747,-0.010793076,False,569,-0.010224580764770508,-0.0005320930504240096,-0.01775781624019146
783,625,12,2,-5.9742536544799805,-0.0058334447,0.0013497829,True,646,-0.0027204323559999466,0.0033327387645840645,0.0011300565674901009
784,334,6,2,-4.1701579093933105,-0.0031903936,0.0146563575,False,348,-0.0012072277022525668,0.002952833194285631,0.013686690479516983
784,613,12,2,-4.480128765106201,0.0053613186,-0.009965305,False,618,0.0018422412686049938,0.007349157240241766,-0.020833540707826614
788,665,13,3,-3.797180652618408,-0.0026297045,0.0035886287,False,676,0.005131654907017946,-0.002750139217823744,0.014100126922130585
789,814,16,2,-4.627228736877441,-0.012227859,-0.00024317742,False,825,0.01681608147919178,-0.006124668288975954,0.0349254310131073
789,934,18,2,-3.6305770874023438,0.0036363888,-0.0026563024,False,908,0.0005807924317196012,0.002563471905887127,-0.008275371044874191
795,35,0,2,-4.341595649719238,-0.0013136197,0.0023138332,False,5,-0.0012255763867869973,0.001532382913865149,0.0008694936987012625
795,695,13,2,-5.2855024337768555,-0.004526987,-0.004404249,False,662,0.0028538035694509745,0.001681470894254744,0.0012950707459822297
795,826,16,2,-5.9742536544799805,-0.003925934,0.012653904,True,809,0.0016083144582808018,0.0038989640306681395,0.014289189130067825
795,838,16,2,-5.054810047149658,-0.012884932,0.0070769787,False,835,0.00010828018275788054,0.008704538457095623,0.011365652084350586
796,120,2,2,-3.8266708850860596,0.0013714362,-0.0008915186,False,111,-0.0009595012525096536,0.0013751935912296176,-0.004597649909555912
796,634,12,2,-4.794450759887695,-0.0062730694,-5.00679e-06,False,605,-0.008736524730920792,0.005227384623140097,-0.007695847190916538
799,448,8,2,-3.7694880962371826,-0.0034157466,0.00225852,False,411,0.0032876539044082165,0.005831279791891575,0.003130640834569931
799,716,14,2,-2.781972646713257,-0.00024704458,-0.0015909672,False,720,0.00678315619006753,0.0013610791647806764,0.0040781544521451
799,738,14,2,-3.9140102863311768,0.00739512,-0.005420022,False,729,-0.0016839122399687767,-0.00813195202499628,-0.006367102265357971
799,847,16,2,-3.679309129714966,0.007989535,0.008151107,False,817,-0.010533776134252548,-0.0029228352941572666,-0.007449369411915541
801,659,13,2,-4.353295803070068,0.000986185,-0.004272804,False,673,-0.0016417026054114103,-0.00010406494402559474,-0.006796626839786768
801,822,16,2,-5.026112079620361,-0.0038835716,0.009511137,False,835,-0.0024481010623276234,0.010604514740407467,0.00034209247678518295
802,307,6,2,-3.9739999771118164,0.0026631928,0.010227151,False,341,0.004446334671229124,-0.010093173943459988,0.02210346609354019
802,563,11,2,-4.443472862243652,0.0024890327,-0.0063858605,False,588,-0.005784206558018923,-0.004316539969295263,-0.010342559777200222
802,682,13,2,-4.686114311218262,-0.005888338,-0.0012666512,False,690,0.001278457697480917,0.01266640704125166,-0.0067662629298865795
802,818,16,2,-4.163176536560059,0.016639777,0.0031267738,False,800,0.0016411399701610208,0.013822922483086586,-0.02569478377699852
804,310,6,2,-4.226928234100342,0.0021735858,-0.006822224,False,348,0.009909897111356258,-0.002465152647346258,0.0033792397007346153
804,580,11,2,-5.280731678009033,0.0091871265,-0.0003554821,False,579,-0.004163484554737806,0.002811441430822015,-0.016517534852027893
804,587,11,2,-4.6581525802612305,-0.0028181744,0.003024292,False,567,0.0021715450566262007,-0.00852359738200903,0.016537608578801155
804,610,12,2,-5.873231887817383,-0.0054497244,0.0007560253,True,621,0.0013739680871367455,-0.0025014018174260855,0.01008111983537674
805,384,7,2,-4.038143634796143,0.0014902878,0.0024468899,False,369,-0.0001393222773913294,-0.0003470611700322479,0.0011643408797681332
805,671,13,2,-4.626038551330566,-0.008330307,-0.0076637743,False,690,0.0007720852154307067,0.010752048343420029,-0.0093134306371212
807,142,2,2,-4.010678291320801,0.0012989617,-0.0008009243,False,128,-0.00021265506802592427,0.005594010464847088,-0.007906551472842693
807,842,16,2,-5.600449085235596,-0.007455902,-0.006386509,False,824,0.0031527422834187746,-0.0033866025041788816,0.007608737796545029
811,311,6,2,-4.199865341186523,0.0037099551,-0.0062834644,False,348,0.008065233007073402,-0.0013288974296301603,-0.0005992883816361427
811,677,13,2,-4.194826602935791,0.0021307564,0.006695037,False,698,0.005329141393303871,0.0070050619542598724,0.002888360060751438
811,691,13,2,-4.5039262771606445,-0.002285471,-0.004568262,False,673,-0.007845048792660236,0.005157279781997204,-0.015285119414329529
811,834,16,2,-4.5787577629089355,0.0033337688,-0.0042351056,False,811,0.004920072387903929,-0.002727613551542163,7.881131023168564e-05
813,521,10,2,-4.437690734863281,0.003358326,-0.00059459684,False,540,-0.00165472028311342,-0.0008518504910171032,-0.004755792673677206
813,570,11,2,-5.3987836837768555,-0.0051757717,-0.005870409,False,569,-0.0038086222484707832,0.0015715979970991611,-0.00607485743239522
813,607,12,2,-4.369073390960693,-0.0031330585,7.341385e-05,False,643,0.0013163756811991334,-0.0062949564307928085,0.010817804373800755
813,714,14,2,-3.8474326133728027,-0.0014897633,0.0011129809,False,741,0.0018674421589821577,5.018234151066281e-05,0.004420003853738308
816,308,6,2,-2.6572306156158447,-0.0030345535,0.00916018,False,337,0.003570666303858161,-0.007863812148571014,0.023629210889339447
816,399,7,2,-4.307006359100342,0.0019915868,0.0034019183,False,366,-0.0027605248615145683,0.0021080493461340666,-0.0034582428634166718
816,566,11,2,-4.536671161651611,-0.0055448245,-0.005674486,False,573,0.004212341271340847,0.00222014426253736,0.001862535485997796
816,802,16,2,-2.482978343963623,0.00885756,-0.0074749803,False,846,0.0024492358788847923,4.857063322560862e-05,-0.013931875117123127
820,91,1,2,-3.530756950378418,-0.00024529934,-0.0018078804,False,89,0.0015651083085685968,-0.0013534307945519686,0.0013559580547735095
820,320,6,2,-3.389535665512085,0.013100314,-0.007127161,False,318,0.007101512048393488,-0.0031548691913485527,-0.009971093386411667
821,333,6,2,-4.36555290222168,-0.006837549,-0.007418051,False,341,-0.008164439350366592,-0.004721937235444784,-0.0040230038575828075
821,552,11,2,-3.0681047439575195,0.00733017,0.007903557,False,565,-0.001993088750168681,-0.0014918280066922307,7.212662603706121e-05
822,344,6,2,-3.805940628051758,0.012761926,-0.0052020643,False,325,-0.004354930017143488,-0.0017334413714706898,-0.020585479214787483
822,398,7,2,-3.9522175788879395,-0.0018350363,-0.0037536335,False,380,-0.003970312885940075,0.0025308560580015182,-0.008419766090810299
823,402,8,2,-4.243256092071533,-0.0007056713,-0.004031067,False,412,0.0027515124529600143,-0.000230493547860533,-0.00034338957630097866
823,663,13,2,-4.484124183654785,0.008755951,0.0023959829,False,693,0.0037295531947165728,-0.0010410117683932185,-0.0015894034877419472
826,321,6,2,-5.467009544372559,0.009844951,-0.0019404697,True,340,-0.014011736027896404,0.007369194179773331,-0.03316635265946388
826,597,11,2,-5.441840648651123,0.0023508167,-0.0009674835,False,572,0.0017018031794577837,-0.007589578628540039,0.005973081104457378
827,215,4,2,-3.3383560180664062,-0.0007038975,0.0022489023,False,248,-0.0003921985626220703,-0.002643752144649625,0.005204353481531143
827,640,12,2,-3.952924966812134,0.0037481452,0.0027466775,False,618,0.007395334076136351,-0.0027540207374840975,0.009147887118160725
829,188,3,2,-4.986693382263184,-0.0053412532,-0.0028644754,False,170,-0.006671342998743057,-0.004965228959918022,0.0007706638425588608
829,804,16,2,-5.650200843811035,-0.0016527176,0.0005923748,True,839,0.004025955218821764,-0.0016486549284309149,0.007919702678918839
830,141,2,2,-4.00875186920166,0.00040129662,-0.0044083977,False,136,-0.003522892016917467,0.0009486388880759478,-0.009281225502490997
830,848,16,2,-5.224932670593262,0.009182406,-0.00969264,False,-1,,,
833,283,5,2,-4.744681358337402,0.0013649082,-0.0016203404,False,291,0.00040709495078772306,0.0025206946302205324,-0.005098848603665829
833,327,6,2,-5.592424392700195,-0.0040758895,0.005952349,False,-1,,,
833,557,11,2,-4.530051231384277,-0.0007248306,0.00064175605,False,578,0.008436880074441433,-0.005967445205897093,0.015770912170410156
833,624,12,2,-5.583302021026611,-0.0075934026,-0.002702799,False,644,0.0036596679128706455,0.0019229411846026778,0.006627330556511879
834,806,16,2,-4.256939888000488,-0.024769349,0.00416234,False,816,-0.0014509677421301603,-0.007654237560927868,0.03513495624065399
834,859,17,2,-3.9194014072418213,-0.0015510321,-5.665779e-05,False,854,0.002434358699247241,0.0001872158027254045,0.003741517197340727
838,502,10,2,-4.344604015350342,0.005885048,-0.0040002726,False,540,-0.0008397674537263811,-0.0012828921899199486,-0.009442195296287537
838,668,13,2,-4.930093288421631,-0.01398942,-0.010080881,False,684,-0.0008701419574208558,0.006417674943804741,-0.003379278816282749
838,719,14,2,-3.8776605129241943,-8.403778e-05,-0.0019953584,False,723,-0.0016357136191800237,-0.005037965718656778,0.0014909316087141633
838,808,16,2,-5.897491931915283,-0.008736086,6.3419343e-06,True,824,-0.0009081744938157499,0.021273326128721237,-0.013439071364700794
839,728,14,2,-5.583328723907471,-0.014660873,-0.0065653324,False,701,0.0025186347775161266,-0.006128015462309122,0.016742192208766937
839,877,17,2,-4.092215061187744,0.00034703256,-0.0020671464,False,890,0.00020139693515375257,5.027771112509072e-05,-0.002263059839606285
842,775,15,2,-4.272281646728516,-0.0015908623,0.0022618484,False,764,-0.001993646612390876,4.115104820812121e-05,0.0018179130274802446
842,828,16,2,-5.9742536544799805,-0.003323059,0.008581371,True,824,-0.004506368655711412,0.02532733976840973,-0.017929278314113617
843,417,8,2,-4.707108020782471,0.0035122775,0.002794962,False,419,-0.000951261492446065,-0.0013076686300337315,-0.0003609084524214268
843,845,16,2,-5.835656642913818,-0.013872013,0.017821092,False,831,-0.004017191007733345,-0.002800598042085767,0.030476512387394905
844,166,3,2,-5.1169586181640625,-0.0022714806,-0.0046716593,False,194,8.975982927950099e-05,0.0029804992955178022,-0.005290918052196503
844,168,3,2,-4.304148197174072,0.005333252,-0.0013723851,False,153,0.0019453144632279873,-0.0042606545612216,-0.0004996680654585361
844,196,3,2,-3.876993179321289,0.003243084,0.00055297854,False,175,0.003499426878988743,-0.0013687944738194346,0.0021781160030514
844,343,6,2,-4.462654113769531,0.0026728916,-0.00016713142,False,341,-0.010066990740597248,-0.007252464070916176,-0.005654549691826105
844,692,13,2,-4.504762649536133,-0.0017960262,-0.003980541,False,684,-0.000777387642301619,0.003509311703965068,-0.006471214350312948
844,707,14,2,-5.864823341369629,-0.004628153,-0.0021886062,True,730,-0.004945116117596626,-0.0008594131213612854,-0.001646155957132578
845,74,1,2,-4.096927642822266,-7.658958e-05,-0.0028574562,False,85,-0.0014470100868493319,-0.0017018604557961226,-0.0025260162074118853
845,680,13,2,-4.639773845672607,0.007042236,-0.00802886,False,693,-0.0033222674392163754,0.004110746551305056,-0.022504109889268875
846,339,6,2,-5.596251487731934,0.0012302971,0.0058832834,False,312,-0.0022836686111986637,-0.011012230068445206,0.01338154822587967
846,700,14,2,-5.9742536544799805,-0.009037866,0.00299016,True,711,0.001563386875204742,0.003909559454768896,0.009681854397058487
848,541,10,2,-4.8592023849487305,-0.0023801995,-0.003627758,False,542,9.656906331656501e-05,-0.004677438642829657,0.0035264489706605673
848,809,16,2,-5.638758659362793,0.0040023234,0.0008705711,True,839,-0.005697831977158785,-0.004899997729808092,-0.003929586615413427
849,331,6,2,-5.319241523742676,-0.007718067,0.0023363496,False,340,-0.006120309699326754,0.014504156075417995,-0.010570049285888672
849,590,11,2,-4.960542678833008,0.0030888843,0.0011399937,False,586,0.0034653949551284313,-0.006352586671710014,0.00786909181624651
850,189,3,2,-4.302145957946777,-0.009661861,-0.0023606778,False,160,0.001091165584512055,-0.0027672576252371073,0.011159606277942657
850,849,16,2,-4.80707311630249,-0.0037410927,0.012238894,False,815,-0.006990642752498388,0.0025895119179040194,0.006399831734597683
852,293,5,2,-3.546215057373047,0.006056323,-0.008703866,False,257,-0.004172744695097208,0.002688932465389371,-0.021621866151690483
852,669,13,2,-4.200328350067139,-0.007664156,-0.004622345,False,652,-0.0002919197140727192,-0.003939437679946423,0.006689329165965319
854,408,8,2,-3.7500691413879395,-0.0031312942,-0.002405839,False,440,0.0003765964647755027,-0.004577584099024534,0.005679635796695948
854,818,16,2,-3.8716392517089844,0.005077324,-0.0028909491,False,817,-0.008208684623241425,0.005000267177820206,-0.021177224814891815
855,319,6,2,-5.521226406097412,0.008165665,-0.009060545,True,312,0.0003512859402690083,-0.008771543391048908,-0.008103380911052227
855,581,11,2,-5.782583236694336,-0.0062522506,0.005116291,False,572,-0.0056891534477472305,-0.0036546706687659025,0.009334058500826359
857,315,6,2,-5.506436347961426,0.0025196075,-0.007243204,False,312,-0.0010898590553551912,-0.004690713714808226,-0.006161957047879696
857,610,12,2,-5.806440830230713,0.0013935757,-0.0004369831,True,616,0.0023866272531449795,-0.0026942729018628597,0.003250341396778822
859,733,14,2,-3.327070951461792,0.0037670326,0.00034420015,False,722,-0.0013800240121781826,0.002441725693643093,-0.007244582287967205
859,962,19,2,-3.8982551097869873,-0.0036710405,-0.0033181906,False,992,-0.0031578827183693647,-0.0038417435716837645,0.0010367108043283224
862,306,6,2,-4.744269847869873,-0.0025978566,-0.0007597065,False,313,-0.0015313720796257257,0.0034319590777158737,-0.003125180955976248
862,621,12,2,-5.890203475952148,-0.0012065887,-5.604744e-05,True,616,0.0008780860807746649,-0.0023415470495820045,0.004370174370706081
863,364,7,2,-3.7737674713134766,0.0015288257,-0.00093286036,False,358,0.0017955064540728927,0.0005623483448289335,-0.0012285278644412756
863,619,12,2,-4.287468910217285,-0.008238316,0.0017295742,False,648,-0.004034385550767183,-0.0014435291523113847,0.007377033121883869
863,837,16,2,-5.2331953048706055,-0.007315006,-0.004035902,False,813,-0.004740152508020401,0.007382793352007866,-0.008843841962516308
863,843,16,2,-5.184203624725342,0.012765808,-0.002973461,False,813,-0.004740152508020401,0.007382793352007866,-0.027862215414643288
864,277,5,2,-5.241220951080322,-0.004265442,0.0034522247,False,288,0.00011009216541424394,-0.00784754753112793,0.01567530632019043
864,545,10,2,-3.277498245239258,-0.0050762463,0.0025214052,False,510,0.003274788847193122,-0.0002391243033343926,0.011111564934253693
864,641,12,2,-5.885937213897705,-0.0022118855,0.0045259283,True,646,0.0001862049102783203,-0.00027200698968954384,0.007196025922894478
864,819,16,2,-4.278079986572266,-0.0026039314,-0.0006340027,False,844,-0.004078807774931192,0.0015719032380729914,-0.003680782625451684
865,311,6,2,-4.735849380493164,-0.007843742,-0.0020434665,False,347,-0.0046200561337172985,-0.0038823604118078947,0.005062580108642578
865,840,16,2,-4.750603199005127,0.0007462883,0.00016362191,False,815,-0.005931377410888672,-0.002259912434965372,-0.004254131577908993
866,425,8,2,-5.232742786407471,-0.0050181868,-0.0027286338,False,423,-0.006381206680089235,0.002470149891451001,-0.0065618036314845085
866,842,16,2,-5.684055328369141,0.0052345656,0.009121323,True,812,-0.001892518950626254,0.009329366497695446,-0.007335128262639046
867,118,2,2,-4.567569732666016,-0.0023944569,0.0063638687,False,132,-0.0014345264062285423,0.0018728732829913497,0.005450925324112177
867,659,13,2,-4.888891696929932,-0.0074824714,-0.0059796236,False,675,0.005495510064065456,-0.009234772063791752,0.016233129426836967
867,826,16,2,-5.312299728393555,0.0034931565,0.012895346,False,813,-0.009602641686797142,0.008759536780416965,-0.008959989994764328
867,832,16,2,-4.77203893661499,0.0065172864,0.0043748,False,836,-0.004549932666122913,-0.011371097527444363,0.00467867823317647
867,916,18,2,-3.612142562866211,0.0025877284,-4.667759e-05,False,948,0.0017063856357708573,-0.003214549971744418,0.0022865296341478825
867,977,19,2,-3.6496636867523193,-0.00449306,-0.00075588224,False,954,0.003348703496158123,-0.004835200496017933,0.011921081691980362
868,620,12,2,-5.9742536544799805,-0.00058499334,0.0029622363,True,646,-0.0018858909606933594,0.00026437759515829384,0.0013969610445201397
868,710,14,2,-5.227105617523193,0.004927635,0.007975931,False,736,-0.0059947301633656025,0.0003851699875667691,-0.0033316039480268955
871,296,5,2,-4.5024638175964355,-0.004014301,-0.0019630052,False,291,0.004655627999454737,-0.007476863916963339,0.014183787629008293
871,573,11,2,-4.432360649108887,0.002835207,-0.0073467065,False,583,0.004861850757151842,-0.003321161260828376,-0.0019989013671875
871,666,13,2,-3.532691478729248,0.0059443284,-0.0029542209,False,658,-0.004243731498718262,0.0019087076652795076,-0.015050987713038921
871,729,14,2,-4.363644599914551,-0.0022186374,0.0028685285,False,715,0.008598089218139648,-0.0022749232593923807,0.015960179269313812
876,451,9,2,-3.7984867095947266,0.00034338952,-1.5449524e-06,False,480,-0.0010247707832604647,-0.002214899053797126,0.0008451938047073781
876,606,12,2,-4.882675647735596,0.008766766,-0.0038190938,False,643,-0.0028877640143036842,-0.007040596101433039,-0.008433027192950249
876,687,13,2,-3.78359317779541,0.010643262,-0.00026445865,False,690,0.008288316428661346,-0.0015744352713227272,-0.0010449690744280815
876,961,19,2,-4.723528861999512,1.5316009e-05,0.0011382676,False,953,-0.0018983269110321999,-0.0008850669837556779,0.00010969163849949837
878,324,6,2,-4.738955020904541,0.001388626,0.00096055033,False,301,0.006803207565099001,-0.004680213984102011,0.01105534564703703
878,603,12,2,-5.608061790466309,0.0073191454,-0.0073238374,True,600,-0.0027403831481933594,-0.0022121905349195004,-0.015171175822615623
879,588,11,2,-4.661118507385254,-0.0015747547,0.0015411854,False,589,0.002643632935360074,0.0006844138843007386,0.005075159482657909
879,823,16,2,-5.376924991607666,-0.0064864825,-0.0053984355,False,-1,,,
880,181,3,2,-3.2539312839508057,0.0086360695,0.0035004758,False,198,-0.00035823823418468237,-0.0003459405852481723,-0.0051478915847837925
880,743,14,2,-3.976223945617676,-0.004062486,0.0076774266,False,745,0.0037957762833684683,0.0024715615436434746,0.013064127415418625
881,191,3,2,-3.8968515396118164,-0.0081127025,-0.0039524077,False,173,-0.0011070013279095292,-0.0011716937879100442,0.004224987234920263
881,437,8,2,-4.53830623626709,-0.0025858593,-0.0046157264,False,442,0.0006559181492775679,-0.002406473271548748,0.0010325242765247822
881,833,16,2,-5.794119358062744,0.002381773,-0.0003454399,True,839,-0.0018401432316750288,-0.0035000229254364967,-0.0010673331562429667
881,834,16,2,-4.600277900695801,-0.00060322764,-0.004628582,False,816,-0.010390806011855602,0.0021120356395840645,-0.01652819663286209
882,582,11,2,-2.7222001552581787,0.0021340228,-0.0050462247,False,562,0.006773672066628933,-0.0028044653590768576,0.0023978902027010918
882,697,13,2,-3.4124109745025635,-0.007549791,0.007686725,False,694,-0.003926377277821302,0.002729492262005806,0.0085806455463171
883,617,12,2,-4.914481163024902,-0.0047021676,-0.000552454,False,609,0.0029277419671416283,-0.006331758573651314,0.013409214094281197
883,717,14,2,-5.5958333015441895,0.006284046,-0.0006867218,True,748,-0.00850712787359953,-0.007484245114028454,-0.007993650622665882
884,316,6,2,-4.920980453491211,-0.015220509,0.00023541451,False,302,-0.0009705543634481728,-0.012993821874260902,0.02747919037938118
884,811,16,2,-3.9827637672424316,0.009906082,0.0020737075,False,817,-0.0012769174063578248,0.0012341022957116365,-0.010343394242227077
884,838,16,2,-4.401383399963379,0.008054409,-0.0021790885,False,821,0.007814398035407066,0.006164112128317356,-0.008583211340010166
884,924,18,2,-3.4317634105682373,0.0014823484,-0.001356144,False,922,0.001851315493695438,0.001341104507446289,-0.0023282812908291817
887,708,14,2,-5.280962944030762,-0.007838411,-0.0016471386,False,721,-0.009780330583453178,-0.0030105782207101583,-0.0005784793756902218
887,895,17,2,-4.045831680297852,0.0015538406,0.00052829745,False,850,0.0013745879987254739,0.0011214780388399959,-0.0007724331226199865
888,626,12,2,-5.048223495483398,0.0040342044,-0.007206173,False,615,-0.0007863140199333429,-0.007174653932452202,-0.004852037876844406
888,699,13,2,-5.067124843597412,-0.0008879852,-0.011179161,False,675,0.003267688676714897,-0.0018480396829545498,-0.005175447557121515
890,326,6,2,-4.3718390464782715,0.012109203,0.0016198254,False,313,0.00044577597873285413,0.0012703895336017013,-0.011313991621136665
890,688,13,2,-5.065591335296631,0.0083121015,-0.00099926,False,650,0.0044004060328006744,-0.005099620670080185,0.0001886654645204544
892,318,6,2,-3.818279504776001,-0.008655285,-0.006476407,False,303,0.00032561301486566663,-0.005871391389518976,0.008375883102416992
892,533,10,2,-3.9816179275512695,-0.0008962679,6.4640044e-05,False,532,0.0010581302922219038,0.0013136863708496094,0.0007053518202155828
892,555,11,2,-5.9742536544799805,-0.0039900015,0.010518074,True,556,-0.0003578090691007674,0.005117120686918497,0.009033146314322948
892,695,13,2,-5.481203556060791,0.0009322643,-0.004383917,False,664,0.0031107140239328146,0.00981912575662136,-0.012024592608213425
893,400,8,2,-4.489799976348877,0.00023572921,0.003330717,False,412,-0.0016465377993881702,-0.005349550396203995,0.006798000540584326
893,824,16,2,-4.63478946685791,0.026789283,-0.00377717,True,816,-0.006670741830021143,-0.0030352973844856024,-0.03420189768075943
894,171,3,2,-4.019272327423096,-0.004997358,0.00093638897,False,175,-0.0013687944738194346,-0.0022528076078742743,0.006817760411649942
894,604,12,2,-5.744006156921387,-0.0072033023,-0.004130964,False,625,0.0023056126665323973,0.0008180141448974609,0.004559936933219433
894,735,14,2,-4.7791218757629395,0.0030091954,-0.007406464,False,709,0.0022375870030373335,-0.00186243059579283,-0.006315641570836306
894,831,16,2,-5.954397678375244,-0.0022121049,0.00057333946,True,839,-0.0001227664906764403,-0.00494726188480854,0.00760993966832757
896,289,5,2,-4.807187080383301,0.004137888,0.010007048,False,265,0.00307355890981853,-0.004577865824103355,0.013520585373044014
896,344,6,2,-4.56310510635376,-0.014003105,2.3450852e-05,False,340,0.013175354339182377,0.00408576987683773,0.02311614155769348
898,42,0,2,-4.242796421051025,0.0025629043,0.0006294537,False,30,-0.0013238525716587901,-0.001447057700715959,-0.0018102454487234354
898,341,6,2,-4.85507869720459,-0.010710163,-0.002644224,False,328,0.00016780853911768645,0.002164173172786832,0.0060695745050907135
901,631,12,2,-4.117506504058838,-0.011512775,-0.0057656956,False,648,0.0015943623147904873,-0.009503526613116264,0.016844969242811203
901,719,14,2,-3.808858871459961,-0.00077613833,-0.0054436587,False,726,0.000690298096742481,0.002537946682423353,-0.0065151690505445
905,322,6,2,-4.971714973449707,-0.0005965424,-0.0024102973,False,328,-0.0004744243633467704,0.007360515650361776,-0.009648695588111877
905,526,10,2,-4.30733585357666,0.003245983,0.0015419578,False,515,-0.0021663380321115255,0.005392465740442276,-0.009262829087674618
905,569,11,2,-5.746918201446533,-0.00580142,0.0029978084,False,572,-0.0036546706687659025,-0.0014547824393957853,0.006599340587854385
905,841,16,2,-5.571462631225586,0.001112442,0.0010774994,False,-1,,,
906,808,16,2,-5.454776287078857,0.00717638,-0.009468737,True,-1,,,
906,975,19,2,-3.9133195877075195,0.00019088745,0.00016058444,False,997,-0.0009312009788118303,-0.0023514891508966684,0.0013899850891903043
907,566,11,2,-4.292386054992676,0.007374296,0.0001672268,False,551,-0.0006803512806072831,0.006045446265488863,-0.013932866975665092
907,776,15,2,-4.24977970123291,-0.00033795356,-0.0001384449,False,784,0.0020662688184529543,0.0018780804239213467,0.0003876970731653273
908,591,11,2,-3.9795706272125244,-0.006558299,-0.0027745008,False,575,-0.003951053600758314,-0.0031599330250173807,0.0029926777351647615
908,596,11,2,-4.922807693481445,-0.007366619,-0.0018365192,False,594,-0.0037852097302675247,-0.0006334972567856312,0.002378387376666069
908,706,14,2,-4.363669395446777,0.0032073879,0.0015824414,False,739,-0.002221059752628207,-0.009358815848827362,0.005512809380888939
908,849,16,2,-4.253306865692139,0.008776312,-0.013988895,False,844,-0.002194356871768832,-0.007238760124891996,-0.01772080361843109
910,275,5,2,-5.2384185791015625,-0.0018000125,-0.003416586,False,270,-0.0046493723057210445,-0.005179100204259157,-0.0010868455283343792
910,829,16,2,-5.810414791107178,0.0010076714,-0.0015564632,True,-1,,,
911,536,10,2,-3.4846343994140625,0.0029921865,-0.0016612149,False,546,-0.003687686985358596,-0.002622051164507866,-0.005719036795198917
911,676,13,2,-4.038414001464844,-0.00057188986,0.008863945,False,679,-0.0031501769553869963,0.0030918167904019356,0.0031938403844833374
911,825,16,2,-4.826714515686035,0.006121435,-0.010726252,False,810,0.0007495593745261431,-0.01780179888010025,0.0017036721110343933
911,876,17,2,-4.225265979766846,-0.0012490272,0.0017817687,False,863,-0.0008920192485675216,-0.0019917201716452837,0.004130497109144926
915,337,6,2,-3.1344289779663086,-0.00017504692,-0.0015749454,False,304,0.0016367005882784724,0.00026073932531289756,-2.393720205873251e-05
915,806,16,2,-3.5278077125549316,0.009579277,-0.01904893,False,817,0.005473704542964697,0.0037401437293738127,-0.026894645765423775
917,168,3,2,-4.09338903427124,0.007043762,-0.00164258,False,157,0.0014866256387904286,0.00400623818859458,-0.011205954477190971
917,342,6,2,-4.60852575302124,0.0009307766,0.0049524307,False,340,0.011182298883795738,0.0021572017576545477,0.01304675079882145
921,662,13,2,-5.140557765960693,0.0011468887,-0.0056215953,False,691,-0.007452364079654217,-0.005561733152717352,-0.008659115061163902
921,700,14,2,-5.4636006355285645,0.0065138913,0.0061840536,True,740,-0.004983463324606419,-8.02993745310232e-05,-0.005233001429587603
922,335,6,2,-5.740293502807617,-0.0025385,0.008670235,False,330,0.0017389202257618308,0.008579807355999947,0.004367848392575979
922,646,12,2,-5.815288543701172,0.0022849464,0.0075710486,True,616,0.0017114639049395919,0.0007791614625602961,0.00621840450912714
923,448,8,2,-3.711585760116577,0.0023084974,-0.00078788283,False,432,-0.004234242253005505,-0.0035684346221387386,-0.0037621879018843174
923,733,14,2,-3.7457737922668457,-0.0070316317,-0.0063269804,False,726,-0.0024071121588349342,0.0009218502091243863,-0.0026243110187351704
923,797,15,2,-4.044152736663818,-0.000850935,-0.0020527362,False,785,-1.886367863335181e-05,-0.00023321151093114167,-0.0009874533861875534
923,843,16,2,-5.008922100067139,0.005475149,-0.0060824584,False,805,-0.008609456941485405,-0.011305809020996094,-0.008861254900693893
924,370,7,2,-4.303972244262695,0.0029063607,-0.0014057541,False,361,-0.0021151637192815542,-0.0005762577056884766,-0.005851021036505699
924,597,11,2,-5.308608055114746,0.002265072,-0.00015534401,False,586,-0.0005418777582235634,0.0008763408404774964,-0.0038386345840990543
924,649,12,2,-5.902683258056641,0.0014314079,0.0053278925,True,637,-0.0017516517546027899,-0.0011837577912956476,0.003328590653836727
924,826,16,2,-4.670324802398682,0.008682375,-0.005300913,False,816,-0.004322032909840345,-0.010322894901037216,-0.007982425391674042
925,656,13,2,-3.11889386177063,0.005670166,0.006039491,False,661,-0.0009618329931981862,0.0023704003542661667,-0.002962908474728465
925,822,16,2,-4.016289234161377,0.0075220396,-0.0009264946,False,820,-0.003988876473158598,0.0011158371344208717,-0.013553246855735779
926,85,1,2,-4.31336784362793,-0.0037734604,-0.0022756576,False,88,-0.0015636157477274537,0.001349706668406725,-0.0014155195094645023
926,297,5,2,-3.306333065032959,0.009941769,-0.000398798,False,254,0.008054523728787899,-0.0019426202634349465,-0.00034342240542173386
926,336,6,2,-4.183621883392334,-0.0022342873,0.005057759,False,303,-0.005783734377473593,0.0023845387622714043,-0.0008762264624238014
926,764,15,2,-4.272223949432373,0.0005749607,-0.0017866611,False,793,0.002967443550005555,0.0029183102305978537,-0.0023124883882701397
926,812,16,2,-5.165713310241699,0.0072112367,-0.014082098,False,810,-0.0024096202105283737,-0.012536220252513885,-0.011166734620928764
926,819,16,2,-4.120158672332764,0.0043035126,-0.007919082,False,821,0.004264726769179106,-0.006969185080379248,-0.0009886836633086205
932,300,6,2,-4.031016826629639,-0.011386853,-0.0043750475,False,305,-0.003612627973780036,-0.003941412083804607,0.007340589538216591
932,382,7,2,-3.8208420276641846,0.0006251764,-0.0017598915,False,393,0.0031563234515488148,-0.0010783481411635876,0.0018496036063879728
936,170,3,2,-5.471070766448975,-0.003058033,-0.0017161274,False,194,-0.0016120529035106301,0.005293969996273518,-0.00556411687284708
936,315,6,2,-5.354269981384277,0.0097943405,-0.007240095,True,301,-0.007826690562069416,-0.0046337987296283245,-0.020227327942848206
936,500,10,2,-2.8847975730895996,0.0046210005,0.0020626737,False,511,-0.004555978812277317,-0.002745304023846984,-0.0043690018355846405
936,712,14,2,-3.956533193588257,-0.0032224273,-0.005410876,False,745,0.0006515741115435958,0.0028947878163307905,-0.004431662615388632
938,531,10,2,-5.668246746063232,-0.00072594645,-0.0045678425,False,513,-0.008863944560289383,-0.0022378922440111637,-0.010467948392033577
938,610,12,2,-5.448966026306152,0.010505753,0.003557825,True,602,-0.004703626502305269,0.004739570431411266,-0.016391124576330185
939,666,13,2,-3.998467445373535,-0.008085203,0.0024376248,False,663,0.009208827279508114,-0.0024396467488259077,0.022171303629875183
939,702,14,2,-5.055114269256592,0.00069153786,-0.0040179254,False,709,-0.006039619445800781,0.0014845371479168534,-0.012233619578182697
941,366,7,2,-4.171489238739014,0.0015842915,-0.0030462742,False,392,-0.0025455569848418236,0.001164617482572794,-0.008340740576386452
941,747,14,2,-5.04697322845459,-0.00664525,0.005812979,False,709,-0.0027991391252726316,0.0035655784886330366,0.006093511823564768
942,813,16,2,-4.3404221534729,0.012207479,0.0024282741,False,844,-0.0029054738115519285,-0.02172980271279812,0.009045124053955078
942,926,18,2,-3.9098281860351562,-0.0006576061,-0.002808838,False,937,-0.0011921643745154142,-0.0015677261399105191,-0.001775669981725514
943,302,6,2,-5.683868408203125,-0.011884136,-0.0046710204,False,312,0.0058301351964473724,0.0015097904251888394,0.011533460579812527
943,973,19,2,-4.211455821990967,0.0015141391,-0.00088287354,False,999,-0.0009002208826132119,0.00010293960804119706,-0.0034001730382442474
944,641,12,2,-5.9742536544799805,-0.0053615095,0.0073119258,True,600,-0.008557834662497044,0.0014126014430075884,0.002702999860048294
944,671,13,2,-4.847057342529297,0.005360737,-0.0036554146,False,664,0.009825801476836205,0.0009409332415089011,-0.0001312829554080963
946,579,11,2,-5.079003810882568,-0.005865574,-0.006920414,False,586,0.00259398459456861,0.001329069142229855,0.00021007528994232416
946,688,13,2,-4.9813761711120605,0.0036556912,0.005710926,False,664,0.011083059012889862,-0.0014888953883200884,0.014627188444137573
951,345,6,2,-3.179044723510742,-8.83913e-05,-0.0034687282,False,349,-0.0068211364559829235,-0.006948485504835844,-0.003252987749874592
951,634,12,2,-5.16167688369751,-0.011109867,0.0020387364,False,643,-0.004003124311566353,0.00286726001650095,0.006278219632804394
951,657,13,2,-4.532916069030762,-0.004642019,-0.009989061,False,685,-0.010888557881116867,-0.008784170262515545,-0.0074514299631118774
951,834,16,2,-4.421194076538086,0.0014920712,-0.011263046,False,844,-0.0013309669448062778,-0.019617948681116104,0.005531865172088146
952,385,7,2,-4.5370965003967285,-0.0017292977,0.0009774113,False,376,-0.002735729329288006,-0.00016680717817507684,0.00013778661377727985
952,804,16,2,-5.57582950592041,0.0017679691,-0.003113327,False,810,-0.017136164009571075,-0.004169626161456108,-0.017847834154963493
954,445,8,2,-3.6095592975616455,-0.0041748094,-0.0012189484,False,430,0.002270936965942383,0.002040968043729663,0.003185829846188426
954,705,14,2,-4.052795886993408,0.006700535,0.003722377,False,741,-0.0028392458334565163,-0.0011418343055993319,-0.004675569478422403
955,318,6,2,-3.999011993408203,-0.0040070103,0.0055221366,False,320,-0.0033165980130434036,-0.0035122870467603207,0.00972483679652214
955,699,13,2,-5.9052581787109375,-0.016630601,1.030922e-05,True,672,-0.0048674107529222965,0.0097011374309659,0.0020723622292280197
956,139,2,2,-4.315596580505371,0.00081730844,0.004476347,False,142,-0.0031535529997199774,0.0034662627149373293,-0.0029607771430164576
956,839,16,2,-5.956568717956543,0.00035369874,0.006685543,True,-1,,,
959,440,8,2,-4.114673614501953,-0.0025842523,0.0015908527,False,406,-0.002672395668923855,-0.005122203845530748,0.0066249133087694645
959,715,14,2,-5.079582214355469,-0.010991774,0.0011786652,False,709,-0.0033309650607407093,0.005530767608433962,0.003308705985546112
962,449,8,2,-3.123872756958008,-0.0027298736,-0.0009172296,False,405,0.00303977495059371,0.002239351160824299,0.0026130678597837687
962,814,16,2,-4.3809099197387695,0.008354464,-0.008815709,False,821,-0.0022442436311393976,-0.008362178690731525,-0.011052236892282963
964,209,4,2,-4.953090667724609,-0.00023556709,-0.00020684242,False,232,-0.0033178520388901234,0.002510814694687724,-0.005799941718578339
964,603,12,2,-5.593901634216309,0.0044025327,-0.005619526,True,613,-0.005473995115607977,-0.006556825712323189,-0.008939228951931
968,328,6,2,-4.430708885192871,0.011298762,0.007713747,False,348,-0.0015956973657011986,0.003086633747443557,-0.00826734583824873
968,851,17,2,-4.110952854156494,0.00023620605,0.0037945842,False,899,-0.0025274467188864946,-0.00020743369532283396,0.0012383651919662952
971,622,12,2,-3.5002992153167725,0.0069211004,-0.0004794121,False,619,0.006696286145597696,6.536483851959929e-05,-0.0007695914246141911
971,849,16,2,-5.3678765296936035,-0.02000825,-0.0044986345,False,848,0.009246711619198322,-0.008923902176320553,0.033680230379104614
978,258,5,2,-3.4755594730377197,-0.006326294,-0.0009910583,False,281,-0.0016756344120949507,-0.0003350973129272461,0.003994698636233807
978,812,16,2,-5.852725505828857,-0.014673996,-0.00094589236,False,810,-0.00833107903599739,0.003954610787332058,0.0014424137771129608
979,196,3,2,-4.392867088317871,-0.0065386486,-0.008456525,False,199,0.00017653465329203755,0.005693616811186075,-0.007434959057718515
979,842,16,2,-4.972475528717041,0.0070234393,0.007145481,False,836,0.007288007531315088,0.0026073551271110773,0.0048026940785348415
980,215,4,2,-3.481829881668091,-0.002679677,-0.0035692644,False,224,-0.0007705402094870806,-0.0016084290109574795,-5.169864743947983e-05
980,370,7,2,-4.346397876739502,-0.00083794596,-0.0018658924,False,391,0.002150363987311721,-0.0030913257505744696,0.004213743377476931
980,829,16,2,-5.9742536544799805,-0.0038950634,0.0069278623,True,-1,,,
980,845,16,2,-5.1375017166137695,0.001577959,-0.012706423,False,816,-0.009315204806625843,0.004482154734432697,-0.0280817411839962
982,178,3,2,-3.545332193374634,0.00038664817,0.005980253,False,197,0.002035965910181403,-0.002536931075155735,0.010166501626372337
982,591,11,2,-4.6179351806640625,-0.011482716,8.1310274e-05,False,576,-0.007322664372622967,-0.004906415939331055,0.00914777722209692
984,680,13,2,-4.364934921264648,0.004881401,0.0010275936,False,669,0.009139757603406906,0.0038393116556108,0.0014466384891420603
984,828,16,2,-5.650094509124756,-0.005692692,-0.006483183,False,810,-0.005792960990220308,-6.178855983307585e-05,-0.006521663162857294
985,342,6,2,-4.276724815368652,0.006849108,0.007466531,False,310,0.0034426404163241386,-0.004429340362548828,0.008489403873682022
985,871,17,2,-4.084309101104736,-0.0007646275,0.0016991949,False,867,-0.0007879543118178844,0.0021878767292946577,-0.0005120087880641222
989,356,7,2,-4.173050880432129,0.0017460155,-0.0028524399,False,369,-0.003191661788150668,0.00109186174813658,-0.008881978690624237
989,833,16,2,-5.9742536544799805,-0.0031202221,7.3337555e-06,True,-1,,,
990,512,10,2,-3.1343367099761963,0.00096089364,0.0020998144,False,511,-0.003318800823763013,-0.0042307996191084385,0.002050919458270073
990,697,13,2,-3.3141565322875977,-0.005017581,-0.004098177,False,674,0.007576846983283758,-0.0011083317222073674,0.00960458256304264
995,654,13,2,-5.221160888671875,-0.0006042862,0.0031000234,False,668,0.001519269892014563,0.009757833555340767,-0.004534253850579262
995,711,14,2,-5.501648902893066,0.0038136863,-0.0010571289,False,701,0.003977117594331503,0.004836530890315771,-0.005730228498578072
998,684,13,2,-3.580442190170288,0.006023712,-0.0015006732,False,658,0.0024399899411946535,-0.0023140860721468925,-0.0027703093364834785
998,800,16,2,-4.236014366149902,-0.009277892,-0.0058607007,False,821,-0.00399111770093441,-0.006765174679458141,0.006191248539835215
999,567,11,2,-4.817320346832275,0.00044283867,-0.0017422008,False,580,-0.002626571571454406,0.003924970515072346,-0.008736581541597843
999,702,14,2,-5.48602294921875,-0.01016489,0.000574379,False,746,-0.0023556232918053865,-0.009858722798526287,0.01824237033724785
1001,71,1,2,-3.9768760204315186,-0.00013866424,0.001150713,False,67,-0.000734195695258677,-0.003485135966911912,0.004040317609906197
1001,288,5,2,-5.9742536544799805,-0.0006581688,0.0,True,292,-0.003927688580006361,0.007247028406709433,-0.010516548529267311
1001,549,10,2,-5.761135101318359,0.0011575889,-0.002661209,True,513,0.00047547341091558337,-0.0023705195635557175,-0.0009728048462420702
1001,809,16,2,-5.881363391876221,-0.0010998345,0.011426602,True,810,-0.006359071936458349,0.004040660802274942,0.0021267030388116837
1002,47,0,2,-4.458475589752197,-0.004809637,0.0034472083,False,40,0.0011074638459831476,-0.0002221488975919783,0.009586458094418049
1002,665,13,2,-3.0719242095947266,0.0011593103,0.004166918,False,670,0.009971351362764835,-0.0027939509600400925,0.015772908926010132
1002,811,16,2,-3.615556240081787,0.006600208,0.0030509806,False,820,0.014194407500326633,0.010815491899847984,-0.00017031189054250717
1002,825,16,2,-4.8246259689331055,0.004880037,0.0012463188,False,824,-0.0027163983322679996,-0.013137607835233212,0.00678749056532979
1004,55,1,2,-3.9492461681365967,-0.001518507,0.0007515478,False,94,0.00044163703569211066,0.00028256894438527524,0.002429122803732753
1004,300,6,2,-4.689936637878418,-0.010332489,-0.0024017715,False,343,-0.002428293228149414,0.01001178752630949,-0.004509362392127514
1004,340,6,2,-4.862190246582031,-0.004672842,-0.004312658,False,316,-0.0010713577503338456,-0.0030005264561623335,0.002289352472871542
1004,616,12,2,-5.554023742675781,0.0049711703,0.013929272,False,617,-0.01207495667040348,-0.0016114902682602406,-0.0015053655952215195
1004,728,14,2,-5.648667812347412,0.005620613,-0.0019273185,True,721,-0.0018010521307587624,-0.0012470531510189176,-0.00810193084180355
1004,805,16,2,-5.437882423400879,-0.0017075825,-0.008602248,False,810,0.0004339408769737929,0.0013694096123799682,-0.00783013366162777
1007,749,14,2,-4.449825286865234,-0.008745203,-0.0063834665,False,723,-0.005325136240571737,-0.008171549066901207,0.005208149086683989
1007,823,16,2,-5.668115615844727,0.006122761,0.013679095,True,837,-0.007687158416956663,0.005363082978874445,-0.0054939077235758305
1007,831,16,2,-5.496795654296875,0.0070692063,-0.0025167847,True,810,0.0015997219597920775,-0.001069736434146762,-0.006916533224284649
1007,973,19,2,-4.3068718910217285,-0.00044566154,0.0024785136,False,970,-0.0033438396640121937,-0.0026209831703454256,0.0022013187408447266
1008,325,6,2,-3.9896395206451416,-0.0009430027,-0.0037907744,False,320,-0.0006704330444335938,-0.004276695195585489,0.0007584905251860619
1008,843,16,2,-4.877239227294922,0.0058372403,-0.008847542,False,838,-0.003386440221220255,-0.002438507042825222,-0.015632715076208115
1009,305,6,2,-4.0168137550354,0.006792145,0.007788386,False,348,0.005698175635188818,-0.002543268259614706,0.009237685240805149
1009,519,10,2,-4.883644104003906,-0.0027405166,0.0031775378,False,507,0.006119985599070787,0.006720542907714844,0.005317497067153454
1009,753,15,2,-3.9275412559509277,-0.0010227108,-0.001847372,False,795,-0.0026383446529507637,5.261897968011908e-05,-0.0035156249068677425
1009,808,16,2,-5.896605014801025,0.0014695644,0.0022497177,True,837,-0.007902689278125763,0.003890829160809517,-0.011013365350663662
1014,20,0,2,-4.556559085845947,-0.005675497,0.0010538292,False,14,-0.00086297991219908,-0.0005845928099006414,0.006450938992202282
1014,614,12,2,-3.6699020862579346,0.0046212007,0.0062425183,False,-1,,,
1019,625,12,2,-5.9030256271362305,0.0014245606,-0.00029006958,True,600,-0.0004307556082494557,-0.0004960822989232838,-0.0016493034781888127
1019,692,13,2,-4.643243789672852,-0.0034142304,-0.003130598,False,664,-0.001436853432096541,0.003102006856352091,-0.004255227744579315
1019,742,14,2,-5.819863319396973,0.0029224681,-0.00020850182,True,721,-0.004944543819874525,0.0013863753993064165,-0.009461889043450356
1019,804,16,2,-5.589107513427734,0.0023517895,-0.0031864452,True,837,-0.0011258887825533748,0.0004993820330128074,-0.00716350506991148
1022,555,11,2,-5.575916290283203,-0.00843009,-0.0020282746,False,553,0.00183728220872581,-0.00010019302135333419,0.008339290507137775
1022,621,12,2,-5.817126274108887,-0.00014177323,0.0006954193,True,604,-0.00011933326459256932,-0.0009588050888851285,0.0016766643384471536
1023,453,9,2,-3.4301795959472656,-0.00021220684,0.0021858835,False,471,0.0005719232722185552,0.0007983159739524126,0.002171697560697794
1023,678,13,2,-3.730621337890625,-0.01054553,-0.0023652078,False,694,-0.005921797826886177,-0.0014521313132718205,0.0037106554955244064
1024,848,16,2,-5.699802398681641,-0.008299684,0.0008640766,False,837,-0.00071039202157408,-0.0017172812949866056,0.010170649737119675
1024,907,18,2,-4.136188507080078,0.00216218,-0.001387024,False,920,0.0010275649838149548,0.0018366145668551326,-0.004358253441751003
1026,153,3,2,-4.34036111831665,0.0057672025,-0.0026577758,False,156,-0.001816225005313754,0.0018645668169483542,-0.012105770409107208
1026,542,10,2,-4.895091533660889,-0.0021333122,0.0065646553,False,507,0.0052925776690244675,0.008802490308880806,0.005188055336475372
1035,710,14,2,-5.29209041595459,-0.008247909,0.0094962595,False,744,0.007436313666403294,-0.003730611875653267,0.02891109511256218
1035,816,16,2,-4.76739501953125,0.007473993,0.016171899,False,836,0.009675655514001846,-0.004141273442655802,0.022514835000038147
1036,339,6,2,-4.755834579467773,0.0073257065,-0.0072206594,False,316,-0.003194789867848158,0.00354284280911088,-0.02128399908542633
1036,421,8,2,-3.847853660583496,-0.0011668587,-0.0046341326,False,424,0.0008894443744793534,0.002091197995468974,-0.004669027402997017
1038,188,3,2,-5.302001476287842,-0.000671587,-0.0033860684,False,166,-0.002890682313591242,-0.0009686755947768688,-0.004636487923562527
1038,326,6,2,-5.422391891479492,-0.015918026,-0.0010131836,False,330,0.0013959980569779873,-0.0019806385971605778,0.0182814784348011
1045,575,11,2,-4.4593939781188965,-0.008493032,0.0039952085,False,557,-0.002195501234382391,-0.0011838055215775967,0.011476544663310051
1045,834,16,2,-4.975252151489258,0.0015014553,-0.009113694,False,844,0.006955127697438002,0.0012862015282735229,-0.0049462225288152695
1046,812,16,2,-5.642833232879639,0.005414667,-0.0038802624,True,840,-0.0064752958714962006,-0.00866044033318758,-0.00710978452116251
1046,971,19,2,-4.528384208679199,-0.004575844,0.00088813785,False,998,-0.0013591289753094316,-8.091926429187879e-05,0.004185772500932217
1048,335,6,2,-5.73189115524292,-0.011029072,0.0012965489,False,321,-0.00803518295288086,-0.0022286700550466776,0.0065191080793738365
1048,444,8,2,-4.429098129272461,0.0043876744,0.001802063,False,407,-6.430625944631174e-05,0.0031788062769919634,-0.005828723777085543
1048,516,10,2,-4.750462055206299,-0.005550356,-0.00032896042,False,530,0.0010933398734778166,0.0029380416963249445,0.003376693930476904
1048,565,11,2,-3.5876402854919434,0.005906868,0.01275825,False,561,-0.001937818480655551,0.004487500060349703,0.00042606424540281296
1052,102,2,2,-4.27374267578125,-0.0011122989,0.00059188844,False,144,-0.005704402923583984,0.001995401456952095,-0.005995617248117924
1052,828,16,2,-5.67419958114624,0.001822567,0.00589427,True,840,-0.004696655087172985,-0.007399186957627535,0.006774234585464001
1052,849,16,2,-5.930365085601807,-0.0041082287,0.0034014415,True,-1,,,
1052,958,19,2,-4.839349746704102,-0.00047431944,0.0017835617,False,979,-0.0005298233008943498,0.0013153266627341509,0.0004127311985939741
1053,93,1,2,-4.4971489906311035,-0.0019220733,-0.0021853829,False,70,-0.0002572918019723147,-0.00026335715665481985,-0.00025724421720951796
1053,641,12,2,-4.829876899719238,0.0163317,-0.0014127541,False,618,0.0007096100016497076,-0.0010833073174580932,-0.01595153845846653
1054,314,6,2,-4.240322589874268,-0.0010060215,0.00485168,False,348,-0.0012981033651158214,0.004781713709235191,-0.00022211577743291855
1054,546,10,2,-3.1085996627807617,0.0072828294,-0.0011258268,False,545,0.0003499460290186107,0.00242629530839622,-0.01048500556498766
1054,680,13,2,-4.766887664794922,-0.008473091,0.003162508,False,685,0.007718963548541069,-0.00866169948130846,0.028016261756420135
1054,847,16,2,-3.5040276050567627,-0.0017388058,0.0019447851,False,830,-0.005765900481492281,0.0023343421053141356,-0.0044166515581309795
1056,635,12,2,-3.7540831565856934,-0.007248235,-0.0051802443,False,605,0.001730208401568234,0.01312161423265934,-0.009323415346443653
1056,821,16,2,-4.4292988777160645,0.0024048327,-0.003406105,False,813,-0.006281099282205105,-0.002344589214771986,-0.009747447445988655
1057,109,2,2,-3.6815271377563477,0.004648552,-0.0016619825,False,129,-0.0033623981289565563,0.00161066057626158,-0.011283593252301216
1057,311,6,2,-4.667418479919434,0.0066757677,-0.01358881,False,333,-0.003095607738941908,0.0001267719198949635,-0.02348695695400238
1057,819,16,2,-4.8701629638671875,-0.0025478364,-0.0052174665,False,832,0.0027512740343809128,-0.0032466126140207052,0.0033282567746937275
1057,841,16,2,-5.57024621963501,-0.008153238,0.00020845413,False,837,0.005363082978874445,-0.0007535457843914628,0.014478321187198162
1059,301,6,2,-5.411935806274414,0.008297749,0.0017352009,True,330,-3.7231446185614914e-05,0.0033559417352080345,-0.009955720975995064
1059,796,15,2,-4.3943562507629395,-0.0048216535,-0.0014686489,False,764,-0.0010024643270298839,0.0018743895925581455,0.00047615054063498974
1060,345,6,2,-3.6988272666931152,-0.0026325942,0.00410151,False,349,-0.0044284723699092865,-0.005767626687884331,0.008073259145021439
1060,687,13,2,-4.370267391204834,-0.005272417,0.0006636429,False,669,0.0010555743938311934,0.008131328038871288,-0.0011396938934922218
1061,554,11,2,-5.043196678161621,0.0076050665,0.0045957565,False,564,0.005391521379351616,-0.006370458751916885,0.008752670139074326
1061,824,16,2,-5.597253322601318,-0.015526123,-0.0024053764,False,837,0.00241744052618742,0.0033356475178152323,0.012202540412545204
1061,839,16,2,-5.888341903686523,-0.00478117,0.00091346743,True,-1,,,
1061,858,17,2,-4.02522611618042,0.00022034645,-0.0016323947,False,866,-0.0010881328489631414,-9.384155418956652e-06,-0.0029314900748431683
1062,502,10,2,-4.5565900802612305,-0.004127245,0.0029686643,False,514,-0.0007783126784488559,-0.003135776612907648,0.009453373029828072
1062,810,16,2,-5.608904838562012,-0.00046373368,-0.0069512464,False,837,0.0017664337065070868,0.002852163277566433,-0.007573242299258709
1063,413,8,2,-3.3621952533721924,0.0014335394,0.002250123,False,441,0.002096624346449971,-6.499767187051475e-05,0.002978205680847168
1063,729,14,2,-4.668168544769287,-0.013548226,0.000452652,False,733,-0.005583906080573797,-0.004328412935137749,0.012745384126901627
1068,606,12,2,-4.730029106140137,0.00853179,0.005998869,False,607,-0.0012930106604471803,-0.006151742767542601,0.002325810957700014
1068,688,13,2,-5.053022861480713,-0.009026947,3.9930343e-05,False,657,-0.0050656795501708984,-0.002078752499073744,0.006079950835555792
1069,543,10,2,-4.648360252380371,-0.0062000086,-0.009207973,False,514,-0.0028238773811608553,-0.001070909551344812,-0.004760932642966509
1069,719,14,2,-3.8335533142089844,0.007783823,-0.011643009,False,741,0.004168620333075523,0.010712799616158009,-0.025971010327339172
1070,100,2,2,-3.725639581680298,0.0015800047,0.00017250537,False,138,-0.0008250236278399825,-0.0009651040891185403,-0.0012674188474193215
1070,597,11,2,-5.775727272033691,-0.0083350465,-0.003617344,False,581,0.0030140208546072245,0.0036499691195786,0.0040817540138959885
1073,728,14,2,-5.212087154388428,0.012727681,0.0072515295,False,701,0.005500898230820894,-0.001247892389073968,0.001272639725357294
1073,780,15,2,-4.125001907348633,-0.0046867705,1.9292831e-05,False,784,-0.0003431033983360976,0.0005126285832375288,0.003850331297144294
1076,667,13,2,-3.8243985176086426,-0.0058664083,-0.0023329067,False,652,0.0025227402802556753,-0.00423743249848485,0.010293673723936081
1076,713,14,2,-3.656766891479492,-0.010262813,-0.004696665,False,722,-0.0068322657607495785,0.002041621133685112,-0.003307738807052374
1077,507,10,2,-4.508163928985596,0.008400154,-0.0005096626,False,520,0.005141945090144873,0.004015636630356312,-0.0077835083939135075
1077,679,13,2,-4.475090026855469,-0.012173194,0.006842747,False,664,0.00712726591154933,0.0058171749114990234,0.020326033234596252
1078,53,1,2,-4.540303707122803,-0.0014107705,-0.0020127487,False,85,-0.0015961837489157915,0.0016797828720882535,-0.0038779450114816427
1078,293,5,2,-4.707765579223633,-0.003310852,-0.005988951,False,276,-0.003461685264483094,-0.001575365080498159,-0.00456441892310977
1078,631,12,2,-4.32926082611084,0.009564533,-0.006634283,False,645,-0.004069185350090265,0.002608079928904772,-0.022876080125570297
1078,644,12,2,-5.759594917297363,-0.004808922,0.00045996666,False,649,0.004514074418693781,-0.004171733744442463,0.01395469717681408
1078,730,14,2,-5.939736366271973,-0.006344061,-0.00069034577,True,707,0.0012577438028529286,-0.0019437122391536832,0.008855171501636505
1078,804,16,2,-5.617763519287109,0.0054368973,-0.0056515024,True,837,0.00043833733070641756,-0.0031027602963149548,-0.007547301705926657
1079,654,13,2,-4.876672267913818,0.002648096,0.0017952346,False,685,-0.0005409717559814453,-0.00835435837507248,0.006960525177419186
1079,748,14,2,-5.5805792808532715,-0.0041559697,-0.0021646596,False,708,-0.003848857944831252,-0.0022437286097556353,0.0003861808218061924
1081,274,5,2,-4.181652545928955,0.0070862006,0.006874514,False,251,-0.0001552963221911341,0.004169125575572252,-0.0045361085794866085
1081,341,6,2,-4.919131278991699,-0.0068410016,0.004042072,False,324,0.0033382130786776543,-0.0002781772636808455,0.014499465003609657
1087,294,5,2,-4.888762950897217,-0.0016547012,0.0037867068,False,269,-0.0039763543754816055,-0.0025180624797940254,0.003983116243034601
1087,302,6,2,-5.711541175842285,0.0045823096,0.0021517563,True,321,-0.0021646786481142044,0.0020279311574995518,-0.006623162887990475
1087,513,10,2,-5.808078765869141,0.0011471462,0.0028876495,False,531,0.003016347996890545,-0.002120800083503127,0.006877651438117027
1087,809,16,2,-5.858795166015625,-0.013036757,0.00913003,False,-1,,,
1089,343,6,2,-4.841834545135498,-0.007936659,0.009138985,False,324,0.006791706196963787,-0.0005749416304752231,0.024442290887236595
1089,428,8,2,-3.970231294631958,-0.0005828762,0.0018611479,False,440,-0.0007768392679281533,-0.0029724789783358574,0.0046396637335419655
1090,380,7,2,-3.7203381061553955,0.0008702326,-0.004016986,False,389,0.000357990269549191,0.004257235676050186,-0.008786464110016823
1090,418,8,2,-4.1328654289245605,0.0017859649,0.0027365398,False,431,-0.0010459518525749445,0.0007941436488181353,-0.0008895206265151501
1090,577,11,2,-5.849006175994873,0.0014168643,0.008715134,True,579,0.000878190970979631,0.003653020830824971,0.004523439798504114
1090,623,12,2,-5.7879133224487305,0.0034108926,-0.0004605484,True,620,-1.8262862795381807e-05,-0.004280490800738335,0.00039078714326024055
1090,632,12,2,-4.4966535568237305,0.013306809,2.9563903e-06,False,618,0.00408001895993948,0.0018687534611672163,-0.011092587374150753
1090,829,16,2,-5.929887294769287,-0.008121776,0.007348957,True,-1,,,
1098,350,7,2,-4.6959404945373535,-0.0069357776,0.00012147903,False,385,-0.0021844101138412952,-0.000672998430673033,0.005545844789594412
1098,672,13,2,-4.489439487457275,0.0069809626,0.0038264848,False,693,0.0010873889550566673,0.009720973670482635,-0.011788062751293182
1098,716,14,3,-3.624335527420044,-0.011595636,0.0037564659,False,741,0.007495937403291464,0.011484508402645588,0.011363530531525612
1101,826,16,2,-5.749557971954346,-0.014157314,-0.003912449,False,-1,,,
1101,899,17,2,-3.963566541671753,0.003712144,0.00012813568,False,862,-0.0011083841091021895,0.00026285648345947266,-0.004955248907208443
1102,433,8,2,-3.8121955394744873,4.058361e-05,-0.00081674574,False,427,-0.00044435978634282947,-0.0015615939628332853,0.0002599047729745507
1102,818,16,2,-5.541040897369385,-0.0049657347,-0.00071743963,False,-1,,,
1103,265,5,2,-4.643367290496826,0.0058503724,-0.004468632,False,278,-0.003276557894423604,-0.0018893718952313066,-0.011706190183758736
1103,662,13,2,-5.169487476348877,-0.0008251286,-0.005305557,False,685,-0.007764396723359823,-0.0028513811994343996,-0.009393444284796715
1104,736,14,2,-5.954452991485596,-0.003735237,-0.00039601326,True,707,-9.224891982739791e-05,0.0,0.0032469748985022306
1104,787,15,2,-4.864258766174316,0.0030501462,-0.0026630496,False,760,0.00015736579371150583,0.0019264888251200318,-0.007482318673282862
1106,45,0,2,-4.002138137817383,-0.0012440872,-0.0028952789,False,33,0.003934511914849281,-0.001137051614932716,0.0034203720279037952
1106,575,11,2,-3.932847499847412,0.009595651,-0.012059212,False,599,-0.0017683315090835094,-0.008450260385870934,-0.014972934499382973
1107,151,3,2,-4.555067539215088,0.0025024891,-0.0024003696,False,191,-0.0006572055863216519,0.0017038440564647317,-0.007263908162713051
1107,840,16,2,-5.933403968811035,-0.009344187,0.0063421153,True,-1,,,
1109,333,6,2,-4.640571594238281,7.921219e-05,-0.0015635968,False,347,0.007910642772912979,-0.0036375808995217085,0.009905414655804634
1109,841,16,2,-5.544862747192383,0.0027668285,0.002700205,False,843,-0.003482942469418049,-0.0012777996016666293,-0.002271766308695078
1111,318,6,2,-4.213665008544922,0.0024333,0.005727744,False,332,-0.005977215711027384,-0.002540798159316182,-0.00014197337441146374
1111,808,16,2,-5.929179668426514,-0.002263441,0.0012696456,True,831,-0.0014745998196303844,0.0031257914379239082,-0.0010673045180737972
1112,42,0,2,-4.15837287902832,0.0034834004,0.004461203,False,19,0.0003848075866699219,-0.0017119598342105746,0.003074569860473275
1112,845,16,2,-5.212823867797852,0.0052020457,-0.002930212,False,825,-0.005083284340798855,-0.007156972773373127,-0.006058569066226482
1113,170,3,2,-5.504806995391846,0.0018195153,-0.0019286919,False,166,-0.0038493918254971504,-0.0013901424827054143,-0.006207456812262535
1113,327,6,2,-5.743497371673584,0.0046151257,0.006325436,True,321,0.0032142067793756723,0.0035706995986402035,0.001353817293420434
1116,291,5,2,-5.049644947052002,-0.0034849453,0.002165804,False,272,0.0035959435626864433,-0.006724376697093248,0.015971070155501366
1116,744,14,2,-5.883586406707764,-0.008834734,-0.0012173939,True,711,-0.0036787413991987705,0.0017587852198630571,0.002179812639951706
1118,339,6,2,-4.827832221984863,0.0023419666,-0.0029079341,False,324,-0.0027161312755197287,-0.001238918281160295,-0.006727113854140043
1118,812,16,2,-5.506514072418213,0.00468091,-0.001255722,True,823,-0.011059742420911789,0.004589433781802654,-0.02158580906689167
1119,582,11,2,-2.0176618099212646,0.003482356,-0.0013964224,False,568,-0.00036961317528039217,0.004793653264641762,-0.010042045265436172
1119,811,16,2,-2.9210824966430664,0.0006671905,0.004802456,False,803,0.0007829427486285567,0.0005024147103540599,0.004415793344378471
1120,280,5,2,-4.944027423858643,-0.0007756805,-0.0028534222,False,299,-0.0023540686815977097,0.003992042504251003,-0.008423852734267712
1120,848,16,2,-5.727779865264893,-0.0030969144,0.00626523,True,831,0.00020477295038290322,5.498886093846522e-05,0.00951192807406187
1123,51,1,2,-4.423984527587891,-0.0016820335,-0.00018177986,False,50,-0.001180887222290039,-0.001381292357109487,0.001700658816844225
1123,735,14,2,-5.372544288635254,0.010108156,-0.010250635,True,717,0.008380117826163769,-0.0017847632989287376,-0.010193910449743271
1124,601,12,2,-4.9911580085754395,-0.01064621,0.00057013513,False,638,0.0029211139772087336,-0.001568698906339705,0.01570615917444229
1124,615,12,2,-5.118500232696533,-0.0054184054,-0.00059035304,False,612,0.0062775993719697,0.0020576096139848232,0.009048042818903923
1124,727,14,2,-3.901942014694214,0.006800313,-0.0049957037,False,712,0.005579814780503511,-0.004192075692117214,-0.0020241253077983856
1124,990,19,2,-4.202554225921631,-0.0015371895,0.0019455529,False,976,-0.0021258925553411245,0.0017337894532829523,-0.0003769397735595703
1125,196,3,2,-5.305939674377441,-0.007996502,-0.0016181278,False,177,-0.004589261952787638,-0.004702282138168812,0.006491394713521004
1125,682,13,2,-3.9191553592681885,0.014026084,-0.010471711,False,697,0.002772684209048748,-0.0032303715124726295,-0.01849474012851715
1129,344,6,3,-4.573027610778809,0.013587493,-0.0018505288,False,328,0.005372753366827965,-0.004764823708683252,-0.005300445482134819
1129,634,12,2,-5.112643241882324,0.006847143,0.0011367225,False,643,-0.008734884671866894,-0.007277040276676416,-0.00716826505959034
1129,700,14,2,-5.892820835113525,-0.00516325,-0.0016286564,False,734,-0.009084978140890598,0.003976173233240843,-0.00952655728906393
1129,777,15,2,-4.79865837097168,-0.0029825878,-0.000173769,False,760,0.0016530895372852683,-0.00016327858611475676,0.004625186789780855
1129,839,16,2,-5.778934478759766,-0.0018103027,-0.0039063836,True,843,-0.010871277190744877,0.008462734520435333,-0.021430091932415962
1132,315,6,2,-5.228015422821045,0.0068661785,0.0021905326,False,330,0.001186914392746985,0.004785614088177681,-0.00827434565871954
1132,414,8,2,-4.407194137573242,-0.00040406227,0.006077652,False,406,-0.003062334144487977,0.0054479981772601604,-0.002028618473559618
1132,833,16,2,-5.9742536544799805,-0.0045306017,0.0054685688,True,843,-0.008228483609855175,0.0011768913827836514,0.0005937963724136353
1132,844,16,2,-5.58029842376709,-0.013441925,-0.0052256775,False,825,-0.002128496067598462,-0.005306806415319443,0.011394557543098927
1134,237,4,2,-3.902904748916626,0.0001899004,-0.0009249878,False,231,-0.0021299791987985373,-0.000967431056778878,-0.002277436200529337
1134,349,6,2,-4.180327892303467,-0.0042098905,-0.00806819,False,346,0.004653568379580975,0.0016703414730727673,-0.0008750725537538528
1134,836,16,2,-5.5190558433532715,-0.010827179,0.011702728,False,831,0.0022268868051469326,-0.004041881766170263,0.028798677027225494
1134,923,18,2,-3.9216418266296387,0.0006764746,-0.0011420393,False,935,0.0017330360133200884,0.0029405117966234684,-0.0030259897466748953
1135,837,16,2,-5.9742536544799805,-0.008802443,0.0034675407,True,843,-0.00836056750267744,0.0005994415259920061,0.0033099744468927383
1135,934,18,2,-3.786052942276001,6.717682e-05,0.0002978754,False,929,-0.00022755145619157702,0.0006576013402082026,-0.0006544542266055942
1139,649,12,2,-5.96541690826416,-0.0070208167,0.0029888726,True,620,-0.004734916612505913,0.0006141471676528454,0.004660625476390123
1139,657,13,2,-5.012767314910889,0.0014819336,0.0016351033,False,659,0.0032690621446818113,-0.004082879982888699,0.007505111861974001
1140,357,7,2,-4.5901618003845215,-0.00082949636,0.00056981086,False,386,-0.001850614557042718,0.0018578338203951716,-0.002309140982106328
1140,556,11,2,-5.9742536544799805,-0.010899773,0.0010427762,True,560,-0.0005045890575274825,0.004518813919275999,0.006919145584106445
1145,313,6,2,-4.7814130783081055,-0.006438341,0.004654827,False,340,0.007583141326904297,0.0008973694057203829,0.017778940498828888
1145,329,6,2,-1.9974466562271118,0.006972234,-0.004740398,False,323,0.001756429672241211,0.004196641501039267,-0.01415284350514412
1145,646,12,2,-5.908634185791016,0.0011778164,-0.0013123894,True,620,0.0005359268398024142,-4.900932253804058e-05,-0.001905269455164671
1145,807,16,2,-3.032827615737915,-0.0039701127,0.0023903274,False,803,-0.001007509185001254,0.004456143360584974,0.0008967877365648746
1146,239,4,2,-4.643629550933838,-0.0026721095,0.0016730309,False,208,-0.002491579158231616,0.0020982264541089535,-0.0002446649596095085
1146,805,16,2,-5.340460300445557,0.0064671994,-0.012675867,True,838,-0.0033547210041433573,-0.0031771946232765913,-0.019320594146847725
1147,189,3,2,-4.929015159606934,-0.0061491583,-0.0026282787,False,194,0.0038620661944150925,-0.002610540483146906,0.009993486106395721
1147,558,11,2,-4.980136394500732,8.762359e-05,0.0013678836,False,594,0.00388506893068552,-0.009958076290786266,0.015123405493795872
1148,18,0,2,-4.2390947341918945,0.0015813732,-0.0014122677,False,49,-0.002261047251522541,-0.0028122044168412685,-0.00244248379021883
1148,842,16,2,-5.062775611877441,-0.011817284,0.0073531913,False,813,-0.008777675218880177,-0.0027966690249741077,0.013189468532800674
1150,168,3,2,-4.359534740447998,-0.0022354221,0.00025811195,False,191,0.0009387588361278176,0.0016253661597147584,0.0018069266807287931
1150,325,6,2,-4.10637903213501,0.0063703153,0.009783101,False,303,-0.004296617582440376,0.01033437717705965,-0.011218208819627762
1153,12,0,2,-3.8656487464904785,0.003921242,0.001568079,False,9,-0.00481444364413619,-0.004284005146473646,-0.0028836014680564404
1153,595,11,2,-5.018301486968994,-0.0047700787,-0.0013097954,False,563,0.0019286536844447255,-0.0008081054547801614,0.006197042763233185
1155,341,6,2,-5.016305923461914,-0.00583992,0.00085432053,False,340,0.008285446092486382,0.008557186461985111,0.006422500126063824
1155,569,11,2,-5.744139671325684,0.0043046093,0.0043995287,True,553,-0.0025294399820268154,0.0038550759200006723,-0.0062895966693758965
1155,576,11,2,-4.423977375030518,0.0047828197,-0.0066666985,False,578,0.0003062820469494909,0.003629503306001425,-0.014772739261388779
1155,607,12,2,-5.298279285430908,-0.0050086593,-0.0014384651,False,624,0.009040918201208115,-0.0021977806463837624,0.014808893203735352
1157,312,6,2,-5.349414825439453,0.012496777,-0.0018781185,False,330,-0.00044556616921909153,-0.0027919388376176357,-0.012028522789478302
1157,610,12,2,-5.9742536544799805,-0.0047428515,0.0069871903,True,604,-0.007368783932179213,0.0015287590213119984,0.002832498401403427
1157,690,13,2,-3.7453391551971436,-0.0027150726,-0.0060202265,False,652,0.006842074450105429,-0.003199019469320774,0.006735939532518387
1157,719,14,2,-4.271920204162598,-2.4824143e-05,-0.001679802,False,726,0.008765840902924538,-0.0011860275408253074,0.008296890184283257
1159,849,16,2,-5.613703727722168,4.0235518e-05,-0.002900591,False,831,0.0003639697970356792,-0.004268054850399494,0.0016911982093006372
1159,864,17,2,-3.978240966796875,-0.0036685467,-0.0020371152,False,850,4.506588084041141e-05,0.0050524091348052025,-0.0033759118523448706
1160,316,6,2,-4.751375675201416,-0.00263731,0.00645998,False,328,-0.002922639949247241,0.003658504458144307,0.002516144886612892
1160,358,7,2,-3.5416250228881836,0.0009163427,0.0013031578,False,389,0.0025902509223669767,0.0026712703984230757,0.0003057955764234066
1160,688,13,2,-4.689456462860107,0.007968903,0.00084732054,False,680,-0.0009777641389518976,-0.0033608151134103537,-0.0047385310754179955
1160,745,14,2,-4.307839870452881,-0.005179176,0.0014461994,False,738,-0.006440706085413694,-0.009963064454495907,0.010147733613848686
1161,320,6,2,-4.70171594619751,-0.003494625,0.01724646,False,328,-0.005677966866642237,0.0049053095281124115,0.010157810524106026
1161,371,7,2,-4.4723639488220215,-0.0021446706,-0.00217803,False,361,-0.0031462765764445066,0.0009258651989512146,-0.004105501342564821
1161,707,14,2,-5.9742536544799805,-0.00044792175,0.0050971126,True,746,0.001007242244668305,0.0029511069878935814,0.003601169679313898
1161,988,19,2,-5.193428039550781,0.001386137,0.0005429363,False,993,-0.002273178193718195,0.001660528127104044,-0.004776907153427601
1162,573,11,2,-4.950207710266113,-0.003404484,-0.011322012,False,559,-0.0044477940537035465,0.001519851735793054,-0.013885173946619034
1162,637,12,2,-5.053909778594971,0.008190136,-0.0045255087,False,612,0.004803590942174196,0.0014934062492102385,-0.009405460208654404
1164,27,0,2,-4.586151123046875,0.0048141573,-0.0012409783,False,30,-0.004396677017211914,-0.0011046314612030983,-0.009347180835902691
1164,306,6,2,-5.336275577545166,6.651878e-05,0.0019302559,False,301,-0.0008100223494693637,0.006147804204374552,-0.005094089545309544
1166,672,13,2,-3.9034342765808105,0.008918571,-0.0050271223,False,658,-0.003919787239283323,0.003365268697962165,-0.021230749785900116
1166,989,19,2,-3.753180980682373,0.0007854939,-0.0013662099,False,975,3.447532799327746e-05,0.0015808009775355458,-0.0036980295553803444
1171,544,10,2,-4.638041019439697,-0.0006468296,0.0021528434,False,540,-0.005268573760986328,0.009781589731574059,-0.012250490486621857
1171,826,16,2,-5.6629791259765625,0.0055236244,-0.0062254905,True,825,-0.003548460081219673,0.0018838024698197842,-0.017181377857923508
1172,0,0,2,-3.8982462882995605,0.0060366536,0.0044747447,False,17,-0.0031616496853530407,-0.003506775014102459,-0.0012167836539447308
1172,633,12,2,-4.4661383628845215,-0.0076210215,-0.0008782482,False,609,0.0031626319978386164,-0.002977438038215041,0.012882843613624573
1174,359,7,2,-4.2474870681762695,0.0016571903,-0.003484068,False,366,0.00012595177395269275,0.0009535026620142162,-0.005968809127807617
1174,493,9,2,-4.470744609832764,-0.001795473,-0.0005999756,False,472,-4.253387305652723e-05,-0.001006755861453712,0.002159719355404377
1174,617,12,2,-5.109501361846924,0.011933508,-0.0063897516,False,624,0.008464946411550045,-0.006641330663114786,-0.003216981887817383
1174,749,14,2,-4.374830722808838,0.005733805,-0.0059601497,False,726,0.005991458892822266,-0.00011167526099598035,-0.0055908202193677425
1175,332,6,2,-4.604290962219238,-0.010728235,-0.0069350624,False,331,-0.004139537923038006,0.0004118537763133645,-0.0007582185789942741
1175,590,11,2,-5.743762016296387,-5.6648256e-05,-0.0016445541,True,581,-0.004740400239825249,-0.002991857472807169,-0.0033364486880600452
1176,601,12,2,-4.972805023193359,-0.0032333469,0.001913414,False,612,0.0008730697445571423,0.002090997761115432,0.003928832709789276
1176,848,16,2,-5.488704204559326,0.0058846,0.001159792,False,838,-0.008759098127484322,0.004131374415010214,-0.01761528104543686
1179,630,12,2,-3.283588409423828,-0.00026737212,-0.0003528881,False,605,-0.0029971646144986153,0.0022372340317815542,-0.005319914780557156
1179,775,15,2,-4.239795207977295,-0.001174841,-0.0013817119,False,774,0.00025962828658521175,0.001620388007722795,-0.001567630679346621
1179,806,16,2,-5.9742536544799805,-0.023321638,0.001050663,True,-1,,,
1179,810,16,2,-5.9742536544799805,-5.0354003e-05,0.0,True,-1,,,
1181,514,10,2,-4.838912487030029,-0.0019465351,0.007294035,False,516,-0.0015620231861248612,-0.005039787385612726,0.012718334794044495
1181,736,14,2,-5.824251174926758,0.0019367886,0.013628778,True,711,0.0020637130364775658,-0.0006807231693528593,0.014436425641179085
1183,327,6,2,-5.310007095336914,0.009317942,-0.00036089896,False,301,-0.003005809849128127,0.006634311750531197,-0.019318962469697
1183,478,9,2,-4.151601314544678,-1.2874603e-06,-0.0012075043,False,476,-0.001514806761406362,6.316185317700729e-05,-0.002784185577183962
1183,695,13,2,-5.849112033843994,-0.0017181683,-0.00019913673,True,696,-0.0009539127349853516,-0.0009472942329011858,0.0015124131459742785
1183,809,16,2,-5.8935017585754395,-0.006563921,0.00978733,True,824,-0.005114002153277397,-0.0008763122605159879,0.012113560922443867
1185,663,13,2,-4.0931267738342285,-0.0063431263,-0.0031538105,False,687,0.0022384452167898417,-0.003021335694938898,0.008449097163975239
1185,828,16,2,-4.902929306030273,0.00672596,-0.0027521707,False,819,0.0073551940731704235,-0.005082721821963787,0.0029597850516438484
1187,551,11,2,-4.475529193878174,-0.009821548,0.003175478,False,557,0.0002072906499961391,0.0013226509327068925,0.011881665326654911
1187,706,14,2,-4.2873148918151855,-0.00065662386,-0.00022014618,False,726,0.005548772867769003,-0.0012985897483304143,0.007283840328454971
1188,185,3,2,-4.929476737976074,-0.0048251245,0.0027819157,False,162,-0.0011627007042989135,-0.0017398166237398982,0.008184155449271202
1188,291,5,2,-4.57161283493042,0.010465641,-0.008496752,False,287,-0.0027025414165109396,-0.004987688269466162,-0.016677245497703552
1188,333,6,2,-4.942024230957031,-0.0080803875,-0.0027457904,False,340,0.001023302087560296,-0.0007940101786516607,0.007151909172534943
1188,602,12,2,-5.3022661209106445,-5.186081e-05,-0.0037894058,False,608,0.009051084518432617,0.001807794556953013,0.0035057449713349342
1189,367,7,2,-4.102961540222168,-0.0010370255,-0.000977478,False,398,-0.0020924473647028208,-0.001227207132615149,-0.0008056927472352982
1189,845,16,2,-5.058058261871338,0.0019411374,-0.010416546,False,814,-0.013620433397591114,-0.006401700899004936,-0.019576415419578552
1190,139,2,2,-4.101016044616699,0.0019006062,0.0009962464,False,102,0.003397283609956503,0.0009174060542136431,0.001575517700985074
1190,674,13,2,-2.9586904048919678,0.0007008791,-0.008084073,False,665,0.0029835891909897327,-0.002844748552888632,-0.0029566138982772827
1190,732,14,2,-4.046720504760742,-0.010594645,-0.0036817456,False,705,-0.0008891629986464977,-0.0023377228062599897,0.008361458778381348
1190,808,16,2,-5.709146022796631,0.003697567,-0.0053021526,True,824,-0.0013011168921366334,-0.0021133804693818092,-0.00818745605647564
1191,422,8,2,-3.708792209625244,-0.0007511902,-0.0009386921,False,420,-0.0032783413771539927,0.0030162001494318247,-0.00648204330354929
1191,733,14,2,-4.535638809204102,0.009199428,-0.00092198374,False,721,0.0031947039533406496,0.005171499215066433,-0.01209820806980133
1191,790,15,2,-3.6848700046539307,0.0022762204,-0.00021297931,False,752,0.002595496131107211,0.0004504442331381142,-0.00034414767287671566
1191,839,16,2,-5.885388374328613,-0.0042896364,-0.0017773056,True,824,-0.0033208560198545456,-0.0009196472237817943,0.00011112191714346409
1193,67,1,2,-4.191408157348633,-0.0004371643,-8.0471036e-05,False,60,-0.00013115882757119834,0.00010913849109783769,0.00011639593867585063
1193,668,13,2,-4.426196098327637,0.008840485,-0.0051244735,False,692,0.000574626901652664,0.004370002541691065,-0.01776033453643322
1195,349,6,2,-4.674633026123047,-0.011980171,-0.00042150498,False,328,0.004724311642348766,0.0006122493650764227,0.01567072793841362
1195,574,11,2,-4.529839515686035,0.0048353956,-0.0019935416,False,584,-8.167266787495464e-05,-0.0016415786230936646,-0.005269031040370464
1195,615,12,2,-4.762060165405273,0.006059618,-0.00017387391,False,631,-0.0062773702666163445,-0.0032576085068285465,-0.009253254160284996
1195,914,18,2,-4.442636966705322,-0.0024989033,0.0005895996,False,946,-0.0012919044820591807,0.0008212375687435269,0.0009753608610481024
1199,172,3,2,-3.9773120880126953,0.004694157,0.006632996,False,183,-0.0018494796240702271,0.0019160461379215121,-0.0018266867846250534
1199,526,10,2,-4.319752216339111,-0.005514784,-0.0017001629,False,509,-0.0006024932954460382,-0.002265548799186945,0.005477676168084145
1205,313,6,2,-4.567986011505127,0.0022655106,-0.00526824,False,340,0.008557186461985111,-0.007905978709459305,0.008929413743317127
1205,314,6,2,-4.23795223236084,-0.00064412114,0.011905394,False,336,0.009908933192491531,-0.0012268162099644542,0.023685265332460403
1205,415,8,2,-3.633924961090088,0.0037937355,-0.0010784054,False,438,-0.0030766630079597235,0.0008533477666787803,-0.008802151307463646
1205,519,10,2,-4.733733177185059,-0.002485733,-0.002769165,False,543,7.360458403127268e-05,0.0019803429022431374,-0.002190170343965292
1205,843,16,2,-5.102997779846191,0.010442142,0.0011819362,False,813,0.002587022725492716,-0.0020427322015166283,-0.0046304515562951565
1205,844,16,2,-5.3438239097595215,0.004075022,0.0103651425,False,814,-0.0221516415476799,-6.180763011798263e-05,-0.015799712389707565
1207,277,5,2,-4.359610080718994,0.013148565,0.0056333733,False,251,-0.005791272968053818,0.0017987728351727128,-0.015105237253010273
1207,289,5,2,-3.9439618587493896,0.005142999,0.003159852,False,257,-0.002136669121682644,0.00533108226954937,-0.009450898505747318
1207,318,6,2,-4.009689807891846,-0.0033138895,-0.0056502535,False,334,-0.012844152748584747,0.005104074254631996,-0.020284591242671013
1207,694,13,2,-3.7830252647399902,-0.010848775,0.006090965,False,666,-0.0062583922408521175,-0.0010887718526646495,0.01177011989057064
1210,191,3,2,-4.309323310852051,0.002034731,-0.00208045,False,175,0.00214245798997581,-0.005035505164414644,0.0030627818778157234
1210,804,16,2,-5.479766368865967,0.009365158,0.0054789544,True,825,0.007287416607141495,-0.003230829257518053,0.006632041651755571
1211,298,5,2,-3.3327462673187256,0.006080942,-0.0052983095,False,263,0.002876601181924343,-0.003696389263495803,-0.0048062605783343315
1211,303,6,2,-3.845961809158325,0.00045884133,-0.007829452,False,336,0.010119514539837837,-0.004446020349860191,0.0062772417441010475
1212,76,1,2,-4.008991241455078,0.00044368743,-0.0020198058,False,77,0.0028924846556037664,0.00314299575984478,-0.0027140043675899506
1212,541,10,2,-4.488462924957275,0.00025156976,0.000676918,False,520,0.0013708401238545775,-0.003637018147855997,0.00543320644646883
1212,556,11,2,-5.404796123504639,0.010326367,0.0009454441,True,594,-0.00666077621281147,-0.0024206351954489946,-0.013621063902974129
1212,834,16,2,-5.805059432983398,0.0024435616,0.009673719,True,831,-0.005167045630514622,-0.0015684413956478238,0.0036315536126494408
1213,304,6,2,-3.2017509937286377,-0.007997432,-0.0010040236,False,305,0.0062624262645840645,-0.00678235525265336,0.020038191229104996
1213,966,19,2,-2.9555857181549072,0.004077568,0.0015749121,False,950,0.0019659281242638826,0.003059010487049818,-0.0035957384388893843
1215,165,3,2,-4.285158157348633,-0.009250536,0.00038744925,False,182,-0.0037302684504538774,-0.004338512197136879,0.01024622842669487
1215,309,6,2,-3.606131076812744,0.0018803787,0.008354254,False,307,0.005278902128338814,0.008448424749076366,0.0033043529838323593
1219,639,12,2,-5.492455005645752,-0.0030389405,0.003163309,False,643,0.0006521892501041293,0.009902200661599636,-0.003047761507332325
1219,688,13,2,-4.550529956817627,8.804321e-05,-0.006178322,False,654,-0.0012641430366784334,0.003410911653190851,-0.010941419750452042
1220,636,12,2,-2.370636463165283,0.0029428292,-0.002035389,False,629,-0.005220956634730101,0.0042260740883648396,-0.014425248838961124
1220,703,14,2,-3.647132396697998,-0.0086166905,0.0053099203,False,705,0.0036425923462957144,-0.012362293899059296,0.02993149682879448
1221,597,11,2,-5.87404727935791,1.5029907e-05,0.0042491816,True,577,-0.004487056750804186,0.0006075191777199507,-0.000860423780977726
1221,671,13,2,-5.8779826164245605,0.0017012883,0.003249607,True,696,0.0008620262378826737,-0.0007361507159657776,0.003146495670080185
1222,345,6,2,-3.7640202045440674,0.004346881,0.0029854488,False,334,-0.005995678715407848,-0.0003558826574590057,-0.007001228630542755
1222,352,7,2,-3.9383535385131836,-0.0016910124,0.0012725401,False,382,-0.0018006229074671865,-0.0012791299959644675,0.0024420595727860928
1222,613,12,2,-5.527329444885254,0.0028619003,0.0023157692,True,641,-0.006275491788983345,0.0006396293756552041,-0.007461252622306347
1222,652,13,2,-4.100367546081543,-0.0023574114,-0.005364237,False,678,0.0025578499771654606,-0.0069915009662508965,0.006542526185512543
1223,380,7,2,-3.9839320182800293,-0.0021543931,-0.00419735,False,353,-0.0026271867100149393,0.0019467449747025967,-0.00661688856780529
1223,841,16,2,-5.773952007293701,-0.011638508,-0.00024991034,False,831,-0.006380243226885796,0.0036273193545639515,0.0013810358941555023
1227,250,5,2,-3.149534225463867,0.00013427735,-0.0010719777,False,260,6.954192940611392e-05,-0.0012213945155963302,8.4681436419487e-05
1227,566,11,2,-3.754082679748535,-0.0013505555,-0.0024186897,False,565,-0.008872723206877708,0.014907493256032467,-0.024848349392414093
1229,293,5,2,-4.485367298126221,0.003382454,-0.005427275,False,262,-0.001704044290818274,-0.0010171127505600452,-0.009496659971773624
1229,637,12,2,-5.385613918304443,-0.005492468,0.0049639703,False,624,-0.004582615103572607,0.002203760202974081,0.003670062869787216
1231,326,6,2,-5.956021785736084,-0.0059063816,7.5902935e-05,True,319,-0.00020908356236759573,0.011197557672858238,-0.005424357019364834
1231,573,11,2,-5.702149391174316,-0.00934515,-0.00055184367,False,572,0.0019601155072450638,0.00920203235000372,0.0015513887628912926
1234,181,3,2,-3.258868455886841,-0.006384311,0.0020622252,False,198,-0.0006636142497882247,-0.00114806171040982,0.008930983021855354
1234,697,13,2,-3.568401336669922,0.010294619,0.0019241142,False,698,0.002940072910860181,0.0030232954304665327,-0.008453726768493652
1236,332,6,2,-5.047483444213867,-0.00840293,-0.0005827618,False,347,-0.0070810699835419655,-0.007593774702399969,0.0083328727632761
1236,812,16,2,-5.934292316436768,-0.006052704,0.0073698713,True,824,-0.0038481904193758965,0.0048230839893221855,0.004751300439238548
1237,714,14,2,-4.096516132354736,-0.0017807388,-0.0018464756,False,737,-0.0013005638029426336,0.0012357378145679832,-0.002602038439363241
1237,828,16,2,-5.197765350341797,-0.0050993823,-0.009716921,False,819,-0.00455677043646574,0.011391658335924149,-0.02056596800684929
1242,746,14,2,-5.59841775894165,0.0074759484,0.0022929574,True,717,0.0009489250369369984,0.002079982776194811,-0.006314048543572426
1242,840,16,2,-5.46428108215332,0.0021029282,0.005415554,False,838,0.00018311500025447458,0.0003751659533008933,0.0031205748673528433
1244,265,5,2,-5.091004848480225,-0.0028400326,-0.00014398574,False,259,0.0016996765043586493,0.0014759827172383666,0.0029197405092418194
1244,708,14,2,-5.189184188842773,0.0045721624,0.009388447,False,739,-4.824638381251134e-05,-0.002068262081593275,0.006836299784481525
1245,300,6,2,-5.946004867553711,-0.006969757,0.0013965416,True,322,0.0031040096655488014,-0.0031040096655488014,0.014574318192899227
1245,570,11,2,-5.570337772369385,-0.0012871933,-0.0013059616,False,589,-0.008944367989897728,0.0034785843454301357,-0.012441720813512802
1248,328,6,2,-4.647994041442871,-0.0031989955,0.00042804718,False,343,0.0010993767064064741,-0.013017711229622364,0.01774413138628006
1248,448,8,2,-4.372161388397217,-0.0020553588,0.0029875946,False,401,-9.510994277661666e-05,-0.0017017651116475463,0.006649608723819256
1248,644,12,2,-5.444196701049805,0.004639549,0.002234497,False,649,0.0037047863006591797,0.011362266726791859,-0.010062532499432564
1248,848,16,2,-5.880566120147705,-0.009723377,0.005019903,False,823,0.001245193532668054,-0.00050213816575706,0.01649061217904091
1253,839,16,2,-5.9742536544799805,-0.002017908,0.0030926229,True,824,-7.182121044024825e-05,0.003252000780776143,0.001786709064617753
1253,973,19,2,-4.503938674926758,0.0022405623,0.0039569186,False,987,0.0015471267979592085,0.0012096785940229893,0.002053804462775588
1266,348,6,2,-3.5283172130584717,0.013322005,0.0030196572,False,320,0.0037660885136574507,-0.0021926879417151213,-0.0043435716070234776
1266,738,14,2,-5.098276615142822,-0.0067083454,-0.0005290699,False,724,0.0008264064672403038,-0.011091146618127823,0.01809682883322239
1267,339,6,2,-4.744576454162598,-0.003336754,-0.0022214889,False,301,0.0027225399389863014,0.003412647172808647,0.00042515783570706844
1267,630,12,2,-2.752668619155884,0.010623493,-0.0018911934,False,614,0.004865522496402264,0.008002705872058868,-0.015651870518922806
1267,634,12,2,-4.837711811065674,0.0059098434,-0.0025457954,False,606,-0.0012559795286506414,-0.0028206156566739082,-0.006891002878546715
1267,821,16,2,-4.954386234283447,-0.015980339,0.0118175605,False,836,-0.002218313282355666,0.004931001458317041,0.020648585632443428
1269,404,8,2,-4.517930030822754,-0.0014064121,-0.0042454815,False,447,-0.0019164943369105458,0.0020759678445756435,-0.006831531412899494
1269,829,16,2,-5.935266017913818,-0.0031299687,0.0001771164,True,823,-0.0012292861938476562,0.0042094518430531025,-0.002131653018295765
1270,252,5,2,-4.461316108703613,-0.0031551647,-0.0061580087,False,284,-0.004141969606280327,-0.0019234562059864402,-0.005221357569098473
1270,580,11,2,-3.270242691040039,0.016043406,0.006482391,False,552,0.003108286764472723,0.005921478383243084,-0.012374207377433777
1273,133,2,2,-4.016415119171143,0.0040652086,0.0005007219,False,100,-0.001188998227007687,0.0010885810479521751,-0.005842065904289484
1273,825,16,2,-5.806705951690674,-0.0038672828,0.0019784928,True,823,0.0030900859273970127,0.0021121311001479626,0.006823730655014515
1276,228,4,2,-3.789278507232666,-0.002973075,0.0018635321,False,226,0.006109919399023056,-0.0056120348162949085,0.016558561474084854
1276,849,16,2,-5.40736722946167,0.008746338,0.0007151032,True,837,0.00797396618872881,-0.009822215884923935,0.009764946065843105
1278,312,6,2,-4.986493110656738,0.009733229,-0.0014905167,False,317,0.0009208774426952004,-0.000875930767506361,-0.009426937438547611
1278,887,17,2,-3.7202343940734863,-0.0010947419,-0.0010702037,False,862,0.0008989715715870261,-0.001171269454061985,0.0020947791635990143
1279,193,3,2,-3.9351494312286377,0.0055067204,0.004309268,False,153,0.00704085361212492,8.457183866994455e-05,0.005758829414844513
1279,324,6,2,-5.125771999359131,-0.0023839856,0.0076463413,False,321,0.00844758003950119,-0.009555596858263016,0.028033504262566566
1279,342,6,2,-4.451826095581055,-0.0036237144,-0.007530012,False,344,0.004885645117610693,-0.0017025279812514782,0.002681875601410866
1279,623,12,2,-5.9742536544799805,-0.0017918014,0.0016642666,True,600,0.001678247470408678,0.0050061605870723724,0.00012815487571060658
1280,269,5,2,-5.138271331787109,-0.006662893,-0.003116007,False,272,0.0007390212849713862,-0.007136278320103884,0.01142218615859747
1280,569,11,2,-5.554540634155273,0.0014723205,-0.0018971157,False,594,-0.002202625386416912,0.0013403510674834251,-0.006912412587553263
1280,616,12,2,-4.665887355804443,-0.0062046526,-0.002721138,False,638,0.011953563429415226,-0.00011450767487986013,0.015551585704088211
1280,818,16,2,-4.943037986755371,0.00676795,-0.008984309,False,838,0.004012613091617823,-0.011017837561666965,-0.000721808522939682
1281,641,12,2,-5.450632095336914,0.0018727875,-0.008053274,False,626,0.0027341078966856003,0.0045314691960811615,-0.011723422445356846
1281,805,16,2,-5.768646717071533,0.0034702683,-0.004112139,True,810,0.0025737094692885876,0.0025916099548339844,-0.007600307930260897
1291,714,14,2,-4.2166924476623535,-0.003721695,-0.000464077,False,710,-0.0002121353172697127,-0.00544660585001111,0.008492087945342064
1291,834,16,2,-5.089284896850586,0.00711339,0.005400486,False,809,0.005236501805484295,-0.011304140090942383,0.014827738516032696
1292,309,6,2,-3.0108096599578857,0.0062327767,-0.006127305,False,310,-0.0006156348972581327,0.0028240347746759653,-0.0157997515052557
1292,844,16,2,-4.845568656921387,0.00042057992,-0.005702076,False,819,0.0055452631786465645,0.0005814647884108126,-0.0011588577181100845
1295,479,9,2,-3.5747289657592773,0.0013946962,2.9392242e-05,False,495,0.0010463572107255459,-0.0009346675942651927,0.0006157208699733019
1295,736,14,2,-5.371092796325684,-0.010539293,0.004977522,False,702,0.00429533002898097,-0.003155031241476536,0.022967176511883736
1298,828,16,2,-5.478020191192627,-0.0054658605,0.0067924215,False,809,-0.0016411495162174106,-0.008648919872939587,0.019266052171587944
1298,952,19,2,-3.906703472137451,-0.0006666136,0.0036951923,False,997,0.002537903841584921,-0.0032000779174268246,0.010099787265062332
1299,346,6,2,-4.15296745300293,-0.0005115986,0.0042805336,False,336,-0.0012320041423663497,-0.002687788102775812,0.006247916258871555
1299,574,11,2,-4.576509952545166,0.0016144848,0.00495347,False,583,0.00029786108643747866,-0.0004919719649478793,0.004128818400204182
1299,662,13,2,-5.566224575042725,-0.008625316,0.0035009193,False,650,-0.00637054443359375,0.008198251947760582,-0.002442561089992523
1299,747,14,2,-5.246851921081543,-0.0049008657,-0.0026147747,False,734,0.005140943452715874,-0.00033220290788449347,0.0077592371962964535
1301,305,6,2,-3.2088189125061035,0.0018335104,-0.009185138,False,307,-0.0031220102682709694,-0.0045989276841282845,-0.00954173132777214
1301,739,14,2,-5.4124884605407715,-0.006432123,0.0026154232,False,715,-0.001532754860818386,-0.00048439978854730725,0.00799919106066227
1301,907,18,2,-4.066242694854736,0.0018929673,-0.0004371643,False,918,0.002461767289787531,0.00440465472638607,-0.004273018799722195
1301,984,19,2,-3.545015811920166,-0.0018512106,-0.00089494704,False,986,0.0010614204220473766,-0.00040430069202557206,0.0024219846818596125
1302,330,6,2,-4.74006986618042,0.0027176952,-0.0045221616,False,344,-0.0008239078451879323,-0.0009055709815584123,-0.007158193737268448
1302,717,14,2,-5.539935111999512,0.00072654727,-0.0018543148,False,724,-0.006187868304550648,-0.0013593578478321433,-0.007409372366964817
1305,775,15,2,-4.3488593101501465,0.0003505802,0.0020058823,False,755,-0.0024673461448401213,0.0007219410035759211,-0.0015339850215241313
1305,841,16,2,-5.641195774078369,0.0057468223,-0.0049614906,True,824,0.0037074279971420765,-0.003144483547657728,-0.003856401890516281
1306,652,13,2,-3.9123036861419678,0.0073102806,0.0035315228,False,684,-0.008877210319042206,-0.007065362762659788,-0.005590605549514294
1306,843,16,2,-5.528844356536865,-0.008893814,0.0072529125,False,845,0.0005175971891731024,-0.0042166803032159805,0.020881004631519318
1308,214,4,2,-4.67751932144165,-0.004397345,-0.0014609242,False,208,-0.0005905151483602822,0.0037758350372314453,-0.0014299298636615276
1308,814,16,2,-5.234668731689453,0.0028178883,-0.013115435,False,845,0.0024616909213364124,-0.007918262854218483,-0.005553370341658592
1309,663,13,2,-4.158610820770264,0.0002824688,-0.0077731037,False,689,0.004063625354319811,0.0036690712440758944,-0.007661018520593643
1309,813,16,2,-5.882824420928955,-0.009583693,0.0014626789,False,808,0.0005222606705501676,-0.002591724507510662,0.014160357415676117
1311,296,5,2,-4.998424053192139,0.0015591717,-0.0040348913,False,270,0.00506933219730854,-0.007571134716272354,0.007046403829008341
1311,657,13,2,-5.850438594818115,-0.007293196,0.002535658,False,699,0.0004658889665734023,-0.0006160640623420477,0.01091080717742443
1312,273,5,2,-3.5509800910949707,0.009369144,-0.0013121319,False,282,-0.001791396178305149,0.0004413604619912803,-0.01291403267532587
1312,628,12,2,-2.003638505935669,0.0049783373,-0.0014391089,False,647,-0.000885815592482686,-0.012628436088562012,0.0053251744247972965
1312,643,12,2,-5.1822428703308105,0.00074324606,-0.0030326366,False,610,0.004299583379179239,0.0010289192432537675,-0.0005052182823419571
1312,802,16,2,-3.822364330291748,-0.020739311,0.007587161,False,816,0.008394641801714897,0.008998775854706764,0.02772233821451664
1314,385,7,2,-5.076679706573486,-0.004476614,-0.0016363811,False,363,0.0022626114077866077,-0.0008729457622393966,0.0059757898561656475
1314,577,11,2,-5.878019332885742,-0.0012472153,-0.0019246865,True,581,-0.0005054950597696006,-0.0007204628200270236,-0.0004625034052878618
1316,261,5,2,-3.6630523204803467,-0.001281867,-0.0011701297,False,282,-0.0003571414854377508,-0.0008006524876691401,0.0005552482907660306
1316,826,16,2,-5.673367977142334,0.0060177133,0.0013834857,True,824,0.002762498799711466,0.00020212173694744706,-0.0020738504827022552
1319,645,12,2,-3.506182909011841,-0.0008128834,0.0048115444,False,622,0.008662977255880833,-0.0015736341010779142,0.015861039981245995
1319,666,13,2,-3.4727394580841064,0.0049641468,-0.0006027031,False,676,0.007802915759384632,-0.001657724380493164,0.003893790300935507
1319,800,16,2,-4.44161319732666,0.0064073373,-0.0056737997,False,836,0.005038795527070761,-0.00870109535753727,0.0016587544232606888
1319,865,17,2,-3.221475839614868,-7.890701e-05,-0.00048205853,False,884,-0.0001086139673134312,0.0013524246169254184,-0.0018641900969669223
1320,353,7,2,-3.8382670879364014,0.0012916946,0.00056646345,False,362,-0.002297468250617385,0.002853226615116,-0.005875925999134779
1320,806,16,2,-5.405533790588379,0.0019829655,-0.009626703,False,809,-0.003101129550486803,-0.008633165620267391,-0.006077632773667574
1321,315,6,2,-5.867114543914795,-0.015137491,0.0044411183,False,322,-0.003784885397180915,0.00261377333663404,0.013179950416088104
1321,551,11,2,-4.030392646789551,0.008811655,0.0012117386,False,593,-0.006857090163975954,-0.006811852566897869,-0.007645154371857643
1321,745,14,2,-4.10196590423584,0.0074564936,-0.009572992,False,721,-0.008108825422823429,-0.003873748704791069,-0.021264564245939255
1321,833,16,2,-5.891310691833496,-0.008655291,-0.0016588592,False,808,-0.0012960624881088734,0.0011485290015116334,0.004551840480417013
1322,334,6,2,-3.76425838470459,0.0034271574,0.0029401397,False,320,-0.0009315157076343894,-0.006922183092683554,0.005503649823367596
1322,842,16,2,-5.059844493865967,-0.0139866825,-0.010212259,False,-1,,,
1324,634,12,2,-4.850978374481201,0.0043209363,0.0037127875,False,648,0.008471231907606125,-0.0015660381177440286,0.009429121389985085
1324,729,14,2,-5.3506855964660645,-0.0046542645,-0.0063709165,False,702,0.0016750145005062222,-0.001538991928100586,0.0014973543584346771
1325,301,6,2,-4.810562610626221,-0.0045439815,-0.00911561,False,349,0.002792186802253127,0.00571549404412508,-0.007494935765862465
1325,960,19,2,-4.179629802703857,-0.00021536827,0.0013629817,False,996,-9.800910629564896e-05,0.0016760348808020353,-0.0001956940395757556
1327,427,8,2,-3.567631721496582,0.0029971218,-0.0013097716,False,438,0.0007376194116659462,-0.0004990148590877652,-0.003070259001106024
1327,705,14,2,-4.908844947814941,-0.0068970965,-0.004508438,False,723,-0.0032279682345688343,0.005238943267613649,-0.006078253034502268
1328,256,5,2,-5.135627746582031,-0.002547264,-0.003595333,False,270,0.001909227343276143,-0.0072492980398237705,0.00811045616865158
1328,341,6,2,-5.241227626800537,-0.0012339401,0.0039906884,False,335,-0.0005353546002879739,0.003494367701932788,0.0011949059553444386
1329,692,13,2,-3.7601304054260254,0.00882081,0.0030602075,False,694,-0.004548854660242796,0.0042911721393466,-0.014600628986954689
1329,837,16,2,-5.9021782875061035,-0.0063086795,0.0014727783,True,809,-0.014397688210010529,8.247375808423385e-05,-0.006698704790323973
1330,169,3,2,-5.648435115814209,-0.0039015007,0.0030106544,False,196,-0.005434827879071236,0.00212549208663404,-0.0006481651216745377
1330,567,11,2,-4.471330642700195,0.0027527714,-0.0027275276,False,591,-0.004475259687751532,0.003091516438871622,-0.013047074899077415
1330,627,12,2,-5.9742536544799805,-0.0124706365,0.0025927066,True,620,-0.0034056473523378372,0.005212536081671715,0.006445160135626793
1330,744,14,2,-5.690467357635498,0.003567152,-0.0052808286,True,740,0.005442218855023384,-0.005985097959637642,0.002579336054623127
1333,326,6,2,-5.9742536544799805,-0.0014339256,0.01045929,True,302,-0.003240508958697319,0.00925543811172247,-0.0006027314811944962
1333,902,18,2,-4.4369049072265625,0.0023138428,0.002955494,False,946,0.00043956757872365415,0.00011627197091002017,0.0009649468120187521
1334,343,6,2,-4.570412635803223,0.008742981,-0.0033276367,False,349,0.005655241198837757,-0.0033953667152673006,-0.003020009957253933
1334,382,7,2,-4.026512622833252,8.7137225e-05,-0.0033583832,False,364,0.002710103988647461,0.003114547813311219,-0.0038499643560498953
1334,601,12,2,-4.740784645080566,0.008193474,-0.0047417735,False,648,0.005741748958826065,-0.004746313206851482,-0.002447185106575489
1334,835,16,2,-4.938608646392822,-0.0110347085,-0.0022649097,False,819,-0.004663391038775444,-0.004228821024298668,0.008335229009389877
1335,303,6,2,-3.9017574787139893,0.0065295934,-0.0022880794,False,314,-0.00214183796197176,-0.001137533225119114,-0.009821977466344833
1335,606,12,2,-4.640056610107422,0.0063268184,0.00021683692,False,638,0.0003346824669279158,-0.006915226113051176,0.001139927189797163
1336,587,11,2,-4.556983470916748,-0.0070801545,-0.0033171654,False,557,-0.0016233158530667424,0.010772190056741238,-0.008632516488432884
1336,735,14,2,-5.656202793121338,0.0041401004,-0.0009896373,True,707,-0.0011907959124073386,-0.004832868464291096,-0.001487665344029665
1336,742,14,2,-5.8084492683410645,0.0033160876,0.00060224533,True,748,-0.00301532750017941,-0.0013317394768819213,-0.004397430457174778
1336,743,14,2,-3.4713191986083984,0.010240775,-0.00019407272,False,703,0.002671895083039999,-0.010554871521890163,0.0027919188141822815
1336,944,18,2,-5.087453365325928,0.0004898071,-0.0014081859,False,-1,,,
1336,956,19,2,-4.3831305503845215,-0.004322567,0.0011247826,False,990,-0.0005390930455178022,0.001245365128852427,0.0036628912203013897
1340,59,1,2,-3.6852052211761475,-0.00014680385,-0.0021111583,False,69,-0.0004705286119133234,-0.002872209530323744,0.0004373264964669943
1340,623,12,2,-5.63045072555542,0.0058355425,-0.0062125395,True,600,0.004139900207519531,0.0012696362100541592,-0.009177818894386292
1340,637,12,2,-5.557375907897949,-0.007910862,-0.006402416,False,602,-0.0043687536381185055,0.0009297943324781954,-0.003790102433413267
1340,695,13,2,-5.769057273864746,-0.0030330848,-0.00047513007,False,691,0.0030002116691321135,0.0014342879876494408,0.004123878665268421
1342,838,16,2,-5.9742536544799805,-0.010939703,0.00081315043,True,808,0.0013052750146016479,0.0029347038362175226,0.010123425163328648
1342,880,17,2,-3.6804957389831543,0.0017029477,-0.0028618097,False,874,0.0008935212972573936,-0.0006365394801832736,-0.0030346966814249754
1345,642,12,2,-4.116292476654053,0.0023884391,0.00090088847,False,609,-0.0011569976340979338,0.0022964763920754194,-0.0049410248175263405
1345,714,14,2,-4.297939777374268,-0.0045634173,-0.001435852,False,712,0.004077653866261244,-0.012304200790822506,0.019509419798851013
1348,262,5,2,-4.36499547958374,0.0046905614,0.0025452708,False,276,0.0021985340863466263,0.003724708454683423,-0.0036714649759233
1348,327,6,2,-5.213201999664307,-0.0034120178,-0.010377531,False,335,-0.0026930903550237417,0.0005883026169613004,-0.01024690642952919
1351,207,4,2,-3.6283621788024902,-0.003092556,-0.0010149765,False,204,0.0019464301876723766,0.0011639785952866077,0.0028600310906767845
1351,810,16,2,-5.435268402099609,0.010779705,-0.004419842,True,-1,,,
1352,316,6,2,-4.361215591430664,-0.002001009,0.0040134145,False,349,0.0039154053665697575,-0.005082845687866211,0.015012674033641815
1352,631,12,2,-4.731364727020264,0.003997812,-0.0016887092,False,648,0.008474626578390598,6.132126145530492e-05,0.002726783975958824
1353,347,6,2,-5.171647548675537,0.007452812,5.478859e-05,False,335,0.00132697110529989,-0.0013573647011071444,-0.00471368758007884
1353,566,11,2,-4.174103260040283,-0.0078051137,0.0037471962,False,578,0.001617383910343051,-0.0032937813084572554,0.016463475301861763
1353,569,11,2,-5.722568035125732,-0.0015585232,8.831024e-05,False,590,0.0008326625684276223,-0.003642721101641655,0.006122217047959566
1353,951,19,2,-3.2340807914733887,0.0031489993,0.0016006088,False,965,0.001100254012271762,-0.0009854459203779697,0.0005373094463720918
1355,346,6,2,-3.7218616008758545,0.00680553,0.0011456823,False,337,-0.014178347773849964,0.0003097915614489466,-0.020147986710071564
1355,556,11,2,-5.4318084716796875,-0.00481246,-0.0030913258,False,589,0.003401470137760043,0.0020184230525046587,0.0031041812617331743
1358,164,3,2,-4.2609100341796875,-0.0010617924,-0.0007317257,False,187,0.0008181000011973083,-0.0020423412788659334,0.0031905081123113632
1358,829,16,2,-5.967636585235596,0.00013234139,0.0005133629,True,809,-0.009494857862591743,0.0028016185387969017,-0.011915454640984535
1360,119,2,2,-3.3967132568359375,0.00020233155,0.0023042154,False,148,0.0029660367872565985,0.0017391825094819069,0.0033287382684648037
1360,344,6,2,-4.984984874725342,-0.0022095013,0.008996286,False,333,0.004587058909237385,-0.002558431588113308,0.018351279199123383
1360,805,16,2,-5.914638042449951,0.0011923122,0.0067824363,True,809,-0.009087400510907173,0.0025651073083281517,-0.006062383763492107
1360,841,16,2,-5.965734958648682,-0.007833987,0.0025790692,True,809,-0.009087400510907173,0.0025651073083281517,-0.0012394515797495842
1362,658,13,2,-4.610703468322754,-0.008001871,-0.00011394501,False,690,-0.001866407343186438,0.0017834376776590943,0.00423808116465807
1362,710,14,2,-4.456907272338867,-0.0055518243,-0.0023449897,False,706,-0.0036019228864461184,-0.006934604607522488,0.0065395161509513855
1363,348,6,2,-4.1078619956970215,-0.01333436,-0.0033193685,False,314,-0.005647168029099703,0.004483452066779137,-0.00011562835425138474
1363,358,7,2,-3.1921019554138184,0.0030275297,-0.0010865402,False,396,-0.0023681402672082186,-0.0013615036150440574,-0.005120706744492054
1365,342,6,2,-4.482200622558594,0.008958054,-0.0079286285,False,349,0.0036085890606045723,0.003473520278930664,-0.016751613467931747
1365,421,8,2,-4.506563186645508,-0.005613165,0.0014281846,False,447,-0.0036274432204663754,-0.0008990764617919922,0.0043129827827215195
1365,430,8,2,-3.672551155090332,0.0031170368,-0.0022645378,False,433,-0.0007668113685213029,-0.003013606183230877,-0.0031347800977528095
1365,574,11,2,-4.100401878356934,0.009240551,-0.002948494,False,578,0.0028432083781808615,-0.0014220046577975154,-0.007923832163214684
1366,33,0,2,-4.2170915603637695,0.0015568829,-0.0010342121,False,40,-0.001462535816244781,0.0020365333184599876,-0.0060901641845703125
1366,804,16,2,-5.10806131362915,0.010076647,0.002646904,False,819,-0.0018232441507279873,-0.007426633965224028,-0.0018263529054820538
1367,415,8,2,-3.5314574241638184,0.0025706769,-0.004248729,False,446,-0.0011975860688835382,-0.001849374733865261,-0.006167616695165634
1367,812,16,2,-5.107671737670898,0.0073255347,0.007210207,False,819,-0.002833518898114562,-0.0049598501063883305,0.0020110036712139845
1372,671,13,2,-5.813689231872559,0.00029939652,-0.0029932118,True,691,-0.0016856956062838435,0.005312957800924778,-0.010291261598467827
1372,701,14,2,-5.889522075653076,-0.00016386986,-0.0016946315,True,740,-0.0009841156424954534,0.0023768520914018154,-0.004891729447990656
1375,307,6,2,-3.0013835430145264,0.005711956,-0.0034312583,False,345,0.007369127124547958,-0.006745896302163601,0.0049718087539076805
1375,739,14,2,-5.6504716873168945,-0.009873905,0.005278158,False,746,-0.00023495673667639494,0.0039372253231704235,0.010979881510138512
1376,576,11,2,-4.3838982582092285,0.009814272,-0.009721565,False,593,-0.008894896134734154,0.003975315019488335,-0.032406046986579895
1376,736,14,2,-5.456658840179443,-0.004770279,-0.00014907838,False,702,-0.0008022594265639782,-0.004552917554974556,0.008371858857572079
1378,17,0,2,-4.2522149085998535,0.00042949675,0.0017854118,False,42,-0.0003305721329525113,0.001249933266080916,-0.00022459030151367188
1378,833,16,2,-5.759798526763916,0.0038883495,0.0013621426,True,824,-0.0006010913639329374,-9.352683991892263e-05,-0.003033771412447095
1379,525,10,2,-5.626932144165039,0.00019926071,-0.0009214115,False,518,0.002788820303976536,0.0023698615841567516,-0.0007017134921625257
1379,696,13,2,-5.6543145179748535,0.005827112,0.003591442,True,651,-0.00784565880894661,0.003454065416008234,-0.0135353934019804
1380,823,16,2,-5.728801250457764,0.0004118061,-0.004909048,True,824,0.00028637886862270534,-0.0006758213276043534,-0.004358653910458088
1380,908,18,2,-3.322741746902466,-0.001104927,-0.0006322384,False,906,0.0009229183197021484,0.0007290077046491206,0.0006665992550551891
1381,147,2,2,-4.514047145843506,-0.0035468577,0.00071111677,False,122,-0.0006897830753587186,-0.0007424545474350452,0.004310646094381809
1381,455,9,2,-3.5250627994537354,0.0026141119,-0.0016663218,False,487,-0.000391302106436342,0.0013455391163006425,-0.006017274688929319
1381,831,16,2,-5.62560510635376,0.005898714,-0.0036011029,True,824,4.146575884078629e-05,-0.0015618992038071156,-0.007896452210843563
1381,836,16,2,-5.319754600524902,-0.016580315,-0.009154577,False,840,-0.0032908152788877487,-0.007477140519768,0.011612063273787498
1382,320,6,2,-4.309891223907471,-0.0067996024,0.00085748674,False,336,0.00400888454169035,0.0006853961967863142,0.010980578139424324
1382,411,8,2,-3.6247355937957764,0.006541467,8.0041886e-05,False,418,0.0033232069108635187,-0.006521520670503378,0.0033833030611276627
1382,542,10,2,-4.068896293640137,0.002690897,-0.0013770771,False,532,-0.004618816543370485,0.0018442535074427724,-0.010531043633818626
1382,818,16,2,-5.847686290740967,-0.010934677,0.00708086,False,809,-0.0020899486262351274,-0.0025233745109289885,0.01844896376132965
1383,87,1,2,-4.244466304779053,-0.002732134,0.0005423927,False,85,0.00201073638163507,-0.0008582973387092352,0.006143560633063316
1383,507,10,2,-4.316935062408447,-0.0018781376,-0.0028761292,False,536,-0.008775925263762474,0.0031759452540427446,-0.012949861586093903
1383,543,10,2,-4.739935874938965,-0.0036865901,-0.0018152809,False,530,0.002155475551262498,0.003817110089585185,0.00020967470481991768
1383,717,14,2,-5.735422134399414,-0.0061447904,0.006546621,True,700,0.004469661507755518,-0.00011564254964469001,0.017276715487241745
1383,727,14,2,-5.149918556213379,-0.01587022,-0.016478186,False,738,-0.0009584713261574507,-0.01208141352981329,0.010514974594116211
1383,845,16,2,-5.212468147277832,0.014378996,-0.0072725485,True,-1,,,
1386,304,6,2,-3.137786388397217,-0.0051879645,-0.011022763,False,345,0.004140500910580158,-0.007730279117822647,0.006035981234163046
1386,737,14,2,-3.754769802093506,0.0055361176,-0.0042555667,False,749,0.004453844856470823,-0.004429564345628023,-0.0009082751348614693
1388,561,11,2,-3.3589608669281006,0.0056322813,-0.0034702779,False,580,-0.009166359901428223,-0.0001870059932116419,-0.018081912770867348
1388,817,16,2,-4.89886474609375,-0.008268604,-0.009910555,False,821,-0.0045632170513272285,-0.014674883335828781,0.008469715714454651
1391,325,6,2,-4.115357398986816,0.0035158633,-0.008510819,False,331,0.010823983699083328,-0.003957176115363836,0.00275447778403759
1391,839,16,2,-5.725515365600586,0.0017039109,0.008932676,True,849,-0.005281953606754541,-0.0014434527838602662,0.003390264231711626
1392,498,9,2,-3.5356125831604004,0.00044506072,-0.0010803461,False,495,0.0017786836251616478,-0.001162405009381473,0.0014156820252537727
1392,848,16,2,-5.891040325164795,-0.008810502,0.0010627842,False,825,-0.00034537314786575735,-0.0009919070871546865,0.01051981933414936
1393,577,11,2,-5.4156694412231445,0.011171685,0.0055080033,True,573,0.009173478931188583,-0.002100667916238308,0.0056104655377566814
1393,623,12,2,-5.928232192993164,-0.005198526,0.003608761,False,641,0.00038280486478470266,0.0043241404928267,0.004865950904786587
1393,646,12,2,-5.699147701263428,0.0034808062,0.0019226074,True,620,0.004017457831650972,0.00011396408081054688,0.002345294924452901
1393,711,14,2,-5.9151201248168945,-0.0029417418,-0.0011284256,True,707,-0.0007629871251992881,0.004602947272360325,-0.003552617970854044
1395,808,16,2,-5.63630485534668,0.0064066984,-0.006758976,True,824,0.0024053954984992743,-0.0031955146696418524,-0.007564764004200697
1395,948,18,2,-3.589428663253784,-0.00062645914,0.0006914091,False,911,0.0015567493392154574,-0.0002542829606682062,0.003128900658339262
1403,621,12,2,-5.656765460968018,0.004320545,-0.0032463456,True,613,0.006351957097649574,-0.0062819672748446465,0.005067033693194389
1403,657,13,2,-5.728081703186035,-0.00033658982,0.00161232,False,675,-0.000627059955149889,-0.0037502096965909004,0.005072059575468302
1405,619,12,2,-4.659315586090088,-0.010954724,-0.00876502,False,639,0.0071391393430531025,-0.007993698120117188,0.017322540283203125
1405,842,16,2,-5.39479398727417,0.00022535324,-0.0046812724,False,840,-0.010107135400176048,-0.011285915039479733,-0.003727845847606659
1406,341,6,2,-4.934930324554443,0.0056957626,-0.0036858653,False,328,-0.0044704340398311615,0.0023390292190015316,-0.016191091388463974
1406,559,11,2,-5.476721286773682,-0.005975714,-0.002920456,False,598,-0.0067964172922074795,-0.003775634802877903,3.447546623647213e-05
1409,282,5,2,-3.96706485748291,-0.009413915,-0.0005683851,False,263,-0.0013862085761502385,0.004583458881825209,0.0028758621774613857
1409,631,12,2,-4.754157066345215,-0.0014369488,0.0019569683,False,644,0.005502033047378063,-0.0028210736345499754,0.011717024259269238
1413,322,6,2,-5.959970951080322,-0.0066297147,0.00238986,True,302,0.0008224010234698653,0.0009877490811049938,0.008854227140545845
1413,572,11,2,-4.962973117828369,0.0026388646,-0.00045845986,False,564,0.006890211254358292,-0.0033672715071588755,0.007160157896578312
1415,731,14,2,-1.5857847929000854,0.0042639878,0.0067166258,False,722,0.012497281655669212,-0.0030886507593095303,0.018038570880889893
1415,820,16,2,-2.237131118774414,0.009962068,-0.006216326,False,807,0.01089601032435894,0.001420092536136508,-0.006702476181089878
1417,668,13,2,-3.8186192512512207,0.008890953,0.0027101517,False,652,-0.0008059263345785439,0.002113404218107462,-0.009100131690502167
1417,939,18,2,-3.8254315853118896,-0.0013689947,0.0015897178,False,919,0.0022820376325398684,-3.268718865001574e-05,0.00527343712747097
1422,318,6,2,-4.1407551765441895,0.008503142,-0.009891882,False,336,0.0005383110255934298,0.0018865966703742743,-0.019743308424949646
1422,955,19,2,-3.791186571121216,0.00049221516,-0.0041970015,False,968,0.0014075898798182607,-0.0049728346057236195,0.001691207755357027
1423,145,2,2,-4.302864074707031,-0.0004718876,-0.0022444152,False,124,0.0016329288482666016,0.00032659529824741185,-0.0004661940038204193
1423,311,6,2,-4.706603050231934,0.018994913,-0.005765648,False,328,-0.0009659099741838872,-0.006528797093778849,-0.019197674468159676
1423,594,11,2,-5.868670463562012,-0.0023739624,-0.0005976677,True,553,0.0020473385229706764,0.0021900557912886143,0.0016335775144398212
1423,708,14,2,-5.7513885498046875,-0.0075836848,0.0035402488,False,740,0.003981847781687975,-0.0004969978472217917,0.01560277957469225
1424,719,14,3,-5.77752161026001,-0.00962492,0.005550432,False,740,0.004248342476785183,-0.0004671287606470287,0.01989082247018814
1425,162,3,2,-5.326653003692627,-0.0047261715,0.0016488266,False,195,-0.0034035397693514824,0.0039685918018221855,-0.0009971335530281067
1425,715,14,2,-5.294546127319336,0.0033468818,0.0064351275,False,712,-0.006061181891709566,-0.004287605173885822,0.0013146689161658287
1428,151,3,2,-4.622163772583008,0.00046826364,0.0018843078,False,154,-5.989074907120084e-06,-0.00848689116537571,0.009896946139633656
1428,667,13,2,-4.47601842880249,0.005871048,0.0009030437,False,689,-0.011868271976709366,0.00021499634021893144,-0.017051272094249725
1429,212,4,2,-4.377667427062988,-0.0018092537,0.001746025,False,249,-0.0048754215240478516,0.0010234069777652621,-0.002343549858778715
1429,314,6,2,-3.595163106918335,0.00897099,0.0049207876,False,337,-0.004174933303147554,-0.0006476497510448098,-0.007577485870569944
1429,352,7,2,-3.900050401687622,-0.00087514403,0.0005771255,False,393,0.0030521678272634745,0.0013491201680153608,0.0031553171575069427
1429,838,16,2,-5.692513465881348,0.0049419785,0.0021785926,True,825,0.0052685546688735485,-0.004309272859245539,0.0068144416436553
1430,687,13,2,-5.410363674163818,-0.006073227,0.00083663943,False,680,5.2738188969669864e-05,0.0014536094386130571,0.0055089956149458885
1430,742,14,2,-5.958051681518555,-0.0023804093,-0.00032403946,True,707,-0.004104776307940483,0.004770946688950062,-0.006819353438913822
1431,157,3,2,-3.691195011138916,0.0008863926,-0.0023891067,False,178,-0.004330463241785765,-0.001892418833449483,-0.005713543854653835
1431,819,16,2,-5.821686744689941,-0.014659272,0.004518204,False,824,-0.0015618992038071156,-0.004180660471320152,0.02179623767733574
1432,344,6,2,-4.583913803100586,0.0035725879,-0.008418798,False,339,0.0039300634525716305,-0.0008772563887760043,-0.007184066344052553
1432,709,14,2,-5.178596496582031,0.0050983047,-0.0023081494,False,705,-0.0027144146151840687,-0.007317466661334038,-0.0028034020215272903
1434,308,6,2,-3.5475575923919678,-0.0019796658,0.010708118,False,345,-0.008071527816355228,-0.014332899823784828,0.018949154764413834
1434,732,14,2,-4.487301349639893,-6.889343e-05,-0.005614843,False,703,-0.0069042108952999115,0.004945392720401287,-0.01739555224776268
1443,108,2,2,-3.906219005584717,-0.0007249546,0.00058548927,False,136,-0.000157704358571209,0.003062410280108452,-0.0019096707692369819
1443,305,6,2,-3.521540641784668,0.0061450577,-0.0076069357,False,345,-0.009257784113287926,-0.01373402588069439,-0.009275751188397408
1443,324,6,2,-5.435229301452637,-0.0065695764,-0.0062018298,False,333,-0.0041029928252100945,-0.005738134495913982,0.002002888359129429
1443,555,11,2,-5.235973358154297,-0.008651247,-0.00076913834,False,564,-0.0023429584689438343,0.005833473056554794,-0.0002943221479654312
1443,695,13,2,-5.743059158325195,-0.0014356994,0.001620388,False,651,0.00042014120845124125,-0.006151227746158838,0.009627455845475197
1443,806,16,2,-5.947929859161377,-0.0015106583,0.012187033,True,840,-0.01574878767132759,0.001454038661904633,-0.003505134955048561
1443,818,16,2,-5.267816066741943,0.010838842,-3.4732817e-05,False,844,0.002599153434857726,-0.0031993675511330366,-0.0050750537775456905
1443,826,16,2,-5.891815662384033,-0.0011867142,0.0014448166,True,825,-0.002735233400017023,-0.0005923366406932473,0.000488633755594492
1443,922,18,2,-3.42659068107605,0.0015622425,0.003339615,False,933,-0.0017246389761567116,-0.00045206546201370656,0.0005047989543527365
1443,982,19,2,-4.451765060424805,0.0033912181,0.00010422707,False,963,0.00020284652418922633,1.2407303074724041e-05,-0.0030965518672019243
1445,588,11,2,-4.257547378540039,0.009535284,0.00024347306,False,550,-0.0013548850547522306,-0.0036243246868252754,-0.007022371515631676
1445,974,19,2,-3.548567056655884,-0.0014065695,0.001719265,False,975,0.00017672538524493575,-0.0014206505147740245,0.0047232103534042835
1450,176,3,2,-5.3549346923828125,-0.0048768995,-0.0056992434,False,184,0.008839940652251244,0.003641805611550808,0.004375791177153587
1450,315,6,2,-5.366774559020996,0.008048001,0.0020541477,True,335,-0.002437057439237833,0.004347429145127535,-0.01277833990752697
1452,327,6,2,-5.600786209106445,-0.0011298943,-0.0004265499,False,333,-0.005003395024687052,-0.0052517796866595745,0.0009517290163785219
1452,654,13,2,-5.395273685455322,-0.008050775,0.00076758384,False,662,-0.0017083835555240512,-0.0006134510040283203,0.007723426446318626
1453,300,6,2,-5.9742536544799805,-0.0030587483,0.0070159053,True,312,-0.015740366652607918,0.008738536387681961,-0.014404249377548695
1453,404,8,2,-4.713115692138672,-0.0033610344,0.00028243064,False,435,-0.0023012447636574507,-0.0014111422933638096,0.002753362525254488
1453,501,10,2,-5.523886680603027,0.0038555623,-0.0014967441,False,518,0.0013620948884636164,0.002614459954202175,-0.006604671478271484
1453,610,12,2,-5.021928787231445,0.0053954506,-0.0009639931,False,624,0.004256229382008314,0.003438758896663785,-0.005541972815990448
1454,21,0,2,-3.4701178073883057,0.0014369774,0.0038501406,False,11,0.0009620237397029996,-0.0018077135318890214,0.005182900466024876
1454,320,6,2,-4.470004558563232,-0.008158989,0.0122552775,False,316,-0.006306190509349108,0.002487449673935771,0.011620626784861088
1454,615,12,2,-4.910670757293701,-0.0015756417,0.0038931274,False,601,0.006270103622227907,-0.005849580746144056,0.017588453367352486
1454,814,16,2,-5.9742536544799805,-0.0111942105,0.0012229538,True,840,-0.00900331512093544,-0.0009892749367281795,0.004403124563395977
1457,346,6,2,-3.5972399711608887,0.0024925042,0.0087680295,False,337,-0.0020034408662468195,-0.005627465434372425,0.00989955011755228
1457,833,16,2,-5.578349590301514,0.002467556,-0.0076048756,False,813,0.0010033989092335105,0.00248826970346272,-0.011557302437722683
1459,111,2,2,-3.7628767490386963,-0.00040547847,-0.0029184103,False,125,-0.0005870246677659452,0.00149918079841882,-0.004599137231707573
1459,831,16,2,-5.467118263244629,0.0054841517,-0.004347267,False,844,0.001209211302921176,-0.005799388978630304,-0.0028228191658854485
1460,304,6,2,-3.0673556327819824,0.0041725254,0.0014310122,False,-1,,,
1460,653,13,2,-5.364450454711914,-0.003201456,0.00024707793,False,688,0.0022982596419751644,-0.00913023017346859,0.014877024106681347
1460,699,13,2,-5.698780059814453,0.005509472,-0.0013828087,True,650,0.0018076705746352673,-0.0050815106369555,-3.0994415283203125e-06
1460,797,15,2,-4.502720832824707,-0.0010469913,0.00097344397,False,765,0.0031933116260915995,-4.834174978896044e-05,0.0052620889618992805
1461,348,6,2,-3.853780746459961,0.0063663577,0.002024436,False,345,-0.011613750830292702,0.00042689323890954256,-0.01638256572186947
1461,401,8,2,-4.358354091644287,-0.000310297,-0.004380932,False,400,-0.0010253810323774815,0.002299079904332757,-0.007395096123218536
1461,753,15,2,-3.7808587551116943,-0.00079405785,0.0013039589,False,763,7.636546797584742e-05,-0.0002933120704255998,0.0024676944594830275
1461,841,16,2,-5.374217510223389,0.01072319,-0.0062950132,True,815,-0.016872968524694443,0.0004503345408011228,-0.03434150665998459
1462,604,12,2,-5.50703239440918,-0.008374043,0.0014809895,False,616,-0.007510709576308727,-0.0007089996361173689,0.0030533219687640667
1462,845,16,2,-5.168135643005371,-0.0010156154,0.009316111,False,843,-0.0048378086648881435,-0.00769464485347271,0.013188563287258148
1465,728,14,2,-5.206134796142578,-0.007809639,0.00046525002,False,729,0.006638383958488703,-0.0008351421565748751,0.015748415142297745
1465,837,16,2,-5.917553424835205,-0.0014653206,0.00040391923,True,840,-0.011786193586885929,0.0008726692176423967,-0.01078962255269289
1466,281,5,2,-2.168347120285034,0.0012775182,-0.0048202467,False,271,-0.00669410964474082,-0.003126173047348857,-0.009665701538324356
1466,801,16,2,-3.9927978515625,0.010330686,-0.015281934,False,847,0.0008887052536010742,0.0025859212037175894,-0.027309836819767952
1467,693,13,2,-4.225643157958984,-0.0049765827,0.0013090229,False,682,-0.0037757682148367167,0.001414613681845367,0.00109522370621562
1467,808,16,2,-5.55828857421875,0.004989452,-0.0018691539,True,835,-0.0038466930855065584,-0.008038234896957874,-0.002667063847184181
1468,343,6,2,-5.524083614349365,-0.007693157,-0.009003401,False,332,-0.005691461730748415,-0.006251840386539698,-0.0007498650811612606
1468,560,11,2,-5.815425395965576,-0.0010767365,-0.0012278461,True,590,0.0028194808401167393,0.009651622734963894,-0.0069832513108849525
1471,236,4,2,-2.71630597114563,-0.00032333852,0.003626485,False,206,-0.0009324741549789906,0.00040971755515784025,0.0026076314970850945
1471,704,14,2,-3.7885794639587402,-0.020234771,0.0038007402,False,749,0.00504255760461092,-0.005292010493576527,0.03437007963657379
1474,318,6,2,-4.668910026550293,-0.01081296,-0.004272156,False,-1,,,
1474,347,6,2,-5.343122959136963,-0.0050298884,-0.012299776,False,328,-0.0072662257589399815,-0.007369422819465399,-0.007166690658777952
1474,437,8,2,-4.7738800048828125,-0.00016553879,-0.0006654835,False,408,-0.0013631820911541581,-0.0007732486701570451,-0.0010898781474679708
1474,453,9,2,-3.5080370903015137,0.0011405135,0.00021347046,False,495,-4.1728020732989535e-05,7.16781651135534e-05,-0.0010404492495581508
1480,627,12,2,-5.9742536544799805,-0.006686115,0.0028520965,True,617,-0.006541271228343248,-7.088661368470639e-05,0.0030678273178637028
1480,715,14,2,-4.924920558929443,0.0055488683,-0.0030934906,False,723,-0.00542839989066124,0.0033056545071303844,-0.017376413568854332
1482,40,0,2,-4.256719589233398,-0.002068615,0.0008888626,False,35,0.001587829552590847,0.004049310460686684,0.0004959967918694019
1482,211,4,2,-4.365839004516602,0.00033957482,-0.0059480667,False,220,0.0016309928614646196,-0.000672836322337389,-0.003983812406659126
1482,648,12,2,-5.410706996917725,-0.006374817,-0.00049759867,False,639,-0.013783502392470837,-0.0072998907417058945,-0.0006063934415578842
1482,714,14,2,-3.9285173416137695,0.009041881,0.002866826,False,749,0.0029837084002792835,-0.004660534672439098,0.001469187904149294
1483,76,1,2,-3.9208285808563232,0.0006183529,0.000902009,False,64,-0.0012075614649802446,0.0002947473549284041,-0.0012186525855213404
1483,317,6,2,-4.777721405029297,0.0082026,-0.012679701,False,330,-0.0046390630304813385,0.000649299647193402,-0.02617066353559494
1485,214,4,2,-4.594130516052246,-0.0018689537,-0.0031881428,False,218,-0.0019808292854577303,0.0017482376424595714,-0.005048255901783705
1485,306,6,2,-5.7148003578186035,0.0020775318,-0.004142437,True,338,0.0016321182483807206,-0.0015498352004215121,-0.0030380156822502613
1486,340,6,2,-5.762411594390869,-6.0634615e-05,0.008601885,True,338,0.001496000331826508,-0.0013109779683873057,0.01146949827671051
1486,638,12,2,-5.232878684997559,-0.009937057,0.004533777,False,625,0.003712015226483345,0.0006320667453110218,0.01755078323185444
1487,42,0,2,-4.031485557556152,0.0025489617,-0.00071361545,False,5,0.0011325692757964134,0.0005784463719464839,-0.0027084541507065296
1487,848,16,2,-5.895837306976318,-0.00197649,-0.001568327,True,836,-0.003204441163688898,0.001444482826627791,-0.004240760579705238
1489,326,6,2,-5.368748664855957,-0.0016339683,-0.0022985935,False,328,-0.01221915241330862,-0.008974122814834118,-0.003909654915332794
1489,597,11,2,-5.9270830154418945,-0.0005378914,0.0045263576,True,581,0.0009539985912851989,0.004084138665348291,0.0019341090228408575
1489,732,14,2,-4.818020820617676,-0.00554491,0.0015925312,False,721,-0.008494558744132519,-0.0004989433218725026,-0.0008581741712987423
1489,823,16,2,-5.315109729766846,0.012225322,-0.010816307,False,815,-0.005603952333331108,0.0032807826064527035,-0.031926363706588745
1489,829,16,2,-5.7227396965026855,0.005030279,0.0003750801,True,835,-0.0032518578227609396,-0.0018432426732033491,-0.006063814274966717
1489,858,17,2,-3.815948486328125,0.0019383001,0.0022244786,False,888,0.0007676362874917686,-0.00011226654169149697,0.0011660814052447677
1490,342,6,2,-4.565855979919434,0.0082997605,-0.009583282,False,-1,,,
1490,669,13,2,-4.20943021774292,-0.0011697769,0.00023022652,False,663,0.0003544330538716167,0.0002456283546052873,0.0015088081127032638
1492,319,6,2,-5.842998027801514,0.0005564213,-0.0014790631,True,338,-0.00038281441084109247,-0.0013231373159214854,-0.0010951615404337645
1492,514,10,2,-5.231953144073486,-0.0074962233,0.0037520982,False,537,-0.003188075963407755,0.0017158507835119963,0.006344394758343697
1492,849,16,2,-5.6771650314331055,0.00039134978,0.0025933075,True,810,0.004068422131240368,-0.00504755973815918,0.01131793949753046
1492,851,17,2,-3.6763453483581543,0.00051160814,-0.00078338146,False,874,0.0009258079808205366,-0.0017764377407729626,0.0014072561170905828
1493,163,3,2,-3.8064050674438477,-7.3227886e-05,-0.007046175,False,198,-0.0004274272941984236,0.001463665976189077,-0.008864040486514568
1493,809,16,2,-5.445096969604492,0.0059796525,-0.009841356,True,844,-0.0031993675511330366,-0.0022273731883615255,-0.016793005168437958
1494,339,6,2,-4.2974534034729,0.006977348,0.0024623012,False,349,0.0022978782653808594,0.0013713741209357977,-0.003588543040677905
1494,953,19,2,-4.467264175415039,0.0029323483,-0.000746336,False,963,0.0002248764067189768,-0.0007144069531932473,-0.0027394010685384274
1495,569,11,2,-5.884535312652588,0.0017943669,0.0006427574,True,571,-0.002203979529440403,-0.0005680751637555659,-0.002787513891234994
1495,651,13,2,-5.952531814575195,-0.005362406,0.012479964,True,650,-0.003487806301563978,0.0003737449587788433,0.01398081798106432
1496,430,8,2,-3.7133328914642334,0.0010421037,-0.0008529329,False,416,0.0016175794880837202,0.0007930374122224748,-0.001070494530722499
1496,824,16,2,-5.507582664489746,0.007995224,-0.0089563755,True,822,-0.009322433732450008,-0.00892733596265316,-0.017346695065498352
1498,541,10,2,-4.829538822174072,-0.0018329143,0.00058309553,False,502,0.0021579170133918524,0.0026334095746278763,0.001940517220646143
1498,742,14,2,-5.855286598205566,0.002379341,-0.000584774,True,739,-0.0037138748448342085,0.0023545168805867434,-0.009032506495714188
1500,567,11,2,-5.142196178436279,-0.006175499,0.0015538312,False,577,0.0018630314152687788,0.010117712430655956,-0.0005253506824374199
1500,711,14,2,-5.9742536544799805,-0.0021328926,0.012849675,True,747,-0.0036338805221021175,0.001077346852980554,0.010271339677274227
1508,312,6,2,-5.464798450469971,0.007931585,-0.0026830102,True,335,0.005173311103135347,0.003726215334609151,-0.009167499840259552
1508,733,14,2,-5.9742536544799805,-0.0030308343,0.01585313,True,747,-0.001312150969170034,0.0023359584156423807,0.01523585431277752
1509,327,6,2,-5.721468448638916,-0.0005354881,-0.00017154694,False,338,0.004344005603343248,-0.001178636564873159,0.005886583589017391
1509,331,6,2,-4.769217014312744,-0.010747089,-0.0025371076,False,325,-0.003325929632410407,-0.010214891284704208,0.015098942443728447
1509,404,8,2,-4.653063774108887,0.0014605713,0.0011121273,False,408,0.0019489956321194768,-0.001035823835991323,0.0026363753713667393
1509,738,14,2,-5.8387250900268555,0.0017524147,0.0021256541,True,701,0.0032940770033746958,-0.0013828944647684693,0.00505021121352911
1510,333,6,2,-5.650223255157471,0.0002780056,-0.004031286,False,-1,,,
1510,691,13,2,-5.800796031951904,0.000718956,0.0018038272,True,657,-0.0012536526191979647,0.002267503645271063,-0.0024362849071621895
1511,341,6,2,-5.570423126220703,-0.007965889,-0.0013481522,False,328,-0.008490038104355335,-0.011952171102166176,0.010079870000481606
1511,482,9,2,-4.64777946472168,-0.00032608985,-0.0016666031,False,450,0.0006536960718221962,0.0005122852162458003,-0.001199102494865656
1511,825,16,2,-5.6372294425964355,0.0045612333,-0.004705286,True,822,-0.004950466100126505,-0.0027619837783277035,-0.01145500224083662
1511,853,17,2,-3.774097442626953,0.002181177,0.0019552421,False,888,0.0006527185323648155,-0.00295848841778934,0.0033852721098810434
1513,814,16,2,-5.959145545959473,0.0002556896,0.0024309636,True,835,-0.005454864352941513,0.0007234382792375982,-0.004003028851002455
1513,965,19,2,-3.192272186279297,0.0033604908,0.0019669533,False,951,-0.0003357267414685339,-0.0028732777573168278,0.001144013600423932
1514,805,16,2,-5.9742536544799805,-0.0050096796,0.016425485,True,836,0.0,0.0010032081045210361,0.02043195627629757
1514,972,19,2,-3.582606554031372,0.004790001,-0.006511831,False,989,0.00030533314566127956,-0.00703010568395257,-0.003966393414884806
1518,21,0,2,-3.3589696884155273,0.0002857876,0.0013567066,False,34,0.0009644555975683033,-0.0009256029152311385,0.0029609776102006435
1518,833,16,2,-5.634762763977051,0.0011766148,0.006121254,True,828,0.0013624763814732432,0.004314689431339502,0.001992426346987486
1520,297,5,2,-3.6635870933532715,0.00095291616,-0.0012668467,False,273,0.0037451505195349455,0.0010192585177719593,0.000506129115819931
1520,624,12,2,-4.506844997406006,0.013363104,0.006107302,False,634,0.0031713962089270353,-0.006885643117129803,0.0028012371622025967
1522,366,7,2,-4.26230001449585,0.0023383617,0.0001804924,False,376,0.001516151474788785,-0.0001105213159462437,-0.0005311964778229594
1522,702,14,2,-5.9742536544799805,-0.005348921,0.0034703445,True,707,-0.003010597312822938,-0.0030045032035559416,0.008813170716166496
1532,613,12,2,-5.865297794342041,-0.0009449959,0.0016601848,False,603,0.0008614539983682334,0.0005221939063630998,0.0029444408137351274
1532,744,14,2,-5.9483561515808105,-0.0030183792,0.0083568,True,735,0.0005669307429343462,0.0036434554494917393,0.008298655040562153
1532,794,15,2,-3.8275880813598633,-3.3464432e-05,0.0008587551,False,758,-0.002754321089014411,-0.00011047840234823525,-0.0017516231164336205
1532,821,16,2,-5.894096851348877,0.0008867359,-0.0016031361,True,840,0.0011542129795998335,0.00023967743618413806,-0.0015753365587443113
1534,314,6,2,-3.4584522247314453,-0.00095217227,-0.006470008,False,-1,,,
1534,618,12,2,-4.2566680908203125,-0.0051668547,0.0035069562,False,633,0.0012599659385159612,0.008216275833547115,0.0017175013199448586
1536,442,8,2,-4.547308921813965,-0.00042194367,0.0009268761,False,407,0.006255607586354017,-0.0001586151192896068,0.007763042114675045
1536,689,13,2,-3.9414989948272705,0.010889964,-0.015694031,False,679,0.003976917359977961,0.0033946179319173098,-0.026001695543527603
1538,693,13,2,-3.93275785446167,0.006960163,0.007370744,False,679,-0.0003954315325245261,0.0054427385330200195,-0.005427589174360037
1538,713,14,2,-4.37381649017334,0.0066410447,2.9354096e-05,False,726,0.0005823993706144392,0.0032957077492028475,-0.009324999526143074
1538,727,14,2,-5.807187557220459,0.0027982425,0.0033967972,True,747,0.001216030097566545,0.001063709263689816,0.0007508755661547184
1538,843,16,2,-5.420461177825928,0.0026477529,-0.0032865237,False,828,0.006656160578131676,0.003643026342615485,-0.0029211423825472593
1547,156,3,2,-5.0799760818481445,-0.0013537311,0.0027797222,False,166,0.0027947521302849054,-0.006746454164385796,0.0136746596544981
1547,304,6,2,-3.5904483795166016,-0.009565277,0.0024074793,False,337,0.005638933274894953,0.011172442696988583,0.006439246702939272
1547,571,11,2,-5.936306953430176,-0.0009821701,0.0064220903,True,558,-0.010168132372200489,0.0028235435020178556,-0.005587415769696236
1547,610,12,2,-4.442280292510986,0.009335851,-0.0047221757,False,640,-0.004184179473668337,-0.0008853149483911693,-0.017356891185045242
1547,724,14,2,-5.971307277679443,-0.004155159,0.00037255287,True,740,-0.005166521295905113,0.005623931996524334,-0.006262741517275572
1547,831,16,2,-5.9742536544799805,-0.006799917,0.0018078136,True,840,0.0008116340613923967,-0.0008335494785569608,0.010252914391458035
1550,334,6,2,-3.8160157203674316,0.0011776543,-0.008317614,False,307,0.00028145790565758944,-0.008522882126271725,-0.0006909286603331566
1550,343,6,2,-5.925459384918213,0.00048872945,0.0014417553,True,338,-0.001802682876586914,-0.00010948181443382055,-0.0007401751354336739
1550,649,12,2,-5.077081680297852,-0.0097534945,-0.0041505336,False,625,0.005659942515194416,-0.008692855946719646,0.01995575986802578
1550,810,16,2,-5.9742536544799805,-0.0072606085,0.005576973,True,840,-0.001929159159772098,0.002112426795065403,0.008795995265245438
1551,271,5,2,-2.2906346321105957,0.0012774849,0.0016165924,False,-1,,,
1551,622,12,2,-3.4211950302124023,-0.0025570393,0.0023760463,False,-1,,,
1552,152,3,2,-2.2991180419921875,-0.00050757884,-0.0034144162,False,-1,,,
1552,801,16,2,-4.318512916564941,0.0016721535,-0.008020306,False,834,0.005777750164270401,0.0006525707431137562,-0.004567279946058989
1553,340,6,2,-4.9102349281311035,0.017068882,-0.0028406715,False,330,0.00557706831023097,-0.0011395550100132823,-0.013192929327487946
1553,595,11,2,-5.43153715133667,-0.0036465644,-0.0075722407,False,573,0.003008670872077346,-0.004988269880414009,0.004071264527738094
1555,321,6,2,-5.961437225341797,-0.0035492228,0.015943145,True,332,-0.0016699599800631404,-0.0011317443568259478,0.01895415410399437
1555,607,12,2,-5.9742536544799805,-0.0026245404,0.003147936,True,603,0.00030544280889444053,-0.00036073685623705387,0.006438655778765678
1556,251,5,2,-4.305095195770264,-0.0032659054,0.0039203074,False,258,-0.004700822755694389,-0.0037681960966438055,0.006253586150705814
1556,318,6,2,-4.806889533996582,-0.00030100823,-0.0075089457,False,330,0.005703277420252562,-0.0021372605115175247,0.0006326008588075638
1559,316,6,2,-4.835296630859375,-0.010379276,0.00069455145,False,311,0.0008367538684979081,0.01061980240046978,0.001290779560804367
1559,543,10,2,-4.274466037750244,0.0010072899,-0.0024243165,False,528,-0.005312442779541016,-0.002228383906185627,-0.006515664979815483
1560,107,2,2,-4.629859447479248,-0.0036736012,-0.0009393883,False,139,0.0015692519955337048,0.002139186952263117,0.002164277946576476
1560,257,5,2,-3.1287083625793457,0.00021068573,-1.0313987e-05,False,279,0.006678576581180096,0.005712852347642183,0.0007447245297953486
1560,719,14,2,-4.565881729125977,0.015448361,-0.0032995415,False,746,0.014469165354967117,0.0007829189416952431,-0.005061655305325985
1560,813,16,2,-5.163697719573975,0.0081476215,-0.0076161004,False,828,0.004997196141630411,-0.001044959994032979,-0.009721565991640091
1562,441,8,2,-3.326601505279541,-0.0039888574,-0.003491559,False,439,-0.001998095540329814,0.004925360903143883,-0.006426158361136913
1562,837,16,2,-5.333178520202637,0.010408163,0.0073183347,False,806,-0.0008188342908397317,-0.003159322775900364,-0.0007493398152291775
1564,264,5,2,-3.206603527069092,0.0038130903,-0.0003407097,False,279,0.004955959506332874,0.007134199142456055,-0.006332039833068848
1564,605,12,2,-4.058787822723389,-0.0037673758,0.004108815,False,642,0.0036870765034109354,0.004728975240141153,0.006834292784333229
1567,298,5,2,-2.8753135204315186,0.000407691,0.0020374584,False,274,0.006517129018902779,-0.010106286965310574,0.018253182992339134
1567,674,13,2,-3.224008083343506,-0.008581099,-0.0015341616,False,676,1.926422191900201e-05,-0.008534188382327557,0.01560039073228836
1570,32,0,2,-4.015727519989014,-0.0050380756,0.0025539685,False,10,0.0014130973722785711,-0.0019396591233089566,0.010944800451397896
1570,825,16,2,-5.9742536544799805,-0.008227682,0.0072989273,True,819,-0.0017455386696383357,0.0074365995824337006,0.006344471126794815
1572,336,6,2,-4.547978401184082,-0.0025113202,0.001502018,False,311,0.013116426765918732,0.0055449772626161575,0.011584787629544735
1572,823,16,2,-5.7776594161987305,-0.002472477,-0.0022027874,True,819,-5.634308035951108e-05,0.006444444879889488,-0.006231098435819149
1573,221,4,2,-3.6577112674713135,-0.0023745918,-0.0040376233,False,204,0.00033952711964957416,-0.00010180473327636719,-0.0012216996401548386
1573,705,14,2,-4.680747985839844,0.010001268,0.00088999746,False,721,0.0010259055998176336,-0.004909992218017578,-0.0031753722578287125
1581,706,14,2,-4.476982116699219,0.0027901267,0.0003730774,False,746,0.009674902074038982,-0.004132098983973265,0.011389951221644878
1581,844,16,2,-5.161170482635498,0.003990116,0.00014998436,False,800,-0.011125431396067142,0.009113741107285023,-0.024079304188489914
1582,31,0,2,-3.7984261512756348,0.0004388714,-0.00021033287,False,46,-0.0005176830454729497,-0.0005692815757356584,-0.0005976057145744562
1582,373,7,2,-3.3164875507354736,0.00085631845,0.0009769201,False,395,0.0031881951726973057,0.003791108028963208,-0.0004823111812584102
1582,822,16,2,-5.9742536544799805,-0.004054966,0.008636303,True,826,6.225585821084678e-05,-0.0005131530924700201,0.013266677968204021
1582,848,16,2,-5.436174392700195,0.009979191,0.0075402926,True,828,0.0007233333308249712,0.004677572287619114,-0.006393137853592634
1583,305,6,2,-3.6525380611419678,0.0047347783,0.0047691204,False,309,0.001439647632651031,-0.008047404699027538,0.009521394968032837
1583,608,12,2,-5.130529880523682,-0.00675869,0.0033763505,False,644,-0.006505279336124659,0.0016133785247802734,0.002016383223235607
1585,208,4,2,-5.308047771453857,-0.0040071392,0.001753254,False,210,0.00014669419033452868,-0.004454755689948797,0.010361842811107635
1585,627,12,2,-5.393698692321777,0.008040638,0.0111910915,False,601,-0.005703096278011799,0.008791055530309677,-0.011343698017299175
1586,459,9,2,-4.071785926818848,0.0012564468,-0.00058706285,False,470,-0.0032582045532763004,-0.0007207298185676336,-0.004380984231829643
1586,836,16,2,-5.738007545471191,0.0014914036,-0.0008973217,True,832,0.0014005756238475442,0.003405170515179634,-0.004393320530653
1587,294,5,2,-4.285229206085205,-0.0058528613,0.002961893,False,286,-0.001972942380234599,-0.0028831863310188055,0.009724997915327549
1587,809,16,2,-5.751307010650635,0.00267169,-1.4505386e-05,True,806,-0.0012053776299580932,0.009952192194759846,-0.013843764550983906
1591,328,6,2,-5.732078552246094,0.0019296646,0.0016906166,True,322,0.0038326168432831764,0.00604218477383256,-0.0024486160837113857
1591,620,12,2,-5.931044101715088,-0.00066231727,0.0032011033,True,617,-0.0006688499706797302,-0.0007250976632349193,0.00391966849565506
1596,48,0,2,-4.155689716339111,0.00048764228,0.0017829799,False,42,-0.0006020450382493436,0.0056808278895914555,-0.0049875350669026375
1596,835,16,2,-5.912100791931152,0.0012430572,0.012594185,True,826,0.0007138347718864679,0.007007179316133261,0.005057782866060734
1597,678,13,2,-3.7200021743774414,0.00839983,0.001531477,False,665,-0.0008528375765308738,0.0036836625076830387,-0.0114048533141613
1597,841,16,2,-5.818717956542969,0.0023447608,0.005353613,True,826,-0.000295505509711802,0.0033069895580410957,-0.0005936429370194674
1599,197,3,2,-3.4123003482818604,0.0018862295,0.0039287996,False,158,0.0021114349365234375,-0.0010582399554550648,0.0052122450433671474
1599,337,6,2,-3.0326430797576904,0.014121256,-0.0019757606,False,323,-0.010183277539908886,0.0023360825143754482,-0.028616376221179962
1601,506,10,2,-3.3207552433013916,0.003022647,-0.003407097,False,548,0.0011282681953161955,-0.0055842590518295765,0.00028278306126594543
1601,817,16,2,-5.776456832885742,-0.0007004929,0.00059935567,True,819,0.0018379974644631147,-0.003198909806087613,0.0063367560505867004
1602,297,5,2,-3.619943618774414,0.0030175447,-0.0057039023,False,261,-0.001408963231369853,-0.0022849608212709427,-0.007845449261367321
1602,690,13,2,-3.770698308944702,0.0017808294,-0.0034164286,False,655,0.006293649785220623,0.004821090493351221,-0.003724698442965746
1604,243,4,2,-4.388652801513672,-0.001040144,0.0014762306,False,215,-0.00016418457380495965,0.0010803985642269254,0.0012717912904918194
1604,632,12,2,-3.05854868888855,0.013007636,0.0023613644,False,630,-0.0057649328373372555,-0.006960506550967693,-0.009450698271393776
1604,736,14,2,-5.582690715789795,-0.007033167,0.0026467515,False,728,-0.0027556992135941982,0.004008579067885876,0.0029156398959457874
1604,804,16,2,-4.889667510986328,0.0032246208,-0.006334114,False,815,0.002676849253475666,-0.003168830880895257,-0.003713054582476616
1610,314,6,2,-3.8412606716156006,-0.001722517,-0.005202327,False,309,-0.0029599189292639494,-0.005488472059369087,-0.0009512568358331919
1610,340,6,2,-5.012537002563477,0.0012604141,-0.0056034853,False,324,0.015652809292078018,0.0030009460169821978,0.005787963978946209
1610,597,11,2,-5.954062461853027,-0.0057658674,0.0025156213,True,558,0.0,0.0036415194626897573,0.004639969207346439
1610,838,16,2,-5.9742536544799805,-0.0013847542,0.0036205386,True,826,0.0020464612171053886,0.006317396182566881,0.0007343576289713383
1617,593,11,2,-4.830009460449219,-0.009640961,-0.0051707746,False,575,0.0021147155202925205,0.0019288635812699795,0.004656038247048855
1617,715,14,2,-5.0843825340271,-0.00090037344,0.0030193902,False,711,-0.0026498795486986637,-0.002361297607421875,0.003631181549280882
1620,321,6,2,-4.8656229972839355,0.019950276,-0.0008374405,False,330,-0.0028627014253288507,0.0006644058157689869,-0.024314822629094124
1620,860,17,2,-4.289323806762695,-0.00050623895,0.00024349213,False,864,0.0015870284987613559,-0.003219165839254856,0.00555592542514205
1621,560,11,2,-5.263636112213135,0.0008508587,-0.0011783981,False,584,-0.009351825341582298,0.0033060931600630283,-0.014687174931168556
1621,724,14,2,-5.842157363891602,0.002146721,0.0006010437,True,747,-0.0027066993061453104,0.006046619266271591,-0.010298995301127434
1622,193,3,2,-4.539651393890381,-0.001071806,-0.0010491848,False,189,0.006082267966121435,-0.002863597823306918,0.008968486450612545
1622,448,8,2,-3.870783567428589,-0.00073939323,-0.004511161,False,445,-0.0026645518373697996,-0.001067252131178975,-0.005369067192077637
1622,589,11,2,-5.314935207366943,-0.009949398,0.006328392,False,567,-0.00727985380217433,-0.004678325727581978,0.013676261529326439
1622,808,16,2,-5.747354030609131,-0.0034287835,3.6001205e-05,True,826,0.0023045253474265337,0.009288311004638672,-0.0035190011840313673
1623,254,5,2,-4.940406799316406,-0.009278259,-0.00013959885,False,252,-0.005329170264303684,-0.0055509088560938835,0.009360399097204208
1623,577,11,2,-4.966829776763916,-0.0041944887,0.002411709,False,555,0.001208715490065515,0.0006489467341452837,0.007165966555476189
1627,466,9,2,-3.1208465099334717,0.001937542,-0.001442275,False,465,0.0014256000285968184,-0.0009358310489915311,-0.0010183861013501883
1627,829,16,2,-5.308042526245117,0.00787098,-0.008105602,True,814,0.011915731243789196,-7.367134094238281e-05,-0.003987179137766361
1628,599,11,2,-4.272683620452881,0.0032801342,0.00038492202,False,588,-0.002719554817304015,0.008626827970147133,-0.014241594821214676
1628,726,14,2,-4.797378063201904,-0.010818596,-0.0012350369,False,721,-0.005211143288761377,0.004435262642800808,-6.284750998020172e-05
1628,743,14,2,-4.245700359344482,-0.0057652188,0.007342577,False,720,0.0002805900585372001,-0.0023395537864416838,0.01572793908417225
1628,823,16,2,-5.957150936126709,-0.003681879,0.013582268,True,826,-0.00018044472381006926,0.012238645926117897,0.004845055751502514
1632,366,7,2,-3.8499743938446045,0.0071539925,0.0008975029,False,364,0.001184926019050181,0.00015655993774998933,-0.005228123627603054
1632,583,11,2,-5.187169551849365,-0.0069539165,-0.0062696743,False,586,0.005205182824283838,0.007924680598080158,-0.002035255543887615
1633,683,13,2,-4.669846057891846,-0.007339182,-0.005864744,False,685,0.009058904834091663,-0.0033008765894919634,0.013834219425916672
1633,734,14,2,-5.158738613128662,0.004985361,0.0012372684,False,729,-0.0017624759348109365,0.004609508439898491,-0.010120077058672905
1637,368,7,2,-3.3586926460266113,-0.0045406343,0.0005680036,False,396,0.0012373781064525247,-0.0016651296755298972,0.008011145517230034
1637,828,16,2,-4.982605934143066,0.0024163818,0.0030649186,False,833,0.001823587459512055,-0.001164026209153235,0.003636150388047099
1638,663,13,2,-3.633594274520874,0.012814441,-0.0065166093,False,655,0.005748586729168892,0.0015495920088142157,-0.015132054686546326
1638,701,14,2,-5.765775203704834,0.0029757214,-0.0010579014,True,728,-0.0033031178172677755,-0.0012647152179852128,-0.006072025280445814
1643,294,5,2,-4.206736087799072,0.0015398789,-0.0017220974,False,282,-0.0010164928389713168,-0.004840059205889702,0.0005615898407995701
1643,806,16,2,-4.950209617614746,0.01120059,0.005758314,False,833,0.006299066357314587,-0.00523717887699604,0.006093969102948904
1644,327,6,2,-5.440748691558838,0.0075409506,-0.009606218,True,300,0.006837320514023304,0.003762864973396063,-0.014072712510824203
1644,374,7,2,-3.5523416996002197,0.00081106665,0.0011278152,False,396,0.0010348367504775524,-0.0010735893156379461,0.002425174694508314
1644,842,16,2,-5.728049278259277,-0.007554026,-0.0039780806,False,849,-0.0031201839447021484,0.007359771523624659,-0.0069040097296237946
1644,931,18,2,-4.318130016326904,-0.0015299607,-0.0020225907,False,941,0.00030439376132562757,-0.00026665686164051294,7.842056220397353e-05
1646,242,4,2,-3.831036329269409,-0.0056091547,0.000731287,False,226,0.002759866649284959,-0.0001867103565018624,0.009287018328905106
1646,307,6,2,-4.157582759857178,0.0017907429,0.00321465,False,309,-0.01140561606734991,0.0015205955132842064,-0.01150230411440134
1646,705,14,2,-4.392165660858154,0.008946952,0.011380248,False,721,0.0035761166363954544,-0.0007394981221295893,0.006748910062015057
1646,840,16,2,-5.79055118560791,0.0025801181,0.0018409825,True,819,-0.005644426215440035,0.005470361560583115,-0.011853923089802265
1648,296,5,2,-5.546651363372803,0.008552046,0.00045899392,True,266,-0.0014373778831213713,-0.0007889366243034601,-0.00874149240553379
1648,680,13,2,-5.468085289001465,-0.0074435617,-0.0058828928,False,654,-0.004952707327902317,0.000700292584951967,-0.0040923310443758965
1650,305,6,2,-3.628995418548584,0.0032313585,-0.011084938,False,346,-0.0027217911556363106,-0.0031331635545939207,-0.013904924504458904
1650,333,6,2,-5.9742536544799805,-0.0039626216,0.0007785511,True,338,-0.0007592391921207309,0.0024796677753329277,0.0015022656880319118
1650,703,14,2,-4.531678676605225,-0.0022618962,-0.0051382924,False,732,0.0017453957116231322,-0.003929166588932276,0.002798166126012802
1650,742,14,2,-5.9742536544799805,0.0,0.0036061478,True,707,-0.0013500499771907926,0.010175371542572975,-0.00791927333921194
1650,805,16,2,-4.841491222381592,0.0065884017,0.00046107292,False,815,-0.0019208240555599332,0.004727792926132679,-0.012775945477187634
1650,809,16,2,-5.219809532165527,0.010078306,0.0026783466,False,849,0.00010972023301292211,0.0014538002433255315,-0.008744039572775364
1652,301,6,2,-5.830117225646973,-0.009286156,0.0023467445,False,319,-0.0033866786397993565,0.005017757415771484,0.0032284650951623917
1652,561,11,2,-3.316809892654419,-0.0054605627,0.0013896989,False,-1,,,
1652,615,12,2,-4.067591190338135,0.010166063,-0.0008181858,False,611,-0.009707927703857422,-0.01577073149383068,-0.004921444691717625
1652,801,16,2,-5.042422294616699,-0.006457882,0.00052908895,False,849,0.00276012415997684,0.0010625743307173252,0.008684520609676838
1654,26,0,2,-5.781553745269775,0.003757391,0.0016632366,True,29,-0.0009025573963299394,-0.00025315285893157125,-0.0027435587253421545
1654,124,2,2,-4.435879230499268,-0.004044409,-0.00028528215,False,147,-0.002307729795575142,-0.0013694096123799682,0.0028208065778017044
1654,332,6,2,-5.918298721313477,0.00097022054,0.00027931214,True,302,-0.004698696080595255,0.007834034040570259,-0.013223637826740742
1654,572,11,2,-4.7236552238464355,0.004568634,-0.0016920567,False,550,-0.00010750770888989791,0.008192205801606178,-0.014560405164957047
1655,253,5,2,-3.944833755493164,0.00063384534,-0.0035483837,False,289,-0.002687044208869338,-0.004525118041783571,-0.0023441549856215715
1655,312,6,2,-5.090147972106934,0.009408312,0.0031825446,False,331,0.0011865710839629173,-0.009706850163638592,0.004667653702199459
1655,520,10,2,-4.728323459625244,-0.0042998027,-0.0059739016,False,547,0.006675472483038902,0.004263171926140785,0.0007382016628980637
1655,661,13,2,-3.659414529800415,-0.012891355,-0.0071432544,False,660,-0.0032860327046364546,0.010608439333736897,-0.008146371692419052
1656,349,6,2,-4.34368371963501,0.007969723,0.003559742,False,345,-0.003310299012809992,0.00620283605530858,-0.013923116028308868
1656,526,10,2,-4.235841274261475,0.0007812977,0.0013495064,False,542,-0.004257459659129381,0.0005436515784822404,-0.00423290254548192
1659,642,12,2,-4.188360691070557,-0.005816436,-0.00074653624,False,611,-0.010297084227204323,-0.015076360665261745,0.009849175810813904
1659,664,13,2,-3.1293163299560547,0.0020946693,0.0034798575,False,697,0.0017366695683449507,0.001127266907133162,0.0019945907406508923
1662,569,11,2,-5.9742536544799805,-0.0045253467,0.000135746,True,590,-0.005873212590813637,0.00039695738814771175,-0.0016090776771306992
1662,602,12,2,-5.201523303985596,0.004687805,0.0030543231,False,612,0.004182710777968168,0.005298967473208904,-0.002749738749116659
1662,708,14,2,-5.71909761428833,-0.012043733,0.0044402885,False,702,0.004322690889239311,0.002757749520242214,0.0180489644408226
1662,977,19,2,-3.992318630218506,0.00091495516,-0.0020770454,False,985,0.0005550527712330222,0.00016910076374188066,-0.002606048481538892
1665,344,6,2,-5.897231578826904,-0.006766815,-0.0011513042,False,313,0.00028697014204226434,-0.001083106966689229,0.006985587999224663
1665,594,11,2,-5.410523891448975,0.003693943,0.0018094063,False,554,8.795738540356979e-05,-0.0016294479137286544,-0.00016713130753487349
1666,824,16,2,-5.881462097167969,-0.003111372,0.0008641148,True,810,-8.58306884765625e-06,0.0004244995070621371,0.003542404156178236
1666,990,19,2,-4.355836391448975,-0.0015402507,-0.0015218735,False,987,0.0018290519947186112,-0.0008587932679802179,0.002706222701817751
1667,546,10,2,-2.4324519634246826,0.004013672,-0.005234661,False,511,0.00023211479128804058,-0.0029104806017130613,-0.0061057377606630325
1667,843,16,2,-5.364075660705566,0.0021582604,-0.01211834,False,826,0.01255843136459589,-0.009692163206636906,0.007973995059728622
1668,575,11,2,-4.746993541717529,0.001510458,0.002152033,False,557,-0.013424396514892578,-0.005030508153140545,-0.007752313278615475
1668,694,13,2,-4.0398268699646,0.0032700158,0.0051123668,False,693,-0.005799508187919855,0.0014632701640948653,-0.005420427769422531
1671,351,7,2,-3.373889207839966,0.0028028488,0.0006998444,False,358,-0.0006011963123455644,-0.0010400533210486174,-0.0016641473630443215
1671,608,12,2,-5.688964366912842,-0.013593903,0.00478199,False,621,0.0034062957856804132,-0.0018962192116305232,0.023678407073020935
1672,623,12,2,-5.895617485046387,-0.006163082,-0.00036925316,True,637,-0.003479595296084881,0.0004276657127775252,0.0018865680322051048
1672,675,13,2,-5.488776206970215,-0.0011776733,-0.001393404,False,650,0.008847990073263645,0.005033531226217747,0.0035987282171845436
1675,534,10,2,-5.517521381378174,-0.0059055137,0.00029125213,False,513,0.007284412160515785,0.002262125024572015,0.011219052597880363
1675,538,10,2,-4.455810546875,0.0085965255,0.00060738565,False,541,-1.029014583764365e-05,-0.00034342764411121607,-0.0076560028828680515
1675,597,11,2,-5.929239749908447,-0.0018096733,-0.0009002781,True,571,-0.001612701453268528,0.0019452094566076994,-0.0026485156267881393
1675,617,12,2,-5.945859909057617,-0.001049242,0.0040590954,True,607,-0.0017211055383086205,0.003219709498807788,0.0001675221137702465
1678,347,6,2,-5.511129379272461,0.0076508615,-0.003717041,True,319,0.00406444538384676,-0.005191497970372438,-0.0021119583398103714
1678,668,13,2,-3.7922203540802,-0.0046168375,0.009853082,False,686,-0.0033160734456032515,0.003256950294598937,0.007896896451711655
1678,730,14,2,-5.544493675231934,-0.0027505492,0.011716166,False,747,0.0002446365251671523,0.011334857903420925,0.0033764932304620743
1678,841,16,2,-5.295098304748535,0.010179958,0.0037107181,False,821,0.009777164086699486,-0.004566860385239124,0.00787478405982256
1679,22,0,2,-3.9124362468719482,0.0041070986,0.000103135106,False,42,0.0011004209518432617,0.001458349172025919,-0.004361891653388739
1679,580,11,2,-4.278970718383789,-0.0021212674,0.0010010052,False,562,-0.0033189058303833008,0.006179423537105322,-0.006376057397574186
1680,418,8,2,-3.672244071960449,0.0015204,-0.0017232561,False,426,0.0029682063031941652,-0.0006371736526489258,0.0003617238253355026
1680,698,13,2,-4.388071537017822,-0.010832267,-0.0008964062,False,669,-0.001145162619650364,0.002524747746065259,0.0062659503892064095
1683,740,14,3,-5.493603706359863,0.008292551,-0.0062364005,True,748,0.005475187208503485,-0.0024291134905070066,-0.00662465114146471
1684,123,2,2,-2.646674633026123,0.0013381338,-0.00078318594,False,131,-0.002462201053276658,-0.0007225036388263106,-0.003861017059534788
1684,837,16,2,-4.546520709991455,0.007065601,-0.0072115897,False,815,0.0032597826793789864,-0.0039431191980838776,-0.00707428902387619
1688,667,13,2,-4.496658802032471,0.0011347294,-0.0051734066,False,659,-0.0023571394849568605,-0.0035374260041862726,-0.005127849522978067
1688,831,16,2,-5.228148460388184,0.011347485,-0.0038795185,True,844,0.000858144776429981,-0.0035818482283502817,-0.010787010192871094
1689,405,8,2,-3.744584083557129,-0.00150208,-0.0018710756,False,424,0.0014916944783180952,-0.0025528669357299805,0.003675566054880619
1689,736,14,2,-4.987605571746826,0.005143366,-0.0013380242,False,709,0.0012738227378576994,-0.0012344836723059416,-0.003973083570599556
1693,315,6,2,-5.213595390319824,-0.0094736675,0.0020067692,False,342,0.009737873449921608,-0.003248767927289009,0.02446707710623741
1693,325,6,2,-5.007852077484131,-0.0038113594,-0.004845915,False,300,0.00640135770663619,-0.0021106719505041838,0.007477473933249712
1693,640,12,2,-5.056272029876709,-0.01044857,0.005525761,False,600,0.0027484893798828125,-0.00126788136549294,0.019990701228380203
1693,828,16,2,-4.572144985198975,0.011307163,-0.0032682419,False,815,0.0024791909381747246,-0.0019954585004597902,-0.010100755840539932
1693,855,17,2,-4.609131336212158,0.0001972103,0.0016548156,False,893,-0.00266888621263206,-0.0010691166389733553,-0.0001421642955392599
1693,973,19,2,-3.7922165393829346,0.0003383255,0.0023039626,False,995,-0.001545000122860074,0.0016532326117157936,-0.0012325956486165524
1707,703,14,2,-4.776115894317627,-0.00432909,-0.00751317,False,744,0.013515605591237545,9.253501775674522e-05,0.010238990187644958
1707,838,16,2,-5.324336051940918,0.007121334,-0.01120346,True,844,0.0014722251798957586,0.0038712788373231888,-0.020723847672343254
1709,520,10,2,-5.022036075592041,-0.005245609,-0.0019022751,False,501,0.0006676960038021207,-0.004702129401266575,0.008713159710168839
1709,735,14,2,-5.384158134460449,0.010205049,-0.0019547176,True,748,0.0028019333258271217,-0.008889121934771538,-0.00046871136873960495
1710,345,6,2,-3.897413730621338,0.0048654936,-0.0031509972,False,-1,,,
1710,486,9,2,-4.747735977172852,-0.0025587082,-0.00016109466,False,485,0.0007494354504160583,0.0013457966269925237,0.0018012523651123047
1710,558,11,2,-5.6023430824279785,0.003796692,0.0041913986,True,556,-0.011999435722827911,-0.0071820165030658245,-0.004422712605446577
1710,901,18,2,-4.030527591705322,-0.0022100497,0.00087028026,False,923,-0.002095284406095743,0.002117304829880595,-0.0011322591453790665
1713,829,16,2,-5.385684013366699,0.009291449,-5.7296755e-05,True,833,-0.011014128103852272,-0.01121816597878933,-0.009144707582890987
1713,870,17,2,-4.067051887512207,-0.0020421029,0.0022030927,False,891,-0.0010095215402543545,0.001035184832289815,0.002200489165261388
1714,316,6,2,-4.396461486816406,0.005732174,-0.00082880975,False,334,-0.0032614993397146463,0.0037311362102627754,-0.013553619384765625
1714,738,14,2,-5.526901721954346,0.0004554367,-0.006091614,False,707,0.003934802953153849,-0.0038121796678751707,0.001199931837618351
1715,326,6,2,-5.119772434234619,0.0070426273,0.014104805,False,324,-0.0030454539228230715,0.008126020431518555,-0.004109296482056379
1715,603,12,2,-5.865971088409424,-0.0014978313,0.0035037517,True,607,-0.0011542605934664607,0.0037968731485307217,5.0449278205633163e-05
1716,310,6,2,-3.0101561546325684,-0.0047503426,-0.00018758774,False,337,0.0034927939996123314,-0.006000685505568981,0.014056233689188957
1716,629,12,2,-3.066725969314575,-0.0011756372,-0.0040032864,False,-1,,,
1719,327,6,2,-5.92109489440918,-0.0018486119,0.0071920585,True,306,-0.0022740268614143133,0.0021755981724709272,0.004591045435518026
1719,352,7,2,-3.8510208129882812,0.0021037913,-0.0011345434,False,380,0.002173476153984666,7.839203135517891e-06,-0.0010726978071033955
1719,620,12,2,-5.886752605438232,0.0006100464,-0.00090352056,False,648,-0.004161243326961994,0.004021730273962021,-0.009696540422737598
1719,641,12,2,-4.5517897605896,0.016266633,-0.004094353,False,646,0.0014465141575783491,0.0007867622189223766,-0.019701233133673668
1721,578,11,2,-4.114386558532715,-0.008479442,-0.0013266563,False,562,0.002496910048648715,0.009510708041489124,0.00013898825272917747
1721,802,16,2,-4.227261543273926,-0.0055936193,-0.0042486573,False,816,-0.007198047824203968,0.003966770134866238,-0.00981985591351986
1722,59,1,2,-3.9589428901672363,-0.0006777859,0.00036646368,False,66,0.0009631729335524142,-0.001016588183119893,0.0030240106862038374
1722,843,16,2,-5.950441837310791,-0.012756548,0.00034672738,True,826,-0.011064939200878143,0.006143274251371622,-0.004104937426745892
1724,320,6,2,-4.588450908660889,-0.007482624,-0.004145298,False,311,0.000638828263618052,0.0026659679133445024,0.0013101864606142044
1724,587,11,2,-5.346794605255127,-0.0036042214,-0.004912281,False,584,-0.0045045469887554646,0.0061051081866025925,-0.011917714029550552
1727,758,15,2,-3.788670778274536,-0.0013609362,-0.00062623975,False,791,-0.00745860580354929,-0.00258512026630342,-0.004138788674026728
1727,832,16,2,-5.9742536544799805,-0.0056105135,0.005147743,True,822,-0.0013959789648652077,0.0043965051881968975,0.00496577238664031
1728,443,8,2,-3.455329418182373,-0.0038154554,0.0019555234,False,415,-0.0032856750767678022,0.0010601186659187078,0.0014251847751438618
1728,842,16,2,-5.957813262939453,-0.0051265145,-0.00019064904,True,822,-0.003077926579862833,0.004341812338680029,-0.002483873628079891
1731,549,10,2,-5.9742536544799805,-0.0024695015,0.0040318584,True,527,-0.0032012462615966797,0.0010481643257662654,0.0022519491612911224
1731,613,12,2,-5.626317501068115,0.006958723,0.007687454,True,607,0.005325050558894873,0.005716018844395876,0.0003377627581357956
1731,614,12,2,-1.7740389108657837,0.0006319404,-0.003742237,False,-1,,,
1731,812,16,2,-3.748352289199829,0.0049811127,0.00033785345,False,803,-0.0021163271740078926,0.0079697510227561,-0.014729337766766548
1732,98,1,2,-4.106695652008057,0.0010185624,0.00064766884,False,60,0.0006433582166209817,-0.0014210700755938888,0.0016935347812250257
1732,657,13,2,-5.322304725646973,0.012112208,-0.0067201136,True,653,0.0005428409785963595,0.0003927898360416293,-0.018682271242141724
1734,572,11,2,-5.1408538818359375,-0.008381385,-0.005463724,False,555,-0.006124057807028294,-0.000570592877920717,-0.0026358035393059254
1734,689,13,2,-4.44533109664917,0.0041750334,0.00043008805,False,673,-0.0047699930146336555,0.0022765255998820066,-0.010791463777422905
1735,836,16,3,-5.773187160491943,0.0037492085,-0.0028183747,True,814,-0.008175267837941647,0.0131599809974432,-0.02790283039212227
1736,332,6,2,-5.519056797027588,0.008119984,0.00064499857,True,318,-0.0024415208026766777,0.001147193950600922,-0.01106369961053133
1736,537,10,2,-5.6998515129089355,-0.0052881716,-0.00080266,False,531,0.004097833763808012,0.0005377578781917691,0.008045587688684464
1736,569,11,2,-5.9742536544799805,-0.0019923686,0.005931816,True,581,-5.5761338444426656e-05,0.000679769495036453,0.007188653573393822
1736,688,13,2,-5.735986709594727,0.0041768267,-0.00076865195,True,662,-0.0034412669483572245,0.0003483581531327218,-0.008735103532671928
1738,195,3,2,-4.865530967712402,0.0049840547,0.0009680653,False,172,-0.006372442469000816,-0.001907777739688754,-0.00848065409809351
1738,728,14,2,-5.952785015106201,-0.0025456334,0.0018600845,True,739,-0.0019999314099550247,0.002227506600320339,0.0001782798208296299
1740,203,4,2,-4.6135101318359375,0.0023165895,-0.0023056697,False,231,-0.002426204737275839,0.003336620284244418,-0.010385083965957165
1740,322,6,2,-5.947475910186768,-0.011504335,0.0010713387,False,319,-0.008057870902121067,-0.0001215744050568901,0.0046393778175115585
1743,266,5,2,-5.402344226837158,0.0041789818,-0.002819748,False,256,-0.0006250667502172291,0.0060448553413152695,-0.01366865262389183
1743,626,12,2,-5.952786922454834,-0.0072569754,0.0027774905,True,637,-0.0003794860967900604,0.00032020569778978825,0.009334774687886238
1744,368,7,2,-3.333627223968506,0.00010057926,-0.00060141087,False,358,-0.0003469371877145022,0.0010767984203994274,-0.0021257256157696247
1744,825,16,2,-5.9742536544799805,-0.015831327,0.0016962719,True,826,-0.007304659113287926,0.0031944846268743277,0.007028454914689064
1745,418,8,2,-3.774773359298706,-1.4066696e-06,0.0034576796,False,422,0.002456021262332797,-0.000710554129909724,0.006625661626458168
1745,810,16,2,-5.483304023742676,0.00897254,-0.008460551,True,813,0.0028351498767733574,0.002681131474673748,-0.017279071733355522
1746,576,11,2,-4.139428615570068,0.0077504446,0.0019880105,False,550,-0.0006093406700529158,-0.004583387169986963,-0.0017883875407278538
1746,635,12,2,-3.533721685409546,-0.0048791124,-0.003935561,False,630,-0.0023850775323808193,0.001968326512724161,-0.0034098527394235134
1747,305,6,2,-3.9879794120788574,0.004291191,-0.005868082,False,314,-0.0006633186130784452,-0.011576385237276554,0.000753793865442276
1747,732,14,2,-4.836520195007324,0.0004662609,0.007663231,False,744,0.0030196476727724075,0.0038403605576604605,0.006376257166266441
1748,82,1,2,-3.6952033042907715,0.0012093353,0.0006333542,False,64,0.0018358230590820312,0.0012702036183327436,-1.036166213452816e-05
1748,309,6,2,-4.668707847595215,-0.011770696,0.0054320716,False,321,0.010687150992453098,-0.013190212659537792,0.041080132126808167
1748,346,6,2,-4.08343505859375,-0.0077020694,-0.0016593551,False,314,3.641128569142893e-05,-0.012933607213199139,0.019012732431292534
1748,989,19,2,-3.9587533473968506,-0.0007544279,-0.0027633428,False,972,0.0009240627405233681,0.0018951367819681764,-0.002979988930746913
1751,336,6,2,-4.783204555511475,-0.007837086,0.0031764125,False,321,0.011978235095739365,-0.01566879265010357,0.038660526275634766
1751,808,16,2,-5.662190914154053,0.00031946183,-0.00043844222,True,822,-0.004804382100701332,0.0021119690500199795,-0.007674255408346653
1754,313,6,2,-5.638358116149902,0.0022124958,-0.0043824576,True,341,-0.003753233002498746,0.011177539825439453,-0.021525725722312927
1754,559,11,2,-5.912136554718018,-0.003842411,-0.0011751556,True,556,-0.008266878314316273,0.003745327005162835,-0.009344949387013912
1755,596,11,2,-5.940743923187256,-0.00074214936,0.0038655854,True,581,0.00045902252895757556,0.009228506125509739,-0.004161748569458723
1755,604,12,2,-5.3455047607421875,0.0052495194,-0.003972111,False,644,-0.007550468668341637,-0.0063986205495893955,-0.010373478755354881
1756,338,6,2,-5.246267318725586,0.01031807,-0.00035310746,True,328,0.008790245279669762,-0.0038486861158162355,0.00196775421500206
1756,365,7,2,-3.143454074859619,-0.00017528057,-0.0044663,False,395,-0.0041377306915819645,0.001731610274873674,-0.010160360485315323
1756,602,12,2,-5.41322660446167,-0.005726757,-0.0020184612,False,638,-4.241943315719254e-05,0.0066163730807602406,-0.0029504967387765646
1756,706,14,2,-3.709083080291748,0.010667868,0.000637269,False,714,0.007403593044728041,0.0025780487339943647,-0.005205054767429829
1757,809,16,3,-4.927480697631836,0.003075323,-0.0034967042,False,805,-0.004496173933148384,-0.004446506500244141,-0.006621694657951593
1758,130,2,2,-3.5465047359466553,0.0025289296,0.001359396,False,125,-0.0003747701703105122,-0.002342653227970004,0.0007983493851497769
1758,819,16,2,-5.9742536544799805,-0.005142584,0.0111954305,True,822,-0.004564981441944838,0.003255662973970175,0.00851737055927515
1759,12,0,2,-3.239816427230835,0.0031081296,-0.0006122828,False,24,-0.0030417824164032936,0.00036695002927444875,-0.0071291448548436165
1759,300,6,2,-5.024642467498779,0.0060569667,-0.0025996398,False,321,0.007428951095789671,-0.009673490189015865,0.00844583474099636
1759,608,12,2,-5.653957843780518,0.0009752941,-0.0051465607,False,648,0.0032192706130445004,-0.006719579920172691,0.0038169962354004383
1759,844,16,2,-5.21125602722168,0.004405098,0.0024427318,False,805,-0.007333459798246622,-0.001510028843767941,-0.007785797119140625
1760,601,12,2,-4.043900489807129,0.005304041,0.003024416,False,609,0.003709011012688279,0.0010101699735969305,0.00041921623051166534
1760,655,13,2,-3.7866640090942383,0.00015674591,0.0053148125,False,686,-0.005083456169813871,-0.0009713029721751809,0.0010459134355187416
1761,272,5,2,-5.344056606292725,0.003252182,-0.0027214242,False,293,-0.0034564591478556395,0.003312015440315008,-0.012742080725729465
1761,583,11,2,-5.929174423217773,-0.002816496,-0.00090158463,True,581,0.0009467792697250843,0.007555732503533363,-0.004694041796028614
1764,48,0,2,-4.000997543334961,0.0011916828,-0.0013149262,False,10,-0.0006297874497249722,0.0015486287884414196,-0.004685025196522474
1764,631,12,2,-4.874410152435303,-0.008882904,0.0021558572,False,625,-0.002499170368537307,0.009653815999627113,-0.0011142250150442123
1765,304,6,2,-2.9964170455932617,0.0024519062,-0.01165278,False,308,0.002937598153948784,-0.0016342544695362449,-0.009532833471894264
1765,806,16,2,-5.471659183502197,-0.019398442,-0.0028010083,False,814,0.005497913341969252,0.004906368441879749,0.01718897745013237
1766,333,6,2,-5.9742536544799805,-0.00031492233,0.0026649,True,319,-0.0035350609105080366,0.0005827617715112865,-0.0011380005162209272
1766,590,11,2,-5.971258163452148,-0.0008084965,0.0037456132,True,554,-0.010110798291862011,0.00587977422401309,-0.01143646240234375
1770,259,5,2,-5.646056175231934,-0.006871653,0.0030485059,False,268,0.0019421195611357689,-0.002076320583000779,0.013938598334789276
1770,588,11,2,-4.31198787689209,-0.0036440468,0.0055655288,False,550,-0.0039051342755556107,-0.00404263474047184,0.00934707559645176
1770,696,13,2,-5.487229824066162,0.0075848387,-0.003188076,False,671,-0.0024392413906753063,0.0015438556438311934,-0.01475601177662611
1770,817,16,2,-5.723820209503174,0.003540945,0.0044262693,True,826,0.0035666751209646463,-0.003870372660458088,0.00832237210124731
1771,723,14,2,-5.729263782501221,-0.00095820427,0.0052305986,False,748,-0.0013045024825260043,0.005934619810432196,-0.0010503195226192474
1771,824,16,2,-5.8423566818237305,0.0026379395,0.00056817057,True,822,0.0011442089453339577,-0.0007773017860017717,-0.00014825817197561264
1772,303,6,2,-3.0097970962524414,0.009263139,-0.0063946676,False,308,0.006898360326886177,-0.004177150782197714,-0.004582295194268227
1772,331,6,2,-5.132736682891846,0.007594519,-0.0028669739,False,321,-0.0008638096041977406,-0.004732637200504541,-0.006592664867639542
1772,530,10,2,-4.664564609527588,-0.002893114,-0.0029521275,False,532,-0.006169815082103014,0.004488659091293812,-0.010717487893998623
1772,701,14,2,-5.6130051612854,0.0012270832,-0.004825058,True,746,-0.011802759021520615,-0.009063596837222576,-0.008791303262114525
1772,800,16,2,-4.830570220947266,-0.004032936,0.011240444,False,834,-0.007979640737175941,-0.011992731131613255,0.019286470487713814
1772,861,17,2,-4.286131381988525,-0.0016263485,0.00015908241,False,869,0.0010336303384974599,-0.003460683859884739,0.006279745139181614
1773,71,1,2,-3.5093936920166016,-0.0007712889,-0.00013433934,False,56,-0.0018278742209076881,0.002345180604606867,-0.0035361051559448242
1773,833,16,2,-5.905648708343506,-0.006199074,-0.0013720989,True,840,-0.004598312545567751,0.0015771961770951748,-0.0013485336676239967
1776,320,6,2,-4.823665618896484,-0.0057160663,-0.004097557,False,349,-0.005176105536520481,0.00527673726901412,-0.008834333159029484
1776,335,6,2,-5.000575065612793,0.008976936,0.0047491933,False,349,-0.005176105536520481,0.00527673726901412,-0.014680584892630577
1776,551,11,2,-4.399648189544678,0.0031028748,0.0022890281,False,550,-0.0059508513659238815,-0.0013957977062091231,-0.0053689004853367805
1776,707,14,2,-5.605197906494141,-0.0014847374,0.0054055788,False,739,0.004097566474229097,0.005927104968577623,0.00506077753379941
1779,514,10,2,-5.223514080047607,0.0034063244,0.004091644,False,534,0.005195846781134605,0.001767435111105442,0.004113731440156698
1779,620,12,2,-5.844498157501221,0.0017146206,0.00073858263,True,606,-0.01370162982493639,0.006440496537834406,-0.0211181640625
1781,560,11,2,-5.974090576171875,-0.005905771,0.0012417793,True,554,-0.0012481975136324763,0.010017595253884792,-0.004118242301046848
1781,595,11,2,-5.482748985290527,0.0064130877,-0.0023947812,True,589,-0.002341947518289089,0.004767284262925386,-0.0159171000123024
1781,694,13,2,-4.100265026092529,-0.0096169235,-0.007335806,False,661,-0.002621502848342061,-0.008806314319372177,0.008465928956866264
1781,735,14,2,-5.059860706329346,0.008349266,0.0009972858,False,734,0.0008127784822136164,0.0007101821829564869,-0.007249383721500635
1782,21,0,2,-3.199854850769043,0.0013221216,-0.00064487936,False,44,0.00020328997925389558,0.00012942790635861456,-0.0018931389786303043
1782,342,6,2,-5.412639617919922,-0.00312356,0.0029618358,False,321,-0.007779235951602459,0.0029567622113972902,-0.004650602117180824
1782,605,12,2,-4.646154880523682,0.005757685,-0.003517332,False,646,-0.002185068093240261,-0.0028496456798166037,-0.008610439486801624
1782,843,16,2,-5.742908477783203,0.00030945777,0.004697485,True,822,0.0007891845889389515,-0.0003374195075593889,0.005514631047844887
1785,285,5,2,-4.933566093444824,0.003901882,-0.00025312425,False,283,0.0005890274187549949,-0.0023208523634821177,-0.0012451265938580036
1785,562,11,2,-3.6700873374938965,0.0025141335,-7.405281e-06,False,591,0.003923211246728897,0.00473816879093647,-0.0033364961855113506
1785,578,11,2,-4.491242408752441,-0.010269489,-0.000574522,False,550,-0.004715976770967245,0.001005945261567831,0.003973045386373997
1785,711,14,2,-4.197354316711426,0.006014147,0.0024988651,False,725,0.0028671836480498314,-1.3017654055147432e-05,-0.0006350805051624775
1787,403,8,2,-2.543341875076294,-0.0012285614,-0.00044421674,False,413,-0.0018344783456996083,-0.002729973755776882,0.0016798400320112705
1787,821,16,2,-5.4514641761779785,0.006776018,0.00082455634,True,835,-0.00561150535941124,0.004654998891055584,-0.016217965632677078
1788,312,6,2,-4.200162410736084,0.016512146,-0.00866147,False,311,-0.0028264522552490234,0.0050017642788589,-0.03300183266401291
1788,433,8,2,-4.333620548248291,0.0005379486,0.0026879692,False,440,-0.00040277480729855597,7.465362432412803e-05,0.0016725921304896474
1789,685,13,2,-4.460190773010254,0.005920067,-0.0034260368,False,682,0.007096548099070787,0.0012688827700912952,-0.0035184379667043686
1789,782,15,2,-4.40959358215332,-0.0020577908,0.00249506,False,798,0.00017403603123966604,-0.0019281101413071156,0.006654996424913406
1790,316,6,2,-4.144659519195557,0.008985252,-0.0044318964,False,307,-0.00036695480230264366,-0.00045507430331781507,-0.013329029083251953
1790,526,10,2,-3.997525930404663,0.0032394456,0.001982212,False,528,0.001985530834645033,-0.0056004999205470085,0.0063287969678640366
1790,689,13,2,-4.61695671081543,0.0003570366,-0.016477985,False,683,0.0033740997314453125,0.009136524051427841,-0.02259744703769684
1790,838,16,2,-5.958996772766113,-0.007181511,0.0055640126,True,840,-0.007180757354944944,0.001969957258552313,0.0035948092117905617
1794,642,12,2,-4.052200794219971,-0.0016313839,-0.0026806165,False,609,-0.004245872609317303,0.005021190736442804,-0.010316296480596066
1794,727,14,2,-5.599328994750977,0.0074984934,-0.006857691,True,742,0.00351995462551713,0.007476244121789932,-0.018312474712729454
1794,804,16,2,-5.083573341369629,0.010522881,0.005680666,False,841,-0.002891378477215767,-0.0013976764166727662,-0.006335916928946972
1794,998,19,2,-5.113833904266357,-0.0010902786,-0.001974306,False,982,-0.003034524852409959,-0.001332940999418497,-0.002585611306130886
1797,577,11,2,-4.6519646644592285,0.0023947526,-0.00215168,False,599,-0.0010755539406090975,0.0037739849649369717,-0.009395971894264221
1797,673,13,2,-4.530675411224365,-0.0050172424,-0.0069587138,False,683,0.004045610316097736,0.004562034737318754,-0.0024578957818448544
1801,269,5,2,-5.7625579833984375,0.002489233,0.0015077495,True,275,0.0015113353729248047,-0.004204807337373495,0.004734659567475319
1801,317,6,2,-5.769410133361816,-0.005872326,0.00760273,False,302,-0.002508459147065878,-0.004848537500947714,0.015815135091543198
1802,161,3,2,-4.400445938110352,-0.0023841285,0.0016559982,False,194,0.0013886737870052457,0.001780233345925808,0.0036485670134425163
1802,724,14,2,-5.79975700378418,0.0018071079,0.009898329,True,717,0.0010282230796292424,-0.0024752712342888117,0.01159471645951271
1807,150,3,2,-3.052643299102783,-0.0046402216,-0.0021468734,False,152,-0.002258296124637127,-0.00031023978954181075,0.0005452919285744429
1807,842,16,2,-5.579535961151123,0.007894354,0.00041154862,True,822,0.002999210264533758,-0.006415338721126318,0.0019317436963319778
1808,14,0,2,-4.628933429718018,-0.0004834461,-0.002347269,False,9,0.0022335052490234375,0.001805315027013421,-0.0014356328174471855
1808,556,11,2,-5.713225364685059,0.0050755595,0.0037373258,True,598,0.0013019276084378362,-0.003970413003116846,0.003934106789529324
1810,337,6,2,-3.7756974697113037,-0.012172346,0.0054078056,False,348,-0.005298009142279625,-0.016858339309692383,0.02914048172533512
1810,805,16,2,-5.206762790679932,-0.0011709118,-8.714676e-05,False,849,-0.0045333001762628555,0.005845813546329737,-0.009295348078012466
1818,301,6,2,-5.538196086883545,-0.0043904115,-0.0022019958,False,347,0.004261484369635582,-0.004884453024715185,0.011334354057908058
1818,457,9,2,-3.533862590789795,0.00032078265,-0.00041600704,False,471,-0.0004427623644005507,-0.0008307170937769115,-0.000348834932083264
1818,593,11,2,-4.9619927406311035,0.008651943,0.0035824012,False,553,0.00830517802387476,0.002675294876098633,0.000560341402888298
1818,655,13,2,-3.2923367023468018,0.0115068145,0.0032718515,False,674,-0.0046243383549153805,0.002134461421519518,-0.014993762597441673
1818,813,16,2,-5.969138145446777,-0.0057820226,0.001189661,True,831,-0.00746125215664506,-0.001329612685367465,0.0008400436490774155
1818,937,18,2,-3.995659589767456,0.0010602999,-0.0019662618,False,901,-0.0013111162697896361,0.0005100774578750134,-0.004847755655646324
1822,662,13,2,-5.84691047668457,-0.00013896942,0.0017649079,True,687,-0.0025139714125543833,0.0020470619201660156,-0.0026571559719741344
1822,748,14,2,-5.406215667724609,0.0054353904,0.0026169873,True,742,0.010745163075625896,0.008115863427519798,-0.00018910341896116734
1824,333,6,2,-5.679382801055908,0.0016406631,-0.0046586418,True,328,-0.005733700003474951,-0.005288200452923775,-0.006744804326444864
1824,681,13,2,-5.864293575286865,-0.0004034996,-0.0008197594,True,695,0.0032502745743840933,0.0012090206146240234,0.0016249942127615213
1831,338,6,2,-5.541955947875977,-0.0042817877,-0.0008276081,False,340,-0.006089086644351482,-0.006693592295050621,0.004058685153722763
1831,557,11,2,-5.260538578033447,0.002453146,0.0027502251,False,586,-0.004462842829525471,0.007410488091409206,-0.011576252058148384
1832,132,2,2,-4.117295265197754,-0.0017491245,0.0015410042,False,140,-0.001501112012192607,0.00047847747919149697,0.00131053919903934
1832,335,6,2,-4.707547664642334,0.008067923,-0.00032934188,False,349,0.0013198470696806908,0.0018686961848288774,-0.008946113288402557
1836,629,12,2,-3.6721086502075195,-0.0037609197,-0.0034565353,False,630,-0.005580744706094265,-0.0042586419731378555,-0.001017718343064189
1836,844,16,2,-4.614470481872559,0.015746288,0.0070280363,False,815,0.00030473709921352565,-0.0025949859991669655,-0.005818529054522514
1837,230,4,2,-4.854410171508789,-0.0046648313,-0.0025571822,False,211,-0.0017668151995167136,-0.0005183219909667969,0.0008591559017077088
1837,554,11,2,-5.343535423278809,0.010071516,-0.001892376,False,586,0.00030393601628020406,0.009274005889892578,-0.020933961495757103
1838,223,4,2,-3.7464845180511475,-0.00024797439,0.0040025283,False,237,-0.0002173376124119386,0.0003881645097862929,0.0036450005136430264
1838,640,12,2,-4.335766792297363,0.008784504,-0.0039046383,False,624,-0.011608166620135307,0.002163686789572239,-0.02646099403500557
1841,536,10,2,-3.6310269832611084,-0.0032830762,0.0011962748,False,517,-0.0005386352422647178,0.0011907101143151522,0.0027500055730342865
1841,840,16,2,-5.803224563598633,0.0020497227,-0.0026251888,True,831,-0.0023374652955681086,-0.003877773182466626,-0.00313460361212492
1844,486,9,2,-4.68311882019043,0.0027144337,-0.0024340916,False,493,-0.00105339998845011,-0.002233219100162387,-0.003968706354498863
1844,608,12,2,-5.353560447692871,0.008715877,0.00798173,False,649,-0.0004629325994756073,-0.0012770747998729348,7.99945555627346e-05
1846,628,12,2,-2.5170342922210693,0.0063930657,-0.005153303,False,-1,,,
1846,669,13,2,-4.361326694488525,-0.008222074,0.008729872,False,682,0.0037056540604680777,-0.001620874390937388,0.022278474643826485
1847,704,14,2,-3.538543224334717,-0.0025398636,0.004628811,False,737,0.002166137797757983,-0.00708398362621665,0.01641879603266716
1847,848,16,2,-4.727293491363525,-0.0020691967,0.0013855457,False,815,-0.0009904289618134499,-0.004261779598891735,0.006726093124598265
1849,64,1,2,-3.519519567489624,0.0019237613,0.001366868,False,72,0.002205700846388936,-0.0013582229148596525,0.0030070305801928043
1849,343,6,2,-5.172562599182129,0.01059886,-0.0021650218,False,306,0.004106855485588312,-0.004770088009536266,-0.0038869380950927734
1849,626,12,2,-5.9506425857543945,0.00038083075,0.006889677,True,637,-7.18784358468838e-05,0.005336341913789511,0.0011006258428096771
1849,696,13,2,-5.473508834838867,0.0013474274,0.0072364043,False,691,0.003435478312894702,-0.003763866377994418,0.013088321313261986
1851,727,14,3,-5.9726033210754395,-0.006869135,0.011138172,True,740,-0.0035938930232077837,0.006686983164399862,0.007726429961621761
1853,147,2,2,-4.498006820678711,0.0022780227,0.0004766083,False,134,0.0006843948503956199,0.0014989853370934725,-0.0026160050183534622
1853,199,3,2,-3.9504494667053223,-0.0026074743,-0.003203802,False,163,-0.0021244429517537355,-0.002140374155715108,-0.0005803965032100677
1853,302,6,2,-5.9742536544799805,-0.0040871813,0.0009150124,True,319,-0.0005825424450449646,0.0001823902130126953,0.004237261135131121
1853,703,14,2,-4.878159046173096,0.0050052167,0.011800976,False,713,0.0006993293645791709,0.0057990835048258305,0.001696004532277584
1854,314,6,2,-4.547601699829102,0.005541058,0.011794086,False,348,-0.016311917454004288,0.003911152016371489,-0.013970041647553444
1854,667,13,2,-5.310032367706299,-0.0057044886,-0.00079252245,False,650,-0.007450094446539879,-0.00492643378674984,0.0023883054964244366
1856,300,6,2,-5.239659309387207,-0.0017038154,-0.0060043144,False,315,-0.004965038504451513,0.0039856624789536,-0.013251200318336487
1856,658,13,2,-5.229264259338379,-0.008808861,0.0033267974,False,671,0.004943647421896458,-0.0002105236053466797,0.01728982850909233
1858,344,6,2,-5.814000129699707,0.0013268947,-0.0022773743,True,327,-0.003190374467521906,0.0008891677716746926,-0.007683811243623495
1858,572,11,2,-5.8370466232299805,-0.006210098,-9.869575e-05,False,596,-0.0007431507110595703,0.00100653653498739,0.004361714702099562
1861,254,5,2,-4.854511260986328,-0.0052314852,-0.0016520023,False,256,0.00306561472825706,0.0020529269240796566,0.004592170938849449
1861,305,6,2,-4.065329074859619,0.006998825,0.0060416553,False,345,0.0034630298614501953,0.0013159513473510742,0.0011899089440703392
1861,455,9,2,-3.9161298274993896,-0.003590274,0.00016438008,False,476,0.002542905742302537,0.0016002702759578824,0.004697289317846298
1861,715,14,2,-4.398560047149658,0.016186742,0.0034789944,False,710,0.004437561146914959,-0.006121549755334854,-0.002148636616766453
1864,232,4,2,-5.118771553039551,-0.0001272583,0.0029828358,False,245,0.0002221584290964529,0.0026663970202207565,0.000665855361148715
1864,654,13,2,-5.621119976043701,0.006969614,0.0042403317,True,691,0.0003122234484180808,0.0004634761717170477,-0.002880535088479519
1865,316,6,2,-3.992048978805542,0.0070264004,-0.0039727734,False,345,0.0038407754618674517,0.0013230704935267568,-0.008481469005346298
1865,631,12,2,-4.319042682647705,0.009529658,0.0030085372,False,611,0.005777692887932062,0.002833147067576647,-0.0035765748471021652
1866,189,3,2,-4.569397449493408,0.009039946,-0.0016250706,False,193,-0.0011027812724933028,0.0034263802226632833,-0.015194177627563477
1866,746,14,2,-5.9586639404296875,-7.3719025e-06,0.0018168354,True,708,-0.0032393932342529297,0.004219188820570707,-0.005634374916553497
1867,543,10,2,-4.4422807693481445,-0.0013610935,-0.0029793645,False,516,-0.002796392422169447,0.0061629582196474075,-0.01057762186974287
1867,673,13,2,-5.3106865882873535,-0.016812896,0.003937855,False,650,-0.007348565850406885,-0.0030607508961111307,0.016462936997413635
1868,578,11,2,-4.777454853057861,-0.0054731844,0.004700842,False,584,0.002317504957318306,-0.003421773901209235,0.015913305804133415
1868,806,16,2,-5.346864223480225,0.006063547,0.013580656,False,835,-0.006202831398695707,0.0020284843631088734,-0.0007142070680856705
1869,317,6,2,-4.877408981323242,0.012858238,-0.005821266,False,315,0.0014750290429219604,0.003618431044742465,-0.020822905004024506
1869,841,16,2,-5.885854244232178,-0.012751217,0.00029392244,False,831,0.0014210224617272615,0.001080474816262722,0.01338568702340126
1872,641,12,2,-5.141521453857422,-0.01039115,0.0060292054,False,619,0.002247285796329379,0.002856416627764702,0.015811223536729813
1872,825,16,2,-5.311459064483643,0.0077911853,0.0073893927,False,835,-9.231567673850805e-06,0.0004792499530594796,-0.0008902741246856749
1873,51,1,2,-4.214824199676514,0.0007566166,-0.0008256722,False,60,-0.00142583844717592,-7.133484177757055e-05,-0.002936792327091098
1873,330,6,2,-5.9742536544799805,-0.006125441,0.003669262,True,328,-0.005091638769954443,0.0075726318173110485,-0.002869567833840847
1875,685,13,2,-5.230671405792236,-0.011366434,-0.005179396,False,665,0.002275762613862753,0.00584101676940918,0.0026217843405902386
1875,738,14,2,-5.00967264175415,0.008016653,0.0016184807,False,745,0.004180860705673695,-0.004814377054572105,0.0025970651768147945
1879,414,8,2,-3.856647491455078,0.00012575627,0.00044513703,False,446,-0.0011500692926347256,0.0001180458057206124,-0.0009487343486398458
1879,670,13,2,-4.286429405212402,-0.01144928,-0.0026827145,False,682,0.005826187320053577,-0.012803221121430397,0.027395974844694138
1880,309,6,2,-4.607834815979004,-0.006805172,0.014229956,False,349,-0.00022920608171261847,-0.0003343391290400177,0.021140260621905327
1880,813,16,2,-5.605588912963867,0.007373295,0.0019289207,True,817,-0.003737697610631585,-0.005221119150519371,-0.003960952162742615
1882,155,3,2,-2.5406227111816406,-0.0037965537,-0.0049715806,False,181,-0.0006272888276726007,0.0019854498095810413,-0.0037877655122429132
1882,849,16,2,-4.752330303192139,0.0031208992,-0.0015717506,False,815,-0.0025804138276726007,1.0175705028814264e-05,-0.007283239625394344
1883,244,4,2,-4.138768672943115,0.00015978813,0.001813221,False,202,0.0012164973886683583,-0.0014390468131750822,0.004308977164328098
1883,563,11,2,-5.31945276260376,-0.008746824,0.0041616154,False,573,-0.0015213966835290194,-0.005422391928732395,0.016809435561299324
1884,296,5,2,-4.814122676849365,0.00262784,-0.0009149456,False,263,-0.0006012916564941406,0.001728057861328125,-0.005872135050594807
1884,322,6,2,-5.709991455078125,-0.0012956619,-0.00027682303,False,347,-0.0026212597731500864,0.01616072654724121,-0.01776314713060856
1884,336,6,2,-4.805473327636719,-0.0011280823,0.008059072,False,349,0.0022745132446289062,0.002570724580436945,0.008890943601727486
1884,564,11,2,-5.9742536544799805,0.0,0.0012797547,True,581,-0.0035838603507727385,0.006776066031306982,-0.009080171585083008
1886,252,5,2,-5.741934776306152,-0.009149151,-0.0038456535,False,287,0.0016732788644731045,0.0044222259894013405,0.002554550301283598
1886,326,6,2,-4.332948684692383,0.0012057018,0.004956179,False,348,0.0010895156301558018,-0.001847763080149889,0.006687755696475506
1886,332,6,2,-5.787595272064209,-0.0008526897,0.00062187196,True,347,-0.0031325339805334806,0.016186103224754333,-0.017844075337052345
1886,734,14,2,-4.844961643218994,0.005744047,-0.0021351909,False,730,0.0004566955612972379,0.005722923204302788,-0.013145465403795242
1887,303,6,2,-2.8208811283111572,0.009028291,-0.0014303493,False,323,0.003524231957271695,0.008296460844576359,-0.015230869874358177
1887,821,16,2,-5.947599411010742,-0.010747261,0.0035262872,False,831,0.0007363414624705911,-0.0007363414624705911,0.015746232122182846
1888,220,4,2,-4.069528579711914,0.0043491935,-0.00017910957,False,201,0.0004025459347758442,-0.005473937839269638,0.0013481806963682175
1888,321,6,2,-5.684712886810303,-0.008157386,0.007119541,False,347,-0.002010889118537307,0.014266290701925755,-0.0010002516210079193
1888,553,11,2,-5.188701152801514,-0.00556756,-0.004808121,False,570,-0.006232051644474268,-0.0020671940874308348,-0.003405418712645769
1888,687,13,2,-5.532165050506592,0.0051594065,0.0045401575,True,650,-0.010688981972634792,0.006819877773523331,-0.018128110095858574
1889,661,13,2,-3.99194073677063,0.010629373,0.00088193896,False,672,0.0005656337598338723,0.0022094249725341797,-0.011391224339604378
1889,930,18,2,-4.689596176147461,-0.0034560966,-0.00016218185,False,949,-0.0016263771103695035,0.0030856705270707607,-0.0014181328006088734
1890,829,16,2,-5.9742536544799805,-0.011417771,0.0037263774,True,832,-0.009013824164867401,0.007669334299862385,-0.0015390096232295036
1890,978,19,2,-3.3800125122070312,-0.00010961533,0.002349739,False,959,-0.0008186483173631132,-0.0021177243907004595,0.0037584302481263876
1891,610,12,2,-4.215635776519775,0.0030234815,-0.004200525,False,646,0.006910305004566908,0.004817304667085409,-0.0051310062408447266
1891,810,16,2,-5.120913028717041,0.011555958,-0.0018086147,False,828,-0.012568588368594646,0.0036189365200698376,-0.029552096500992775
1894,109,2,2,-4.1443657875061035,0.0015527153,0.0006668949,False,110,-0.0028826617635786533,-0.002262554131448269,-0.0015059281140565872
1894,334,6,2,-4.8115620613098145,-0.003788185,-0.0022390939,False,342,0.00977527629584074,0.005213060416281223,0.006111307069659233
1894,341,6,2,-4.437852382659912,0.010599518,0.010881577,False,348,0.0021512603852897882,0.0031876086723059416,-0.0007542897947132587
1894,522,10,2,-4.080455303192139,1.50108335e-05,0.002062626,False,507,-0.00647998321801424,-0.0008712387061677873,-0.003561129327863455
1897,291,5,2,-5.546117782592773,-0.007177563,-0.0047874544,False,278,-0.0015293598407879472,0.005003499798476696,-0.004142750985920429
1897,694,13,2,-3.9994497299194336,0.009762946,-0.0058522224,False,672,-0.0017704201163724065,0.001494612661190331,-0.018880201503634453
1912,732,14,2,-4.812135696411133,-0.0040229894,-0.0014113617,False,719,-0.003246049862354994,-0.009562740102410316,0.008928317576646805
1912,842,16,2,-5.422215461730957,0.006053295,-0.00014686584,False,836,0.0009401798015460372,-0.002300090854987502,-0.00295989029109478
1914,822,16,2,-5.904817581176758,0.0013887215,0.0025880528,True,838,-0.007856312207877636,0.007527379784733057,-0.014184361323714256
1914,983,19,2,-3.6902859210968018,-0.0029314614,-0.0018131733,False,975,-0.00042154311086051166,0.0002791547740343958,0.00041759025771170855
1916,409,8,2,-4.5361433029174805,-0.003755226,-0.0011832141,False,420,0.0003689289151225239,-0.0008344745729118586,0.003775415476411581
1916,617,12,2,-5.33632755279541,0.012758522,0.002811117,True,648,0.008672647178173065,-0.0026310919784009457,0.001356334425508976
1917,344,6,2,-5.9742536544799805,-0.0005289745,0.00092961313,True,318,-0.007102069910615683,0.00790252722799778,-0.013546010479331017
1917,549,10,2,-5.572042465209961,0.0015778446,-0.0016451264,False,527,0.007598056923598051,0.00047820090549066663,0.0038968848530203104
1920,474,9,2,-3.251544237136841,-0.0013551521,-0.0011367179,False,465,-0.0037984084337949753,0.0009138488676398993,-0.004493823274970055
1920,514,10,2,-5.195217132568359,-0.000716095,-0.0055241967,False,501,0.0013208389282226562,0.004456529393792152,-0.007943792268633842
1920,688,13,2,-5.525807857513428,0.008330012,-0.0063219164,True,689,0.0004899501800537109,-0.0007590961176902056,-0.013402882032096386
1920,801,16,2,-5.791288375854492,-0.009607353,0.0041132257,True,838,-0.006761808414012194,0.007747135125100613,-0.0007883645594120026
1922,319,6,2,-5.9742536544799805,-0.00037451743,0.0,True,301,-0.0032258415594697,-0.00149987218901515,-0.0013514519669115543
1922,372,7,2,-5.4817352294921875,0.0013321304,-0.0029914284,False,363,2.3937225250847405e-06,0.002938489895313978,-0.007259654812514782
1925,512,10,2,-3.542267084121704,-0.003186431,0.0012929917,False,517,-0.0003297948860563338,0.00021085739717818797,0.003938770387321711
1925,555,11,2,-4.680181503295898,0.008983002,0.0049178884,False,580,-0.006358280312269926,-0.006245870608836412,-0.00417752331122756
1925,781,15,2,-3.480984926223755,-0.0026798295,0.0010718537,False,799,-0.00023264884657692164,0.0014748668763786554,0.0020441673696041107
1925,840,16,2,-5.9742536544799805,-0.0051366617,0.015527181,True,817,-0.004472274798899889,0.010614500381052494,0.0055770669132471085
1929,458,9,2,-3.472527503967285,0.0013684797,-0.0005782938,False,457,0.0013404750498011708,-0.000984787940979004,0.00037848937790840864
1929,833,16,2,-5.9742536544799805,-0.0019379997,0.02017292,True,817,-0.005899295676499605,0.011523790657520294,0.004687834531068802
1930,601,12,2,-3.926769971847534,0.0045747994,0.0025173235,False,635,-0.0029853915330022573,-0.011958913877606392,0.006916046142578125
1930,841,16,2,-5.9742536544799805,-0.003482046,0.0049049472,True,817,-0.005221119150519371,0.011787214316427708,-0.008621340617537498
1931,402,8,2,-4.844205856323242,0.0006227207,-0.0012615394,False,437,-0.0003610992571339011,0.00017411232693120837,-0.0024194717407226562
1931,654,13,2,-5.765122890472412,-0.0043767355,-0.0012508869,False,680,0.0032358455937355757,-0.0032567691523581743,0.00961846299469471
1932,308,6,2,-3.732180118560791,-0.0051818322,-0.005169387,False,339,-0.007733979262411594,0.008768067695200443,-0.016489602625370026
1932,865,17,2,-2.607790231704712,0.00035220146,-0.0009879256,False,-1,,,
1934,265,5,2,-5.742137908935547,-0.0065823556,0.0005676079,False,268,0.000696697214152664,0.001333208056166768,0.006513452623039484
1934,340,6,2,-5.681327819824219,0.005858517,0.00092341425,False,328,0.007294635754078627,-2.2201538740773685e-05,0.002381734549999237
1934,673,13,2,-5.134459972381592,0.00060805323,-0.002232113,False,695,0.010863704606890678,0.006695298943668604,0.0013282394502311945
1934,708,14,2,-5.760332107543945,0.0042018606,0.0004308033,True,717,-0.003975830040872097,0.00542826671153307,-0.013175154104828835
1936,182,3,2,-4.390371799468994,-0.0028114128,0.0012989998,False,188,0.0013556575868278742,0.002078151796013117,0.0033879184629768133
1936,508,10,2,-3.1270220279693604,0.009093937,0.0015390492,False,500,1.9240378605900332e-05,1.589298335602507e-05,-0.007551541086286306
1942,324,6,2,-4.098069190979004,0.009176588,-0.00085213664,False,307,0.0007300376892089844,0.00478129368275404,-0.014079980552196503
1942,471,9,2,-3.6485722064971924,7.014275e-05,0.0006025314,False,481,0.0007532835006713867,-0.0009289932204410434,0.002214665524661541
1944,725,14,2,-4.282952785491943,-0.004059143,-0.0010902977,False,709,0.005582971498370171,-0.007163314614444971,0.015715131536126137
1944,808,16,2,-5.900960922241211,-0.0029732035,-0.00056111335,True,831,0.0031535911839455366,0.00447908416390419,0.0010865970980376005
1948,438,8,2,-3.8289923667907715,0.001335125,0.00013485909,False,446,0.00020817280164919794,0.0037812422960996628,-0.0047733355313539505
1948,578,11,2,-4.561531066894531,0.00076581957,-0.005912447,False,589,0.008920269086956978,-0.003742427797988057,0.005984430201351643
1948,613,12,2,-5.142764568328857,-0.010017414,-0.0076245405,False,643,0.0002940177801065147,-0.0004992008325643837,0.0031860917806625366
1948,702,14,2,-4.770040512084961,0.0020573998,-0.0074335192,False,721,-0.0016360378358513117,-0.000658550241496414,-0.010468406602740288
1951,624,12,2,-4.316015243530273,-0.002063141,-0.000801239,False,640,0.005771474912762642,-0.006031665951013565,0.013065042905509472
1951,826,16,2,-5.848747730255127,0.0008340645,-0.0025101185,True,817,0.002407646272331476,0.0028689480386674404,-0.0038054848555475473
1955,468,9,2,-3.6163668632507324,0.0011778879,0.001992855,False,481,0.00046686173300258815,-0.0004035616002511233,0.0016853904817253351
1955,832,16,2,-5.200300693511963,0.0107985595,-0.004654131,True,805,0.00046024323091842234,0.009333696216344833,-0.02432614378631115
1959,28,0,2,-2.8621573448181152,-0.0029060887,-0.000901494,False,44,0.001786570530384779,-0.003262476995587349,0.00705364253371954
1959,749,14,2,-3.5908453464508057,0.012744269,-0.0008374548,False,705,-0.0037474774289876223,-0.0070975543931126595,-0.010231646709144115
1963,101,2,2,-4.454174518585205,0.003252201,0.00096020696,False,144,0.0022580623626708984,-0.001942863455042243,0.0019089318811893463
1963,707,14,2,-5.647578716278076,-0.009450254,0.0034880256,False,733,0.0003095912979915738,0.004561509937047958,0.008686360903084278
1965,317,6,2,-4.975156307220459,0.0011506558,0.0024137115,False,347,0.0017787932883948088,0.0048259831964969635,-0.0017841341905295849
1965,435,8,2,-4.494140625,0.0047885706,0.0008792305,False,408,0.0008929538889788091,0.004482822492718697,-0.007499208673834801
1965,594,11,2,-5.9557204246521,-0.004905605,0.0021969413,True,595,-0.003681354457512498,0.0031711577903479338,0.00025003403425216675
1965,651,13,2,-5.9742536544799805,-0.0033975507,0.0032952023,True,680,-0.0033359527587890625,0.005230197682976723,-0.0018733972683548927
1966,448,8,2,-4.42195987701416,-0.0019299507,-0.0014478493,False,408,0.0007970905280672014,0.004653243813663721,-0.00337405176833272
1966,740,14,2,-5.4694037437438965,0.008582697,0.0068048956,True,735,-0.004921541083604097,0.008187046274542809,-0.014886388555169106
1967,576,11,2,-4.340607643127441,-0.006465769,-0.0041018296,False,588,0.0015589332906529307,0.00274689681828022,0.0011759757762774825
1967,646,12,2,-3.795745611190796,0.008448482,-0.013539586,False,630,0.00012673377932514995,0.0055886125192046165,-0.027449946850538254
1968,480,9,2,-4.199644565582275,0.0010084057,0.0013405037,False,459,-0.0009569454123266041,-0.0002118206029990688,-0.0004130268353037536
1968,730,14,2,-5.244819164276123,-0.015530377,0.00303545,False,724,0.002185916993767023,-0.001070804544724524,0.021822547540068626
1970,314,6,2,-4.391235828399658,-0.006439028,-0.0013870811,False,305,-0.007079496514052153,-0.00027279852656647563,-0.0017547514289617538
1970,498,9,2,-3.511735439300537,0.001056981,-0.0009541845,False,494,0.0008521080017089844,0.0016351842787116766,-0.002794241765514016
1971,303,6,2,-2.3011057376861572,0.01013556,0.00028240203,False,-1,,,
1971,811,16,2,-3.309821128845215,0.0045355987,0.00665349,False,-1,,,
1974,335,6,2,-4.360808372497559,0.0070713996,-0.010804701,False,348,-0.0026052570901811123,-0.00015627860557287931,-0.020325077697634697
1974,428,8,2,-4.529670238494873,-0.00040031434,-0.0017022609,False,400,0.0019116115290671587,-0.0007690143538638949,0.0013786791823804379
1977,580,11,2,-4.939598083496094,-0.0051627634,-0.0077746105,False,574,0.0014130115741863847,-0.009119710884988308,0.007920876145362854
1977,661,13,2,-3.7214183807373047,0.0037343884,-0.009501552,False,677,-0.0006630801944993436,-0.008464336395263672,-0.005434684455394745
1978,336,6,2,-5.004918098449707,-0.011315728,0.0015504551,False,347,-0.0028963088989257812,0.0018986511277034879,0.008071222342550755
1978,710,14,2,-4.67363166809082,-0.0027829267,-0.01133852,False,748,0.008852090686559677,-0.004251690115779638,0.004548188298940659
1980,139,2,2,-4.920436382293701,-0.0033743954,-0.0007944584,False,122,-0.001545810722745955,0.0016262244898825884,-0.0005920983385294676
1980,316,6,2,-4.40277099609375,-0.00033776285,-0.0007587528,False,305,-0.009048270992934704,-0.0001943588285939768,-0.009274902753531933
1980,568,11,2,-2.582486867904663,0.004420352,0.00927505,False,565,0.0036722326185554266,0.0002784633543342352,0.0082484669983387
1980,575,11,2,-5.485013008117676,-0.0059720133,-0.0050461767,False,572,0.008459529839456081,0.008183660916984081,0.0012017055414617062
1980,644,12,2,-5.445013999938965,0.0042563532,0.00368289,False,648,-0.0007203197455964983,-0.0038834000006318092,0.0025896169245243073
1980,824,16,2,-4.700008869171143,0.02199375,0.0060149096,False,828,0.0013957881601527333,-0.004790134262293577,-0.009792918339371681
1984,405,8,2,-3.7240536212921143,0.002706909,-0.004020195,False,424,0.004250459838658571,0.0020644045434892178,-0.004541048780083656
1984,703,14,2,-5.181906700134277,-0.011565237,-0.00030529976,False,727,0.002016696846112609,-0.00993612315505743,0.02321275696158409
1985,282,5,2,-3.189195394515991,0.0038387347,-0.0035103464,False,297,0.009684576652944088,-0.005885219667106867,0.008220715448260307
1985,732,14,2,-5.137670040130615,-0.0077542304,-0.00090156554,False,727,0.003330717096105218,-0.010207099840044975,0.020390480756759644
1986,590,11,2,-5.510308742523193,0.0019302273,-0.0008589077,False,572,0.007605018559843302,0.006048555485904217,-0.0012326720170676708
1986,626,12,2,-5.9742536544799805,-0.008608618,7.687569e-05,True,620,-0.0074729155749082565,-0.0023781966883689165,0.0035907747223973274
1991,298,5,2,-2.7652552127838135,0.0012369442,0.0040886165,False,262,-0.0034022664185613394,0.00020159244013484567,-0.0007521866355091333
1991,555,11,2,-4.289346218109131,0.005188732,0.00072057726,False,599,-4.189491301076487e-05,0.010534468106925488,-0.015044517815113068
1991,561,11,2,-3.389052629470825,-0.010556741,0.0032157279,False,551,0.006903409957885742,-0.004575476516038179,0.025251355022192
1991,619,12,2,-5.621706962585449,-0.013013487,0.0005466366,False,637,-0.0023085784632712603,-0.0020493031479418278,0.013300848193466663
1995,713,14,2,-3.224947929382324,0.015370216,-0.0036002302,False,711,0.0032144547440111637,0.0043282462283968925,-0.020084237679839134
1995,836,16,2,-5.213358402252197,0.0063247397,-0.004756832,False,838,0.009896840900182724,0.0014880276285111904,-0.002672758884727955
1997,365,7,2,-3.4171783924102783,0.0023803473,0.005038724,False,353,0.0023975945077836514,-0.004184603691101074,0.009240575134754181
1997,831,16,2,-5.5661516189575195,0.005196638,0.00078207016,True,817,0.006132268812507391,-0.0030773449689149857,0.0047950465232133865
2002,253,5,2,-4.494119167327881,-0.0076154424,-0.00044653894,False,296,0.006466245744377375,0.007289323955774307,0.006345825269818306
2002,625,12,2,-4.814885139465332,-0.00072769163,-0.007540722,False,623,0.008793783374130726,-0.002097606658935547,0.004078359808772802
2003,605,12,2,-5.3660359382629395,-0.014793882,0.006451416,False,608,-0.014075346291065216,-0.004853382240980864,0.012023333460092545
2003,984,19,2,-4.329041004180908,-0.0022014712,-0.0042867754,False,960,0.0024999238085001707,0.0016269111074507236,-0.001212291419506073
2005,503,10,2,-4.049516677856445,0.00057100295,-0.0005049324,False,516,0.002031307201832533,0.0013828802620992064,-0.0004275083774700761
2005,577,11,2,-5.676591873168945,-0.00785717,0.0030361842,False,597,6.607055547647178e-05,0.0004231453058309853,0.010536279529333115
2006,103,2,2,-4.333469390869141,-0.0040211584,6.570816e-06,False,147,0.0021326064597815275,0.0008301258203573525,0.005330210085958242
2006,299,5,2,-4.380346775054932,0.00036816596,0.005494623,False,294,0.0011935615912079811,-0.009510249830782413,0.0158302690833807
2006,300,6,2,-5.33517599105835,0.011655578,-0.012781553,True,320,-0.002633905503898859,0.0018878841074183583,-0.028958920389413834
2006,302,6,2,-5.871380805969238,-8.460045e-05,-0.00013245583,True,330,-0.0032181930728256702,0.006009645294398069,-0.009275693446397781
2006,481,9,2,-3.680540084838867,-0.0003983736,0.0003984356,False,454,-0.0009086942882277071,0.00101089954841882,-0.0011227846844121814
2006,567,11,2,-5.512014865875244,-0.012177515,0.0006445885,False,558,0.006552915554493666,0.0024266052059829235,0.016948413103818893
2009,326,6,2,-4.369565010070801,-0.009442825,0.0032622146,False,343,-0.0040640258230268955,0.00864319782704115,-2.1848827600479126e-06
2009,550,11,2,-3.900940179824829,0.004301753,-0.007884269,False,562,-0.009111938066780567,-0.003765697591006756,-0.017532262951135635
2012,334,6,2,-5.248392105102539,-0.007477436,-0.0062337015,False,320,-0.001764974556863308,0.005750980228185654,-0.006272220052778721
2012,728,14,2,-5.929383754730225,-0.005367088,-0.0006973171,True,746,0.0010188103187829256,0.0019407939398661256,0.0037477873265743256
2016,166,3,2,-4.471407413482666,0.008232937,-0.0047747423,False,198,-0.00655118003487587,0.0008688449743203819,-0.020427703857421875
2016,707,14,2,-5.591846942901611,0.00081007957,-0.007102375,False,727,-0.001735687255859375,-0.0057219029404222965,-0.003926238510757685
2018,340,6,2,-5.951478004455566,-0.0039536287,0.007141781,True,330,-0.0032070064917206764,0.009376554749906063,-0.001488151028752327
2018,988,19,2,-5.308408260345459,0.0013548279,0.00044836997,False,958,-0.002180767012760043,-0.0002521514834370464,-0.002835073508322239
2019,693,13,2,-3.601901054382324,0.0094462205,0.0016106272,False,674,-0.01021275483071804,0.0005857324576936662,-0.01863408088684082
2019,821,16,2,-5.9742536544799805,-0.010326061,0.010970755,True,822,-0.0020995044615119696,-0.00030944825266487896,0.01950675994157791
2020,317,6,2,-4.6669206619262695,0.00871437,-0.007191124,False,346,-0.0026305580977350473,-0.005153837148100138,-0.013382215052843094
2020,434,8,2,-4.718074321746826,0.0015361595,0.0033920957,False,444,0.0003332042833790183,-0.0017378425691276789,0.00392698310315609
2020,522,10,2,-3.9440479278564453,-0.0027734565,-0.0034667682,False,526,0.0021618891041725874,0.000818758038803935,0.0006498193833976984
2020,723,14,2,-5.9742536544799805,-0.009880572,0.0,True,746,-0.00011993408406851813,0.0002594947873149067,0.009501142427325249
2022,554,11,2,-5.567569732666016,0.008133679,0.00024946211,True,558,0.00723515497520566,0.004572582431137562,-0.005221643950790167
2022,689,13,2,-5.833604335784912,-0.0058546066,0.010530805,False,653,-0.003827972337603569,-0.0006471729138866067,0.013204611837863922
2023,451,9,2,-3.8114500045776367,0.0024629259,0.00020472049,False,483,-0.0013461970956996083,0.003326692618429661,-0.006931094918400049
2023,523,10,2,-3.827075242996216,-0.007479415,-0.008852439,False,536,-0.0028348732739686966,-0.0024580718018114567,-0.0017498256638646126
2023,667,13,2,-4.398388862609863,0.011392164,0.0076874923,False,683,-0.009902562946081161,-0.008515491150319576,-0.005091743543744087
2023,668,13,2,-4.579531669616699,0.00073921203,-0.002585497,False,665,0.009241457097232342,-0.006940755993127823,0.01285750512033701
2024,319,6,2,-5.947418689727783,0.0005366993,0.004228821,True,344,-0.00024768829462118447,0.006270017474889755,-0.002825584262609482
2024,699,13,2,-5.629496097564697,0.0035134412,-0.0040343474,False,688,0.002533340360969305,0.0038873576559126377,-0.008901805616915226
2026,80,1,2,-3.2817654609680176,-0.0011252403,0.00056435587,False,89,0.0013025045627728105,0.0013235998339951038,0.0016685009468346834
2026,306,6,2,-5.254718780517578,0.004843521,-0.010668096,False,311,-0.012871751561760902,-0.0039134216494858265,-0.024469947442412376
2026,414,8,2,-4.05185079574585,-0.0015381479,9.5043186e-05,False,422,-0.00039258957258425653,-0.0017341614002361894,0.002974763046950102
2026,740,14,2,-4.909664154052734,0.0038401126,0.0024012565,False,747,0.0020455550402402878,0.002789621241390705,-0.002182922326028347
2028,145,2,2,-4.356245517730713,-0.0022176837,0.001063242,False,138,-0.00040318488026969135,-0.0017947673331946135,0.004672507755458355
2028,301,6,2,-5.572341442108154,0.005385914,-0.0033783054,True,320,-0.0003764343273360282,0.014218120835721493,-0.023358773440122604
2028,304,6,2,-3.2985806465148926,-0.00431942,-0.0066295625,False,345,0.007193670142441988,0.0019377183634787798,0.0029458091594278812
2028,641,12,2,-5.325836181640625,-0.009167309,0.0021351718,False,638,-0.008428812026977539,0.00014378548075910658,0.0027298834174871445
2028,694,13,2,-4.512868404388428,0.0015107632,0.005572605,False,683,-0.012354392558336258,-0.006056499667465687,-0.002236051019281149
2028,725,14,2,-3.947493553161621,0.003663187,0.0008768654,False,706,-0.0020893430337309837,-0.0023439216893166304,-0.002531742909923196
2028,800,16,2,-4.9289045333862305,-0.0047989176,-0.0036841678,False,840,0.006313113961368799,-0.0037683011032640934,0.011196164414286613
2028,801,16,2,-5.408117771148682,0.0015666962,-0.009430103,False,838,-0.002062893006950617,0.00529415113851428,-0.018353842198848724
2031,181,3,2,-2.6452109813690186,-0.005577407,5.4740907e-05,False,152,0.002828373806551099,-0.0028246974106878042,0.011285219341516495
2031,810,16,2,-5.070960521697998,0.00029042244,-1.1157989e-06,False,828,-0.005366945173591375,-0.0035564613062888384,-0.002102022059261799
2033,270,5,2,-5.431458950042725,-0.0024778652,-0.010855895,False,266,0.011141032911837101,-0.005646295379847288,0.008409298956394196
2033,579,11,2,-5.826813697814941,0.0004940414,-0.0029487992,True,581,-0.004443769343197346,-0.0028294562362134457,-0.005057153757661581
2037,313,6,2,-5.777719974517822,0.0018108749,0.008494215,True,322,0.0011269188253208995,0.005690984893590212,0.0021192743442952633
2037,596,11,2,-5.784260272979736,0.0011848259,-0.0037998676,False,559,-0.0014996815007179976,-0.0025569438003003597,-0.00392743106931448
2037,643,12,2,-4.965583324432373,0.0021973038,-0.0005866528,False,617,0.0007247161702252924,-0.0006102084880694747,-0.0014490317553281784
2037,989,19,2,-4.06126070022583,-0.0025179624,-0.0026872635,False,957,-0.0020350171253085136,-0.0057595157995820045,0.003555197501555085
2044,124,2,2,-4.2404704093933105,-1.7604827e-05,0.0015550042,False,111,0.001125707640312612,0.0002595329424366355,0.002438783645629883
2044,616,12,2,-5.094862461090088,0.005716019,0.001410141,False,617,-0.0019012355478480458,0.003321199445053935,-0.00952831283211708
2047,235,4,2,-4.319697856903076,0.005096531,-0.0033870412,False,238,9.513855184195563e-05,0.0008501529810018837,-0.009238586761057377
2047,829,16,2,-5.867023944854736,-0.0044581415,-0.0010998249,True,834,-0.016176195815205574,0.0010190963512286544,-0.013836975209414959
2048,259,5,2,-5.247131824493408,0.0039231777,-0.0020339012,False,254,-0.004224920179694891,-0.0041256616823375225,-0.006056337617337704
2048,563,11,2,-5.9742536544799805,-0.0044752406,0.0015716362,True,564,-0.0022586060222238302,0.003213739488273859,0.0005745314992964268
2049,144,2,2,-4.570394039154053,-0.0007025337,0.0001458454,False,104,0.0014241790631785989,0.0019127082778140903,0.00035984988790005445
2049,167,3,2,-5.345541000366211,0.0026386739,0.0015252972,False,187,0.004140176810324192,-0.0026323890779167414,0.005659189075231552
2049,315,6,2,-4.466691970825195,8.752823e-05,-0.0054984186,False,342,0.002047519665211439,0.004336986690759659,-0.007875413633883
2049,626,12,2,-5.922599792480469,0.0010330772,0.0030784607,True,648,-0.002507381374016404,-0.002009868621826172,0.0015478706918656826
2049,680,13,2,-5.456081390380859,0.008756113,0.0014672184,True,687,-0.0038527678698301315,-0.00019843102199956775,-0.010943231172859669
2049,737,14,2,-5.041831016540527,-0.007912026,0.008166295,False,721,-0.006854734383523464,0.00493963249027729,0.00428395252674818
2051,379,7,2,-4.026472568511963,-0.0024759436,-0.004123402,False,356,0.0041180322878062725,-0.0008942794520407915,0.0033648537937551737
2051,606,12,2,-5.568363666534424,0.0076251314,0.008673448,True,612,-0.014443845488131046,-0.006330413743853569,-0.00706511503085494
2054,48,0,2,-4.166543960571289,-0.00045773506,0.00090909004,False,43,0.000712547276634723,0.0009256649063900113,0.001153707504272461
2054,321,6,2,-5.7185378074646,0.0030457687,0.0018569374,True,332,-0.001313009299337864,0.0034835911355912685,-0.0059854318387806416
2054,831,16,2,-5.925388813018799,-0.0082372185,0.0005920124,True,834,-0.008746080100536346,0.003434724872931838,-0.0033515747636556625
2054,981,19,2,-5.565852642059326,0.00065099716,-0.0007302189,False,998,-0.0018613911233842373,-0.0021431732457131147,-0.001099433982744813
2057,232,4,2,-5.112177848815918,-0.0022793293,0.0013257122,False,215,-0.0010615444043651223,0.0025066279340535402,3.6869198083877563e-05
2057,675,13,2,-5.446781635284424,0.009931002,0.00030322076,True,687,-0.0013036823365837336,0.0009073352557606995,-0.01183879841119051
2059,743,14,2,-3.6644392013549805,0.003946204,0.0069855545,False,705,0.004888568073511124,-0.003716039704158902,0.01164395734667778
2059,833,16,2,-5.14810848236084,-0.0012584114,-0.0053374292,False,813,0.003695468883961439,-0.010967245325446129,0.010583696886897087
2061,151,3,2,-4.1421637535095215,-0.0029722785,0.0025759698,False,163,-0.002057743025943637,0.0014655303675681353,0.002024974673986435
2061,249,4,2,-4.59641695022583,-0.0027249241,0.002692795,False,231,-0.0008587646298110485,-0.00023756027803756297,0.004796514753252268
2061,700,14,2,-5.766158580780029,0.0024027824,0.0020532513,True,746,0.0010346508352085948,0.0004147911095060408,0.00027032854268327355
2061,712,14,2,-5.461787700653076,-0.01308527,-0.0018724537,False,719,-0.006656169891357422,0.0005867481231689453,0.003969898447394371
2062,605,12,2,-5.065699100494385,0.0054383944,0.0028484822,False,617,-0.0022395991254597902,0.006169452797621489,-0.010998964309692383
2062,736,14,2,-5.601863384246826,-0.0060662176,-0.0023895074,False,719,-0.006536178756505251,0.0022669315803796053,-0.005126400385051966
2064,309,6,2,-4.265748500823975,-0.005841422,0.0048762225,False,349,0.004451723303645849,0.006089906673878431,0.009079460985958576
2064,672,13,2,-3.6191623210906982,0.0036368133,-0.011715322,False,674,-0.001433730125427246,0.0056254006922245026,-0.022411266341805458
2065,576,11,2,-4.329171180725098,0.0029398345,-0.0021087455,False,562,-0.004819459747523069,-0.002303333254531026,-0.007564706727862358
2065,663,13,2,-5.005390644073486,-0.0046460247,-0.0015461636,False,684,-0.00027311325538903475,-8.993149094749242e-05,0.0029166792519390583
2065,709,14,2,-4.584156513214111,-0.004422102,-0.0034066963,False,734,-0.005428561940789223,0.0020921898540109396,-0.006505345925688744
2065,849,16,2,-5.281525611877441,0.0038541318,0.002706585,False,816,-0.006818790454417467,0.0008086490561254323,-0.008774986490607262
2072,314,6,2,-4.459053039550781,3.2634736e-05,0.012141934,False,341,-0.0002493476786185056,-0.0019406318897381425,0.013800583779811859
2072,817,16,2,-5.792389392852783,-0.004774122,0.00825408,False,841,0.0012470626970753074,0.010357112623751163,0.003918152302503586
2073,575,11,2,-5.836388111114502,0.0003607273,-0.0027573109,True,593,-0.0031027793884277344,0.0005039596580900252,-0.006724777165800333
2073,855,17,2,-4.2555460929870605,0.00050154683,-0.00019678115,False,892,0.0005853748298250139,2.8877258955617435e-05,-0.00014183047460392118
2075,95,1,2,-4.629913806915283,-0.0016683865,-0.00022260666,False,97,-0.00023345947556663305,0.0007663345313630998,0.0004459858173504472
2075,328,6,2,-5.441588401794434,0.002906456,-0.004153347,False,330,0.00965728797018528,0.008544854819774628,-0.005947370082139969
2075,386,7,2,-4.5792365074157715,0.0010959816,-0.000505743,False,384,-0.00012727738067042083,-0.005117692984640598,0.003388690995052457
2075,491,9,2,-4.548883438110352,-0.0003479576,0.0016243171,False,475,-0.0010073662269860506,0.0020688343793153763,-0.0011039257515221834
2075,573,11,2,-5.729569435119629,0.0048936843,-0.0019471645,True,593,-0.004122238140553236,0.001418533269315958,-0.012381620705127716
2075,621,12,2,-5.696157455444336,-0.0033551313,-0.00079470634,False,604,-0.005108966957777739,-0.0005968952318653464,-0.0019516467582434416
2077,415,8,2,-3.430121660232544,-0.0018124962,-0.007935829,False,439,-0.0012433051597326994,-0.0003240490041207522,-0.007042589597404003
2077,609,12,2,-4.138662338256836,0.006852837,0.007605877,False,646,0.006891842000186443,0.011068591848015785,-0.003423709888011217
2080,603,12,2,-5.301322937011719,-0.008924837,-0.0032787514,False,627,-0.007540903054177761,-0.003187732771039009,0.0012929155491292477
2080,707,14,2,-5.725877285003662,-0.000656147,0.0037616633,True,724,-0.005407876800745726,0.00769870774820447,-0.008688773959875107
2082,528,10,2,-4.094757556915283,-0.00346282,-0.0004698372,False,542,-0.0028842829633504152,-0.00798923522233963,0.00809793546795845
2082,670,13,2,-4.955548286437988,0.0032243538,0.004250126,False,684,-0.002548484830185771,6.446838233387098e-05,-0.001587181119248271
2082,764,15,2,-4.242222785949707,-0.00081585883,0.0006534958,False,782,-0.0037583636585623026,-0.002284030895680189,-4.9781519919633865e-06
2082,808,16,2,-5.645956993103027,0.006565933,-0.0016778088,True,813,-0.002321319654583931,-0.00042167663923464715,-0.010143384337425232
2083,325,6,2,-5.801911354064941,-0.002270794,-0.00069283484,True,331,0.0010688877664506435,-0.0037619112990796566,0.006408758461475372
2083,556,11,2,-5.962924480438232,-0.00014371872,0.001119976,True,571,7.56931331125088e-05,0.0010215949732810259,0.0003177928738296032
2083,694,13,2,-4.079602241516113,0.008219957,0.008269492,False,652,-0.007720594294369221,-0.0004612731863744557,-0.007209786679595709
2083,749,14,2,-4.13002872467041,-0.009356856,-0.0029875182,False,706,-0.0002083015424432233,-0.006490445230156183,0.012651482596993446
2087,186,3,2,-1.955997347831726,0.0064154314,0.0037400268,False,-1,,,
2087,550,11,2,-4.176361083984375,0.00090737344,0.00035245894,False,591,-0.01713634468615055,0.0035409212578088045,-0.021232180297374725
2087,815,16,2,-5.4705810546875,-0.010536823,0.0064025973,False,837,0.00334510812535882,0.00038500785012729466,0.01989952102303505
2087,835,16,2,-5.124724388122559,-0.010293751,-0.002822199,False,816,-0.0015139388851821423,-0.008157682605087757,0.014115296304225922
2088,304,6,2,-3.670851230621338,-0.0031825972,0.0001878357,False,339,-0.0024339579977095127,0.003523316467180848,-0.0025868418160825968
2088,718,14,2,-3.867400884628296,-0.004920912,0.005272441,False,705,-0.003433618461713195,-0.004702301230281591,0.011462036520242691
2092,692,13,2,-2.970973253250122,-0.003348174,0.011231475,False,660,0.002557935658842325,0.0029189300257712603,0.014218653552234173
2092,800,16,2,-4.634261608123779,0.003978014,0.002604389,False,805,-0.0019013119162991643,-0.005779762286692858,0.0025048255920410156
2097,310,6,2,-3.143575429916382,-0.0026354217,0.0117345955,False,345,-0.0033816336654126644,0.0017249584197998047,0.009263424202799797
2097,664,13,2,-2.7894532680511475,-0.00092536927,-0.0016296292,False,676,0.0012508773943409324,-0.003807444591075182,0.004354062024503946
2098,27,0,2,-4.209635257720947,0.00019899369,-0.0041357707,False,43,0.0012747383443638682,0.001945762662217021,-0.005005788989365101
2098,822,16,2,-5.87295389175415,-0.0044705295,0.005037317,True,813,-0.011937093921005726,-0.00017533302889205515,-0.0022539151832461357
2100,190,3,2,-4.890665531158447,0.00071813585,-0.007941437,False,196,0.0030319499783217907,-0.0007543659303337336,-0.004873257130384445
2100,318,6,2,-5.656519889831543,0.005411606,0.0030495357,True,311,0.002142314799129963,-0.002798929112032056,0.0025791735388338566
2100,580,11,2,-5.1984639167785645,0.001526165,-0.0028717518,False,572,-0.0036994172260165215,-0.011096334084868431,0.0029990002512931824
2100,748,14,2,-5.196202754974365,-0.0067797946,0.0024110316,False,745,-0.0007983875111676753,0.007165498565882444,0.0012269392609596252
2101,340,6,2,-5.644190311431885,0.0033331108,0.002442646,False,331,0.002122850390151143,-0.006325807422399521,0.0075581930577754974
2101,654,13,2,-5.290043354034424,0.006735306,-0.0033058166,False,685,0.0019227885641157627,-0.0018984413472935557,-0.006219892296940088
2104,363,7,2,-5.125827312469482,-0.001689806,-0.00022558212,False,375,-0.0011006641434505582,-0.0027830982580780983,0.0031466579530388117
2104,581,11,2,-5.52920389175415,0.0042293547,-0.008875026,True,584,-0.006093606818467379,-0.005954112857580185,-0.013243874534964561
2105,170,3,2,-5.061779022216797,-0.0023634816,-0.0011903667,False,172,-0.0038209056947380304,0.003919343929737806,-0.006567134987562895
2105,319,6,2,-5.9742536544799805,-0.0049396707,0.007686424,True,327,-0.0004942798404954374,0.004427051637321711,0.0077047632075846195
2105,559,11,2,-5.602056980133057,0.0071586417,-0.00041401864,True,587,-0.00202211388386786,-0.005486249923706055,-0.004108523949980736
2105,567,11,2,-5.967672348022461,-0.009833327,0.0022638226,True,574,-0.013380947522819042,0.000960502598900348,-0.00224430114030838
2105,898,17,2,-3.6821041107177734,0.0017253113,0.0017610884,False,870,-0.0014018916990607977,0.0013134670443832874,-0.002679581753909588
2105,943,18,2,-3.6268575191497803,0.00053836824,7.023811e-06,False,948,-0.002123699290677905,-0.0009524297784082592,-0.0017026138957589865
2110,506,10,2,-3.795642137527466,-0.00460556,-0.0008889532,False,503,0.00782779697328806,-0.003363552037626505,0.01490795612335205
2110,801,16,2,-5.478660583496094,0.0070993616,-0.007291632,True,828,-0.0032476901542395353,0.007278823759406805,-0.02491750754415989
2112,460,9,2,-4.495922565460205,-0.00075793266,0.0028556061,False,467,-0.00141089444514364,-0.00032351494883187115,0.0025261593982577324
2112,708,14,2,-5.949078559875488,-0.0052914713,0.0071917917,True,739,-0.0005828571156598628,0.006041612476110458,0.00585879385471344
2113,115,2,2,-4.046746730804443,-0.0014573955,-0.0039047431,False,140,0.002105140592902899,-0.0009161853813566267,0.0005739782936871052
2113,301,6,2,-5.51354455947876,0.007158823,-0.003091898,True,322,0.0009669685387052596,0.0009166907984763384,-0.010200443677604198
2113,333,6,2,-5.687929153442383,0.0054879095,0.0033035087,True,327,0.0033634090796113014,0.0024165248032659292,-0.0012375165242701769
2113,402,8,2,-4.963566303253174,-0.0031768417,-0.0014583492,False,428,-0.003193073207512498,-0.0007041454082354903,-0.0007704354356974363
2114,594,11,2,-5.610833168029785,0.0049529076,-0.0063557243,True,553,-0.005054273642599583,-0.005202846601605415,-0.01116005890071392
2114,969,19,2,-4.834557056427002,-0.0017454242,-0.0035691643,False,956,0.001844101003371179,-0.0016650200122967362,0.0016853809356689453
2115,534,10,2,-5.9742536544799805,-0.008305988,0.0020990754,True,518,-0.0010243034921586514,-0.00033919335692189634,0.009719953872263432
2115,597,11,2,-5.698739528656006,0.0006588173,-0.00083849905,True,584,-0.008160267025232315,-0.003951292019337416,-0.0057062916457653046
2116,300,6,2,-5.754079341888428,0.0044034864,0.004888964,True,327,0.0031881523318588734,0.005395183339715004,-0.0017215535044670105
2116,762,15,2,-4.5269694328308105,-0.0030593395,-0.0024619293,False,798,0.0007805156637914479,0.0015204048249870539,-0.00014247902436181903
2118,595,11,2,-5.477631092071533,0.0046278476,-0.0004409504,False,572,-0.00830970797687769,-0.00390703184530139,-0.009471474215388298
2118,619,12,2,-5.884519577026367,-0.0025070382,0.005983229,False,648,-0.0028344534803181887,-0.0018507385393604636,0.007506552152335644
2123,841,16,2,-5.331537246704102,0.010476151,0.00016366005,True,838,-0.0055910395458340645,0.0020216561388224363,-0.017925186082720757
2123,901,18,2,-4.1979756355285645,-0.0009842681,0.0020328332,False,947,-0.0024626636877655983,0.002398004522547126,-0.001843567006289959
2124,624,12,2,-4.270735740661621,0.00041742326,0.00038355828,False,640,0.002735414542257786,-0.0007663917494937778,0.0034679414238780737
2124,756,15,2,-3.6309850215911865,-0.0007743359,-0.00180583,False,769,0.0009700488881208003,0.0030169105157256126,-0.0030783559195697308
2124,826,16,2,-5.860250949859619,-0.0018349456,-0.0014025879,True,825,-0.015347165986895561,-0.0008026694995351136,-0.0141121381893754
2124,843,16,2,-5.915367603302002,-0.0036548043,0.002357912,True,832,-0.005694455932825804,0.00220037461258471,-0.0018821144476532936
2126,314,6,2,-3.8329224586486816,0.0112977885,-0.01051753,False,305,-0.0004844999348279089,0.007616372313350439,-0.0299161896109581
2126,632,12,2,-4.034785270690918,-0.00096379756,0.005330019,False,618,-0.005540051497519016,-0.0010754489339888096,0.0018292139284312725
2127,337,6,2,-3.9320101737976074,-0.011673394,0.00080582616,False,305,0.0002325058012502268,0.006022214889526367,0.006689510308206081
2127,666,13,2,-2.3755033016204834,0.0028385448,-0.0043214415,False,678,-0.004203550983220339,0.008449642919003963,-0.019813179969787598
2128,308,6,2,-4.51551628112793,0.0010967827,0.0036175633,False,348,0.0015970229869708419,0.0009918594732880592,0.003125944174826145
2128,341,6,2,-4.575923442840576,-0.0045905206,0.01055851,False,348,0.0015970229869708419,0.0009918594732880592,0.01575419493019581
2128,596,11,2,-5.7274651527404785,0.00493577,0.0012499713,True,553,-0.0029536152724176645,0.0012494564289227128,-0.007888870313763618
2128,657,13,2,-5.43536376953125,0.0057327366,-0.004550104,False,671,0.0022666549775749445,-0.008108044043183327,9.185820817947388e-05
2128,730,14,2,-5.852066993713379,-0.005555191,0.0031437206,True,739,0.004087552893906832,0.0005616378621198237,0.012224826961755753
2128,858,17,2,-3.677410125732422,-0.0014057112,0.00065985206,False,870,-0.0006905031041242182,0.0006995105650275946,0.0006755494978278875
2131,116,2,2,-3.9696455001831055,0.004092808,-0.0027311516,False,140,0.002268939046189189,0.00016888142272364348,-0.0047239018604159355
2131,555,11,2,-4.976459503173828,-0.008399086,0.0040105535,False,589,-0.0035426998510956764,-0.004911584779620171,0.013778524473309517
2135,609,12,2,-3.837024688720703,0.006911688,0.002548585,False,633,0.003199348459020257,0.008889026939868927,-0.01005278155207634
2135,743,14,2,-3.8259284496307373,-0.006467304,0.0054580257,False,741,-0.0010969495633617043,-0.003586082486435771,0.014414463192224503
2136,317,6,2,-4.6916584968566895,0.008607378,0.0044139386,False,338,0.005561170633882284,-0.0022871780674904585,0.0036549088545143604
2136,321,6,2,-5.255154609680176,0.011161709,-0.0036847019,False,346,-0.009431066922843456,0.0011535357916727662,-0.025431014597415924
2136,530,10,2,-4.6889166831970215,-0.0026071358,-0.0027828217,False,532,-0.0026570416521281004,-0.005332145839929581,0.002499418333172798
2136,952,19,2,-4.124771595001221,0.0004370117,0.0017060376,False,955,-0.0047590541653335094,-0.004575748462229967,0.0010857201414182782
2139,646,12,2,-3.747913360595703,0.011796522,-0.009786901,False,633,0.0014431237941607833,0.011049957014620304,-0.031190257519483566
2139,817,16,2,-5.618729591369629,0.006664448,0.0021360398,True,816,-0.008149471133947372,0.008832940831780434,-0.02151082083582878
2143,365,7,2,-3.201219320297241,0.002157674,0.0012300349,False,396,0.000688958156388253,0.002718272153288126,-0.0029569528996944427
2143,821,16,2,-5.955355167388916,-0.007302704,0.0030648517,True,825,-0.012000227347016335,0.00418337807059288,-0.005816049873828888
2144,295,5,2,-5.571524143218994,-0.0035069275,-0.0049265097,False,254,0.0006960582686588168,-0.008393087424337864,0.00766956340521574
2144,558,11,2,-5.056389808654785,0.012116833,-0.0010220147,False,586,0.0011886596912518144,0.006853971630334854,-0.0188041590154171
2152,276,5,2,-5.0559539794921875,0.0026512719,0.003028412,False,283,0.006303110159933567,0.002868871670216322,0.0038113784976303577
2152,563,11,2,-5.859280109405518,-0.00032701492,-0.0014680385,True,579,-0.0021455860696733,0.0012340736575424671,-0.00452068354934454
2153,198,3,2,-4.3488945960998535,0.000886116,0.002219696,False,193,-0.0004549217119347304,-0.0022451591212302446,0.0031238174997270107
2153,682,13,2,-4.818578243255615,-0.008765488,0.005154629,False,668,0.0004913043812848628,-0.013270368799567223,0.02768179029226303
2158,601,12,2,-4.616376876831055,0.0029949378,0.006321716,False,610,0.0047372435219585896,0.0018684673123061657,0.006195554509758949
2158,656,13,2,-4.054028511047363,-0.009530978,0.0022850274,False,652,0.0011717319721356034,-0.002507543656975031,0.015495281666517258
2160,324,6,2,-4.653581619262695,-0.009791241,-0.0076245787,False,315,0.00032089234446175396,0.007686080876737833,-0.005198526196181774
2160,468,9,2,-3.5639209747314453,-0.0010238313,-0.00039701938,False,494,-0.001103258109651506,0.0012559843016788363,-0.0017324304208159447
2160,834,16,2,-5.608330726623535,0.0012640953,0.008938484,True,833,-0.0023597811814397573,-0.00224196445196867,0.007556571625173092
2160,967,19,2,-3.8804922103881836,-0.00092865946,0.0015941476,False,975,0.0019215440843254328,0.0034151601139456034,0.0010291910730302334
2161,408,8,2,-3.991426467895508,-0.00050527573,0.002019596,False,442,-0.0006283235270529985,-0.004605345893651247,0.006501893978565931
2161,663,13,2,-4.928305625915527,0.0031809234,-0.0061873435,False,668,-0.0006379318074323237,-0.014105549082159996,0.004099350422620773
2163,173,3,2,-3.7419025897979736,-0.0042815255,0.0021738242,False,160,-0.0017387628322467208,-0.0005479955580085516,0.0052645825780928135
2163,681,13,2,-5.476558208465576,0.0077608107,-0.0040078256,True,691,-0.00012966156646143645,-0.00908068660646677,-0.0028176112100481987
2164,332,6,2,-5.381969451904297,0.0040608407,0.0039714146,False,302,0.0015145301586017013,0.00574803352355957,-0.004322929307818413
2164,448,8,2,-4.63347864151001,-0.0010110283,-0.003115654,False,406,0.0002401351957814768,-0.00451004970818758,0.0026455591432750225
2164,510,10,2,-4.385932445526123,0.0065036393,8.503914e-05,False,507,0.0020315551664680243,-0.001921100658364594,-0.0024659442715346813
2164,564,11,2,-5.7040581703186035,0.0012715721,-0.0038459778,True,572,-0.00512804975733161,0.004622726235538721,-0.014868326485157013
2164,696,13,2,-5.6720662117004395,-0.008161516,0.0011611176,False,671,-0.0015404128935188055,-0.005189723800867796,0.012971945106983185
2164,733,14,2,-5.514946937561035,-0.006227293,0.0010673713,False,738,-0.002144661033526063,-0.009040470235049725,0.014190473593771458
2165,119,2,2,-2.9714043140411377,-0.000120682715,-0.0038734102,False,146,0.0037525701336562634,0.0008436441421508789,-0.0008438015356659889
2165,340,6,2,-5.467513084411621,0.0030034638,0.0045237634,False,313,-0.00435714703053236,0.0018796062795445323,-0.0047164540737867355
2165,801,16,2,-5.9742536544799805,-0.010740795,0.0063443948,True,829,-0.0023892021272331476,0.0033078384585678577,0.011388150043785572
2165,813,16,2,-5.948767185211182,-0.00012673378,0.00029639245,True,829,-0.0023892021272331476,0.0033078384585678577,-0.005273914430290461
2167,311,6,2,-5.4447221755981445,0.007696247,-0.0004965782,True,302,-0.0014075088547542691,0.008072461932897568,-0.017672795802354813
2167,527,10,2,-5.724396228790283,0.0036737346,-0.0032412433,False,549,0.0035873698070645332,0.002558803651481867,-0.005886411760002375
2167,747,14,2,-5.2190937995910645,-0.0132514285,-0.0027805709,False,742,-0.006580791436135769,-0.005733051337301731,0.009623117744922638
2167,941,18,2,-3.994276762008667,-0.00086658,0.001792736,False,902,0.001029906328767538,-0.00010026931704487652,0.0037894914858043194
2170,168,3,2,-4.176637172698975,-9.085655e-05,0.0014104461,False,183,-0.003522639162838459,0.0018568706000223756,-0.0038782069459557533
2170,638,12,2,-5.113199710845947,-0.0034978867,0.006180029,False,643,-0.005035610403865576,-0.006021804641932249,0.010664110071957111
2171,541,10,2,-3.984590530395508,-0.0026157475,-0.0017467118,False,503,-0.0020616769324988127,0.00225083832629025,-0.003443479537963867
2171,667,13,2,-4.055134296417236,0.0051183985,-0.004391136,False,652,0.0031716155353933573,-0.005252714268863201,-0.001085205003619194
2175,191,3,2,-4.353682518005371,-0.0010039902,-0.0063493345,False,153,-0.0013325787149369717,0.002199735725298524,-0.00887765921652317
2175,328,6,2,-5.048626899719238,0.012012577,-0.0003054142,False,347,0.006145172286778688,-0.0015792751219123602,-0.004593543708324432
2178,306,6,2,-5.360297679901123,0.010952329,-0.002748747,True,334,0.011299915611743927,0.0008365440298803151,-0.003237703815102577
2178,949,18,2,-4.404785633087158,0.0006066132,0.0005230427,False,904,-0.00018688202544581145,0.0024034022353589535,-0.00267385458573699
2179,466,9,2,-3.0439605712890625,-0.0020155525,0.00026581765,False,477,0.003948712255805731,0.0005650615785270929,0.005665021017193794
2179,706,14,2,-4.088747024536133,0.0036965655,-0.004285431,False,705,-0.005350504070520401,-0.0008433056063950062,-0.0124891959130764
2180,642,12,2,-4.399775505065918,-0.0008841896,0.0036696338,False,645,0.003166074864566326,-0.0018406391609460115,0.009560536593198776
2180,826,16,2,-5.771561145782471,-3.0593874e-05,0.0057102777,True,840,-0.003210144117474556,-0.0009158801985904574,0.0034466078504920006
2189,590,11,2,-5.936837196350098,-0.0057069683,0.00044093133,True,573,0.0009005641913972795,0.00021949768415652215,0.006828966084867716
2189,685,13,2,-5.597616672515869,-0.006769428,-0.0040921117,False,687,0.006207199301570654,-0.004583587870001793,0.013468103483319283
2198,140,2,2,-4.180995941162109,-0.003411703,-0.0013293171,False,132,0.0014013862237334251,-0.0009988785022869706,0.00448265066370368
2198,167,3,2,-5.1615190505981445,0.0018065549,-0.0030194283,False,156,-0.0021707534324377775,0.0030115318950265646,-0.010008268058300018
2198,333,6,2,-5.75684928894043,-0.005754862,-0.0033137416,False,312,-0.008639202453196049,-0.00354734412394464,-0.002650737762451172
2198,577,11,2,-5.761240005493164,0.0035453702,-0.004260273,True,587,0.002907981863245368,-0.004115553107112646,-0.0007821088656783104
2199,699,13,2,-5.4192795753479,0.0034932422,-0.0044907187,False,687,0.010262727737426758,-0.006565132178366184,0.008843897841870785
2199,724,14,2,-5.712812423706055,-0.007430992,-0.003991299,False,739,-0.0002843952097464353,-0.00420862203463912,0.007363920100033283
2200,629,12,2,-4.6774001121521,-0.012255097,-0.009198313,False,615,-0.003968982491642237,-0.0021281815133988857,0.0012159831821918488
2200,689,13,2,-4.7845659255981445,0.0017243862,-0.001282444,False,683,0.0003484058252070099,0.002503347350284457,-0.005161771550774574
2204,608,12,2,-5.806471347808838,0.0032930374,0.005767775,True,644,0.0004061508225277066,-0.004065379966050386,0.006946268025785685
2204,651,13,2,-5.490504264831543,0.0056381132,0.0018580151,True,698,0.005066490266472101,-0.003655977314338088,0.004942369181662798
2207,723,14,2,-5.1486077308654785,0.008084783,-0.008212481,False,742,0.001231012400239706,0.0007388210506178439,-0.015805073082447052
2207,771,15,2,-3.525261402130127,-0.0003627157,-0.0011532832,False,799,-0.0008400249644182622,-0.00032310010283254087,-0.0013074923772364855
2208,508,10,2,-3.0330779552459717,0.0035732698,-0.000914011,False,517,0.004707722458988428,-0.0005129146738909185,0.0007333564572036266
2208,734,14,2,-4.749898910522461,-0.0067949677,0.001744442,False,735,-0.002446661004796624,-0.0022458171006292105,0.00833856500685215
2210,702,14,2,-4.508382797241211,-0.00201622,0.0067127417,False,740,0.002019996754825115,0.003755226032808423,0.006993732415139675
2210,843,16,2,-5.94907283782959,-0.0046972563,0.008681412,False,840,-0.005874376278370619,0.003480577375739813,0.0040237149223685265
2211,237,4,2,-3.692183256149292,-0.000163126,0.0019389868,False,227,0.0005066490266472101,-0.0016545724356546998,0.004263334441930056
2211,321,6,2,-5.3271565437316895,0.004754591,-0.0056578256,False,346,-0.007397241424769163,-0.01250565517693758,-0.005304002668708563
2211,325,6,2,-5.160350322723389,0.010309363,-0.008980742,False,302,0.005472774617373943,0.003396205836907029,-0.01721353642642498
2211,496,9,2,-4.257135391235352,-0.001676445,0.00014331818,False,470,-0.0028229141607880592,-0.00014871597522869706,-0.000854435027576983
2211,641,12,2,-5.251902103424072,0.0073010447,0.007742958,False,602,-0.00588924391195178,0.0017382431542500854,-0.007185573689639568
2211,842,16,2,-5.74517822265625,-0.0040121363,-0.0029292298,True,819,-0.0126358512789011,0.006055574398487806,-0.01760851964354515
2212,575,11,2,-5.9742536544799805,-0.0012829781,0.0035691452,True,581,0.0,0.0016224670689553022,0.0032296564895659685
2212,750,15,2,-4.289823532104492,0.0014203262,-0.0027559376,False,764,-0.001553068170323968,0.0018649387639015913,-0.007594270631670952
2213,265,5,2,-5.573850631713867,0.007519045,5.674362e-06,True,268,0.002994747133925557,-0.004219341091811657,-0.00029928237199783325
2213,707,14,2,-5.6536078453063965,0.001709919,0.0011385536,False,727,0.003189878538250923,-0.004150543361902237,0.006769056431949139
2214,446,8,2,-3.527064561843872,0.0015945864,0.00023236274,False,416,0.0004492902662605047,-0.00031455038697458804,-0.0005983830196782947
2214,836,16,2,-4.0464372634887695,0.014814186,-0.009143314,False,845,-0.011872134171426296,-0.001852760324254632,-0.033976875245571136
2218,64,1,2,-3.646073579788208,-0.0011096573,0.0004924059,False,52,0.001252832356840372,0.0009491539094597101,0.001905741635710001
2218,255,5,2,-4.725073337554932,-0.010170822,-0.007911529,False,299,-0.004202861804515123,0.0019217777298763394,-0.0038653467781841755
2220,316,6,2,-3.8884408473968506,-0.0027653598,0.002411022,False,309,0.004938721656799316,-0.009135670959949493,0.01925077475607395
2220,835,16,2,-5.204620838165283,0.0010896683,-0.0023516084,False,816,0.0030010605696588755,0.007123651448637247,-0.007563867140561342
2223,430,8,2,-4.4950480461120605,-0.003652296,0.004837284,False,434,0.0027641199994832277,0.00367284775711596,0.007580852136015892
2223,560,11,2,-5.844220161437988,0.0013914204,0.0019698048,True,579,-0.0032600117847323418,-0.0024946785997599363,-0.00018694880418479443
2223,566,11,2,-1.9771913290023804,-0.0040669753,-0.0029027057,False,592,0.003074865322560072,-0.00035411835415288806,0.004593253135681152
2223,830,16,2,-2.630396842956543,0.0020260238,-0.0046110298,False,811,-0.007190508767962456,0.0014045905554667115,-0.015232153236865997
2224,340,6,2,-5.066808700561523,0.0056006336,0.0039666174,False,338,-0.0018217659089714289,-0.0006852340884506702,-0.0027705479878932238
2224,596,11,2,-5.9501566886901855,-0.0031765462,0.0029271222,True,581,0.00019263268040958792,-0.00045341491932049394,0.006749716121703386
2225,576,11,2,-5.242694854736328,-0.012130155,-0.004161358,False,580,0.004759445320814848,-0.0020183278247714043,0.014746570959687233
2225,833,16,2,-5.793215751647949,-0.0031730747,0.009442606,False,832,-0.00014573096996173263,0.005918693728744984,0.006551255937665701
2227,224,4,2,-3.7566912174224854,0.00092315197,0.000760808,False,227,-0.0009464645409025252,-0.000711464905180037,-0.0003973435959778726
2227,485,9,2,-4.570465564727783,-0.00047464372,-0.002344122,False,486,0.00260924338363111,-0.0006479644798673689,0.0013877295423299074
2227,634,12,2,-4.929697036743164,0.008365164,-0.009420262,False,607,0.0053835962899029255,-0.0018471336225047708,-0.010554696433246136
2227,728,14,2,-4.756165981292725,0.012220965,0.00014821053,False,740,-0.010536556132137775,0.003788480767980218,-0.026397790759801865
2228,319,6,2,-5.926650047302246,-0.011500835,0.0019062328,False,344,-0.004647283349186182,0.004191312938928604,0.004568472504615784
2228,331,6,2,-5.320681571960449,0.008390503,-0.0021478652,False,334,0.0008365440298803151,-0.004419469740241766,-0.005282354541122913
2228,732,14,2,-5.8936662673950195,-0.0056082057,0.013160429,False,708,-0.0023045826237648726,-0.0013790703378617764,0.01784312166273594
2228,837,16,2,-5.809171676635742,0.0012465096,0.0010018062,True,831,0.003389692399650812,-0.0016002559568732977,0.0047452449798583984
2232,692,13,2,-2.7328124046325684,0.0033156872,0.008591614,False,664,0.002299943007528782,0.0004369497182779014,0.0071389200165867805
2232,805,16,2,-4.385556697845459,-0.0022533322,0.011041832,False,820,-0.008477930910885334,0.0022566127590835094,0.002560621127486229
2235,574,11,2,-5.892360210418701,-0.001666565,-0.0011215305,True,584,-0.003622608259320259,0.00022833823459222913,-0.0033059120178222656
2235,747,14,2,-5.6474690437316895,-0.0068319608,0.0027649594,False,736,0.00322381011210382,0.010416431352496147,0.002404298633337021
2237,257,5,2,-3.222245693206787,0.0030455876,0.0042219018,False,297,-0.0021050262730568647,0.007907968014478683,-0.008836680091917515
2237,849,16,2,-5.581192970275879,-0.012415657,0.0044601536,False,819,-0.014637555927038193,-0.0009946918580681086,0.0032329466193914413
2238,311,6,2,-5.765536308288574,-0.005975685,0.002285652,False,327,-0.009389285929501057,-0.00344676012173295,0.002318811137229204
2238,650,13,2,-5.722248554229736,0.0032145309,0.0041209506,False,691,0.002234125044196844,0.0078076934441924095,-0.0046671489253640175
2241,533,10,2,-3.7577247619628906,-0.00076519966,-0.00049488543,False,512,-0.001428909250535071,0.001308970502577722,-0.002467565471306443
2241,809,16,2,-4.883820533752441,0.010895538,0.0043073557,False,800,-0.0018253517337143421,0.008497247472405434,-0.01691078022122383
2242,193,3,2,-4.103291988372803,0.0066471864,0.002378497,False,182,0.005733785685151815,-0.0017509555909782648,0.0032160524278879166
2242,283,5,2,-5.090096950531006,0.0003204155,0.0012657356,False,275,0.0037375926040112972,0.00225098617374897,0.0024319265503436327
2243,289,5,2,-4.715459823608398,0.0002357006,-0.0028203297,False,253,0.001967687625437975,0.005059118382632732,-0.006147461012005806
2243,825,16,2,-5.630122661590576,0.002640295,-0.0006155014,True,841,-0.0012844086159020662,-0.0074761006981134415,0.0029358956962823868
2244,343,6,2,-4.132403373718262,0.0010390949,-0.0082898615,False,309,-0.002213106257840991,-0.010347766801714897,-0.0011942964047193527
2244,815,16,2,-5.709127902984619,0.00059624674,-0.0006011677,True,821,-0.0010279655689373612,0.0009458065032958984,-0.003171186428517103
2246,300,6,2,-5.9742536544799805,-0.0057981107,0.0,True,344,8.416175842285156e-05,0.0008314800215885043,0.00505079235881567
2246,956,19,2,-5.018977642059326,-0.0006369972,-0.00047885894,False,964,2.3126602172851562e-05,-0.0003675079206004739,0.0005487728049047291
2257,435,8,2,-4.446028232574463,0.0002706623,-0.0018121434,False,434,0.0006640434148721397,0.001230106339789927,-0.0026488685980439186
2257,567,11,2,-5.633728981018066,0.006199093,-0.0066975118,True,554,0.005468359217047691,-0.0023462676908820868,-0.005081977695226669
2257,709,14,2,-4.7830095291137695,-0.01199728,0.0025541591,False,737,-0.0023950005415827036,0.0049012089148163795,0.007255229167640209
2257,813,16,2,-5.831818580627441,-0.00071748736,-0.0028487016,True,821,-0.0010384940542280674,-0.0011110592167824507,-0.002058648969978094
2258,328,6,2,-5.691658020019531,-0.018858634,-0.0008664608,False,313,-0.0024122141767293215,-0.0024876403622329235,0.018067598342895508
2258,701,14,2,-4.811076641082764,-0.0015723133,-0.0015354347,False,735,-0.0022458171006292105,0.002056694123893976,-0.004265632480382919
2260,586,11,2,-4.768042087554932,0.005162773,-0.0063693617,False,551,-0.0041930582374334335,-0.014739151112735271,-0.000986042432487011
2260,649,12,2,-5.9742536544799805,-0.0043209363,0.0032839393,True,648,-0.0013858032179996371,0.0,0.006219072267413139
2263,248,4,2,-3.234745502471924,0.0010214805,-0.0031610727,False,226,-0.0022792816162109375,-0.0023510742466896772,-0.004110760986804962
2263,840,16,2,-5.813724994659424,0.0032105732,-0.002121105,True,808,-0.00630921358242631,0.008659896440804005,-0.020300788804888725
2265,351,7,2,-3.5059516429901123,3.088474e-05,-6.402969e-05,False,353,0.0024438046384602785,0.0022262907586991787,0.00012259944924153388
2265,601,12,2,-4.58013916015625,-0.007833319,0.00038136484,False,616,0.00280200969427824,-0.011188707314431667,0.022205401211977005
2265,730,14,2,-5.695684432983398,0.00065873144,-0.0055713844,True,746,-0.00446723960340023,-0.006031637080013752,-0.004665718413889408
2265,775,15,2,-4.82399845123291,-0.001040554,-0.0008975506,False,778,0.0007673358777537942,-0.0015760803362354636,0.0024864196311682463
2265,829,16,2,-5.448044776916504,0.007105713,-0.00590929,False,819,0.0030646896921098232,-0.0032300471793860197,-0.006720266304910183
2265,924,18,2,-3.059443473815918,-0.00031958104,-6.136894e-06,False,922,0.0017136287642642856,-0.00015673637972213328,0.0021838091779500246
2268,710,14,2,-5.92644739151001,-0.0031525707,0.003304577,False,727,-0.0060686590149998665,0.007909154519438744,-0.007520665880292654
2268,817,16,2,-5.71472692489624,0.0042654322,0.0028047562,True,841,-0.005074262619018555,-0.003849468193948269,-0.0026854705065488815
2269,594,11,2,-5.744944095611572,0.0039156247,-0.000854044,True,587,0.0029007624834775925,-0.005040035117417574,0.0031711282208561897
2269,681,13,2,-5.558232307434082,0.000893507,-0.00061754225,False,662,0.002642927225679159,-0.004175147973001003,0.005307026207447052
2270,204,4,2,-3.3081278800964355,-0.0007870674,-0.0010800791,False,229,0.002102480037137866,0.0028159141074866056,-0.0010064458474516869
2270,341,6,2,-3.625732183456421,0.0016017151,-0.00811873,False,-1,,,
2273,209,4,2,-5.080255508422852,0.002537365,-0.00018452645,False,215,0.002599563682451844,0.0011752129066735506,-0.0012975407298654318
2273,615,12,2,-5.206833362579346,-0.01023737,0.00945118,False,631,-0.002096510026603937,0.004148149397224188,0.01344389095902443
2275,335,6,2,-5.1079325675964355,0.0043737604,-0.006217518,False,338,-0.0013201809488236904,0.005243348889052868,-0.017154807224869728
2275,579,11,2,-5.955148696899414,-0.0020396805,-0.00038209916,True,584,-0.0007130622980184853,0.00391529081389308,-0.0029707718640565872
2277,317,6,2,-4.497948169708252,-0.003005848,0.0028341294,False,320,0.0012578486930578947,0.00514842988923192,0.0019493962172418833
2277,655,13,2,-3.9921603202819824,0.004387636,1.727581e-05,False,695,0.0027684688102453947,0.0049366713501513,-0.006538562476634979
2277,832,16,2,-5.501668453216553,0.005447779,0.00030420304,True,819,0.0011016273638233542,0.0008625030750408769,-0.004904451780021191
2277,868,17,2,-3.4605712890625,-0.0011351395,0.00085445883,False,881,0.00175304408185184,-0.000761327741201967,0.00450397003442049
2278,33,0,2,-5.167015075683594,-0.0040189456,0.0022286891,False,35,0.00038475991459563375,-0.0009018516284413636,0.007534246426075697
2278,593,11,2,-5.873584747314453,0.0014679432,-0.0011276341,True,598,-0.004956903401762247,-0.00023773193242959678,-0.00731474906206131
2279,306,6,2,-5.288078308105469,0.005057554,-0.013723507,False,338,-0.0016238498501479626,0.006790857296437025,-0.0271957665681839
2279,572,11,2,-5.9742536544799805,-0.0031998062,0.0,True,564,-0.0010318756103515625,0.0011589336208999157,0.0010089969728142023
2279,639,12,2,-5.391129493713379,-0.0009850311,-0.011662483,False,611,-0.0017809963319450617,-0.00112097745295614,-0.011337471194565296
2279,712,14,2,-5.418654918670654,0.011111975,-0.00040657044,True,736,0.007877320982515812,0.00569368340075016,-0.009334907867014408
2281,716,14,2,-1.5927897691726685,-0.0002404809,-0.0023209976,False,-1,,,
2281,830,16,2,-3.0001564025878906,-0.005421691,0.0041693067,False,803,-0.0124352453276515,0.007310662418603897,-0.010154910385608673
2282,319,6,2,-5.9355082511901855,0.00077490805,-0.00069509505,True,318,-0.00623696343973279,-0.0003349304315634072,-0.0073720356449484825
2282,732,14,2,-5.289377212524414,0.013609924,-0.00017746925,True,736,0.01088467612862587,0.002967710606753826,-0.0058704279363155365
2284,591,11,2,-3.7979180812835693,0.0019520473,-0.007947564,False,552,-0.0027531813830137253,0.00288579473271966,-0.015538588166236877
2284,838,16,2,-5.59491491317749,-0.0060366346,0.0048472597,False,819,0.0017251968383789062,0.004283742979168892,0.008325347676873207
2285,333,6,2,-5.71200704574585,0.0018264103,-0.005155115,True,334,-0.0056532383896410465,-0.004230937920510769,-0.00840382557362318
2285,340,6,2,-5.201808452606201,-0.005223541,-0.0024780082,False,336,-0.014946403913199902,-0.006009340286254883,-0.006191530730575323
2285,495,9,2,-3.8046507835388184,-0.0015261173,0.0004560852,False,487,-0.0021071291994303465,0.0022841549944132566,-0.0024090816732496023
2285,536,10,2,-4.171051502227783,0.005135994,-0.0034566594,False,528,0.004597024992108345,-0.005580530036240816,0.001584901474416256
2286,315,6,2,-4.351569175720215,0.0044641113,-0.016319055,False,320,0.0045258235186338425,-0.0029958533123135567,-0.013261490501463413
2286,831,16,2,-5.967341423034668,-0.0029711055,0.002798853,True,821,-0.0007637786911800504,0.0037762641441076994,0.0012299157679080963
2289,326,6,2,-5.457864284515381,-0.01981634,-0.0036043548,False,334,-0.0030383490957319736,-0.007043275982141495,0.020216913893818855
2289,629,12,2,-5.049201965332031,-0.0062126257,-0.008058033,False,638,-0.004750127904117107,0.0023816870525479317,-0.008977222256362438
2291,740,14,2,-4.802525043487549,-0.004047823,0.011816855,False,717,0.008910837583243847,-0.0032153225038200617,0.027990836650133133
2291,849,16,2,-5.390523433685303,0.0053841304,0.0023568915,False,826,0.0022625636775046587,0.00299492827616632,-0.0037596034817397594
2294,588,11,2,-4.52988338470459,0.00021325111,0.0037657833,False,562,-0.005832510069012642,-0.0032538508530706167,0.0009738728404045105
2294,843,16,2,-5.661070346832275,-0.002238617,-0.0039656637,False,808,0.00763004319742322,0.0015581798506900668,0.004344816319644451
2295,312,6,2,-5.613518714904785,0.004287949,0.005796728,True,334,-0.0049004461616277695,-0.0008420372032560408,-0.002549629658460617
2295,720,14,2,-4.873912334442139,0.0033261108,6.387711e-05,False,713,-0.010634880512952805,-0.007142429240047932,-0.006754685193300247
2296,307,6,2,-4.379341125488281,-0.0187992,-0.0094355205,False,320,0.0023565005976706743,-0.010412988252937794,0.02213316783308983
2296,640,12,2,-4.668659687042236,0.0023273658,-0.00054178236,False,617,-0.005866956897079945,-0.0055481623858213425,-0.003187942784279585
2298,706,14,2,-4.477555751800537,-0.0046823025,0.005133638,False,717,0.01332671195268631,-0.008465575985610485,0.031608231365680695
2298,951,19,2,-3.710568428039551,0.0019239283,-0.0010694932,False,976,-0.0011230802629143,-0.0012515401467680931,-0.0028649617452174425
2302,573,11,2,-5.716107368469238,0.004788637,-0.004144287,True,558,-0.007319545838981867,-0.0043165492825210094,-0.01193592045456171
2302,981,19,2,-5.9742536544799805,-0.0062209605,0.0037942505,True,998,0.0001500892685726285,0.0010081481887027621,0.009157151915133
2303,769,15,2,-3.3499605655670166,-0.001676321,0.0016263151,False,799,0.0027647733222693205,-7.614612695761025e-05,0.006143555510789156
2303,837,16,2,-5.9742536544799805,-0.00024657248,0.008444757,True,841,-0.01236599963158369,0.002903041895478964,-0.0065777115523815155
2304,192,3,2,-3.6246492862701416,0.0067235897,-0.0027036904,False,161,0.0007640171097591519,0.000695614842697978,-0.009358878247439861
2304,801,16,2,-5.78314208984375,-0.0068725683,0.01182293,False,834,0.0023316668812185526,0.010496215894818306,0.010530948638916016
2305,347,6,2,-5.025463104248047,0.0021752166,-0.0059916973,False,330,-0.007770786061882973,-0.004474773537367582,-0.011462926864624023
2305,506,10,2,-4.389495849609375,-0.0033410168,-0.0008742428,False,543,-0.0023099707905203104,-0.001473922748118639,0.0016307260375469923
2305,642,12,2,-4.533472537994385,-0.004095602,0.002239027,False,605,-0.00769121153280139,0.00017409324937034398,-0.0015306761488318443
2305,733,14,2,-5.614238262176514,0.005139704,0.010980282,True,748,-0.0037807750049978495,-0.005782585125416517,0.00784238800406456
2305,842,16,2,-5.836063861846924,0.001330223,0.018397188,True,834,0.002548875752836466,0.01154992077499628,0.008065920323133469
2305,882,17,2,-4.642455101013184,-8.329391e-05,0.00032273293,False,878,-0.0010828971862792969,-0.0008703136700205505,0.00019344332395121455
2307,618,12,2,-3.4109296798706055,0.014614515,-0.0015688181,False,-1,,,
2307,763,15,2,-3.898247718811035,-0.0025557994,-0.0036431218,False,790,-0.0003843927406705916,2.6445388357387856e-05,-0.0014981605345383286
2309,377,7,2,-4.10116720199585,0.0022976494,-0.0021103383,False,369,0.0043626404367387295,0.0016454028664156795,-0.0016907504759728909
2309,575,11,2,-5.679500102996826,0.0023488617,-0.005895071,True,557,-0.0024045181926339865,-0.006150322034955025,-0.004498129710555077
2310,311,6,2,-5.973596096038818,-0.006596031,0.0051128482,True,318,-0.005902633536607027,0.0032583903521299362,0.002547856420278549
2310,583,11,2,-5.9742536544799805,-0.002203951,0.0019989968,True,553,-0.0005931282066740096,0.00012084007175872102,0.0034889797680079937
2311,252,5,2,-5.46852445602417,0.0021993637,0.0038623333,False,290,-0.005804119165986776,-0.009831561706960201,0.005690412130206823
2311,452,9,2,-3.7285964488983154,0.0023681307,-0.00027558804,False,454,-0.003850383684039116,0.0033456659875810146,-0.009839768521487713
2311,612,12,2,-5.946437358856201,-0.010552044,0.0011255646,True,648,0.0005952167557552457,-0.00010914802260231227,0.012381973676383495
2311,687,13,2,-5.7529802322387695,0.0044254684,-0.0044254684,True,685,-0.005480842664837837,0.00352510460652411,-0.017856884747743607
2313,302,6,2,-5.595757007598877,-0.012864189,0.004234953,False,336,-0.01553873997181654,0.0028251647017896175,-0.001264762133359909
2313,675,13,2,-5.186317443847656,-0.0019448852,0.0008079147,False,659,0.002728748368099332,-0.00581187242642045,0.011293420568108559
2314,49,0,2,-4.672869682312012,0.0010807419,-0.0013878059,False,19,0.001738586463034153,-0.007021455559879541,0.006291494704782963
2314,576,11,2,-5.9742536544799805,-0.0137908645,0.0008411694,True,581,-0.0005609893705695868,0.002005462534725666,0.012065581977367401
2319,344,6,2,-5.713897705078125,-0.0023443985,-0.0026678657,True,325,-0.006120862904936075,-0.0029614544473588467,-0.00348287564702332
2319,460,9,2,-4.330087661743164,-0.0009451866,-0.00042326926,False,462,0.0022771453950554132,-0.0002447700535412878,0.0030438327230513096
2319,806,16,2,-4.552524089813232,0.007955704,0.0002366066,False,836,-6.29425039733178e-06,0.00472636241465807,-0.012451753951609135
2319,965,19,2,-2.940903425216675,0.0024508,-0.002080345,False,954,-0.0026748133823275566,-0.0008141613216139376,-0.006391797214746475
2322,147,2,2,-4.012606143951416,0.00071619987,0.000863719,False,117,-0.000313987722620368,-0.0009218311170116067,0.000755362503696233
2322,727,14,2,-5.4463605880737305,0.008668251,-0.0013355255,True,713,-0.008190431632101536,-0.0054795932956039906,-0.01271461509168148
2324,571,11,2,-5.938129901885986,-0.0020164298,-0.00072247506,True,553,-0.0004812622210010886,0.0017418765928596258,-0.0009291840251535177
2324,707,14,2,-5.407291412353516,0.0034062099,-0.0058219815,False,748,0.0037432671524584293,-0.0042024040594697,-0.0012825196608901024
2325,331,6,2,-5.524928092956543,-0.0034889698,-0.008413686,False,324,-0.010468759573996067,-0.007844810374081135,-0.007548665627837181
2325,698,13,2,-5.707175254821777,-0.001760435,0.0009322071,False,651,-0.007311325054615736,-0.00457685487344861,-4.182802513241768e-05
2329,328,6,2,-5.276137351989746,0.010820074,-0.0020302297,False,330,-0.010087413713335991,-0.0028842641040682793,-0.020053453743457794
2329,446,8,2,-3.451951742172241,-5.9280395e-05,0.002296009,False,424,-5.6595803471282125e-05,0.0013923215446993709,0.0009063720935955644
2331,55,1,2,-3.8493165969848633,-0.0015798807,0.0011407519,False,73,8.144855382852256e-05,-0.00028312206268310547,0.0030852032359689474
2331,301,6,2,-5.723775863647461,0.004076624,-0.0050095557,True,324,-0.010484161786735058,-0.005379381123930216,-0.014190960675477982
2332,198,3,2,-4.052371025085449,0.0023156547,-0.0009810352,False,158,0.0025111103896051645,-0.0001252746587852016,-0.0006603046786040068
2332,346,6,2,-5.756365776062012,0.0043577575,0.0005741024,True,324,-0.00954374298453331,-0.0042983246967196465,-0.009029073640704155
2336,257,5,2,-3.6393678188323975,-0.01229559,-0.00023506641,False,282,0.005675258580595255,-0.0035755301360040903,0.021311312913894653
2336,646,12,2,-3.3247246742248535,0.010369926,0.0051869536,False,-1,,,
2339,672,13,2,-4.33939266204834,0.0010997963,-0.007644825,False,674,-0.013564719818532467,-0.002943506231531501,-0.019365835934877396
2339,735,14,2,-4.8138747215271,-0.0036012745,0.0020878888,False,703,-0.004062528721988201,-0.0010912418365478516,0.0027178763411939144
2340,32,0,2,-2.9657609462738037,-0.002199874,-0.0002852869,False,4,0.004429707303643227,-0.0008126783650368452,0.007156972773373127
2340,817,16,2,-5.196914196014404,0.0059139156,0.0028021908,False,814,-0.003710517892614007,0.004606542643159628,-0.011428785510361195
2344,577,11,2,-5.581503868103027,0.006437645,0.0005374336,True,597,0.0010649585165083408,0.004828806035220623,-0.009664058685302734
2344,604,12,2,-5.551050662994385,-0.0073693846,0.0023245811,False,608,-0.0053135110065341,-0.0017564583104103804,0.006136912852525711
2347,199,3,2,-3.839521646499634,-0.0008311987,0.0039537097,False,193,0.0035907793790102005,-0.003963666036725044,0.012339353561401367
2347,591,11,2,-4.284301280975342,-0.010921388,-0.0023409748,False,599,-0.0036301088985055685,-0.004182872828096151,0.009133176878094673
2347,602,12,2,-5.467673301696777,-0.00966218,0.015689535,False,608,-0.0012542915064841509,-0.005891637876629829,0.029989060014486313
2347,632,12,2,-3.192064046859741,0.0056058024,-0.0047097444,False,622,-0.008173013105988503,-0.0006715870113112032,-0.017816971987485886
2348,22,0,2,-4.071261405944824,0.00070207595,0.0010386467,False,11,0.00015984535275492817,0.004506316035985947,-0.004009900148957968
2348,730,14,2,-5.606191635131836,0.0038889884,-0.001178503,True,719,0.0034578419290483,0.00504895206540823,-0.006658601574599743
2350,742,14,2,-5.535126686096191,-0.0074402713,-0.0063986396,False,747,-0.003142557106912136,0.0028673456981778145,-0.004968271125108004
2350,883,17,2,-3.4885215759277344,0.0021422864,-0.0010018396,False,853,0.0019382238388061523,-0.00044567108852788806,-0.0007602309342473745
2351,341,6,2,-3.873589277267456,0.00061596395,0.00493134,False,304,-0.007631816901266575,0.0035626934841275215,-0.006879134103655815
2351,849,16,2,-5.078732490539551,0.00032360078,0.0021903515,False,822,0.004849595949053764,-0.006434926763176918,0.013151273131370544
2352,95,1,2,-4.591851711273193,-0.00083167077,7.678985e-05,False,96,-8.303642243845388e-05,-0.001169443130493164,0.001994867343455553
2352,657,13,2,-5.677530288696289,0.0016404438,-0.0027230645,True,685,0.0011288357200101018,-0.0013383483747020364,-0.001896324334666133
2353,127,2,2,-3.9518885612487793,-0.0024181746,0.0009069204,False,110,-0.0037376785185188055,0.0017629909561946988,-0.002175574656575918
2353,654,13,2,-5.828686237335205,0.0029113484,-0.0010265637,True,699,0.0019813443068414927,0.0002739620103966445,-0.0022305299062281847
2355,103,2,2,-4.1374311447143555,-0.0027374744,-0.0017784215,False,102,-0.0006515693385154009,-0.0006849861238151789,0.000992469722405076
2355,319,6,2,-5.867739677429199,0.0021302796,0.001372633,True,318,0.0009948349324986339,-0.0004304599715396762,0.0006676483899354935
2357,340,6,2,-5.009544372558594,0.0043442724,0.0058821486,False,339,-0.0033411215990781784,-0.010585136711597443,0.00878189131617546
2357,667,13,2,-4.688079357147217,-0.0048294733,0.0006392574,False,677,-0.0026948738377541304,-0.005111264996230602,0.007885121740400791
2360,396,7,2,-2.8274905681610107,0.0021257733,-0.0015989112,False,383,0.0020181082654744387,0.0015745258424431086,-0.0032811020500957966
2360,642,12,2,-4.456100940704346,0.0032406044,-0.004626417,False,609,-0.0067146397195756435,-0.0024746323470026255,-0.012107028625905514
2360,715,14,2,-3.6749730110168457,0.01248128,0.0034587288,False,718,0.0024432612117379904,0.005609555169939995,-0.012188844382762909
2360,813,16,2,-5.160670280456543,0.016084699,-0.008721142,True,822,0.005073490086942911,-0.009945354424417019,-0.009786995127797127
2362,705,14,2,-3.3269593715667725,0.011827674,0.006093087,False,729,-0.0037338256370276213,-0.006249170284718275,-0.003219241974875331
2362,826,16,2,-5.442712306976318,-0.001329813,0.0075585176,False,808,-0.0015059757279232144,0.009234599769115448,-0.001852245070040226
2363,320,6,2,-4.915646553039551,-0.013010378,-0.0024612523,False,348,-0.0005292796995490789,-0.0054115294478833675,0.015431376174092293
2363,583,11,2,-5.874133586883545,0.0013053799,-0.0012488461,True,590,-0.0004354763077571988,-0.0018441772554069757,-0.0011455250205472112
2364,578,11,2,-5.969088554382324,-0.009585161,0.0008856487,True,558,-0.008930683135986328,0.0008481597760692239,0.0006919661536812782
2364,682,13,2,-4.560826301574707,-0.0049041463,-0.0005984402,False,673,-0.0008379173232242465,-0.0008423042017966509,0.004310093354433775
2364,720,14,2,-4.847240447998047,0.00028096198,0.013941612,False,728,-0.0006115722935646772,0.008582735434174538,0.004466341808438301
2364,933,18,2,-3.596553325653076,-0.00018573285,0.00093779084,False,925,0.0008094310760498047,-0.0020142747089266777,0.003947229590266943
2365,342,6,2,-5.185235023498535,-0.013067484,0.0016549206,False,339,-0.0032277966383844614,-0.012403602711856365,0.023898210376501083
2365,643,12,2,-5.6949052810668945,-0.007906952,-0.00149477,False,608,-0.0093607809394598,-0.0021168040111660957,-0.0008317949250340462
2365,680,13,2,-5.869723796844482,0.0019145489,-0.0011282349,True,699,-0.0009488773066550493,0.002069978741928935,-0.00606163963675499
2365,724,14,2,-5.729594707489014,0.00014966965,0.0007912636,True,719,0.005195036064833403,0.0025651550386101007,0.0032714749686419964
2365,882,17,2,-4.6295247077941895,-0.00023195267,-0.00024852753,False,878,-0.0012905693147331476,-0.0017727947561070323,0.0004656505770981312
2365,972,19,2,-3.745434522628784,0.0006798935,0.0023368455,False,973,-0.0028714179061353207,-0.002105927560478449,0.0008914617355912924
2368,688,13,2,-5.485743999481201,-0.00094747543,-0.0013119983,False,659,-0.005673246458172798,-0.0023019027430564165,-0.003735866630449891
2368,736,14,2,-5.387281894683838,-0.006802559,-0.0011674976,False,700,-0.003932752646505833,0.002171220723539591,-0.0004689120687544346
2368,749,14,2,-4.002528667449951,0.005809631,-0.0011622239,False,731,-0.0022507095709443092,0.0006607723189517856,-0.0098833367228508
2368,805,16,2,-4.520554065704346,-0.0021307277,0.009480868,False,816,0.003900995245203376,0.0011140060378238559,0.014398585073649883
2369,19,0,2,-5.082315921783447,-0.0071882345,-0.0014955616,False,41,0.004668293055146933,-0.0022951888386160135,0.012656155042350292
2369,523,10,2,-4.244775295257568,0.0034313297,-0.0029628945,False,538,0.0043470002710819244,-0.00035863876109942794,-0.0016885851509869099
2370,284,5,2,-5.946151256561279,-0.0025960635,-0.00048007013,True,263,-0.006889553274959326,-5.343437078408897e-05,-0.004720125813037157
2370,661,13,2,-5.386706829071045,0.00022770882,0.0070176315,False,668,-0.006585426162928343,0.005376262590289116,-0.005171766504645348
2374,280,5,2,-5.585686206817627,-0.0065162755,0.0020211411,False,254,0.0004368591180536896,0.0016010665567591786,0.007373209111392498
2374,311,6,2,-5.9742536544799805,-0.0058100033,0.0009643173,True,300,-0.0041323089972138405,0.002082242863252759,0.0005597691051661968
2374,485,9,2,-4.58588981628418,-0.0005003357,0.00042848586,False,486,-0.0002993392990902066,0.00010746956104412675,0.0005220127059146762
2374,683,13,2,-5.4606757164001465,-0.0031702996,0.0049147033,False,668,-0.007926520891487598,0.008314580656588078,-0.008156098425388336
2376,325,6,2,-5.757297039031982,-0.0024137401,0.007140894,True,318,0.0027617549058049917,-0.0008677387377247214,0.013184127397835255
2376,462,9,2,-4.295604228973389,0.00029327392,0.003846512,False,461,0.001836481038480997,0.0008084106375463307,0.0045813084580004215
2378,572,11,2,-5.9742536544799805,0.0,0.014745483,True,559,-0.006548481062054634,0.0,0.008197002112865448
2378,638,12,2,-5.18242073059082,-0.005872698,0.00176507,False,611,0.005827922839671373,-0.007869663648307323,0.021335355937480927
2380,322,6,2,-4.977290153503418,0.004196987,-0.011921215,False,338,-5.378723290050402e-05,-0.007462062872946262,-0.008709926158189774
2380,615,12,2,-4.420628070831299,0.011115274,-0.006210613,False,605,0.0017916583456099033,0.004568967968225479,-0.020103197544813156
2380,712,14,2,-5.671875,-0.005394316,0.009955158,False,713,-0.0072878263890743256,0.0010875415755435824,0.0069741057232022285
2380,723,14,2,-5.962830543518066,-0.00022353172,0.003196268,True,-1,,,
2380,741,14,2,-3.6402292251586914,0.0049620722,0.011632662,False,718,0.008461599238216877,0.004279847256839275,0.01085234247148037
2380,837,16,2,-5.9742536544799805,-0.0027335358,0.004576912,True,841,-0.0011714744614437222,-0.0010671711061149836,0.007206144742667675
2381,289,5,2,-4.698070049285889,-0.0008861351,-0.0011565303,False,256,0.0029197121039032936,-0.010167169384658337,0.012816485948860645
2381,620,12,2,-5.083649635314941,-0.005420332,-0.0057907198,False,611,0.009067325852811337,-0.010956773534417152,0.01965371146798134
2385,389,7,2,-3.5499043464660645,0.0014481497,-0.0015782022,False,353,0.0003253126051276922,0.004084730055183172,-0.006785769015550613
2385,825,16,2,-5.889543533325195,-0.0059291744,0.0027174281,False,841,-0.0023866367992013693,0.0019349193898960948,0.004325046669691801
2386,306,6,2,-5.841588497161865,0.0008332157,-0.00059407233,True,300,-0.0014186572516337037,0.0055113984271883965,-0.008357343263924122
2386,506,10,2,-4.460296154022217,-0.0017902565,0.0057216263,False,528,-0.00040228842408396304,-0.001212043804116547,0.008321638219058514
2391,126,2,2,-2.9840126037597656,0.00045375348,0.0017600585,False,123,0.0014110803604125977,9.193420737574343e-06,0.0027081919834017754
2391,567,11,2,-5.574575901031494,0.007993555,-0.0019775105,True,551,-0.0034155750181525946,0.0006298637599684298,-0.014016504399478436
2391,829,16,2,-5.799637794494629,-0.00016154289,0.0026449203,True,833,-0.00595451332628727,0.017186766490340233,-0.020334817469120026
2391,996,19,2,-4.265592098236084,0.0036691665,0.0016006374,False,990,0.0016569137806072831,-0.0028265381697565317,0.0024149231612682343
2393,364,7,2,-4.530757427215576,-0.003980169,0.00029961587,False,393,-0.003883953206241131,-0.0025001526810228825,0.0028959843330085278
2393,574,11,2,-5.723381996154785,0.0017765141,-0.0037484074,True,593,0.002238635905086994,-0.006139764562249184,0.0028534792363643646
2394,554,11,2,-5.852259635925293,-0.0028440093,-0.0024398803,True,587,-0.0004088878631591797,-0.0021231079008430243,0.002118349075317383
2394,880,17,2,-3.831481695175171,-0.0027293968,-2.99263e-05,False,854,-0.002072439296171069,-0.0017882012762129307,0.0024152325931936502
2398,564,11,2,-5.809739112854004,-0.0013318729,0.002170124,False,553,0.0019917297177016735,-0.004188804421573877,0.009682530537247658
2398,738,14,2,-5.534985542297363,0.007963801,-0.0048502064,True,739,0.007108030375093222,-0.005383224692195654,-0.0003227526322007179
2399,377,7,2,-4.37763786315918,-0.0048022936,0.0026842214,False,359,-0.0005210494855418801,-0.0014615916879847646,0.008427057415246964
2399,604,12,2,-5.280325889587402,0.00535449,0.014467525,False,611,0.0025731849018484354,-0.005413217470049858,0.01709943637251854
2401,32,0,2,-2.9514315128326416,-0.0010569143,0.0022686147,False,4,0.0003047037171199918,-0.0016080093337222934,0.005238241981714964
2401,557,11,2,-5.659282207489014,0.004208393,-0.006299429,True,589,-0.00522923469543457,-0.0015838813269510865,-0.014153175055980682
2402,286,5,2,-3.872159957885742,-0.0010517406,0.0011583185,False,277,-0.0009264421532861888,-0.006080369930714369,0.0073639871552586555
2402,562,11,2,-4.336840629577637,0.006890621,-0.0014551163,False,588,0.0009153747814707458,-0.003528757020831108,-0.0039016054943203926
2403,580,11,2,-5.577288627624512,0.0037721442,-0.0018826866,True,551,-0.001606578822247684,-0.0031049633398652077,-0.004156446550041437
2403,840,16,2,-5.645541667938232,-0.0015781499,0.01660224,False,821,0.003995084669440985,-0.00047656058450229466,0.02265203557908535
2404,302,6,2,-5.184350967407227,0.0030519294,-0.0023565388,False,338,-0.009540881961584091,0.0030853652860969305,-0.018034715205430984
2404,345,6,2,-3.772869110107422,-0.016588878,0.008039245,False,304,0.004621420055627823,0.006762108765542507,0.02248743548989296
2404,346,6,2,-5.732847213745117,0.00064972875,0.010359984,True,332,-0.0025863838382065296,0.0015856742393225431,0.005538197234272957
2404,566,11,2,-1.708188533782959,0.0011053229,-0.0026997305,False,568,0.0034576987382024527,-0.0033322740346193314,0.002984919585287571
2404,626,12,2,-5.115224361419678,0.0025203514,-0.0012889766,False,644,0.003266172483563423,-0.012165985070168972,0.011622829362750053
2404,710,14,2,-5.862121105194092,-0.00044732093,0.0018319321,False,713,-0.001502771396189928,-0.005581216886639595,0.006357698701322079
2405,314,6,2,-4.791676998138428,-0.004784241,0.007703552,False,343,-0.00813711155205965,0.0058489893563091755,-0.0014983080327510834
2405,358,7,2,-3.1327385902404785,-0.0013452768,-0.0014697122,False,368,0.0005707836244255304,-0.003850264474749565,0.004296612460166216
2412,631,12,2,-4.85459041595459,-0.0034546661,-0.0026209832,False,619,-0.005823726765811443,-0.0003214931348338723,-0.004668550565838814
2412,815,16,2,-5.6189141273498535,0.0024110794,-0.0042432975,False,824,-0.017614850774407387,-0.0036975478287786245,-0.02057167887687683
2413,336,6,2,-5.482093811035156,-1.8434524e-05,0.0020819379,False,333,0.008514910005033016,0.009575958363711834,0.0010393240954726934
2413,543,10,2,-4.4011712074279785,-0.0021382142,-0.00014588356,False,526,-0.0067658806219697,-0.0027754688635468483,-0.0019980811048299074
2415,198,3,2,-4.6055803298950195,-0.0100899795,0.0050637056,False,153,0.00118083949200809,-0.008803529664874077,0.02513805404305458
2415,337,6,2,-3.8865466117858887,0.0076597882,-0.004474478,False,305,-0.005710034165531397,0.0013194989878684282,-0.019163798540830612
2418,22,0,2,-4.074325084686279,-0.0006869888,0.002123661,False,42,-0.0009257030324079096,-0.0007310390355996788,0.0026159859262406826
2418,312,6,2,-4.985278606414795,0.011384983,0.0013245392,False,315,0.008571433834731579,-0.0021305943373590708,0.0006415843963623047
2418,344,6,2,-5.9742536544799805,-0.002526245,0.00327178,True,300,0.0,0.008075027726590633,-0.0022770026698708534
2418,521,10,2,-3.8677940368652344,0.0022767354,-0.0013187075,False,500,-0.004019803833216429,-0.00035961627145297825,-0.0072556305676698685
2418,542,10,2,-4.889567852020264,-0.009225712,0.00013380051,False,513,0.0027989386580884457,-0.005654077511280775,0.01781252771615982
2418,558,11,2,-5.95745325088501,0.00033600806,0.0038850403,True,590,-0.0005294227739796042,0.0053807832300662994,-0.002361173974350095
2419,509,10,2,-4.289142608642578,-0.0028537274,0.0020190144,False,504,0.0031492614652961493,-0.0009591102716512978,0.008981114253401756
2419,831,16,2,-5.4370551109313965,0.007575159,-0.0043050195,False,833,-0.00213590613566339,0.01472849864512682,-0.02874458208680153
2422,313,6,2,-5.703813552856445,0.0028896523,-0.005408802,True,321,0.004866733681410551,-0.000759391812607646,-0.002672329545021057
2422,750,15,2,-4.5523295402526855,-0.00041823386,-0.0021444797,False,797,0.0023985099978744984,0.0015901661245152354,-0.000917901867069304
2423,523,10,2,-4.448389530181885,-0.0031637,0.0028917885,False,530,-0.0004900073981843889,-0.0033779144287109375,0.00894339568912983
2423,703,14,2,-5.266173362731934,-0.0071631907,-0.002347412,False,700,6.120681791799143e-05,0.005646114237606525,-0.0007691285572946072
2423,733,14,2,-4.645623683929443,0.011811733,-0.008229408,False,737,-0.003947801422327757,-0.0005484199500642717,-0.023440523073077202
2423,849,16,2,-4.591551303863525,0.0066614533,0.0028794862,False,814,0.003984498791396618,0.009707946330308914,-0.00950541440397501
2424,131,2,2,-3.3059093952178955,-0.0017217445,0.002299943,False,142,-0.0018961143214255571,0.0014546203892678022,0.0006709527224302292
2424,430,8,2,-4.25512170791626,-0.004433117,-0.0051678373,False,411,0.0004676914250012487,-0.007718848995864391,0.007451820187270641
2424,701,14,2,-4.476017951965332,0.009482384,-0.009648647,False,702,-0.00714658759534359,-0.002579011954367161,-0.023698605597019196
2424,746,14,2,-5.419839859008789,0.009098215,-0.009451551,True,708,0.0005001258687116206,-0.0011036396026611328,-0.01694600097835064
2425,447,8,2,-4.844244956970215,-0.005113468,-0.001937704,False,412,0.0077512930147349834,-0.000538892752956599,0.011465949937701225
2425,584,11,2,-5.716433525085449,0.0037020682,0.0062672044,True,581,0.005244540981948376,9.501456952420995e-05,0.007714662700891495
2426,535,10,2,-3.7436892986297607,-0.00061610225,-0.007239213,False,533,0.0020301295444369316,-0.004610748495906591,1.776730641722679e-05
2426,655,13,2,-3.7572684288024902,0.008331766,0.0064630555,False,652,0.0040817405097186565,0.005605440121144056,-0.0033924104645848274
2430,563,11,2,-5.609187126159668,0.0021823407,-0.0062044905,False,581,0.0036133290268480778,-0.0016160584054887295,-0.0031574442982673645
2430,819,16,2,-5.924116134643555,-0.0062246514,0.0032517624,True,841,-0.0010671711061149836,0.006955194287002087,0.001454048790037632
2431,552,11,2,-4.729221343994141,-0.011826362,0.0034203148,False,599,-0.007652625907212496,-0.0009974670829251409,0.008591517806053162
2431,645,12,2,-3.9927151203155518,0.0010664606,-0.009355664,False,641,0.008155422285199165,-0.004064617212861776,0.0017979154363274574
2435,282,5,2,-3.684774875640869,0.0019743633,-0.008290367,False,260,0.0006622314685955644,-0.004918551538139582,-0.004683947190642357
2435,633,12,2,-4.116822719573975,-0.0081933495,-0.008970127,False,641,0.0036863898858428,-0.003593339817598462,0.006502951495349407
2435,832,16,2,-5.6722211837768555,0.0032865333,-0.0019678783,True,824,-0.005700664594769478,-0.0016918086912482977,-0.009263267740607262
2435,834,16,2,-5.606245994567871,-0.0028660297,0.0032010078,False,824,-0.005700664594769478,-0.0016918086912482977,0.0020581819117069244
2450,269,5,2,-5.216769218444824,-0.0049078083,-0.0052888966,False,270,0.006040544714778662,0.00216673850081861,0.0034927178639918566
2450,309,6,2,-5.55609655380249,0.0050093364,-0.00085294724,True,330,0.002448778133839369,-0.006351337302476168,0.0029378319159150124
2452,560,11,2,-5.942559719085693,0.00020316124,0.006959095,True,553,-0.004004116170108318,7.347107020905241e-05,0.0026783468201756477
2452,635,12,2,-4.582343101501465,0.0010212326,-0.011562195,False,601,0.005694055464118719,-0.0019759463611990213,-0.004913425073027611
2452,661,13,2,-5.588878631591797,-0.0042278385,-0.004788246,False,698,0.0021399306133389473,-0.0032658863347023726,0.004845409654080868
2452,689,13,2,-5.186032295227051,0.0013610554,-0.0064609717,False,670,-0.0019898891914635897,-0.004219188820570707,-0.005592728033661842
2455,296,5,2,-4.875229835510254,0.00728528,0.0071916007,False,252,-0.00030101777520030737,-0.007223797030746937,0.006829099729657173
2455,654,13,2,-5.849396705627441,0.00058653834,0.0014262866,False,685,-0.0018371677724644542,0.0014383220113813877,-0.0024357414804399014
2456,145,2,2,-4.166158199310303,0.0012139512,-0.0010776329,False,102,-0.00024570466484874487,0.003725667018443346,-0.006262955721467733
2456,658,13,2,-5.406491279602051,0.0110372165,-0.004999895,True,675,0.0029720496386289597,-0.0006602669018320739,-0.012404795736074448
2456,707,14,2,-5.838451862335205,0.00035749434,0.002328949,True,739,-0.006360216066241264,0.0026590442284941673,-0.007047805469483137
2456,960,19,2,-4.491750717163086,0.0018970299,0.0022255324,False,957,-0.0016790867084637284,-0.0016397190047428012,0.0002891347976401448
2458,151,3,2,-4.375517845153809,-0.005047102,0.0008344841,False,164,0.00396697036921978,0.000847616174723953,0.00900094024837017
2458,414,8,2,-3.8617100715637207,0.00014005661,-0.0021945334,False,421,0.0012287187855690718,-0.0012636804021894932,0.00015780911780893803
2458,503,10,2,-3.536522150039673,0.0055031013,0.0016564417,False,524,-0.0020083857234567404,0.004886202979832888,-0.010741247795522213
2458,651,13,2,-5.946210861206055,-0.0038637542,-0.000101614,True,687,0.0020004557445645332,0.00038190840859897435,0.005380687303841114
2460,306,6,2,-5.714089870452881,0.0052032755,0.00939209,True,331,0.004427614156156778,0.0015722274547442794,0.007044201251119375
2460,938,18,2,-4.008419513702393,0.00051605224,0.0019033146,False,913,-0.0004954957985319197,0.0016205549472942948,-0.0007287884363904595
2461,311,6,2,-5.29917049407959,0.011617184,-0.0032640554,True,348,-0.0008219623705372214,-0.003323078155517578,-0.012380123138427734
2461,442,8,2,-4.201414585113525,-0.0048104334,0.0015404987,False,422,-2.5768280465854332e-05,-0.003149928990751505,0.009475093334913254
2462,575,11,2,-5.902660846710205,-0.0028670407,0.0025598526,False,571,-0.0021978854201734066,-0.0010284519521519542,0.004257459659129381
2462,629,12,2,-5.032998085021973,0.0068664458,0.0021691609,False,642,-0.006689825095236301,0.002458868082612753,-0.013845977373421192
2463,595,11,2,-5.971808910369873,-0.00037590982,0.002185154,True,551,-0.010633335448801517,0.014245948754251003,-0.022318219766020775
2463,659,13,2,-5.782875061035156,-0.0031308841,-0.0023384762,False,687,0.003889007493853569,-0.0023844146635383368,0.007065830286592245
2464,639,12,2,-5.7505340576171875,-0.0063759233,-0.00014215469,False,608,0.0015580558683723211,0.003065042430534959,0.004726781975477934
2464,738,14,2,-5.748050212860107,-0.00021512985,0.00357213,False,739,-0.00684917438775301,0.0019856549333781004,-0.005047569517046213
2466,529,10,2,-3.8320186138153076,-0.0043831063,0.00072316645,False,536,0.003813032992184162,0.0022208404261618853,0.006698464974761009
2466,574,11,2,-5.679222106933594,0.001920433,0.00076132774,True,597,-0.005272941663861275,0.005393362138420343,-0.011825408786535263
2467,25,0,2,-2.7611756324768066,-0.0029605723,0.00044052125,False,4,-0.00021142959303688258,-0.0006043577450327575,0.003794021438807249
2467,492,9,2,-4.68243408203125,-0.0010909272,-0.0014975262,False,491,-0.00035323144402354956,-0.0019308947958052158,0.001171064330264926
2467,628,12,2,-2.404543161392212,0.009777598,-0.0031698227,False,630,-0.002846937160938978,0.0006036377162672579,-0.016397995874285698
2467,681,13,2,-5.9742536544799805,-0.00021770477,0.0061769676,True,663,-0.0009089946979656816,-0.002286624861881137,0.007772302255034447
2468,111,2,2,-3.54630708694458,0.0038692856,-0.0005987644,False,148,-0.002030882751569152,-0.0005990648060105741,-0.005899867974221706
2468,554,11,2,-5.6903839111328125,0.0041399766,0.0022154045,True,597,-0.005873441696166992,0.006008978001773357,-0.013806991279125214
2471,138,2,2,-4.2046098709106445,-0.0012394142,-0.0006155014,False,121,-0.0005631065578199923,0.0006603145739063621,-0.0005995084065943956
2471,603,12,2,-5.9742536544799805,-0.004168396,0.0034673787,True,627,-0.00955246016383171,0.00025997162447310984,-0.0021766568534076214
2472,559,11,2,-5.712741374969482,0.0051352694,0.0002357769,True,581,0.0007968902355059981,-0.0030360412783920765,-0.0010665608569979668
2472,648,12,2,-5.9303460121154785,-0.0035341836,0.00024653436,True,627,-0.010336961597204208,-0.0007403564522974193,-0.00581588689237833
2473,283,5,2,-4.979333400726318,0.0018854619,-0.008650294,False,256,0.0015583515632897615,-0.002773761749267578,-0.00620364211499691
2473,590,11,2,-5.708602428436279,0.00356019,-0.0053130244,True,581,0.001132478704676032,-0.0036238860338926315,-0.004116849973797798
2474,729,14,2,-3.856402635574341,-0.004260297,-0.0016987658,False,704,-0.005151757970452309,0.0048365164548158646,-0.007426743395626545
2474,813,16,2,-5.902370452880859,-0.007993183,-0.001437664,False,824,-0.003265905426815152,0.0008290577097795904,0.0024605561047792435
2476,332,6,3,-5.9742536544799805,-0.005627575,2.2573471e-05,True,301,-0.004815006162971258,0.0035724067129194736,-0.0027372646145522594
2478,224,4,2,-3.947375535964966,-0.000101838115,0.0006468296,False,213,0.0014981079148128629,-0.0032360744662582874,0.005482850130647421
2478,262,5,2,-2.618408441543579,0.00794374,-9.620666e-05,False,281,-0.00421019084751606,-0.006295590195804834,-0.005954547319561243
2478,313,6,2,-5.840875148773193,0.0019328976,-0.0012051773,True,330,-0.0022367762867361307,-0.0025940323248505592,-0.002780818846076727
2478,801,16,3,-5.950629711151123,-0.0061238287,0.012219029,True,824,0.002428235951811075,-0.002276945160701871,0.02304803766310215
2478,806,16,2,-5.021468162536621,-0.001094265,0.0009765244,False,804,-0.003612575586885214,-0.00521152513101697,0.0036697390023618937
2479,95,1,2,-4.710265636444092,-0.00096507074,-0.0014540387,False,81,0.0016567420680075884,-0.0007949161808937788,0.001962690381333232
2479,723,14,2,-5.827423572540283,0.0008240223,0.0002522373,True,719,-0.002585840178653598,0.0036922169383615255,-0.006849842146039009
2481,2,0,2,-3.9163568019866943,0.00053502084,0.0031383275,False,36,-0.002204246586188674,0.00012081146269338205,0.0002782486844807863
2481,598,11,2,-5.619601726531982,-0.010984421,0.0048552416,False,571,0.0028580855578184128,-0.006645355373620987,0.02534310333430767
2482,85,1,2,-4.248010635375977,-0.0018168545,-0.0003646946,False,57,0.0008142280858010054,-0.002418079413473606,0.00468446733430028
2482,620,12,2,-5.9742536544799805,-0.011131287,0.000976696,True,649,0.00023232460080180317,-0.00023232460080180317,0.012572631239891052
2484,18,0,2,-4.0212016105651855,-0.00048009396,0.0040867855,False,48,-0.0026059960946440697,-0.007282753009349108,0.009243636392056942
2484,579,11,2,-5.526270389556885,0.006567316,-0.0058384896,True,586,-0.006641235202550888,0.006637515965849161,-0.025684555992484093
2485,143,2,2,-4.561154842376709,0.0003886795,-0.0020396805,False,107,0.001267986255697906,-0.0029051017481833696,0.001744727836921811
2485,617,12,2,-5.476583957672119,-0.009844103,-0.007414465,False,600,-0.00855600368231535,-0.00606115348637104,-6.521213799715042e-05
2490,31,0,2,-4.01221227645874,0.0014926814,-0.0017899132,False,42,0.0009455299586988986,-0.0012084865011274815,-0.0011285780929028988
2490,319,6,2,-5.871435642242432,-0.0034568692,0.008016548,False,301,-0.00031311987549997866,0.00801103562116623,0.003149261698126793
2493,284,5,2,-5.923973083496094,-0.00066607475,0.010476056,True,280,-0.005542383063584566,-0.001750574097968638,0.007350320927798748
2493,669,13,2,-5.844902038574219,0.0021189214,-0.0016212368,True,662,-0.008695659227669239,-0.0008094787481240928,-0.011626338586211205
2494,556,11,2,-5.925137519836426,0.00085524557,0.0048381044,True,555,0.00046512603876180947,0.010135669261217117,-0.005687684752047062
2494,736,14,2,-5.151694297790527,0.004372444,-0.002736149,False,745,-0.004954986739903688,-0.0033835696522146463,-0.008680010214447975
2497,735,14,2,-4.637132167816162,0.0018300533,0.00040193557,False,731,-0.00914575532078743,0.0011893558548763394,-0.01176322903484106
2497,822,16,2,-5.765286922454834,0.0036128713,0.0048288633,True,835,-0.006293392274528742,0.010334806516766548,-0.015412205830216408
2499,743,14,2,-3.464113235473633,0.0035001945,0.0029733896,False,718,0.0006569910328835249,-0.003058438189327717,0.0031886242795735598
2499,848,16,2,-4.785523891448975,-0.00742342,0.008368025,False,804,-0.002901907078921795,-0.013588190078735352,0.02647772803902626
2502,294,5,2,-4.1356730461120605,0.0061877347,0.0012264443,False,277,0.0017381096258759499,-0.0045287893153727055,0.001305608544498682
2502,538,10,2,-4.300080299377441,-0.004094486,0.002076235,False,522,0.003695535706356168,0.0012828350299969316,0.008583420887589455
2503,154,3,2,-4.188621520996094,0.0020687485,-0.0049814894,False,182,-0.004049492068588734,-0.009872379712760448,-0.0012273499742150307
2503,335,6,2,-5.90164041519165,-0.006553478,-0.0014522648,False,318,-0.003517751581966877,-0.0025679206009954214,0.0041513824835419655
2504,52,1,2,-3.555232524871826,0.0013755083,-0.0007857561,False,91,0.00014373302110470831,-0.00017905712593346834,-0.0018384743016213179
2504,580,11,2,-5.96832275390625,-0.0059413435,0.007868585,True,571,0.0005907726008445024,-0.0005907726008445024,0.014991473406553268
2505,619,12,2,-5.186490535736084,-0.010166121,0.0006550789,False,610,-0.005101995542645454,0.00343524944037199,0.002283954992890358
2505,684,13,2,-3.8163084983825684,0.009682255,0.00069892406,False,694,-0.008677964098751545,-0.005165519658476114,-0.012495774775743484
2512,0,0,2,-2.871706008911133,0.0034366513,0.0004792881,False,4,-6.811619095969945e-05,-0.00019907474052160978,-0.0028264045249670744
2512,65,1,2,-3.0870440006256104,0.0006076956,0.002694931,False,89,0.0011389398714527488,-0.0011334085138514638,0.0043595838360488415
2512,307,6,2,-5.729322910308838,-0.010853806,0.002555809,False,318,-0.0049882507883012295,-0.003923377953469753,0.012344742193818092
2512,645,12,2,-4.829566478729248,-0.011093225,0.003718586,False,601,0.0050208475440740585,-0.004140615463256836,0.02397327497601509
2514,568,11,2,-2.081193447113037,-0.006637821,-0.0001851368,False,582,0.005029192194342613,-0.0005453061894513667,0.01202718261629343
2514,839,16,2,-3.001215934753418,0.01093967,-0.0055958414,False,844,0.0003860998258460313,-0.0029926253482699394,-0.013156786561012268
2515,612,12,2,-5.629339694976807,0.0068982793,0.0051283264,True,608,0.0021219730842858553,0.009702873416244984,-0.0093508530408144
2515,651,13,2,-5.9742536544799805,-0.0007096577,0.0014329148,True,698,-0.009276065975427628,0.0,-0.0071334936656057835
2516,345,6,2,-4.00753116607666,-0.014829555,0.0072035505,False,316,-0.0008378696511499584,-0.00767860421910882,0.028873838484287262
2516,614,12,2,-2.7657501697540283,0.004228845,-0.0012696981,False,-1,,,
2525,584,11,2,-5.73943567276001,-0.006727247,-0.00469636,False,581,-0.0012637233594432473,-0.004287977237254381,0.005055141169577837
2525,604,12,2,-4.538012504577637,0.0040830993,-0.0037085724,False,601,0.006674270611256361,-0.008687124587595463,0.007569722831249237
2526,347,6,2,-5.9742536544799805,-0.0033031274,0.010528794,True,330,-0.002947587985545397,0.0016490650596097112,0.009235268458724022
2526,738,14,2,-5.452693939208984,0.0056543634,0.001974163,False,745,-0.009126825258135796,-0.00041625977610237896,-0.012390765361487865
2528,68,1,2,-4.436946868896484,0.0008570671,2.228737e-05,False,54,-0.002096157055348158,0.0027612114790827036,-0.005692148581147194
2528,322,6,2,-5.309117317199707,0.011984272,-0.005027275,True,300,0.0046205236576497555,0.00923964474350214,-0.02163066901266575
2528,671,13,2,-5.171542167663574,0.008495131,0.003842783,False,699,0.008210849948227406,-0.0007106113480404019,0.004269113764166832
2528,821,16,2,-5.502368927001953,0.00032829284,0.0033140946,False,836,-0.002749853068962693,0.007241019979119301,-0.007005071267485619
2530,832,16,3,-5.916287422180176,-0.0013777447,-0.0011593247,True,824,-0.0027251720894128084,0.00272852904163301,-0.005235280841588974
2532,260,5,2,-3.7464890480041504,0.0013837862,-0.0018252325,False,274,0.007906422950327396,-0.0045113228261470795,0.00920872762799263
2532,594,11,2,-5.543015480041504,0.0062687015,-0.0053218175,False,577,-0.005689439829438925,-0.0009166717645712197,-0.01636328734457493
2532,815,16,2,-5.857184410095215,0.0014946843,0.00044104576,True,838,-0.0014240741729736328,0.005914049223065376,-0.008391762152314186
2532,825,16,2,-5.079236030578613,0.007040329,0.0131754875,False,810,0.006688079796731472,0.004829826299101114,0.00799341220408678
2534,625,12,2,-4.548098087310791,0.006257343,0.0049735354,False,641,-0.0026178264524787664,0.004491414874792099,-0.008393049240112305
2534,841,16,2,-5.923956394195557,-0.00442173,0.009864092,True,838,-0.0019438075833022594,0.009201879613101482,0.0031401347368955612
2535,324,6,3,-5.6498541831970215,-0.0060620215,-0.0044362736,False,327,0.0017710209358483553,0.001562089892104268,0.0018346789292991161
2535,377,7,3,-4.000427722930908,0.00449317,-0.0015172005,False,376,-0.000969200162217021,-0.0025269794277846813,-0.0044525908306241035
2535,588,11,2,-4.065935134887695,0.003654089,-0.014924068,False,550,-0.006041684187948704,-0.0007685470627620816,-0.023851294070482254
2535,623,12,3,-3.886728286743164,0.009319591,0.005240898,False,624,0.00553535483777523,0.0036392449401319027,-0.002182583324611187
2535,632,12,2,-3.8563647270202637,-0.0033912086,0.010134559,False,624,0.00553535483777523,0.0036392449401319027,0.015421876683831215
2535,741,14,2,-3.1590094566345215,-0.0017237234,-2.7461052e-05,False,725,0.004470243584364653,-0.01496950164437294,0.021136008203029633
2535,819,16,2,-4.949745178222656,0.015856963,-0.0007796669,False,840,0.001438360195606947,-0.005103483330458403,-0.010094785131514072
2537,500,10,2,-3.8117685317993164,0.0023305558,0.001411519,False,521,0.000278873456409201,0.0036923312582075596,-0.004332494921982288
2537,667,13,2,-4.812191963195801,-0.00655653,-0.0009812451,False,672,-0.002358093159273267,-0.002277250401675701,0.0054944418370723724
2538,342,6,2,-5.528560638427734,-0.008691282,0.004147272,False,348,-0.002672166796401143,-0.007343177683651447,0.017509564757347107
2538,602,12,2,-4.37864351272583,0.0015612126,-0.008343487,False,641,0.0014528465690091252,-0.0001106357594835572,-0.008341217413544655
2539,283,5,2,-5.469533443450928,-0.011892586,3.4332274e-06,False,264,0.005870027467608452,-0.0012672424782067537,0.019033288583159447
2539,626,12,2,-5.260918617248535,0.005151119,-0.0005926323,False,610,0.00023934364435262978,0.010842294432222843,-0.016346702352166176
2540,331,6,2,-5.115645408630371,0.015708504,-0.0002538109,False,300,0.009858560748398304,0.004423370584845543,-0.010527125559747219
2540,721,14,2,-4.91292142868042,-0.0021895312,-0.0033490467,False,733,0.0014271640684455633,-0.007876062765717506,0.00814371183514595
2547,365,7,2,-3.115163803100586,-0.0052921725,0.00047821522,False,395,0.0003178167389705777,-0.002746253041550517,0.008834457024931908
2547,837,16,2,-5.9742536544799805,-0.0065062237,0.0050011156,True,824,0.00010417938028695062,0.0004775619599968195,0.011133957654237747
2551,162,3,2,-4.872679233551025,0.0030385114,-0.0014458752,False,184,-0.0002299881016369909,-0.0033528804779052734,-0.0013614941854029894
2551,288,5,2,-5.756158351898193,-0.003595667,0.0021602344,False,267,-0.0009978675516322255,0.0034435272682458162,0.0013145064003765583
2551,611,12,2,-5.682041168212891,0.0034466744,-0.0030260277,True,600,-0.0037518406752496958,-0.005926294252276421,-0.004298248328268528
2551,627,12,2,-5.9742536544799805,-0.00245759,0.00042510987,True,621,-0.002937583951279521,0.005471630021929741,-0.005526514258235693
2554,319,6,2,-5.466482162475586,0.004833174,0.0034913635,False,327,0.0005976962856948376,0.0013496589381247759,-0.002093773102387786
2554,665,13,2,-5.288584232330322,-0.003575163,-0.0011349869,False,699,0.003935737535357475,-0.002900295192375779,0.009276208467781544
2555,304,6,2,-3.5365378856658936,-0.006095314,0.0064230585,False,-1,,,
2555,734,14,2,-3.6228137016296387,0.0070033646,0.00020552159,False,725,-0.007437848951667547,-0.005264863837510347,-0.008970828726887703
2557,615,12,2,-4.811336517333984,-0.00025463104,0.0060493853,False,609,-0.0062063406221568584,0.0033087539486587048,-0.0032110782340168953
2557,687,13,2,-5.838516712188721,0.00030365944,0.0034185885,False,670,-0.010371322743594646,-0.0009270858718082309,-0.006329307332634926
2557,708,14,2,-5.9738850593566895,-0.005017624,0.004231348,True,712,-0.006401968188583851,0.0,0.002847003750503063
2557,746,14,2,-5.783170700073242,0.00085714343,-0.0023037149,True,742,-0.002012710552662611,-0.0007963561802171171,-0.0043772123754024506
2561,344,6,2,-5.795924663543701,-0.00086644175,0.0021159076,True,317,-0.0075768278911709785,-0.002982177771627903,-0.0016123007517307997
2561,780,15,2,-4.203752517700195,0.00037249565,0.0032536315,False,755,-0.001981592271476984,-0.0019359779544174671,0.002835521474480629
2562,583,11,2,-5.889646053314209,-0.0028437518,-0.00042211532,False,560,-0.005120058078318834,0.0003062725008931011,-0.003004693891853094
2562,605,12,2,-3.8333852291107178,0.004129739,-0.0059857797,False,622,-0.00632411940023303,-0.002490315353497863,-0.013949323445558548
2564,326,6,2,-5.712815284729004,-0.00029527664,-0.005037842,False,321,-0.0028612136375159025,-0.004414386581629515,-0.0031893921550363302
2564,633,12,2,-4.331635475158691,0.002318306,-0.0021258164,False,641,-0.0008910369942896068,0.008008012548089027,-0.013343172147870064
2566,473,9,2,-4.812742710113525,-0.0009528637,0.000108633045,False,491,-0.0012328720185905695,0.0038461685180664062,-0.004017543513327837
2566,730,14,2,-5.822852611541748,0.003028021,0.0006640244,True,719,5.115508974995464e-05,0.0013725566677749157,-0.0036853980273008347
2569,247,4,2,-4.086117744445801,-0.0010363865,0.0043765735,False,205,-0.0025291109923273325,0.0012016869150102139,0.0016821620520204306
2569,553,11,2,-5.4867844581604,0.009749384,0.0018262101,True,555,0.003073358442634344,-0.0037789535708725452,-0.001070861704647541
2570,202,4,2,-3.8491172790527344,-0.0026896715,-0.0019300699,False,240,0.0026382876094430685,0.002191729610785842,0.0012061595916748047
2570,311,6,2,-5.95282506942749,-0.009726153,0.0001704979,True,330,-0.0012159633915871382,-4.00543194700731e-06,0.008684692904353142
2570,614,12,2,-2.87087082862854,-0.0056925775,-0.00401217,False,606,0.006261582486331463,-0.0074964952655136585,0.015438485890626907
2570,802,16,2,-4.699409484863281,0.0013084507,0.0028028584,False,818,-0.0028990365099161863,0.00294463150203228,-0.004349260590970516
2572,651,13,2,-5.732283592224121,0.0016664696,0.00016643525,True,689,-0.002307624788954854,-0.0012067222269251943,-0.0026009369175881147
2572,690,13,2,-3.073354482650757,0.0022775126,-0.0012737704,False,697,-0.0075289346277713776,-0.004625224974006414,-0.006454992573708296
2572,722,14,2,-2.9347684383392334,-0.0053672884,0.0030436898,False,-1,,,
2572,736,14,2,-5.540892601013184,-0.0037321758,-0.005140419,False,713,0.0016181087121367455,-0.0066183567978441715,0.006828222423791885
2574,173,3,2,-3.2304983139038086,0.0029244756,-0.006138487,False,168,0.001173262600786984,0.0032835006713867188,-0.01117320079356432
2574,569,11,2,-5.562893867492676,-0.0016135883,0.0014564514,False,575,0.0027944850735366344,-0.003133154008537531,0.008997678756713867
2575,749,14,2,-4.942361831665039,-0.0106824115,0.0036094189,False,744,0.007074966561049223,0.004073562566190958,0.017293233424425125
2575,754,15,2,-2.9657142162323,0.0014697504,0.0020200491,False,779,0.0013876723824068904,-0.0018556785071268678,0.003793649608269334
2577,186,3,2,-2.5585899353027344,0.0016263151,-0.0018877888,False,181,-0.000428347586421296,0.00046134949661791325,-0.004403800703585148
2577,349,6,2,-2.823507308959961,0.019071398,0.0035521365,False,-1,,,
2581,676,13,2,-4.432608127593994,-0.0109473225,-0.0068834685,False,652,0.0015324020059779286,-0.008197966031730175,0.01379422191530466
2581,813,16,2,-5.165539741516113,0.01617428,-9.9277495e-06,True,806,-0.0009651851723901927,0.005975532345473766,-0.023124923929572105
2585,10,0,2,-4.891774654388428,-0.006257343,-0.0019233322,False,43,2.9878616260248236e-05,0.0033114624675363302,0.001052427338436246
2585,335,6,2,-5.265099048614502,0.012711115,-0.010477867,True,313,0.011356133967638016,0.007090644910931587,-0.01892349310219288
2588,38,0,2,-4.420360088348389,-0.0023300361,0.0020666982,False,48,-0.0008290672558359802,-0.0007331657689064741,0.004300832748413086
2588,563,11,2,-5.812710762023926,0.0028669452,0.00977973,True,560,-0.003618488321080804,0.0045396615751087666,-0.0012453654780983925
2588,581,11,2,-5.892724514007568,-0.0049498654,6.6280363e-06,True,557,-0.003736648475751281,0.0015628146938979626,-0.0003429693169891834
2588,671,13,2,-5.036769390106201,0.0072213747,-0.008612804,False,686,-0.005852861329913139,0.0036392498295754194,-0.025326289236545563
2588,715,14,2,-2.5614442825317383,0.007918124,-0.0047115325,False,714,0.005151510238647461,-0.009834651835262775,0.0023565059527754784
2588,842,16,2,-4.937068939208984,0.0026875401,-0.0025575352,False,835,0.0069451904855668545,-0.0023214053362607956,0.004021520726382732
2590,698,13,2,-5.410295486450195,0.007942886,-0.0052217674,True,691,0.007493448443710804,0.0011312103597447276,-0.0068024154752492905
2590,989,19,2,-4.2698588371276855,0.0012888717,-0.0001432991,False,977,0.001509113353677094,0.001829709974117577,-0.0017527674790471792
2597,156,3,2,-4.425455570220947,0.0067026424,0.0021585273,False,198,-0.0004369068192318082,-0.0008777523180469871,-0.004103269428014755
2597,264,5,2,-5.586241722106934,-0.0022653865,-0.003747263,False,265,-0.0017684268532320857,-0.0007983684772625566,-0.002451934851706028
2600,628,12,2,-2.5893516540527344,0.0047861673,-0.002592783,False,-1,,,
2600,706,14,2,-4.609206199645996,0.0028126908,0.0025786494,False,728,-0.0017430686857551336,0.002643909538164735,-0.004621019586920738
2600,825,16,2,-4.942302227020264,-0.00039570808,0.011429634,False,806,-0.0059081935323774815,1.4228820873540826e-05,0.005902919452637434
2600,829,16,2,-5.940624237060547,-0.002535925,-0.00067258836,True,824,0.0014047813601791859,0.002309722825884819,0.0009583951905369759
2601,302,6,2,-5.044146537780762,0.009887151,-0.00860918,False,314,-0.005484218709170818,-0.004802084062248468,-0.019178465008735657
2601,939,18,2,-3.997880220413208,-0.000493989,5.1732062e-05,False,903,-0.003009943990036845,0.0017518949462100863,-0.004216117784380913
2602,228,4,2,-2.757972240447998,0.0052214907,-0.0006114531,False,236,0.0027403307612985373,-0.0013222837587818503,-0.001770329661667347
2602,650,13,2,-5.9742536544799805,-0.011019898,0.0024288846,True,696,0.0,0.0,0.01344878226518631
2603,710,14,2,-5.889866828918457,-0.00464221,0.007710171,False,748,0.0017212772509083152,0.005576124414801598,0.008497534319758415
2603,843,16,2,-5.550657749176025,0.008088407,0.0039775847,True,836,-0.00564157497137785,-0.0060195159167051315,-0.003732881508767605
2604,342,6,2,-5.447440147399902,0.0019509888,-0.001902628,False,332,0.009278945624828339,-0.006019773427397013,0.011445101350545883
2604,608,12,2,-5.013500213623047,0.0036326789,-0.0035308932,False,629,-0.0031793212983757257,-0.004556999076157808,-0.005785894580185413
2605,576,11,2,-5.705948352813721,0.0026331807,0.009137316,True,598,-0.004589566960930824,0.008325356990098953,-0.006410788744688034
2605,703,14,2,-5.8432297706604,-0.001288538,0.010499783,False,748,0.0018382072448730469,0.0070658111944794655,0.006560716778039932
2608,662,13,2,-5.9742536544799805,-0.0015337085,0.0055727195,True,681,-0.004490880761295557,0.005302467383444309,-0.002686920575797558
2608,712,14,2,-5.924246788024902,0.0010001373,0.0045261574,True,723,-0.00028684615972451866,0.0,0.0032391739077866077
2609,117,2,2,-3.983417272567749,0.001858449,0.0031622506,False,130,-0.0019947004038840532,0.00014139174891170114,-0.0008322905050590634
2609,261,5,2,-4.354017734527588,0.0022374345,-0.0055550863,False,282,-0.0024656676687300205,-0.0016254520742222667,-0.008632736280560493
2609,347,6,2,-5.682624816894531,-0.0065853023,-0.0045164204,False,339,-0.0011845588451251388,-0.0033714675810188055,0.00425579072907567
2609,584,11,2,-5.773890495300293,0.0017312717,-0.001732378,True,596,-0.0033078098203986883,0.006420678924769163,-0.013192137703299522
2609,667,13,2,-5.245242595672607,-0.0025668812,0.0057460307,False,657,0.006939602084457874,-0.009405030868947506,0.024657543748617172
2609,821,16,2,-5.8809494972229,-0.009899435,-0.00019473076,True,824,-0.0005401897360570729,0.008695649914443493,0.0004688641056418419
2610,639,12,2,-5.522107124328613,0.0032654095,-0.0069991206,False,631,-0.00407768227159977,-0.0070580290630459785,-0.00728418305516243
2610,742,14,2,-5.936041355133057,-0.00162858,-0.00014520645,True,723,0.0005807399866171181,-0.00040691375033929944,0.0024710274301469326
2611,220,4,2,-3.77301025390625,-0.0010638619,-0.0025739716,False,217,0.000503916759043932,0.0014901304384693503,-0.002496323548257351
2611,325,6,2,-5.9536261558532715,-0.009213819,-0.00022127152,True,318,-0.0021668244153261185,0.0015813159989193082,0.005244407802820206
2612,317,6,2,-5.9569010734558105,-0.0039495374,0.0022748567,True,318,-0.0008808994316495955,0.0,0.005343494471162558
2612,607,12,2,-5.9082183837890625,-0.0030014706,0.0014210796,True,637,-0.002304458525031805,3.665923941298388e-05,0.0020814323797822
2616,306,6,2,-4.315672397613525,0.009219026,-0.0043135546,False,308,0.0005098914843983948,-0.008195657283067703,-0.0048270318657159805
2616,326,6,2,-5.9742536544799805,-0.0053888797,0.0043490888,True,330,0.0,0.0005459976382553577,0.009191971272230148
2616,767,15,2,-2.4398064613342285,-0.0034358024,-0.001412096,False,-1,,,
2616,783,15,2,-4.217422008514404,0.0031435394,0.0021683024,False,797,0.004450263921171427,-0.0005773544544354081,0.004052381031215191
2617,474,9,2,-3.4011130332946777,0.00014867306,0.0010935164,False,481,0.0038242817390710115,-0.0021420239936560392,0.006911149248480797
2617,641,12,2,-3.959524393081665,0.0095616765,-0.010000386,False,622,-0.0014217710122466087,-0.004051799885928631,-0.016932033002376556
2618,312,6,2,-5.567477226257324,-0.008331155,-0.002285061,False,307,-0.00048551560030318797,-0.002985029248520732,0.008545608259737492
2618,426,8,2,-3.7279908657073975,-0.0036873054,-0.00137115,False,439,0.0046438598074018955,0.004502663388848305,0.002457351889461279
2618,587,11,2,-5.845061302185059,0.0023599244,0.00716856,True,577,-0.004261302761733532,0.00875078234821558,-0.008203449659049511
2618,590,11,2,-5.960264682769775,-0.0030141068,0.010501128,True,589,-0.0002293014549650252,0.005959720816463232,0.007326211780309677
2621,197,3,2,-2.2241523265838623,0.0014646578,0.0026651667,False,181,-0.0011571884388104081,0.0015984248602762818,-0.0015551043907180429
2621,646,12,2,-4.239739894866943,-0.0021729756,-0.009961958,False,609,0.0061627100221812725,-0.004951172042638063,0.003324899822473526
2621,828,16,2,-2.7788727283477783,0.013733716,-0.002800274,False,805,0.007853827439248562,0.0029739905148744583,-0.011654152534902096
2621,841,16,2,-5.184320449829102,0.0034020233,0.0067877485,False,826,-0.005233659874647856,-0.005378503818064928,0.003530569141730666
2622,14,0,2,-4.809388637542725,0.0021932507,-0.0018315029,False,15,-0.001118240412324667,0.002021207707002759,-0.007164201699197292
2622,653,13,2,-5.810116291046143,0.0015988254,0.0056700422,True,688,-0.005701026879251003,0.005087251774966717,-0.006717061623930931
2622,725,14,2,-3.7020530700683594,0.0038902236,0.0009189892,False,720,0.008132772520184517,-0.0036291598808020353,0.008790697902441025
2622,817,16,2,-5.129595756530762,-0.017903395,0.0040473747,False,835,-0.00418155686929822,0.005497760605067015,0.012271452695131302
2623,623,12,2,-3.7346932888031006,-0.0018790817,0.0057771923,False,624,0.0017917775548994541,-0.0013498497428372502,0.010797901079058647
2623,718,14,2,-3.390885829925537,0.007646408,-0.006275611,False,705,-0.0007381963660009205,0.007477302569895983,-0.022137518972158432
2626,6,0,2,-5.733367443084717,0.0007835865,-0.002967682,False,23,-0.0023695658892393112,-0.0021076775155961514,-0.004013156984001398
2626,707,14,2,-5.40410041809082,0.010830211,-0.0029869843,True,745,0.0010682392166927457,-0.005211725365370512,-0.0075372313149273396
2631,177,3,2,-4.755379676818848,-0.002154293,0.0011739349,False,193,-0.007343425881117582,-0.006290178280323744,0.002274980302900076
2631,543,10,2,-4.523956775665283,-0.000728035,0.0012884235,False,530,0.00268072122707963,0.0033541680313646793,0.0013430118560791016
2631,627,12,2,-5.691222190856934,0.0051962663,-0.0044999886,True,631,-0.0005887890001758933,-0.004718723241239786,-0.0055663203820586205
2631,663,13,2,-5.783946514129639,0.00059864996,0.012939577,True,683,-0.001778612146154046,-0.0009824276203289628,0.011544742621481419
2634,253,5,2,-4.6678900718688965,2.3069382e-05,7.3719025e-06,False,278,0.0042562102898955345,-0.0001700592110864818,0.00441057188436389
2634,392,7,2,-3.5004053115844727,0.0027111864,-9.0413094e-05,False,380,-0.0013766384217888117,0.0029804324731230736,-0.007158670108765364
2634,551,11,2,-4.682161808013916,0.0076707173,-0.0006305599,False,-1,,,
2634,574,11,2,-5.6317009925842285,0.006557541,0.0045954324,True,555,-0.0020236491691321135,0.002695322036743164,-0.006681079976260662
2634,648,12,2,-5.729745388031006,0.0048901653,0.001620779,True,638,-0.009162788279354572,0.0011490726610645652,-0.013581247068941593
2634,749,14,2,-4.6590352058410645,0.009255629,-0.0049341107,False,737,-0.00026064872508868575,0.001939001027494669,-0.0163893885910511
2634,810,16,2,-5.2534637451171875,-0.007856655,0.010312186,False,814,-0.013915644027292728,-0.0018196868477389216,0.006072883494198322
2634,876,17,2,-3.918654203414917,-0.00051445485,0.0007797861,False,871,0.00043197153718210757,0.0007149410084821284,0.001011271495372057
2637,300,6,2,-5.013051986694336,-0.0020790577,0.0059407232,False,328,0.00989693682640791,-0.003990278113633394,0.02190699614584446
2637,593,11,2,-5.637572288513184,0.001838379,-0.004414606,True,552,-0.009817543439567089,-0.002428464824333787,-0.013642063364386559
2638,89,1,2,-3.1599180698394775,-7.400513e-06,-0.0012204074,False,-1,,,
2638,578,11,2,-5.781475067138672,0.0038555718,-0.0009943866,True,594,0.001999769126996398,0.0035867691040039062,-0.006436957977712154
2638,621,12,2,-5.9742536544799805,-0.008835945,0.0020667743,True,634,-0.005504293367266655,0.001949634519405663,0.003448791801929474
2638,713,14,2,-5.768241882324219,0.0041202353,-0.0011475468,True,727,0.0037858104333281517,-0.0020929716993123293,0.0006109997630119324
2643,599,11,2,-5.346930027008057,-0.0051749228,-0.005764761,False,556,0.008812627755105495,-0.0029450892470777035,0.011167878285050392
2643,677,13,2,-4.6636433601379395,0.005141888,-0.0014827347,False,652,-0.004296846222132444,-0.003895416157320142,-0.007026052102446556
2644,324,6,2,-5.973606586456299,-0.0013102245,-1.294136e-05,True,339,-0.006304521579295397,0.0036395930219441652,-0.008646831847727299
2644,990,19,2,-3.9264333248138428,0.006086669,0.00039099692,False,967,0.0005588054773397744,0.0014706706861034036,-0.006607537157833576
2647,454,9,2,-3.532545804977417,0.001539526,-0.0017815066,False,483,-0.0008589792414568365,0.001715860329568386,-0.005895872134715319
2647,635,12,2,-4.665811538696289,0.0081681255,0.000104465485,False,625,-0.012238912284374237,-0.004765148274600506,-0.015537424013018608
2649,100,2,2,-3.581977367401123,0.00032268048,-0.0030465936,False,111,0.0011550378985702991,-0.0016470765694975853,-0.000567159615457058
2649,731,14,2,-4.413532733917236,0.010357371,-0.0010553742,False,728,0.004957961849868298,-0.002771406201645732,-0.0036833761259913445
2650,115,2,2,-3.5664708614349365,0.00087330816,-0.0009281683,False,111,0.0014570284401997924,-0.0015519809676334262,0.001207532943226397
2650,559,11,2,-5.549891471862793,0.008487243,0.0041060066,True,556,0.004255771636962891,-0.0028241730760782957,0.002698708325624466
2651,661,13,2,-5.683128356933594,0.0054965112,0.00040738107,True,689,0.002807722194120288,-0.001732788048684597,-0.0005486197769641876
2651,719,14,2,-5.7733154296875,0.0014250278,-0.00069325446,False,739,-0.001172933611087501,0.005300893913954496,-0.008592110127210617
2655,179,3,2,-3.171032190322876,0.005166445,-0.003917036,False,180,0.00029580117552541196,-0.007343077566474676,-0.0014446028508245945
2655,682,13,2,-4.572417736053467,-0.003504896,0.0033882523,False,686,0.005775327794253826,0.004885215777903795,0.00778326066210866
2655,733,14,2,-5.9101996421813965,-0.011393003,0.002338848,True,740,-0.009345674887299538,0.0024101734161376953,0.0019760029390454292
2655,815,16,2,-5.9738264083862305,-0.0002724266,0.010285607,True,836,-0.00910730380564928,0.0047467900440096855,-0.003296060487627983
2658,595,11,2,-5.84650182723999,0.0025550365,0.0054230597,True,580,0.0001462650252506137,0.009884252212941647,-0.006869963835924864
2658,604,12,2,-4.625845909118652,0.0020405578,-0.005471802,False,615,-0.0015491199446842074,0.006752614863216877,-0.015814095735549927
2661,377,7,2,-4.158820152282715,0.00036483764,-0.0025443553,False,366,-0.0018090534722432494,-0.003613643581047654,-0.0011046029394492507
2661,681,13,2,-5.658844947814941,0.006246281,0.0026884174,True,659,0.0039156340062618256,0.004689474124461412,-0.004331703297793865
2662,313,6,2,-5.460515975952148,-0.0053599263,-0.003124361,False,346,-0.014066791161894798,-0.0024287987034767866,-0.009402426891028881
2662,919,18,2,-3.38592791557312,0.001286788,-0.003104372,False,908,-0.0006036281702108681,-0.0005325412494130433,-0.004462246783077717
2666,365,7,2,-3.191730260848999,-0.0014629125,0.0010267257,False,358,0.000706310267560184,0.0007234859513118863,0.002472462598234415
2666,837,16,2,-5.9742536544799805,-0.008017607,0.0015610122,True,836,-0.009669189341366291,0.006991358008235693,-0.007081927731633186
2669,557,11,2,-5.841603755950928,0.002652998,0.0038435936,True,589,0.006264619994908571,0.010493249632418156,-0.00303803407587111
2669,721,14,2,-5.217016220092773,-0.0008948708,-0.008604641,False,702,-0.004296856001019478,0.00011920928955078125,-0.012125835753977299
2671,348,6,2,-5.904557228088379,-0.002824955,0.0019445228,True,339,-0.0009009361383505166,0.002154865302145481,0.0017136766109615564
2671,910,18,2,-3.822537899017334,0.0036545563,-0.00013164044,False,911,-0.0015076971612870693,0.0013531541917473078,-0.006647048052400351
2673,389,7,2,-3.863816738128662,0.00033496378,-0.0033104133,False,369,-0.0007586192805320024,0.000535721774213016,-0.004939718171954155
2673,709,14,2,-4.497716426849365,0.0152409645,-0.008253956,False,728,0.0008870887686498463,-0.0013987731654196978,-0.02120905928313732
2674,629,12,2,-5.677227973937988,-0.011405286,-0.0004764557,False,611,0.004983549006283283,0.0017766952514648438,0.014135684818029404
2674,997,19,2,-4.4752373695373535,0.007771187,-0.001997404,False,987,0.0008643054752610624,-0.00044344901107251644,-0.008460836485028267
2675,336,6,2,-4.955595970153809,0.0036905862,-0.005802946,False,343,0.0026321602053940296,-0.0022315119858831167,-0.004629860632121563
2675,571,11,2,-5.876044750213623,0.0019641782,0.006985817,True,552,-0.0003867244813591242,-0.006022653542459011,0.010657568462193012
2676,325,6,2,-5.793129920959473,0.0028413867,-0.0007336903,True,330,0.0011739730834960938,-0.0031365584582090378,0.0007354544941335917
2676,675,13,2,-5.540964126586914,0.008272533,-0.008657112,False,691,-0.00308429729193449,0.004386453423649073,-0.024400396272540092
2677,197,3,3,-2.0586016178131104,0.0035457753,0.004181619,False,181,0.0018311357125639915,-0.005273914430290461,0.00774089340120554
2677,341,6,3,-4.891971588134766,-0.01453414,0.0034540081,False,343,-0.0004473876906558871,-0.001359319663606584,0.018900081515312195
2677,651,13,2,-5.388683319091797,0.007908907,0.0042719934,False,668,0.002222881419584155,-0.0037345027085393667,0.002320470754057169
2677,723,14,2,-5.854081153869629,-0.00364048,-0.0009789467,True,746,0.0018947601784020662,-0.00029448510031215847,0.004850778728723526
2677,802,16,3,-4.150791168212891,0.011278382,0.00017324448,False,827,0.005380716174840927,-0.008682098239660263,0.0029576774686574936
2679,316,6,2,-5.199353218078613,-0.010107231,-0.008068505,False,319,0.001968507654964924,0.0023421095684170723,0.0016651246696710587
2679,665,13,2,-4.939176559448242,0.00835001,0.007033653,False,672,0.007074298802763224,0.0006313991616480052,0.005126542877405882
2682,646,12,2,-4.0100603103637695,0.006226931,0.0035342933,False,605,-0.002157983835786581,-0.00538713438436389,0.0005365130491554737
2682,769,15,2,-3.5612902641296387,-0.0023939372,0.0021061134,False,768,0.005312785971909761,-0.0023755121510475874,0.012188348919153214
2683,438,8,2,-4.176289081573486,-0.0027956772,0.0012435913,False,418,0.0015445422613993287,-0.0024636746384203434,0.00804748572409153
2683,708,14,2,-5.619281768798828,0.0070994375,0.0013469219,False,739,0.00877300277352333,0.002288389252498746,0.0007320982404053211
2687,638,12,2,-5.634664058685303,0.0007153797,-0.0013500213,False,611,0.006473989691585302,0.0007617664523422718,0.0036468221805989742
2687,685,13,2,-5.9742536544799805,0.0,0.0,True,669,-0.0007250404451042414,0.00449090963229537,-0.005215950310230255
2688,275,5,2,-3.9616711139678955,0.003939786,-0.0012174654,False,260,0.00011395454203011468,-0.004492521286010742,-0.0005507753230631351
2688,583,11,2,-5.144020080566406,0.008512335,0.01274457,False,591,-0.0007838821620680392,-0.004147672560065985,0.007596025709062815
2688,649,12,2,-5.609811305999756,0.0068020727,3.3397675e-05,True,611,0.005821494851261377,0.0020438956562429667,-0.002991075860336423
2688,898,17,2,-3.431267023086548,-0.0009818792,0.00043635844,False,883,0.0010840273462235928,-0.001459093065932393,0.003961358219385147
2689,77,1,2,-3.7381088733673096,-0.0034221457,-0.00021064281,False,64,0.001156554208137095,-0.0001191568371723406,0.004487213678658009
2689,321,6,2,-5.500972270965576,0.005270853,-0.0036954975,False,327,-0.007996502332389355,-0.0031482696067541838,-0.013814583420753479
2692,37,0,2,-3.417741537094116,0.0012284756,-5.8512687e-05,False,46,0.0016274499939754605,0.0005051088519394398,-0.00016464712098240852
2692,315,6,2,-4.2788801193237305,0.0024157048,0.0027663517,False,304,-0.013425283133983612,-0.004577570129185915,-0.008497066795825958
2695,340,6,2,-4.007255554199219,-0.0067935134,0.0051952936,False,305,-0.008217067457735538,0.0022658586967736483,0.0015058815479278564
2695,809,16,2,-4.322524547576904,-0.014647612,0.009627027,False,847,0.004854707513004541,-0.0038750648964196444,0.033004410564899445
2697,320,6,2,-3.446505546569824,0.010494495,-0.0038558387,False,-1,,,
2697,697,13,2,-3.25700044631958,-0.0012440347,0.0011649514,False,655,0.0022771786898374557,0.00427510729059577,0.00041105737909674644
2701,322,6,2,-5.606079578399658,0.0071068383,0.002795887,True,311,0.005216198042035103,-0.003414154052734375,0.004319400526583195
2701,497,9,2,-4.617977142333984,-0.0015470695,-0.00088995934,False,472,0.0005913352943025529,0.0033820057287812233,-0.0021335601340979338
2701,826,16,3,-5.819167137145996,-0.014599085,0.0029955197,True,801,-0.014579352922737598,0.00738449115306139,-0.004369240254163742
2702,679,13,2,-2.0746114253997803,0.009070988,0.0022211934,False,678,-0.015286700800061226,-0.001191306160762906,-0.020945189520716667
2702,820,16,2,-4.1764092445373535,-0.009307861,-0.0029450322,False,825,0.0070186518132686615,0.0022026158403605223,0.011178865097463131
2703,627,12,2,-5.664987564086914,0.005573654,0.0033081342,True,610,-0.00587881077080965,-0.004030265845358372,-0.004114064853638411
2703,864,17,2,-4.128705978393555,-3.975868e-05,-0.0005311775,False,888,-0.0001748752547428012,-0.0022713851649314165,0.0016050911508500576
2705,328,6,2,-5.8585686683654785,-0.01585126,0.004082918,False,330,0.0010372352553531528,0.0003539657627698034,0.020617447793483734
2705,657,13,2,-5.884424209594727,-0.0025887776,0.00021231652,True,688,-0.0032305335626006126,0.0007088661077432334,-0.0011383052915334702
2708,593,11,2,-5.915864944458008,-0.0069949054,-0.00062584877,True,560,-0.004267578013241291,0.001067848177626729,0.0010336306877434254
2708,612,12,2,-5.5594682693481445,-0.00097496033,0.0021429826,True,616,0.0045837401412427425,0.010653352364897728,-0.0029516692738980055
2709,643,12,2,-5.849884033203125,0.0007347107,-0.0014888478,True,617,0.0023288631346076727,-0.0022496795281767845,0.0023549844045192003
2709,740,14,2,-5.699974060058594,0.0034705068,0.0016849614,True,748,-0.0035660266876220703,0.0010305977193638682,-0.006382170133292675
2711,554,11,2,-5.421355247497559,-5.6667326e-05,0.0053165434,False,596,0.0002575016114860773,-0.0015699005452916026,0.007200612686574459
2711,824,16,2,-5.817964553833008,-0.008080845,0.0007935047,False,833,-0.005288867745548487,0.006676416378468275,-0.0030909348279237747
2712,34,0,2,-2.141684055328369,-0.005728836,0.00046396733,False,32,0.006205749697983265,0.0032300662714987993,0.009168487042188644
2712,344,6,2,-5.727431297302246,0.0028983878,-0.0037920475,True,307,-0.00013205528375692666,-0.0026522064581513405,-0.004170283675193787
2712,780,15,2,-4.318602085113525,-0.0020936108,-0.0018142223,False,790,0.002003803150728345,0.0003716278006322682,0.0019115639152005315
2712,830,16,2,-3.3216967582702637,-0.002848711,0.003528676,False,844,-0.006542358547449112,-0.004772534593939781,0.004607562907040119
2714,332,6,2,-5.198950290679932,0.015244846,0.00494997,True,309,-0.0012040805304422975,0.0022929192055016756,-0.013791875913739204
2714,928,18,2,-3.818027973175049,0.0020276022,0.0009016895,False,933,-0.001198825892060995,0.0047608898021280766,-0.007085628341883421
2718,414,8,2,-4.272592067718506,-0.0052629756,-0.0010937023,False,405,-0.004902219865471125,0.0032066060230135918,-0.003939553163945675
2718,634,12,2,-5.585934638977051,0.00713397,-0.0050470065,True,600,0.007137670647352934,-0.0030898761469870806,-0.0019534295424818993
2720,326,6,2,-5.865042209625244,-0.0002993107,0.0023834992,True,339,0.002403831575065851,0.0018117045983672142,0.0032749369274824858
2720,733,14,2,-5.816824913024902,0.00054276467,-0.0011263276,True,747,0.0020658874418586493,-0.002365694148465991,0.0027624894864857197
2720,736,14,2,-5.52979040145874,0.008307113,-0.0030713463,True,739,0.003992061596363783,0.00287971505895257,-0.010266113094985485
2720,923,18,2,-3.818033218383789,-0.0017164326,0.0031385184,False,933,-0.0016904592048376799,0.005083894822746515,-0.0019194027408957481
2722,338,6,2,-4.3104448318481445,0.008567705,-0.011862622,False,304,-0.004099035169929266,-0.0038497543428093195,-0.02067960798740387
2722,635,12,2,-4.9993510246276855,-0.002303467,-0.009538765,False,625,-0.005335178226232529,-0.004016618710011244,-0.008553856983780861
2723,168,3,2,-3.2972347736358643,-0.0030603837,-0.0013674832,False,150,-0.0013092804001644254,0.0030055951792746782,-0.0026219752617180347
2723,831,16,2,-5.873720169067383,-0.005586109,0.00066744804,True,840,-0.015168046578764915,-0.0019507408142089844,-0.00696374848484993
2728,314,6,2,-5.800001621246338,-0.005116205,-0.00010332107,False,312,0.00019096375035587698,-0.0026079462841153145,0.0078117940574884415
2728,653,13,2,-5.9742536544799805,-0.006957369,0.0054976465,True,650,-0.005766954272985458,0.000804147741291672,0.005883913487195969
2728,663,13,2,-5.618265151977539,-0.009177055,0.0065065576,False,658,0.0017657375428825617,-0.0033955001272261143,0.020844850689172745
2728,713,14,2,-5.820631504058838,0.002609253,-0.0004180813,True,746,0.00014973639918025583,0.003570995293557644,-0.0064485929906368256
2728,745,14,2,-5.8415350914001465,-0.00014736176,-0.0012287236,True,746,0.00014973639918025583,0.003570995293557644,-0.0045026205480098724
2728,948,18,2,-3.5772030353546143,0.00030274867,-0.001596632,False,940,-0.0011359453201293945,-0.002050857525318861,-0.000984468380920589
2730,639,12,2,-5.814703464508057,-0.00066609384,0.0017690754,False,637,0.0022081565111875534,-0.0022603035904467106,0.006903629284352064
2730,671,13,2,-5.538313865661621,-0.00054650306,-0.0006733036,False,696,0.004277133848518133,0.006733770482242107,-0.0025834371335804462
2731,533,10,2,-4.575930595397949,-0.006494312,-0.0028021145,False,507,0.0017734909197315574,-0.003592653200030327,0.009058341383934021
2731,570,11,2,-5.136020183563232,0.004660368,0.0052558803,False,558,0.0009583282517269254,0.002144823083654046,-0.0005909824976697564
2731,609,12,2,-4.651848316192627,-0.0033433628,-0.0036475658,False,601,0.002720489399507642,0.007172288838773966,-0.0047560022212564945
2731,804,16,2,-5.478394508361816,0.008996849,-4.1208266e-05,True,842,-0.0031583691015839577,-0.01062757521867752,-0.0015688510611653328
2735,602,12,2,-5.132274150848389,0.0033666992,-0.0057027913,False,640,-0.0035468863788992167,-0.002660122001543641,-0.009956254623830318
2735,680,13,2,-5.103104591369629,0.0035036756,0.0026047898,False,652,-0.011976680718362331,-0.0028105832170695066,-0.010064982809126377
2738,282,5,2,-4.366791725158691,0.0020365238,-0.009412794,False,292,-0.0021163178607821465,-0.001168308313935995,-0.01239732839167118
2738,548,10,2,-3.673368215560913,0.0074814367,0.005511122,False,538,-0.0007540655205957592,-6.640434003202245e-05,-0.0026579760015010834
2738,552,11,2,-5.960463523864746,-0.0037808896,0.00060167315,True,560,-0.005969696212559938,-0.0004914951277896762,-0.001095638144761324
2738,654,13,2,-4.731499671936035,0.0076032924,-0.002742014,False,656,-0.005054226145148277,-0.0030665111262351274,-0.012333021499216557
2739,161,3,2,-3.2513489723205566,0.00063648704,-0.00045341492,False,150,-0.0012227153638377786,0.0024531125091016293,-0.004765729419887066
2739,843,16,2,-5.74230432510376,0.0041216374,0.0025319194,True,822,-0.0013261318672448397,-0.004744501318782568,0.0018286514095962048
2740,689,13,2,-5.476411819458008,0.0062194155,-0.0035974407,True,659,0.003157434519380331,-0.003507642773911357,-0.0031517790630459785
2740,712,14,2,-5.9742536544799805,-0.0007027721,0.006398821,True,730,0.0009608840919099748,0.0020088767632842064,0.006053600460290909
2743,346,6,2,-5.401564598083496,-0.0010562706,0.003499918,False,302,0.0021600723266601562,0.009306383319199085,-0.0025901226326823235
2743,668,13,2,-5.804365158081055,-0.008465576,0.0016682721,False,658,0.003024931065738201,-0.0017494488274678588,0.014908228069543839
2744,742,14,2,-5.7396931648254395,0.0040609073,0.0017103005,True,727,0.0032967375591397285,-0.0018103313632309437,0.0027564619667828083
2744,781,15,2,-3.8801159858703613,-0.001059041,-0.001100421,False,791,-3.92436959373299e-06,5.9995651099598035e-05,-0.00010529996507102624
2745,399,7,2,-4.712390899658203,-0.00054803846,-0.0030212975,False,362,-0.0002279949258081615,0.0014742660569027066,-0.004175520036369562
2745,644,12,2,-5.934782028198242,-0.0037653064,0.01025528,False,617,0.0005428600125014782,0.0030076694674789906,0.011555776931345463
2747,173,3,2,-3.4083611965179443,0.0009857368,-0.004870825,False,180,0.00042799950460903347,-0.0013775062980130315,-0.0040510562248528
2747,197,3,2,-1.9804036617279053,-0.0006395674,0.0012040853,False,-1,,,
2747,343,6,2,-4.598933219909668,0.009858675,0.0037825298,False,319,0.011646308936178684,-0.0011160564608871937,0.006686220411211252
2747,572,11,2,-4.143653869628906,0.014963713,-0.004449282,False,550,-0.00027298927307128906,-0.009918127208948135,-0.009767856448888779
2748,641,12,2,-4.811707019805908,-0.0068053054,0.0065679643,False,648,0.010522671043872833,0.002139987889677286,0.021755952388048172
2748,701,14,2,-5.215278148651123,-0.009278421,-7.15065e-05,False,749,-0.002132730558514595,-0.0007225036388263106,0.007796687539666891
2751,308,6,2,-5.41192626953125,-0.011390171,-0.0029954815,False,342,0.002469291677698493,0.00035581589327193797,0.010508164763450623
2751,603,12,2,-5.9742536544799805,-0.003637266,0.00061701774,True,631,0.0,0.001280126627534628,0.0029741572216153145
2754,148,2,2,-3.327481746673584,0.0012413502,0.0006285858,False,124,-0.00044324397458694875,0.0014843845274299383,-0.0025403928011655807
2754,604,12,2,-4.224154949188232,0.015492372,-0.0064330674,False,622,-0.004917187616229057,0.005872311536222696,-0.03271494060754776
2755,334,6,2,-5.878596305847168,0.0011209202,0.0021932698,False,347,0.0003571414854377508,0.002142314799129963,-0.000712823704816401
2755,555,11,2,-5.450747013092041,0.0044954587,0.0026265907,False,563,-0.0026287937071174383,0.0011666202917695045,-0.005664282012730837
2755,726,14,2,-5.840684413909912,0.0026713847,-0.0017957687,True,707,-0.002655992517247796,0.0036457348614931107,-0.010768881067633629
2755,838,16,2,-5.653858661651611,-0.00031819343,-0.00601017,False,822,-0.00014496802759822458,-0.0015810775803402066,-0.004255867097526789
2757,279,5,2,-2.7413015365600586,-0.0018041086,0.0010026407,False,281,-0.00588603038340807,0.0020065498538315296,-0.005085831508040428
2757,801,16,2,-5.339817523956299,0.010099344,-0.0063118744,False,836,0.007100734859704971,-0.005400800611823797,-0.003909682855010033
2762,443,8,2,-3.728736162185669,-0.0010338592,0.0030522156,False,424,-0.0002952098730020225,-0.002819538116455078,0.006610402837395668
2762,833,16,2,-5.472417831420898,0.0069678877,-0.0023116397,True,836,0.0003312682965770364,-0.0010808372171595693,-0.007867421954870224
2765,832,16,2,-5.938755512237549,-0.005893221,0.015390787,False,840,-0.0012564468197524548,0.006649990100413561,0.013377571478486061
2765,979,19,2,-3.5591633319854736,0.004419274,-0.0013211488,False,986,0.0018784808926284313,-0.004244146402925253,0.0003822045400738716
2766,260,5,2,-4.244096755981445,-0.0039622784,-0.0032667445,False,296,-0.0050614927895367146,0.0036498450208455324,-0.00801580399274826
2766,331,6,2,-5.677794456481934,-0.0107138725,0.0128217125,False,339,0.005042972508817911,0.009376497007906437,0.019202060997486115
2766,427,8,2,-3.2076871395111084,-0.0023073722,0.00083765504,False,416,0.0022103977389633656,0.002853026380762458,0.0025023985654115677
2766,821,16,2,-5.465423583984375,0.010176602,-0.00031643867,False,836,0.0031774139497429132,0.0016952038276940584,-0.009010829962790012
2767,223,4,2,-3.9440512657165527,-0.0004710579,-0.001971531,False,219,0.002202434465289116,-0.005084982141852379,0.00578694324940443
2767,322,6,2,-5.257021903991699,0.00426713,0.0034139443,False,306,-0.006336326710879803,0.006326026748865843,-0.013515538536012173
2767,738,14,2,-5.211198806762695,0.0004065323,0.0013852215,False,739,0.004735908471047878,-0.0068907830864191055,0.012605380266904831
2767,806,16,2,-5.283388614654541,-0.0019641973,0.00025369643,False,815,0.005098638590425253,-0.0031771946232765913,0.010493726469576359
2768,511,10,2,-3.1037485599517822,-0.0042929505,-0.0049744463,False,503,0.008868880569934845,-0.00027802467229776084,0.008465409278869629
2768,841,16,2,-4.472145080566406,0.012349853,0.0094154645,False,834,-0.004427633248269558,-0.011411981657147408,0.004049959592521191
2769,35,0,2,-5.220418453216553,-0.000985136,-0.0016131783,False,20,0.003812637412920594,-0.0011017513461411,0.004286346957087517
2769,675,13,2,-5.428356170654297,0.0078057195,0.0023998069,True,691,-0.00012945175694767386,-0.00275140767917037,-0.00278395670466125
2771,466,9,2,-2.596702814102173,0.0027262114,0.0012192107,False,-1,,,
2771,720,14,2,-5.036128044128418,-0.012423277,0.0072502997,False,731,-0.011531858704984188,-0.015266017988324165,0.02340773493051529
2773,301,6,2,-5.931334495544434,-0.001662197,0.005827932,True,347,-0.0005659008165821433,0.004276847932487726,0.002647380344569683
2773,829,16,2,-5.8757476806640625,0.0010025883,-0.0016267586,True,822,-0.004565143492072821,0.0033448028843849897,-0.01053929328918457
2774,655,13,2,-3.278898000717163,-0.0009106064,0.0005456448,False,690,0.0042449901811778545,0.007197546772658825,-0.0014963054563850164
2774,802,16,2,-4.25982666015625,-0.004418621,-0.0061170007,False,825,-0.0008498573442921042,-0.010813436470925808,0.008265199139714241
2775,606,12,2,-2.785266160964966,0.012439514,0.011746125,False,628,-0.006372647359967232,-0.0009144925861619413,-0.006151542998850346
2775,664,13,2,-3.4818520545959473,-0.00086238387,0.009407225,False,695,0.005696706939488649,0.0037425709888339043,0.01222374476492405
2777,477,9,2,-2.9309194087982178,-0.0027119159,0.0004394102,False,494,-0.00046053409460000694,-0.00041170595795847476,0.003102497896179557
2777,700,14,2,-5.008738994598389,-0.0019848538,-0.005888424,False,744,-0.0057239532470703125,0.0016099929343909025,-0.01123751699924469
2781,591,11,2,-5.130855560302734,0.00142313,-0.007968721,False,573,0.008671293035149574,-0.010375738143920898,0.009655180387198925
2781,835,16,2,-5.3947882652282715,0.011589307,-0.011589307,True,836,-0.0041063022799789906,-0.0019855499267578125,-0.02529936656355858
2786,553,11,2,-5.609111785888672,-0.006451826,-0.006409912,False,587,-0.003486423520371318,-0.00377235421910882,0.0003278448712080717
2786,804,16,2,-5.558147430419922,-0.0017082214,-0.008322124,False,815,0.0005403900286182761,-0.0030172348488122225,-0.0030562779866158962
2789,615,12,2,-3.9507012367248535,0.0037629413,-0.0020214366,False,622,0.00599293690174818,0.0006216716719791293,-0.0004131128080189228
2789,814,16,2,-5.194013595581055,0.0007091236,-0.002488098,False,813,-0.0017956065712496638,-0.0004882717039436102,-0.004504556767642498
2790,300,6,2,-4.020092487335205,0.016115189,0.006631937,False,337,-0.0029817582108080387,0.0010540008079260588,-0.01351901050657034
2790,883,17,2,-3.5793914794921875,-0.000977602,-0.0008820772,False,854,0.0006518459413200617,-0.002258992288261652,0.0030063630547374487
2791,340,6,2,-3.6726930141448975,0.00039003848,0.012399063,False,-1,,,
2791,845,16,2,-4.578840732574463,-0.004305811,0.0075264834,False,812,-0.004813480190932751,0.007737321779131889,-0.0007185069844126701
2794,263,5,2,-5.3055033683776855,0.007289476,0.0010615158,False,290,0.004456892143934965,0.0013216114602982998,-0.003092679660767317
2794,311,6,2,-5.9742536544799805,-0.0018872452,2.1076203e-05,True,324,0.00018054962856695056,0.003464813344180584,-0.0013759422581642866
2795,199,3,2,-4.129950523376465,-0.00048739434,0.001701355,False,171,-0.00043752670171670616,0.003182640066370368,-0.0014314174186438322
2795,325,6,2,-5.0421295166015625,0.016031733,0.0013570499,True,302,0.009916591458022594,0.012531165964901447,-0.017289258539676666
2796,100,2,2,-3.9332621097564697,-0.0012060833,-0.00012648583,False,110,0.002778072375804186,0.004227261524647474,-0.0003695916384458542
2796,348,6,2,-5.4342451095581055,0.009997206,-0.003804369,True,342,0.003967685624957085,-0.00268693920224905,-0.007146949879825115
2797,213,4,2,-3.952164888381958,-0.0006330109,-0.0020320748,False,218,-0.0008448362350463867,0.00030723572126589715,-0.0025511360727250576
2797,327,6,2,-5.150576591491699,0.01452569,-0.00032030104,True,316,0.014171982184052467,0.002143287565559149,-0.0028172973543405533
2801,727,14,2,-5.684606075286865,0.00059069635,-0.0057929517,True,721,-0.0019708918407559395,-0.0032277966383844614,-0.0051267435774207115
2801,808,16,2,-5.477869510650635,-0.0061554816,-0.0038591481,False,815,-0.0012466907501220703,0.007290525361895561,-0.006240882910788059
2804,309,6,2,-4.969274520874023,0.0025755595,0.005319519,False,321,0.009960384108126163,0.002889070427045226,0.009815272875130177
2804,584,11,2,-5.271024227142334,0.013052273,-0.0019287586,True,559,0.010454759933054447,0.0014657783322036266,-0.005992049351334572
2805,344,6,2,-5.606839179992676,0.0034227944,0.0031153583,True,335,0.007256698794662952,-0.007253370247781277,0.014202632941305637
2805,595,11,2,-5.668010711669922,-0.011360531,-0.0030943775,False,586,-0.0003335285291541368,0.00010132789611816406,0.00783129595220089
2808,319,6,2,-4.51049280166626,0.00596303,0.004867601,False,315,-0.0019431781256571412,0.0057267858646810055,-0.008765392005443573
2808,577,11,2,-5.9742536544799805,-0.0053616525,0.0023937225,True,575,-0.004114951938390732,1.3074874914309476e-05,0.0036273482255637646
2809,333,6,2,-4.342408657073975,0.0049679372,-0.0033637239,False,305,-0.008039060048758984,0.001158638042397797,-0.017529359087347984
2809,557,11,2,-5.505467414855957,0.0075949,-0.0037547492,True,569,-0.0019587231799960136,0.005898084491491318,-0.0192064568400383
2809,847,16,2,-4.14846134185791,0.012595777,-0.0022802067,False,828,-0.0007301044533960521,-0.013806352391839027,-0.0017997361719608307
2809,884,17,2,-2.8499419689178467,0.0030916976,-0.0007497072,False,865,-0.0010037708561867476,0.0024887181352823973,-0.007333893794566393
2812,640,12,2,-5.795902729034424,-0.01112216,-0.0035670185,False,631,-0.0013494682498276234,-0.0026357173919677734,0.008841389790177345
2812,858,17,2,-3.848384380340576,0.0012187958,-0.0028169346,False,861,-0.00029109002207405865,-0.001040658913552761,-0.003286161459982395
2817,596,11,2,-5.9742536544799805,-0.011865377,0.00556963,True,578,-0.0012545967474579811,0.002855539321899414,0.013324870727956295
2817,833,16,2,-5.651922702789307,-6.0691833e-05,-0.00427845,False,822,0.0002301788335898891,-0.0043195150792598724,0.00033193593844771385
2820,108,2,2,-3.896277904510498,-0.0010898733,-0.002039404,False,130,0.0002555703977122903,-0.002348818816244602,0.0016548584681004286
2820,318,6,2,-5.150808334350586,0.0061946963,-0.009155417,False,339,0.009555559605360031,0.006381578277796507,-0.012176131829619408
2820,702,14,2,-5.6600518226623535,-0.0023769378,0.0018125916,False,748,0.001421918859705329,-0.0045143794268369675,0.010125827975571156
2820,707,14,2,-5.565456867218018,0.0056742383,-0.0025719262,True,737,-0.006391639821231365,0.009193668141961098,-0.023831471800804138
2820,843,16,3,-5.298572063446045,0.013513632,-0.011299095,True,826,0.00592009536921978,0.00997601542621851,-0.028868649154901505
2822,124,2,2,-3.337838649749756,0.0001377821,-0.0019891835,False,142,-0.0013502836227416992,-0.0017670870292931795,-0.001710162265226245
2822,312,6,2,-5.45013427734375,0.010482388,0.0032514762,True,317,0.009893865324556828,-0.002711191074922681,0.00537414476275444
2822,619,12,2,-5.331575393676758,-0.0070970342,-0.0042541693,False,613,-0.0008746337844058871,1.027107282425277e-05,0.0019579599611461163
2822,842,16,2,-5.404262065887451,0.009186439,-0.001350727,True,840,0.008724994957447052,0.006169757805764675,-0.007981928996741772
2823,629,12,2,-5.517797946929932,-0.0016419888,0.0076581957,False,627,2.669334389793221e-05,0.0063460348173975945,0.002980843186378479
2823,724,14,2,-5.1944899559021,0.011587935,0.008981934,False,709,-0.0018864917801693082,-0.004537935368716717,4.544295370578766e-05
2825,633,12,2,-4.6038641929626465,-0.002460165,-0.0057147024,False,605,-0.006466846447438002,-0.002465000143274665,-0.007256384007632732
2825,733,14,2,-5.5717058181762695,0.006298933,-0.004637699,False,748,0.0030010701157152653,-0.0061027430929243565,-0.0018328195437788963
2827,202,4,2,-3.939013957977295,-0.0015785742,0.0021834278,False,212,-0.0038244056049734354,-0.0019584607798606157,0.001896057277917862
2827,560,11,2,-5.79514741897583,0.0035821246,-0.0021729278,True,586,-0.0009006500476971269,0.0032708740327507257,-0.009926576167345047
2828,442,8,2,-4.755778789520264,-0.006895323,0.0023764896,False,447,-0.0013179016532376409,0.0029391383286565542,0.005014772526919842
2828,606,12,2,-2.1777076721191406,0.012595267,0.0020151425,False,636,-0.014300959184765816,-0.008364629931747913,-0.01651645451784134
2828,635,12,2,-5.352281093597412,0.0025464916,-0.0030720616,False,610,0.002571373013779521,-0.0012973308330401778,-0.0017498494125902653
2828,725,14,2,-2.9887335300445557,0.002738166,-0.0040341043,False,714,-0.0010912991128861904,-0.0001530122826807201,-0.00771055743098259
2831,564,11,2,-5.890143394470215,0.0016822052,-0.0016822052,True,575,0.001654663123190403,0.0038841916248202324,-0.0055939387530088425
2831,739,14,2,-5.682640075683594,0.0005641651,-0.000687151,False,731,-0.009255390614271164,-0.0044257258996367455,-0.006080980878323317
2836,741,14,2,-4.876987934112549,-0.014893303,0.0025024319,False,749,0.006931886542588472,0.010652913711965084,0.01367470808327198
2836,836,16,2,-5.443748474121094,0.0029903126,-0.010502415,False,827,-0.020236635580658913,-0.0002106189785990864,-0.03351874649524689
2837,475,9,2,-4.234134674072266,0.0019242477,-4.7035217e-05,False,478,-0.0008272171253338456,-0.0006801891140639782,-0.0021183108910918236
2837,541,10,2,-3.780496120452881,0.0024565696,-0.0011522436,False,509,-0.004220419097691774,0.0074427081272006035,-0.01527194119989872
2837,745,14,2,-5.1997456550598145,0.0131509015,-0.0010028743,False,709,0.0006923198816366494,-0.005206785164773464,-0.008254670538008213
2837,831,16,2,-5.922170162200928,0.00046715737,0.0045323754,True,824,0.0005190372467041016,-0.0018956279382109642,0.006479883100837469
2841,338,6,2,-4.51816463470459,0.007432699,-0.01207674,False,328,0.012646742165088654,-0.002261800691485405,-0.004600895568728447
2841,554,11,2,-5.5675177574157715,-0.0033724976,-0.0044878293,False,556,-0.005758161656558514,0.004040346015244722,-0.010913839563727379
2842,369,7,2,-3.7658607959747314,-0.000983076,0.0026872016,False,374,-0.0016757964622229338,0.0015405368758365512,0.0004539443179965019
2842,645,12,2,-4.555312156677246,0.009709578,0.0066097165,False,607,0.014371251687407494,0.009564190171658993,0.0017071999609470367
2843,563,11,2,-5.850114822387695,-0.0066909883,0.0013554859,True,581,-0.0015303993131965399,0.002475194865837693,0.004040880128741264
2843,736,14,2,-5.888647079467773,0.00074840547,0.0004088688,True,723,-0.007035112474113703,0.00405122758820653,-0.01142587698996067
2844,227,4,2,-3.5656559467315674,-0.0020138072,-0.0002974081,False,247,0.0008454942726530135,-0.0016721391584724188,0.004234032705426216
2844,611,12,2,-4.958962917327881,0.014084606,0.0012853527,False,620,0.005162410903722048,-0.001260995864868164,-0.006375846918672323
2846,600,12,2,-5.731075286865234,-0.00211833,0.0014931869,False,634,0.003507099114358425,-0.004360218066722155,0.01147883478552103
2846,747,14,2,-5.617512226104736,0.00082818983,0.011361217,False,740,-0.0030114268884062767,-0.00031126022804528475,0.007832860574126244
2847,249,4,2,-4.721680164337158,-0.0025534343,-0.0005923843,False,245,0.002937974873930216,-0.0013480281922966242,0.006247053388506174
2847,670,13,2,-5.695699214935303,0.0053806687,0.004014835,True,688,0.004950246773660183,-0.006324510555714369,0.009908923879265785
2852,12,0,2,-3.6522648334503174,0.0027896308,-0.0037778425,False,11,-0.003433103673160076,0.0023601865395903587,-0.012360763736069202
2852,829,16,2,-5.842418670654297,-0.0017687893,0.00034738542,True,824,-0.001728429808281362,-0.0023898601066321135,0.002777604851871729
2856,204,4,2,-3.0551981925964355,-0.0004917717,0.004681277,False,201,0.0027767037972807884,7.667064346605912e-05,0.007873082533478737
2856,815,16,2,-5.189333915710449,0.008323098,0.0065522003,False,813,-0.003202142659574747,-0.005700540728867054,0.0007275007665157318
2856,835,16,2,-5.9742536544799805,-0.00090010645,0.0011336708,True,837,0.0011018753284588456,-0.003356676083058119,0.006492328830063343
2856,965,19,2,-3.16280198097229,0.0049795485,-0.00048874377,False,959,-0.0021364830899983644,-0.002227673539891839,-0.0053771017119288445
2858,252,5,2,-5.773766040802002,-0.009063759,-0.0021541691,False,284,-0.005029935855418444,-0.002850637538358569,0.004730291664600372
2858,316,6,2,-4.866805076599121,0.007889824,0.0030644895,False,345,-0.009201974608004093,-0.0015305900014936924,-0.012496719136834145
2858,721,14,2,-5.783822536468506,-0.0022841264,-0.003314314,True,740,-0.005675392225384712,-0.004452505148947239,-0.0022530746646225452
2858,916,18,2,-3.984623432159424,-2.6311875e-05,0.00054016116,False,937,0.00029578685644082725,-0.0010336685227230191,0.0018959285225719213
2863,326,6,2,-5.342482089996338,0.006181841,0.0051709176,False,307,0.006921377032995224,0.0008211994427256286,0.005089254584163427
2863,617,12,2,-5.612642288208008,0.0016806793,-0.0010040473,False,637,0.0007841587066650391,-0.003935346379876137,0.0020347784738987684
2863,659,13,2,-5.218382835388184,0.00391243,0.00015845298,False,691,0.0036674500443041325,-0.004645032808184624,0.004558505490422249
2863,730,14,2,-5.469235420227051,0.0085431095,-0.01005044,True,710,-0.0027746486011892557,0.000618782069068402,-0.021986979991197586
2864,224,4,2,-4.403202056884766,-0.0022193813,0.0019755077,False,225,-0.0017517375526949763,-0.0009949302766472101,0.003438082057982683
2864,599,11,2,-5.937222480773926,0.00073858263,-0.00074062345,True,594,-0.001502456609159708,8.790015999693424e-05,-0.0030695628374814987
2864,658,13,2,-5.809460639953613,0.0032958603,-0.0002972603,True,668,0.0012624645605683327,-0.0022864914499223232,-4.416448064148426e-05
2864,735,14,2,-5.3056721687316895,0.0046856496,0.0043850993,False,709,-0.004066667519509792,0.0032525062561035156,-0.00761972414329648
2874,107,2,2,-4.7232794761657715,0.000134058,-0.0044575594,False,143,-0.0025417422875761986,0.0007621955592185259,-0.007895555347204208
2874,311,6,2,-5.852823734283447,-0.0002274418,0.00039993285,True,301,-0.0036645985674113035,-0.0022635841742157936,-0.0007736397674307227
2874,559,11,2,-5.055060863494873,0.003910608,-0.004980793,False,558,0.0012331390753388405,-2.82096862065373e-05,-0.007630052976310253
2874,640,12,2,-5.9742536544799805,-0.005482426,0.0023899078,True,603,-0.0009446811745874584,0.0,0.00692765275016427
2874,663,13,2,-5.711848735809326,-0.0007852745,0.0050688935,False,696,-0.005406847223639488,0.0018629455007612705,-0.0014156247489154339
2874,833,16,2,-5.93496036529541,-0.003547926,-0.000116157535,True,801,-0.006550522055476904,0.01377115212380886,-0.0168899055570364
2875,625,12,2,-5.125621795654297,0.0018712044,0.00289423,False,620,0.0002428245497867465,-0.0022625732235610485,0.0035284236073493958
2875,717,14,2,-5.881392955780029,-0.0013174724,0.0045019533,True,742,-0.004663200583308935,0.00011137008550576866,0.0010448554530739784
2879,737,14,3,-5.022047996520996,0.0048814965,-0.003777275,False,712,0.0077745914459228516,0.00439592357724905,-0.005280103534460068
2881,313,6,2,-5.750730514526367,-0.00016613006,0.0059398557,True,335,0.0005615901900455356,0.009136638604104519,-0.002469062339514494
2881,897,17,2,-3.4632654190063477,-0.0006270122,-9.762764e-05,False,898,-0.002086749067530036,0.00014899730740580708,-0.0017063618870452046
2883,337,6,2,-4.433253765106201,-0.009856224,0.0047189714,False,305,-0.00404124241322279,0.011658468283712864,-0.0011245151981711388
2883,848,16,2,-4.918275833129883,0.008451338,0.0041318797,False,811,-0.010310154408216476,0.0047724246978759766,-0.01940203830599785
2884,550,11,2,-4.7023773193359375,0.004669638,0.0074342918,False,551,0.0008303737849928439,0.004796199966222048,-0.0012011723592877388
2884,589,11,2,-5.022464275360107,-0.0032977008,-0.008677635,False,558,0.005294961854815483,-0.001164932269603014,0.0010799593292176723
2884,825,16,2,-5.166675090789795,-0.005953131,0.0069555664,False,826,0.0012471103109419346,-0.009692010469734669,0.02384781837463379
2884,840,16,2,-4.70110559463501,0.014117546,0.0029489994,False,810,-0.002688398351892829,0.002949295099824667,-0.016806241124868393
2890,498,9,2,-3.8169302940368652,-0.0008414173,0.0019773245,False,457,-0.0018744945991784334,0.00235017784871161,-0.0014059306122362614
2890,679,13,2,-1.867188811302185,0.0030439878,-0.0031130482,False,-1,,,
2890,746,14,2,-5.664665699005127,0.005946226,0.003189497,True,708,0.00025310515775345266,-0.004793806001543999,0.0022901820484548807
2890,818,16,2,-3.698631525039673,-0.002829504,-0.01219625,False,849,0.002531299600377679,-0.004110274370759726,-0.0027251718565821648
2891,321,6,2,-4.489349365234375,0.006407442,-0.0064974497,False,305,-0.005310144275426865,0.013978499919176102,-0.03219353407621384
2891,615,12,2,-4.305964946746826,-0.0060626697,-0.0060028173,False,609,0.0013254355872049928,0.003089637728407979,-0.001704349764622748
2895,327,6,2,-5.344397068023682,-0.004097128,-0.0008706093,False,347,0.003663568524643779,-0.002899770624935627,0.009789858013391495
2895,632,12,2,-2.712385892868042,-0.0016653967,-0.01109448,False,630,-0.0002759408962447196,0.0039424896240234375,-0.013647513464093208
2895,684,13,2,-3.4100093841552734,0.004659872,0.00052189827,False,655,-0.009169597178697586,0.002393641509115696,-0.015701211988925934
2895,726,14,2,-5.903018951416016,-0.0020050907,-0.0014246941,True,738,-0.011070680804550648,0.0031478404998779297,-0.01363812480121851
2896,562,11,2,-5.383621692657471,0.0028029538,-0.0075754835,False,597,0.0022115230094641447,-0.001061515766195953,-0.007105398457497358
2896,623,12,2,-2.937934637069702,0.0077069663,-0.0009899426,False,624,0.008149695582687855,0.00024610041873529553,-0.0007933136075735092
2900,306,6,2,-4.808077812194824,-0.0023214626,9.309769e-05,False,322,0.00898791290819645,-0.003175439778715372,0.014577912166714668
2900,342,6,2,-5.721790313720703,-0.0027985,-0.002799368,False,335,0.0030674648005515337,0.016010798513889313,-0.012944201938807964
2900,804,16,2,-5.9742536544799805,-0.0058024023,0.0,True,801,0.002383127110078931,0.006071510259062052,0.002114019123837352
2900,807,16,2,-3.7073893547058105,0.013053808,0.0056081056,False,849,-0.0038831662386655807,-0.008193130604922771,-0.003135738428682089
2902,510,10,2,-5.1067280769348145,-0.0023052406,-0.00071258546,False,544,-0.001627368968911469,-0.0014802742516621947,0.0014455604832619429
2902,650,13,2,-5.923335552215576,-0.00030337332,0.0028999902,True,657,-0.0032610702328383923,0.0020738125313073397,-0.0021315193735063076
2903,102,2,2,-3.9660916328430176,0.0009613037,-0.0008246708,False,129,-0.0010671901982277632,0.002100996905937791,-0.004954161588102579
2903,672,13,2,-4.819923400878906,0.006507454,-0.004800577,False,652,-0.0016498565673828125,0.003990239929407835,-0.01694812811911106
2904,341,6,2,-5.680566787719727,-0.008132649,-0.002431612,False,335,0.00554098142310977,0.012118006125092506,-0.0008759880438446999
2904,733,14,2,-5.715386390686035,0.0012797165,-0.0049502756,True,708,0.00034738541580736637,-0.0017787361284717917,-0.0041038705967366695
2904,749,14,2,-4.0469255447387695,0.01253027,-9.453773e-05,False,-1,,,
2904,838,16,2,-5.75399112701416,-0.008834582,-0.004405251,True,801,0.003519077319651842,0.006354961544275284,0.0015934468246996403
2905,343,6,2,-4.743823051452637,-0.014953461,-0.0016411304,False,322,0.0077156927436590195,-0.005216198042035103,0.02624422125518322
2905,530,10,2,-4.09511661529541,0.004059143,-0.00052200316,False,516,0.005404338706284761,-0.0006020641303621233,0.0014252569526433945
2905,575,11,2,-5.9742536544799805,-0.00060500146,0.0015794754,True,555,-0.010373544879257679,0.0,-0.008189068175852299
2905,745,14,2,-5.127676486968994,-0.0029266453,0.007030258,False,700,0.002867078874260187,-0.002318630227819085,0.015142613090574741
2907,308,6,2,-5.874220371246338,-0.012559729,-0.0015103626,True,330,-0.0015657615149393678,-0.002831945428624749,0.01231554988771677
2907,339,6,2,-4.715105056762695,0.0040628053,0.002008171,False,328,-0.00562815647572279,0.005154809914529324,-0.012837600894272327
2907,438,8,2,-4.486974239349365,-0.00070355413,0.0059082033,False,447,0.0010930347489193082,0.0008901214459910989,0.0068146707490086555
2907,821,16,2,-5.712289333343506,0.0039525316,-0.0029254055,False,801,0.004775753244757652,0.005763530731201172,-0.007865714840590954
2908,294,5,2,-4.9480719566345215,0.004496155,9.1943744e-05,False,290,0.005329189356416464,0.0018017387483268976,-0.0008767603430896997
2908,688,13,2,-5.917130947113037,-0.007829542,-0.0011424541,True,683,-0.0012266063131392002,0.002142028883099556,0.0033184527419507504
2910,824,16,3,-5.8593292236328125,-0.0016902447,-0.0011681652,True,837,-0.003963575232774019,0.005242681596428156,-0.008684176951646805
2911,678,13,2,-2.205639362335205,-0.0026112462,-0.0043949126,False,666,0.0014846849953755736,0.006530587561428547,-0.006829569116234779
2911,725,14,2,-2.6948814392089844,0.007251272,0.0067547085,False,714,0.00909234955906868,0.0020370865240693092,0.006558699533343315
2915,5,0,2,-4.016024112701416,-0.0050410605,-0.0049300287,False,27,0.003684835508465767,0.0016050958074629307,0.0021907715126872063
2915,707,14,2,-5.488708972930908,0.004063053,0.004354143,True,704,-0.01081749889999628,-0.004728956148028374,-0.005797452758997679
2916,97,1,2,-5.079421520233154,0.00013874054,0.00015961647,False,88,0.0011657810537144542,0.00025747300242073834,0.0009291840251535177
2916,334,6,2,-5.3643107414245605,0.011784477,-0.00028046608,True,335,0.008097686804831028,0.007774619851261377,-0.011741876602172852
2920,325,6,2,-5.08200740814209,-0.0017145729,-0.005345049,False,328,-0.006661625113338232,0.02164546400308609,-0.03193756565451622
2920,587,11,2,-5.7479987144470215,0.0035310555,-0.004525099,True,593,0.005054282955825329,-0.004492855165153742,0.0014909841120243073
2924,277,5,2,-3.351914882659912,0.0035284185,-0.0029666852,False,286,0.004376192111521959,0.0002117347758030519,-0.0023306463845074177
2924,741,14,2,-4.899330139160156,-0.0014597797,0.002066908,False,712,0.002424640581011772,0.002711324719712138,0.0032400034833699465
2926,270,5,2,-5.1227498054504395,0.0075288485,0.0011045646,False,282,0.0008718299795873463,-0.0015865802997723222,-0.003965873271226883
2926,626,12,2,-4.801192283630371,-0.009519491,-0.0010573387,False,621,0.008957462385296822,-0.007120370864868164,0.02453998476266861
2927,42,0,2,-4.0675530433654785,0.0015451146,-0.0006053257,False,22,0.0006783867138437927,0.001734399818815291,-0.003206453286111355
2927,307,6,2,-4.902827739715576,0.0014990807,0.0076186275,False,332,-0.00348383910022676,0.0034588337875902653,-0.000823125708848238
2929,349,6,2,-3.3457419872283936,-0.0088021895,0.007490387,False,315,0.016036057844758034,0.009814595803618431,0.022514037787914276
2929,687,13,2,-4.230877876281738,0.008500252,0.0024907016,False,694,-0.0033470059279352427,0.010964112356305122,-0.020320668816566467
2929,819,16,2,-1.934356927871704,0.015700074,-0.0050261356,False,-1,,,
2929,832,16,2,-5.957001209259033,-0.011066246,0.006914377,False,813,-0.010957250371575356,-6.50596630293876e-05,0.0070884330198168755
2933,345,6,2,-4.884292125701904,0.006537542,0.0030631828,False,332,-0.006802788004279137,0.008221788331866264,-0.01849893480539322
2933,633,12,2,-4.899007320404053,-0.0016169834,-0.004784107,False,643,0.005250787828117609,-0.0040779877454042435,0.006161651574075222
2933,814,16,3,-5.161544322967529,0.003110714,-0.007280369,False,802,-0.00890740379691124,-0.0054166316986083984,-0.013881854712963104
2936,185,3,2,-3.676964282989502,-0.0051928614,0.0014555788,False,158,0.0016355705447494984,0.006238117348402739,0.0020458935759961605
2936,808,16,2,-5.754582405090332,0.0037017823,-0.00020525932,True,826,-0.011030836030840874,0.008817434310913086,-0.023755311965942383
2938,576,11,2,-4.343616485595703,0.0067559336,0.0064009572,False,561,-0.008638233877718449,0.0035555935464799404,-0.012548803351819515
2938,827,16,2,-5.741764068603516,-0.010673885,0.0033375453,False,837,-0.0012474441900849342,0.002368383342400193,0.010395603254437447
2940,578,11,2,-5.969964504241943,-0.004526949,0.0020648956,True,555,-0.009022512473165989,0.0012390327174216509,-0.0036697005853056908
2940,610,12,2,-5.302577972412109,0.008646965,-0.011122065,False,629,-0.004407386761158705,0.0003360748232807964,-0.02451249212026596
2940,835,16,2,-5.9742536544799805,-0.00055321696,0.0006026363,True,813,-0.006897992920130491,0.001036958652548492,-0.006779097951948643
2940,922,18,2,-2.894653081893921,0.0034908056,-0.000792799,False,-1,,,
2941,278,5,2,-5.16251277923584,-0.0012263394,-0.008300772,False,282,-0.0011915587820112705,-0.006949272006750107,-0.0013167192228138447
2941,314,6,2,-5.429420471191406,0.007890692,0.0057539176,True,344,0.008541545830667019,-0.006131601519882679,0.012536372989416122
2945,388,7,2,-3.1142501831054688,-0.0029067756,0.0013510751,False,380,0.0003355121589265764,0.003023662604391575,0.0015697004273533821
2945,600,12,2,-4.976937770843506,0.013966608,-0.00076951983,False,619,0.005334873218089342,0.0025134182069450617,-0.011914673261344433
2950,433,8,2,-3.942396402359009,0.0030693007,0.0025558805,False,421,-0.0018812990747392178,0.0016933822771534324,-0.0040881019085645676
2950,699,13,2,-4.951756000518799,-0.007244253,0.0006330013,False,674,-0.0015695953043177724,0.005102300550788641,0.0012053591199219227
2953,301,6,2,-5.937624454498291,-0.0007680893,-0.000732584,True,330,-0.003768749302253127,0.004241657443344593,-0.007974901236593723
2953,337,6,2,-3.883802652359009,0.010979524,0.0019111967,False,336,0.001059308066032827,-0.005009608343243599,-0.0029994104988873005
2953,599,11,2,-5.9742536544799805,-0.0004328537,0.0019314098,True,554,-0.005911989137530327,0.0005588626954704523,-0.0041065881960093975
2953,611,12,2,-5.191374778747559,-0.0052592754,-0.014734059,False,635,0.003341188421472907,0.004679851699620485,-0.010813446715474129
2953,632,12,2,-3.4187214374542236,-0.011230903,-0.008052578,False,646,0.0013333368115127087,0.0001095342668122612,0.004402127116918564
2953,706,14,2,-4.59883975982666,0.0051611615,0.00277071,False,744,0.0017742824275046587,0.0016792869428172708,-0.0022954558953642845
2953,748,14,2,-5.857426643371582,0.00039216995,-0.00031615258,False,708,-0.0014991569332778454,0.0032396221067756414,-0.005447101313620806
2953,848,16,2,-4.100134372711182,0.011966953,-0.001940136,False,844,0.0001680564892012626,-0.01161368377506733,-0.0021253488957881927
2955,559,11,2,-5.592828750610352,-0.0077925683,0.003130169,False,563,0.008267288096249104,-0.004972104914486408,0.024162130430340767
2955,842,16,2,-5.765171051025391,-0.0061650085,0.005420065,False,837,0.0034862232860177755,-0.002050952985882759,0.01712225005030632
2958,313,6,2,-5.626339435577393,-0.0049598883,-0.005008106,False,346,0.0011123084696009755,0.006993751507252455,-0.0059296609833836555
2958,843,16,2,-5.552848815917969,0.002188797,-0.004392853,False,826,-0.00735226646065712,0.014303646050393581,-0.028237562626600266
2961,317,6,2,-5.8703932762146,-0.003644581,-0.0015948296,True,318,-0.010219545103609562,0.0031149769201874733,-0.01128477044403553
2961,698,13,2,-5.94943380355835,0.000496397,-0.0003680229,True,653,-0.004371442832052708,0.0001176548030343838,-0.005353517830371857
2962,141,2,2,-3.8376736640930176,0.00029984952,-0.00207479,False,114,0.001537752104923129,0.0021379662211984396,-0.002974853618070483
2962,603,12,2,-5.865211486816406,0.0008882904,0.0071364115,True,638,0.0021596336737275124,-0.0021596336737275124,0.010567388497292995
2962,648,12,2,-4.470106601715088,-0.0072839544,-0.00020414352,False,609,0.00012281417730264366,0.008568739518523216,-0.0013661142438650131
2962,746,14,2,-5.34088659286499,0.003470688,0.0035251998,False,710,0.007073850836604834,-0.00024269103596452624,0.007371054030954838
2963,443,8,2,-3.411503314971924,0.0035053634,-0.0007836199,False,449,0.0005507612368091941,-0.004072694573551416,0.0003344728611409664
2963,673,13,2,-5.15510368347168,-0.009998112,0.00085930823,False,665,-0.0029899978544563055,-0.005537795834243298,0.013405217789113522
2964,697,13,2,-4.342543601989746,-0.013063698,0.0013149262,False,-1,,,
2964,804,16,2,-5.598978519439697,0.0056435014,0.0051288987,True,837,4.444122168933973e-05,-0.0005418586661107838,7.169711170718074e-05
2965,181,3,2,-2.835826873779297,-0.0010487175,0.001457181,False,186,0.003846387844532728,-0.0006244087126106024,0.00697669479995966
2965,836,16,2,-5.708479404449463,0.0014175415,-0.0008101177,True,837,-0.00022394180996343493,-0.000819568638689816,-0.0016320324502885342
2973,326,6,2,-5.2081146240234375,-0.00665637,0.0045669554,False,312,0.005923900753259659,-0.001594648347236216,0.018741874024271965
2973,560,11,2,-5.851353168487549,0.0024580096,-0.001795597,True,567,0.0018877220572903752,0.0059718419797718525,-0.008337726816534996
2975,123,2,2,-3.0563158988952637,-0.0021263266,5.3181648e-05,False,126,0.0009617137839086354,-0.002587165916338563,0.005728387739509344
2975,579,11,2,-5.893286228179932,-0.0001415825,0.00071950915,True,555,0.0008612442179583013,0.003990230616182089,-0.0022678948007524014
2976,607,12,2,-3.825082302093506,0.00064216135,-0.003690462,False,622,0.005452022422105074,0.006434669718146324,-0.0053152707405388355
2976,822,16,2,-5.539862632751465,-0.0016130543,-0.0034930324,False,800,-0.013896608725190163,0.0008616638369858265,-0.016638251021504402
2978,562,11,2,-5.970222473144531,-0.0073676775,0.0028232194,True,552,-0.004318017978221178,0.007144775241613388,-0.0012718960642814636
2978,691,13,2,-5.43136739730835,0.0051401136,0.0012284088,False,689,0.00396277429535985,0.0033824157435446978,-0.0033313462045043707
2978,701,14,2,-5.320108413696289,0.011755505,0.0020699787,True,731,0.007330188527703285,0.0018711471930146217,-0.004226484335958958
2978,796,15,2,-4.428240776062012,0.0010443116,0.0026157189,False,797,0.0006738376687280834,0.002164382953196764,8.086208254098892e-05
2981,339,6,2,-4.268048286437988,0.0066177845,-0.0005390835,False,309,0.005916690919548273,-0.00022109985002316535,-0.0010190773755311966
2981,604,12,2,-4.264705657958984,0.001402073,0.006492429,False,609,0.001720323576591909,0.005547680892050266,0.0012629986740648746
2981,654,13,2,-5.776101589202881,0.00031417847,0.0070732404,False,658,0.0022072219289839268,0.0009349155589006841,0.008031368255615234
2981,727,14,2,-5.406930923461914,0.011346455,0.017032614,True,737,-0.0038844679947942495,-0.0008657169528305531,0.0026674082037061453
2982,801,16,2,-4.967582702636719,0.0063522626,0.0010284329,False,845,-0.012059411965310574,-0.006294164806604385,-0.011089077219367027
2982,865,17,2,-2.7995781898498535,0.0004404974,-0.0028904723,False,884,0.00023717879957985133,0.0014029168523848057,-0.004496707580983639
2989,726,14,2,-5.781927585601807,0.0028938197,-0.0012747574,True,708,0.003544769249856472,0.003497533733025193,-0.004121341742575169
2989,910,18,2,-3.835413694381714,-0.0018456936,0.00088784215,False,900,0.0021158361341804266,0.0001326894707744941,0.004716682247817516
2991,348,6,2,-5.452042579650879,0.0039366055,-0.004287605,False,311,0.0034263706766068935,-0.0036707401741296053,-0.0011270996183156967
2991,659,13,2,-5.353113174438477,-0.0060366346,-0.0010852051,False,663,0.002482089912518859,0.00036224364885129035,0.007071275729686022
2992,157,3,2,-5.583511829376221,-0.008642788,0.0014243793,False,188,0.004257888998836279,-0.0031573581509292126,0.017482414841651917
2992,525,10,2,-5.540231704711914,0.0025681972,-0.006513977,False,549,-0.0019693756476044655,-0.003147659357637167,-0.007903890684247017
2995,827,16,3,-5.328514099121094,0.011393089,-0.009466743,False,806,0.0006615829188376665,-0.006249370519071817,-0.013948878273367882
2996,580,11,2,-5.622773170471191,0.0070296098,-0.0003075123,True,589,-0.0004864597285632044,-0.005360460374504328,-0.002463121432811022
2996,724,14,2,-5.1699934005737305,-0.00054163934,0.002469902,False,710,0.003165006637573242,0.002083883387967944,0.004092664457857609
2998,833,16,2,-5.943435192108154,-0.00013435364,0.007164564,True,837,-0.0019673442002385855,0.010172414593398571,-0.004840841516852379
2998,870,17,2,-2.828150510787964,0.0006603956,-5.1612853e-05,False,884,0.0008584594470448792,-0.0007850074907764792,0.0009314585477113724
3000,838,16,2,-5.968997955322266,-0.00012340545,-0.000105113984,True,837,-0.0021328830625861883,0.009485740214586258,-0.011600332334637642
3000,995,19,2,-3.028993844985962,0.0016414928,0.00075008394,False,974,0.002839045599102974,0.00426718732342124,-0.002319550607353449
3001,266,5,2,-5.771302223205566,0.004059029,0.0065217875,True,280,-0.0025388430804014206,-0.0019334029639139771,0.0018573185661807656
3001,335,6,2,-5.125868797302246,-0.0030893611,0.00050595286,False,312,0.0022826194763183594,-0.012195920571684837,0.018073853105306625
3001,419,8,2,-4.826127529144287,-0.0017966271,0.0033552074,False,448,0.001492567011155188,-0.002263193018734455,0.008907593786716461
3001,556,11,2,-5.599107265472412,0.007502928,0.004950247,True,589,0.000381870282581076,-0.005080642644315958,0.002909831702709198
3001,564,11,2,-5.654042720794678,0.0064042187,0.0012213707,True,552,-0.0032980728428810835,0.0013292217627167702,-0.009810143150389194
3001,602,12,2,-5.267472267150879,-0.0042525483,0.005009308,False,612,0.01179553009569645,0.007122697774320841,0.01393468864262104
3001,650,13,2,-5.488601207733154,0.0058886814,-0.0024484538,True,683,0.004076280631124973,-0.006787366699427366,0.002526511438190937
3001,908,18,2,-3.557816743850708,-0.0014270305,-0.0008623743,False,948,-0.0010496759787201881,-0.0006048011709935963,0.00011978141264989972
3002,320,6,2,-3.726402521133423,-0.00865663,0.009671621,False,300,-0.00024186611699406058,-0.004729423671960831,0.022815808653831482
3002,831,16,2,-5.768102645874023,0.00076958654,0.001553669,True,828,-0.009316129609942436,1.3198852684581652e-05,-0.008545245975255966
3003,331,6,2,-5.119370460510254,0.012558632,-0.011648693,False,312,0.0038545895367860794,-0.011730832979083061,-0.008621901273727417
3003,778,15,2,-4.4545674324035645,0.0001886177,0.0013123989,False,797,0.0020582389552146196,0.002422943012788892,0.0007590771419927478
3006,322,6,2,-5.003602981567383,0.00012421608,0.0011209011,False,312,0.003951597027480602,-0.009587888605892658,0.014536170288920403
3006,568,11,2,-2.2436411380767822,0.0017792654,0.0025500392,False,565,-0.0021025370806455612,-0.0004312706005293876,-0.0009004926541820168
3006,747,14,2,-5.234576225280762,-0.0010550595,-0.00067749026,False,731,0.004981413017958403,0.0013403892517089844,0.004018593113869429
3006,816,16,2,-3.348134994506836,-0.011545368,0.0055332948,False,807,-0.0020034790504723787,0.00215910910628736,0.012916074134409428
3010,327,6,2,-5.289667129516602,0.005902405,-0.011407166,False,347,0.0020760251209139824,-3.494262637104839e-05,-0.01519860327243805
3010,557,11,2,-5.922769069671631,-0.0006322861,0.0045710374,True,593,0.0003126049123238772,0.004289922770112753,0.0012260056100785732
3010,704,14,2,-5.891407012939453,-0.003518591,-0.00076156616,False,719,-0.007234049029648304,0.0015475559048354626,-0.006024579517543316
3010,973,19,2,-3.67000412940979,0.0009448385,-0.0006999254,False,966,-0.0012233066372573376,0.0013826751383021474,-0.004250745289027691
3013,334,6,2,-4.795909881591797,0.010699015,-0.0007226276,False,333,0.00039373396430164576,-0.007440166547894478,-0.0035877423360943794
3013,687,13,2,-4.432065963745117,-0.005876007,-0.0022002505,False,656,0.004603357519954443,0.0009764861897565424,0.007302627898752689
3018,594,11,2,-5.377058029174805,0.0075224782,0.0034175874,False,558,-0.0042970753274858,0.0019888877868652344,-0.010390853509306908
3018,813,16,2,-5.8687944412231445,0.0021091842,0.004884729,True,828,-0.008183088153600693,0.004747590981423855,-0.01015513390302658
3021,2,0,2,-3.3317980766296387,-0.005433135,-0.0011788559,False,0,-0.0013752365484833717,-0.0026609564665704966,0.005539999343454838
3021,323,6,2,-3.919853687286377,0.0031903458,-0.009603968,False,302,0.002808523131534457,-0.009955072775483131,-3.071781247854233e-05
3021,343,6,2,-4.790465354919434,-0.00042033195,0.0043374347,False,333,-0.0005359840579330921,-0.009247932583093643,0.013469715602695942
3021,373,7,2,-3.1794521808624268,-0.0010549831,-0.0023122597,False,365,-0.0063088322058320045,-0.0007256317185238004,-0.006840477231889963
3024,257,5,2,-3.2205734252929688,-0.0012256384,-0.0012098026,False,299,-0.0006690358859486878,0.00038312911055982113,-0.0010363290784880519
3024,308,6,2,-5.944829940795898,-0.0016131687,0.004411173,True,342,-0.00391356460750103,-0.0005248069646768272,0.002635584445670247
3024,563,11,2,-5.332057476043701,0.010477152,0.008798428,False,558,-0.005206098780035973,0.003322019474580884,-0.010206841863691807
3024,644,12,2,-5.866776943206787,0.0015217018,0.0014741803,True,608,-0.00020882606622762978,0.0071688080206513405,-0.007425155956298113
3024,811,16,2,-4.653341293334961,-0.0087269405,-0.0063100816,False,825,-0.008180474862456322,-0.00021708488930016756,-0.0055465311743319035
3024,842,16,2,-5.784064292907715,0.0001914692,0.0052866745,False,828,-0.0058028982020914555,0.0028380488511174917,-0.0035457415506243706
3028,597,11,2,-5.95121431350708,-0.003376913,0.0071716025,True,584,-0.00037728308234363794,0.003917713183909655,0.006253519095480442
3028,674,13,2,-5.379293441772461,-0.009899454,-0.0010690307,False,663,0.0015128040686249733,-0.0032117748633027077,0.013555002398788929
3029,526,10,2,-3.735562324523926,0.0044010594,-0.0026640368,False,521,-0.002116079442203045,0.0017379856435582042,-0.010919161140918732
3029,808,16,2,-5.46345853805542,0.005300398,-0.005762749,True,824,0.0031216717325150967,0.00048647879157215357,-0.008427954278886318
3038,341,6,2,-5.686899662017822,0.004365215,-0.004756508,True,318,-0.0003711319004651159,0.0011517334496602416,-0.010644588619470596
3038,798,15,2,-5.309128284454346,-0.0045471285,0.00039530755,False,766,-0.004999818746000528,-0.0011270141694694757,0.0010696311946958303
3043,695,13,2,-4.484201908111572,-0.008812657,0.005596819,False,656,0.0009155082516372204,0.003466119756922126,0.0118588637560606
3043,713,14,2,-5.856636047363281,0.0020096302,0.0014293098,True,733,0.0003954124404117465,-0.0007590103195980191,0.0005741023924201727
3045,388,7,2,-2.9224765300750732,0.002484398,-0.0001655674,False,368,-0.00046434401883743703,-0.0014051103498786688,-0.0017091991612687707
3045,620,12,2,-5.6529974937438965,-0.01438118,0.0103440285,False,631,0.005567646119743586,-0.0005327034159563482,0.030825557187199593
3045,660,13,2,-2.7863924503326416,0.00088137627,0.0018688297,False,664,0.0026852369774132967,-0.010657730512320995,0.014330420643091202
3045,841,16,2,-5.364428520202637,-0.019618435,7.353783e-05,False,845,-0.0061520766466856,-0.00824580155313015,0.02178569696843624
3047,586,11,2,-5.868152141571045,-0.0005057907,0.0038763331,True,595,0.0007387924124486744,0.0009742450783960521,0.004146670922636986
3047,681,13,2,-5.771190166473389,-0.008138304,-0.0032329368,False,657,-0.0018100738525390625,0.003383960807695985,-0.00028866762295365334
3049,317,6,2,-5.758725643157959,0.0016707897,0.0039840126,True,324,-0.005821943283081055,0.0021555996499955654,-0.005664320662617683
3049,391,7,2,-4.151829719543457,0.0022963618,-0.0019816018,False,387,0.0019102763617411256,-0.002767324447631836,0.00039963703602552414
3050,250,5,2,-2.531344413757324,0.007651291,-0.0013593388,False,262,0.004797467961907387,-0.004442548844963312,0.0002293866127729416
3050,618,12,2,-3.496824264526367,-0.0023369552,-0.0063640736,False,623,-0.004845328163355589,0.005709710065275431,-0.014582157135009766
3052,612,12,2,-4.907665729522705,0.006437187,-0.013600216,False,625,0.001067791017703712,0.0032527924049645662,-0.022222405299544334
3052,948,18,2,-3.6208884716033936,-0.0006569624,-0.00089562894,False,928,0.002593026263639331,-0.001731286058202386,0.0040856460109353065
3054,194,3,2,-4.349017143249512,0.0059237387,-0.0018343163,False,178,-0.002591934287920594,-0.007302789483219385,-0.003047199919819832
3054,667,13,2,-5.855099201202393,-0.00022382736,0.0021530532,True,658,-0.007321090903133154,-0.0016481399070471525,-0.003296070732176304
3055,179,3,2,-3.4389047622680664,-0.00031455516,-0.0016198015,False,185,0.006025719456374645,0.0026943921111524105,0.002026081085205078
3055,671,13,2,-4.88025426864624,0.013169584,0.0092384145,False,682,0.002939157420769334,0.0027190684340894222,-0.0037110804114490747
3055,737,14,2,-5.132858753204346,0.0008113384,-0.0006316757,False,743,0.008979273028671741,-0.00020657539425883442,0.007742834743112326
3055,806,16,2,-5.866791725158691,-0.007026119,0.002860365,True,-1,,,
3062,489,9,2,-4.746294021606445,-0.0005969429,-0.0033231832,False,467,-0.0019614887423813343,0.0011248779483139515,-0.0058126067742705345
3062,638,12,2,-5.61088752746582,0.0072673224,-0.0043871594,True,611,-0.0007241821149364114,-0.003516292665153742,-0.008862370625138283
3064,699,13,2,-4.802097797393799,-0.0013318729,0.0015346146,False,682,0.004908752627670765,-0.004019260406494141,0.011794500052928925
3064,835,16,2,-5.886842250823975,0.00059322355,0.0012256432,True,-1,,,
3066,346,6,2,-5.142812252044678,-0.00438508,0.003953228,False,333,-0.00984236691147089,-0.004174680914729834,0.0026706219650804996
3066,600,12,2,-4.987157821655273,0.003453083,0.008131724,False,643,0.0010875988518819213,-0.0009609508560970426,0.006727190222591162
3066,732,14,2,-5.964073657989502,-0.009993429,0.013342657,True,709,-0.006328277755528688,0.0033005999866873026,0.013707208447158337
3066,757,15,2,-3.7851383686065674,-0.0007931423,-0.00029286384,False,776,-0.0009720325469970703,0.0022053050342947245,-0.002677059266716242
3069,561,11,2,-3.7087790966033936,0.014174342,-0.0062238644,False,-1,,,
3069,849,16,2,-4.872506618499756,-0.0037964345,0.0033985234,False,820,-0.0052577112801373005,0.003118171589449048,-0.0011809254065155983
3074,739,14,2,-5.9742536544799805,-0.014506864,0.010044098,True,709,-0.003780317259952426,0.005625886842608452,0.015144758857786655
3074,975,19,2,-3.78200101852417,0.0043925573,-0.0016109657,False,967,-0.0015611505368724465,-0.0021381997503340244,-0.005426473915576935
3075,236,4,2,-2.538670301437378,0.00095574855,-0.0030278396,False,-1,,,
3075,305,6,2,-4.250980377197266,-0.010187927,-0.0044082166,False,328,-0.0017914867494255304,-0.004134874325245619,0.008123097941279411
3076,12,0,2,-3.7933945655822754,-0.0033428764,-0.0010868311,False,27,0.0028491592966020107,-0.003873109817504883,0.008978314697742462
3076,599,11,2,-5.517673015594482,0.005397186,0.005932331,False,554,0.008393783122301102,-0.0009324169368483126,0.00986134447157383
3076,702,14,2,-5.859956741333008,-0.0070446585,0.00737051,False,736,-0.002510118531063199,0.0002811908780131489,0.011623859405517578
3076,838,16,2,-5.784455299377441,-0.0002707863,0.0020903777,True,832,-0.01056500431150198,-0.0036835861392319202,-0.004520254209637642
3077,821,16,2,-5.854992389678955,0.00077056885,0.0031664371,True,832,-0.01185667049139738,-0.0029057692736387253,-0.006555032916367054
3077,828,16,2,-5.618126392364502,0.0030788803,-0.003776827,False,845,-0.009839706122875214,-0.0022333813831210136,-0.014462031424045563
3077,865,17,2,-2.9140844345092773,0.000832777,-0.00025324346,False,873,0.0024632979184389114,0.000684175465721637,0.0006931020179763436
3077,974,19,2,-2.85160493850708,0.002124567,-0.0058036325,False,965,0.002840218599885702,0.0016324663301929832,-0.006720447912812233
3080,555,11,2,-5.289233207702637,0.0073749637,0.0091486545,False,573,0.008569316938519478,0.0035720730666071177,0.006770934909582138
3080,646,12,2,-4.247579574584961,-0.009740177,-0.0036659623,False,607,-0.001996927196159959,-0.0044967555440962315,0.008574042469263077
3089,223,4,2,-3.8135392665863037,0.0023438598,0.0040444373,False,202,0.00018626212840899825,0.0010012531420215964,0.0008855865453369915
3089,318,6,2,-5.6115264892578125,0.0038159466,-0.0061006355,True,324,0.001953830709680915,0.004357710015028715,-0.012320461682975292
3090,322,6,2,-5.207884788513184,-0.004568968,-0.0069894316,False,333,-0.009935855865478516,-0.005442610010504723,-0.006913709454238415
3090,597,11,2,-5.298038959503174,0.013524294,-0.0035687448,True,560,0.010074338875710964,-0.00023397445329464972,-0.0067847250029444695
3090,804,16,2,-5.661231517791748,-0.0052772523,0.006894531,False,832,-0.0024135590065270662,-0.004609699361026287,0.014367924071848392
3090,924,18,2,-3.199051856994629,0.0027496386,0.002574911,False,932,0.0010109948925673962,0.0004468345723580569,0.000389432767406106
3091,800,16,2,-5.9742536544799805,-0.015400286,0.00042589186,True,845,-0.009521675296127796,0.0004882717039436102,0.005816229619085789
3091,884,17,2,-2.747680187225342,-0.0005741024,-0.0009701681,False,-1,,,
3092,627,12,2,-5.1266584396362305,0.014715376,-0.00056308747,False,643,-0.0034617995843291283,-0.005872039590030909,-0.012868223711848259
3092,649,12,2,-5.604815483093262,-0.0009783077,0.0016309071,False,608,0.003332815133035183,0.002526559866964817,0.0034154700115323067
3092,685,13,2,-5.218496322631836,0.003232193,0.007939024,False,662,-0.002483310643583536,0.005516233388334513,-0.003292713314294815
3092,822,16,2,-5.92736291885376,-0.0021447372,-0.0009378147,True,845,-0.008844118565320969,-0.0017782974755391479,-0.005858898628503084
3094,564,11,2,-5.248838424682617,0.007106514,-0.0018259048,False,598,0.003872661618515849,0.004315357189625502,-0.009375114925205708
3094,735,14,2,-5.724601745605469,-0.00075432775,0.0020040798,False,703,0.00490336399525404,0.006130542606115341,0.0015312288887798786
3096,661,13,2,-5.56734037399292,0.0012171746,0.009536248,False,668,0.004770402796566486,-0.005497598554939032,0.018587075173854828
3096,742,14,2,-5.9742536544799805,-0.002378826,0.0017753696,True,726,-0.0017254066187888384,0.0007859611650928855,0.0016428278759121895
3102,14,0,2,-4.755214691162109,0.0041154004,-0.0020302963,False,10,0.00029519080999307334,0.0010259724222123623,-0.006876477971673012
3102,603,12,2,-5.730105400085449,0.0025208474,-0.0037445736,True,611,-0.002748889848589897,-0.0015024757012724876,-0.00751183507964015
3103,539,10,2,-5.387207984924316,0.009353323,0.0014833641,False,510,-0.0006655025645159185,-0.010064134374260902,0.0015286728739738464
3103,663,13,2,-5.776718616485596,-0.008625879,0.006765642,False,657,-0.0029751777183264494,0.0006215095636434853,0.011794833466410637
3105,112,2,2,-4.226162910461426,-0.00020685195,0.0002426529,False,117,-0.00030845642322674394,0.0021784973796457052,-0.0020374488085508347
3105,301,6,2,-5.9742536544799805,-0.002276573,0.011637697,True,313,-0.0015656566247344017,0.0007505130488425493,0.011598100885748863
3107,728,14,2,-4.615621566772461,-0.001412878,0.0036864853,False,744,0.002083082217723131,-0.010483150370419025,0.017665596678853035
3107,843,16,2,-5.134696006774902,0.01567644,-0.0017067719,False,827,0.010674047283828259,-0.004869899712502956,-0.00183926522731781
3108,321,6,2,-4.570525646209717,0.0041384413,-0.0033143044,False,328,-0.006777935195714235,0.010393275879323483,-0.02462395653128624
3108,719,14,2,-5.9742536544799805,-0.0030551339,0.00047460556,True,748,-0.0017345333471894264,0.0043703364208340645,-0.002575130434706807
3110,133,2,2,-4.3144330978393555,-0.0014129448,0.0011303138,False,138,0.002289362018927932,0.0015959166921675205,0.003236703807488084
3110,314,6,2,-5.854451656341553,0.0009546471,0.0018260479,True,330,0.00012485503975767642,0.00608125701546669,-0.0050850012339651585
3110,396,7,2,-2.629218101501465,0.0031189823,0.0005787134,False,-1,,,
3110,635,12,2,-5.032812118530273,-0.006566801,-0.0029259874,False,642,0.0026190662756562233,-0.012495937757194042,0.018755817785859108
3116,587,11,2,-5.537989616394043,0.007985497,0.008200331,True,589,0.0036023808643221855,-0.0038967991713434458,0.007714013569056988
3116,602,12,2,-5.025540351867676,-0.0022177887,-0.00048264503,False,643,-0.0009609508560970426,-0.0066339015029370785,0.007408094592392445
3119,311,6,2,-5.1970367431640625,0.01345418,-0.006355982,False,347,0.004377594217658043,0.0007909202831797302,-0.016223488375544548
3119,878,17,2,-4.579933166503906,0.0016492176,0.00028266906,False,899,0.0007257080287672579,0.0026549624744802713,-0.003295802976936102
3122,503,10,2,-3.327338695526123,0.0016881657,0.0035426617,False,524,-0.00034448623773641884,0.0013156080385670066,0.0001944017130881548
3122,580,11,2,-5.960544109344482,-0.01063857,0.0006886482,False,553,-0.00542514817789197,0.010384006425738335,-0.004481935873627663
3123,126,2,2,-3.280437469482422,-0.002714262,0.0011224651,False,131,-0.0023110676556825638,-0.0011762094218283892,0.0027018690016120672
3123,675,13,2,-5.112754821777344,0.0048557185,0.0032483768,False,665,-0.0016990089789032936,0.004401140380650759,-0.007707491051405668
3125,214,4,2,-3.9885525703430176,0.0020305729,0.0021935033,False,246,-0.0013511228607967496,0.0007020044140517712,-0.0018901966977864504
3125,252,5,2,-5.715796947479248,0.0019320202,0.004883852,False,265,7.005691441008821e-05,-0.002821416826918721,0.00584330502897501
3125,323,6,2,-3.8027255535125732,0.013923831,0.008132529,False,337,0.0003975439176429063,0.007913956418633461,-0.013307714834809303
3125,341,6,2,-5.717735290527344,0.004402771,0.008140001,True,330,0.0007810879033058882,0.006229839287698269,-0.0017115208320319653
3128,344,6,2,-5.9742536544799805,-0.001204586,0.004458847,True,313,-0.003136806422844529,0.0002755832683760673,0.002251043450087309
3128,776,15,2,-3.6885366439819336,0.0023323917,-0.00017367363,False,769,-0.00022494792938232422,0.001512875547632575,-0.004243888892233372
3130,260,5,2,-5.250884532928467,0.0034940434,-0.0031197548,False,285,-0.000345363630913198,0.00019079208141192794,-0.007149954326450825
3130,641,12,2,-5.239079475402832,-0.011998406,-0.0054088975,False,616,0.004144725855439901,0.0015026855980977416,0.009231548756361008
3136,620,12,2,-5.111557483673096,0.0029916477,-0.0017012119,False,642,0.0019003391498699784,-0.012875337153673172,0.010082816705107689
3136,739,14,2,-5.246738433837891,0.014550304,-0.009424448,True,707,-0.0022218418307602406,-0.012159967795014381,-0.014036625623703003
3137,317,6,2,-5.704031467437744,-0.00089419365,0.007670002,False,331,0.001298284507356584,0.007177991792559624,0.0026844884268939495
3137,615,12,2,-4.650142669677734,0.0067986776,-0.011082096,False,604,-0.006463613361120224,-0.006406602915376425,-0.017937783151865005
3139,167,3,2,-5.474958419799805,0.0077161123,0.003806095,True,191,9.604453953215852e-05,-0.0003493499825708568,-0.0034646226558834314
3139,270,5,2,-5.775162696838379,-0.0030755138,0.002004528,False,254,-0.0008160686702467501,-0.0036373997572809458,0.007901372388005257
3140,451,9,2,-4.404877185821533,-0.0030829334,0.0010635757,False,469,5.111694463266758e-06,-0.0009811687050387263,0.005132789257913828
3140,593,11,2,-5.249485969543457,0.011042824,0.0025220586,False,594,0.002019033534452319,0.0018524170154705644,-0.00835414882749319
3140,653,13,2,-5.511725902557373,0.0073515414,-0.0039574816,True,669,-0.001987247494980693,0.003500661812722683,-0.016796931624412537
3140,747,14,2,-5.711141586303711,-0.0050238133,-0.0007923317,False,721,0.002702789381146431,1.2321472240728326e-05,0.0069219497963786125
3140,835,16,2,-5.935498237609863,0.00077510835,0.002797947,True,831,-1.721382068353705e-05,0.008211927488446236,-0.006206302437931299
3140,957,19,2,-4.468089580535889,-0.0019744872,-0.00029994964,False,982,0.00035394669976085424,0.00018725395784713328,0.0018412303179502487
3141,273,5,2,-4.548877239227295,-0.0065961075,-0.0028569507,False,255,0.0036707688122987747,-0.010160236619412899,0.017570162191987038
3141,629,12,2,-5.253600120544434,0.0015852929,-0.004601898,False,642,-0.0006867503980174661,-0.013148928061127663,0.006274986080825329
3142,637,12,2,-5.535201072692871,0.004422884,-0.0014281177,False,608,0.002526559866964817,-0.0017312621930614114,-0.0015931795351207256
3142,725,14,2,-3.8498079776763916,-0.00851399,-0.0012737894,False,718,0.0059477901086211205,-0.01202785037457943,0.025215839967131615
3142,786,15,2,-3.981815814971924,0.00051919936,-0.002774334,False,768,-0.00014512539200950414,0.001202702522277832,-0.0046413615345954895
3142,801,16,2,-4.464443683624268,0.008859453,0.0075191786,False,826,0.0059615327045321465,0.0004731941153295338,0.0041480641812086105
3143,680,13,2,-4.827620029449463,0.0038646318,-0.011985855,False,691,0.0055378819815814495,-0.0073880385607481,-0.002924565225839615
3143,717,14,2,-5.9742536544799805,-0.0028962994,0.00037833213,True,708,-0.005253305658698082,0.005358429159969091,-0.007337103597819805
3144,558,11,2,-5.217065334320068,-0.0012138176,0.002076988,False,594,0.00011930465552723035,0.0018280410440638661,0.0015820693224668503
3144,824,16,2,-4.865110874176025,0.008420562,-0.008287401,False,818,-0.0063490294851362705,-0.00035665513132698834,-0.022700339555740356
3145,676,13,2,-5.9742536544799805,-0.009408006,0.0031055165,True,650,-0.0034669400192797184,0.007130041252821684,0.0019165417179465294
3145,723,14,2,-5.758711814880371,0.0019825078,-0.004310837,True,701,0.0009998702444136143,-0.003608865663409233,-0.001684608869254589
3146,644,12,2,-5.9742536544799805,-0.0051604365,0.001820364,True,640,-0.0037050533574074507,8.015632920432836e-05,0.003195590805262327
3146,925,18,2,-3.347447156906128,0.0015653324,0.0010099841,False,927,-0.0009927130304276943,-0.00042512416257523,-0.0011229371884837747
3154,283,5,2,-4.1580328941345215,0.0060481452,-0.0038245488,False,292,-0.0011779784690588713,-0.001135654398240149,-0.009915017522871494
3154,312,6,2,-5.916150093078613,-0.008666621,0.00027388573,True,313,0.0010350990341976285,-0.0007646465091966093,0.010740252211689949
3158,546,10,2,-1.8749504089355469,-0.00025126457,0.0030982662,False,517,0.00035142182605341077,-0.00618479959666729,0.009885752573609352
3158,737,14,2,-5.535863876342773,-0.010827761,-0.0030904198,False,741,-0.008955640718340874,-0.006641702726483345,0.005423403345048428
3159,300,6,2,-4.042419910430908,0.007876196,-0.003585739,False,332,0.007904634810984135,-0.0066983699798583984,0.003141069784760475
3159,847,16,2,-5.110958099365234,-0.0023972224,-0.0034666634,False,833,0.004828548524528742,-0.009254341013729572,0.013013448566198349
3162,552,11,2,-5.726376533508301,-0.00038017274,-0.00028147697,False,590,0.0015541076427325606,-0.0014766311505809426,0.0031294345390051603
3162,685,13,2,-4.400520324707031,0.012008524,0.0035871982,False,-1,,,
3163,346,6,2,-5.797644138336182,-0.016628228,-0.0025349618,False,325,0.002365169581025839,-0.0038762283511459827,0.02033466473221779
3163,358,7,2,-3.5995020866394043,-0.00013245105,-0.0011380863,False,392,0.00028543471125885844,-0.0002796936023514718,-0.00044050696305930614
3166,24,0,2,-4.750281810760498,-0.0026252747,0.00234272,False,7,0.0007757091661915183,0.0021387480664998293,0.0036049559712409973
3166,635,12,2,-5.230320930480957,-0.0032155896,-0.011151066,False,633,0.005155610851943493,-0.008750162087380886,0.005970296449959278
3166,649,12,2,-5.143375396728516,0.0054345606,-0.009129362,False,633,0.005155610851943493,-0.008750162087380886,-0.0006581498309969902
3166,709,14,2,-5.905848026275635,-0.002118435,0.00012122154,True,726,0.0009977150475606322,0.0031577968038618565,7.957499474287033e-05
3169,151,3,2,-3.8331527709960938,0.0003698921,0.0003520107,False,173,-0.0015938138822093606,7.74002110119909e-05,-0.0016890955157577991
3169,575,11,2,-5.379326343536377,0.009886933,0.010487433,True,586,0.007483892608433962,0.0050196172669529915,0.003064775373786688
3169,724,14,2,-5.769169330596924,-0.0051002502,-0.0016395759,False,748,0.0026062680408358574,-0.000781202339567244,0.006848144344985485
3169,804,16,2,-5.9742536544799805,-0.01103096,0.0123190405,True,832,-0.002031459705904126,-0.0026929760351777077,0.02401151694357395
3172,308,6,2,-5.189939022064209,0.0072292043,-0.0038402749,False,306,-0.004036216530948877,-0.010277824476361275,-0.004827871453016996
3172,689,13,2,-5.342195987701416,0.00047712325,-0.00012921334,False,674,0.006239661946892738,0.00017430305888410658,0.005459022242575884
3173,652,13,2,-4.870418548583984,-0.007229576,-0.0012634563,False,662,0.0016529273707419634,-0.005368566606193781,0.012987613677978516
3173,705,14,2,-3.9441981315612793,0.0010573673,0.0022029304,False,718,-0.005163616966456175,-0.01253544818609953,0.008517393842339516
3174,596,11,2,-5.294849872589111,0.0045196344,0.0020080947,False,586,0.0074101160280406475,0.003164739580824971,0.0017338364850729704
3174,627,12,2,-5.781759738922119,-0.01068821,-0.0038498782,False,634,-0.0009330844623036683,-0.0035277463030070066,0.009432993829250336
3181,180,3,2,-3.7649552822113037,-0.001891861,0.0021654034,False,173,-0.00027049542404711246,-0.004243063740432262,0.008029833436012268
3181,342,6,2,-5.9351091384887695,0.0007828903,0.0067397975,True,313,-0.0010610008612275124,0.0030838584061712027,0.00181204779073596
3185,630,12,2,-1.9730335474014282,0.004827955,0.0020830035,False,606,0.0015564108034595847,0.0012114334385842085,-0.002399974036961794
3185,692,13,2,-2.849745512008667,-0.01129704,-0.0018245268,False,666,-0.004325933288782835,-0.005578036420047283,0.010724615305662155
3188,602,12,2,-5.675642490386963,-0.014833718,-0.0044205664,False,610,-0.0029240131843835115,-0.007143125403672457,0.014632263220846653
3188,972,19,2,-3.3656527996063232,-0.0025044726,0.0005385399,False,994,0.001431584358215332,0.0003218269266653806,0.0041527701541781425
3189,379,7,2,-3.985442638397217,-0.0025331497,-0.00086824415,False,361,-0.0007963323732838035,-0.0013692522188648582,0.002237825421616435
3189,740,14,2,-5.735775470733643,0.0018067455,-0.0046510124,True,708,0.004672155249863863,-0.004566602874547243,0.0027809999883174896
3192,605,12,2,-4.2144927978515625,-0.00993167,-0.009874592,False,628,-0.0195008572191,-0.01145181618630886,-0.007991963066160679
3192,838,16,2,-4.798651695251465,0.009167385,0.005653,False,841,0.0008287906530313194,-0.003794116899371147,0.0011085220612585545
3194,831,16,3,-5.297486782073975,0.013242969,0.0040997984,True,813,0.004977693781256676,0.007379503455013037,-0.011544980108737946
3196,629,12,2,-5.655571460723877,-0.0074430467,-0.0056925393,False,633,-0.006556234322488308,-0.0008802795200608671,-0.003925447352230549
3196,742,14,2,-5.834672927856445,0.0010162449,0.0028820897,True,741,-0.007203283254057169,0.0008939647814258933,-0.006231403443962336
3197,316,6,2,-4.709793567657471,0.0113896085,-0.0002944851,False,307,0.0011114120716229081,0.010552873834967613,-0.02112555503845215
3197,430,8,2,-3.7212300300598145,-0.0007139778,-0.00094016077,False,433,0.001387257594615221,0.0026699446607381105,-0.0015088700456544757
3197,571,11,2,-5.790482997894287,0.0017428685,0.004040909,False,556,-0.0038783359341323376,0.009815702214837074,-0.011395998299121857
3197,845,16,2,-5.9742536544799805,0.0,0.003840103,True,832,-0.003363647498190403,0.001949796685948968,-0.001473340904340148
3199,119,2,2,-2.5190932750701904,0.0014639187,-9.180069e-05,False,-1,,,
3199,299,5,2,-3.3935375213623047,-0.0036592055,0.0041468907,False,298,-0.0025106382090598345,0.005338597111403942,-4.3138861656188965e-05
3199,334,6,2,-5.269003868103027,-0.013661146,-0.0008092499,False,306,0.001682176603935659,-0.013834523968398571,0.028368595987558365
3199,810,16,2,-3.8723535537719727,0.016178235,-0.013673,False,809,-0.020566426217556,-0.0019342184532433748,-0.04848344251513481
3202,687,13,2,-4.296538829803467,-0.0016236114,-0.0053430367,False,696,-0.00648935791105032,0.000508804339915514,-0.010717587545514107
3202,824,16,2,-5.1953535079956055,0.0019122314,-0.0078049945,False,829,-0.00373185146600008,-0.0008046436123549938,-0.012644434347748756
3203,655,13,2,-2.8113861083984375,-0.004778519,-0.00866663,False,666,-0.005691575817763805,0.005006127525120974,-0.014585815370082855
3203,836,16,2,-5.261139392852783,-0.012416544,-0.0007629013,False,812,-0.0008618831634521484,-0.008705930784344673,0.019497690722346306
3204,338,6,2,-5.525489807128906,-0.001466217,0.0042128656,False,318,0.0049201203510165215,-0.007644167169928551,0.018243370577692986
3204,555,11,2,-4.266682147979736,0.009299326,0.0007276154,False,591,0.005445156246423721,0.0014054393395781517,-0.00453199353069067
3204,736,14,2,-5.9742536544799805,-0.0026484774,0.00017497063,True,735,-0.005382633302360773,0.000466413504909724,-0.003025598591193557
3204,837,16,2,-5.685554504394531,0.0046604443,-0.00421134,True,808,-0.0037232304457575083,0.0009914684342220426,-0.013586483895778656
3207,739,14,2,-5.745261192321777,-0.00232666,-0.0017207146,True,713,-0.007024221587926149,-0.0013625717256218195,-0.005055704154074192
3207,815,16,2,-5.818910598754883,-9.356499e-05,0.0009520817,True,828,0.0010854244465008378,0.002271146746352315,-0.00014007557183504105
3209,324,6,2,-5.579237461090088,0.0009842205,-0.0054533198,False,348,-0.0023992443457245827,-0.006261873058974743,-0.002574911341071129
3209,642,12,2,-5.9742536544799805,-0.0069028377,0.0041567804,True,639,-0.005429964046925306,0.0006360530969686806,0.004993600305169821
3213,341,6,2,-5.157231330871582,0.0067988397,-0.009129619,False,322,0.0027644538786262274,0.0006869411445222795,-0.013850945979356766
3213,509,10,2,-4.11534309387207,-0.0011344433,0.0031867123,False,526,0.0032610129565000534,-0.002030868548899889,0.009613037109375
3213,608,12,2,-5.916207313537598,-0.007801342,0.0028791046,True,638,0.0008011340978555381,-0.0008011340978555381,0.012282714247703552
3213,667,13,2,-5.306829929351807,0.005990858,-0.004040308,False,661,-0.0042388248257339,-0.009471922181546688,-0.0047980681993067265
3214,37,0,2,-3.5107810497283936,-0.0018255711,0.0021215677,False,46,0.001882100128568709,0.0023941374383866787,0.0034351013600826263
3214,345,6,2,-4.55487585067749,0.009510517,-0.00464592,False,321,-0.0005334854358807206,0.0008933544158935547,-0.015583276748657227
3214,554,11,2,-5.828314781188965,-0.0043752287,-0.00089118,False,556,0.0007033920264802873,0.010802669450640678,-0.0066152289509773254
3214,613,12,2,-5.874544620513916,0.0018696976,-0.0015469742,True,638,-0.0003936100110877305,-0.0013302612351253629,-0.002480020746588707
3216,611,12,2,-5.9742536544799805,-0.0030304622,0.0034677887,True,639,-0.0028769206255674362,0.0012694454053416848,0.0023518851958215237
3216,694,13,2,-4.543129920959473,0.0041757966,-0.004458876,False,673,0.011095323599874973,-0.00829356163740158,0.01075421180576086
3218,632,12,2,-5.01195764541626,-0.011603146,0.00182518,False,604,-0.0012891674414277077,-0.0021613789722323418,0.014300537295639515
3218,827,16,2,-4.489877223968506,0.011899604,-0.011409931,False,826,-0.00965307280421257,-0.005403013434261084,-0.027559595182538033
3219,333,6,2,-5.831226825714111,-0.009720555,0.004826746,False,313,-0.0007372283725999296,-0.0023761941120028496,0.016186267137527466
3219,787,15,2,-3.423367500305176,-0.0002722168,-0.00047077655,False,770,0.0004626750887837261,0.0006704663974232972,-0.00040635105688124895
3220,347,6,2,-5.78598690032959,-0.012438297,0.00032621383,False,327,-0.008048925548791885,-0.004162683617323637,0.008878268301486969
3220,590,11,2,-5.789229869842529,-0.00018886566,-0.0037004757,False,595,0.002077665412798524,-0.0006652641459368169,-0.0007686803583055735
3220,620,12,2,-4.982241153717041,-0.0015757751,-0.0032886504,False,604,-0.0007899666088633239,-0.004885768983513117,0.002382927108556032
3220,695,13,2,-4.716604709625244,-0.010784359,0.008363514,False,659,0.0031707286834716797,0.003208646783605218,0.019109955057501793
3225,326,6,2,-5.554954528808594,-0.007527447,-0.008385982,False,348,0.0008360386127606034,0.0007586383726447821,-0.0007811352843418717
3225,453,9,2,-3.735069751739502,0.0007398224,-0.0004779482,False,468,0.0008759546326473355,0.00020093917555641383,-0.000542755180504173
3228,285,5,2,-5.034032344818115,0.0036339187,0.00053693773,False,291,-0.002604951849207282,0.0033428955357521772,-0.00904482789337635
3228,617,12,2,-5.936541557312012,-0.0015217018,0.0023533725,True,638,-0.0002853298210538924,0.0032650090288370848,0.00032473565079271793
3229,325,6,2,-5.782200336456299,0.0020310306,0.0017839622,True,348,-0.0053257751278579235,-0.0001073169696610421,-0.005465526599436998
3229,490,9,2,-3.660581111907959,-0.0011344957,-0.0031104134,False,471,-0.0025180100928992033,0.002723121549934149,-0.00721704913303256
3230,578,11,2,-4.786401271820068,0.0019314671,-0.009505634,False,594,0.005777196958661079,-0.001273355446755886,-0.004386548884212971
3230,603,12,2,-5.6900553703308105,0.0055205347,-0.0014533234,True,639,0.0026783274952322245,-0.0003289890300948173,-0.0039665414951741695
3232,343,6,2,-4.0800461769104,0.001790266,-0.0013420486,False,309,0.011576566845178604,-0.0002905273577198386,0.008734779432415962
3232,558,11,2,-4.724277019500732,0.008814907,-0.0043482115,False,583,1.812934897316154e-05,0.0004058360937051475,-0.013550824485719204
3232,597,11,2,-5.182382106781006,0.0022783566,-0.0015484142,False,563,-0.005235586315393448,0.004272794816643,-0.013335151597857475
3232,616,12,2,-5.340698719024658,-0.0031645107,0.0033412552,False,648,-0.013276109471917152,0.0026016903575509787,-0.00937203411012888
3232,631,12,2,-5.80490255355835,-0.0058940887,0.0027330208,False,639,0.0026233578100800514,-0.0004632282361853868,0.011713694781064987
3232,707,14,2,-5.7918314933776855,0.0006783962,-0.002152195,False,726,0.0019915772136300802,0.003558521158993244,-0.004397534765303135
3232,835,16,2,-5.704657554626465,0.0016529274,-0.00014678955,True,802,0.0005907440208829939,0.011898059397935867,-0.01310703158378601
3232,840,16,2,-4.3400797843933105,0.011580524,0.0030579853,False,844,0.007962474599480629,0.015732416883111,-0.016292480751872063
3233,282,5,2,-5.026037693023682,0.011880245,0.00086628913,False,259,-0.004219846799969673,0.009298429824411869,-0.02453223243355751
3233,305,6,2,-4.890499114990234,-0.006317005,0.0016917038,False,339,7.085800461936742e-05,-0.0014211464440450072,0.009500714018940926
3233,564,11,2,-5.413117408752441,-0.005396595,0.005824423,False,567,0.0008788871928118169,-0.0016672515776008368,0.01376715674996376
3233,700,14,2,-5.649613857269287,-0.0033277227,-0.0040395833,False,731,-0.01054911594837904,0.004233436658978462,-0.015494413673877716
3235,627,12,2,-5.745638847351074,0.00011314392,0.0073242094,True,641,-0.0025006199721246958,0.002308797789737582,0.002401647623628378
3235,701,14,2,-5.95969820022583,0.00029110909,0.0006601524,True,719,-0.00010296821710653603,0.008053608238697052,-0.007787533104419708
3236,457,9,2,-4.0454792976379395,-0.0027367782,-0.00053289416,False,484,0.00021344184642657638,-3.240585283492692e-05,0.002449731808155775
3236,634,12,2,-5.9742536544799805,-0.0048014354,0.004626093,True,638,-0.00011408805585233495,0.004269275814294815,0.005044165067374706
3239,301,6,2,-5.9742536544799805,-0.008033657,0.0016674995,True,306,-0.009464358910918236,0.004705228842794895,-0.004468430764973164
3239,342,6,2,-5.609720230102539,0.0072906683,-0.0061305524,True,336,-0.011778955347836018,-0.003527307417243719,-0.021672869101166725
3239,580,11,2,-5.3882527351379395,0.00997715,0.0038048457,True,570,-0.0026200104039162397,-0.007580013480037451,-0.0012123007327318192
3239,625,12,2,-5.7375993728637695,-0.0045533087,0.004586668,False,641,-0.0020095824729651213,0.0038241958245635033,0.003306198865175247
3240,568,11,2,-3.0580623149871826,-0.004939189,0.009360127,False,-1,,,
3240,820,16,2,-4.5062408447265625,0.0066682147,0.00014169693,False,826,-0.0013042258797213435,0.0008298015454784036,-0.008660545572638512
3242,9,0,2,-4.203484058380127,-0.0019620133,-0.0011177349,False,43,-0.004351835232228041,-0.004189424682408571,0.0006818678230047226
3242,593,11,2,-5.661515712738037,-0.011931152,-0.0029841329,False,573,-0.009726314805448055,0.00309754372574389,-0.003876838833093643
3245,262,5,2,-3.031651020050049,-0.010172882,0.0017896557,False,298,0.008773956447839737,-0.0032281684689223766,0.023964662104845047
3245,337,6,2,-4.052784442901611,-0.009831386,0.007360506,False,332,0.001496391254477203,0.002482194919139147,0.016206087544560432
3245,621,12,2,-5.676619529724121,0.002811041,0.0015010547,True,641,0.002386169508099556,-0.0006485271733254194,0.0017247104551643133
3245,644,12,2,-5.8384623527526855,0.0007861042,0.0012858296,False,638,0.001052961335517466,0.002793636405840516,-0.0012409496121108532
3245,748,14,2,-5.836450576782227,0.0027560615,0.0015182686,True,741,0.0013833045959472656,0.0015253829769790173,-0.0013798712752759457
3245,880,17,2,-4.091154098510742,-0.00038832665,0.0037801028,False,874,0.0010452556889504194,0.0016710662748664618,0.003542618826031685
3246,302,6,2,-4.798837184906006,-0.013019342,0.00072013855,False,319,-0.003756236983463168,0.00045709608821198344,0.0095261475071311
3246,821,16,2,-5.064628601074219,0.00467988,-0.0005037689,False,813,0.005993966944515705,-0.0002192592655774206,0.0010295771062374115
3249,733,14,3,-5.850497245788574,0.0019477654,0.005900278,True,727,-0.008818693459033966,-0.002306928625330329,-0.002559251617640257
3250,702,14,2,-5.8444414138793945,0.002596245,0.0042497637,True,727,-0.008894519880414009,-0.002430562861263752,-0.0048104384914040565
3250,845,16,2,-5.8865461349487305,0.00021094322,0.0023535537,True,828,0.0002278900210512802,-0.0047851563431322575,0.007155656814575195
3251,45,0,2,-4.252100944519043,0.0023496724,-0.0042380714,False,43,-0.0017826366238296032,-0.001891336403787136,-0.0064790439791977406
3251,640,12,2,-5.9369940757751465,0.0007451916,-0.0007451916,True,637,-0.006256542168557644,0.0029128456953912973,-0.010659771040081978
3252,273,5,2,-4.641499042510986,0.00019550323,0.009235391,False,263,0.003921098541468382,-0.0010345649207010865,0.013995551504194736
3252,842,16,2,-5.794381141662598,0.0026905632,0.0075638676,True,828,-0.0017526436131447554,-0.0028700828552246094,0.005990743637084961
3253,316,6,2,-4.722487449645996,-0.0006784153,-0.00040285112,False,319,-0.0020479869563132524,-0.00012200355558888987,-0.001650419202633202
3253,747,14,2,-5.955296039581299,-0.0034425545,0.004176693,True,735,0.00027251243591308594,0.0063944244757294655,0.0014973357319831848
3254,688,13,2,-5.7512712478637695,0.0040594293,0.002995138,True,651,-0.0015759086236357689,-0.002293767873197794,-0.0003464319743216038
3254,738,14,2,-5.174035549163818,0.005720682,-0.0035585307,False,718,-0.014666862785816193,0.0045401002280414104,-0.028486177325248718
3254,825,16,2,-5.451564311981201,-0.0098491665,-0.0055795955,False,802,0.0020159624982625246,0.00703883171081543,-0.0007532984018325806
3254,887,17,2,-3.6769964694976807,0.001758995,-9.181976e-05,False,876,0.0017246342031285167,-0.00036156654823571444,0.00023538595996797085
3256,732,14,2,-5.949690818786621,-0.0023292445,0.0035822773,True,735,0.0003685188421513885,0.00601990707218647,0.000260133296251297
3256,812,16,2,-5.708059310913086,-0.009763422,0.0015798092,False,828,0.0032411194406449795,-0.00210742000490427,0.016691770404577255
3262,508,10,2,-2.717085838317871,-0.0034344816,0.00058928016,False,-1,,,
3262,822,16,2,-5.09368896484375,0.008053427,-0.0013589192,False,813,0.004725446924567223,-0.004586725030094385,-0.00010017398744821548
3265,449,8,2,-3.2194786071777344,0.0026497126,-0.0024282504,False,416,-0.003968796692788601,-0.003255109768360853,-0.00579164968803525
3265,806,16,2,-5.9742536544799805,-0.011226072,0.0,True,828,-0.0011293888092041016,0.0005185222835280001,0.0095781609416008
3272,610,12,2,-5.401671886444092,0.0016826057,-0.0031083964,True,607,-0.010199031792581081,-0.00015385627921205014,-0.014836177229881287
3272,832,16,2,-5.964986324310303,-0.00042897224,0.0029706955,True,828,-0.00026479721418581903,0.00015011787763796747,0.002984752645716071
3274,611,12,2,-5.85594367980957,0.0023661994,-0.0013193798,True,638,-0.0012014961102977395,-0.0016906070522964,-0.003196468111127615
3274,706,14,3,-5.953863620758057,-0.012642374,0.0008749771,False,703,0.00010049819684354588,-0.00014209747314453125,0.013759947381913662
3274,723,14,2,-5.68379545211792,0.005157795,-0.00033278466,True,743,-0.0007589816814288497,1.9760131181101315e-05,-0.00626932131126523
3274,808,16,2,-5.684889316558838,0.003265257,-0.0023747254,True,828,-0.0006608581752516329,-0.003376798704266548,-0.002924041822552681
3274,993,19,2,-3.516514539718628,0.00033950328,0.0014520026,False,990,0.003086404874920845,-0.0015192365972325206,0.005718140862882137
3275,346,6,2,-5.861449718475342,0.00072214124,0.0056770323,True,306,-0.002365970518440008,0.009958953596651554,-0.007370032370090485
3275,663,13,2,-5.835847854614258,-0.007910643,0.00408638,False,668,-0.00030323982355184853,0.004593915771692991,0.00709986686706543
3276,589,11,2,-5.044451713562012,0.00583004,0.0018964863,False,575,-0.0053562927059829235,-0.000877971644513309,-0.008411874994635582
3276,954,19,2,-3.201087713241577,-0.0016874694,0.0013821125,False,971,0.0016981076914817095,0.00116348743904382,0.003604202065616846
3282,218,4,2,-3.887688636779785,-0.000980649,-0.0004755497,False,246,0.0009459495777264237,-0.0004938411875627935,0.0019448900129646063
3282,331,6,2,-5.4418487548828125,0.0024537754,-0.006964426,True,311,0.0025743008591234684,-0.0018991184188053012,-0.004944782238453627
3283,220,4,2,-3.083662748336792,0.0027835846,0.0005405617,False,228,0.0024030255153775215,-0.004495630040764809,0.00465563265606761
3283,308,6,2,-5.34889030456543,0.007232361,-0.0015923404,True,311,0.0011977005051448941,-0.0016612624749541283,-0.00596573855727911
3283,330,6,2,-5.516236305236816,0.0027454472,0.0063806437,False,311,0.0011977005051448941,-0.0016612624749541283,0.00649415934458375
3283,405,8,2,-4.632572650909424,-0.0008845329,0.0002291584,False,419,0.001243104925379157,-0.0025764466263353825,0.0049332426860928535
3283,726,14,2,-5.667874336242676,0.0029300405,0.011925164,True,743,-0.008429479785263538,-0.00046243667020462453,0.0010280804708600044
3283,837,16,2,-5.879426956176758,0.0013671494,0.0020918846,True,828,-0.0050338744185864925,-3.2711029689380666e-06,-0.0043058679439127445
3285,254,5,2,-5.70595121383667,0.0044923495,-0.0044039153,True,284,-0.0010425853542983532,-0.001673307386226952,-0.008265542797744274
3285,681,13,2,-5.74249792098999,-0.0038890839,0.0024179174,False,680,-0.0002470493200235069,0.0006949329399503767,0.005365018732845783
3285,736,14,2,-5.7288899421691895,0.003849182,-0.00015717506,True,741,0.0040126037783920765,0.0016111660515889525,-0.001604919321835041
3285,794,15,2,-3.8449575901031494,0.00012216091,-0.002181363,False,782,-0.002654275856912136,-0.0017903947737067938,-0.0031674050260335207
3286,348,6,2,-5.860764026641846,0.00022828102,0.008760643,True,312,0.0009144401410594583,0.0017266750801354647,0.007720127236098051
3286,595,11,2,-5.954282760620117,-0.0013852597,0.0019878577,True,552,-0.0037199973594397306,0.004128370434045792,-0.004475250840187073
3287,163,3,2,-3.9482173919677734,0.0072845365,0.0028894998,False,176,-0.0014210176886990666,-0.0013177490327507257,-0.004498305730521679
3287,271,5,2,-1.8163416385650635,-0.0019147039,-0.0020384716,False,-1,,,
3287,577,11,2,-5.784124851226807,-0.0074627493,-3.798485e-05,False,552,-0.002754821674898267,0.0037663269322365522,0.000903615728020668
3287,840,16,2,-4.301814556121826,-0.0005087185,-0.0038565635,False,826,0.0016397667350247502,-0.014840517193078995,0.013132438994944096
3289,313,6,2,-5.505322456359863,0.008733988,0.00087353704,True,344,0.0002763080701697618,-0.0047250366769731045,-0.0028591062873601913
3289,427,8,2,-3.1673851013183594,0.0034050036,-0.004676404,False,443,0.00010292053048033267,0.006218595430254936,-0.014197082258760929
3290,605,12,3,-4.313285827636719,0.008168468,-0.0049587344,False,623,-0.01099254097789526,0.008604940958321095,-0.032724685966968536
3292,742,14,2,-5.704467296600342,0.0012136745,0.004735823,True,741,0.003061809577047825,0.004622993525117636,0.001960964407771826
3292,800,16,2,-5.507715702056885,0.0048871897,0.0015791893,False,829,-0.008860206231474876,0.004133930429816246,-0.016302136704325676
3299,639,12,2,-5.964145660400391,0.00020215988,0.0006838608,True,637,0.0026493645273149014,-0.0022561263758689165,0.005387192126363516
3299,653,13,2,-5.886205673217773,-0.00097317697,0.0003942871,True,672,-0.002569131786003709,-0.0010582160903140903,-0.00014345161616802216
3300,341,6,2,-5.279352188110352,0.0022591685,-0.00092116353,False,317,-0.002761964686214924,0.006535091437399387,-0.012477388605475426
3300,724,14,2,-5.636706352233887,0.006750946,-0.00081728934,True,737,-0.0011719322064891458,0.005398731213063002,-0.014138898812234402
3304,673,13,2,-5.24371337890625,-0.0054648207,-0.0004964161,False,656,0.00442614546045661,-0.0053322031162679195,0.01472675334662199
3304,849,16,2,-5.088869094848633,0.003389101,-0.011069012,False,802,0.00703883171081543,0.00709843635559082,-0.014517717063426971
3305,301,6,2,-5.9742536544799805,0.0,0.0055137346,True,314,-0.001479024882428348,0.0024894047528505325,0.001545304898172617
3305,635,12,2,-5.93653678894043,-0.0061722756,-0.0007543373,True,638,-0.0001103305839933455,0.0006040191510692239,0.004703588783740997
3305,651,13,2,-5.871112823486328,-0.0023885155,-0.0013625431,True,672,0.00019650459580589086,0.0012765121646225452,-5.403510294854641e-05
3305,903,18,2,-4.017480373382568,0.0013698769,-0.0007333374,False,913,-0.0004185199795756489,-0.003247766522690654,0.0007260320708155632
3306,324,6,2,-5.349267482757568,0.010552388,-0.0016992665,False,317,0.0002759361232165247,0.0023919581435620785,-0.014367676340043545
3306,454,9,2,-3.622811794281006,-0.0023885346,-0.00046387673,False,474,-2.5525092496536672e-05,0.0011769914999604225,0.0007221412379294634
3309,43,0,2,-4.364684581756592,-0.0015888119,0.00064106943,False,36,-0.0050540827214717865,-0.001210660906508565,-0.0016135405749082565
3309,333,6,2,-5.902021408081055,-0.006459589,0.01680833,True,318,0.0021899985149502754,0.005376834888011217,0.020081080496311188
3310,92,1,2,-3.6243584156036377,-0.0022810698,0.00012570858,False,99,0.0006271314341574907,-0.0008908462477847934,0.003924755845218897
3310,327,6,2,-5.953376770019531,0.0004175377,0.006419363,True,335,9.183883958030492e-05,0.0031185722909867764,0.0029750920366495848
3310,455,9,2,-3.831835985183716,0.0008761835,0.0022871827,False,458,0.00131279940251261,0.0004130125162191689,0.0023107861634343863
3310,744,14,2,-4.909386157989502,0.012584142,-0.0022147465,False,728,0.012243252247571945,0.0002336978941457346,-0.0027893343940377235
3311,571,11,2,-5.412561893463135,0.003292885,0.010047998,False,573,0.0038689232897013426,-0.009138908237218857,0.01976294443011284
3311,824,16,2,-5.63899040222168,-0.005466766,0.005468912,False,829,-0.00977496150881052,0.0003252220049034804,0.0008354950696229935
3313,616,12,2,-4.835164546966553,0.010000868,-0.006813326,False,626,-0.0038070965092629194,-0.006660280283540487,-0.013961010612547398
3313,721,14,2,-5.860204219818115,0.0020009708,0.003646736,True,717,0.00039035797817632556,0.0036880970001220703,-0.0016519736964255571
3316,509,10,2,-3.825493097305298,0.0041151573,-0.006137004,False,512,-0.0004426717641763389,-0.0061860703863203526,-0.004508762154728174
3316,558,11,2,-5.1806793212890625,-0.0053307437,-0.0017121696,False,581,0.000544700596947223,0.004652328323572874,-0.0004890533164143562
3318,586,11,2,-5.051271915435791,0.001666584,-0.006715145,False,581,0.0030078410636633635,0.0024682616349309683,-0.007842149585485458
3318,727,14,2,-5.6788740158081055,0.001138134,0.00054558757,True,709,0.0007542038219980896,0.0001394271821482107,2.223014598712325e-05
3331,421,8,2,-3.5924692153930664,-0.000581851,-0.00021075249,False,416,-0.004488935694098473,0.0019043970387429,-0.006022234447300434
3331,569,11,2,-5.227384567260742,0.013587866,-0.010073338,True,560,0.0010176562936976552,-0.002680225297808647,-0.019963322207331657
3337,545,10,2,-2.7830986976623535,0.0015190887,0.00072214124,False,503,0.003948083147406578,-0.00556153291836381,0.008712667971849442
3337,817,16,2,-4.561377048492432,-0.0067347814,0.005969801,False,811,0.0023067283909767866,-0.007737846579402685,0.02274915762245655
3338,311,6,2,-5.648606777191162,8.833885e-05,0.00030013084,True,335,0.004503135569393635,0.0030934906098991632,0.0016214369097724557
3338,703,14,2,-5.828732490539551,0.0017317581,0.003231678,True,704,0.001456727972254157,0.009310569614171982,-0.006353921722620726
3338,815,16,2,-5.944309234619141,-0.0018309689,0.0055126,True,828,-0.0031805133912712336,0.0046556852757930756,-0.0004926295951008797
3338,927,18,2,-3.4562363624572754,0.00021015645,0.0005620241,False,948,0.0012436151737347245,0.0010646342998370528,0.0005308485706336796
3339,330,6,2,-5.265921115875244,0.007216377,-0.00964097,False,304,-0.014587163925170898,-0.003070669248700142,-0.02837384305894375
3339,732,14,2,-5.9148268699646,-0.0008835125,-0.0011885357,True,739,-0.002830247860401869,0.005281238351017237,-0.008416509255766869
3340,736,14,2,-5.612889766693115,0.0008461094,-0.0021072389,False,749,0.003611917607486248,-0.005553722381591797,0.006212291773408651
3340,845,16,2,-5.923277378082275,-0.0023382092,-0.00082380295,True,828,-0.0010227299062535167,0.0022590351291000843,-0.0017673589754849672
3343,89,1,2,-3.301011085510254,0.0011211204,0.00043296337,False,91,0.003750639036297798,0.0005636358400806785,0.002498846035450697
3343,264,5,2,-4.32330846786499,0.0026325034,0.0010838509,False,289,0.0024803162086755037,0.006170749664306641,-0.005239086225628853
3343,572,11,2,-4.522727966308594,-0.010229921,-9.1953276e-05,False,591,-0.004549961071461439,-0.00854474026709795,0.014132747426629066
3343,822,16,2,-4.179600715637207,0.012236901,0.0040839193,False,844,-0.005517182406038046,-0.015444593504071236,0.0017744293436408043
3348,652,13,2,-5.6007208824157715,-0.008763847,-0.0066682054,False,689,-0.0010020446497946978,-0.005141315516084433,0.006234912201762199
3348,861,17,2,-3.394688606262207,0.003385992,0.001010089,False,883,-0.0011141777504235506,-0.00045061588753014803,-0.003039464820176363
3349,334,6,2,-5.559680461883545,0.0026850891,0.0073253633,False,318,0.007921075448393822,-0.0055902195163071156,0.01815156824886799
3349,663,13,2,-5.247616767883301,0.0059065726,0.0033851052,False,682,0.001795320538803935,0.007381496485322714,-0.008107643574476242
3350,637,12,2,-5.951756477355957,-0.0021382142,0.004898052,True,602,-0.00374432560056448,0.001972732599824667,0.0013192081823945045
3350,806,16,2,-5.871832847595215,0.0020157145,-0.00028689383,True,828,-0.0016147613059729338,0.0003663063107524067,-0.00428367592394352
3364,193,3,2,-4.255966663360596,0.0029169463,0.0022906493,False,175,0.0006712913746014237,0.003021402284502983,-0.0029764079954475164
3364,336,6,2,-4.677313327789307,0.016128598,-0.016203174,False,345,-0.0018498515710234642,-0.003737487830221653,-0.030444135889410973
3365,151,3,2,-3.5516128540039062,0.004204378,-0.0016531562,False,168,0.00035431861761026084,0.0010764837497845292,-0.006579699460417032
3365,327,6,2,-5.824644565582275,0.00084368704,0.0017569542,False,344,9.059906005859375e-05,0.005275173112750053,-0.004271307028830051
3366,686,13,2,-2.839529275894165,0.0044496725,0.009858775,False,678,0.005406002979725599,-0.0008854293846525252,0.01170053519308567
3366,712,14,2,-5.183132648468018,0.0027049351,-0.0030770206,False,740,0.0052329921163618565,-0.0002109146153088659,-0.00033804913982748985
3370,312,6,2,-5.723060607910156,-0.0014018917,0.004086418,False,326,0.0008457660442218184,-0.004586534574627876,0.010920610278844833
3370,445,8,2,-2.7260897159576416,-0.0007282877,0.0034672164,False,443,0.0007732867961749434,-0.0017902040854096413,0.00675899488851428
3370,643,12,2,-5.889645099639893,-0.010209923,0.0072420407,False,625,-0.003957576584070921,0.0006225204560905695,0.012871867045760155
3370,847,16,2,-4.59735631942749,0.014032144,-0.012574673,False,839,-0.004400834906846285,-0.02210470288991928,-0.00890294834971428
3371,630,12,2,-1.5068705081939697,0.00052844046,0.0026201892,False,-1,,,
3371,801,16,2,-2.366149425506592,0.013205848,-0.006790657,False,805,-0.000694112794008106,-0.0057138060219585896,-0.014976812526583672
3373,25,0,2,-3.309436798095703,-0.0032392598,-0.0017938948,False,28,-0.00043599604396149516,0.00480265635997057,-0.0037932870909571648
3373,833,16,2,-5.251625061035156,0.011574669,-0.011999531,False,804,-0.005123081151396036,0.004479961469769478,-0.03317724168300629
3374,12,0,2,-3.3287367820739746,0.0013970518,-0.0030737878,False,28,0.0004349088703747839,0.003954419866204262,-0.00799035094678402
3374,837,16,2,-5.735051155090332,0.0021150112,-0.003327694,True,831,-0.008957453072071075,-0.00495349895209074,-0.009446659125387669
3379,152,3,2,-3.052595853805542,-0.002391181,-0.00018257619,False,185,-0.0026677369605749846,-0.0018839836120605469,0.0014248513616621494
3379,707,14,2,-5.95814847946167,-0.0075779627,0.0011341667,True,710,-0.0006321811815723777,0.005898084491491318,0.0021818638779222965
3381,403,8,2,-2.3620946407318115,-0.0024582006,0.0018524504,False,441,-0.0018654823070392013,0.0011533116921782494,0.0012918566353619099
3381,826,16,2,-5.074435710906982,0.0020524121,-0.009663773,False,820,-0.005158205050975084,-0.00014881133392918855,-0.016725579276680946
3382,37,0,2,-3.1276538372039795,0.0065609026,-0.0020972632,False,28,0.004059195518493652,0.0021481418516486883,-0.006747112609446049
3382,319,6,2,-4.401158809661865,0.0074128723,-0.008627539,False,300,-0.004280128516256809,-0.0017008876893669367,-0.018619650974869728
3382,649,12,2,-5.57926607131958,-0.0030475997,0.0015628338,False,642,0.0020584678277373314,-0.0027338408399373293,0.009402741678059101
3382,843,16,2,-5.908087730407715,-0.022776537,0.0021571922,True,828,0.00033102036104537547,0.0018340301467105746,0.0234307199716568
3383,556,11,2,-5.259438514709473,0.0015673924,-0.011685057,False,563,0.0025863838382065296,-0.010124015621840954,-0.0005420492962002754
3383,832,16,2,-5.94395637512207,-0.00024350166,0.0050174235,True,813,-0.012419185601174831,0.00014202117745298892,-0.007300281431525946
3387,812,16,2,-5.8505859375,-0.004734888,0.0002583599,True,825,-0.001908474019728601,0.00402473472058773,-0.0009399605914950371
3387,991,19,2,-2.635441780090332,0.0027322292,0.0005159426,False,950,8.973598596639931e-05,-0.0030208539683371782,0.0008943034335970879
3393,687,13,2,-4.38590145111084,0.004494152,0.008922882,False,677,-0.0027195452712476254,0.0011326789390295744,0.0005765061359852552
3393,849,16,2,-5.9554009437561035,-0.007927236,-0.0002968693,True,813,-0.0109710693359375,0.005858192220330238,-0.00919889472424984
3394,83,1,2,-4.188354015350342,0.0018500424,-0.00016453743,False,98,-0.0006839942652732134,0.000682563753798604,-0.0033811377361416817
3394,269,5,2,-5.499729156494141,0.00949049,-0.001672535,True,282,-0.003179683582857251,-0.004461231175810099,-0.009881477802991867
3395,308,6,2,-5.767354965209961,-0.0011690236,-0.0041379738,True,346,-0.0013580513186752796,0.008156022988259792,-0.012483024969696999
3395,523,10,2,-4.777304649353027,-0.0026798248,-0.0020288562,False,506,-0.0036256026942282915,0.0005082607385702431,-0.0034828947391361
3395,788,15,2,-2.7561891078948975,0.0023500824,-0.0005779314,False,779,-0.0035696648992598057,-0.0016124105313792825,-0.004885268397629261
3395,808,16,2,-5.686257362365723,-0.00017365455,-0.0016954422,True,825,0.0047212219797074795,0.002827882766723633,0.00037155149038881063
3400,65,1,2,-2.3956918716430664,-8.6488726e-05,-0.00023899079,False,-1,,,
3400,305,6,2,-4.963337421417236,-0.0049293325,0.0055747414,False,345,-0.005432825069874525,-0.00503508560359478,0.010106334462761879
3401,26,0,2,-4.89422082901001,0.0022365474,-0.0026975824,False,41,0.0009867477929219604,-0.003340759314596653,-0.0006066225469112396
3401,324,6,2,-5.938773155212402,-0.010416193,0.005401907,True,347,-0.00361353880725801,0.0008290481637232006,0.011375512927770615
3402,146,2,2,-3.872624158859253,-0.0019064284,-0.0011335086,False,102,-0.0011486340081319213,-0.002773113315925002,0.002397398930042982
3402,670,13,2,-5.204211711883545,0.011537523,0.010775652,False,681,0.006182498764246702,0.0036496256943792105,0.0017710018437355757
3406,173,3,2,-4.235327243804932,-0.003146515,-0.004711504,False,154,-0.005800075363367796,0.0004659747937694192,-0.007831038907170296
3406,276,5,2,-4.031646251678467,0.0058044624,0.0057909917,False,273,-0.0026681614108383656,0.00039737700717523694,-0.00307900900952518
3406,321,6,2,-4.715668201446533,-0.00228261,0.0026536465,False,339,0.004158468451350927,0.00788318645209074,0.0012115384452044964
3406,331,6,2,-5.911085605621338,0.001263361,-0.001263361,True,347,-0.0010930729331448674,0.0027795315254479647,-0.006399326492100954
3411,306,6,2,-4.76474666595459,0.012697201,0.012505617,False,339,-0.0010398196754977107,0.008364439010620117,-0.009595843032002449
3411,607,12,2,-5.970688819885254,-0.0060605146,0.005502043,False,613,-0.001715583843179047,0.004362764302641153,0.0054842098616063595
3414,584,11,2,-5.649966239929199,-0.00014033317,-0.0011397839,False,562,0.003255996620282531,-0.006355466786772013,0.00861201249063015
3414,845,16,2,-5.87397575378418,0.00069128035,0.0019231034,True,821,-0.01048013661056757,2.1800995455123484e-05,-0.009270114824175835
3415,589,11,2,-5.298201084136963,-0.0036257838,-0.004700613,False,596,-5.382537710829638e-05,-0.0015865134773775935,0.0004578587831929326
3415,639,12,2,-5.709996700286865,0.0052042673,-0.0001721859,True,603,-0.006484699435532093,-0.0025892257690429688,-0.009271927177906036
3416,130,2,2,-3.6721527576446533,0.00064658164,0.0030783797,False,127,0.005174283869564533,0.0016029453836381435,0.006003136746585369
3416,634,12,2,-5.520626544952393,0.0033292198,0.00063056947,False,611,0.0072240447625517845,0.007175598293542862,-0.0026502038817852736
3417,275,5,2,-4.564055442810059,-0.0021934987,-0.0024957752,False,297,-0.0025228215381503105,0.00899987667798996,-0.011824974790215492
3417,657,13,2,-5.772255897521973,0.0040399553,-0.0009363556,True,674,-0.0022188853472471237,0.004042921122163534,-0.011238116770982742
3419,20,0,2,-4.973790645599365,-0.00020570755,0.001994295,False,41,-0.0006793022039346397,-0.002072992268949747,0.0035936925560235977
3419,283,5,2,-4.486758232116699,-0.0010211659,-0.0041515827,False,297,-0.0025470638647675514,0.009328741580247879,-0.01500622183084488
3419,316,6,2,-4.837492942810059,0.005776882,-0.004314852,False,-1,,,
3419,335,6,2,-5.307060718536377,0.0036648465,-0.0031008339,False,338,-0.004491081461310387,7.4100494202866685e-06,-0.011264171451330185
3420,163,3,2,-3.5155067443847656,0.0029192877,0.0008514833,False,168,0.0004847765085287392,0.002735037822276354,-0.004318065941333771
3420,233,4,2,-4.395596981048584,-0.0025388717,-0.0009939957,False,219,0.0015613174764439464,-0.00227947230450809,0.005385665688663721
3420,327,6,2,-5.771406650543213,0.00012152672,-0.002387085,True,318,-0.0011082839919254184,-0.0017689609667286277,-0.001847934676334262
3420,651,13,2,-5.891877174377441,-0.0009133911,-0.0010045719,True,676,-0.004441499710083008,0.004811687394976616,-0.009344368241727352
3426,616,12,2,-4.992979526519775,0.0014321327,-0.00012037277,False,615,-0.006366443820297718,0.00429052347317338,-0.012209473177790642
3426,708,14,2,-5.805062294006348,0.0028706836,0.0024597072,True,739,-0.0035733890254050493,-0.0008387946872971952,-0.003145570633932948
3427,313,6,2,-5.424545764923096,0.001915884,0.0054519842,False,317,-0.005323448218405247,0.008435631170868874,-0.01022297888994217
3427,628,12,2,-4.548125267028809,-0.0008258343,0.0044518183,False,609,0.00100622174795717,-0.0035929298028349876,0.009876804426312447
3427,644,12,2,-5.837882995605469,-0.006648407,0.0012676143,True,602,0.0026478576473891735,0.007372875232249498,0.0031910035759210587
3427,733,14,2,-5.509670734405518,0.003041277,-0.0034063149,True,720,-0.004013719502836466,-0.001736497855745256,-0.008724813349545002
3427,773,15,2,-3.810965061187744,-0.00023972988,0.0017942429,False,776,-0.0007933425949886441,0.0005355548928491771,0.000705075217410922
3427,827,16,2,-5.6581130027771,0.0012124158,0.005120544,True,839,-0.020509518682956696,-0.0038625525776296854,-0.012738837860524654
3428,186,3,2,-2.9241740703582764,-0.0092375465,0.004539223,False,158,0.0005171966622583568,0.004878015723079443,0.009415950626134872
3428,326,6,2,-5.8740081787109375,-0.0029415034,0.0056816004,True,314,-0.0032505798153579235,-7.190704491222277e-05,0.005444430746138096
3428,690,13,2,-4.948897838592529,0.001613369,-0.0060586073,False,658,0.002432317705824971,-0.005583486519753933,0.0003438275307416916
3428,831,16,2,-5.898126125335693,0.0014463329,0.015917588,True,813,0.0002447700535412878,0.006510448642075062,0.008205576799809933
3432,289,5,2,-3.894486904144287,0.0058480836,0.008878579,False,255,0.009609636850655079,0.0020602704025804996,0.01057986170053482
3432,835,16,2,-5.788852691650391,0.0037080192,0.0060773753,True,828,0.0018340301467105746,-0.0032045363914221525,0.007407922297716141
3435,341,6,2,-4.9380035400390625,0.003130436,-0.006888971,False,-1,,,
3435,640,12,2,-5.9429826736450195,-0.00082764623,0.006612825,True,629,-0.0015065097250044346,0.012076463550329208,-0.006142501253634691
3436,11,0,2,-4.353676795959473,0.0014091205,0.0017955494,False,36,0.00027578353183344007,-0.002075624419376254,0.0027378369122743607
3436,22,0,2,-3.8503499031066895,-0.0015865278,-0.0032027913,False,31,-0.0011640834854915738,-0.0006592560093849897,-0.0021210908889770508
3436,307,6,2,-5.018546104431152,0.0027538205,-0.00529417,False,345,-0.007587175350636244,0.006188459228724241,-0.02182362601161003
3436,312,6,2,-5.760719299316406,-0.0007546425,-0.0028458023,False,344,0.0011028670705854893,0.00023374558077193797,-0.0012220382923260331
3437,701,14,2,-5.615133285522461,0.0024411583,0.0063368035,True,731,3.591537461034022e-05,-0.002256679581478238,0.006188239902257919
3437,770,15,2,-3.4758460521698,-0.0035520745,0.0006172466,False,769,0.0019424486672505736,0.0018016004469245672,0.004310169257223606
3440,280,5,2,-5.463533401489258,0.009112568,-0.0043096067,False,260,0.0040559484623372555,0.0013565730769187212,-0.010722799226641655
3440,650,13,2,-5.680907249450684,-0.01051919,0.0019801236,False,674,-0.005410442128777504,-0.001832180074416101,0.008921051397919655
3441,625,12,2,-5.628844738006592,0.0044950293,0.005216074,True,631,0.006550178397446871,-0.006550178397446871,0.013821401633322239
3441,682,13,2,-5.387531280517578,-0.0059836004,-0.010877409,False,656,0.003711700439453125,-0.0004884719965048134,-0.0006936360150575638
3443,84,1,2,-3.895995855331421,-0.0010214471,-7.318974e-05,False,86,-0.00177484517917037,-0.0009658908820711076,0.00013930309796705842
3443,342,6,2,-5.9742536544799805,-0.011668072,0.007531395,True,347,-0.0003975295985583216,0.01304873451590538,0.0057532042264938354
3447,671,13,2,-3.8842992782592773,-0.011902046,-0.0003181076,False,665,-0.0018255376489832997,-0.003822598373517394,0.01358100026845932
3447,825,16,2,-5.603202819824219,0.0040902235,-0.0016627979,True,813,0.006557273678481579,0.0053160665556788445,-0.004511814098805189
3447,842,16,2,-5.54242467880249,0.0053162766,0.0013189125,False,829,0.0034613609313964844,0.0032967091538012028,-0.0038327123038470745
3447,897,17,2,-4.063930034637451,-0.0010446929,-0.0015374374,False,863,0.0031569385901093483,0.00037907599471509457,0.0022851182147860527
3448,413,8,2,-2.2847213745117188,-0.0021753502,-0.003254547,False,441,0.0028006411157548428,0.003685474395751953,-0.0019640300888568163
3448,811,16,2,-5.583652019500732,0.0001240921,-0.005440693,False,803,-0.016977205872535706,-0.005043630488216877,-0.017498360946774483
3449,236,4,2,-2.7359273433685303,0.0015478086,0.0017737341,False,237,0.0034786462783813477,0.0019126796396449208,0.0017918921075761318
3449,806,16,2,-5.79025411605835,-0.0011854076,0.0058628274,True,839,-0.007191858254373074,0.005463609471917152,-0.005607232451438904
3450,328,6,2,-2.982224702835083,0.0014749574,0.0038336657,False,303,-0.010549264028668404,-0.005541009828448296,-0.0026495459023863077
3450,618,12,2,-3.7556960582733154,-0.006607022,0.0005676985,False,622,-0.002908687572926283,0.015540271066129208,-0.011274237185716629
3452,591,11,2,-5.554481029510498,-0.012351342,0.0023247146,False,577,0.003668079385533929,-0.003867187537252903,0.02221132256090641
3452,721,14,2,-5.60584020614624,0.0072836783,-0.007017994,True,731,0.003167161950841546,-0.004503956064581871,-0.006630554795265198
3454,189,3,2,-4.989825248718262,-0.0020003223,0.0018919754,False,187,0.0027923870366066694,-0.004065923858433962,0.010750608518719673
3454,699,13,2,-5.814631938934326,0.0031924343,-0.0014752006,True,676,-0.0006302642868831754,-0.0032546138390898705,-0.00204328540712595
3455,678,13,2,-2.935173511505127,-0.0045215175,-0.0031828356,False,692,-0.0078346012160182,0.010820913128554821,-0.01731683313846588
3455,815,16,2,-5.890091896057129,0.0015603352,0.008388405,True,836,0.0018319606315344572,-0.0013221740955486894,0.00998220406472683
3456,181,3,2,-2.5052711963653564,0.005079565,0.0005969906,False,158,0.002979383571073413,0.0012215805472806096,-0.0027247718535363674
3456,360,7,2,-4.595102787017822,0.00019340515,-0.0038055228,False,371,-0.0015066051855683327,-0.0017513561761006713,-0.003754176665097475
3456,652,13,2,-5.603903770446777,0.0051476,-0.0074069975,True,674,-0.001201953855343163,-0.003483953420072794,-0.010272597894072533
3456,743,14,2,-5.869016170501709,-0.0013247109,0.0025975513,False,732,0.0015939235454425216,-0.0016103553352877498,0.007126540876924992
3456,809,16,2,-5.424813270568848,-0.008669185,0.0075368974,False,829,-0.0030730438884347677,0.005799665581434965,0.0073333727195858955
3456,824,16,2,-5.6666717529296875,0.0012790584,0.010492449,True,844,-0.005532398354262114,-0.004128722939640284,0.007809714414179325
3457,348,6,2,-4.541978359222412,0.00959713,-0.0073204804,False,300,-0.002485675737261772,-0.010636224411427975,-0.008767061866819859
3457,728,14,2,-5.073673248291016,-0.0018218136,-0.0070853615,False,746,0.0064348699524998665,-0.012614879757165909,0.013786200433969498
3458,702,14,2,-5.847888469696045,-0.0010765648,-0.0023779392,True,717,-0.0005167961353436112,-0.0026908779982477427,0.000872707343660295
3458,994,19,2,-3.123999834060669,0.0009475231,-0.0031851816,False,950,-0.002156849019229412,0.0021753739565610886,-0.008464927785098553
3461,666,13,2,-2.50039005279541,-0.0020678712,-4.904747e-05,False,693,0.0020926762372255325,0.0012985420180484653,0.0028129578568041325
3461,819,16,2,-4.564762592315674,-0.0049233343,-0.0008068657,False,840,-0.011346602812409401,0.007166938856244087,-0.014397073537111282
3464,43,0,2,-4.354972839355469,-0.0014993,-0.0034973908,False,42,0.00021997452131472528,-0.0024052525404840708,0.0006271363236010075
3464,311,6,2,-5.548762798309326,0.007728777,0.0010408593,True,302,-0.0016777992714196444,0.00959822628647089,-0.017963942140340805
3464,595,11,2,-5.896764278411865,-0.0010568905,0.013191214,True,560,-0.0041316794231534,0.00093841552734375,0.009178009815514088
3464,696,13,2,-5.1244378089904785,-0.015032177,-0.0012749481,False,659,-0.009679250419139862,-0.0005227947258390486,0.004600773565471172
3465,304,6,2,-4.292445659637451,0.010804186,-0.008920746,False,322,-0.0012751102913171053,-0.0038404082879424095,-0.017159633338451385
3465,578,11,2,-5.321728706359863,-0.0018824196,-0.0054907515,False,588,0.0007522297091782093,0.003303966484963894,-0.006160068791359663
3467,285,5,2,-5.00547981262207,0.0055688666,-0.00032251357,False,272,0.007916898466646671,0.0009034538525156677,0.0011220644228160381
3467,683,13,2,-5.6059064865112305,-0.0037636566,-0.00053842546,False,676,0.007494211196899414,-0.005413999781012535,0.016133442521095276
3469,56,1,2,-3.921544313430786,0.00037884712,0.00045155524,False,69,-0.0006267547723837197,-0.0009198665502481163,0.0003658198984339833
3469,325,6,2,-5.572849273681641,0.0051001073,-0.0049761487,True,301,-0.0019268416799604893,0.006332502234727144,-0.018335599452257156
3471,594,11,2,-5.132141590118408,-0.005915337,0.0040742015,False,579,0.004180431365966797,-0.009096136316657066,0.023266106843948364
3471,741,14,2,-5.712991714477539,0.005225239,0.00085349084,True,700,0.004864244256168604,0.00107939715962857,-0.0005869008600711823
3473,508,10,2,-2.568626880645752,-0.0038502836,-0.0004187584,False,-1,,,
3473,818,16,2,-5.467443466186523,0.004729643,0.0020833302,False,802,-0.013132753781974316,-0.0022008991800248623,-0.013578168116509914
3474,563,11,2,-5.799529075622559,-0.0024123096,0.002026596,True,573,-0.002374897012487054,-0.0033020400442183018,0.005366048775613308
3474,664,13,2,-3.3758296966552734,-0.0015622139,0.0017860746,False,-1,,,
3474,689,13,2,-5.908604621887207,0.0013129807,0.0026745796,True,676,0.0010448169196024537,-0.003848504973575473,0.006254920735955238
3474,812,16,2,-5.416988372802734,0.007427244,-0.00624197,False,802,-0.013050432316958904,-0.00199438096024096,-0.02472526580095291
3479,620,12,2,-5.931576728820801,0.00055174826,0.00013942718,False,627,-0.004920968785881996,-0.00016486167442053556,-0.005168428178876638
3479,960,19,2,-4.336918830871582,0.0057294844,-0.0039461516,False,964,0.0036140442825853825,-0.0011360549833625555,-0.004925536923110485
3480,388,7,2,-3.04490065574646,0.00018469333,-3.2629967e-05,False,-1,,,
3480,581,11,2,-5.236485481262207,-0.0046454524,-0.0027103138,False,579,0.001180458115413785,-0.00878264382481575,0.011898240074515343
3480,698,13,2,-5.1098833084106445,0.012788954,-0.005117321,False,694,-0.0030387972947210073,0.0012052631936967373,-0.02215033397078514
3480,707,14,2,-5.88288688659668,0.0005310535,-0.0018273353,True,724,0.0013578319922089577,-0.0023308659438043833,0.0013303090818226337
3481,308,6,2,-5.937166213989258,-0.0013629628,0.004870272,True,333,-0.005185127258300781,-0.0014716434525325894,0.002519750501960516
3481,546,10,2,-2.4030797481536865,-0.0034686374,-0.0030256223,False,-1,,,
3481,621,12,2,-5.592131614685059,0.0063383197,-0.004660215,False,612,-0.0008999538258649409,0.008745240978896618,-0.020643729716539383
3481,838,16,2,-5.718968391418457,0.0010985946,0.01372755,True,802,-0.016094006597995758,0.003637294750660658,-0.007102346047759056
3483,720,14,2,-5.550863742828369,-0.0028114032,-0.008270912,False,718,-0.0029437446501106024,-0.000592679949477315,-0.007810573559254408
3483,833,16,2,-5.718466281890869,0.0051157475,-0.004135189,True,802,-0.016611680388450623,0.0045590209774672985,-0.03042163886129856
3484,747,14,2,-4.905970096588135,0.010587749,-0.0051752855,False,722,-0.009923124685883522,0.005939073394984007,-0.031625233590602875
3484,954,19,2,-3.1739089488983154,-0.002441778,-0.002627902,False,959,-0.0009177732281386852,-0.00217438698746264,0.0010704898741096258
3489,264,5,2,-4.3000407218933105,-0.0057281684,-0.0064103696,False,274,0.0007357597351074219,0.001153326011262834,-0.0010997675126418471
3489,738,14,2,-5.873652935028076,0.0018065262,0.0033285427,True,732,0.00013385772763285786,-0.0005123138544149697,0.002168188104405999
3490,294,5,2,-5.168500900268555,0.010717878,-0.0017558289,False,265,0.00048040389083325863,0.0016252421773970127,-0.013618545606732368
3490,653,13,2,-5.9383463859558105,-0.0042296983,0.00024625778,True,674,-0.001832180074416101,-0.0025872134137898684,0.005230989772826433
3494,297,5,2,-4.0867204666137695,0.0013879776,0.0018572712,False,263,0.002134437672793865,-0.005599441472440958,0.00820317305624485
3494,727,14,2,-5.825098514556885,-0.0017922878,0.0012380314,True,712,0.0003073024854529649,0.003426885697990656,-8.926400914788246e-05
3501,336,6,2,-5.9742536544799805,-0.0020920371,0.0037392902,True,333,-0.0023991488851606846,-0.002242565155029297,0.0056747435592114925
3501,978,19,2,-3.928619146347046,-0.0014731932,0.00016305923,False,951,0.002964925719425082,0.0025304509326815605,0.0020707272924482822
3502,173,3,2,-4.336132526397705,0.0017921543,0.0050700665,False,193,-0.0009475517435930669,0.0017740726470947266,0.0005562878213822842
3502,570,11,2,-5.9742536544799805,-0.00776968,0.0035770417,True,552,-0.0028989315032958984,0.0031501101329922676,0.005297680385410786
3506,277,5,2,-3.6492512226104736,0.002570691,-0.008210063,False,262,-0.007249841466546059,-0.006536421831697226,-0.011494172737002373
3506,813,16,2,-5.779802322387695,-0.0034053517,0.0038975715,False,800,0.002933063544332981,0.007748136296868324,0.0024878503754734993
3507,199,3,2,-4.035454273223877,-0.0003970051,0.0007557821,False,183,0.001861410099081695,-0.007826128043234348,0.010840325616300106
3507,314,6,2,-5.505352020263672,0.0065275575,-8.670807e-05,True,330,-0.0012090015225112438,0.0032183360308408737,-0.011041603051126003
3507,315,6,2,-3.470515489578247,0.004819169,0.00031520368,False,303,-0.00680182920768857,-0.0007427263190038502,-0.010563068091869354
3507,704,14,2,-5.930585861206055,-0.0128858,0.005094662,False,703,-0.00194269185885787,0.00434844009578228,0.011689329519867897
3510,130,2,2,-3.5419700145721436,-0.00045958997,-0.002419262,False,124,0.0030925320461392403,0.0007341527962125838,0.00039870734326541424
3510,344,6,2,-5.8730950355529785,-0.002165575,-0.001873169,True,333,-0.0057250214740633965,-0.0013690852792933583,-0.0040635303594172
3510,569,11,2,-5.836430072784424,-0.001842661,-0.0012171459,True,593,0.00040741919656284153,-0.0019718362018465996,0.0030047702603042126
3510,632,12,2,-4.374992847442627,0.004968281,0.00047034264,False,623,0.003307657316327095,0.002937965327873826,-0.004128246568143368
3510,713,14,2,-5.720651626586914,0.00439435,0.00333498,True,712,0.0031455231364816427,0.006331348326057196,-0.004245195537805557
3510,804,16,2,-5.6687421798706055,-0.009160462,-0.0041996576,False,800,0.00619089137762785,0.0037892533000558615,0.0073624420911073685
3511,284,5,2,-5.655508995056152,-0.0016851234,0.0014589786,False,258,-0.0033217240124940872,-0.003283262252807617,0.003105640411376953
3511,631,12,2,-5.335391521453857,0.008633776,0.0013763238,True,626,0.006741132587194443,-0.0019366168417036533,0.0014202971942722797
3515,142,2,2,-3.2009105682373047,0.0016756392,0.0010301447,False,136,-7.502555672544986e-05,0.00256067281588912,-0.0032811928540468216
3515,307,6,2,-5.519260883331299,-0.0041931723,0.0050898073,False,330,-0.002363605424761772,0.0003504848573356867,0.006568890064954758
3515,663,13,2,-5.506909370422363,-0.010477199,0.0029605008,False,680,0.002378759440034628,0.001569986343383789,0.014246473088860512
3515,706,14,2,-5.954380512237549,-0.0005885506,0.0059385584,True,742,-0.007892741821706295,0.005429944954812527,-0.006795577704906464
3521,168,3,2,-3.648196220397949,-0.004591093,0.0048045493,False,171,-0.0006265115807764232,-0.00025846005883067846,0.009027590975165367
3521,611,12,2,-4.891750812530518,0.0041987514,0.009939012,False,641,0.011282072402536869,-0.0033782387617975473,0.020400572568178177
3522,154,3,2,-4.2528395652771,-0.0019113636,-0.0051962566,False,176,-0.0011934376088902354,0.00023614882957190275,-0.004714479669928551
3522,209,4,2,-4.728600025177002,-0.0018939399,0.0013988209,False,231,-0.0005807208945043385,-0.003111019032076001,0.005823059007525444
3522,318,6,2,-5.584580898284912,0.007793455,0.002377882,True,347,-0.0026226139161735773,0.0036934090312570333,-0.011731595732271671
3522,638,12,2,-5.773895740509033,0.0013290214,-0.0040071583,True,639,0.0007557296776212752,-9.623527876101434e-05,-0.004484214819967747
3527,283,5,2,-4.877284049987793,-0.0035022926,0.008409901,False,251,0.005968170240521431,0.00018804549472406507,0.017692318186163902
3527,341,6,2,-5.200993537902832,0.0005466938,0.0046310807,False,345,-0.00948306079953909,0.0016576385824009776,-0.007056312635540962
3528,601,12,2,-3.8398287296295166,-3.7174224e-05,0.0012956238,False,-1,,,
3528,848,16,2,-5.9742536544799805,-0.0077140806,0.00072134973,True,803,-0.0014232826652005315,0.002454395405948162,0.004557752050459385
3530,566,11,2,-2.6313164234161377,0.0052570915,8.4857944e-05,False,585,0.0008222865872085094,-0.007028928026556969,0.002678981516510248
3530,841,16,2,-3.730651617050171,0.016309151,0.010234866,False,-1,,,
3538,305,6,2,-5.330658912658691,-0.010833025,-0.0046850396,False,301,-0.00023825645621400326,-0.010912247002124786,0.016821976751089096
3538,605,12,2,-4.831207275390625,-0.0037161065,0.0036219787,False,604,0.0038879585918039083,0.005532846320420504,0.005693197250366211
3538,635,12,2,-5.12726354598999,0.011534014,0.003590622,False,610,0.0024784374982118607,-0.0008003711700439453,-0.004664583131670952
3538,911,18,2,-3.9642810821533203,-0.00074530125,-0.0022213745,False,913,0.0007538843201473355,0.0005878257798030972,-0.0013100147480145097
3540,476,9,2,-3.641613721847534,-0.0010893822,-0.0006647921,False,490,0.0013672017958015203,0.0005500221159309149,0.0012417698744684458
3540,564,11,2,-5.296683311462402,-0.0010034752,-0.002704792,False,554,0.004183597397059202,0.009689874947071075,-0.007207594346255064
3540,621,12,2,-5.658519268035889,0.0036373234,-0.0037454034,True,634,-0.0005224132328294218,0.010203809477388859,-0.018108949065208435
3540,733,14,2,-5.274359226226807,0.007145891,-0.0013421535,False,748,-0.0075972555205225945,-0.006710061803460121,-0.009375237859785557
3542,340,6,2,-3.7566416263580322,-0.0011420727,0.005305939,False,332,0.0014295530272647738,-0.009404911659657955,0.017282476648688316
3542,606,12,2,-2.292083263397217,-0.0054281997,0.0020351552,False,-1,,,
3542,830,16,2,-2.3662638664245605,0.011904645,-0.0037036706,False,801,0.00617529870942235,-0.004563284106552601,-0.004869732074439526
3542,831,16,2,-5.186099052429199,-0.0018900014,0.004971123,False,845,0.00399221433326602,-0.005024166312068701,0.015877503901720047
3543,643,12,2,-5.3461127281188965,-0.00363986,0.0053473474,False,642,0.007953863590955734,0.006973905488848686,0.009967165067791939
3543,654,13,2,-3.9271979331970215,0.008441982,-0.0012105656,False,685,-0.0028406381607055664,-0.0002336120669497177,-0.012259573675692081
3543,749,14,2,-5.860317707061768,0.002122116,-0.00154109,True,732,-4.15611284552142e-05,0.0005418205400928855,-0.004246587865054607
3543,820,16,2,-5.9742536544799805,-0.01688633,0.010675964,True,828,-9.425163443665951e-05,0.011657419614493847,0.01581062376499176
3545,722,14,2,-4.556398868560791,0.0046843817,0.0024222755,False,714,-0.0036682127974927425,-0.00612360006198287,0.00019328109920024872
3545,832,16,2,-5.834311485290527,0.0011081218,0.008781471,False,826,-0.001189861330203712,0.006160831544548273,0.0003226562403142452
3549,308,6,2,-5.967470169067383,-0.0008445549,0.0036235333,True,346,-0.004122504964470863,-0.0013030337868258357,0.0016486169770359993
3549,500,10,2,-3.625307559967041,0.0036815929,-0.002544651,False,545,-0.0026462506502866745,-0.0016739177517592907,-0.00719857681542635
3551,327,6,2,-5.691018581390381,0.005589094,-0.0027957822,True,326,-0.005759677849709988,-0.0012256145710125566,-0.01291893981397152
3551,431,8,2,-3.890868663787842,0.0004523897,0.0011210823,False,447,-0.00043073654524050653,0.0014559316914528608,-0.0012179756304249167
3551,591,11,2,-5.876733779907227,-0.0076656914,-0.00027627946,False,593,-0.00048280716873705387,0.006635389290750027,0.0002712155692279339
3551,629,12,2,-5.234839916229248,0.0044747638,-0.00044775964,False,649,0.006862010806798935,0.0004145717539358884,0.0015249159187078476
3552,319,6,2,-4.810065746307373,0.005283203,-0.0026294326,False,317,0.00441383384168148,-0.005850658286362886,0.0023518558591604233
3552,577,11,2,-5.9742536544799805,-0.0047332384,0.0061418246,True,562,-0.0033894539810717106,0.0020350932609289885,0.005450516007840633
3553,311,6,2,-5.9742536544799805,-0.0042377184,0.00090583804,True,338,-0.005848245695233345,4.983901817467995e-05,-0.0007545282132923603
3553,676,13,2,-5.661680698394775,0.004195938,0.0058949566,True,669,0.0010409450624138117,0.0051597594283521175,-0.002419795375317335
3553,699,13,2,-5.549867153167725,0.00848773,0.0068618585,False,682,0.005587482359260321,-0.003363065654411912,0.0073246764950454235
3553,863,17,2,-4.06534481048584,-0.001663723,0.0012350178,False,874,-0.003088507568463683,-0.0024912261869758368,0.0023014594335108995
3554,339,6,2,-4.616700649261475,6.7529676e-05,0.0055947877,False,321,-0.004605760797858238,-0.0070554637350142,0.007976960390806198
3554,709,14,2,-5.628775596618652,0.0060253334,0.006823254,True,701,0.0011255836579948664,-0.005296850111335516,0.007220354396849871
3556,619,12,2,-4.644200325012207,-0.013358798,0.015728125,False,600,0.004059744067490101,-0.00097882270347327,0.034125491976737976
3556,723,14,2,-5.460312843322754,0.008599148,-0.0018433667,True,712,0.00705889705568552,0.0031474782153964043,-0.006531096063554287
3560,323,6,2,-3.2918922901153564,0.009304548,0.0043009664,False,349,-0.0009381007985211909,0.002458228962495923,-0.008399911224842072
3560,575,11,2,-5.383745193481445,-0.0043344023,-0.0023361207,False,588,-0.004930992145091295,0.011037482880055904,-0.01397019438445568
3560,657,13,2,-5.9742536544799805,-0.0036460876,0.0054740813,True,674,-0.005134334787726402,0.0066155241802334785,-0.002629689872264862
3560,973,19,2,-4.535109043121338,0.0011087704,0.00032289504,False,956,3.919601567758946e-06,-0.004878778476268053,0.004096822813153267
3561,719,14,2,-5.495090484619141,0.009431572,-0.0016314316,True,718,-0.0007773304241709411,-0.003327321959659457,-0.008513011038303375
3561,825,16,2,-5.5330729484558105,-0.0040769004,-0.006708975,False,800,0.001779842423275113,0.007022237870842218,-0.007874470204114914
3565,257,5,2,-3.7221343517303467,0.0043114517,0.007583065,False,261,-0.0018077469430863857,-0.0035409594420343637,0.0050048260018229485
3565,837,16,2,-5.2391037940979,0.011312656,-0.00047231675,True,822,-0.017024269327521324,-0.003847312880679965,-0.0249619297683239
3568,333,6,2,-5.92810583114624,0.00092295645,0.0073204516,True,346,-0.004606609232723713,0.0012717342469841242,0.0005191517993807793
3568,731,14,2,-5.896190643310547,-0.0029406548,0.0056948755,True,746,-0.001976404106244445,0.008060102351009846,-0.0014009764418005943
3570,158,3,2,-2.7618672847747803,-0.0023200035,-0.0011508656,False,-1,,,
3570,337,6,2,-4.706464767456055,-0.008349151,-0.006040249,False,317,0.006902618333697319,-0.012659911997616291,0.021871432662010193
3570,721,14,2,-5.9742536544799805,-0.007481451,0.0056337356,True,702,-0.004996070638298988,0.005182571243494749,0.002936543896794319
3570,808,16,2,-4.295263767242432,0.01308609,-0.008653574,False,-1,,,
3572,344,6,2,-5.664528846740723,0.0056980895,-0.0028671646,True,324,0.008147010579705238,-0.0015038871206343174,0.0010856427252292633
3572,432,8,2,-4.660341739654541,-0.0020703315,-0.005366354,False,426,-0.004365520551800728,0.001656217616982758,-0.009317760355770588
3572,537,10,2,-4.607117652893066,0.004475641,-0.003200016,False,515,0.00026158333639614284,0.001284046215005219,-0.008698119781911373
3572,978,19,2,-3.904609441757202,0.0007964468,-0.002022195,False,990,-0.0031892298720777035,-0.003131384961307049,-0.0028764866292476654
3582,739,14,2,-5.786423206329346,0.002434845,0.001886654,True,732,0.0023338603787124157,-0.003101243870332837,0.004886913113296032
3582,803,16,2,-5.741247177124023,0.0040845014,-0.0046601295,True,844,0.0010331058874726295,0.008396634832024574,-0.016108158975839615
3584,197,3,2,-2.5391902923583984,-0.0054092836,-0.00061198714,False,186,-0.0003933286643587053,0.0026626395992934704,0.001741328276693821
3584,824,16,2,-4.8648247718811035,0.008833399,0.009993801,False,809,0.005136127583682537,-0.0047676656395196915,0.011064195074141026
3591,552,11,2,-5.387636661529541,0.0069672586,0.0024371338,False,587,0.004448366351425648,-0.003274135524407029,0.003192376811057329
3591,681,13,2,-5.103427410125732,0.0010546398,0.007333536,False,672,0.004239273257553577,-0.004377393517643213,0.014895563945174217
3592,275,5,2,-4.906347274780273,-0.0038385582,0.0050917245,False,272,0.0005469226744025946,-0.001278467127121985,0.010755672119557858
3592,646,12,2,-4.739406585693359,0.0051114177,-0.0012577724,False,612,0.004422197118401527,0.0025296115782111883,-0.004476604983210564
3594,87,1,2,-3.5438008308410645,0.0028348733,0.0013406134,False,89,-0.0041398718021810055,-0.0007499122875742614,-0.004884219262748957
3594,303,6,2,-3.5101633071899414,-0.004727869,0.0057130144,False,309,-0.003609404666349292,-0.008731217123568058,0.015562695451080799
3594,345,6,2,-5.7261881828308105,-0.0076019,-0.0012604999,False,324,7.943153468659148e-05,-0.00466373423114419,0.01108456589281559
3594,842,16,2,-4.609380722045898,0.0050248816,-0.004543171,False,809,0.009759721346199512,-0.006093244533985853,0.006284913048148155
3595,604,12,2,-4.526808261871338,0.00026761054,0.00091095926,False,616,0.001982402754947543,-0.009798956103622913,0.012424707412719727
3595,804,16,2,-5.394878387451172,0.0099898055,-0.0013529777,True,826,0.006160831544548273,-0.004865484312176704,-0.0003164680674672127
3598,684,13,2,-3.2572999000549316,-0.002103653,0.008248291,False,697,0.00470717903226614,-0.007728948723524809,0.022788070142269135
3598,820,16,2,-5.50396203994751,0.009405833,0.0034765624,True,839,-0.008983859792351723,0.00973824504762888,-0.02465137653052807
3600,292,5,2,-3.6975345611572266,-2.8038025e-06,0.0066304253,False,276,-0.0009864330058917403,-0.0033798408694565296,0.009026637300848961
3600,813,16,2,-5.415928840637207,0.0051861,0.0034419727,True,823,-0.004689874593168497,0.0017148875631392002,-0.008148889988660812
3604,34,0,2,-1.9994049072265625,0.000835743,-0.0053895805,False,-1,,,
3604,802,16,2,-4.962980270385742,6.519318e-05,0.0036251068,False,840,-0.010501289740204811,0.004823360592126846,-0.011764736846089363
3607,305,6,2,-5.738221168518066,-0.008440618,-0.0026662827,False,331,-0.004039554391056299,-0.0005303669022396207,0.0022651483304798603
3607,583,11,2,-5.199530124664307,0.0016867542,-0.011080733,False,571,0.0004290294600650668,-0.0018119239248335361,-0.010526532307267189
3608,133,2,2,-4.288012981414795,0.0010810947,-0.0014371014,False,121,-0.0009314441704191267,0.0034258842933923006,-0.006875524763017893
3608,615,12,2,-5.910359859466553,-0.015834475,0.004564848,False,607,-0.0017260742606595159,0.002077083569020033,0.01659616455435753
3610,326,6,2,-5.9742536544799805,-0.0072767828,0.011799374,True,336,-0.0018134689889848232,0.005157699808478355,0.012104988098144531
3610,637,12,2,-5.254848480224609,0.007781601,0.00050006865,False,644,0.01038126926869154,-0.002727832878008485,0.005827569402754307
3614,185,3,2,-3.690730571746826,-0.0023459387,0.0025214576,False,160,-0.0009417342953383923,-0.0035626934841275215,0.007488355506211519
3614,680,13,2,-4.8159708976745605,0.010665884,0.00071317673,False,656,0.0073999022133648396,0.0023572444915771484,-0.004910049494355917
3616,18,0,2,-4.737072944641113,-0.005312624,-0.0007405853,False,15,-0.0021854592487215996,-0.004050922580063343,0.00643750187009573
3616,301,6,2,-5.926952838897705,-0.008732567,0.0029510593,True,331,-0.005743551068007946,0.0017915344797074795,0.004148540552705526
3617,302,6,2,-4.525935173034668,0.009620457,0.0066733835,False,334,0.001024551340378821,0.006200485397130251,-0.008123007602989674
3617,618,12,2,-3.5867960453033447,-0.0029519987,-0.0036026335,False,-1,,,
3618,316,6,2,-5.487894535064697,0.0008169365,0.0060105133,False,314,-0.0013757705455645919,0.0034600163344293833,0.00035778991878032684
3618,634,12,2,-5.3556036949157715,-2.6798248e-06,0.0009649372,False,617,-0.0011385059915482998,0.0027011490892618895,-0.0028720381669700146
3620,555,11,2,-5.646090507507324,-0.008200112,-0.0026487065,False,570,0.0050552464090287685,-0.0028972243890166283,0.013503875583410263
3620,580,11,2,-5.054835796356201,0.010386057,0.0025546455,False,557,-0.0005807018023915589,0.0038606261368840933,-0.01227273978292942
3620,613,12,2,-5.8315324783325195,0.0026834393,0.0047690202,True,639,-0.0003492641553748399,0.004747056867927313,-0.003010740038007498
3620,649,12,2,-5.122133731842041,0.0016191388,0.008679152,False,602,0.006580457556992769,-0.002092561684548855,0.015733033418655396
3621,563,11,2,-5.034832954406738,0.008242578,-0.004331951,False,557,-0.0007963752723298967,0.004324998706579208,-0.017695903778076172
3621,658,13,2,-5.436704158782959,-0.005555315,0.0018631268,False,674,0.008023691363632679,0.002414922695606947,0.013027209788560867
3622,319,6,2,-5.26809549331665,-0.012112894,-0.010829592,False,322,-0.010643902234733105,0.006385536398738623,-0.015746135264635086
3622,609,12,2,-4.736313343048096,0.0047041895,0.0047110273,False,632,-0.00744550721719861,-0.0030026244930922985,-0.004436044953763485
3622,677,13,2,-5.037002086639404,-0.015619631,-0.0073736478,False,698,0.00933994259685278,0.0016217994270846248,0.015964126214385033
3622,835,16,2,-5.326741695404053,0.008422203,-0.010606022,False,826,0.001700658816844225,-0.0038109016604721546,-0.013516663573682308
3623,156,3,2,-4.065563678741455,0.0034152602,-0.004555197,False,182,0.0026700592134147882,-0.00119641306810081,-0.00410398468375206
3623,342,6,2,-5.650102138519287,0.0019439888,0.0020708083,True,324,-0.0009335327195003629,0.0009784793946892023,-0.0017851926386356354
3623,734,14,2,-3.8848824501037598,0.00045651913,-0.0058418084,False,705,-0.0007551574963144958,-0.005310969427227974,-0.0017425152473151684
3623,815,16,2,-5.444967269897461,-0.015540266,-0.004065399,False,839,0.0004373836563900113,0.017767829820513725,-0.005855577997863293
3625,330,6,2,-5.383092880249023,-0.0011245346,0.009276619,False,318,0.0032377433963119984,-0.0018278979696333408,0.015466795302927494
3625,610,12,2,-5.405266761779785,-0.0054190825,0.0021244907,False,617,-0.0016117763007059693,-0.0018251228611916304,0.007756919600069523
3632,321,6,2,-4.698193550109863,0.0019057179,0.0053802775,False,341,0.005146923009306192,-0.002457943046465516,0.011079425923526287
3632,702,14,2,-5.85322904586792,0.0014728642,0.0032341385,False,703,0.0009345245198346674,0.002051248447969556,0.0006445503095164895
3633,643,12,2,-5.1717939376831055,0.0010815525,0.0003678894,False,602,-0.00015493393584620208,-0.0033684636000543833,0.0024998667649924755
3633,736,14,2,-5.5990142822265625,0.004621897,0.003640051,False,718,0.0030049514025449753,0.0009619903285056353,0.0010611151810735464
3634,623,12,2,-3.445216178894043,0.01742649,0.003834343,False,601,0.0032516480423510075,-0.00025726796593517065,-0.010083232074975967
3634,626,12,2,-5.6985859870910645,-0.0027795602,-0.0018660831,True,648,0.002984275808557868,0.0008764362428337336,0.0030213166028261185
3634,747,14,2,-5.800705909729004,-0.006813221,-0.003470955,False,720,0.002422542544081807,-9.593009599484503e-05,0.005860738921910524
3634,938,18,2,-4.089644908905029,7.4644086e-05,0.0026548433,False,945,-0.0017005300614982843,-0.001422615023329854,0.0023022841196507215
3638,28,0,2,-3.1855318546295166,0.0011914778,0.0030972052,False,37,0.0005589199136011302,-0.0007175016216933727,0.003182149026542902
3638,300,6,2,-5.727039337158203,-0.0066999723,0.001151228,False,336,0.003936710301786661,0.0014699840685352683,0.010317926295101643
3638,347,6,2,-5.496132850646973,-0.0042295456,0.0060069654,False,312,0.0001462650252506137,-0.003927984274923801,0.014310760423541069
3638,591,11,2,-5.792544364929199,0.0019508171,0.002469015,True,570,0.0029172992799431086,0.0014049815945327282,0.0020305155776441097
3641,335,6,2,-5.917787075042725,-0.0007383537,0.00840374,True,325,0.0006572341662831604,-0.0002885627618525177,0.010087890550494194
3641,627,12,2,-5.9742536544799805,-0.006594057,0.0010294341,True,621,-0.0027782630641013384,0.0034152697771787643,0.0014299587346613407
3643,196,3,2,-5.509580612182617,-0.0049758432,0.0033509731,False,188,0.00500083900988102,0.005605487618595362,0.007722167763859034
3643,985,19,2,-5.2084197998046875,0.00065842626,-0.00132164,False,999,-0.0023391342256218195,0.0003169155097566545,-0.004636116325855255
3646,673,13,2,-4.428857326507568,0.009480047,-0.010946292,False,659,0.001519804005511105,-0.0051631261594593525,-0.013743409886956215
3646,821,16,2,-5.8661274909973145,-0.0036242486,0.0056247804,False,849,-0.00014619827561546117,0.008234948851168156,0.0008678818121552467
3647,710,14,2,-5.785151481628418,0.0012242127,-0.0018853664,True,742,0.0006529903621412814,0.008620291016995907,-0.011076879687607288
3647,812,16,2,-5.618169784545898,0.0037064648,0.0040424634,True,826,-0.003969783894717693,-0.002439565723761916,-0.001194219570606947
3652,337,6,2,-5.5586838722229,-0.014467545,-0.00044330597,False,346,0.007438745349645615,-0.002174902008846402,0.023637887090444565
3652,622,12,2,-2.9861831665039062,-0.0050816154,-0.0013593053,False,606,-0.008533320389688015,0.002185616409406066,-0.00699662696570158
3652,819,16,2,-3.7432355880737305,-0.0012538099,0.009682469,False,-1,,,
3652,873,17,2,-3.0271880626678467,0.0013566636,-0.0011101961,False,861,0.002274532336741686,0.003932576160877943,-0.0041249035857617855
3653,574,11,2,-3.596771478652954,0.002713232,0.0009873295,False,551,-0.0002922535059042275,-0.0008099174592643976,-0.00120823853649199
3653,842,16,2,-4.780585765838623,-0.008840781,-0.0027368641,False,829,0.010859518311917782,0.004609289113432169,0.012354145757853985
3655,197,3,2,-2.34138560295105,0.002798195,-0.0014207268,False,186,0.001604213728569448,0.003108344040811062,-0.005723052192479372
3655,307,6,2,-5.923228740692139,-0.00954341,0.0055322647,False,308,0.0004655075026676059,0.0027575588319450617,0.012783622369170189
3660,279,5,2,-2.656601905822754,-0.004383879,-0.0017503405,False,-1,,,
3660,818,16,2,-5.328922748565674,0.008922138,-0.007226467,False,806,-0.0031771755311638117,-0.008946389891207218,-0.010379389859735966
3661,345,6,2,-5.812375068664551,-0.0009821797,-0.0032375718,True,308,0.0025143527891486883,0.0005437374347820878,-0.0002847770228981972
3661,446,8,2,-3.9440298080444336,-0.001217742,-0.00027831076,False,415,-0.0002469396567903459,-0.00032964706770144403,0.0010221386328339577
3663,323,6,2,-3.0959811210632324,-0.00095612527,0.007126789,False,329,-0.003101615933701396,-0.0019446277292445302,0.006925926078110933
3663,840,16,2,-4.790994644165039,-0.006312838,-0.0072549437,False,829,0.0029723357874900103,-0.0012352275662124157,0.0032654576934874058
3666,317,6,2,-4.983397006988525,0.005213003,-6.9408416e-05,False,339,-0.010881204158067703,0.006107063498347998,-0.022270679473876953
3666,612,12,2,-4.701247215270996,0.0014363193,0.004402609,False,641,0.007484035566449165,0.010675430297851562,-0.00022510485723614693
3667,748,14,3,-5.9742536544799805,-0.0037914657,0.00311244,True,749,0.0,0.011547203175723553,-0.004643297754228115
3671,508,10,2,-3.044929265975952,-0.005936446,-0.0015355253,False,536,-0.00045211316319182515,0.0012664365349337459,0.002682371297851205
3671,701,14,2,-5.881890296936035,-0.0032681085,0.015391159,True,749,0.0017714404966682196,0.010349912568926811,0.010080795735120773
3672,700,14,2,-5.342023849487305,0.011894903,0.006776867,True,712,0.00018023491429630667,-0.008359965868294239,0.00342216482385993
3672,828,16,2,-5.217855930328369,0.008714485,-0.0048339274,False,837,0.0010447502136230469,-0.002804374787956476,-0.00969928689301014
3673,575,11,2,-5.628748416900635,0.0010638046,-0.0062387753,False,589,0.002985782688483596,0.0007531451992690563,-0.0050699422135949135
3673,644,12,2,-5.404137134552002,-0.006309967,0.0033251285,False,608,0.004066963214427233,-0.004883241839706898,0.01858530193567276
3675,265,5,2,-5.265411376953125,-0.0067245197,-0.0010852241,False,288,-0.0045264530926942825,-0.0008680439204908907,0.0019808863289654255
3675,313,6,2,-5.478433132171631,0.002160015,-0.001314888,False,327,0.00440137879922986,0.008290614932775497,-0.007364138960838318
3675,572,11,2,-4.426732063293457,0.0012633228,0.00066518784,False,586,0.009052686393260956,-0.007466306909918785,0.015920858830213547
3675,836,16,2,-5.955132961273193,-0.0048774434,0.0021389485,False,843,-0.0022288227919489145,0.0028555106837302446,0.0019320584833621979
3678,582,11,2,-1.8444879055023193,0.0022546267,-0.0074992133,False,-1,,,
3678,645,12,2,-5.145761489868164,-0.00426116,0.0062759686,False,635,0.001222906168550253,0.0030840111430734396,0.008676024153828621
3678,711,14,2,-2.3279221057891846,0.007979207,-0.0018758249,False,715,0.009223470464348793,-0.0003466606140136719,-0.00028490088880062103
3678,825,16,2,-5.23124885559082,0.011888619,-0.012005358,False,808,-0.006016511935740709,-0.002663307124748826,-0.02724718116223812
3679,27,0,2,-3.787501096725464,0.0017574882,0.004680686,False,11,0.0006169939297251403,-5.5742264521541074e-05,0.003595934249460697
3679,330,6,2,-5.054821491241455,0.006008797,-0.00835947,False,339,-0.010274228639900684,0.006558408960700035,-0.03120090626180172
3685,638,12,2,-5.214344024658203,0.004699669,0.008976068,False,620,0.005577182862907648,-0.003278808668255806,0.013132390566170216
3685,833,16,2,-5.850562572479248,-0.0014161682,-0.0024738216,True,806,-0.017527379095554352,-0.0016648578457534313,-0.016920173540711403
3687,396,7,2,-2.2492942810058594,0.0027850913,0.000998559,False,-1,,,
3687,803,16,2,-5.624485492706299,0.006995363,0.0018571281,True,800,-0.004177980590611696,0.001109161414206028,-0.010425377637147903
3689,678,13,2,-4.38946008682251,-0.0146484235,1.7147064e-05,False,670,0.002492446918040514,-0.005503396969288588,0.022661413997411728
3689,868,17,2,-3.5531764030456543,0.0020274688,0.0027736758,False,854,-0.0012269782600924373,0.0023980713449418545,-0.002878842642530799
3691,503,10,2,-3.4132184982299805,-0.0006250763,-0.004674301,False,500,0.0010168886510655284,-0.004598989617079496,0.0015666536055505276
3691,741,14,2,-5.309047698974609,0.0104400925,-0.0032448005,False,712,-4.081726001459174e-05,-0.012555379420518875,-0.0011703306809067726
3692,297,5,2,-3.705490827560425,-0.0028064633,-0.009296804,False,261,0.00615954864770174,-0.00014613151142839342,-0.00018466031178832054
3692,604,12,2,-4.659559726715088,-0.003818102,0.005510931,False,629,0.002430086024105549,0.004710807930678129,0.007048311177641153
3697,568,11,2,-2.0130372047424316,0.0075256634,0.0017873168,False,592,0.0003938055015169084,-0.008038902655243874,0.002694360911846161
3697,636,12,2,-2.706122398376465,-0.0023290538,-0.0031078148,False,606,0.003447985742241144,0.0008211755775846541,0.0018480492290109396
3701,250,5,2,-1.5393580198287964,0.005206947,0.0017051745,False,-1,,,
3701,550,11,2,-3.2229084968566895,-0.011569786,-0.0038034678,False,561,0.008447417989373207,0.0003352212952449918,0.01587851531803608
3703,593,11,2,-5.9742536544799805,-0.00064540864,0.0018777752,True,560,-0.0021891880314797163,0.0022119046188890934,-0.0018779085949063301
3703,848,16,2,-5.507598400115967,0.00889658,-0.00692544,True,845,-0.00017004013352561742,-0.010500593110918999,-0.005491466261446476
3706,348,6,2,-3.967918872833252,0.0088558765,0.009575911,False,309,-0.001089448924176395,0.007645249366760254,-0.008014664053916931
3706,728,14,2,-5.759705066680908,-0.0015428066,-0.0036433316,False,737,-0.00243486394174397,-0.002620105631649494,-0.0019152832683175802
3707,169,3,2,-5.188815593719482,0.013084078,0.004363756,False,190,0.004629916977137327,0.0024587821681052446,-0.006549187004566193
3707,534,10,2,-5.963244438171387,-0.0016555977,0.00064311025,False,549,0.0008321285131387413,-0.000951633439399302,0.004082470200955868
3707,704,14,2,-5.619459629058838,-0.0042223167,-0.0023969365,False,724,0.00010627746814861894,-0.0027178858872503042,0.0046495432034134865
3707,832,16,2,-5.1540913581848145,0.003149538,0.0052998923,False,810,-0.0018558406736701727,-0.007472391240298748,0.007766904309391975
3711,35,0,2,-4.398726940155029,0.00048544884,0.0025134564,False,42,-0.00016838073497638106,0.0022228050511330366,-0.00036317831836640835
3711,318,6,2,-5.279966831207275,-0.0008495426,0.006597147,True,327,0.007977981120347977,-3.817558172158897e-05,0.015462846495211124
3713,315,6,2,-3.689575433731079,0.0061407136,0.005191045,False,349,-0.009885072708129883,0.004888200666755438,-0.015722941607236862
3713,553,11,2,-4.8130412101745605,-0.0075580026,0.0051091863,False,567,-0.0004709911299869418,-0.002674207789823413,0.014870405197143555
3714,671,13,2,-4.497427463531494,-0.005229435,0.007986564,False,665,0.003885030746459961,0.0014416408957913518,0.015659388154745102
3714,706,14,2,-5.318748950958252,0.012438183,0.0026285935,False,733,0.003299446078017354,-0.004622287582606077,-0.0018878551200032234
3716,619,12,2,-3.7459752559661865,-0.00025300027,-0.0029327965,False,601,-4.2510033381404355e-05,-0.0010233307257294655,-0.0016989754512906075
3716,802,16,2,-5.134531021118164,-0.009674139,-0.003598938,False,813,-0.005208911839872599,0.0054786778055131435,-0.004612388089299202
3717,563,11,2,-5.058039665222168,0.0013766384,0.0036351967,False,596,-0.004949178546667099,-0.006239175796508789,0.0035485555417835712
3717,616,12,2,-5.010220527648926,3.6478043e-05,0.002310667,False,602,0.0027549362275749445,-0.0031774616800248623,0.00820658728480339
3717,746,14,2,-5.7706756591796875,0.0016179943,0.0021644973,True,737,0.0008084201836027205,-0.00021857261890545487,0.0015734957996755838
3717,812,16,2,-5.468042850494385,0.0028953266,-0.006178503,False,808,-0.002830457640811801,-4.024505415145541e-06,-0.011900262907147408
3717,835,16,3,-5.576422214508057,0.0077541065,0.0032594108,True,800,0.0011671256506815553,-0.007742271292954683,0.004414700902998447
3718,332,6,2,-3.7791006565093994,0.008179345,0.004146404,False,349,-0.010885701514780521,0.008031640201807022,-0.02295028232038021
3718,618,12,2,-3.96028208732605,-0.0031983233,0.001111393,False,611,0.010333051905035973,-0.0016545200487598777,0.016297288239002228
3722,276,5,2,-4.124222278594971,0.0014879036,-0.005434313,False,273,0.0013713454827666283,-0.0006713008624501526,-0.0048795705661177635
3722,335,6,2,-5.325924873352051,0.003587675,0.0060455035,False,325,0.008998556062579155,0.0017220211448147893,0.009734363295137882
3722,607,12,2,-5.65069580078125,-0.0061128614,0.0028129006,False,608,-0.004842843860387802,0.0012239647330716252,0.0028589535504579544
3722,820,16,2,-5.572772026062012,-0.013053102,-0.0015811634,False,845,-0.006319914013147354,-7.596969953738153e-05,0.005227995105087757
3728,302,6,2,-3.6651508808135986,0.008363967,-0.0046131755,False,349,-0.005321025848388672,0.0036433457862585783,-0.02194151282310486
3728,303,6,2,-2.719252586364746,0.007176371,-0.0035310937,False,-1,,,
3728,656,13,2,-5.414453029632568,-0.01206295,0.004054203,False,672,0.0006277274806052446,-0.0028372001834213734,0.019582081586122513
3728,839,16,2,-4.97239875793457,-0.008054104,-0.0074307155,False,838,-0.005113468039780855,-0.0029445458203554153,-0.0015455340035259724
3729,747,14,3,-5.843402862548828,0.0004989338,-0.0026170157,True,723,-0.003026781138032675,0.005884609185159206,-0.012027339078485966
3730,41,0,2,-5.661136627197266,-0.003883667,0.0027697468,False,3,0.003535957308486104,-0.001569776562973857,0.011759147979319096
3730,275,5,2,-4.5822577476501465,-0.000911293,-0.0014255714,False,259,0.007768507115542889,-0.00392354978248477,0.011177778244018555
3730,319,6,2,-5.622469425201416,0.0031720542,0.0030369281,True,308,0.002528877230361104,0.0125981904566288,-0.010204439982771873
3730,610,12,2,-5.667084217071533,-0.007325201,0.0009171104,False,608,-0.0026607513427734375,-0.002173099434003234,0.007754659280180931
3732,633,12,2,-5.5935163497924805,0.0027718162,-0.0021492671,False,621,0.0019065856467932463,-0.006624298170208931,0.003609800711274147
3732,685,13,2,-5.2802205085754395,-0.014234037,-0.0035796738,False,668,-0.004596118815243244,0.0012126922374591231,0.004845552612096071
3735,186,3,2,-2.3214871883392334,-0.0006148815,0.0023306226,False,161,-0.0022737120743840933,0.003482656553387642,-0.002810864709317684
3735,218,4,2,-3.8818259239196777,0.0034356404,0.0014081383,False,246,0.0009871673537418246,0.0017864942783489823,-0.0028268289752304554
3735,615,12,2,-5.9742536544799805,-0.0057001305,0.0014081955,True,640,-0.0005090236663818359,-0.0016404628986492753,0.008239765651524067
3735,842,16,2,-4.240969181060791,0.012711287,-0.00018612861,False,814,0.0010329532669857144,-0.011963949538767338,9.948760271072388e-05
3738,324,6,2,-5.564988136291504,0.00035261153,0.010069618,False,308,0.0036061382852494717,0.012002506293356419,0.0013206377625465393
3738,583,11,2,-5.859737873077393,-0.002452507,0.0073762895,True,595,0.0025825882330536842,0.005090064834803343,0.007321320008486509
3742,346,6,2,-5.512278079986572,0.003290434,-0.00038683892,False,347,-0.00806350726634264,-0.008318338543176651,-0.003422441426664591
3742,652,13,2,-5.84584379196167,-0.0018256378,-0.0025681972,False,683,-0.0019269180484116077,0.003443918190896511,-0.006113395560532808
3743,12,0,2,-2.9807541370391846,0.0043243887,-0.0011498785,False,2,0.003159475279971957,-0.0016212702030315995,-0.0006935214623808861
3743,13,0,2,-3.112802505493164,0.00043549537,-0.0029088021,False,28,-0.0037050293758511543,0.000124864571262151,-0.007174191065132618
3743,735,14,2,-5.671186447143555,0.004692335,-0.0005821514,True,726,0.0020236968994140625,-0.006092348136007786,0.0028415583074092865
3743,817,16,2,-5.176070690155029,-0.011896353,0.0038907528,False,827,-0.016669435426592827,0.004325618967413902,-0.005207948386669159
3744,730,14,2,-5.395891189575195,0.001814003,0.0019607735,False,732,0.009862461127340794,0.002431354485452175,0.007577877026051283
3744,804,16,2,-5.072264671325684,0.008367567,-0.008790865,False,813,-0.006095600314438343,0.01286145206540823,-0.036115482449531555
3746,299,5,2,-4.366114139556885,-0.007347813,0.0053756903,False,283,-0.002738304203376174,-0.003263626014813781,0.013248825445771217
3746,307,6,2,-5.610361576080322,0.005989685,-0.0017184258,False,300,0.00039971352089196444,0.0032806205563247204,-0.01058901846408844
3746,551,11,2,-4.221388816833496,-0.010500183,0.0050370456,False,559,0.000923748011700809,-0.0006086730863898993,0.017069648951292038
3746,663,13,2,-5.938879013061523,-0.011049566,0.0012363339,True,682,0.0005271530244499445,0.0016525840619578958,0.011160468682646751
3746,696,13,2,-5.042665004730225,0.0027548599,-0.004099045,False,669,0.0009356403606943786,0.0031969069968909025,-0.009115170687437057
3746,849,16,2,-5.497389316558838,-0.002447939,-0.0016885377,False,844,-0.016161002218723297,0.005119438283145428,-0.020521041005849838
3747,272,5,2,-4.895717620849609,-0.0070475293,0.00051475526,False,291,-0.0017277050064876676,-0.0032125948928296566,0.009047173894941807
3747,344,6,2,-5.11693000793457,0.010939703,-0.009316206,False,325,0.012196988798677921,0.0007837486336939037,-0.008842668496072292
3747,654,13,2,-4.486982822418213,-0.007657528,0.0059986115,False,665,0.004288339521735907,-0.0013652229681611061,0.019309701398015022
3747,806,16,2,-5.904429912567139,-0.0053468035,-0.00048753739,True,843,-0.0006001091096550226,0.010467576794326305,-0.0062084197998046875
3750,151,3,2,-3.5000994205474854,-0.0001620245,0.006730528,False,185,-0.0001324319891864434,0.008433843031525612,-0.0016737226396799088
3750,262,5,2,-4.435889720916748,-0.009625788,-0.0031480503,False,255,-0.0009625816601328552,-0.004033813253045082,0.009548969566822052
3751,89,1,2,-3.620659828186035,0.0005260563,0.0014449263,False,92,0.003046856028959155,0.0009418296976946294,0.0030238963663578033
3751,345,6,2,-5.782540798187256,0.0025786494,0.00484355,True,336,-0.002885456196963787,-0.0026928901206701994,0.0020723342895507812
3752,118,2,2,-4.445100784301758,0.0003867817,-0.0003869915,False,122,0.00124950404278934,-0.0011109256884083152,0.001586656435392797
3752,676,13,2,-5.583310604095459,0.006549511,-0.0006397438,True,688,-0.008080311119556427,-0.0071896743029356,-0.00807989202439785
3754,227,4,2,-3.4787583351135254,0.0024959277,0.00030524255,False,202,0.0009863185696303844,-0.002168807899579406,0.0009644413366913795
3754,314,6,2,-5.843192100524902,-0.008443365,-0.00182271,False,331,-0.001789636560715735,-0.0007072067237459123,0.005538225173950195
3754,687,13,2,-3.93402099609375,0.007007465,0.0018960476,False,695,0.0010057068429887295,-0.010459423065185547,0.0063537126407027245
3754,831,16,2,-5.732905864715576,0.0014227486,-0.004112692,True,826,0.0019164467230439186,-0.0015906905755400658,-0.0020283032208681107
3756,575,11,2,-5.697968006134033,0.004652605,0.005060692,True,555,0.004582881927490234,0.002885742112994194,0.0021052267402410507
3756,779,15,2,-3.197922706604004,0.0006878233,0.0016925049,False,769,-0.0005614376277662814,-0.002148580504581332,0.0025918246246874332
3758,521,10,2,-2.914669990539551,-0.0022754287,0.0007852268,False,-1,,,
3758,837,16,2,-4.756005764007568,0.006050663,0.00021751404,False,813,0.0038411139976233244,0.007163524627685547,-0.009155559353530407
3763,327,6,2,-5.112320899963379,0.0014575958,0.0066867257,False,304,-0.005253744311630726,-0.010383443906903267,0.01035882905125618
3763,635,12,2,-4.621505260467529,0.007107763,-0.00014565467,False,631,0.00037364958552643657,-0.008206147700548172,0.0013263793662190437
3765,274,5,2,-3.9651689529418945,-0.011585102,0.001463337,False,264,0.005059027578681707,-0.0006900549051351845,0.01879752241075039
3765,675,13,2,-4.079780101776123,0.0067304517,0.0032968617,False,-1,,,
3766,650,13,2,-5.556134223937988,0.0017502308,0.005634718,False,653,0.004510183352977037,7.130622543627396e-05,0.008323363959789276
3766,951,19,2,-3.9280829429626465,-0.0027377843,0.0043022204,False,978,-0.0016174602787941694,0.0015660047065466642,0.0038565397262573242
3773,574,11,2,-3.518986225128174,-0.0008351374,0.004000368,False,561,-0.003335824003443122,-0.014371690340340137,0.01587137207388878
3773,714,14,2,-5.2132439613342285,-0.01828825,-0.0037717056,False,740,-0.0035249709617346525,-0.003864450380206108,0.014856022782623768
3777,221,4,2,-3.778747081756592,-0.001527872,0.00014656543,False,214,-0.0031271791085600853,0.0035135317593812943,-0.004966273438185453
3777,599,11,2,-5.239294528961182,0.0069665145,0.0071564293,False,579,0.009437961503863335,-0.002572164637967944,0.012200040742754936
3782,580,11,2,-4.659515380859375,-0.004853983,0.01288187,False,569,0.008630390278995037,0.0013370704837143421,0.025029173120856285
3782,707,14,2,-4.803821563720703,0.0069171335,0.005712862,False,722,0.0012627887772396207,-0.0019367790082469583,0.001995296450331807
3791,343,6,2,-3.9965553283691406,0.0060958955,0.004558487,False,309,-0.0039498470723629,-0.005236153490841389,-0.0002511022612452507
3791,823,16,2,-5.174755573272705,-0.00039673806,0.011658821,False,810,0.002641868544742465,-0.008799991570413113,0.02349741943180561
3792,557,11,2,-4.905742168426514,0.00076893804,-0.0019537352,False,556,0.003054599743336439,-0.003063363954424858,0.003395290346816182
3792,825,16,2,-5.9742536544799805,-0.0012027645,0.0016670704,True,800,-0.007101431023329496,0.002734565641731024,-0.0069661615416407585
3798,281,5,2,-3.6868252754211426,-0.007614975,-0.00029122352,False,298,0.0012835502857342362,0.0033702135551720858,0.005237088073045015
3798,745,14,2,-5.508997917175293,0.0026333905,-0.0003690338,False,736,-0.0031412316020578146,-0.0029554557986557484,-0.0031882000621408224
3801,416,8,2,-3.8406224250793457,0.0027155066,-0.0027274275,False,414,-0.001214308780618012,-0.0026241063605993986,-0.004033136647194624
3801,632,12,2,-5.130558490753174,-0.008452206,-0.009329166,False,638,-0.0019022751366719604,-0.006375465542078018,0.0035962299443781376
3804,335,6,2,-4.8338623046875,0.011419067,-0.009652538,False,334,-0.00013360977754928172,0.00406505586579442,-0.02527027204632759
3804,670,13,2,-5.137602806091309,-0.0062467386,-0.013769359,False,689,0.00475903507322073,-0.0002625751367304474,-0.0025010104291141033
3806,509,10,2,-4.2194623947143555,0.005765724,0.00067123416,False,538,0.004142532125115395,-0.0025651073083281517,0.001613149419426918
3806,603,12,2,-5.973526477813721,-0.003781538,-1.4543533e-05,True,648,-0.0013627528678625822,0.004071359522640705,-0.001667118165642023
3809,311,6,2,-5.940473556518555,0.00067560194,0.00010450363,True,347,-0.008394069969654083,-0.0007638454553671181,-0.00820132251828909
3809,597,11,2,-4.895948886871338,-0.00041296004,-0.001767702,False,558,-0.0033738899510353804,0.00074343680171296,-0.005472068674862385
3809,602,12,2,-4.97730016708374,0.0056664087,-0.0061584665,False,631,-0.006643304601311684,-0.0069212531670928,-0.011546926572918892
3809,662,13,2,-5.757944107055664,-0.006799364,-0.004326191,False,690,-0.010419721715152264,0.0007491970318369567,-0.008695745840668678
3809,677,13,2,-5.728668212890625,-0.0011858082,0.0006795025,False,690,-0.010419721715152264,0.0007491970318369567,-0.009303607977926731
3809,821,16,2,-5.697326183319092,0.0055385493,0.0051227473,True,836,0.004891395568847656,-0.005343503784388304,0.009819097816944122
3811,259,5,2,-4.36472749710083,0.0016841126,0.004688282,False,263,0.0005537414690479636,0.0004165935388300568,0.003141317516565323
3811,605,12,2,-5.127629280090332,-0.010731764,-0.00039535522,False,634,0.0008508300525136292,0.0014538097893819213,0.009733429178595543
3812,614,12,2,-3.7585134506225586,0.008420315,-0.008349333,False,636,-0.010213141329586506,-0.007331647910177708,-0.0196511410176754
3812,718,14,2,-5.841867923736572,-0.002364788,-0.0017911434,True,703,0.00027082444285042584,0.0007627296727150679,8.173927199095488e-05
3813,314,6,2,-5.971059799194336,-0.0012961769,0.005036211,True,331,-0.0021062660962343216,0.0009337330120615661,0.0032923889812082052
3813,741,14,2,-5.9389777183532715,-0.010067606,0.0035411834,True,720,-0.00014739990001544356,-0.0006259632064029574,0.014087352901697159
3815,339,6,2,-5.2801384925842285,-0.003960142,0.0007556629,False,318,-0.0038872624281793833,0.010585937649011612,-0.009757394902408123
3815,738,14,2,-5.71688985824585,0.0029474068,-0.0039869593,True,742,-0.008413219824433327,-0.003488693153485656,-0.011858892627060413
3817,22,0,2,-4.079784393310547,-0.004081979,0.0017031861,False,42,0.004923772998154163,-0.0008190631633624434,0.01152800116688013
3817,651,13,2,-5.158803462982178,0.003057413,-0.00017793656,False,691,0.00011910438479389995,-0.0032806014642119408,0.0001643560826778412
3818,380,7,2,-3.572869062423706,-0.002431178,0.002203641,False,358,0.002569813746958971,-0.001942167291417718,0.009146800264716148
3818,658,13,2,-5.4997711181640625,0.005617504,-0.0027557753,True,699,0.003199186408892274,-0.007635212037712336,0.002461119554936886
3820,32,0,2,-2.410907745361328,-0.007012954,0.0030123042,False,4,0.00039056301466189325,0.0019619655795395374,0.00845385529100895
3820,445,8,2,-2.681870698928833,-0.0015671015,0.00089631556,False,443,0.0020361279603093863,-0.0012434006202965975,0.005742945708334446
3820,665,13,2,-4.234521389007568,0.0036703586,0.005190511,False,671,-0.002123508369550109,-0.007513465825468302,0.006910109892487526
3820,811,16,2,-4.5937581062316895,0.015860863,0.005592108,False,813,0.00499509833753109,6.311416655080393e-05,-0.0053367712534964085
3821,595,11,2,-5.7251715660095215,-0.0018196868,0.00415493,False,589,-7.674217340536416e-05,0.0020953654311597347,0.003802509279921651
3821,710,14,2,-5.795731544494629,0.0023226738,0.0041544056,True,742,-0.0090054702013731,8.266449003713205e-05,-0.007256402634084225
3823,306,6,2,-4.121434211730957,-0.0010456848,0.0024417306,False,-1,,,
3823,307,6,2,-5.9742536544799805,-0.007484417,0.0,True,301,-0.0004589939198922366,0.0025299263652414083,0.004495496861636639
3823,408,8,2,-4.276911735534668,0.006420202,0.0030268384,False,428,-0.00010448455577716231,0.0011559199774637818,-0.00465376814827323
3823,832,16,2,-4.832897663116455,0.002489605,-0.013600683,False,835,0.008631973527371883,-0.013216333463788033,0.005758017301559448
3824,36,0,2,-4.2703728675842285,0.0038524913,-0.0037424087,False,43,0.001170787843875587,0.0018407631432637572,-0.008264875039458275
3824,643,12,2,-5.219997882843018,0.012762452,0.0052665137,False,638,-0.007032823748886585,-0.0029267026111483574,-0.011602059006690979
3826,338,6,2,-5.930538177490234,9.6349715e-05,0.0015604496,True,347,-0.0074848271906375885,0.003112363861873746,-0.009133091196417809
3826,564,11,2,-5.8028883934021,0.0034273053,0.005966425,True,577,-0.0017397785559296608,-0.002224063966423273,0.0030234050936996937
3828,16,0,2,-5.9742536544799805,-0.0015351772,0.001340561,True,1,-0.0015664767706766725,0.0012658309424296021,4.3430598452687263e-05
3828,534,10,2,-5.5640387535095215,0.008021775,-0.004922724,True,514,0.005546073894947767,0.0068897344172000885,-0.0142881590873003
3831,623,12,2,-3.077237844467163,0.0046036053,-3.089905e-05,False,619,0.010478057898581028,0.008169030770659447,-0.0023254770785570145
3831,827,16,2,-5.109559059143066,-0.00011896133,0.005468483,False,828,0.002036304445937276,-0.0029865645337849855,0.010610314086079597
3833,732,14,2,-4.878132343292236,0.0062609958,-0.012537527,False,722,-0.0005697536398656666,0.0011509418254718184,-0.02051921747624874
3833,840,16,2,-5.18142032623291,0.0027753352,-0.0054683876,False,802,-0.0034596442710608244,-0.01489975955337286,0.003196392208337784
3835,276,5,2,-4.862183094024658,-0.007500763,0.0050463486,False,291,0.0035886955447494984,0.008980588987469673,0.007155217695981264
3835,302,6,2,-3.700279474258423,0.007342639,-0.010846839,False,315,0.0002094078081427142,0.009587220847606659,-0.027567291632294655
3835,354,7,2,-4.299394130706787,0.0033597755,0.0012016487,False,379,0.0010465622181072831,-0.0010166072752326727,-9.495718404650688e-05
3835,657,13,2,-5.898017406463623,-0.003275423,0.0075196456,True,672,-0.007821445353329182,0.0016377258580178022,0.001335897482931614
3840,563,11,2,-4.954736709594727,-0.0014084721,-0.0057067587,False,584,0.010121192783117294,0.004467067774385214,0.0013558384962379932
3840,806,16,2,-5.877669811248779,0.0012897968,0.017623644,True,836,-0.0048433877527713776,0.009264660067856312,0.0022258004173636436
3841,261,5,2,-3.926837921142578,-0.0011179638,-0.00044960022,False,297,0.0021286869887262583,0.0008447646978311241,0.0019522858783602715
3841,728,14,2,-5.808141231536865,0.0033222483,-0.0029522227,True,742,-0.000874424003995955,-0.0025389099027961493,-0.004609985277056694
3842,546,10,2,-2.497847318649292,0.0007173634,0.0005008078,False,-1,,,
3842,743,14,2,-5.858589172363281,0.0022056007,0.00068343163,True,726,0.001612701453268528,0.0005096626118756831,-0.00041913019958883524
3843,305,6,2,-5.7550249099731445,-0.0023836708,-0.002484722,False,337,0.0032734584528952837,-0.00024130821111612022,0.003413715399801731
3843,709,14,2,-5.727632522583008,0.003806753,-0.0008884144,True,724,0.004200420342385769,-0.0021919154096394777,0.0016971682198345661
3850,322,6,2,-4.8548264503479,-0.008424835,-0.0070370864,False,334,0.003392238635569811,0.006879062857478857,-0.0020990753546357155
3850,615,12,2,-5.6866254806518555,0.004440727,-0.0057525635,True,644,0.0048454091884195805,-0.0010063075460493565,-0.00434157345443964
3850,730,14,2,-5.470264911651611,-0.0037931919,-0.0057181455,False,740,0.0057081603445112705,-0.000954265589825809,0.004737472161650658
3850,845,16,2,-5.334853649139404,0.0023205185,-0.00832283,False,804,-0.001133394194766879,-0.005531396716833115,-0.006245346739888191
3854,702,14,2,-5.84581184387207,0.0017891979,0.00019341469,True,703,0.0023162937723100185,0.0027238084003329277,-0.002003297908231616
3854,808,16,2,-5.948526382446289,-0.009785738,0.013355808,True,814,-0.013625526800751686,0.00932827964425087,0.00018773972988128662
3856,304,6,2,-5.6323065757751465,-0.0046219635,-0.0063731195,False,342,0.0008932971977628767,0.008826599456369877,-0.009684458374977112
3856,330,6,2,-5.569219589233398,0.008100681,-0.0046858406,True,342,0.0008932971977628767,0.008826599456369877,-0.020719822496175766
3856,621,12,2,-5.8118896484375,-0.00093562127,-0.000224123,True,648,0.004071359522640705,-0.001059732399880886,0.0058425902388989925
3856,632,12,2,-5.638424396514893,-0.009451628,-0.0067165853,False,639,-0.007616100367158651,-0.005163230933248997,0.0002821730449795723
3856,635,12,2,-5.185466766357422,-0.010199642,-0.0030404283,False,610,0.001698179286904633,0.00028475761064328253,0.008572635240852833
3856,731,14,2,-5.226355075836182,0.009133606,0.0052399253,False,701,0.0011742019560188055,0.00894865021109581,-0.01166812889277935
3859,229,4,2,-2.815459728240967,-0.00031774043,-0.00072239875,False,207,0.0030587720684707165,-0.00020226002379786223,0.0028563737869262695
3859,825,16,2,-5.9742536544799805,-0.00092634204,0.0014970016,True,814,-0.010548076592385769,0.005959539208561182,-0.01408427208662033
3861,598,11,2,-5.3982038497924805,0.0022434902,0.0026334382,False,589,0.004715681076049805,0.0017110728658735752,0.0033945562317967415
3861,831,16,2,-5.187097549438477,0.01566412,-0.0003715229,True,847,0.001583852805197239,0.0037789917550981045,-0.018230780959129333
3862,329,6,2,-3.564739227294922,-0.012191682,-0.0019498396,False,349,-0.0057998658157885075,-0.005081219598650932,0.009523196145892143
3862,554,11,2,-4.024470806121826,0.0018166733,0.002734661,False,586,0.0059561822563409805,0.0010084152454510331,0.005865755025297403
3862,604,12,2,-4.525034427642822,-0.0058497237,-0.0049458216,False,601,-0.007258072029799223,0.0003374862717464566,-0.0066916560754179955
3862,737,14,2,-5.777197360992432,0.0037120914,0.0034165,True,747,0.0018029308412224054,0.0027476120740175247,-0.0012402725405991077
3865,552,11,2,-5.066522598266602,1.0099411e-05,-0.006310835,False,556,-0.0009217357728630304,-0.006329183466732502,-0.0009134863503277302
3865,803,16,2,-5.69127082824707,0.0028516008,-0.001679287,True,804,-0.011075401678681374,0.01242841687053442,-0.02803470566868782
3870,312,6,2,-5.857079029083252,0.002041855,0.0011061096,True,326,-0.00022623062250204384,0.0023798560723662376,-0.003541831858456135
3870,800,16,2,-5.447597980499268,0.010533113,0.0063324356,True,844,0.0006883812020532787,0.006470088846981525,-0.009982384741306305
3873,181,3,2,-3.141279458999634,0.0011412668,-0.005934172,False,185,-0.0015474701067432761,0.00016018867609091103,-0.008783097378909588
3873,839,16,2,-5.876855850219727,-0.008872995,0.0038603211,True,810,-0.011812257580459118,0.011977605521678925,-0.011056547984480858
3876,247,4,2,-4.090612411499023,-0.003982277,0.00058577536,False,242,0.00012194633745821193,-0.0038418197073042393,0.00853181816637516
3876,645,12,2,-5.250845432281494,0.0019855786,0.008202648,False,649,-0.0062350560910999775,0.0036907196044921875,-0.0037087062373757362
3877,318,6,2,-4.709108352661133,0.009482555,-0.008147564,False,334,0.00472261430695653,0.0073416042141616344,-0.020249109715223312
3877,466,9,2,-2.5261545181274414,0.00016258717,0.0010607768,False,477,3.094196290476248e-05,-0.0018484544707462192,0.002777585992589593
3879,637,12,2,-5.848128318786621,0.0013560771,0.006829109,True,633,0.0013641166733577847,0.004330167546868324,0.002506980672478676
3879,681,13,2,-5.4669365882873535,-0.001994152,0.0014000225,False,667,-0.008548392914235592,0.013286552391946316,-0.018440769985318184
3882,319,6,2,-5.627403259277344,0.0040488625,-0.005055628,True,347,0.003796224482357502,-0.0018480968428775668,-0.0034601688385009766
3882,625,12,2,-5.85697078704834,-0.0005989456,0.0032291603,False,644,6.278991349972785e-05,0.0034141826909035444,0.00047671329230070114
3883,564,11,2,-5.439549446105957,0.0055348207,-0.0015046119,False,567,-0.002105493564158678,0.0040231989696621895,-0.013168124482035637
3883,720,14,2,-5.809231281280518,0.0033004475,0.0035116863,True,724,0.0021053694654256105,-0.00035691261291503906,0.002673520939424634
3884,713,14,2,-5.4243388175964355,-0.0048744106,-0.0058152294,False,708,0.009967345744371414,-0.0024073792155832052,0.011433906853199005
3884,802,16,2,-5.965884685516357,-0.013972836,0.007813568,True,814,0.00013102531374897808,0.01161162368953228,0.010305804200470448
3885,31,0,2,-3.9424166679382324,-0.0011942243,-0.0026567841,False,25,0.0011309098917990923,-0.0013344526523724198,0.0010028028627857566
3885,48,0,2,-4.88437032699585,-0.0029017925,0.0018320751,False,17,0.0024984360206872225,-0.0018354892963543534,0.009067792445421219
3885,301,6,2,-5.703648567199707,0.004122887,-0.0007873726,True,326,0.003917379304766655,0.005562257952988148,-0.0065551381558179855
3885,344,6,2,-5.925528049468994,-0.005026388,0.0004554081,True,325,-0.009650001302361488,0.0026368999388068914,-0.006805105600506067
3885,345,6,2,-5.926811218261719,-0.010254755,0.00042307854,False,325,-0.009650001302361488,0.0026368999388068914,-0.001609068363904953
3885,650,13,2,-5.312924861907959,-0.0007350636,-0.00025045394,False,667,-0.0045361327938735485,0.008433609269559383,-0.012485131621360779
3886,596,11,2,-5.965008735656738,-0.0030651093,0.0019076919,True,570,-0.006425504572689533,0.002423295984044671,-0.0038759992457926273
3886,838,16,2,-5.639265060424805,0.006699772,0.005442581,True,822,-0.0026196574326604605,0.004753513261675835,-0.008630361407995224
3887,447,8,2,-3.586879253387451,0.00074465276,-0.00026332855,False,439,0.0009843921288847923,0.0017318010795861483,-0.00175539031624794
3887,620,12,2,-5.373700141906738,0.01201107,0.0022868633,True,626,3.9377213397528976e-05,0.006421155761927366,-0.016105985268950462
3888,718,14,2,-5.559512615203857,0.008294821,-0.0021825123,True,712,0.007210779003798962,-0.005996646825224161,0.002730092965066433
3888,815,16,2,-5.641296863555908,0.0066591357,0.009945269,True,809,0.005415697116404772,-0.0045859431847929955,0.013287773355841637
3889,441,8,2,-1.7101504802703857,-0.00076704024,-0.0012623406,False,-1,,,
3889,817,16,2,-5.875865459442139,-0.013695497,-0.001967764,False,814,-0.0008832645253278315,0.008386821486055851,0.0024576475843787193
3891,746,14,2,-5.65512752532959,0.004016676,-0.0037819576,True,739,0.0035711098462343216,-0.0006781959673389792,-0.0035493276081979275
3891,848,16,2,-5.890462398529053,0.0004657173,0.0061498643,True,810,-0.00477210059762001,0.016121091321110725,-0.015209045261144638
3898,260,5,2,-5.956945419311523,-0.0047116186,0.0034606934,True,253,-0.0048400117084383965,0.007274837698787451,-0.003942537121474743
3898,306,6,2,-3.80570125579834,0.004394045,-0.00952982,False,343,-0.005941133480519056,-0.012099637649953365,-0.00776536064222455
3898,341,6,2,-5.379457950592041,0.0035953904,-0.0014689731,False,300,-0.006762695498764515,-0.0014789581764489412,-0.010348101146519184
3898,518,10,2,-5.741631031036377,0.0035450459,0.0007240009,True,520,0.0014762592036277056,0.0012252235319465399,-0.0025700093246996403
3898,535,10,2,-4.357251167297363,-0.006661005,-0.00039484023,False,506,-0.0016229534521698952,-0.00594845786690712,0.010591669008135796
3898,581,11,2,-5.911906719207764,0.0011974621,7.26223e-05,True,578,0.00042018890962935984,0.001986017217859626,-0.0026906682178378105
3898,611,12,2,-3.966235876083374,0.00013023376,0.0047934293,False,-1,,,
3898,613,12,2,-5.43698787689209,0.0020270252,0.002640543,False,616,-0.006910743657499552,0.009352827444672585,-0.015650052577257156
3898,630,12,2,-1.2809386253356934,0.0013649535,-0.00086497306,False,647,-0.0014719200553372502,-0.004082393832504749,0.00038054725155234337
3898,675,13,2,-3.9472389221191406,-0.00074011326,-0.00016184807,False,-1,,,
3898,704,14,2,-5.7648515701293945,-0.0011224747,-0.0040734196,True,748,0.0035160065162926912,-0.002446088707074523,0.003011150285601616
3898,807,16,2,-4.040744781494141,-0.0080408575,-0.0067788316,False,813,0.0070397378876805305,0.009126110002398491,-0.0008243462070822716
3898,829,16,2,-5.762781143188477,-0.009474268,0.0045278165,False,814,0.001354751642793417,0.01194633450359106,0.003410501405596733
3898,836,16,2,-5.403562545776367,0.0075908564,0.0045554065,True,823,-0.011792898178100586,0.003786907298490405,-0.018615255132317543
3899,592,11,2,-2.4227538108825684,-0.009478221,0.005157266,False,566,0.002441506367176771,-7.987976277945563e-05,0.017156872898340225
3899,818,16,2,-4.921517372131348,0.013268757,-0.002078514,False,837,-0.0036194610875099897,-0.0013113784370943904,-0.017655353993177414
3900,155,3,2,-3.7684504985809326,-0.0060064127,-0.004217005,False,163,-0.0002717304159887135,0.00027268886333331466,0.0012449885252863169
3900,307,6,2,-5.688415050506592,-0.0013077545,-0.0014462471,True,326,0.005156259518116713,0.0026391507126390934,0.002378616249188781
3903,296,5,2,-3.4956674575805664,-0.0022945881,0.0047517396,False,298,-0.0004760313022416085,-0.007111773360520601,0.013682070188224316
3903,826,16,2,-5.786803722381592,0.0036039543,0.0011072732,True,810,0.0008649444789625704,0.0142283346503973,-0.015860071405768394
3904,199,3,2,-3.8619635105133057,0.00020726681,-0.000321002,False,173,0.0021861172281205654,9.653091547079384e-05,0.0015613175928592682
3904,642,12,2,-5.504705429077148,0.005789118,0.0028438473,False,638,-0.003046369645744562,-0.002659015590324998,-0.003332624677568674
3905,756,15,2,-3.448777437210083,-0.00455986,0.0050601102,False,765,-0.00014374256716109812,-0.003321852767840028,0.01279808022081852
3905,812,16,2,-5.434314250946045,0.007950868,0.021985855,True,834,-0.0046768952161073685,0.008189516142010689,0.0011685751378536224
3914,725,14,2,-5.1245436668396,0.00025748252,-0.0056519983,False,721,0.008043737150728703,-0.009966582991182804,0.01210083905607462
3914,835,16,2,-5.824342250823975,-0.006339855,0.0073989294,False,809,0.002240028465166688,0.002207908546552062,0.013770904392004013
3917,481,9,2,-3.22605299949646,0.003311119,-0.0009418106,False,494,0.0004972314927726984,-2.7208328901906498e-05,-0.0037284898571670055
3917,617,12,2,-5.55227518081665,0.00843957,-0.0044458006,True,607,0.0034166336990892887,0.007392559200525284,-0.016861295327544212
3919,313,6,2,-5.741494178771973,-0.007815141,-0.0024968814,False,339,-0.005165481474250555,-0.004807586781680584,0.004960365127772093
3919,562,11,2,-5.4049577713012695,0.006108427,0.0031384276,False,573,-0.004122533835470676,-0.0006565189105458558,-0.006436014547944069
3922,568,11,2,-2.1610097885131836,0.0032550716,0.0029412794,False,566,0.006437740288674831,-0.0007916497997939587,0.006915598176419735
3922,841,16,2,-3.424813747406006,0.010633912,0.0064750244,False,801,0.0055758096277713776,0.0007331371307373047,0.0006837849505245686
3924,312,6,2,-5.784176826477051,0.0021219158,-0.0024630355,True,326,-0.0009515666752122343,0.0059134578332304955,-0.01144997589290142
3924,538,10,2,-4.177590847015381,0.004722748,-0.0013194657,False,545,-0.0026944256387650967,-0.0031516551971435547,-0.005584984086453915
3924,609,12,2,-3.626446008682251,0.010023646,-0.0029559135,False,618,-0.0012103128246963024,-0.0010943555971607566,-0.013095516711473465
3924,800,16,2,-5.361079692840576,0.0022439193,0.00093711854,False,834,-0.001474142074584961,0.004473256878554821,-0.007254199590533972
3925,322,6,2,-5.8859477043151855,-0.015915899,0.00092028617,False,331,0.0016123199602589011,-0.0018297481583431363,0.02027825266122818
3925,559,11,2,-4.110523700714111,0.009155255,0.0007793522,False,561,0.0020931626204401255,0.004465918522328138,-0.010748658329248428
3929,228,4,2,-3.478699207305908,-0.0014255857,0.00056143285,False,217,-9.540081373415887e-05,0.00017070292960852385,0.001720914850011468
3929,311,6,2,-5.767114639282227,0.0015628338,-0.002529974,True,326,4.251480277162045e-05,0.0051610469818115234,-0.009211339987814426
3930,728,14,2,-5.921713829040527,0.0010507965,0.0040308475,True,712,-0.010071974247694016,-0.0005946922465227544,-0.006497230846434832
3930,820,16,2,-5.420896053314209,0.0055004978,0.02543438,False,810,0.009137410670518875,0.008473997004330158,0.020597297698259354
3933,304,6,2,-5.9742536544799805,-0.00019517899,0.0,True,308,-0.009869880974292755,0.0037940978072583675,-0.013468800112605095
3933,541,10,2,-3.030691623687744,0.004839516,0.00031583308,False,536,0.0011091851629316807,-0.0028757143300026655,-0.0005387836135923862
3933,673,13,2,-4.2765793800354,0.016528863,-0.007571888,False,671,0.00821676291525364,-0.004322042688727379,-0.011561945080757141
3933,696,13,2,-4.939577102661133,0.006060724,-0.004376135,False,691,0.006875934544950724,0.004587631206959486,-0.008148555643856525
3935,593,11,2,-5.219379425048828,0.0075686453,0.0031376744,False,589,0.005610542371869087,0.0018148135859519243,-0.0006352423224598169
3935,843,16,2,-5.909081935882568,-0.0060525513,0.0041652964,False,809,-0.002897024154663086,0.0006584262591786683,0.006662396714091301
3937,537,10,2,-4.0923357009887695,0.002128935,-0.007035799,False,512,-0.00033341406378895044,-0.0003965949872508645,-0.00910155288875103
3937,644,12,2,-5.827029705047607,0.0025086403,0.00023887634,True,631,-0.008936538361012936,0.0015558147570118308,-0.012762116268277168
3938,272,5,2,-4.902414321899414,0.0031402016,0.0014704609,False,255,-0.005957241170108318,-0.0017239094013348222,-0.005903072655200958
3938,513,10,2,-4.674986839294434,-0.0069025517,0.00167202,False,506,-0.007011537440121174,-0.004949169233441353,0.006512203253805637
3939,324,6,2,-5.692796230316162,-0.0010019016,0.0069552613,True,346,-0.008107547648251057,-0.0007150745368562639,0.000564690213650465
3939,900,18,2,-3.431198835372925,0.0013188934,0.0008188105,False,928,-0.0017019605729728937,-0.0014325809897854924,-0.0007694624946452677
3941,349,6,2,-3.646672010421753,0.00088438985,-0.008220821,False,323,-0.013631053268909454,-0.0007798910373821855,-0.021956373006105423
3941,709,14,2,-5.9742536544799805,-0.0053308965,0.005234184,True,741,-0.004775848239660263,0.0006482696626335382,0.005140963010489941
3943,553,11,2,-4.354848861694336,-0.00037290572,-0.0021700573,False,576,0.0036748694255948067,-0.003964424133300781,0.005842141807079315
3943,736,14,2,-5.833212375640869,-0.0007433033,0.0021622945,True,743,-0.0006227016565389931,-0.0007823085761629045,0.0030652047134935856
3944,337,6,2,-5.807444095611572,0.00057891844,0.0016354466,True,346,-0.008258828893303871,-0.0010720825521275401,-0.006130218040198088
3944,361,7,2,-4.11151647567749,-0.001335907,-0.00077874184,False,382,0.0018577193841338158,0.0018558406736701727,0.0005590438959188759
3944,651,13,2,-5.225839138031006,0.00043358802,-0.003027334,False,670,0.008037328720092773,0.0011577128898352385,0.0034186935517936945
3944,719,14,2,-5.783209323883057,0.0016795063,0.0031070996,True,743,3.895759437000379e-05,-0.0027065181639045477,0.0041730692610144615
3949,524,10,2,-2.390233039855957,-0.00296803,-0.0034564924,False,546,0.0001738882128847763,0.0032518624793738127,-0.0035664367023855448
3949,839,16,2,-5.378566741943359,0.009897795,0.007246475,False,849,0.00411534309387207,0.004131736699491739,-0.002667712979018688
