step,firm,market,K_at_entry,logshare_entry,before,after,floor_before,control,control_before,control_after,did
50,95,1,2,-4.195215702056885,-0.0056638527,-0.005553198,False,56,-0.00591901782900095,6.9332122620835435e-06,-0.005815296433866024
50,860,17,2,-4.027222633361816,-0.0023039912,-7.903099e-05,False,850,-0.002548055723309517,-0.0014510441105812788,0.0011279485188424587
52,790,15,2,-3.925898790359497,-0.0015745925,-0.0058247996,False,763,0.002405014121904969,0.003670859383419156,-0.00551605224609375
52,960,19,2,-3.6654632091522217,0.003464465,0.00031091215,False,974,0.004647321533411741,-0.003714833175763488,0.005208601709455252
53,80,1,2,-4.628758430480957,-0.013198547,-0.0047648526,False,-1,,,
53,84,1,2,-3.045173406600952,0.018007599,-0.00096731185,False,86,0.015125298872590065,-0.010042138397693634,0.0061925258487463
53,127,2,2,-3.6106326580047607,0.006144104,0.0063851117,False,135,0.006032371427863836,-0.007498574443161488,0.01377195306122303
53,224,4,2,-3.5925705432891846,0.006661625,-0.0028037643,False,243,0.0065962933003902435,-0.0006091881077736616,-0.0022599073126912117
53,492,9,2,-4.1252360343933105,-0.0029714967,-0.0018314457,False,458,-0.003827042644843459,-0.0056797219440341,0.0029927301220595837
53,598,11,2,-3.873467206954956,-0.00035070418,-0.00047965525,False,582,0.0011608839267864823,-0.0008469343301840127,0.001878867275081575
53,617,12,2,-3.5735859870910645,0.0070882845,-0.0016821527,False,620,0.008566084317862988,-0.00968423392623663,0.009479881264269352
53,720,14,2,-4.486073017120361,-0.01149477,-0.0019816589,False,709,-0.006602902431041002,-0.002272968180477619,0.005183176603168249
55,119,2,2,-3.4474198818206787,0.008634272,-0.0023712635,False,135,0.006402626167982817,-0.008348402567207813,0.003745492547750473
55,155,3,2,-3.955477714538574,-0.0012217521,-0.004366293,False,162,0.0015270375879481435,0.0027982997708022594,-0.004415803123265505
55,764,15,2,-3.7376158237457275,0.0047459984,0.0016991758,False,795,0.0010143948020413518,-0.005351204890757799,0.0033187768422067165
55,940,18,2,-4.003117561340332,-0.0009826565,0.0012949801,False,931,-0.0012676811311393976,0.0012906407937407494,-0.0002806854899972677
56,68,1,2,-3.596681594848633,0.0035307074,-0.007900753,False,99,0.010572505183517933,-0.0012884330935776234,0.0004294784739613533
56,205,4,2,-4.263055801391602,-0.007984209,-0.008839645,False,246,-0.006874075159430504,-0.0015139675233513117,-0.006215544417500496
57,43,0,2,-4.583498477935791,-0.011727314,-0.0013002777,False,29,-0.011778426356613636,-0.0033458233810961246,0.001994434744119644
57,987,19,2,-3.3943710327148438,0.009422412,0.00028312206,False,963,0.007841119542717934,-0.0004974937182851136,-0.0008006766438484192
59,107,2,2,-3.938225507736206,0.00020710945,0.0011337614,False,125,0.002255678176879883,-0.00029752255068160594,0.003479852806776762
59,117,2,2,-4.227113246917725,-0.007864538,0.0058499766,False,108,-0.004012122284621,-0.0007058620685711503,0.010408254340291023
59,217,4,2,-3.941565752029419,-0.0019401741,-0.0042701103,False,202,0.0024139739107340574,-0.00014452934556175023,0.00022856704890727997
59,493,9,2,-3.943958282470703,-0.0002041626,-0.006615162,False,478,-0.0012528944062069058,0.0014668416697531939,-0.009130734950304031
59,750,15,2,-3.5018348693847656,0.010598698,-0.006572838,False,779,-0.002556438557803631,-0.0016645193099975586,-0.018063455820083618
59,871,17,2,-5.806446075439453,-0.039046258,-0.0024726295,False,-1,,,
60,76,1,2,-3.8687376976013184,0.0018498993,0.0018383312,False,90,0.0006880664732307196,-0.0031011104583740234,0.0037776087410748005
60,342,6,2,-3.902878522872925,0.00015033245,-0.0021450853,False,349,0.0004352903342805803,0.0043274639174342155,-0.0061875912360847
61,195,3,2,-4.335552215576172,-0.00083254813,-0.0050928686,False,163,-0.00792637374252081,-0.0033671187702566385,-0.008819575421512127
61,728,14,2,-4.42009162902832,-0.009949589,-3.440857e-05,False,719,-0.007033639121800661,-0.0039318944327533245,0.006813435815274715
62,24,0,2,-3.835559129714966,0.00050773146,0.0033601618,False,3,0.00011570453352760524,-0.00536891957744956,0.008337054401636124
62,88,1,2,-3.420924425125122,0.0066688727,-0.006911831,False,99,0.011023296974599361,-0.003140678396448493,0.0005832714959979057
62,199,3,2,-3.81290864944458,0.00034782887,0.0039206217,False,179,0.0008739805198274553,0.006390867289155722,-0.0019440939649939537
62,658,13,2,-3.870734691619873,0.00018435955,-0.0073129274,False,682,0.001526522682979703,0.00035852432483807206,-0.0063292887061834335
62,794,15,2,-3.991605758666992,-0.0035971021,-0.005628128,False,773,0.004714155104011297,-0.0034159754868596792,0.006099104415625334
62,796,15,2,-4.258292198181152,-0.007250471,0.00029123307,False,778,-0.004258432425558567,-0.0022914791479706764,0.00557475071400404
63,1,0,2,-3.57096791267395,0.00847096,-0.00018039226,False,49,0.007356414571404457,-0.008816509507596493,0.007521570660173893
63,28,0,2,-4.229759216308594,-0.011363187,0.005432844,False,38,-0.005717182066291571,-0.001353092142380774,0.01243194006383419
63,225,4,3,-4.772177219390869,-0.01134675,0.003220606,False,-1,,,
63,272,5,2,-3.7639846801757812,0.001553421,0.00051358226,False,283,0.0034844970796257257,-0.0012272214516997337,0.0036718794144690037
63,571,11,2,-3.650592803955078,0.0032234525,0.0038487434,False,569,0.006328101269900799,-0.0010943174129351974,0.008047709241509438
63,611,12,3,-4.005502700805664,-0.003644414,-0.0010836506,False,633,-0.0024069452192634344,0.008990626782178879,-0.008836808614432812
63,628,12,2,-4.269500732421875,-0.0033703805,-0.0041032885,False,631,-0.0036869430914521217,-0.0016322135925292969,-0.002787637524306774
63,895,17,3,-3.8096914291381836,0.002161522,0.0049430705,False,885,-0.0015792036429047585,0.001667351694777608,-0.00046500680036842823
63,914,18,2,-3.785627841949463,0.0020687438,0.0008835459,False,921,0.0023780870251357555,0.0037991905119270086,-0.0026063013356179
64,73,1,2,-3.8537683486938477,0.0016732789,-0.0063880445,False,97,0.0033529377542436123,-0.012358121573925018,0.007649736478924751
64,186,3,2,-4.0062665939331055,-0.004176583,-0.00733531,False,174,-0.0034459210000932217,0.005760183557868004,-0.012364831753075123
64,482,9,2,-3.596700668334961,0.005575323,0.0006704426,False,499,0.006655540317296982,-0.0005670547252520919,0.0023177149705588818
64,645,12,2,-4.279329299926758,-0.0056232214,0.0008731175,False,631,-0.002844257280230522,-0.002130746841430664,0.005782828666269779
65,60,1,2,-3.6635212898254395,0.004867339,0.0029929017,False,90,0.00016208649321924895,-0.0026826143730431795,0.0009702634997665882
65,739,14,2,-3.9941766262054443,-0.0034929656,-0.002199874,False,712,-0.0005081272101961076,-0.001033563632518053,0.0018185279332101345
67,216,4,2,-4.486133575439453,-0.011503406,-0.004028225,False,208,-0.010085215792059898,-0.001613187836483121,-0.0009968471713364124
67,466,9,2,-3.1160504817962646,0.011167207,-0.00452786,False,-1,,,
67,851,17,2,-4.14716911315918,-0.0017393208,0.0036509992,False,852,-0.006613569334149361,-0.0021185397636145353,0.0008952906355261803
67,930,18,2,-4.034677505493164,-0.0030684567,-0.0046330835,False,906,-0.0022808171343058348,-0.005629701539874077,0.0017842575907707214
68,236,4,2,-3.4971213340759277,0.007409992,0.0008501053,False,243,0.006863608490675688,-0.005717577878385782,0.00602129939943552
68,663,13,2,-4.403707981109619,-0.00712574,0.006657505,False,662,-0.008225283585488796,-0.0015121079050004482,0.00707006873562932
69,497,9,2,-4.640301704406738,-0.00940526,-0.0076542664,False,470,-0.0063594626262784,0.0010290718637406826,-0.005637540947645903
69,522,10,2,-3.963428020477295,0.0002841854,0.0008716059,False,533,-0.0009177494212053716,-0.000609707843977958,0.0002793789026327431
69,729,14,2,-3.886535882949829,-0.0014309406,-0.0023548175,False,715,0.0005863809492439032,-0.0009588384418748319,0.0006213425658643246
69,808,16,2,-3.661510467529297,0.0043988274,0.0021575594,False,820,0.002136487979441881,-0.0028866243083029985,0.002781844465062022
70,6,0,2,-3.651906728744507,0.003786192,-0.0006176138,False,23,0.002953586634248495,-0.003981695044785738,0.002531475853174925
70,475,9,2,-3.459733009338379,0.0064149713,-0.009095926,False,471,0.006136112380772829,-0.003986568655818701,-0.005388216115534306
70,572,11,2,-3.6622464656829834,0.002123623,0.0006017446,False,552,0.00352058419957757,0.0012458562850952148,0.0007528496207669377
70,765,15,2,-4.181431293487549,-0.0040679886,0.010806313,False,778,-0.0006208228878676891,-0.0019442177144810557,0.016197696328163147
71,45,0,2,-3.945977210998535,0.0017746448,0.001954055,False,3,-0.002994108246639371,-0.0063199568539857864,0.003505258820950985
71,678,13,2,-4.698763847351074,-0.0122846225,-0.0038967896,False,-1,,,
73,384,7,2,-4.097095012664795,-0.0053315256,-0.0007838535,False,364,-0.0028617477510124445,0.0013382243923842907,0.00034769950434565544
73,448,8,2,-3.9204633235931396,0.00013177395,0.002148118,False,411,-0.0015606498345732689,-0.001571116503328085,0.0020268107764422894
73,487,9,2,-3.7753021717071533,0.0070020724,-0.009420905,False,489,-0.00024280548677779734,0.001969733275473118,-0.018635516986250877
73,792,15,2,-3.6592249870300293,0.004869399,0.0065673017,False,752,0.0037088871467858553,-0.0007047319668345153,0.006111521739512682
75,10,0,2,-4.424677848815918,-0.002500868,0.00879364,False,2,-0.0038271714001893997,0.0005602550227195024,0.006907082162797451
75,130,2,2,-4.218246936798096,-0.0035427476,-0.0023540116,False,149,-0.007136945612728596,-0.00017888069851323962,-0.005769329145550728
76,17,0,2,-3.574852705001831,0.011548972,0.0051365662,False,31,0.005802311934530735,-0.008814067579805851,0.00820397399365902
76,72,1,2,-3.4443843364715576,0.0034014178,0.005103073,False,86,-0.0050955056212842464,-0.01621503382921219,0.012821182608604431
76,230,4,2,-4.053901195526123,-0.005858321,-0.0016031647,False,220,-0.005239753518253565,-0.003462619846686721,0.002478022826835513
76,363,7,2,-4.067331790924072,-0.0030435228,-0.0058707427,False,377,-0.0025674342177808285,-0.0003013229288626462,-0.005093331448733807
76,747,14,2,-3.877488136291504,0.0020047568,0.002659173,False,727,0.001194481854327023,-0.0036431883927434683,0.00549208652228117
76,948,18,2,-3.541826009750366,0.004985862,-0.0007192755,False,912,0.0006133127026259899,0.002544398419559002,-0.007636222988367081
77,455,9,2,-4.55728816986084,-0.014976263,0.00078467367,False,470,-0.005697278771549463,0.0017982387216761708,0.00826541893184185
77,868,17,2,-4.090318202972412,-0.0016532422,-0.009838219,False,850,-0.0025792408268898726,-0.004070854280143976,-0.006693363189697266
78,128,2,2,-3.911365270614624,0.0018185091,-0.0046568634,False,111,0.004427957348525524,-0.003428487805649638,0.001381073147058487
78,463,9,2,-3.818155527114868,0.0072008944,-0.007405667,False,453,-0.0037315988447517157,-0.0036072111688554287,-0.014730948954820633
79,139,2,2,-3.582975387573242,0.007970948,-0.0033411789,False,114,0.0064478968270123005,0.004000358749181032,-0.008864589035511017
79,630,12,2,-4.0690388679504395,-0.0029619504,-0.0068718623,False,613,-0.0027141617611050606,0.002235536463558674,-0.008859610185027122
80,58,1,2,-3.5544159412384033,0.009411893,-0.008280401,False,90,-0.0011734343133866787,-0.004712948575615883,-0.014152780175209045
80,307,6,2,-3.9016125202178955,0.0005902243,-0.0032229281,False,319,-7.104873657226562e-05,-0.0024572897236794233,-0.0014269114471971989
80,419,8,2,-3.864342212677002,-0.00011436462,-0.0057516573,False,414,0.0013042592909187078,-0.0005111265345476568,-0.003821906866505742
80,539,10,2,-4.0038371086120605,0.00043765068,-0.0003472519,False,536,-0.0004716253315564245,-7.41863259463571e-05,-0.001182341598905623
80,627,12,2,-4.273715972900391,-0.011224551,0.0068654967,False,631,-0.00040222168900072575,-0.000461578369140625,0.018149403855204582
80,772,15,2,-4.629069805145264,-0.011476965,-0.004081955,False,778,-0.009057397954165936,0.01251613162457943,-0.014178519137203693
82,69,1,2,-4.542488098144531,-0.013904853,-0.0053250124,False,96,-0.003089952515438199,-0.0035552596673369408,0.009045148268342018
82,124,2,2,-4.102383136749268,-0.0046744538,0.0019529915,False,145,-0.00024345397832803428,0.0010899162152782083,0.005294074770063162
82,204,4,2,-4.145202159881592,-0.0065298364,-0.0038646318,False,207,-0.004686999134719372,0.007119646295905113,-0.009141440503299236
82,457,9,2,-3.8966989517211914,0.0017662048,0.0014413309,False,484,-0.0022825098130851984,-0.0007579135708510876,-0.0018494701944291592
82,494,9,2,-3.972914457321167,0.0012341547,0.0122566605,False,484,-0.0022825098130851984,-0.0007579135708510876,0.009497909806668758
82,660,13,2,-3.8548336029052734,0.0013580418,0.0019876575,False,691,0.0023888873402029276,-0.009196114726364613,0.012214617803692818
85,221,4,2,-4.288206100463867,0.0030266761,0.007240901,False,246,-0.0009392356732860208,-0.005935001187026501,0.009209990501403809
85,897,17,2,-4.396365165710449,-0.007121029,0.006017189,False,890,-0.006501483730971813,-0.0023588179610669613,0.008995551615953445
86,74,1,2,-4.7032694816589355,-0.010619001,-0.0014643956,False,96,-0.00034588814014568925,-0.00514607410877943,0.01395479217171669
86,77,1,2,-3.841590166091919,0.0055590486,0.002918353,False,90,-0.0008914947393350303,-0.0011354255257174373,-0.002396764699369669
86,476,9,2,-3.8033838272094727,0.0009824896,-0.009461937,False,489,-0.0020148372277617455,0.0024903679732233286,-0.014949630945920944
86,783,15,2,-3.8234622478485107,0.004254918,-0.010577407,False,763,0.00017796039173845202,0.0026469803415238857,-0.017301345244050026
87,52,1,2,-4.074521541595459,-0.006032443,-0.008426886,False,-1,,,
87,62,1,2,-4.775175094604492,-0.011040296,-0.0026024152,False,96,-0.00015615463780704886,-0.005928850267082453,0.014210576191544533
87,248,4,2,-3.9263815879821777,-0.003947401,0.00023801804,False,202,-0.001421704306267202,0.0035490752197802067,-0.0007853605784475803
87,972,19,2,-4.102367877960205,-0.0038758134,0.0007661152,False,964,-0.005023546051234007,0.003088445635512471,-0.0034700632095336914
88,34,0,2,-4.909994602203369,-0.017706443,-0.0051974966,False,-1,,,
88,87,1,2,-4.4975409507751465,-0.015757551,-0.010676508,False,96,-0.0023292922414839268,-0.0062248422764241695,0.008976593613624573
88,212,4,2,-3.651642322540283,-0.004814701,0.0058553983,False,203,0.00674797035753727,-0.003533973591402173,0.020952042192220688
88,223,4,2,-3.575984477996826,0.00016301632,0.0011586333,False,214,-0.0007181501132436097,6.771087441848067e-07,0.00027678965125232935
88,467,9,2,-3.933100461959839,-0.0069917534,-0.0011308098,False,489,-0.004929690156131983,0.005654649809002876,-0.004723396152257919
88,880,17,2,-3.669894218444824,-0.0022324848,0.000108542445,False,870,0.005483880173414946,-0.00040862560854293406,0.00823353324085474
89,393,7,2,-3.9241013526916504,0.0019060039,-0.00042466164,False,390,-0.0009258746867999434,0.001028680824674666,-0.004285220988094807
89,460,9,2,-3.8915915489196777,0.0032974149,0.0026949502,False,478,0.0009987258818000555,0.003392772749066353,-0.002996511524543166
89,782,15,2,-4.010984897613525,-0.0013171578,-0.0010823631,False,773,0.004811534658074379,-0.006126957014203072,0.011173286475241184
89,909,18,2,-4.5622711181640625,-0.006506262,-0.0070880223,False,913,-0.010496001690626144,-0.000911445589736104,-0.010166317224502563
90,63,1,2,-4.804718494415283,-0.010338765,0.0063778497,False,96,-0.004420919343829155,-0.002881708089262247,0.015177402645349503
90,71,1,2,-3.9192142486572266,0.0004911232,-0.0006762934,False,90,0.0018955612322315574,-0.004891824908554554,0.005619969684630632
90,330,6,2,-4.0325608253479,-0.0012872982,-0.0009300804,False,302,-0.0005988025804981589,0.002400679513812065,-0.0026422645896673203
90,541,10,2,-3.8685619831085205,0.00096141815,-1.3537407e-05,False,530,-0.00010003089846577495,0.0004927635309286416,-0.0015677500050514936
90,875,17,2,-4.832918167114258,-0.01575962,0.0032504082,False,-1,,,
90,919,18,2,-4.012966156005859,-0.0016806651,-0.0023560333,False,902,-0.0035216188989579678,-0.003415813436731696,-0.0007811737013980746
92,39,0,2,-3.5467309951782227,0.0063475226,0.003543625,False,23,0.0018181991763412952,-0.005445118062198162,0.004459419287741184
92,50,1,2,-4.148473739624023,0.0010174561,0.00863627,False,-1,,,
92,51,1,2,-4.096320629119873,-0.011948261,0.0005399418,False,-1,,,
92,126,2,2,-3.792736768722534,0.005609689,0.0004887342,False,135,-0.0021831130143254995,-0.005253706127405167,-0.0020503613632172346
93,641,12,2,-4.6840500831604,-0.0109588625,-0.0064722537,False,608,-0.0011843013344332576,-0.003328246995806694,0.0066305543296039104
93,813,16,2,-4.690314292907715,-0.005359373,-0.0065766526,False,835,-0.005459718871861696,0.00023335457080975175,-0.006910352967679501
95,59,1,2,-4.2053961753845215,-6.660461e-05,-0.0063423156,False,-1,,,
95,83,1,2,-3.846748113632202,0.0017701196,-0.003183055,False,90,0.0017564439913257957,-0.004043936729431152,0.0008472059853374958
95,491,9,2,-3.977625846862793,-0.00045837404,-0.0040625287,False,486,-0.004550137557089329,-5.247116132522933e-05,-0.008101820945739746
95,842,16,2,-3.786097526550293,0.0012292528,-0.0038297367,False,812,-0.0030411528423428535,-0.00017886162095237523,-0.007921280339360237
96,213,4,2,-3.0533859729766846,0.017396932,0.0022528886,False,-1,,,
96,681,13,2,-3.9054369926452637,-0.0033702804,0.0016018962,False,683,-0.0014607715420424938,0.00020473003678489476,0.0033066750038415194
97,54,1,2,-4.12971305847168,-0.0008460903,-0.021445714,False,-1,,,
97,201,4,2,-4.267608165740967,-0.008001899,-0.005766935,False,232,-0.00478221895173192,-0.0009786700829863548,-0.0015685847029089928
97,785,15,2,-3.6958203315734863,0.008759947,0.002261629,False,763,0.0033739900682121515,0.0005746316746808589,-0.003698958782479167
97,896,17,2,-3.8949005603790283,0.004247203,0.0048471973,False,882,-0.0022381115704774857,-0.004931359086185694,0.0032932418398559093
98,20,0,2,-3.5898685455322266,0.0010748672,0.008075757,False,23,0.0011785888345912099,-0.008377084508538246,0.01655656285583973
98,614,12,2,-3.5320088863372803,0.0104816295,0.0020255183,False,618,-0.001720161410048604,-0.004728155210614204,-0.005448116920888424
99,44,0,2,-4.406209945678711,-0.0078010466,0.004743233,False,2,-0.0031721305567771196,-0.004623308312147856,0.0139954574406147
99,993,19,2,-4.216738700866699,-0.0046727657,0.0024386502,False,957,-0.0030364131089299917,-0.0013385105412453413,0.005413513630628586
100,233,4,2,-4.083865642547607,-0.005923548,-0.01308938,False,220,-0.0074235727079212666,0.00024049758212640882,-0.014829902909696102
100,309,6,2,-3.8972601890563965,-5.3811073e-05,-0.0049920175,False,345,0.0008275890140794218,0.004829945508390665,-0.008940562605857849
100,329,6,2,-4.42510461807251,-0.0080703925,-0.005062885,False,324,-0.0005729102995246649,0.005638351663947105,-0.0032037547789514065
100,431,8,2,-4.181990146636963,0.0014135075,-0.0037248994,False,442,-0.003243560902774334,0.0001740741718094796,-0.008556041866540909
100,468,9,2,-4.249176502227783,-0.0009819603,-0.0052567194,False,452,-0.004943294450640678,-0.006260719150304794,-0.002957334276288748
100,518,10,2,-3.9887595176696777,0.00078092574,-0.002082653,False,527,-0.0003348445752635598,-0.0007963561802171171,-0.002402067417278886
100,605,12,2,-3.72166109085083,0.00430243,-0.0009815645,False,637,-0.007868141867220402,-0.010404706001281738,-0.0027474304661154747
100,651,13,2,-3.905827760696411,-0.0068668844,0.0029510832,False,675,0.00039957999251782894,0.0009654140449129045,0.009252132847905159
100,822,16,2,-3.87619686126709,-0.009178939,-0.0028001976,False,849,0.0008909225580282509,0.0020801734644919634,0.005189490970224142
100,939,18,2,-3.913740396499634,-0.003523674,0.0042998362,False,920,0.0036832999903708696,0.0027425670996308327,0.008764242753386497
103,37,0,2,-3.632707357406616,0.0036076976,0.0019361115,False,23,0.0033266162499785423,-0.004959192126989365,0.006614222191274166
103,328,6,2,-4.294676780700684,-0.0067636822,-0.00787261,False,311,-0.004793920554220676,0.001978750340640545,-0.00788159854710102
103,694,13,2,-4.1200337409973145,-0.005815172,-0.005506811,False,695,-0.0037344074808061123,-0.0035973263438791037,0.0001712797675281763
103,791,15,2,-3.6063687801361084,0.008303246,-0.002765727,False,752,0.00365152838639915,-0.004419245757162571,-0.002998199313879013
103,798,15,2,-4.278029918670654,0.0010498905,-0.0025430585,False,774,0.0005972671788185835,-0.003406848991289735,0.00041116727516055107
103,819,16,2,-4.428314208984375,-0.008580828,0.0041231536,False,831,-0.004284219816327095,-0.0026049232110381126,0.011024684645235538
103,840,16,2,-4.314128875732422,-0.007479844,0.0009434891,False,802,-0.004332494921982288,0.0030875778757035732,0.0010032602585852146
103,989,19,2,-4.04891300201416,-0.0006486034,-5.0048828e-05,False,975,-0.0027641295455396175,-0.002748899394646287,0.000583324464969337
104,89,1,2,-4.201221466064453,-0.004438019,0.0018491554,False,-1,,,
104,211,4,2,-3.808129072189331,-0.0008726168,0.0048868703,False,214,-0.003949184436351061,0.0071941278874874115,-0.005383824929594994
104,485,9,2,-3.2186625003814697,0.008685827,0.003706093,False,471,0.004279551561921835,-0.0038847255054861307,0.003184542991220951
104,710,14,2,-3.757399082183838,-0.0012870454,0.0025954437,False,749,-0.0010332870297133923,-0.003056864719837904,0.005906066857278347
105,4,0,2,-4.2177534103393555,0.0021515656,-0.0074489117,False,30,-0.0013311862712725997,-0.009485368616878986,-0.0014462945982813835
105,65,1,2,-5.190141201019287,-0.011341133,0.00033143043,False,-1,,,
105,332,6,2,-4.242426872253418,-0.008073516,-0.00077756884,False,311,-0.0026757335290312767,0.0008602142333984375,0.0037599997594952583
105,761,15,2,-4.193091869354248,-0.00048755645,-0.004104681,False,774,-0.00017131805361714214,-0.0034897804725915194,-0.0002986618783324957
106,323,6,2,-4.291114330291748,-0.009847574,0.003246336,False,341,0.001712474855594337,0.0041083525866270065,0.010698032565414906
106,360,7,2,-3.8119940757751465,0.0032911683,-0.0013275766,False,373,0.00012512206740211695,-0.0016580105293542147,-0.002835612278431654
106,581,11,2,-3.463803291320801,0.0039475346,0.001966343,False,565,0.004205016884952784,0.0003717661020345986,0.0018520592711865902
106,735,14,2,-3.762693166732788,0.0026782227,-0.001203208,False,749,-0.0008371353032998741,-0.0027184628415852785,-0.0020001032389700413
106,790,15,2,-4.2554755210876465,-0.0069357012,0.00288414,False,757,-0.0009314441704191267,-0.0013426208170130849,0.01023101806640625
106,898,17,2,-3.6501994132995605,0.009349222,0.0030247068,False,885,0.0024848461616784334,-0.003219399368390441,-0.0006202701479196548
107,553,11,2,-4.3744282722473145,-0.007682023,0.00048023224,False,592,-0.001076879445463419,0.0019299411214888096,0.0051554348319768906
107,756,15,2,-4.672904968261719,-0.009231911,-0.0049026106,False,787,0.0019742297008633614,-0.003017549403011799,0.009321079589426517
107,811,16,2,-2.654200553894043,0.023667922,-0.005500779,False,-1,,,
107,879,17,2,-3.826016426086426,0.0023044061,0.006542587,False,881,-0.002588567789644003,-0.002956991083920002,0.0046066041104495525
108,91,1,2,-4.6828508377075195,-0.0064090537,-0.011722202,False,-1,,,
108,456,9,2,-4.109687805175781,-0.0022656107,-0.008384981,False,454,-0.0022084759548306465,0.004207935184240341,-0.012535781599581242
109,566,11,2,-3.797051429748535,-0.0027969074,-0.0031219674,False,595,-0.0012764453422278166,0.001424069399945438,-0.0030255746096372604
109,612,12,2,-5.076626300811768,-0.015376663,-0.0051097204,False,-1,,,
109,653,13,2,-3.9566164016723633,-0.0006997442,0.0018802977,False,675,-0.0007889032131060958,0.0018911552615463734,-0.00010001659393310547
109,730,14,2,-4.080082416534424,-0.0027045107,-0.0038124465,False,712,-0.0007982730749063194,-0.0046484279446303844,0.00274221901781857
110,699,13,2,-3.9191811084747314,-0.00038753034,0.004737587,False,675,-0.0004465246165636927,0.0007270050118677318,0.003951587714254856
110,818,16,2,-4.656694412231445,-0.010983896,-0.007425003,False,832,-0.005805549677461386,0.002166213933378458,-0.004412870388478041
111,15,0,2,-4.000247478485107,0.0020883465,-0.006621599,False,40,0.00036839008680544794,-0.01264641247689724,0.004304856993257999
111,235,4,2,-3.9954845905303955,-0.006721897,-0.00368114,False,206,-5.846977364853956e-05,-0.004352407529950142,0.007334694731980562
111,426,8,2,-3.293757915496826,0.013319951,-0.00041497708,False,407,0.0032887316774576902,0.0014441299717873335,-0.01189032569527626
111,963,19,2,-3.418933868408203,0.00054159644,0.00065224647,False,999,0.005934557877480984,-0.004321312997490168,0.010366521775722504
112,21,0,2,-2.70863676071167,0.014445901,-0.0018087673,False,-1,,,
112,26,0,2,-3.9547078609466553,0.008338075,-0.0008147526,False,22,0.002873101271688938,0.00749175064265728,-0.013771477155387402
112,122,2,2,-3.75858211517334,0.004586825,0.0011155653,False,143,-0.0005184268811717629,-0.0011523342691361904,-0.002837352454662323
112,261,5,2,-3.83807110786438,0.0022233678,0.0001472044,False,267,4.29677966167219e-05,0.0002977275871671736,-0.002330923220142722
113,0,0,2,-4.406547546386719,-0.014460211,0.0018649101,False,2,-0.004420271143317223,-0.0035655307583510876,0.015470379963517189
113,146,2,2,-3.8243353366851807,0.0014120436,0.0014580297,False,134,-9.721278911456466e-05,-0.002204036805778742,0.0021528101060539484
113,198,3,2,-3.613004207611084,0.0032626058,0.0029389476,False,185,0.0025730228517204523,-0.004442729987204075,0.006692094728350639
113,237,4,2,-3.492795467376709,0.0027346134,-0.00081911567,False,249,0.011249098926782608,0.0020692110992968082,0.005626159254461527
113,343,6,2,-4.262609481811523,-0.009065318,-0.0010436154,False,311,-0.002487058751285076,0.0022507859393954277,0.003283858299255371
113,866,17,2,-4.3478102684021,-0.010295958,-0.005053167,False,887,-0.003318262053653598,0.001152362790890038,0.0007721660658717155
115,165,3,2,-3.7856478691101074,0.0027547742,-0.003389783,False,166,-0.0010541582014411688,-0.0011443805415183306,-0.006054334808140993
115,291,5,2,-3.905256509780884,-0.0006526041,-0.0008745289,False,262,-0.0008424806874245405,0.0006335830548778176,-0.0016979884821921587
115,297,5,2,-4.103259563446045,-0.0031680202,-0.0013945961,False,288,-0.0032755089923739433,-0.00044225691817700863,-0.001059827976860106
115,458,9,2,-4.387902736663818,-0.0068249796,-0.0013431645,False,470,0.0010886669624596834,-0.005078554153442383,0.011649035848677158
115,461,9,2,-3.005587577819824,0.012292648,-0.0025033474,False,-1,,,
115,562,11,2,-4.164113521575928,-0.0059891273,-0.0032228185,False,585,-0.001833362621255219,-0.005189323332160711,0.006122269667685032
115,649,12,2,-3.3014376163482666,0.012190509,-0.0010815859,False,600,0.00993597973138094,0.000921225524507463,-0.004257339984178543
115,767,15,2,-3.684060573577881,0.004361887,-0.013158416,False,752,-8.172988600563258e-06,0.004848995245993137,-0.02237747050821781
116,66,1,2,-4.02554178237915,0.0020506,-0.006376896,False,90,-0.005367965903133154,0.000706472375895828,-0.014501934871077538
116,762,15,2,-4.0179924964904785,-0.0030731058,0.010470653,False,786,-0.003156642895191908,0.002298531588166952,0.008088584057986736
117,245,4,2,-4.026766300201416,0.004401693,0.0023093224,False,247,-0.0008366584661416709,-0.0015797328669577837,-0.0013492964208126068
117,567,11,2,-3.9904136657714844,-0.0014906835,-0.001849308,False,558,-0.0004661941493395716,-0.00569978216663003,0.004874963779002428
117,591,11,2,-3.934359550476074,0.0062539005,-0.0013163376,False,576,-0.0008562231087125838,3.345489676576108e-05,-0.008459916338324547
117,620,12,2,-4.131838798522949,-0.012947688,0.003692894,False,625,-0.002925920533016324,-0.00040929793613031507,0.01412395853549242
117,647,12,2,-4.2263970375061035,-0.004830465,0.0020079804,False,642,-0.005982794798910618,-0.002094364259392023,0.0029500150121748447
117,755,15,2,-4.524551868438721,-0.007706728,-0.011739836,False,760,-0.00483326893299818,0.013520603068172932,-0.022386979311704636
118,70,1,3,-3.5442309379577637,0.001314292,0.0012315607,False,-1,,,
119,733,14,2,-3.92212176322937,-0.0047112796,0.0023466253,False,714,-0.004134288057684898,-0.0016343879979103804,0.00455800537019968
119,799,15,2,-3.670081853866577,-8.41713e-05,0.012633934,False,752,0.00047546386485919356,0.004419379401952028,0.00877418927848339
120,48,0,2,-4.6582932472229,-0.008465414,-0.001464796,False,29,-0.0035544491838663816,-0.006636781617999077,0.010082949884235859
120,209,4,2,-4.264074802398682,-0.003949232,-0.00067656516,False,226,-0.004408998414874077,-0.007781400810927153,0.00664506945759058
121,97,1,2,-4.498519420623779,-0.013800526,-0.01406558,False,-1,,,
121,361,7,2,-4.130307197570801,0.0004383755,-0.0029684543,False,377,-0.0014736843295395374,0.0041983844712376595,-0.009078898467123508
123,73,1,2,-4.12945032119751,-0.0066460753,0.00037210464,False,82,0.006204357370734215,-0.0029450797010213137,0.016167616471648216
123,998,19,2,-4.13782262802124,-0.0039073275,0.0031249714,False,981,-0.0007416915614157915,0.002547359559684992,0.003743247827515006
125,45,0,2,-3.8256630897521973,0.002080865,0.0014965916,False,23,0.0006322812987491488,0.00020135879458393902,-0.00015335087664425373
125,49,0,2,-4.026262283325195,-0.011267367,-0.0002465248,False,40,0.0030056096147745848,-0.00824002269655466,0.02226647362112999
125,79,1,2,-4.196223258972168,0.0015462876,-0.006298885,False,82,0.005939502734690905,-0.00405122758820653,0.002145557664334774
125,100,2,2,-3.583242416381836,0.0053228857,-0.0012458754,False,114,0.005359511356800795,-0.007031998597085476,0.00582274841144681
125,137,2,2,-3.9829697608947754,-0.0018567181,0.00018994331,False,142,0.0010086059337481856,-0.0005852794856764376,0.003640546929091215
125,228,4,2,-3.781616449356079,0.0003649378,-0.0025759125,False,207,0.007404480129480362,-0.004536695312708616,0.009000325575470924
125,236,4,2,-3.2404096126556396,0.007298913,-0.0013533878,False,241,0.005924978293478489,0.0030760765075683594,-0.005803398787975311
125,459,9,2,-3.8655447959899902,0.010214853,0.0027771997,False,484,0.000837841012980789,0.0041114999912679195,-0.010711312294006348
125,554,11,2,-3.7544846534729004,-0.0037355756,-0.0047790385,False,583,0.0036396265495568514,0.0034112692810595036,-0.0008151056244969368
125,559,11,2,-3.4774491786956787,0.0058465814,-0.004435601,False,565,0.001519432058557868,0.0013983345124870539,-0.010161085054278374
125,682,13,2,-4.121845245361328,-0.0030797767,0.008062902,False,661,-0.001989822369068861,-0.005751895718276501,0.014904752373695374
125,856,17,2,-4.65418004989624,-0.011117754,0.005050783,False,854,-0.0013661098200827837,-0.0012811088236048818,0.01608353480696678
127,68,1,2,-4.304111003875732,-0.014440604,-0.0029211617,False,-1,,,
127,86,1,2,-4.135069847106934,-0.015853915,-0.00212245,False,82,0.000927562708966434,-0.0070599461905658245,0.02171897515654564
127,194,3,2,-3.6632182598114014,0.006068697,0.0015508271,False,161,0.0018260431243106723,-0.001510028843767941,-0.001181798055768013
127,327,6,2,-4.10201358795166,-0.0007994556,0.0020548105,False,333,-0.001863508252426982,-0.0011970996856689453,0.002187857637181878
127,877,17,2,-3.8433144092559814,0.00700974,0.007839003,False,857,-0.007200407795608044,0.003217945108190179,-0.009589090012013912
127,932,18,2,-3.832425355911255,0.0020076036,0.00076126575,False,949,0.0017726134974509478,-0.006997103802859783,0.007523379288613796
128,99,1,2,-4.153608322143555,-0.009266844,0.0060271216,False,61,0.00037308692117221653,-0.004033288918435574,0.019700340926647186
128,123,2,2,-4.131087303161621,0.0005908871,0.0029540395,False,110,-0.0023097372613847256,-0.0010724258609116077,0.001125840935856104
129,98,1,2,-4.594526767730713,-0.0028612518,0.008164549,False,64,-0.00843434315174818,-0.004805326461791992,0.007396784611046314
129,473,9,2,-4.652565002441406,-0.0073248576,-0.0013453007,False,488,-0.013671856373548508,-0.010117044672369957,0.0024247453548014164
129,669,13,2,-4.485126495361328,-0.012381897,-0.0022560025,False,662,-0.0019566344562917948,0.0005598544958047569,0.007609406020492315
129,784,15,2,-4.175229072570801,0.0036610602,-0.0035024928,False,760,0.005221738945692778,0.006328902207314968,-0.008270716294646263
129,825,16,2,-4.568760871887207,-0.008726349,0.001286354,False,824,-0.004327335394918919,-0.0011495781363919377,0.0068349456414580345
129,950,19,2,-3.767117977142334,0.0007216263,-0.0008637762,False,971,0.003234214847907424,0.0010606241412460804,0.0005881881806999445
130,338,6,2,-3.9928619861602783,-0.0011155605,-4.7655107e-05,False,344,-0.0006082296604290605,-0.001085147843696177,0.0015448236372321844
130,474,9,2,-4.224972248077393,-0.0025174809,0.0011251926,False,498,-0.002921304665505886,0.004981894511729479,-0.004260526038706303
131,67,1,2,-5.100377082824707,-0.015641175,0.0019417858,False,94,-0.005853834096342325,0.0019000339088961482,0.009829092770814896
131,95,1,2,-4.097530364990234,0.0024949645,0.002675748,False,82,-0.001333103165961802,-0.005826959386467934,0.00467463955283165
131,873,17,2,-4.118067741394043,-0.0021369075,0.0033105374,False,899,0.002907762536779046,0.002626242581754923,0.005728964693844318
131,941,18,2,-3.664761543273926,-0.0011303473,0.0021528674,False,920,0.006562886293977499,-0.006000366061925888,0.01584646850824356
132,72,1,2,-3.170283555984497,0.0044102003,0.003285761,False,-1,,,
132,75,1,2,-3.7454795837402344,0.0026829434,0.0038003062,False,78,-0.006426367908716202,-0.0013849115930497646,-0.003924093209207058
132,115,2,2,-3.582413673400879,0.0066037416,0.00083763123,False,114,0.002165989950299263,-0.004255366511642933,0.0006552459672093391
132,317,6,2,-3.9720678329467773,0.0011853505,0.0035070705,False,346,0.0011993646621704102,-0.0038444281090050936,0.007365512661635876
132,510,10,2,-3.973038911819458,0.002082963,0.00029662132,False,542,0.00017137527174782008,-0.0010942697990685701,-0.0005206966307014227
132,793,15,2,-3.588623046875,0.004061375,-0.0049189185,False,789,0.013983726501464844,0.008103384636342525,-0.003099950961768627
133,200,4,2,-5.153712272644043,-0.0125186825,-0.0069721793,False,-1,,,
133,555,11,2,-3.7478036880493164,0.0076710987,0.002525258,False,595,0.0032128954771906137,-0.0025593233294785023,0.0006263786926865578
134,222,4,2,-4.385176181793213,-0.0039145947,0.0032000828,False,206,-0.0032086754217743874,-0.0009410762577317655,0.004847078584134579
134,706,14,2,-4.079785346984863,0.004097557,0.0029457998,False,703,0.0012042808812111616,-0.004071493167430162,0.004124016501009464
135,19,0,2,-4.426087379455566,-0.0041900827,-0.0008535385,False,30,-0.00854330975562334,-0.0024417019449174404,-0.002765063662081957
135,483,9,2,-4.507205486297607,-0.00855442,0.002518034,False,470,0.003331737592816353,-0.0011830329895019531,0.015587225556373596
136,514,10,2,-3.9880871772766113,0.0010379791,0.0016777372,False,519,3.940105307265185e-05,0.00029026984702795744,0.00038888928247615695
136,862,17,2,-4.524900436401367,-0.007881585,-0.0012879181,False,889,-0.007292032241821289,-0.0024345875717699528,0.0017362218350172043
138,28,0,2,-3.6707704067230225,0.007320638,0.0017185736,False,9,-0.0025752782821655273,0.0012515831040218472,-0.009428925812244415
138,943,18,2,-4.093270778656006,-0.0016804695,0.004511175,False,926,-0.0008177566342055798,0.0042571211233735085,0.0011167670600116253
139,13,0,2,-3.8888232707977295,0.0032845354,-0.0070891236,False,14,0.0018393993377685547,0.009271392598748207,-0.01780565269291401
139,52,1,2,-4.5553693771362305,-0.00724123,0.003893242,False,-1,,,
139,162,3,2,-3.855433225631714,-0.0008336544,-0.0018075895,False,187,-0.0005071496707387269,-0.011239890940487385,0.009758805856108665
139,640,12,2,-3.844036817550659,-0.0012286091,-0.0055706454,False,624,-0.006401491351425648,0.0007336807320825756,-0.011477207764983177
139,684,13,2,-4.257065773010254,-0.0055894996,-0.0016757011,False,696,-0.0004183006240054965,0.0034176826011389494,7.781526073813438e-05
139,878,17,2,-4.192047119140625,-0.0035028171,0.011289554,False,894,-0.0005668449448421597,-0.00236338609829545,0.016588911414146423
140,728,14,2,-4.717922687530518,-0.0049572275,-0.0004898834,False,745,0.0003935146378353238,0.002156963339075446,0.002703895326703787
140,768,15,2,-4.174691200256348,0.0055352687,0.0014028549,False,786,-0.0009634399320930243,0.005365204997360706,-0.010461058467626572
141,172,3,2,-4.213749408721924,-0.0038929367,0.002502117,False,182,-0.007982749491930008,0.001373882289044559,-0.002961577847599983
141,645,12,2,-3.6492648124694824,0.010574923,0.008967886,False,615,-0.0001243829756276682,-0.003500537946820259,0.0017691177781671286
144,388,7,2,-3.6818532943725586,-0.0009981967,0.001182704,False,365,-0.000488872523419559,-0.0010094023309648037,0.002701430581510067
144,482,9,2,-3.468865156173706,0.005378785,-0.0043167924,False,477,0.003673820523545146,0.0033373022451996803,-0.009359058924019337
144,532,10,2,-3.8382177352905273,0.0003667116,0.001670928,False,534,-0.0002365160034969449,-0.0014825629768893123,0.002550263423472643
144,751,15,2,-3.7225100994110107,-0.0044897557,0.0057329987,False,753,0.0028738833498209715,0.0004173135675955564,0.012679324485361576
145,1,0,2,-3.3365609645843506,0.0022414923,-0.009313851,False,9,-0.0022764443419873714,0.0027077244594693184,-0.01653951220214367
145,148,2,2,-3.5921902656555176,-0.0049150754,-0.0035468768,False,114,0.0018261289224028587,-0.001911749830469489,0.005106077529489994
146,39,0,2,-3.3464953899383545,0.006005373,0.0052317856,False,9,-0.001756529789417982,0.003784947330132127,-0.006315064616501331
146,814,16,2,-3.4499309062957764,0.0012489605,-0.0027442074,False,827,0.0015831899363547564,0.002066812478005886,-0.004476790316402912
147,17,0,2,-3.1237740516662598,0.007852583,0.002104969,False,-1,,,
147,27,0,2,-3.6903743743896484,-0.00017626285,-0.011520052,False,16,0.003999023232609034,0.0019297599792480469,-0.009274525567889214
147,69,1,2,-4.683896541595459,-0.00039717674,-0.020391969,False,-1,,,
147,196,3,2,-3.4352245330810547,0.0045083426,-0.00085742,False,192,0.004849457647651434,0.0014611578080803156,-0.0019774625543504953
147,243,4,2,-3.9052515029907227,-0.005393605,-0.002013111,False,207,0.0005244207568466663,0.0007556390482932329,0.003149275900796056
147,557,11,2,-3.8513383865356445,-0.004691739,0.003446331,False,551,0.0016366195632144809,-0.0015502833994105458,0.011324972845613956
148,77,1,2,-3.873896837234497,0.00024647237,-0.0035015154,False,78,-0.0017881584353744984,-0.008226614445447922,0.002690468216314912
148,202,4,2,-3.6100454330444336,0.006410427,-0.008636131,False,231,-0.0024032879155129194,0.010083861649036407,-0.02753370627760887
148,210,4,2,-3.609245538711548,0.005017033,0.0035845279,False,231,-0.0024032879155129194,0.010083861649036407,-0.013919655233621597
148,218,4,2,-4.479405879974365,-0.014478526,0.0017619419,False,232,-0.002348241861909628,0.00593596464022994,0.007956261746585369
148,677,13,2,-3.4409525394439697,-0.00384902,0.0013434505,False,657,0.0027957868296653032,-0.012709817849099636,0.020698074251413345
148,869,17,2,-3.4595510959625244,0.00048423768,-0.0014733934,False,853,-0.0019056892488151789,-0.0013142728712409735,-0.0025490475818514824
149,208,4,2,-4.480832099914551,-0.00271389,0.00073607446,False,246,-0.0016966343391686678,-0.00562427518889308,0.007377604953944683
149,460,9,2,-3.684739828109741,0.0045167636,-0.005698862,False,489,0.003031234722584486,-0.0009601592901162803,-0.006224231328815222
149,476,9,2,-4.6662421226501465,-0.011017237,-0.006712761,False,470,-0.0015309143345803022,-0.0006516361027024686,0.003425197908654809
149,644,12,2,-3.653782606124878,0.0015293646,0.002613125,False,621,0.0058545684441924095,-0.0029256201814860106,0.00986394938081503
149,766,15,2,-4.3156418800354,-0.000488596,-0.008546705,False,759,-0.004967221990227699,-0.001455612131394446,-0.011569719761610031
149,988,19,2,-4.446890354156494,-0.0053670406,-0.00055344583,False,984,-0.008832884021103382,-0.003479757346212864,-0.0005395319312810898
150,308,6,2,-3.889490842819214,0.0037954377,-0.00033652782,False,347,0.004479627590626478,-0.0015598583268001676,0.0019075204618275166
150,632,12,2,-4.389800071716309,-0.012963438,-0.007474289,False,607,0.000357561104465276,-0.0007767868228256702,0.006623497232794762
150,785,15,2,-3.588632106781006,0.0031603288,-0.0060808994,False,777,-0.00038737774593755603,-0.0014249038649722934,-0.008203702047467232
150,835,16,2,-4.558809757232666,-0.0014195538,0.00045293808,False,834,-0.00131816859357059,0.0042305756360292435,-0.0036762526724487543
151,305,6,2,-3.822155714035034,0.0086165,0.0012167073,False,331,0.00015648365661036223,0.0077143763191998005,-0.014957685023546219
151,435,8,2,-4.046383380889893,-0.00021486283,-0.0028542327,False,449,0.0004628848982974887,0.0021739816293120384,-0.004350466653704643
154,480,9,2,-3.941554307937622,0.004859471,0.002431364,False,469,-0.002784338081255555,0.00095098972087726,-0.006163435056805611
154,689,13,2,-4.453439712524414,-0.0031661892,-0.0065604686,False,676,0.0061917779967188835,-0.0011169814970344305,0.003914480097591877
155,85,1,2,-4.384323596954346,-0.009642243,-0.004899197,False,57,-0.013174643740057945,0.0049424744211137295,-0.013374071568250656
155,468,9,2,-4.592240333557129,-0.0064125345,-0.004374838,False,452,-0.006678218953311443,0.0020117759704589844,-0.006652298383414745
155,672,13,2,-3.6879401206970215,0.008759327,-0.0005183935,False,690,0.011048002168536186,-0.0053133247420191765,0.007083605043590069
155,765,15,2,-3.942780017852783,-0.0036918784,-0.0035968018,False,760,0.008428888395428658,0.011615591123700142,-0.003091626102104783
156,12,0,2,-4.310348987579346,-0.006718836,-0.000433836,False,5,-0.00868692435324192,-0.009423503652215004,0.007021578960120678
156,60,1,2,-3.329995632171631,0.0034294033,-0.0039602327,False,55,-0.0004479360650293529,-0.007815523073077202,-2.2048596292734146e-05
156,455,9,2,-4.846798896789551,-0.0010992814,-0.005993338,False,465,-0.007452221121639013,-0.014666099101305008,0.002319821622222662
156,667,13,2,-3.2152743339538574,0.012456684,-0.0029229163,False,679,-0.0022110939025878906,0.0013725090539082885,-0.018963202834129333
157,92,1,2,-4.473102569580078,0.0011896801,-0.011439495,False,57,-0.017042893916368484,0.007007351145148277,-0.03667942062020302
157,136,2,2,-4.282541275024414,-0.0030626296,-0.0027859975,False,147,-0.007231659721583128,-0.005857991985976696,-0.0010970355942845345
158,216,4,2,-4.347788333892822,0.0066673663,0.008352475,False,239,-0.00159228325355798,0.00915015209466219,-0.00905732624232769
158,695,13,2,-4.464532852172852,-0.006580143,-0.0009948825,False,688,-0.0005115890526212752,-0.007503757253289223,0.012577428482472897
159,213,4,2,-2.8111631870269775,0.0063452004,-0.010178552,False,-1,,,
159,693,13,3,-3.7687997817993164,-0.0015659189,0.008098364,False,686,-0.00041476250044070184,0.003344454802572727,0.005905065685510635
159,771,15,2,-4.043625831604004,-0.013957667,-0.008697901,False,759,0.0002796936023514718,-0.004659957718104124,0.010199417360126972
160,120,2,2,-3.6289286613464355,0.007754059,-0.0028443479,False,131,0.004473300185054541,-0.00432041147723794,-0.0018046954646706581
160,420,8,2,-3.6986987590789795,0.0052455235,0.003706255,False,403,-0.00010424137144582346,-0.0011656522983685136,-0.0004778576549142599
160,670,13,2,-4.070997714996338,0.0014440346,-0.0046266746,False,697,0.002434358699247241,-0.0014313984429463744,-0.002204952295869589
160,790,15,2,-4.200657367706299,-0.00028071404,-0.004440374,False,774,-0.0013274383964017034,-0.014547118917107582,0.009060020558536053
161,53,1,2,-4.939642429351807,-0.003879118,-0.003346777,False,96,0.00298276892863214,-0.014309234917163849,0.017824344336986542
161,491,9,2,-3.8836634159088135,0.0030785513,0.005496297,False,472,0.001379094086587429,-0.0017428064020350575,0.0055396463721990585
161,609,12,2,-3.4821999073028564,0.0029299879,-0.0040364075,False,622,0.00033796310890465975,0.0005318259936757386,-0.007160258013755083
161,613,12,2,-4.471504211425781,-0.010335221,-0.00035079956,False,642,-0.00515748979523778,-0.006297960411757231,0.01112489216029644
161,743,14,2,-3.9253220558166504,-0.004716167,-0.0010866976,False,749,-0.0031825972255319357,-0.0026753139682114124,0.0031221865210682154
161,795,15,2,-3.554020643234253,0.0034106923,-0.018940987,False,775,0.0026661253068596125,0.001411170931532979,-0.02109672501683235
163,204,4,2,-4.602069854736328,-0.005437145,-0.009159232,False,205,0.0001223754952661693,-0.004419603385031223,0.000819892156869173
163,586,11,2,-4.278625011444092,-0.005181551,0.0074723815,False,568,-0.005191898439079523,-0.0025979995261877775,0.010060032829642296
163,636,12,2,-4.121756076812744,-0.0003554821,0.00037678718,False,610,0.0015943623147904873,0.001270027132704854,0.0010566044365987182
163,782,15,2,-4.728572368621826,-0.014724903,-0.0097939875,False,787,-0.0032408046536147594,0.0022813319228589535,-0.0005912212654948235
164,15,0,2,-4.198878288269043,-0.0032269286,0.0047250893,False,5,-0.008018417283892632,-0.00803365744650364,0.007967257872223854
164,433,8,3,-3.812391996383667,0.0033186341,-0.001315279,False,434,-0.0008001041132956743,0.0002661895705386996,-0.005700206849724054
164,671,13,2,-3.228339195251465,0.0065252353,0.00043535233,False,-1,,,
164,905,18,2,-4.797015190124512,-0.006636553,-0.0013326263,False,917,-0.004983101040124893,0.011628580279648304,-0.011307753622531891
164,929,18,2,-4.232576847076416,-0.004179888,-0.0015752506,False,938,0.0001468849222874269,-0.0033641434274613857,0.0061156656593084335
165,3,0,2,-3.9013705253601074,0.006067257,5.5661203e-05,False,23,0.000925631495192647,-0.0008070897893048823,-0.004278874024748802
165,807,16,2,-4.38989782333374,-0.0025526523,0.0038783073,False,824,0.0019459057366475463,-0.0032683468889445066,0.011645211838185787
166,25,0,2,-3.624101161956787,0.0048342897,0.001923275,False,16,0.004622945562005043,0.0017134046647697687,-1.4738179743289948e-06
166,184,3,2,-3.533522844314575,0.0009887362,-0.0011472607,False,179,0.0003245401312597096,-0.0028948402032256126,0.0010833835694938898
166,479,9,2,-3.9569921493530273,0.0033426667,0.01135354,False,453,0.00194844719953835,0.0043420554138720036,0.005617265589535236
166,870,17,2,-3.6673247814178467,0.002090273,0.0006908989,False,872,0.00330244074575603,0.003194584744051099,-0.0012915180996060371
167,223,4,2,-3.715332269668579,-0.0032391548,0.006867194,False,203,-0.001241979654878378,0.000944004044868052,0.007920365780591965
167,742,14,2,-3.0654854774475098,0.015760245,0.0006653357,False,736,0.00229645729996264,0.0014779663179069757,-0.014276417903602123
168,58,1,2,-4.5156731605529785,-0.01354639,-0.012632084,False,-1,,,
168,63,1,2,-4.237090587615967,0.006378679,0.0007079792,False,61,-0.006059074308723211,-0.007973652333021164,-0.0037561217322945595
168,456,9,2,-4.5646467208862305,-0.0068954467,0.013005481,False,493,-0.005466756876558065,-0.001338853850029409,0.015773024410009384
168,478,9,2,-4.666786193847656,-0.014672923,0.0037097358,False,470,-0.0057592010125517845,0.011211872100830078,0.0014115851372480392
168,611,12,2,-3.849642515182495,0.0049969913,-0.0029197836,False,602,0.001267008832655847,-0.00429584039375186,-0.002353925257921219
168,692,13,2,-4.717103958129883,-0.0019064617,-0.0049209404,False,688,-0.004746847320348024,-0.0018798256060108542,-0.00588150043040514
168,707,14,2,-3.7638607025146484,0.0027200938,0.0007337761,False,731,0.0012254237663000822,0.00011317252938169986,-0.0008740666089579463
168,844,16,2,-3.8443520069122314,-0.0002865553,-0.002152362,False,820,-0.0013349199434742332,0.007831411436200142,-0.011032138019800186
168,903,18,2,-4.166114807128906,-0.0012859725,0.003092165,False,933,-0.006989874877035618,-0.003676452673971653,0.0010647154413163662
168,946,18,2,-3.807033061981201,0.0035046767,0.0009361553,False,931,0.004571127705276012,-0.001073966035619378,0.003076571971178055
170,8,0,2,-4.618743419647217,-0.010817709,0.0003606701,False,2,-0.007260160520672798,0.001141939195804298,0.0027762800455093384
170,84,1,2,-3.7959976196289062,-0.011868882,-0.021140756,False,78,-0.002343673724681139,-0.004907932132482529,-0.006707615684717894
170,466,9,2,-3.2466471195220947,0.0016697359,-0.0011186695,False,451,0.003442296991124749,0.0013898515608161688,-0.0007359599694609642
170,646,12,2,-4.005829334259033,-0.0017755604,-0.0032902432,False,619,-0.006173538975417614,-0.006226639728993177,-0.001461582025513053
171,499,9,2,-3.2749953269958496,0.004626498,-0.0056971596,False,451,0.0031572103034704924,0.0012855291133746505,-0.00845197681337595
171,797,15,2,-3.688382863998413,-0.004694271,0.0008730364,False,753,0.004466791171580553,0.0034387921914458275,0.006595306098461151
174,90,1,2,-3.933814525604248,0.0012604808,-0.0076256464,False,78,-0.0008926630252972245,-0.009361800737679005,-0.00041698943823575974
174,916,18,2,-3.5276522636413574,-0.001244936,0.0065445425,False,936,0.004424295388162136,-0.0069465781562030315,0.019160352647304535
175,552,11,2,-3.2327234745025635,0.0066230297,-0.0027639007,False,571,0.004367236979305744,-0.0007360887248069048,-0.004283605143427849
175,776,15,2,-3.973693370819092,-0.0016222382,0.0022108888,False,769,0.0036723471712321043,0.0007630729814991355,0.006742401048541069
177,47,0,2,-4.046294212341309,-0.008497639,0.0011738682,False,11,0.0004821491311304271,-0.0107035543769598,0.02085721120238304
177,79,1,2,-4.454405784606934,-0.006016722,-0.0068727494,False,82,-0.0070599461905658245,-0.008017911575734615,0.0001019379124045372
177,486,9,2,-4.002486705780029,-0.0017603016,0.0011460352,False,487,0.0012423992156982422,0.008627396076917648,-0.004478659946471453
177,799,15,2,-3.225419759750366,0.010284882,0.002842455,False,789,0.006801109295338392,-0.010187992826104164,0.009546675719320774
178,88,1,2,-3.477442502975464,0.007085476,0.0023230028,False,-1,,,
178,295,5,2,-4.062173843383789,-0.0026975297,-0.0007440853,False,292,-0.0009502983302809298,-0.0013532734010368586,0.0023564195726066828
178,778,15,2,-4.4603657722473145,-0.00716979,-0.000527153,False,759,-0.003574695670977235,-0.0019097519107162952,0.004977692849934101
178,804,16,2,-3.834768533706665,0.001940527,-0.0076679466,False,802,0.0060818432830274105,0.0009754943894222379,-0.00450212461873889
179,384,7,2,-4.091682434082031,0.0018165874,0.0020490598,False,386,-0.0038108110893517733,-0.0015058326534926891,-0.002072506118565798
179,633,12,2,-3.7970123291015625,-0.0066919755,0.0020260334,False,634,0.0024349642917513847,-0.002290363423526287,0.013443336822092533
179,649,12,2,-3.3516006469726562,0.0017884112,0.0010628318,False,601,0.0017949342727661133,-0.000616583798546344,0.0016859386814758182
179,783,15,2,-3.7814464569091797,0.011636324,-0.0052374746,False,753,0.0012457179836928844,0.0068071698769927025,-0.022435251623392105
179,860,17,2,-3.8492681980133057,0.0026458835,-0.0019846964,False,886,-0.0025862837210297585,-0.001016378402709961,-0.006200484931468964
179,888,17,2,-5.274376392364502,-0.018181382,-0.0023204326,False,871,0.009973573498427868,-0.0008900546818040311,0.026724576950073242
181,408,8,2,-4.090322971343994,-0.0066990135,-0.0014651871,False,419,0.0010402488987892866,0.0021223544608801603,0.004151721019297838
181,752,15,2,-3.3109164237976074,0.007286534,0.00044186116,False,779,0.004242958966642618,-0.0038894701283425093,0.001287756022065878
182,431,8,2,-4.406256675720215,-0.0017168904,0.00021137237,False,418,-0.007708868943154812,0.002055683173239231,-0.007836289703845978
182,940,18,2,-4.7520294189453125,-0.014652319,0.001861515,False,-1,,,
183,699,13,2,-4.146663188934326,-0.00996396,-0.004518862,False,663,-0.0008801555377431214,0.0018978214357048273,0.0026671215891838074
183,750,15,2,-3.3347625732421875,0.005398359,-0.0040151025,False,779,0.003410344012081623,-0.005578765645623207,-0.0004243524745106697
183,934,18,2,-4.1471171379089355,0.0014824485,0.0055376957,False,942,0.001111955614760518,-0.0012614727020263672,0.006428675726056099
183,961,19,2,-4.006258010864258,-0.0022082566,-0.0014490508,False,994,-0.0030058289412409067,-0.0008042717236094177,-0.0014423513785004616
184,121,2,2,-2.884535074234009,0.008489127,0.002309332,False,-1,,,
184,682,13,2,-3.708198308944702,0.008399186,-0.0054565333,False,659,0.005368175450712442,-0.0024004459846764803,-0.006087097339332104
184,819,16,2,-4.340796947479248,-0.0010661125,0.00383317,False,843,0.0004403781786095351,0.001801071222871542,0.003538589458912611
184,896,17,2,-4.0846967697143555,-0.007349,0.002132449,False,851,0.0003038787981495261,0.004960326943546534,0.004825000651180744
185,245,4,2,-3.573786973953247,0.007502775,0.0047884514,False,203,0.0030036401003599167,-0.0016951179131865501,0.001984434202313423
185,399,7,2,-4.204558849334717,-0.00044700623,0.002411461,False,396,-0.002745876321569085,0.002932367380708456,-0.0028197767678648233
185,481,9,2,-4.388404846191406,-0.004696703,-0.0045220186,False,492,-0.0032694435212761164,-0.006017989944666624,0.0029232308734208345
185,935,18,2,-4.121735095977783,0.0053139497,-0.0033623695,False,917,0.0038189697079360485,-0.0013710212660953403,-0.0034863282926380634
186,109,2,2,-3.9814352989196777,0.0057993317,-0.0029188918,False,111,0.0024244021624326706,0.002971553709357977,-0.009265374392271042
186,314,6,2,-3.9937002658843994,-0.006088133,0.00013991832,False,304,-0.0029922532849013805,-0.005021662916988134,0.008257460780441761
186,704,14,2,-4.2567243576049805,-0.007764993,0.0010283184,False,727,-0.0023938941303640604,-0.004317875020205975,0.010717292316257954
186,710,14,2,-3.5937483310699463,0.0014038659,0.0023554517,False,741,0.005074496380984783,0.0045446776784956455,0.0014814045280218124
186,781,15,2,-4.64070463180542,0.002640047,0.0014184475,False,772,0.004372358322143555,-0.0023980713449418545,0.005548830144107342
186,830,16,2,-4.458785533905029,-0.0036673164,-0.00024986267,False,834,0.0010369110386818647,0.001347017241641879,0.0031073475256562233
186,875,17,2,-4.127142429351807,0.010764608,0.005407629,False,858,0.00046109198592603207,0.003120031440630555,-0.008015918545424938
186,985,19,2,-3.6964571475982666,0.0049014045,-0.0045399284,False,951,0.0010079764761030674,-0.0004500150680541992,-0.007983341813087463
187,32,0,2,-3.4167840480804443,0.005024161,0.005505147,False,14,0.008170723915100098,0.0035209893248975277,0.00513072032481432
187,86,1,2,-4.56226110458374,-0.0125601245,-0.009357405,False,82,-0.005232210271060467,-0.005119581241160631,0.003090090584009886
187,211,4,2,-4.946417808532715,-0.023030816,0.005281057,False,205,-0.00873116496950388,0.007024774327874184,0.012555932626128197
187,406,8,2,-4.143065452575684,-0.004387832,0.004988923,False,411,-0.002302904147654772,0.0032169772312045097,0.003856873605400324
187,798,15,2,-4.530468463897705,-0.0028185463,0.006489458,False,774,-0.0026216411497443914,-0.00561072351410985,0.012297087348997593
187,825,16,2,-4.587072849273682,-0.00036878587,0.0045274924,False,831,-0.0029912376776337624,0.005877723917365074,-0.003972683101892471
188,31,0,2,-4.220819473266602,-0.008642125,0.0009394455,False,33,-0.001163749722763896,-0.0039616296999156475,0.012379450723528862
188,50,1,2,-3.7941462993621826,-0.0016908789,-0.0015951872,False,81,-0.007297639735043049,-0.005970139522105455,-0.0012318085646256804
188,94,1,2,-5.294094085693359,-0.0017448044,4.825592e-06,False,-1,,,
188,229,4,2,-3.4080090522766113,0.009689307,2.3760796e-05,False,203,0.005267610773444176,-0.002522697439417243,-0.001875237561762333
188,876,17,2,-4.617125034332275,-0.0030982017,0.00922328,False,889,-0.002266025636345148,0.0052993204444646835,0.0047561354003846645
188,924,18,2,-4.262057304382324,-0.003644762,-0.0044873045,False,937,0.0035540962126106024,-0.0018940162844955921,0.004605569876730442
189,641,12,2,-4.548654556274414,0.00849289,0.0003876686,False,648,-0.0028461264446377754,0.003404865274205804,-0.014356212690472603
189,792,15,2,-2.683351993560791,0.017214136,-0.00013157367,False,-1,,,
189,867,17,2,-4.202874183654785,0.0040953443,-0.001854477,False,859,0.001016159076243639,0.0030666447710245848,-0.008000306785106659
189,913,18,2,-4.628747940063477,-0.0018076706,-0.0030125903,False,900,-0.00016247748862951994,-7.021903729764745e-05,-0.0012971782125532627
190,253,5,2,-4.106966972351074,0.0017489529,0.0010048485,False,279,-0.0007709407946094871,-0.00041426660027354956,-0.001100778579711914
190,806,16,2,-4.894903659820557,-0.01441452,-0.0017909622,False,824,-0.0019205856369808316,0.0038608741015195847,0.006842098198831081
192,59,1,2,-5.431706428527832,-0.016612254,0.010814438,False,96,-0.01392423640936613,0.005782480351626873,0.0077199749648571014
192,73,1,2,-4.331048011779785,-0.007707081,-0.00026535033,False,78,-0.008460321463644505,-0.0055177784524858,0.0044991872273385525
192,673,13,2,-3.8494129180908203,-0.0043094205,-0.008241215,False,690,-1.2216568393341731e-05,-0.0008224344346672297,-0.0031215765047818422
192,960,19,2,-3.8053858280181885,-0.0010088444,0.003304572,False,986,0.00026085853460244834,0.0004335737321525812,0.0041407011449337006
193,93,1,2,-0.8027204871177673,0.015983745,-0.004717082,False,-1,,,
193,948,18,2,-3.718104839324951,-0.0012246943,0.0007924986,False,931,0.004466133192181587,0.00022080421331338584,0.00626252219080925
196,64,1,2,-5.698737144470215,-0.017773485,0.004372997,False,96,-0.011685362085700035,0.008817911148071289,0.0016432087868452072
196,74,1,2,-5.0387067794799805,-0.0014717006,0.0043211174,False,-1,,,
196,220,4,2,-4.301321983337402,-0.003448248,0.008296213,False,226,0.0066915894858539104,-0.006859302520751953,0.025295354425907135
196,578,11,2,-3.1220386028289795,0.00839417,-0.0033649493,False,571,0.0024749040603637695,-0.0023856020998209715,-0.006898612715303898
196,848,16,2,-4.23605489730835,-0.0055187177,-0.0015494346,False,815,-0.00035664558527059853,-0.0020060348324477673,0.005618671886622906
196,865,17,2,-3.7960703372955322,0.005865989,-0.0055343104,False,895,-0.001153483404777944,0.0019123601960018277,-0.014466142281889915
198,46,0,2,-4.3141279220581055,-0.006083927,0.0032397842,False,33,-0.003574895905330777,-0.0002772045263554901,0.006026020273566246
198,240,4,2,-4.18970251083374,6.0329436e-05,-0.0008756161,False,239,0.0031000517774373293,0.01173851452767849,-0.009574408642947674
198,645,12,2,-3.1760430335998535,0.010083351,0.0036480094,False,601,0.0015552425757050514,-0.002209844533354044,-0.002670255023986101
198,665,13,2,-3.598588228225708,0.0038216878,0.008908739,False,655,-0.0026333522982895374,-0.005788760259747505,0.00824245996773243
198,735,14,2,-4.412108898162842,-0.011439867,-0.00418004,False,721,-0.0007685756427235901,0.00025747300242073834,0.006233778316527605
198,794,15,2,-4.38294792175293,-0.0040460206,-0.0012236119,False,759,-0.000287122733425349,-0.001866407343186438,0.004401693120598793
198,829,16,2,-4.383164882659912,-0.00023378372,0.002207651,False,834,0.004234428517520428,0.0004937935154885054,0.006182069890201092
198,866,17,2,-4.72750997543335,-0.0026764774,0.002735653,False,854,0.0009317779331468046,-0.005103912204504013,0.01144782081246376
199,80,1,2,-5.667900085449219,-0.005967722,-0.0031857968,False,96,-0.01147520076483488,0.009350747801363468,-0.01804402284324169
199,149,2,2,-4.426265239715576,-0.00024468423,0.002576971,False,128,-0.004550123121589422,-0.003380994778126478,0.0016525269020348787
199,661,13,2,-4.754130840301514,-0.0108994,-0.00501214,False,678,0.0038789082318544388,-5.9728623455157503e-05,0.009825896471738815
199,755,15,2,-4.595685005187988,0.006369009,-0.0073021795,False,772,0.001185884466394782,-0.0024015712551772594,-0.01008373312652111
201,221,4,2,-3.4019782543182373,0.0052372646,0.0029544306,False,214,-0.000563554756809026,0.0013155079213902354,-0.004161896649748087
201,523,10,2,-4.014036655426025,-8.731842e-05,-0.0002372837,False,546,-0.0012734555639326572,-0.0004443740763235837,-0.0009790468029677868
202,785,15,2,-3.879794120788574,-0.004701009,-0.0034115696,False,753,-0.001903481432236731,0.003264942206442356,-0.00387898413464427
202,805,16,2,-3.948742151260376,0.0002532768,-0.0074296235,False,839,-0.00129147048573941,0.0010895204031839967,-0.010063891299068928
203,42,0,2,-4.136584281921387,0.011003762,0.015893588,False,11,-0.0009072399116121233,-0.01005352009087801,0.014036106877028942
203,786,15,2,-4.067117214202881,-0.0027675866,0.00076530455,False,780,0.0029910230077803135,-0.001855769194662571,0.008379682898521423
204,89,1,2,-3.923171043395996,0.003711853,0.008840957,False,51,0.0007573747425340116,0.006083841435611248,-0.00019736308604478836
204,383,7,2,-3.895674228668213,-0.0017791224,0.0012986326,False,367,-0.0019077968318015337,-0.0005057334783487022,0.0016756916884332895
205,62,1,2,-4.665443420410156,0.0054432773,0.004828787,False,71,-0.009918575175106525,0.0035459708888083696,-0.014079036191105843
205,504,10,2,-4.002734661102295,0.0004555607,-0.0013715363,False,517,-0.002801814116537571,6.556987500516698e-05,-0.004694480914622545
207,67,1,2,-5.0780930519104,0.00039258003,-0.0028548145,False,-1,,,
207,334,6,2,-4.103707790374756,0.00341609,0.00077762606,False,309,-0.0004520511720329523,-0.0008686447399668396,-0.0022218702360987663
208,0,0,2,-4.7229323387146,-0.007399597,0.00016184807,False,5,-0.009976339526474476,0.0042643737979233265,-0.006679268553853035
208,161,3,2,-3.5811846256256104,0.0013086605,0.00020535947,False,153,-0.0003052187093999237,0.002305574482306838,-0.0037140941713005304
208,236,4,2,-3.5803699493408203,-0.006452136,-0.012816438,False,214,-0.0016618823865428567,0.002834649058058858,-0.010860834270715714
208,760,15,2,-3.457200527191162,0.009908471,-0.010579858,False,775,0.001270074862986803,-0.001451516174711287,-0.017766738310456276
211,234,4,2,-4.033105373382568,0.0015694046,-0.001871748,False,238,-0.001621193834580481,0.0025160741060972214,-0.007578420452773571
211,920,18,2,-4.121988296508789,-0.005456066,-0.0006896019,False,919,0.0007710170466452837,0.0024959277361631393,0.003041553543880582
212,22,0,2,-3.898944616317749,-0.006954689,0.0007803488,False,23,0.0005955362576059997,-0.006910528987646103,0.015241103246808052
212,145,2,2,-4.335597515106201,-0.006329832,0.0014404964,False,132,-0.0018739127553999424,0.0012898349668830633,0.0046065812930464745
212,624,12,2,-3.760958671569824,0.0036516094,-0.004374161,False,615,-0.0003488349902909249,0.007543401792645454,-0.015918007120490074
212,910,18,2,-3.7861781120300293,-0.0016677618,-0.0012271929,False,914,0.00015684128447901458,0.00156574253924191,-0.000968332402408123
213,582,11,2,-4.185495376586914,-0.0075810193,-0.0003406811,False,590,-0.001027336111292243,-0.0006778049282729626,0.0068908073008060455
213,679,13,2,-3.271665573120117,0.005193734,0.0012554121,False,687,0.006211027968674898,-0.000614275922998786,0.0028869817033410072
215,57,1,2,-4.15779972076416,-8.049965e-05,0.002314644,False,-1,,,
215,748,14,2,-3.609778881072998,-0.0026851606,-0.000960083,False,723,0.003137888852506876,0.004381523001939058,0.00048144347965717316
216,476,9,2,-4.621911525726318,0.0033371544,0.000510025,False,493,-0.000423030840465799,0.002766933524981141,-0.006017093546688557
216,594,11,2,-4.2822160720825195,-0.00038996697,-0.002536583,False,561,0.00010640144319040701,-0.0005033874767832458,-0.001536827185191214
216,639,12,2,-3.703059673309326,0.002692547,0.00079512596,False,615,-0.0003623819211497903,0.0074117230251431465,-0.009671526029706001
216,771,15,2,-4.487444877624512,-0.0056304075,0.0034364986,False,773,-0.0003297710500191897,-0.0022910975385457277,0.011028232052922249
217,262,5,2,-3.950312852859497,-0.0015637255,0.00032651902,False,251,0.00011010169691871852,-0.00022752762015443295,0.0022278737742453814
217,891,17,2,-3.648573637008667,0.0063504027,-0.0041622687,False,895,0.008568706922233105,-0.007132096216082573,0.005188130773603916
218,207,4,2,-4.034124374389648,-0.0008530188,-0.0037243366,False,235,0.003158082952722907,0.006106371991336346,-0.0058196065947413445
218,927,18,2,-3.7871737480163574,0.0052819345,-0.008743525,False,936,-0.002121772849932313,-0.005132117308676243,-0.01101511437445879
219,40,0,2,-4.351955413818359,0.0028471756,-0.0026423836,False,33,0.0039115906693041325,-0.003215789794921875,0.001637821551412344
219,146,2,2,-3.930499315261841,-0.003974352,-0.0006312084,False,103,0.0008962631109170616,0.0013172626495361328,0.0029221440199762583
219,232,4,2,-4.538984298706055,-0.005572119,-0.0072877216,False,226,0.005300731863826513,0.0022185230627655983,0.00136660598218441
219,237,4,2,-4.010119438171387,-0.008835487,0.0004844141,False,238,-0.0008786630351096392,0.0009388160542584956,0.007502422668039799
219,513,10,2,-3.8834714889526367,-0.0007000923,-0.00025516032,False,547,0.002319593448191881,0.001554184011183679,0.0012103414628654718
219,516,10,2,-3.796720504760742,0.0012701511,-0.0011125755,False,536,0.0015227937838062644,-0.0005700969486497343,-0.00028983596712350845
219,763,15,2,-4.254867076873779,-0.0069119977,-0.0026178837,False,796,-0.0005795002216473222,-0.012291841208934784,0.016006454825401306
219,812,16,2,-3.6240580081939697,0.001962037,-0.0013583231,False,809,9.890556248137727e-05,-0.004791107028722763,0.0015696524642407894
220,152,3,2,-4.059340476989746,-0.0015501833,-0.008157692,False,159,0.003145942697301507,0.0029336356092244387,-0.006395201664417982
220,160,3,2,-3.7526423931121826,0.007855964,-0.0014760351,False,178,-0.0018421316053718328,-0.0010939454659819603,-0.0100801857188344
220,475,9,2,-4.955170631408691,-0.0072137835,-0.018035822,False,488,-0.006918353959918022,0.011096897535026073,-0.028837289661169052
220,598,11,2,-3.8086740970611572,0.002422633,-0.0035904646,False,576,0.002042799023911357,0.001026043901219964,-0.004996342584490776
222,70,1,2,-3.4077353477478027,-3.373146e-05,0.0029801368,False,-1,,,
222,171,3,2,-4.333744049072266,-0.0029376699,-0.00081537245,False,190,0.0015696525806561112,-0.00014926910807844251,0.0038412190042436123
223,24,0,2,-4.281728744506836,-0.010725278,0.00037312508,False,33,0.002284955931827426,-0.00034116744063794613,0.013724526390433311
223,56,1,2,-4.720657825469971,-0.01252492,-0.0001454258,False,71,-0.00682907085865736,0.005825481377542019,-0.00027505867183208466
223,216,4,2,-3.6283483505249023,0.0136192795,-0.0025888158,False,214,0.0014105510199442506,0.0016230869805440307,-0.016420630738139153
223,290,5,2,-3.784121036529541,-0.00044355393,0.00012238025,False,276,0.0018541287863627076,-0.00037369728670455515,0.00279376027174294
223,495,9,2,-3.8407092094421387,-0.012492785,-0.0038714122,False,453,-0.0004891490680165589,-0.0024589919485151768,0.010591216385364532
223,666,13,2,-3.839618444442749,-0.004318204,5.3310396e-06,False,650,0.005868639796972275,0.006336021237075329,0.003856153227388859
226,69,1,2,-5.267059803009033,-0.007294884,0.0017652893,False,-1,,,
226,990,19,2,-4.405696868896484,-0.0013161087,-0.001228075,False,972,-0.005498247221112251,0.0006363582797348499,-0.006046571768820286
227,243,4,2,-4.372550964355469,-0.007597437,0.0039927675,False,246,0.0026279641315340996,0.00717194564640522,0.007046223618090153
227,378,7,2,-3.4757471084594727,-0.00081799505,-0.0009860373,False,376,0.003863272722810507,0.00022283554426394403,0.003472395008429885
228,83,1,2,-4.626392364501953,-0.014538307,0.004949236,False,71,-0.007722749840468168,0.0010243034921586514,0.010740489698946476
228,795,15,2,-4.007828712463379,0.0016463376,-0.008077974,False,757,0.0016365433111786842,-0.008571138605475426,0.0004833703860640526
230,597,11,2,-3.736767053604126,0.005210433,-0.0055040787,False,554,0.004240436479449272,-0.0035454463213682175,-0.002928629517555237
230,945,18,2,-4.328676223754883,-0.006519289,-0.0012054252,False,901,0.0015995216090232134,-0.0043405150063335896,0.011253900825977325
231,95,1,2,-4.956374645233154,-0.019852633,0.00042315482,False,98,-0.012123499065637589,-0.003133706981316209,0.011285996064543724
231,352,7,2,-3.8644556999206543,0.0019722749,0.000509758,False,389,-0.0019657707307487726,0.0017418861389160156,-0.005170173943042755
232,92,1,2,-4.630738258361816,-0.0036833668,-0.00638052,False,76,-0.009832735173404217,-0.006143741775304079,-0.006386146415024996
232,350,7,2,-4.475592613220215,-0.0040754033,-0.0010531807,False,361,-0.00444934843108058,0.004342508502304554,-0.005769633688032627
232,662,13,2,-4.076523780822754,0.008448725,0.0048350953,False,663,0.0019622230902314186,-0.0019013786222785711,0.00024997233413159847
232,833,16,2,-4.127253532409668,-0.00394464,-0.013440628,False,828,0.0021049499046057463,-0.0021509742364287376,-0.0052400631830096245
234,49,0,2,-4.198416233062744,-0.0041927435,0.002532873,False,41,-0.008212514221668243,-0.012702150270342827,0.011215252801775932
234,644,12,2,-3.475022077560425,0.0020816755,-0.0009830046,False,614,0.004062671680003405,0.009853663854300976,-0.008855672553181648
237,8,0,2,-5.174298286437988,-0.009977789,0.0009924126,False,43,-1.4514923350361641e-05,0.006663637235760689,0.0042920489795506
237,61,1,2,-4.141127109527588,0.0021102238,-0.012688284,False,-1,,,
237,102,2,2,-4.0415191650390625,0.003584547,-0.0006622982,False,106,0.0025475788861513138,0.00010182380356127396,-0.0018010898493230343
237,301,6,2,-3.7682721614837646,-0.0023234654,-0.008339142,False,319,0.0020566796883940697,-0.0002276897430419922,-0.0037313075736165047
237,756,15,2,-4.88804817199707,0.009329348,-0.0011229706,False,774,-0.00561072351410985,-0.003342266194522381,-0.012720776721835136
237,836,16,2,-3.145399570465088,-0.0034896135,-0.0010963344,False,827,0.0008341217180714011,-0.018910856917500496,0.022138258442282677
238,21,0,2,-2.9392597675323486,-0.00465168,-0.0035098887,False,-1,,,
238,725,14,2,-3.522547721862793,0.0044500018,0.0017425918,False,738,-0.002717013470828533,0.0008449411252513528,-0.00626936461776495
239,36,0,2,-3.983973979949951,-0.00186615,-0.00613904,False,23,-0.0035745573695749044,-0.004911231808364391,-0.002936215838417411
239,52,1,2,-4.596505641937256,-0.004715967,0.017333021,False,76,-0.0024073696695268154,-0.004765672609210014,0.024407289922237396
239,66,1,2,-5.577036380767822,-0.0044708634,-0.0077692415,False,54,0.003881273325532675,0.00043200491927564144,0.00015089032240211964
239,248,4,2,-3.821239709854126,-0.0010714579,-0.00084415433,False,247,0.0026359271723777056,-0.006636447738856077,0.009499678388237953
239,557,11,2,-3.498418092727661,0.003909507,-0.0041742134,False,569,0.0014579009730368853,-0.0038824749644845724,-0.002743343822658062
239,660,13,2,-3.710439443588257,0.006695981,0.0005398512,False,659,-0.0012236976763233542,0.00015584945504087955,-0.007535676937550306
239,863,17,2,-4.091634750366211,0.00770607,-0.0016836071,False,864,-0.002250413876026869,-0.00913329143077135,-0.002506799530237913
239,939,18,2,-3.2870588302612305,0.0057494547,0.00042618753,False,911,0.00413062097504735,-0.002581481821835041,0.001388835720717907
243,167,3,2,-3.7759804725646973,0.0011626434,0.0017861223,False,166,6.693840259686112e-05,-0.0032961987890303135,0.003986616153270006
243,249,4,2,-3.6687850952148438,-0.008189039,-0.004580021,False,228,0.0008423948311246932,-0.0008126878528855741,0.005264101084321737
244,90,1,2,-4.173498153686523,0.0047826767,-0.009024296,False,71,0.004151391796767712,-0.010377378202974796,0.0007217973470687866
244,675,13,2,-3.870694875717163,0.0012774229,0.0015970039,False,655,-0.006902756635099649,-0.00206647883169353,-0.004516697023063898
244,699,13,2,-4.539007663726807,-0.007449932,-0.001250143,False,694,-0.0038077067583799362,-0.00224131578579545,0.0046333977952599525
244,769,15,2,-3.745596170425415,0.005577054,-0.00039662363,False,780,0.004702138714492321,-0.009965748526155949,0.008694209158420563
245,78,1,2,-4.825119972229004,-0.009122763,0.0016980171,False,98,-0.001328048761934042,-0.004863157402724028,0.014355888590216637
245,201,4,2,-4.381479740142822,0.0006309891,-0.0025438403,False,224,0.0015989780658856034,0.003519191639497876,-0.0050950427539646626
245,434,8,2,-3.6526241302490234,0.00077824114,0.0017261839,False,429,0.00013842106272932142,-0.00174541468732059,0.0028317784890532494
245,702,14,2,-4.007078647613525,-0.004154968,0.0012411689,False,701,0.003223090199753642,-0.0028423548210412264,0.011461582034826279
246,405,8,2,-4.0121965408325195,0.0037103938,-0.004633627,False,445,0.001434912672266364,0.0018139600288122892,-0.008723068051040173
246,842,16,2,-4.285048484802246,-0.004252882,-0.010371856,False,834,0.0008773708250373602,-0.007618904113769531,0.00237730098888278
249,242,4,2,-3.1959197521209717,0.007828102,0.00983491,False,231,-0.0010738325072452426,0.000856962229590863,7.601268589496613e-05
249,470,9,2,-3.7771148681640625,0.01721218,0.002840166,False,471,0.0030640936456620693,-0.005568418651819229,-0.005739501677453518
249,791,15,2,-3.3572499752044678,0.011707812,0.00705709,False,770,0.006314578000456095,0.0006698179058730602,0.0009940383024513721
249,822,16,2,-3.7059645652770996,0.003138337,-0.015448303,False,832,0.006352591328322887,-0.0007906770915724337,-0.011443370953202248
249,845,16,2,-3.9738552570343018,-0.0027965498,-0.0025268698,False,803,0.0004729366337414831,-0.0005365181132219732,0.0012791347689926624
249,847,16,2,-3.6078498363494873,-0.0036168385,0.0035031557,False,816,-0.004162273369729519,-0.005518398247659206,0.008476119488477707
251,79,1,2,-4.869124889373779,0.0014846516,0.007550516,False,-1,,,
251,444,8,2,-4.17205286026001,0.0022880458,0.0016261959,False,438,-0.0020553970243781805,0.0030499363783746958,-0.005767183378338814
251,792,15,3,-2.6732637882232666,-0.0019995165,0.004012246,False,793,0.014904594048857689,-0.0012908983044326305,0.02220725640654564
252,27,0,2,-4.275119781494141,-0.0007536888,0.008963198,False,23,-0.01028330810368061,-0.0015884303720667958,0.0010220091789960861
252,82,1,2,-5.102467060089111,-0.008727856,0.006166296,False,-1,,,
252,364,7,2,-3.8427820205688477,0.0025279664,0.000117235184,False,390,-0.0004318523278925568,0.003149585798382759,-0.005992169491946697
252,640,12,2,-4.023414134979248,0.0015808678,-0.0010741424,False,621,-0.003963355906307697,0.002844638889655471,-0.009463004767894745
253,60,1,2,-3.102374315261841,0.0062504625,0.019059548,False,-1,,,
253,433,8,2,-4.163057804107666,-0.005836749,-5.7153702e-05,False,438,-0.0021110058296471834,0.0033594369888305664,0.0003091525286436081
254,94,1,2,-4.844569683074951,0.0102880765,-0.004222231,False,76,-0.0071157836355268955,0.0005328273982740939,-0.022158918902277946
254,454,9,2,-4.038692951202393,-0.0061206724,-0.0019009591,False,474,-0.005543561186641455,0.005680050700902939,-0.007003898732364178
254,592,11,2,-4.101815223693848,0.0029870225,0.0007070446,False,567,5.370140206650831e-05,0.0003138637403026223,-0.0025401401799172163
254,851,17,2,-4.031986236572266,-0.003440876,0.011410704,False,886,-0.006673870142549276,-1.697540210443549e-05,0.008194684982299805
258,683,13,2,-4.0188307762146,-0.008253541,-0.005351105,False,680,0.004391736816614866,0.000911550538148731,0.006382622290402651
258,921,18,2,-3.42844295501709,0.004536562,-0.0016832399,False,907,-0.001959829358384013,0.003013134002685547,-0.011192765086889267
259,6,0,2,-3.932216167449951,-0.0003246355,0.0035558844,False,18,0.001545543665997684,-0.0020120334811508656,0.007438097149133682
259,72,1,2,-2.834676742553711,0.012352442,-0.014200863,False,-1,,,
259,155,3,2,-3.801060199737549,0.0019572496,-0.0037804842,False,166,-0.0017966509331017733,-0.0017189121572300792,-0.005815472919493914
259,170,3,2,-3.67826771736145,0.007247224,0.005336981,False,191,-0.002164650009945035,-0.0019009351963177323,-0.0021739578805863857
259,458,9,2,-5.058983325958252,-0.009587536,-0.00871562,False,465,0.009325389750301838,0.0014144896995276213,0.00878281518816948
259,801,16,2,-3.783583879470825,0.004518237,-0.004368453,False,814,-0.006155433598905802,-0.0075450800359249115,-0.007497042883187532
260,75,1,2,-2.8782870769500732,0.013010673,0.0023169136,False,-1,,,
260,420,8,2,-3.4313085079193115,0.0016415501,-0.0047417786,False,417,-0.0004365634813439101,-0.001441469183191657,-0.005378423258662224
260,456,9,2,-4.330118656158447,-0.008624725,-0.0020410537,False,467,0.0018596076406538486,-0.004876117687672377,0.013319396413862705
260,534,10,2,-3.9302172660827637,0.00021553993,-0.0016322709,False,530,-0.0013032532297074795,0.0012542057083919644,-0.0044052693992853165
262,457,9,2,-3.646435260772705,-0.0019898082,-0.008019304,False,450,-4.2338371713412926e-05,0.005514826625585556,-0.011586660519242287
262,785,15,2,-4.549990177154541,-0.012417292,0.025235228,False,761,-0.0021355056669563055,-0.01033114455640316,0.04584816098213196
263,189,3,2,-4.025999069213867,-0.0074781845,0.0018227053,False,174,-0.007069654297083616,0.003700160887092352,-0.0014689257368445396
263,651,13,2,-3.4608280658721924,0.00091032503,-0.005745592,False,650,0.008511724881827831,-0.003927416633814573,0.0057832240127027035
264,67,1,2,-5.015259742736816,0.002402029,-0.006856966,False,76,-0.0068178558722138405,-0.0021514033433049917,-0.013925447128713131
264,80,1,2,-5.042183876037598,0.012962513,-0.004588423,False,-1,,,
264,496,9,2,-3.797137498855591,-0.0013304949,-0.0057252645,False,471,0.0003641319344751537,0.004107451532036066,-0.008138089440762997
264,956,19,2,-3.9274978637695312,-0.0024596166,-0.0011067534,False,983,0.0009607028914615512,0.0016418361337855458,0.0006717300275340676
265,455,9,2,-5.096407413482666,-0.0022640133,0.004850092,False,465,0.006364183500409126,0.003194875782355666,0.010283412411808968
265,696,13,2,-5.208148956298828,-0.019686861,0.0015243817,False,-1,,,
266,778,15,2,-5.278980255126953,-0.016676053,0.0039875414,False,782,-0.0018926429329439998,-0.010327015072107315,0.029097966849803925
266,998,19,2,-3.9427649974823,0.0015299845,0.004860673,False,967,0.000699648866429925,-0.0007373333210125566,0.004767670761793852
267,212,4,2,-3.496983766555786,0.0007468081,-0.003647933,False,239,0.008041649125516415,0.0056748054921627045,-0.0020278976298868656
267,917,18,2,-4.554873466491699,-0.009701405,-0.001946392,False,901,-0.0012015342945232987,0.0009054660913534462,0.005648012273013592
268,2,0,2,-3.865894079208374,0.016158843,-0.007225661,False,18,0.00386218074709177,-0.002707257168367505,-0.01681506633758545
268,441,8,2,-4.3857197761535645,-0.003752117,0.0017289543,False,401,-0.00025433540577068925,0.0007708072662353516,0.004455928690731525
268,938,18,2,-4.803430080413818,-0.0070502567,-0.0023426246,False,909,-0.0007550144218839705,-0.0013780880253762007,0.005330705549567938
268,942,18,2,-3.802517890930176,0.0067398073,-0.0066352747,False,931,0.002024154644459486,0.00014271735562942922,-0.011493644677102566
269,96,1,2,-5.635853290557861,-4.6072008e-05,-0.0052838135,False,97,0.0039511010982096195,0.004599523730576038,-0.005886164028197527
269,481,9,2,-4.553657054901123,-0.0020846082,-0.0023133564,False,497,-1.5783309208927676e-05,0.0013823031913489103,-0.0016268347389996052
270,3,0,2,-4.138931751251221,-0.00438519,-0.012407026,False,19,0.0018733310280367732,0.0025045585352927446,-0.008653063327074051
270,65,1,2,-5.626431941986084,0.0069564343,-0.0008305359,True,97,0.00740361213684082,0.0028009223751723766,-0.0031842803582549095
270,202,4,2,-4.547383785247803,-0.01027627,0.0012412929,False,209,-0.0035212612710893154,-0.0033279038034379482,0.011324205435812473
270,472,9,2,-4.16504430770874,-0.0019499874,-0.005315685,False,460,0.004232845269143581,0.00484868511557579,-0.003981537651270628
270,562,11,2,-4.217759609222412,0.0027764416,0.001867485,False,589,-0.000993442488834262,0.00041733740363270044,-0.0023197364062070847
270,630,12,2,-4.751674175262451,-0.0004838562,-0.0020776272,False,604,0.0005180549342185259,-0.0036920642014592886,0.002616348210722208
271,99,1,2,-4.1262407302856445,0.009441509,-0.008598547,False,63,-0.001877098111435771,0.0005647754878737032,-0.020481931045651436
271,168,3,2,-4.110922813415527,-0.0042135096,0.0013426208,False,154,0.001618022914044559,-0.004282884765416384,0.01145703811198473
271,233,4,2,-4.860115051269531,0.0030033397,-0.005324297,False,230,-0.007770108990371227,0.0020536137744784355,-0.018151359632611275
271,802,16,2,-1.3805720806121826,0.05043452,-0.0028828168,False,-1,,,
273,55,1,2,-3.7637624740600586,-0.0015886497,-0.0026794386,False,-1,,,
273,408,8,2,-4.309494972229004,-0.003649683,0.0013902283,False,418,-0.00027871131896972656,0.0014596462715417147,0.003301553661003709
273,492,9,2,-4.43823766708374,0.0028007699,-0.0024495316,False,467,0.0007932377047836781,-0.0034443186596035957,-0.0010127448476850986
273,930,18,2,-3.7366271018981934,0.0076183225,0.004038606,False,944,0.0019740916322916746,-0.0010446644155308604,-0.0005609607324004173
278,206,4,2,-4.891393661499023,-0.01279007,0.009034166,False,204,0.006004638504236937,0.0039728544652462006,0.023856021463871002
278,251,5,2,-3.9285590648651123,0.00080937863,-0.0020566892,False,278,0.00017331600247416645,-0.0024570084642618895,-0.00023574335500597954
278,310,6,2,-3.636768102645874,0.0055615045,0.0016221142,False,345,-0.0009555244469083846,-0.0016710043419152498,-0.003223910229280591
278,665,13,2,-3.5416276454925537,-0.0074998806,-0.0022378445,False,671,-0.0008698415476828814,0.0028738784603774548,0.0015183158684521914
278,772,15,2,-5.4328155517578125,-0.015263033,-0.0051447297,False,782,-0.0053023528307676315,-0.008081541396677494,0.0128974923864007
278,912,18,2,-3.238347291946411,0.005453291,0.0006940365,False,907,0.0029652738012373447,5.8550835092319176e-05,-0.0018525314517319202
279,59,1,2,-5.096053123474121,-0.0009048557,0.010030641,False,76,-0.007942896336317062,0.004874878097325563,-0.0018822774291038513
279,437,8,2,-4.117076873779297,0.006076517,-0.00010682106,False,409,-0.0006085014319978654,0.001969575881958008,-0.008761415258049965
279,577,11,2,-4.482463359832764,-0.0049109743,0.0070165824,False,596,0.006644659209996462,-0.0005999755812808871,0.019172191619873047
279,766,15,2,-4.670764923095703,-0.0010010529,0.01350635,False,784,-0.0076213739812374115,-0.006721763405948877,0.013607792556285858
280,48,0,2,-5.235486030578613,-0.0071006487,-0.0027942753,False,34,-0.0035516833886504173,0.004746084101498127,-0.003991394303739071
280,109,2,2,-3.860759735107422,0.0051918887,0.005981145,False,107,2.0112991478526965e-05,-0.006985368672758341,0.007794737815856934
280,152,3,2,-4.520499229431152,-0.008317099,0.001140089,False,195,-0.0036830329336225986,-0.0016752529190853238,0.0074494075961411
280,862,17,2,-4.1483845710754395,0.009914704,0.001785841,False,857,-0.0018102360190823674,0.00834002997726202,-0.018279127776622772
281,480,9,2,-3.691838264465332,-0.0034296846,0.01068944,False,487,0.0005831861635670066,0.004054403398185968,0.010647907853126526
281,672,13,2,-3.656188488006592,-0.00060730934,0.0077191684,False,657,0.006474399473518133,0.005782380234450102,0.009018496610224247
284,211,4,2,-3.9055652618408203,0.01671383,-0.0007550049,False,210,-0.0040658568032085896,0.0033698605839163065,-0.024904552847146988
284,395,7,2,-3.9556777477264404,0.0034995126,-0.0009010935,False,391,0.0029112910851836205,-0.0011179829016327858,-0.0003713322803378105
285,50,1,2,-3.6123788356781006,0.004235134,0.0046708966,False,51,-0.004113106522709131,-0.004328303504735231,0.0006509595550596714
285,798,15,2,-4.848015785217285,-0.0130556105,-0.0010616588,False,796,-0.009611835703253746,0.0005112075596116483,0.0018709087744355202
286,81,1,2,-4.626427173614502,-0.012625942,-0.005693779,False,76,-0.00762456888332963,0.004894447512924671,-0.005586853716522455
286,88,1,2,-4.017677307128906,-0.01380599,-0.008912831,False,77,0.001068978337571025,-0.009538178332149982,0.015500316396355629
286,482,9,2,-3.2394843101501465,0.0070271683,-0.0062920474,False,484,0.004155469126999378,-0.008134097792208195,-0.0010296488180756569
286,667,13,2,-3.486769676208496,-0.004476247,0.0004056692,False,693,0.001771254581399262,-0.0041676852852106094,0.01082085631787777
286,889,17,2,-4.491008758544922,-0.0019493198,-0.00484931,False,864,-0.007749414537101984,-0.004491252824664116,-0.006158151663839817
286,949,18,2,-4.04694938659668,0.0076245214,-0.002590027,False,928,-0.001131458324380219,-0.002535104751586914,-0.008810902014374733
287,328,6,2,-3.0200846195220947,0.033320986,0.0062460992,False,325,0.0033058214467018843,-0.0009836292592808604,-0.022785436362028122
287,430,8,2,-4.538449287414551,-0.004071636,0.0011570072,False,400,-0.0014059734530746937,0.00519249914214015,-0.0013698292896151543
289,136,2,2,-4.287439346313477,0.0037669563,0.0067622946,False,132,-0.0009295654017478228,-0.006106157321482897,0.008171929977834225
289,758,15,2,-4.2465643882751465,-0.018940259,-0.005181341,False,780,-0.007579541299492121,-0.012093991972506046,0.01827336847782135
291,84,1,2,-4.93677282333374,-0.00745883,0.0099171065,False,71,-0.011584729887545109,0.0064787957817316055,-0.0006875898689031601
291,648,12,2,-4.598133087158203,-0.00466238,-0.0039307023,False,603,-0.005581274162977934,0.004152374342083931,-0.00900197122246027
291,686,13,2,-3.483729362487793,0.008384986,0.00054763316,False,693,0.0009484958718530834,-0.0052968356758356094,-0.001592020969837904
291,757,15,2,-4.261436939239502,0.00071136473,-0.001930561,False,780,-0.00775070209056139,-0.012755002826452255,0.0023623749148100615
291,786,15,2,-3.9632301330566406,-0.00279346,0.0022310878,False,789,-0.004807453136891127,-0.007100100629031658,0.007317195180803537
291,890,17,2,-5.155388355255127,-0.016577568,-0.011761389,False,-1,,,
292,62,1,2,-4.332374095916748,0.00047095297,-0.0073025227,False,63,-0.007182254921644926,0.00584970461204648,-0.02080543525516987
292,275,5,2,-3.863109588623047,0.0017705298,0.0012702417,False,257,-0.002642683917656541,0.000996336922980845,-0.00413930881768465
293,86,1,2,-5.163146018981934,0.00013456345,0.012780695,False,-1,,,
293,178,3,2,-4.064993858337402,-0.00845932,-0.0028516673,False,156,-0.003229703987017274,-0.003819599049165845,0.006197548005729914
293,779,15,2,-3.3953964710235596,0.0034200381,-0.0048822737,False,797,0.0038539408706128597,0.0064580487087368965,-0.010906420648097992
293,869,17,2,-3.459451675415039,0.0051255655,-0.0036231184,False,870,0.0003228092100471258,-0.003829307621344924,-0.0045965672470629215
296,334,6,2,-3.6472723484039307,0.008569703,-0.0044222404,False,345,-0.005052313674241304,0.0016039800830185413,-0.019648239016532898
296,721,14,2,-4.397217273712158,0.0001045227,-0.0007624435,False,711,-0.004778346978127956,-0.004842462483793497,-0.0008028506999835372
297,45,0,2,-4.250974178314209,-0.008882036,-0.011577978,False,1,-0.003807821311056614,-0.0006777763483114541,-0.0058259861543774605
297,68,1,2,-4.402395725250244,0.0138062285,-0.00236928,False,-1,,,
297,486,9,2,-3.3852124214172363,0.0034517287,-0.0028648996,False,484,0.003352327272295952,-0.005880756303668022,0.0029164552688598633
297,591,11,2,-3.504723310470581,0.008135652,-0.0006331492,False,576,0.005934548564255238,0.0001891279243864119,-0.0030233808793127537
297,744,14,2,-3.9395101070404053,0.0049383114,-0.0012544966,False,746,-0.0019610070157796144,0.005595035385340452,-0.013748850673437119
297,841,16,2,-4.833421230316162,-0.0033385276,-0.0024371338,False,823,-0.016893576830625534,0.00035529135493561625,-0.016347475349903107
300,98,1,2,-5.125612735748291,-0.001974554,-0.0022067928,False,-1,,,
300,241,4,2,-2.941541910171509,0.007413039,-0.0011256933,False,244,0.008177089504897594,-0.007835417054593563,0.007473774254322052
300,790,15,2,-4.418607711791992,-0.0034928895,-0.012156296,False,781,0.006143064703792334,-0.008249311707913876,0.0057289693504571915
300,799,15,2,-3.2945680618286133,-6.573677e-05,0.0011651707,False,750,0.009947914630174637,0.008870601654052734,0.0023082206025719643
302,35,0,2,-3.8001902103424072,-0.0012372303,0.0068038036,False,25,-0.0015566730871796608,-0.0012857294641435146,0.007770089898258448
302,83,1,2,-4.8322553634643555,-0.008465614,0.00027736663,False,71,-0.004720525816082954,0.004184064920991659,-0.00016161054372787476
302,150,3,2,-4.161822319030762,-0.0028294944,-0.0019074726,False,154,0.0008016109350137413,-0.0009410381317138672,0.0026646708138287067
302,495,9,2,-3.699944257736206,0.007116828,0.001822567,False,477,-0.006433114875108004,-0.0007309674983844161,-0.010996408760547638
305,203,4,2,-3.909872055053711,-0.0054005003,0.0034622813,False,210,-0.004612989258021116,0.0007397651788778603,0.003510026726871729
305,208,4,2,-4.812328815460205,0.00088547706,0.008682518,False,204,0.004486074671149254,0.009847917594015598,0.0024351980537176132
305,643,12,2,-3.3926777839660645,0.008118935,0.0013374186,False,649,-0.004589071497321129,0.0017685890197753906,-0.013139177113771439
305,806,16,2,-4.834340572357178,0.001230259,-0.0032033252,False,830,-0.005050906911492348,0.0030409526079893112,-0.01252544391900301
306,22,0,2,-4.61789083480835,-0.015029016,-0.01115448,False,10,0.0010774708352982998,-0.006049995310604572,0.011002002283930779
306,707,14,2,-3.7447423934936523,-0.0022249937,0.0052224924,False,749,0.0044455574825406075,-0.001638975110836327,0.013532018288969994
307,91,1,2,-5.5795488357543945,0.006123295,-0.0057602404,True,54,-1.9388198779779486e-05,0.00164966587908566,-0.0135525893419981
307,566,11,2,-4.016028881072998,0.00059098244,0.0010368442,False,555,-0.001921587041579187,-0.002239494351670146,0.0007637690869159997
310,338,6,2,-4.046513557434082,-0.0002709484,-0.0031501579,False,335,0.0015738105867058039,-0.004810438025742769,0.003505039494484663
310,446,8,2,-4.330028057098389,-0.005773878,0.0009595871,False,401,0.0002526950847823173,-0.0009377574897371233,0.007923917844891548
311,53,1,2,-3.98344349861145,0.010214581,0.013067207,False,77,-0.010103922337293625,0.0003751945623662323,-0.007626490667462349
311,64,1,2,-5.071029186248779,0.008034449,-0.0018155384,False,-1,,,
311,597,11,2,-4.225463390350342,-0.007547426,0.0045052622,False,568,-0.0023261832538992167,0.001126956893131137,0.008599548600614071
311,751,15,2,-3.641242504119873,-0.0040986203,0.0030282403,False,752,-0.010799340903759003,0.003674187697470188,-0.007346668280661106
314,148,2,2,-3.4656269550323486,0.00055078504,-0.0002576828,False,126,0.003816094482317567,0.0001893186563393101,0.0028183080721646547
314,464,9,2,-4.167608737945557,-0.009239154,-0.0016182804,False,453,-0.005541858728975058,-5.864143531653099e-05,0.0021376563236117363
316,473,9,2,-4.512821197509766,0.002512455,-0.0018712807,False,497,0.001976108644157648,0.01638471521437168,-0.018792342394590378
316,777,15,2,-4.0546650886535645,-0.0020943643,0.00977264,False,789,-0.009134321473538876,-0.00346717843785882,0.006199860479682684
317,151,3,2,-4.54901123046875,-0.0031273365,-0.0051646233,False,164,-0.002594432793557644,-0.002503509633243084,-0.0021282099187374115
317,494,9,2,-3.9135842323303223,-0.011342597,-0.0016464614,False,490,-0.00012029647768940777,0.002205963246524334,0.007369875907897949
318,165,3,2,-4.475965976715088,-0.007104788,-0.0030366706,False,182,-0.004793929867446423,0.00445729261264205,-0.005183104425668716
318,510,10,2,-3.9989213943481445,-0.0005604601,-0.0021951771,False,545,-0.0012408113107085228,0.0011754465522244573,-0.0040509747341275215
318,683,13,2,-4.734517574310303,-0.012995558,0.002594118,False,689,-0.0016703414730727673,-0.005267753731459379,0.019187089055776596
318,899,17,2,-4.20220947265625,0.00045465468,-0.0037439156,False,867,-0.000830421457067132,0.001863775309175253,-0.0068927668035030365
319,42,0,2,-3.56760573387146,-0.003802061,-0.0009443903,False,26,0.00877196341753006,0.005472583696246147,0.006157050374895334
319,85,1,2,-4.082286357879639,0.0036120033,0.00334558,False,77,-0.011498198844492435,0.005847554188221693,-0.01761217601597309
319,87,1,2,-5.650787830352783,0.00049191475,0.004502945,True,54,-0.007966938428580761,0.009670572355389595,-0.013626479543745518
319,108,2,2,-4.7180376052856445,-0.007062721,0.0015040684,False,105,0.0015217876061797142,-0.0011236572172492743,0.011212234385311604
319,706,14,2,-3.926236629486084,0.003795042,6.88839e-05,False,726,-0.0005483340937644243,-0.0012843274744227529,-0.0029901647940278053
319,972,19,2,-4.370924472808838,8.184433e-05,0.0051065157,False,980,-0.0009384727454744279,-0.0015399265103042126,0.005626125261187553
320,312,6,2,-3.988518714904785,0.0015085316,-0.005799513,False,305,0.0035363577771931887,-0.0014671134995296597,-0.0023045730777084827
320,560,11,2,-4.072443962097168,-0.0052870368,5.9041977e-05,False,564,0.004170150961726904,0.004371433053165674,0.005144796799868345
322,171,3,2,-4.911698818206787,-0.010743723,0.0010683155,False,-1,,,
322,471,9,2,-3.7606184482574463,0.0029695893,-0.0008631277,False,489,-0.008374309167265892,-0.008585043251514435,-0.003621982876211405
322,669,13,2,-4.076196670532227,0.0014301491,-0.00025753022,False,670,-0.0020953083876520395,-0.003587646409869194,-0.00019534130115061998
322,734,14,2,-4.4955620765686035,-0.008501901,0.002457943,False,717,-0.002965517109259963,0.001908903126604855,0.00608542375266552
323,47,0,2,-3.403756618499756,0.0056462525,0.0043817232,False,38,-0.0012965440982952714,0.00014667987124994397,-0.0027077533304691315
323,755,15,2,-4.936487197875977,-0.0033361244,-0.005969696,False,754,0.0005945110460743308,-0.002943372819572687,0.0009043121244758368
323,762,15,2,-3.792786121368408,0.0013609123,-0.002830019,False,752,-0.012055912055075169,0.0040368749760091305,-0.020283717662096024
323,887,17,2,-4.006590366363525,0.006708126,0.0025444936,False,861,-0.001035771332681179,-0.0031399154104292393,-0.0020594880916178226
323,900,18,2,-4.572545051574707,-0.001166687,0.0054550837,False,935,-0.0006816768436692655,0.0006115532014518976,0.005328540690243244
323,974,19,2,-4.138659954071045,-1.0538101e-05,-0.0044758036,False,953,-0.005128264427185059,9.956360008800402e-05,-0.009693093597888947
326,33,0,2,-3.9340474605560303,0.008532386,0.0026380015,False,19,0.004412002395838499,-0.0037178038619458675,0.002235421445220709
326,142,2,2,-3.8899085521698,-0.0030235576,-0.0034825087,False,125,0.0025808000937104225,0.0008239173912443221,0.0012979316525161266
326,217,4,2,-4.653343677520752,0.014030524,-0.0020121573,False,204,0.002404699334874749,0.009050512686371803,-0.022688494995236397
326,676,13,2,-4.31160306930542,-0.0075970744,-0.0028186608,False,684,0.002291660290211439,0.0020068360026925802,0.005063237622380257
327,631,12,2,-4.395998001098633,-0.0053147413,-0.00023223877,False,625,-0.0014282321790233254,-0.004181308671832085,0.007835579104721546
327,696,13,2,-4.999603748321533,0.0029958629,0.004727907,False,678,-0.005276460666209459,0.0007625484722666442,-0.004306964576244354
328,36,0,2,-4.314231872558594,-0.0012502957,0.0062222197,False,30,0.0032950686290860176,0.0070785521529614925,0.003689031582325697
328,90,1,2,-4.588348388671875,-0.0013449765,0.009086218,False,71,-0.003746080445125699,0.012184228748083115,-0.005499115213751793
328,237,4,2,-4.312707424163818,-0.005071001,-0.007822885,False,225,-0.0031944559887051582,0.0013660049298778176,-0.00731234485283494
328,463,9,2,-4.753161430358887,-0.005206814,0.0018987942,False,478,0.004759388044476509,-0.0008968353504315019,0.012761831283569336
329,57,1,2,-3.5636160373687744,0.007418275,0.0035445737,False,89,0.0028461504261940718,-0.0059081315994262695,0.004880581051111221
329,584,11,2,-4.145956039428711,-0.005695653,0.0054199076,False,575,0.0016000652685761452,-0.0025762938894331455,0.015291919931769371
331,11,0,2,-4.462342739105225,0.0023111724,-0.010024529,False,40,-0.004382648505270481,0.006391487084329128,-0.023109836503863335
331,28,0,2,-3.6499345302581787,0.0014400387,0.0045116902,False,25,-0.00029744149651378393,-0.0010571432067081332,0.003831353271380067
331,78,1,2,-5.140465259552002,-0.0036745644,-0.0017031861,False,-1,,,
331,129,2,2,-4.435306072235107,-0.0016246415,0.0012372398,False,128,-0.0008115482050925493,-0.0015672588488087058,0.003617591690272093
331,234,4,2,-4.712237358093262,-0.0048731803,-0.0021018696,False,204,0.005314121022820473,0.010775156319141388,-0.0026897245552390814
331,412,8,2,-3.9064981937408447,0.0009821797,-0.012414766,False,421,0.003233132418245077,-0.0019471979467198253,-0.0082166139036417
331,498,9,2,-3.9923973083496094,0.009063158,-0.00094988826,False,489,-0.013145179487764835,0.0002812290331348777,-0.023439455777406693
331,803,16,2,-4.16456413269043,-0.0008364105,0.0006502056,False,840,0.00608033174648881,0.0005408477736636996,0.007026100065559149
332,457,9,2,-4.330528259277344,-0.00514492,0.002102728,False,497,0.004142894875258207,0.01251234021037817,-0.0011217975988984108
332,783,15,2,-4.03737211227417,0.0026895332,-0.009591456,False,768,-0.0003023862955160439,0.0022217845544219017,-0.014805159531533718
333,222,4,2,-4.39054012298584,-0.0055976296,-0.006068306,False,236,-0.00517506618052721,-0.008183011785149574,0.0025372691452503204
333,628,12,2,-4.108157157897949,0.0040613366,-0.008084088,False,632,0.004773788619786501,-0.002586097689345479,-0.0047855377197265625
336,561,11,2,-4.660912990570068,-0.009148026,-8.327484e-05,False,563,-0.0034837531857192516,-0.007313098758459091,0.012894095852971077
336,656,13,2,-4.316733360290527,0.006246777,0.003032322,False,690,-0.007799539715051651,0.0029676437843590975,-0.013981638476252556
337,67,1,2,-5.389445781707764,0.0010649204,1.1081695e-05,False,97,0.007941379211843014,0.009863929823040962,-0.002976389368996024
337,246,4,2,-3.997750759124756,-0.00021472454,-0.004707613,False,238,0.0044924067333340645,-0.008816251531243324,0.008815769106149673
337,488,9,2,-4.420094966888428,0.013338194,-0.013816719,False,467,0.0010340118315070868,0.0026637553237378597,-0.028784656897187233
337,607,12,2,-4.896658420562744,-0.011623659,-0.0028969003,False,641,-0.005075473804026842,-0.0037650680169463158,0.007416353095322847
337,864,17,2,-4.762299537658691,-0.004482517,-0.0058397674,False,884,-0.0002600383886601776,-0.005488166585564613,0.003870877902954817
337,875,17,2,-4.07092809677124,-0.004847722,0.0050657606,False,860,-0.0034520626068115234,-0.0043053533881902695,0.010766773484647274
338,469,9,2,-4.169223308563232,0.01061902,0.0041795685,False,483,0.007280835881829262,0.0014726257650181651,-0.0006312415935099125
338,608,12,2,-4.9214396476745605,-0.0018021583,-0.0053665447,False,641,-0.005185222718864679,-0.003075551940128207,-0.005674057174474001
338,767,15,2,-5.079386234283447,-0.0067575644,-0.001425724,False,754,-0.002943763742223382,-0.0015134811401367188,0.0039015577640384436
338,873,17,2,-4.207869529724121,0.000737381,-0.00622777,False,872,-0.010776538401842117,0.0015094089321792126,-0.019251098856329918
339,770,15,3,-2.6468088626861572,0.012440544,-0.0029682254,False,-1,,,
340,618,12,2,-3.6256861686706543,0.0058315946,-0.0035680104,False,617,0.0126738166436553,0.0036670779809355736,-0.0003928663209080696
340,685,13,2,-4.162617206573486,-0.0072746803,-0.005051241,False,682,0.0009889507200568914,-0.0014076137449592352,0.00462000397965312
341,60,1,2,-3.1016359329223633,-0.011534753,0.00483809,False,-1,,,
341,81,1,2,-4.909493923187256,-0.0040630247,-0.004011984,False,61,0.0008196544367820024,-0.0015201091300696135,0.00239080423489213
341,375,7,2,-4.0250563621521,-0.00035095215,0.00070257665,False,381,-0.003726520575582981,-0.0009956932626664639,-0.0016772984527051449
341,910,18,2,-3.9761176109313965,-0.0052525713,-0.0022519017,False,925,-0.0020295477006584406,0.002491598017513752,-0.0015204758383333683
342,99,1,2,-4.566978931427002,-0.007357721,0.0045209597,False,71,0.005148811265826225,0.015676254406571388,0.0013512372970581055
342,346,6,2,-4.194118976593018,0.0030044555,-0.0032838725,False,339,-0.004426136147230864,0.0016626262804493308,-0.012377090752124786
342,482,9,2,-3.509974479675293,-0.00826087,0.006325436,False,450,0.003192157717421651,0.008795513771474361,0.008982949890196323
342,879,17,2,-2.548323631286621,0.00543767,-0.0073856832,False,-1,,,
343,438,8,2,-4.161635398864746,-0.002755804,0.0027149296,False,448,-0.0016162204556167126,-0.0008816909976303577,0.004736204165965319
343,712,14,2,-3.7072291374206543,0.00250278,0.00085123064,False,748,-0.0018808889435604215,-0.0025876283179968596,-0.000944809871725738
345,73,1,2,-3.7301981449127197,0.007819104,0.0018220567,False,52,0.002202420262619853,-0.007928023114800453,0.004133396316319704
345,76,1,2,-4.213333606719971,0.011564913,-0.00015094757,False,77,-0.006460594944655895,0.00942667480558157,-0.027603130787611008
345,331,6,2,-3.672606945037842,-0.0014498901,-0.004225464,False,315,-0.008758163079619408,-0.005060930270701647,-0.006472806911915541
345,775,15,2,-3.020379066467285,0.009389515,-0.010929785,False,793,-0.0006278753280639648,-0.0031892203260213137,-0.017757954075932503
347,474,9,2,-4.18953800201416,-0.004206228,-0.004864893,False,493,0.003946447279304266,0.0021638106554746628,0.0011239717714488506
347,603,12,2,-4.248246192932129,0.0029326058,0.0076117516,False,605,-0.005865778774023056,0.00045006751315668225,-0.0016367007046937943
349,462,9,2,-4.345661640167236,0.005673838,0.0010586452,False,483,0.001818103832192719,0.007214498706161976,-0.010011587291955948
349,652,13,2,-2.631009340286255,0.02570129,-0.008135757,False,-1,,,
349,943,18,2,-4.203296661376953,-0.002490511,0.0046048975,False,929,0.0006630801944993436,-0.002117700641974807,0.0098761897534132
349,985,19,2,-3.6698060035705566,0.0031941652,-0.0028481197,False,964,0.0017432308522984385,0.0031489087268710136,-0.007447962649166584
350,23,0,2,-4.368724346160889,0.0010995769,0.0035322667,False,37,-0.006417560391128063,-0.000710334803443402,-0.003274535993114114
350,74,1,2,-5.2095537185668945,-0.0016297341,-0.009211511,False,58,0.005120534915477037,0.00019640922255348414,-0.002657651901245117
351,44,0,2,-4.549984455108643,-0.0010517216,-0.005179348,False,5,-0.00642222398892045,0.0021369170863181353,-0.012686767615377903
351,460,9,2,-3.2627503871917725,0.013555622,-0.0065592383,False,479,0.007856760174036026,0.0006832265644334257,-0.012941326014697552
351,580,11,2,-3.6998536586761475,0.0012044429,-0.0010320378,False,559,-0.0019816302228718996,-0.005894236732274294,0.0016761254519224167
351,658,13,2,-4.105690956115723,0.0057354355,0.0020598602,False,680,-0.006101417355239391,0.0019466686062514782,-0.011723660863935947
351,837,16,2,-3.808196544647217,-0.0036088896,-0.0023189592,False,816,0.0005611133528873324,-9.102344483835623e-05,0.0019420671742409468
351,844,16,2,-4.189168453216553,-0.0003490448,-0.0024898911,False,827,0.001640214934013784,0.00028285980806685984,-0.0007834911812096834
354,24,0,2,-3.898258924484253,0.0070945118,-0.010074782,False,31,-0.0004973172908648849,0.0023947812151163816,-0.020061392337083817
354,633,12,2,-3.812408447265625,0.002178092,-0.008780536,False,621,-0.001375760999508202,0.0042864177376031876,-0.016620807349681854
355,786,15,2,-3.633462429046631,0.0032954358,0.006300049,False,752,0.004006728995591402,0.008198242634534836,-0.0011869005393236876
355,918,18,2,-3.986069917678833,-0.0034831667,0.0042443466,False,902,-0.0015160131733864546,-0.0036164140328764915,0.009827913716435432
356,268,5,2,-4.2922563552856445,-5.64003e-05,0.00056365016,False,252,0.0007474326994270086,-0.001831159577704966,0.003198642749339342
356,769,15,2,-4.122562885284424,-0.010473976,0.0060945414,False,788,0.0011895847273990512,-0.0007834720890969038,0.018541574478149414
360,145,2,2,-3.5939748287200928,0.010984578,-0.0030475901,False,119,0.0007229566690512002,0.00598752498626709,-0.019296735525131226
360,602,12,2,-4.533694744110107,-0.003926201,0.0006034851,False,642,0.004252700600773096,0.0040551950223743916,0.004727191291749477
361,79,1,2,-4.270390033721924,0.007824468,-0.0005464935,False,71,0.007480583153665066,0.006957788486033678,-0.007848167791962624
361,235,4,2,-3.7516655921936035,0.00096347334,-2.5463105e-06,False,214,-0.006127848755568266,-0.0002568006457295269,-0.006837067659944296
362,201,4,2,-4.281874656677246,0.0037457848,0.0057557346,False,204,0.007812099531292915,0.004507160279899836,0.0053148893639445305
362,807,16,2,-5.068644046783447,-0.0002221489,0.006786146,False,810,-0.0008375740144401789,-0.0034406757913529873,0.009611397050321102
364,91,1,2,-5.934281826019287,-0.0017806911,-0.0007994366,True,69,-0.0032288741786032915,0.0030170155223459005,-0.005264635197818279
364,240,4,2,-4.294619560241699,0.0001971054,-0.0075186826,False,238,-0.005006170365959406,-0.0012311077443882823,-0.01149085070937872
364,681,13,2,-4.2696075439453125,-0.003785925,-0.006709299,False,670,-0.00493480684235692,0.005098781548440456,-0.012956962920725346
364,692,13,2,-4.822907447814941,0.002351198,-0.0018629837,False,661,0.0036529635544866323,-0.012913856655359268,0.012352638877928257
365,63,1,2,-3.5714316368103027,0.017755432,0.006235251,False,52,0.0026461936067789793,-0.006074051838368177,-0.0027999356389045715
365,167,3,2,-3.7268946170806885,-0.0024506187,0.0025997162,False,191,3.144264337606728e-05,0.001856732415035367,0.0032250452786684036
366,137,2,2,-3.55476713180542,0.005653739,0.009426055,False,126,0.0006048298091627657,0.003080987837165594,0.0012961574830114841
366,466,9,2,-4.18864107131958,-0.0035152626,0.007777257,False,491,-0.007735619321465492,0.00012864112795796245,0.0034282589331269264
367,51,1,2,-4.127140045166016,-0.0026572132,0.0032903147,False,71,0.012511673383414745,0.002767362631857395,0.015691839158535004
367,459,9,2,-3.134117603302002,0.001749463,-0.0056026983,False,479,0.005629959050565958,-0.00685619842261076,0.005133996717631817
368,243,4,2,-4.4974684715271,-0.0048100282,0.013699198,False,225,-0.0051159001886844635,0.004312210250645876,0.009081115946173668
368,248,4,2,-4.402043342590332,-0.010705981,0.008172793,False,209,0.007203302346169949,0.008252406492829323,0.017829671502113342
368,499,9,2,-3.557300567626953,0.0047042225,-0.0024850988,False,484,-0.003374605206772685,-0.002457957249134779,-0.008105969056487083
368,532,10,2,-3.5459907054901123,0.0034047603,0.0006605816,False,507,0.0006257676868699491,-0.001650629099458456,-0.0004677819088101387
370,56,1,2,-3.9852356910705566,0.017049808,0.0017365408,False,77,0.0030283736996352673,-0.008236322551965714,-0.004048570990562439
370,320,6,2,-3.582761287689209,0.0013308382,-0.003779521,False,345,0.004259133245795965,-0.0006687593413516879,-0.00018246658146381378
370,552,11,2,-3.683136463165283,-0.0050407792,0.0001292467,False,572,-0.004060487728565931,0.0021294832695275545,-0.0010199453681707382
370,970,19,2,-3.554252862930298,-0.000420022,0.0023461722,False,971,0.0034726285375654697,0.0004786586796399206,0.005760164000093937
371,224,4,2,-4.3155436515808105,-0.004151926,-0.0070705414,False,238,-0.006896171718835831,0.0019684601575136185,-0.01178324781358242
371,972,19,2,-4.147210597991943,0.0039781188,-0.0050219726,False,953,-0.0002039813989540562,0.0022940540220588446,-0.011498126201331615
375,84,1,2,-4.736258029937744,-0.003150034,-0.007009306,False,97,0.008954115211963654,4.691123831435107e-05,0.005047931335866451
375,328,6,2,-2.7773094177246094,0.0029244518,0.004503031,False,325,0.0016592741012573242,0.0035078953951597214,-0.00027004233561456203
375,855,17,2,-2.9200809001922607,0.005463996,0.0019270707,False,-1,,,
375,874,17,2,-3.4881160259246826,0.0062838127,0.00030853748,False,892,0.001978750340640545,-0.0028619193471968174,-0.0011346056126058102
376,611,12,2,-4.156791687011719,-0.0019975663,0.0025754739,False,606,-0.0076169203966856,-0.007246322464197874,0.004202442243695259
376,776,15,2,-4.591381549835205,-0.011956973,0.0021214962,False,759,0.007233009207993746,-0.004205512814223766,0.025516990572214127
378,664,13,2,-4.898671627044678,-0.010330648,0.0039201546,False,689,-0.002796382876113057,0.00023514748318120837,0.011219272390007973
378,773,15,2,-4.865230560302734,-0.0027689934,0.0042476845,False,796,0.0006816005916334689,0.0023845480754971504,0.0053137303330004215
379,92,1,2,-4.403068542480469,0.0142206,-0.0028421592,False,71,0.013154124841094017,0.004098296165466309,-0.008006930351257324
379,510,10,2,-4.147794246673584,-0.0013718605,-0.0027672006,False,524,-0.0005411434103734791,0.00024933816166594625,-0.002185821533203125
379,522,10,2,-3.9941282272338867,-0.00034442902,0.0015280962,False,538,-0.0003316974616609514,0.00017955779912881553,0.0013612699694931507
379,614,12,2,-3.792379140853882,-0.010974021,-0.017290235,False,639,-0.001443467102944851,0.0015831280034035444,-0.009342809207737446
380,431,8,2,-4.0573201179504395,0.0061674593,0.0011135769,False,433,0.003306112252175808,0.0003014850663021207,-0.002049255184829235
380,551,11,2,-4.0126752853393555,-0.0010581017,0.00066006184,False,567,0.0020663070026785135,0.002860441105440259,0.0009240293875336647
381,55,1,2,-4.057380676269531,-0.0040351152,0.010217853,False,71,0.013166436925530434,0.004477047827094793,0.022942356765270233
381,95,1,2,-4.543941020965576,0.00086202624,-0.004444389,False,-1,,,
381,135,2,2,-3.9395999908447266,-0.0025991155,0.0027221537,False,131,0.0013562202220782638,-0.004943275358527899,0.011620764620602131
381,304,6,2,-4.4886088371276855,0.0007349396,0.0010515308,False,335,-0.004574622958898544,-0.0005510044284164906,-0.003707027295604348
381,452,9,2,-4.031482219696045,0.007100735,0.00025084495,False,453,0.0021553467959165573,-0.0018248510314151645,-0.002869692165404558
381,644,12,2,-3.7921321392059326,-0.0023570014,-0.0001581812,False,626,-0.005198655184358358,-0.0026403903029859066,-0.0003594446461647749
381,687,13,2,-3.4679808616638184,-0.006120863,0.012773056,False,671,-0.0027808905579149723,0.000703196506947279,0.015409830957651138
381,904,18,2,-4.081811904907227,-0.0081392145,0.0012256526,False,902,-0.0037843226455152035,-0.004045763052999973,0.00962630845606327
382,59,1,2,-4.732400417327881,-0.0040242863,-0.010507955,False,97,0.008861208334565163,0.002814187901094556,-0.00043664826080203056
382,275,5,2,-3.8103809356689453,0.00026721,0.0013203096,False,291,0.002242722548544407,0.0009759759996086359,0.0023198460694402456
382,599,11,2,-3.891767740249634,0.010515303,0.001831665,False,588,0.004090671427547932,-0.004092607647180557,-0.0005003595724701881
382,743,14,2,-4.304544448852539,-0.0032601834,-0.0002488041,False,719,-0.0008300590561702847,0.0041573429480195045,-0.001976022496819496
383,89,1,2,-3.6490604877471924,-0.0042583467,-0.010648399,False,72,0.004763822536915541,0.008287038654088974,-0.009913267567753792
383,461,9,2,-3.1137843132019043,0.0025801992,-0.006815114,False,485,-0.002256703330203891,0.0008023929549381137,-0.012454409152269363
383,646,12,2,-4.323706150054932,0.007361603,0.0076335813,False,638,-0.001966819865629077,-0.0013667010935023427,-0.0003281404497101903
383,765,15,2,-4.830572605133057,0.0003601265,0.00045725823,False,784,0.003310184460133314,0.0020618916023522615,0.0013454245636239648
384,15,0,2,-4.997112274169922,-0.019286651,-0.006525154,False,7,-0.0009587955428287387,-0.0075766658410429955,0.01937936618924141
384,82,1,2,-4.9222412109375,-0.003928232,-0.00013655663,False,97,0.009364957921206951,0.0007610988686792552,0.012395534664392471
384,317,6,2,-3.804579257965088,-0.0017889404,-0.0111869145,False,310,-0.004462628159672022,-0.0015750456368550658,-0.012285556644201279
384,451,9,2,-3.5806543827056885,0.001097188,-0.016688704,False,484,0.0005895757931284606,-0.0035674190148711205,-0.01362889725714922
384,494,9,2,-3.7547311782836914,0.0025506925,0.005750556,False,470,-0.008428191766142845,0.004773344844579697,-0.010001673363149166
384,934,18,2,-3.711383104324341,0.0021584558,9.1853144e-05,False,939,-0.009532485157251358,0.00024036884133238345,-0.011839456856250763
385,636,12,2,-2.9726850986480713,0.016836585,-0.006323943,False,-1,,,
385,718,14,2,-4.71567964553833,-0.0068926904,-0.0025976943,False,711,-0.0024301528465002775,0.003692684229463339,-0.001827840693295002
388,2,0,2,-4.8307719230651855,-0.00543067,-0.003150959,False,0,0.002870693104341626,0.006254883017390966,-0.001104478957131505
388,473,9,2,-4.493544578552246,0.0042574215,0.00016841889,False,492,-0.0019893646240234375,-0.0061925314366817474,0.0001141643151640892
390,46,0,2,-4.556482315063477,-0.008135863,8.7337496e-05,False,18,-0.007933521643280983,-0.0026113318745046854,0.00290101021528244
390,772,15,2,-5.087125301361084,0.010275202,-0.001495657,False,782,0.015697842463850975,0.0007913112640380859,0.003135671839118004
391,576,11,2,-3.5009028911590576,-0.0003392458,0.0033585262,False,578,-0.0027542782481759787,0.0027134560514241457,-0.0017699622549116611
391,766,15,2,-3.8986871242523193,0.0053679324,-0.0028980302,False,768,0.0015140962786972523,-0.005927104968577623,-0.0008247615769505501
391,933,18,2,-4.472383975982666,-0.001900692,0.0010537719,False,945,-0.0007789421360939741,0.004431657958775759,-0.0022561359219253063
391,993,19,2,-4.044243335723877,-0.010079231,0.0009510708,False,959,-0.00168244366068393,-0.0005306434468366206,0.009878501296043396
392,98,1,2,-5.225003719329834,0.00085201266,-0.0010115623,False,80,-0.005737075582146645,0.0016529560089111328,-0.0092536062002182
392,183,3,2,-3.638502836227417,-5.8426856e-05,-0.0019821501,False,174,0.0028140258509665728,0.0009829950286075473,-9.269244037568569e-05
392,226,4,2,-4.235716342926025,0.0025717448,-0.002747078,False,204,0.007058448623865843,-0.007595062255859375,0.009334689006209373
392,486,9,2,-4.050232410430908,-0.011105466,0.0023923349,False,491,-0.009072613902390003,-0.005848827306181192,0.010274013504385948
392,763,15,2,-4.688630104064941,-0.007947025,-0.014449453,False,784,-0.00036115647526457906,-0.0005881023244000971,-0.006275482475757599
392,778,15,2,-5.273097038269043,0.00085289957,-0.0065145018,False,761,0.009046249091625214,0.003429670352488756,-0.0017508226446807384
393,450,9,2,-2.975266456604004,0.010622115,-0.0077645825,False,485,-0.0038884019013494253,0.0009283924009650946,-0.023203492164611816
393,883,17,2,-3.622096538543701,-0.0002659607,-0.00220891,False,885,0.001264815335161984,6.948471127543598e-05,-0.0007476186146959662
394,1,0,2,-3.7470011711120605,0.010480928,-0.006850824,False,6,0.0002060985571006313,-0.00019247055752202868,-0.01693318411707878
394,68,1,2,-4.519896030426025,-0.00045770645,-0.002493725,False,-1,,,
395,230,4,2,-4.8244805335998535,-0.011219569,-0.00041182517,False,236,-0.008164148777723312,-0.010802221484482288,0.01344581600278616
395,859,17,2,-3.542182683944702,0.008620028,-0.006103501,False,880,0.0016121768858283758,0.0043372199870646,-0.01744857244193554
400,104,2,2,-4.173381328582764,0.00041563986,-0.0061465357,False,136,-0.004453582689166069,0.0014147281181067228,-0.01243048720061779
400,760,15,2,-4.358505725860596,0.0076357843,0.0006246853,False,788,-0.0030510425567626953,0.005182461813092232,-0.015244603157043457
401,20,0,2,-3.3154380321502686,0.004131894,0.005838528,False,39,0.002797474851831794,0.0038960217498242855,0.0006080868188291788
401,785,15,2,-3.6669859886169434,-0.0041454746,0.0021932698,False,753,-0.008331680670380592,0.00572361471131444,-0.00771655049175024
402,26,0,2,-3.3704030513763428,-0.0016537666,-0.004972639,False,39,0.0015594339929521084,0.00502404198050499,-0.006783480290323496
402,90,1,2,-4.240810394287109,0.0005627346,0.0036780739,False,88,0.0029438971541821957,0.0006492424290627241,0.005409994162619114
403,221,4,2,-3.6275076866149902,-0.0021349287,0.010748992,False,244,-0.006202373653650284,-0.010076885111629963,0.016758430749177933
403,867,17,2,-4.481205463409424,-0.010818987,0.005936346,False,856,0.004014539532363415,-0.007282285485416651,0.028052158653736115
404,618,12,2,-3.8420841693878174,-0.00081595895,-0.0047208737,False,626,-0.006302480585873127,0.0022249268367886543,-0.012432321906089783
404,861,17,2,-3.5023725032806396,0.012519755,-0.0049657105,False,851,-0.0010489177657291293,-0.014734387397766113,-0.0037999963387846947
405,460,9,2,-3.5621254444122314,-0.0061848783,0.0055934954,False,484,-0.0026437854394316673,-0.002267503645271063,0.011402091011404991
405,771,15,2,-4.722720146179199,-0.008635015,0.0019524575,False,796,0.0025065995287150145,-0.0018071937374770641,0.014901265501976013
406,57,1,2,-3.1372599601745605,0.01134038,-0.012968569,False,-1,,,
406,911,18,2,-3.3333704471588135,-0.001951704,-0.005525403,False,922,0.004170326981693506,-0.0033616400323808193,0.003958268091082573
409,415,8,2,-4.185512065887451,-0.0016462612,-0.0011081409,False,429,-0.005052318796515465,-0.002711658366024494,-0.0018025401514023542
409,469,9,2,-3.809192419052124,0.008219028,-0.0038925887,False,495,-0.0013663243735209107,-0.004547076299786568,-0.008930863812565804
410,601,12,2,-3.8128774166107178,-0.0077888058,-0.004406524,False,615,-0.0065844678319990635,0.0007284021121449769,-0.003930588252842426
410,815,16,2,-3.7674567699432373,0.008117642,-0.0022993898,False,812,0.0033359432127326727,0.003079209243878722,-0.010160298086702824
411,3,0,2,-5.2393317222595215,-0.010434227,0.00031931876,False,48,0.0024920464493334293,-0.004704246297478676,0.017949838191270828
411,61,1,2,-4.363007545471191,0.004950552,-0.013352003,False,88,-0.00998842716217041,-0.002028884831815958,-0.02626209706068039
411,108,2,2,-4.515303134918213,0.00072877883,-0.0014845943,False,118,0.002069225301966071,-0.003585653379559517,0.0034415058325976133
411,869,17,2,-3.8308229446411133,-0.0016070557,-0.003251872,False,898,0.0008398818899877369,-0.008721418678760529,0.007916484028100967
412,472,9,2,-4.895684242248535,-0.0076415157,0.0049611283,False,478,-1.4562607248080894e-05,-0.0035953617189079523,0.01618344336748123
412,610,12,2,-3.749642848968506,0.003642745,-0.0019249821,False,615,-0.00597457867115736,-0.0015246772672981024,-0.010017627850174904
413,715,14,2,-3.950911521911621,0.0005598497,-0.0069233035,False,739,0.00649589067324996,-0.0004644727741833776,-0.0005227895453572273
413,774,15,2,-3.6679556369781494,0.014008736,0.0010174895,False,751,-0.0034327793400734663,-0.005701527465134859,-0.010722498409450054
414,202,4,2,-4.895784854888916,0.002409029,-0.00602252,False,218,0.0013488387921825051,-0.011848459020256996,0.004765748977661133
414,628,12,2,-5.1696271896362305,-0.017983302,-0.004692173,False,630,-0.006652278825640678,-0.0010176562936976552,0.007656507194042206
416,547,10,2,-4.132540225982666,-0.0038376618,0.0006058025,False,534,-0.0013957023620605469,0.003793897572904825,-0.0007461355999112129
416,713,14,2,-4.295969486236572,0.010468063,0.00064886094,False,717,0.0037787342444062233,-0.00012398719263728708,-0.005916480906307697
417,185,3,2,-3.811185598373413,-0.0027100802,0.0018834686,False,162,0.0057111261412501335,-0.004151182249188423,0.014455856755375862
417,392,7,2,-3.8523895740509033,-0.006646371,-0.0011371708,False,364,0.001172780990600586,-4.140853707212955e-05,0.006723389495164156
417,668,13,2,-3.7403979301452637,-0.0057463883,-0.002550292,False,666,0.003501620376482606,-0.002565946662798524,0.009263663552701473
417,757,15,2,-4.280187129974365,-6.365776e-05,0.009015498,False,788,-0.0002433299960102886,0.0002871990145649761,0.00854862667620182
419,54,1,2,-5.409829616546631,-7.207871e-05,0.0011593533,False,69,0.00453562755137682,-0.0008966731838881969,0.006663732696324587
419,62,1,2,-4.529347896575928,0.00683568,-0.0045828437,False,88,-0.012645120732486248,-0.0023923206608742476,-0.021671323105692863
419,65,1,2,-5.3705153465271,-0.0030110837,-0.0049626827,False,69,0.00453562755137682,-0.0008966731838881969,0.003480701707303524
419,78,1,2,-5.776684284210205,-0.011314144,-0.0039513875,False,69,0.00453562755137682,-0.0008966731838881969,0.012795057147741318
419,154,3,2,-4.390122413635254,-0.004885235,-0.0016548824,False,197,-0.0034761810675263405,-0.006156635470688343,0.0059108068235218525
419,592,11,2,-3.6651768684387207,0.0094820885,-0.00061226846,False,557,-0.0028397750575095415,0.004983215127140284,-0.017917346209287643
419,656,13,2,-4.064356803894043,-0.001145277,-0.00047904014,False,655,-0.00290025700815022,0.004286813549697399,-0.006520833354443312
419,798,15,2,-4.670975208282471,0.006953516,-0.007927485,False,796,0.003557272022590041,-0.008067312650382519,-0.0032564159482717514
420,99,1,2,-4.8747453689575195,-0.01352478,-0.008468342,False,97,-0.0013529396383091807,-0.008346814662218094,0.01205031294375658
420,209,4,2,-3.9047296047210693,0.0093256235,-0.00640717,False,214,0.0013510846765711904,-0.0073174284771084785,-0.007064280100166798
420,591,11,2,-3.7097442150115967,-0.004546332,0.0040025185,False,586,-0.0047267102636396885,0.0038124131970107555,9.726732969284058e-06
420,809,16,2,-3.694885492324829,-0.0014587402,0.0012013578,False,812,0.0018778800731524825,0.005231576040387154,-0.0006935978308320045
422,223,4,2,-3.158658027648926,-0.0020090009,-0.0011519861,False,239,-9.290695015806705e-05,0.005879030097275972,-0.005114922299981117
422,231,4,2,-3.2729804515838623,-0.009381638,-0.010741596,False,228,-0.0033667755778878927,0.00654651178047061,-0.011273245327174664
422,266,5,2,-3.715418577194214,-0.00069606304,7.136345e-05,False,299,0.002857699291780591,-0.0001806879008654505,0.0038058138452470303
422,498,9,2,-4.413611888885498,-0.009555321,-0.0019071675,False,468,0.0027964783366769552,-0.0028271388728171587,0.013271771371364594
422,650,13,2,-3.148662567138672,0.0044424008,0.00023515224,False,667,0.003113584592938423,-0.004296965431421995,0.003203301690518856
422,808,16,2,-3.1676838397979736,0.0099185845,-0.0026134872,False,836,0.005554261151701212,-0.0005995416431687772,-0.006378269288688898
424,496,9,2,-3.355008840560913,0.013910823,-0.0022084808,False,479,-0.0045676324516534805,0.0016409873496741056,-0.02232792228460312
424,685,13,2,-4.218393325805664,0.0045080185,0.00515038,False,684,0.0006828784826211631,-0.0028738498222082853,0.004199089948087931
424,733,14,2,-4.05449914932251,-0.0054915,0.003169694,False,701,0.0009266185807064176,-0.001735420199111104,0.011323232203722
424,847,16,2,-3.091735363006592,0.007686634,-0.0075646783,False,836,0.007038550451397896,-0.0018783807754516602,-0.006334381178021431
427,31,0,2,-3.5940418243408203,0.0045908736,0.009412303,False,9,-0.003864292986690998,-0.00598845025524497,0.006945586297661066
427,81,1,2,-5.211815357208252,-0.0059283352,0.018169574,False,80,-0.0021321105305105448,-0.00013927459076512605,0.022105073556303978
427,411,8,2,-3.917079210281372,-0.0014532566,0.0006153345,False,436,0.0011457204818725586,-0.002877402352169156,0.006091713905334473
427,826,16,2,-4.582365036010742,-0.005059738,-0.00051227567,False,846,8.507728489348665e-05,-0.00020304680219851434,0.004835586529225111
427,900,18,2,-4.06591272354126,0.0049171257,-0.00013236045,False,949,0.0003466224588919431,0.0034489489626139402,-0.008151812478899956
427,985,19,2,-3.8934600353240967,-0.0026380825,0.0012656259,False,968,-0.0038476467598229647,0.0019356489647179842,-0.0018795873038470745
428,38,0,2,-3.006791830062866,0.009397021,-0.0042635775,False,14,0.0017362594371661544,0.003136062528938055,-0.015060401521623135
428,43,0,2,-4.798360824584961,0.004786787,-0.0055348966,False,34,0.0011231994722038507,-0.0038865471724420786,-0.005311937537044287
428,77,1,2,-4.6971116065979,-0.017351456,0.010953674,False,64,-0.0016455173026770353,-0.002854747697710991,0.029514361172914505
428,84,1,2,-5.166347026824951,-0.0077956677,-0.0023123168,False,80,-0.00267372140660882,0.0005728054093196988,0.0022368240170180798
428,198,3,2,-3.317582845687866,-0.0041807797,0.0034289788,False,192,0.00493778707459569,-0.000621795654296875,0.013169340789318085
428,309,6,2,-4.5756072998046875,-0.0038162707,-0.0030506991,False,343,-0.0037925911601632833,-0.0020889281295239925,-0.0009380914270877838
428,435,8,2,-3.9792768955230713,0.0018615675,-0.00083952426,False,421,-0.0002434444468235597,-0.002948489272966981,3.9529986679553986e-06
428,678,13,2,-4.683965682983398,0.004773693,-0.00056835177,False,696,0.00048127173795364797,-0.0025445842184126377,-0.0023161889985203743
428,764,15,2,-4.12500524520874,0.004072342,0.005945244,False,768,-0.0022102307993918657,-0.002451782114803791,0.0021144531201571226
428,775,15,2,-3.2668845653533936,0.0066664363,0.010762754,False,799,0.0036207246594130993,-0.0029128266032785177,0.010629868134856224
429,483,9,2,-3.7693610191345215,0.008216658,0.011705351,False,489,0.007654986344277859,-0.004427547566592693,0.015571227297186852
429,669,13,2,-4.034865379333496,0.002739353,0.0014318371,False,686,-0.0023047304712235928,-0.0036413383204489946,2.909183967858553e-05
429,789,15,2,-4.883173942565918,-0.010938186,0.011682101,False,759,-0.004807023797184229,0.007417516782879829,0.010395746678113937
429,947,18,2,-3.3971986770629883,0.0010701943,0.00065739633,False,922,0.0021964407060295343,-0.00018908976926468313,0.0019727323669940233
430,330,6,2,-4.169856071472168,-0.0006473923,0.0032356645,False,314,-0.0027180956676602364,0.009841075167059898,-0.008676113560795784
430,781,15,2,-5.776928901672363,-0.013231497,0.0008601856,False,-1,,,
432,201,4,2,-4.114234447479248,-0.00020454406,-0.0028300572,False,220,0.0012680530780926347,0.00013218879757914692,-0.0014896488282829523
432,608,12,2,-4.948080539703369,0.003894148,0.0076317214,False,641,-0.0010949992574751377,-0.003860569093376398,0.006503143347799778
432,688,13,2,-4.902815818786621,0.0023656846,-0.002571373,False,689,-0.0014702891930937767,-0.005900678690522909,-0.0005066678859293461
432,865,17,2,-4.249241828918457,0.0011606121,-0.0039090062,False,872,-0.006355495657771826,-0.005141849629580975,-0.0062832641415297985
433,28,0,2,-3.416409492492676,0.0005925417,0.0018161678,False,9,-0.002865052316337824,-0.00472292909398675,0.0030815028585493565
433,497,9,2,-2.9163429737091064,0.014065891,0.0067209387,False,485,0.0008023929549381137,0.007233095355331898,-0.013775654137134552
433,620,12,2,-4.636444091796875,0.0008557415,-0.008973732,False,642,-0.0027969838120043278,0.005986995529383421,-0.018613452091813087
433,780,15,2,-5.120631694793701,0.0042049503,-0.0072792913,False,761,0.0044319345615804195,0.008588962256908417,-0.015641268342733383
434,12,0,2,-4.662506103515625,-0.005313473,-0.0034779739,False,18,-0.006258840672671795,0.0026927567087113857,-0.007116097956895828
434,248,4,2,-3.8647351264953613,0.009990339,0.0032864667,False,208,0.00044395923032425344,0.008242854848504066,-0.014502767473459244
434,716,14,2,-4.474584102630615,-0.00107584,-0.0029346657,False,730,-0.001979665830731392,-0.0052573299035429955,0.0014188383938744664
434,830,16,2,-4.4272074699401855,0.0025148392,-0.0025631713,False,842,0.0020767212845385075,-0.00013950347783975303,-0.0028617854695767164
435,94,1,2,-4.85083532333374,0.0073482036,0.0057162764,False,64,-0.003056220943108201,-0.006263828370720148,0.0015756802167743444
435,481,9,2,-4.248682975769043,0.0060040476,0.015319404,False,493,-0.0008889770251698792,-0.00041013717418536544,0.008836517110466957
435,564,11,2,-3.7698872089385986,0.00030277253,-0.00074929715,False,554,0.0062554930336773396,0.00196650018915534,0.003236923133954406
435,773,15,2,-4.623183727264404,0.006921463,-0.0024001694,False,784,0.0034284591674804688,0.004469270817935467,-0.010362444445490837
435,823,16,2,-4.803650856018066,0.00070425984,0.0013270664,False,822,-0.005958547815680504,-0.008557882159948349,0.0032221409492194653
435,896,17,2,-4.311584949493408,-0.007868128,-0.0034694576,False,872,-0.006522112060338259,-0.0018455695826560259,-0.000277872197329998
436,777,15,2,-3.4822614192962646,0.003680091,-0.0066810753,False,751,0.0034789752680808306,0.0008313799044117332,-0.007713571190834045
436,853,17,2,-3.7652323246002197,-0.0043456745,0.013884907,False,895,-0.00141922477632761,0.0038362788036465645,0.012975078076124191
437,95,1,2,-5.212831020355225,-0.014057922,0.015441332,False,80,-0.002348308451473713,0.0003093814884778112,0.02684156596660614
437,505,10,2,-4.415043354034424,0.0012109947,0.0025103474,False,525,0.0014701843028888106,-0.0015262603992596269,0.004295797552913427
439,82,1,2,-4.950533390045166,-0.0014624214,-0.0067922496,False,64,-0.004633360076695681,-0.008251333609223366,-0.001711854711174965
439,699,13,2,-4.070014953613281,6.225586e-05,0.00020108224,False,665,-0.004721870645880699,0.0008173179812729359,-0.005400362424552441
440,141,2,2,-4.144013404846191,-0.00056430814,-0.00020516396,False,147,0.0012036800617352128,-0.002324695698916912,0.003887519706040621
440,474,9,2,-5.182717323303223,-0.016110163,-0.004031763,False,476,-0.007684011477977037,-0.0028663731645792723,0.007260762155056
440,676,13,2,-4.0231781005859375,0.0015241909,0.00054217817,False,665,-0.005055942572653294,0.001393170328810811,-0.007431125268340111
440,966,19,2,-3.940178394317627,0.0017596913,0.0024159527,False,961,-0.002466974314302206,0.0003607940743677318,-0.002171507105231285
441,212,4,2,-3.5620248317718506,0.008832383,-0.014138093,False,211,0.0010989189613610506,-0.006100244354456663,-0.01577131077647209
441,960,19,2,-3.3912951946258545,-0.00074098585,-0.00056163786,False,983,0.0021191644482314587,0.002013831166550517,0.0002846812712959945
443,87,1,2,-4.476978302001953,0.015074005,-0.0003227997,False,83,-0.005410699639469385,0.0007426357478834689,-0.021550141274929047
443,156,3,2,-4.705475330352783,-0.005799141,0.0015208148,False,171,0.002089843852445483,-0.00384801859036088,0.013257818296551704
443,181,3,2,-4.352383613586426,-0.0029151535,0.0013501262,False,178,-0.0037865829654037952,-0.0011916446965187788,0.0016703412402421236
443,431,8,2,-4.062366008758545,-0.0011889362,-0.0011213112,False,427,0.0011267662048339844,-0.0067572020925581455,0.007951593026518822
443,473,9,2,-4.473145484924316,-0.0046881484,-0.0050466442,False,457,-0.004062442574650049,-0.007843866012990475,0.00342292757704854
443,758,15,2,-4.340527534484863,0.0071632005,0.004822731,False,762,-0.007671227678656578,0.0022205256391316652,-0.012232222594320774
444,373,7,2,-4.262151718139648,0.0024584485,-0.000644207,False,399,-0.0022620963864028454,0.0025530338753014803,-0.00791778601706028
444,763,15,2,-5.428061485290527,-0.014805985,0.00018275261,False,782,-0.007628879509866238,0.008370542898774147,-0.001010684296488762
444,779,15,2,-3.032683849334717,0.012296515,0.002768998,False,791,-0.001798915909603238,0.001237783464603126,-0.012564215809106827
444,919,18,2,-4.528334617614746,-0.007287426,0.002745571,False,937,-0.0007243442814797163,0.009169855155050755,0.000138796865940094
445,58,1,2,-4.8181633949279785,0.005211468,-0.0146572115,False,-1,,,
445,381,7,2,-4.046450614929199,0.00037725447,0.0038807774,False,383,-0.0030420112889260054,-0.0019145678961649537,0.002376079559326172
445,698,13,2,-3.362492799758911,0.009214268,0.0036454343,False,659,0.003735713893547654,0.0053588105365633965,-0.007191930897533894
445,882,17,2,-4.075489521026611,-0.002160859,-0.009548607,False,886,-0.00040142060606740415,-0.011302489787340164,0.003513321280479431
446,167,3,2,-3.5199313163757324,0.0020733785,0.001205635,False,159,0.007780814077705145,0.0023410224821418524,0.00457204831764102
446,222,4,2,-5.023473739624023,-0.008764391,0.00508708,False,234,-0.00538698211312294,0.005696506705135107,0.0027679819613695145
447,247,4,2,-4.436105728149414,-0.0017767715,-0.014591112,False,225,-0.0036666966043412685,0.009067240171134472,-0.02554827556014061
447,614,12,2,-4.730517387390137,-0.0071413233,0.0005778885,False,619,-0.00534898741170764,-0.00038441657670773566,0.0027546407654881477
449,42,0,2,-3.2387499809265137,0.0060930206,0.0060683154,False,39,0.005702171474695206,0.010370430536568165,-0.004692964255809784
449,828,16,2,-3.7992892265319824,-0.0036880733,-0.00020464421,False,832,-0.005584001541137695,6.127357664809097e-06,-0.002106699626892805
450,96,1,2,-5.774752616882324,-6.2761304e-05,-0.0039900206,False,67,-0.00890022236853838,0.015536479651927948,-0.02836395986378193
450,210,4,2,-4.294614791870117,0.007291956,-0.0027955247,False,238,0.0020086574368178844,0.005620756186544895,-0.013699579983949661
450,242,4,2,-1.6432876586914062,0.013330431,-0.0071472647,False,-1,,,
450,986,19,2,-3.4918577671051025,0.0035406733,0.0034745599,False,982,0.0005272674607113004,-0.0005851411842741072,0.001046295277774334
453,425,8,2,-3.1643927097320557,0.0038992548,0.001994486,False,407,-0.0016549634747207165,0.0004023504152428359,-0.003962082788348198
453,490,9,2,-3.952540159225464,-0.0033814716,0.000117416384,False,453,-0.0036309766583144665,0.00686178682371974,-0.006993875373154879
455,194,3,2,-2.951669931411743,0.005427103,0.0029716634,False,170,0.0015945816412568092,-0.0036685944069176912,0.002807736163958907
455,440,8,2,-3.981257438659668,-0.0001115942,-0.002447405,False,439,0.002810845384374261,-0.0033146333880722523,0.0037896682042628527
455,765,15,2,-4.023651599884033,0.015996981,0.003804817,False,788,0.0022171593736857176,-0.0048612975515425205,-0.005113707855343819
455,851,17,2,-4.246053695678711,-0.013656592,-0.0043685054,False,899,0.001822195015847683,0.0030984305776655674,0.008011851459741592
456,216,4,2,-4.186627388000488,0.0009554863,0.0006097984,False,207,0.0016375732375308871,-0.002381916157901287,0.00367380166426301
456,471,9,2,-3.9054839611053467,0.00026717663,0.00030955314,False,453,0.0023028659634292126,0.005781674291938543,-0.0034364317543804646
456,794,15,2,-4.4059648513793945,-0.00014014244,0.00029314042,False,762,-0.006426902022212744,0.0007036495371721685,-0.006697268690913916
456,849,16,2,-4.6813530921936035,-0.0046890257,0.0043918323,False,846,-0.0006544303614646196,0.00010281562572345138,0.008323611691594124
457,797,15,2,-3.6873207092285156,-0.0144551275,0.011742096,False,751,-0.004047970753163099,0.006272497121244669,0.015876756981015205
457,821,16,2,-3.1772100925445557,0.0051971246,0.0016067553,False,-1,,,
458,51,1,3,-3.581383466720581,0.008150773,-0.010771203,False,53,-0.004487538244575262,0.0031542920041829348,-0.02656380459666252
460,45,0,2,-5.558378219604492,-0.011970606,-0.0030661202,False,41,-0.009000768885016441,0.0024477671831846237,-0.0025440510362386703
460,938,18,2,-4.997610092163086,-0.001449604,-0.0010510253,False,935,-0.006348771974444389,0.004532346501946449,-0.010482539422810078
461,66,1,2,-5.9742536544799805,-0.0033715917,0.005463743,True,67,-0.008367509581148624,0.016674652695655823,-0.016206827014684677
461,233,4,2,-5.365480899810791,-0.008201037,-0.004291277,False,232,0.0006134414579719305,-0.003199605969712138,0.007722807116806507
461,280,5,2,-4.039876937866211,0.00035538673,0.001328454,False,283,-0.0010097360936924815,-0.0013364792102947831,0.0012998103629797697
461,692,13,2,-5.131831169128418,-0.0053736973,0.0048734476,False,683,-0.0058379266411066055,0.0020026301499456167,0.0024065878242254257
462,651,13,2,-3.4159200191497803,0.0071392823,0.00389616,False,659,-0.0019162415992468596,0.005148935131728649,-0.010308299213647842
462,803,16,2,-4.531519889831543,-0.0026384734,0.0040458585,False,800,-0.0067517757415771484,-0.0012300681555643678,0.0011626244522631168
463,456,9,2,-5.1218390464782715,-0.014515247,-0.00032865524,False,492,-0.004742641467601061,-0.0005018997471779585,0.009945849888026714
463,681,13,2,-4.644166469573975,-0.00069482805,0.004180727,False,693,-0.0017787932883948088,0.0016347980126738548,0.0014619638677686453
464,59,1,2,-4.846306800842285,0.005285244,-0.017208995,False,-1,,,
464,709,14,2,-3.8720333576202393,0.004735379,-0.00039668084,False,726,-0.002094168681651354,-0.003286065999418497,-0.003940162714570761
467,120,2,2,-4.497368335723877,-0.007996969,-0.0060428525,False,113,-0.0031346892938017845,0.0021692560985684395,-0.003349828999489546
467,590,11,2,-4.234572887420654,-0.0032934856,-0.004240036,False,598,-0.003903665579855442,-0.004835691303014755,-1.4524674043059349e-05
467,700,14,2,-4.149184226989746,-0.0015734673,-0.002123041,False,722,4.3954849388683215e-05,-0.005394849926233292,0.004889230709522963
467,819,16,2,-4.171696662902832,0.0037478923,-0.000745821,False,831,-0.0020152663346379995,-0.0013127708807587624,-0.005196209065616131
468,50,1,2,-4.068446159362793,-0.015565901,0.0026914168,False,86,-0.010749587789177895,-0.012771968729794025,0.020279698073863983
468,679,13,2,-3.436448574066162,0.00032031536,-0.0030734586,False,659,-0.0012811374617740512,0.005526895634829998,-0.010201807133853436
470,98,1,2,-5.181648254394531,0.003221445,-0.015852109,False,64,-0.007906732149422169,-0.013347482308745384,-0.013632803224027157
470,654,13,2,-4.393991470336914,-0.0012852479,-0.0019283867,False,691,-0.005630588624626398,0.008735036477446556,-0.015008763410151005
471,97,1,2,-5.41969633102417,-0.008486662,-0.0023330022,False,80,-0.00030221938504837453,-0.0032932949252426624,0.009144735522568226
471,558,11,2,-4.474200248718262,-0.0016789436,0.0031838417,False,553,-0.0005808257847093046,-0.0012755680363625288,0.005557527765631676
474,47,0,2,-3.5522196292877197,-0.0048380326,0.011693129,False,35,0.006860141642391682,-0.00922452937811613,0.03261583298444748
474,62,1,2,-4.762873649597168,-0.0047325706,0.009777717,False,-1,,,
474,824,16,2,-4.6636505126953125,0.0026252365,0.0023508645,False,846,-0.000977525720372796,-2.4309158106916584e-05,-0.0012275886256247759
474,952,19,2,-3.6264986991882324,0.00045378684,-0.0038263893,False,963,0.0027043104637414217,-0.0014737271703779697,-0.00010213814675807953
476,371,7,2,-4.118005752563477,-0.00021349906,-0.0027875614,False,375,-0.004184570163488388,0.001943397568538785,-0.008702030405402184
476,451,9,2,-5.459005355834961,-0.02338215,0.014695349,False,465,-0.010290593840181828,0.007635240443050861,0.020151665434241295
477,550,11,2,-3.751636028289795,-0.004914112,0.0013814498,False,567,0.0024684048257768154,0.002132320310920477,0.006631646305322647
477,609,12,2,-3.1107757091522217,0.011386404,0.0011345721,False,643,-0.0010294484673067927,0.0013274812372401357,-0.012608760967850685
477,814,16,2,-4.290368556976318,-0.0040698815,-0.0034343528,False,837,-0.0033950041979551315,-0.010120687074959278,0.007361211813986301
477,893,17,2,-3.9128286838531494,-0.0053591873,-0.009847102,False,863,-0.0017787980614230037,-0.003917985130101442,-0.00234872754663229
478,46,0,2,-4.923668384552002,-0.006283741,0.0013692761,False,11,0.0025113679002970457,9.088515980693046e-06,0.010155295953154564
478,714,14,2,-4.109910488128662,0.0047640135,-0.00036066055,False,740,-0.002118172589689493,0.004520063288509846,-0.011762909591197968
478,771,15,2,-4.546604633331299,0.0024709988,0.0046190834,False,755,0.010960684157907963,-0.005730628967285156,0.01883939653635025
478,848,16,2,-4.408080101013184,0.007277918,-0.0011491489,False,835,0.0009450721554458141,0.0006278610089793801,-0.008109855465590954
478,904,18,2,-4.46528434753418,-0.0063595106,-0.002368841,False,901,-0.006165895611047745,0.0014979362022131681,-0.0036731623113155365
478,969,19,2,-4.40818977355957,-0.0013231849,0.0016787719,False,958,-0.0047810934484004974,0.0015089416410773993,-0.003288078587502241
479,6,0,2,-3.6485023498535156,0.0024207926,0.0033007907,False,35,0.006864996161311865,-0.007272586692124605,0.015017581172287464
479,757,15,2,-4.620661735534668,-0.006418009,0.0046707056,False,755,0.010447320528328419,-0.006845054682344198,0.028381088748574257
482,72,1,2,-2.889625310897827,0.004753032,-0.014229574,False,60,0.004891481250524521,-0.00234783161431551,-0.011743293143808842
482,879,17,2,-3.223071813583374,-0.0018680143,0.0007792616,False,892,0.005987396463751793,0.004008135758340359,0.00462653674185276
484,10,0,2,-4.534420967102051,0.0053078844,-0.0026969528,False,18,0.0026927567087113857,-0.004125728737562895,-0.001186351291835308
484,468,9,2,-4.683466911315918,-0.0045125103,-0.0027589703,False,463,-0.00029166220338083804,-0.005181446205824614,0.006643324159085751
485,136,2,2,-3.5856268405914307,0.008378157,-0.0019847918,False,127,-0.004015040583908558,-0.003271169727668166,-0.011106819845736027
485,206,4,2,-4.4048590660095215,-0.007460108,-0.006721077,False,249,0.006886415649205446,0.0026857375632971525,0.004939709324389696
485,426,8,2,-2.8692781925201416,0.0027911854,0.00056633947,False,428,-0.0028675890062004328,-0.0019202899420633912,-0.0031721447594463825
485,921,18,2,-3.8742222785949707,-0.0065119932,-0.0061063673,False,925,-0.00270033348351717,0.001865282072685659,-0.004159989766776562
486,14,0,2,-2.771684408187866,0.0054720733,0.0036962032,False,32,-0.0032080220989882946,-0.007891297340393066,0.0029074051417410374
486,57,1,2,-3.2737152576446533,0.0028032542,-0.004645243,False,71,0.00722256675362587,-0.007223248481750488,0.006997318007051945
487,89,1,2,-4.739073753356934,-0.011716204,0.0054755784,False,-1,,,
487,753,15,2,-4.291264057159424,-0.017485894,-0.0056992914,False,783,0.0006042575696483254,-0.00544285774230957,0.017833717167377472
488,81,1,2,-4.583141326904297,0.0062429714,-0.009144383,False,92,-0.00011109351908089593,0.004484090954065323,-0.019982539117336273
488,588,11,2,-3.804899215698242,0.006811619,0.0020395613,False,572,-0.004215517081320286,0.006316638085991144,-0.015304213389754295
490,28,0,2,-3.1192233562469482,0.008202515,0.012461028,False,-1,,,
490,933,18,2,-4.46895694732666,-0.0019171047,0.0056102276,False,902,-0.0039145853370428085,0.004636669065803289,-0.0010239225812256336
492,91,1,2,-5.438708782196045,0.009361839,0.021237737,True,-1,,,
492,103,2,2,-4.4004621505737305,0.0010670089,-0.0026850796,False,128,0.000900535611435771,-0.005621643271297216,0.0027700900100171566
492,187,3,2,-4.826183795928955,-0.0029563427,0.00032289504,False,171,-0.0035106849391013384,-0.0005729675176553428,0.0003415204118937254
492,208,4,2,-3.2224175930023193,0.013994031,-0.0012250852,False,239,0.00019478320609778166,0.004256010055541992,-0.019280342385172844
493,784,15,2,-4.2365288734436035,0.008445196,-0.0036216737,False,762,0.0022205256391316652,-0.0003788852773141116,-0.009467458352446556
493,974,19,2,-4.595022201538086,-0.0032460212,0.0012932777,False,981,-0.001821279525756836,0.0022213745396584272,0.000496644526720047
494,69,1,2,-5.377131462097168,0.006088047,0.0029036808,False,-1,,,
494,88,1,2,-4.2522664070129395,-0.0025139523,0.006395197,False,92,0.0030034352093935013,0.0013571262825280428,0.010555458255112171
494,226,4,2,-4.811491012573242,-0.0089708995,-0.0051780893,False,234,0.004950904753059149,0.002944240579381585,0.005799474194645882
494,924,18,2,-5.206599235534668,-0.005826607,0.0026749326,False,909,-0.0003084850322920829,0.0007666110759600997,0.0074264430440962315
495,3,0,2,-5.385634422302246,-0.0036973762,-0.002930107,False,29,-0.008061199449002743,-0.010725383646786213,0.0034314533695578575
495,83,1,2,-4.328178882598877,0.0030146218,-0.0047662924,False,92,0.0029295445419847965,0.0016185760032385588,-0.006469945423305035
495,500,10,2,-3.836963415145874,-0.0006775665,-0.003067603,False,507,-0.002503037452697754,0.0007154035847634077,-0.005608477629721165
495,754,15,2,-5.084334850311279,0.0042809583,-0.010596896,False,795,-0.006493997760117054,-0.00182482716627419,-0.019547024741768837
496,669,13,2,-3.9723095893859863,0.0033085728,-0.0072202208,False,665,-0.00038514615152962506,0.0072052860632538795,-0.018119225278496742
496,789,15,2,-4.35722541809082,0.0061013508,-0.005090952,False,783,0.002995395567268133,-0.0051297759637236595,-0.0030671320855617523
500,78,1,2,-5.9742536544799805,-0.0009600067,0.0,True,-1,,,
500,781,15,2,-5.778469562530518,-0.00016810418,-0.003182783,True,778,-0.0009452724480070174,-0.005584592930972576,0.0016246417071670294
502,33,0,2,-3.7699413299560547,0.00567914,0.00019041062,False,49,0.001943988841958344,-0.0022976684849709272,-0.001247071661055088
502,380,7,2,-4.341620445251465,0.0037594032,0.00019834518,False,359,-0.003206720342859626,-0.0010805987985804677,-0.005687179509550333
502,777,15,2,-4.1301589012146,-0.0083536,-0.003529892,False,760,0.006420669611543417,0.004152102395892143,0.007092275191098452
502,992,19,2,-4.958442687988281,-0.009075279,0.0017722702,False,980,-0.001915082917548716,0.0006632804870605469,0.008269187062978745
503,759,15,2,-4.438587188720703,0.0109023955,-0.0065045264,False,788,-0.006882529240101576,0.0008348560077138245,-0.025124307721853256
503,823,16,2,-4.845914840698242,0.0013531399,-0.0016860295,False,810,0.004883699584752321,-0.0013757324777543545,0.0032202627044171095
504,68,1,2,-4.483949661254883,0.0035529328,-0.0063790227,False,92,-0.004064521752297878,0.005171766504645348,-0.019168242812156677
504,977,19,2,-4.148341655731201,-0.0045442106,-0.0014118195,False,984,0.0016420745523646474,0.004533186089247465,0.00024127960205078125
505,655,13,2,-5.288416862487793,-0.029854117,-0.0019307995,False,661,-0.0027812765911221504,0.003501625033095479,0.021640416234731674
505,959,19,2,-4.06916618347168,-0.000976305,0.007156119,False,962,0.000547971751075238,-0.0040264795534312725,0.012706875801086426
506,457,9,2,-5.139092445373535,-0.007602644,0.0053178407,False,492,-0.004525499418377876,0.005672865081578493,0.0027221208438277245
506,843,16,2,-4.192538738250732,-0.0023364257,-0.0023427296,False,831,-0.0006901836604811251,-0.008152666501700878,0.007456178776919842
506,906,18,2,-3.6195876598358154,0.0036444664,-0.006756382,False,907,-0.002262539928779006,0.0021766566205769777,-0.014840045012533665
506,948,18,2,-3.819436550140381,0.00058712484,-0.0034516717,False,908,0.002891712123528123,-0.009858221746981144,0.008711136877536774
507,144,2,2,-3.8981785774230957,0.00040115832,-0.0066141416,False,109,-0.007590713445097208,-0.00281477440148592,-0.011791238561272621
507,150,3,2,-4.092977046966553,-0.0019067669,-0.006380892,False,173,-0.0009752750629559159,-0.004189386498183012,-0.0012600133195519447
507,464,9,2,-4.316514015197754,-0.003361187,0.005532665,False,452,-0.005319566931575537,-0.0016652393387630582,0.005239524412900209
507,765,15,2,-3.744488477706909,0.006593213,-0.005891204,False,769,0.00025471209664829075,0.005519242491573095,-0.017748946323990822
507,772,15,2,-4.782258033752441,0.009573898,-0.013195448,False,782,0.007262029685080051,0.0008834075997583568,-0.0163907241076231
507,876,17,2,-3.8077352046966553,0.0023557185,-0.0036583566,False,895,-0.0023422909434884787,-0.005083727650344372,-0.0032726384233683348
508,65,1,2,-5.004488945007324,0.011109791,-0.016008683,False,-1,,,
508,222,4,2,-4.4643330574035645,0.013063726,0.004486046,False,207,-0.00771237351000309,-0.005126104224473238,-0.011163949966430664
508,254,5,2,-4.0185465812683105,-0.0009399891,0.0009839869,False,292,0.0012876605615019798,-0.0015593337593600154,0.0047709704376757145
508,484,9,2,-3.550665855407715,0.0045483066,0.0028452636,False,453,0.0060670948587358,-0.0001426696835551411,0.004506721626967192
508,486,9,2,-3.9869608879089355,-0.0020036125,-0.00015170098,False,482,-0.004894590470939875,-0.012191057205200195,0.009148377925157547
508,573,11,2,-5.095694541931152,-0.013485499,0.005164137,False,574,-0.004311122931540012,-0.0012849330669268966,0.015623446553945541
511,56,1,2,-3.585174798965454,-0.0006317091,0.0016653967,False,55,-0.004887470975518227,0.002425985410809517,-0.005016350653022528
511,455,9,2,-5.389664649963379,-0.01213316,0.0004823494,False,476,-0.0037291240878403187,0.0027804088313132524,0.006105976179242134
511,525,10,2,-4.392436504364014,-0.002045803,-0.0006978893,False,510,-0.0015911960508674383,0.0021370602771639824,-0.0023803426884114742
511,774,15,2,-3.4079978466033936,0.0020702458,-0.0011508751,False,751,0.008491945452988148,-0.005707993637770414,0.0109788179397583
512,54,1,2,-5.94045877456665,-0.015210104,-0.0006758976,True,-1,,,
512,741,14,2,-3.612790107727051,-0.0025016165,0.0007110262,False,736,0.0030522728338837624,-0.0038432215806096792,0.010108137503266335
512,856,17,2,-4.513432025909424,0.0062791156,-0.00264987,False,897,-0.0019396973075345159,0.003231315640732646,-0.014099998399615288
512,864,17,2,-4.29014778137207,0.01658392,-0.0019623088,False,899,-0.0009166050003841519,-0.002143068239092827,-0.01731976494193077
513,77,1,2,-5.064802169799805,-0.012948522,-0.003969221,False,-1,,,
513,145,2,2,-3.8714640140533447,-0.0040521193,-0.0019096232,False,134,-0.001445336383767426,0.0035506628919392824,-0.002853503217920661
514,94,1,2,-4.990281105041504,-0.0027269744,-0.00055350305,False,-1,,,
514,244,4,2,-3.887521982192993,0.004592223,-0.001406908,False,213,0.006302895490080118,0.00680934451520443,-0.006505580153316259
515,248,4,2,-4.446050643920898,-0.012290941,0.00644063,False,240,0.0011260509490966797,-0.0010456276359036565,0.020903250202536583
515,708,14,2,-3.138554573059082,0.00022447109,0.0014984226,False,738,-0.0006855869432911277,0.00026848792913369834,0.0003198765916749835
516,231,4,2,-3.7457406520843506,-0.0005183601,0.0024776696,False,245,-0.0024381589610129595,0.0005959081463515759,-3.803730942308903e-05
516,480,9,2,-3.9597644805908203,-0.007233353,0.002477522,False,461,-0.010731320828199387,-0.0028346204198896885,0.0018141735345125198
517,27,0,2,-4.378228664398193,-0.010867929,0.002674284,False,5,0.0029944609850645065,0.006077127531170845,0.010459545999765396
517,133,2,2,-3.570359706878662,-0.00040006638,-0.0022885466,False,121,0.003428220748901367,0.0031506919767707586,-0.0016109514981508255
518,577,11,2,-4.178635120391846,-0.0061596013,0.007373495,False,597,-0.003833198454231024,0.0005763530498370528,0.009123545140028
518,637,12,2,-5.890504360198975,-0.009775305,-0.0015037155,False,607,-0.009313459508121014,0.0013397407019510865,-0.002381610684096813
518,840,16,2,-4.261106967926025,-0.0029388429,-0.005822592,False,831,0.00016339302237611264,-0.003909530583769083,0.001189174596220255
518,866,17,2,-4.057624340057373,0.01177988,0.004697766,False,867,0.0017442703247070312,-0.0018535518320277333,-0.0034842919558286667
520,21,0,2,-2.9110212326049805,0.008863631,-0.006604967,False,32,-0.006466865539550781,-0.010166454128921032,-0.011769008822739124
520,31,0,2,-3.374807596206665,-0.0029604007,-7.417202e-05,False,-1,,,
520,569,11,2,-3.167494773864746,0.0011625099,-0.00048149587,False,581,-0.0011821937514469028,-0.0002701616322156042,-0.0025560378562659025
520,941,18,2,-3.3885509967803955,-0.0034491206,0.0004663372,False,923,-0.002201995812356472,-0.001243543578311801,0.002957005752250552
521,64,1,2,-5.802973747253418,-0.013166504,0.00023635864,True,-1,,,
521,445,8,2,-3.9415972232818604,0.0034082842,0.0033334685,False,406,-0.0033744715619832277,6.978988676564768e-05,-0.0035190770868211985
522,87,1,2,-4.721282482147217,-0.0032248974,0.007264805,False,90,-0.010519284754991531,0.000990314525552094,-0.0010198969393968582
522,642,12,2,-3.9108176231384277,0.010844775,0.0020945168,False,601,0.0021197842434048653,0.008201408199965954,-0.01483188197016716
522,713,14,2,-4.425580024719238,-0.0026591397,-0.002288084,False,722,-0.004578466527163982,-0.0008126735920086503,-0.003394737374037504
522,927,18,2,-4.717741966247559,0.0011937905,-0.0081523415,False,929,-0.005752773489803076,0.001220865291543305,-0.016319770365953445
523,24,0,2,-4.613471031188965,-0.0068524648,-0.011623535,False,36,-0.0008754539303481579,-0.006858444306999445,0.0012119198217988014
523,306,6,2,-4.646241188049316,0.0027892303,-0.003643217,False,316,0.0016077137552201748,-0.000599069579038769,-0.004225664306432009
524,204,4,2,-5.304324150085449,-0.014094753,-0.00031796456,False,224,-0.007496633566915989,-0.00422495836392045,0.010505113750696182
524,390,7,2,-3.905003786087036,0.00034403324,5.0673483e-05,False,369,0.0035811758134514093,0.001308875042013824,0.001978941261768341
526,76,1,2,-4.771059513092041,-0.007682705,0.0048391055,False,85,-0.016091689467430115,-0.005652065388858318,0.0020821867510676384
526,238,4,2,-4.176773548126221,-0.0030945207,1.6937256e-05,False,213,0.0005730914999730885,0.0026570558547973633,0.001027493504807353
526,503,10,2,-3.5176565647125244,-0.00019226075,0.00090736867,False,523,0.0034536791499704123,-0.0016537666087970138,0.006207074970006943
526,668,13,2,-3.6635985374450684,0.0025183582,0.002004795,False,685,0.005670709535479546,-0.0054886057041585445,0.010645752772688866
527,13,0,2,-4.149423122406006,-0.0030599737,0.0016004944,False,5,0.006201724987477064,0.003258981741964817,0.0076032113283872604
527,673,13,2,-3.9703712463378906,0.0051226616,-0.001259718,False,670,-0.006919288542121649,0.0027097321581095457,-0.016011400148272514
528,59,1,2,-5.817758083343506,-0.009891996,7.886887e-06,False,-1,,,
528,718,14,2,-4.996920108795166,-0.004666729,-0.001331892,False,720,-0.0009769439930096269,-0.002033891621977091,0.004391784779727459
528,780,15,2,-5.49455451965332,-0.0012878132,-0.009593982,False,790,-0.005946111865341663,0.004423408303409815,-0.01867568865418434
528,998,19,2,-3.6567065715789795,0.0065441416,-0.0014455175,False,970,-0.00579382898285985,0.0039276075549423695,-0.0177110955119133
529,86,1,2,-4.254326343536377,-0.0006150436,-0.00051008223,False,92,0.007483558729290962,0.0022829342633485794,0.005305585917085409
529,216,4,2,-4.477940559387207,-0.0059574125,0.0021717835,False,207,-0.006849346216768026,-0.0012516975402832031,0.0025315475650131702
529,591,11,2,-3.54604172706604,-0.0022287415,0.0034489345,False,572,0.0036454058717936277,-0.006882572080940008,0.01620565354824066
529,797,15,2,-3.6294848918914795,-0.0076058866,0.006077795,False,786,-0.0066346884705126286,-0.006375184282660484,0.013424176722764969
530,221,4,2,-3.325124502182007,-0.0035257577,-0.008539224,False,223,0.0009092473774217069,0.0026854276657104492,-0.006789646577090025
530,796,15,2,-4.756204605102539,0.00747489,-0.015184117,False,782,0.006092128809541464,-0.002994976006448269,-0.013571903109550476
531,39,0,2,-3.026461601257324,-0.0036646174,-0.007751112,False,32,-0.004462885670363903,-0.011490005999803543,0.002940625883638859
531,562,11,2,-4.44778299331665,-0.004025402,-0.00093616487,False,598,-0.002776307985186577,-0.0010888481047004461,0.00140177714638412
531,694,13,2,-4.615684986114502,0.006332865,0.0024894523,False,690,-0.0066447448916733265,0.0007585811545141041,-0.011246738955378532
531,836,16,2,-2.9349260330200195,0.0031258487,-0.001065178,False,-1,,,
532,80,1,2,-5.304920673370361,-0.0015239049,0.00025923728,False,61,-0.003704328555613756,-0.0025073718279600143,0.0005861853715032339
532,890,17,2,-5.398739337921143,0.011019697,0.0060112667,True,-1,,,
535,312,6,2,-4.690075397491455,-0.0061276625,-0.001110487,False,316,-0.0020666122436523438,0.004361610393971205,-0.0014110472984611988
535,618,12,2,-4.219226360321045,0.0039674663,0.0069566965,False,605,5.7668687077239156e-05,-0.007637720089405775,0.010684618726372719
536,779,15,2,-2.5996413230895996,0.0053761196,0.0028489255,False,775,0.004863472189754248,-0.0037412166129797697,0.0060774944722652435
536,853,17,2,-2.997130870819092,0.0014771223,-0.0014531947,False,880,0.003765120403841138,-0.005966687109321356,0.006801490671932697
541,152,3,2,-5.083953380584717,-0.0010774994,-0.008172694,False,165,-0.006532258819788694,-0.004278621636331081,-0.009348832070827484
541,158,3,2,-3.815345287322998,0.003960848,-0.0012742472,False,184,0.0027022934518754482,-0.00332067022100091,0.0007878686301410198
541,454,9,2,-4.400901794433594,-0.005826063,0.0018558216,False,482,-0.009225759655237198,-0.0044309520162642,0.0028870771639049053
541,767,15,2,-5.83313512802124,0.0024177742,-0.0021343709,True,778,-0.00971657782793045,0.005502538755536079,-0.019771261140704155
544,162,3,2,-3.805734157562256,0.0055715563,-0.0031304646,False,189,-0.0046729133464396,0.0002931833150796592,-0.013668118044734001
544,487,9,2,-4.270103454589844,-0.0037953567,-0.0032957934,False,493,-0.001441364292986691,-0.0007997703505679965,-0.0001420306507498026
546,88,1,2,-3.8690268993377686,0.009014755,-0.004327445,False,71,-0.008947143331170082,-0.014544201083481312,-0.0077451420947909355
546,659,13,2,-2.829277515411377,0.005638976,0.00073492527,False,657,0.006068043876439333,-0.003698491957038641,0.004862484987825155
548,217,4,2,-5.330977916717529,-0.0071881865,-0.00041830062,False,232,0.0041420841589570045,-0.0028854941483587027,0.013797463849186897
548,560,11,2,-3.7842092514038086,0.004534168,9.28688e-05,False,592,-0.002627143869176507,-0.0026071739848703146,-0.004461269360035658
548,596,11,2,-4.810641288757324,0.0012922478,0.008426237,False,575,-0.003159437095746398,0.006201114505529404,-0.0022265627048909664
548,757,15,2,-4.6367506980896,-0.0005586052,0.010927524,False,756,0.004064664710313082,-0.0007673740619793534,0.016318168491125107
549,81,1,2,-4.841250896453857,-0.0057271384,-0.006019249,False,85,-0.02034067176282406,-0.001574182533659041,-0.019058600068092346
549,98,1,2,-5.776230335235596,-0.002870283,-0.0011903,True,-1,,,
549,437,8,2,-3.78167724609375,0.001384325,0.0011671877,False,424,-0.0033665657974779606,-0.00036712645669467747,-0.003216576762497425
549,441,8,2,-3.8185384273529053,0.0053500985,-0.0035185623,False,424,-0.0033665657974779606,-0.00036712645669467747,-0.011868100613355637
550,220,4,2,-3.538587808609009,0.012787785,-0.012265381,False,-1,,,
550,243,4,2,-4.47592306137085,-0.010205145,0.0021059322,False,212,-0.004161329474300146,0.005500235594809055,0.002649512141942978
550,481,9,2,-3.1992313861846924,0.004507537,0.002242031,False,466,-0.0061985207721591,0.0012075853301212192,-0.009671611711382866
550,505,10,2,-4.173476219177246,0.0012258721,-0.0011036205,False,509,-0.00040854455437511206,-0.0018877220572903752,-0.0008503149729222059
550,627,12,2,-3.1322755813598633,0.0047850134,0.004338827,False,643,0.005812120623886585,0.001869254163466394,0.0034966799430549145
550,987,19,2,-3.435299873352051,3.5328863e-05,-0.0010719586,False,991,0.002534504048526287,-0.0016313886735588312,0.003058604896068573
552,72,1,2,-3.5244784355163574,-0.010187201,0.0037316226,False,55,0.0011473416816443205,0.01307055912911892,0.0019956063479185104
552,361,7,2,-4.026727676391602,-0.0010640478,-0.0001331234,False,396,0.002715406473726034,0.0036167048383504152,2.9626069590449333e-05
552,485,9,2,-2.8593547344207764,-0.0057096244,-0.0059965085,False,497,-0.0024989128578454256,0.003540892619639635,-0.006326689850538969
552,599,11,2,-3.9889237880706787,-0.00964703,0.001078763,False,593,-0.0015608406392857432,0.00016068459080997854,0.009004267863929272
553,287,5,2,-3.8985230922698975,-0.000978074,-0.00066554546,False,285,-0.0001347160286968574,1.8825530787580647e-05,0.00015898700803518295
553,675,13,2,-4.019700527191162,-0.00265306,0.0012085151,False,685,-0.0006953144329600036,-0.0017212772509083152,0.004887538030743599
554,66,1,2,-5.366454124450684,0.002672453,-0.004455557,True,-1,,,
554,137,2,2,-2.9801888465881348,0.0042747734,0.00060460565,False,126,-0.001119637512601912,-0.005553889088332653,0.0007640840485692024
554,257,5,2,-3.952465772628784,-0.00068975927,0.0017727852,False,259,0.00015929699293337762,0.0009186172392219305,0.001703224261291325
554,559,11,2,-4.0547099113464355,-0.0037053109,0.0019261789,False,593,-0.0027876710519194603,0.001747722621075809,0.0010960958898067474
554,621,12,2,-3.6133615970611572,-0.0037021732,-0.011454949,False,645,0.001180734601803124,0.006962633226066828,-0.013534674420952797
554,804,16,2,-4.426868915557861,-0.0073224353,0.00027669908,False,835,-0.002953929826617241,0.007563695777207613,-0.0029184906743466854
556,37,0,2,-3.6217799186706543,0.01648017,-0.0015371608,False,26,0.00153296475764364,-0.0004176187503617257,-0.016066746786236763
556,172,3,2,-4.7059502601623535,-0.0044670105,0.001578331,False,176,-0.001079130219295621,-0.0012006377801299095,0.006166849285364151
556,230,4,2,-5.564610958099365,-0.010107727,-0.00019282341,False,202,-0.006767778191715479,3.2854080927791074e-05,0.0031142705120146275
556,462,9,2,-4.18027925491333,0.002259102,-0.0012636089,False,493,0.001857118564657867,0.001005458878353238,-0.0026710513047873974
556,739,14,2,-4.3640336990356445,-0.0030270577,0.0023649884,False,734,0.00035462380037643015,0.0007557582575827837,0.004990911576896906
556,764,15,2,-3.723886489868164,0.0040907287,0.011751103,False,769,0.004911256022751331,0.0072959186509251595,0.0052757118828594685
557,73,1,2,-3.7527925968170166,0.010403819,-0.013024116,False,53,-0.006093740463256836,-0.005947742611169815,-0.02357393316924572
557,827,16,2,-4.627609729766846,-0.0046049976,-0.004608412,False,800,0.0012392615899443626,0.010012846440076828,-0.008776999078691006
558,1,0,2,-4.642246246337891,-0.007660942,0.008544836,False,18,-0.002279081381857395,-0.0063773347064852715,0.020304031670093536
558,669,13,2,-4.213348865509033,0.00042500495,-0.0029841042,False,691,-0.0025615596678107977,0.003809385234490037,-0.009780053980648518
558,681,13,2,-4.464653015136719,-0.00017698288,-0.0045613195,False,690,0.002552604768425226,-0.0002624893095344305,-0.001569242449477315
558,795,15,2,-5.102381706237793,-0.0018077183,-0.010037737,False,773,-0.003295354777947068,-0.004686279222369194,-0.006839093752205372
560,30,0,2,-3.769299268722534,0.0006829071,0.004306464,False,26,0.0017108344472944736,0.001372652011923492,0.003961739130318165
560,557,11,2,-3.976980209350586,-0.010367598,-0.00018053531,False,584,-0.002097921445965767,-0.0012121200561523438,0.009301261976361275
560,640,12,2,-3.9919776916503906,0.002945566,0.0069253827,False,603,-0.0003768539463635534,-0.0019620037637650967,0.0055649662390351295
560,794,15,2,-4.947941780090332,-0.011044617,0.0057129385,False,798,0.001497945748269558,0.0022147465497255325,0.016040753573179245
561,570,11,2,-4.785497188568115,0.0024051666,0.0005093002,False,585,0.0012849521590396762,-0.0013629912864416838,0.0007520769722759724
561,913,18,2,-4.797938346862793,0.0056618787,0.0010337163,False,943,-0.0010618590749800205,0.0033498096745461226,-0.009039830416440964
562,885,17,3,-4.262214660644531,-0.009949079,0.0065352535,False,886,0.003691825782880187,-0.0024010944180190563,0.022577252238988876
563,209,4,2,-3.955549716949463,-0.0024265193,-0.0075150775,False,203,0.0015915154945105314,-0.0034492635168135166,-4.7779642045497894e-05
563,459,9,2,-4.007693290710449,-0.006115389,0.0010193539,False,461,-0.00510610593482852,-0.0017177772242575884,0.0037464143242686987
563,467,9,2,-3.7390074729919434,0.0063806726,-0.008391866,False,494,-0.00384505745023489,-0.009803581051528454,-0.008814015425741673
563,475,9,2,-5.397761344909668,0.011508332,0.002374983,True,476,0.002802934730425477,0.0006381606799550354,-0.0069685741327703
563,766,15,2,-3.874016761779785,-0.00032990932,0.0006923294,False,760,-0.0018335103522986174,-0.0020558165851980448,0.0012445449829101562
563,787,15,2,-5.086511611938477,-0.0004962444,-0.0011499405,False,773,0.0018725586123764515,-0.009423894807696342,0.010642756707966328
564,78,1,2,-5.772513389587402,0.0037136746,-0.0019739438,True,96,-0.0008844661642797291,0.0005625534104183316,-0.007134638261049986
564,641,12,2,-5.373177528381348,0.001770687,0.00029075623,False,612,-0.0002900505205616355,-0.0002906417939811945,-0.0014793395530432463
564,821,16,3,-2.7390434741973877,0.008250527,-0.0029068948,False,-1,,,
565,114,2,2,-3.197382926940918,-0.011379051,-0.0052225925,False,125,0.010824460536241531,-0.0003508281661197543,0.017331747338175774
565,211,4,2,-3.338771104812622,0.008476662,-0.0030409717,False,-1,,,
565,214,4,2,-4.772164344787598,-0.00624547,-0.0020157527,False,219,-0.0011099051916971803,0.0034975241869688034,-0.00037771183997392654
565,486,9,2,-3.578317403793335,0.008890681,-0.002118783,False,499,0.004110512789338827,-0.008829398080706596,0.001930447295308113
565,567,11,2,-3.700995683670044,-0.0007010889,0.0036891745,False,565,0.0008009528974071145,0.004941048566251993,0.00025016767904162407
565,610,12,2,-4.359991550445557,-0.01519723,0.0054259584,False,644,-0.004892473109066486,-0.004263171926140785,0.019993886351585388
566,16,0,2,-3.8813910484313965,0.0027313423,-0.0046468927,False,38,-0.008393015712499619,0.0018676233012229204,-0.01763887330889702
566,358,7,2,-3.908025026321411,6.083965e-05,-0.0019481421,False,363,-0.0006098031881265342,-0.0019954729359596968,-0.0006233120802789927
566,452,9,2,-4.130069255828857,0.006727276,0.004259925,False,461,-0.0028346204198896885,-0.005652742460370064,0.0003507710061967373
566,473,9,2,-4.259844779968262,0.009731951,-0.0018849277,False,493,0.0010722350561991334,0.004368085879832506,-0.01491273008286953
566,629,12,2,-3.8427131175994873,0.00500093,0.001396575,False,632,0.0051988172344863415,0.0004074621247127652,0.001187000423669815
566,937,18,2,-4.086503028869629,-0.0030620003,0.00068314554,False,914,0.001118993735872209,-8.574486128054559e-05,0.0049498844891786575
567,83,1,2,-5.244123458862305,-0.015167493,-0.0056206607,False,85,-0.00793416053056717,-0.018216019496321678,0.019828692078590393
567,288,5,2,-3.7950379848480225,0.0007157707,-0.0019479751,False,290,-0.0019136524060741067,-0.00033995151170529425,-0.0042374469339847565
568,682,13,2,-5.12406063079834,-0.008486357,0.0027643966,False,664,-0.003970833029597998,0.006604728754609823,0.0006751911714673042
568,805,16,2,-5.472455024719238,-0.0015882873,-0.0029783153,False,813,-0.0029470729641616344,0.0015765762655064464,-0.005913677625358105
569,50,1,2,-3.866405725479126,0.0013148785,-0.018850388,False,74,0.008573689498007298,-0.0019217062508687377,-0.00966987106949091
569,874,17,2,-3.262279510498047,-0.0046126125,-0.002530279,False,878,0.00229054456576705,0.004350609611719847,2.22683884203434e-05
573,763,15,2,-5.840062141418457,-0.0062354757,-0.00016446113,True,778,0.0031790733337402344,-0.0045155431143939495,0.01376563124358654
573,909,18,2,-5.223549842834473,-0.0026785182,-0.0006489277,False,936,-0.0067483424209058285,0.0033730126451700926,-0.008091764524579048
574,246,4,2,-2.724224090576172,0.027557269,-0.0045112898,False,239,0.006789135746657848,0.005881843622773886,-0.031161265447735786
574,305,6,2,-4.677977561950684,-0.0014547062,0.0018624401,False,311,-0.00499649066478014,-0.003685693722218275,0.0020063493866473436
575,90,1,2,-4.75924015045166,-0.00015354156,-0.0068924427,False,82,0.00517380703240633,-0.005147580988705158,0.0035824868828058243
575,124,2,2,-3.6542251110076904,0.0024387646,-0.00055911066,False,115,-0.0008844137191772461,0.00022240639373194426,-0.0041046952828764915
576,84,1,2,-5.721158981323242,-0.0076272204,-0.0024580096,False,97,-0.0011031532194465399,-0.003114719409495592,0.007180777378380299
576,397,7,2,-3.873904228210449,-0.0016771603,-0.0017211628,False,369,0.0006983089260756969,0.0005524682928808033,0.0001018380862660706
578,99,1,2,-5.573520660400391,-0.0036527347,-0.007655182,False,97,8.291244739666581e-05,-0.0029301834292709827,-0.0009893514215946198
578,595,11,2,-4.335545063018799,-0.0012429333,0.0062628556,False,597,-0.0029650116339325905,-0.0005826473352499306,0.005123424343764782
579,47,0,2,-2.9428212642669678,0.002104993,-0.0016910029,False,-1,,,
579,228,4,2,-2.944337844848633,-0.0057990314,0.0028622055,False,223,0.0017844820395112038,0.000979089760221541,0.009466628544032574
580,21,0,2,-3.199979305267334,-0.0060012247,-0.0024960374,False,6,0.002517275745049119,0.008228817023336887,-0.002206354169175029
580,65,1,2,-5.339798450469971,0.00090498925,-0.007982874,True,-1,,,
581,31,0,2,-3.293032646179199,0.0022193051,-0.012596398,False,6,0.001746106194332242,0.010135436430573463,-0.02320503443479538
581,57,1,2,-3.685241222381592,-0.0030441666,-0.0040080263,False,74,0.013004927895963192,-0.007292437367141247,0.019333506003022194
581,166,3,2,-3.689161777496338,0.00593369,-0.0017356443,False,169,0.004816398490220308,-0.0028978490736335516,4.491303116083145e-05
581,432,8,2,-3.4801907539367676,0.0026574181,-0.0005099058,False,402,-0.0014231252716854215,-0.0009219979983754456,-0.003668451216071844
581,460,9,2,-4.177440166473389,0.012166061,-0.0070553683,False,461,-0.008616218343377113,0.001727952971123159,-0.02956559881567955
581,750,15,2,-4.509204864501953,-0.0077683353,-0.0030186845,False,755,0.004594774451106787,0.0025475979782640934,0.006796827539801598
581,867,17,2,-3.736065626144409,0.008824935,0.0009225178,False,894,0.006782274227589369,0.0010798978619277477,-0.002200040966272354
581,872,17,2,-4.3686957359313965,-0.002171793,-0.0056497576,False,897,0.00027112007956020534,-0.0049211978912353516,0.0017143534496426582
583,616,12,2,-4.197049140930176,0.0015726376,0.0056228302,False,608,0.0005468273302540183,0.0003653621533885598,0.004231657832860947
583,796,15,2,-5.538568496704102,-0.014393368,-0.00044065475,False,761,-0.009863205254077911,-0.008776569738984108,0.012866077944636345
585,751,15,2,-4.099077224731445,-0.011202564,0.0065448666,False,788,0.0060369777493178844,0.0008368587587028742,0.02294754981994629
585,873,17,2,-4.40779972076416,0.0021239186,0.0031250762,False,899,-0.0005161380977369845,-0.009823961183428764,0.010308980941772461
587,58,1,2,-4.18632173538208,0.021166459,-0.0007085609,False,92,-0.0005855369381606579,0.002598667051643133,-0.025059223175048828
587,80,1,2,-5.560341835021973,-0.0036978053,-0.0029143333,False,97,0.0024512100499123335,-0.00624194135889411,0.009476623497903347
587,292,5,2,-4.135936260223389,-0.0016609478,0.0010729503,False,251,-0.00017493247287347913,-0.000882806780282408,0.003441772423684597
587,546,10,2,-4.131129741668701,0.00092630385,-0.0005238056,False,541,-0.0006088924128562212,-0.0006612110300920904,-0.001397790852934122
588,95,1,2,-3.9838523864746094,0.007188406,0.00032954692,False,52,-0.004771447274833918,-0.007559766992926598,-0.004070539027452469
588,471,9,2,-4.48866605758667,-0.009602117,0.0067139626,False,490,-0.006882763002067804,0.002503681229427457,0.006929636001586914
589,94,1,2,-4.800107955932617,0.008895216,-0.0065033818,False,82,0.008759870193898678,-0.00534930219873786,-0.0012894254177808762
589,399,7,2,-4.065153121948242,-0.0009886646,-0.0009586048,False,351,-0.0020450640004128218,-0.00274174683727324,0.0007267426117323339
589,566,11,2,-4.168735027313232,-0.005773716,-0.008848219,False,580,-0.004196319729089737,0.00106274604331702,-0.008333569392561913
589,772,15,2,-4.83528995513916,0.0041740704,-0.0045101834,False,756,0.0017120075644925237,0.004740514792501926,-0.011712760664522648
591,13,0,2,-4.172455787658691,0.00032556534,-0.0016650676,False,9,0.0002209472586400807,-0.009077806025743484,0.007308119907975197
591,91,1,2,-4.507767200469971,-0.00020376206,-0.0062358286,False,71,-0.012409129180014133,-0.0048319436609745026,-0.01360925193876028
591,303,6,2,-4.722191333770752,-0.009745836,0.0015982246,False,311,-0.0002713203430175781,-0.012723789550364017,0.023796530440449715
591,468,9,2,-5.087283611297607,-0.0029254246,-0.0041194726,False,465,0.00039966581971384585,0.0028611754532903433,-0.00365555752068758
591,654,13,2,-5.06529426574707,-0.010988341,0.009421387,False,658,-0.0008506870362907648,0.00412330636754632,0.015435733832418919
591,861,17,2,-3.8749730587005615,0.0027616262,-0.004428382,False,898,0.004639878403395414,-0.002873368328437209,0.0003232383169233799
594,15,0,2,-4.491224765777588,0.010809145,0.0032278253,False,44,0.0013688945909962058,-0.00015306472778320312,-0.006059360224753618
594,61,1,2,-5.804910182952881,-0.008340226,5.502701e-05,False,97,-0.00010184288112213835,-0.004050044808536768,0.012343455106019974
594,449,8,2,-4.44377326965332,-0.00028999327,0.00028868674,False,412,0.00023142814461607486,-0.002258520107716322,0.003068628255277872
594,626,12,2,-3.493354082107544,0.0019458628,-0.0057185316,False,646,0.007907500490546227,-0.004494004417210817,0.004737109877169132
595,163,3,2,-4.113516330718994,0.006079006,-0.001286602,False,180,0.003139495849609375,0.006526498589664698,-0.010752610862255096
595,771,15,2,-4.486135959625244,-0.0031512547,-0.009318876,False,798,0.00852028839290142,-0.003251361893489957,0.0056040287017822266
596,5,0,2,-3.8561267852783203,0.008289051,-0.021319961,False,38,-0.00041132449405267835,0.003250804031267762,-0.03327114135026932
596,822,16,2,-5.582210540771484,-0.0059094145,-0.0029654026,False,813,0.0015948391519486904,-3.570556509657763e-05,0.004574556834995747
597,8,0,2,-5.450082778930664,0.0022367286,0.0061415196,False,48,0.006415462587028742,0.0017492104088887572,0.008571043610572815
597,51,1,2,-4.8977179527282715,-0.009248352,-0.0023506642,False,82,0.012855730019509792,-0.005906639155000448,0.025660056620836258
597,207,4,2,-3.9118812084198,0.01347054,-0.0022507142,False,249,0.0033080719877034426,-0.00777278421446681,-0.0046403976157307625
597,314,6,2,-3.734713554382324,0.0011052513,-0.0031033086,False,315,0.0022049332037568092,-0.0035484314430505037,0.0015448043122887611
598,492,9,2,-4.3068132400512695,0.010446787,-0.013844948,False,494,-0.013448839075863361,-0.006714677903801203,-0.031025895848870277
598,847,16,2,-3.7477517127990723,-0.009603491,-0.007775059,False,808,-0.0072685289196670055,-0.006890997756272554,0.0014509009197354317
601,20,0,2,-3.3907766342163086,0.008869868,-0.004745164,False,32,0.001357708009891212,-0.006598315201699734,-0.005659008398652077
601,231,4,2,-3.765275478363037,-0.0025212527,-0.0015803623,False,245,0.004567274823784828,-0.008765798062086105,0.014273962937295437
602,19,0,2,-4.099542617797852,-0.0030543136,-0.016836595,False,25,-0.0018746996065601707,-0.001524209976196289,-0.014132770709693432
602,781,15,2,-5.781611442565918,0.0034509373,0.00010069847,True,761,-0.009230499155819416,-0.0020291232503950596,-0.010551614686846733
604,174,3,2,-3.756901264190674,-0.0027252198,-0.0007990408,False,159,-0.006674628239125013,-0.0010226774029433727,-0.0037257717922329903
604,177,3,2,-4.253221035003662,-0.00066877366,0.00027602195,False,181,0.0007128620054572821,-0.0022698116954416037,0.003927469253540039
604,186,3,2,-3.67590069770813,0.0020045997,0.002553997,False,159,-0.006674628239125013,-0.0010226774029433727,-0.005102553404867649
604,453,9,2,-3.989400863647461,-0.01140903,0.014038043,False,499,-0.009633836336433887,0.004960760939866304,0.010852476581931114
604,454,9,2,-4.360288143157959,0.001548748,-0.0023596096,False,490,-0.005405149422585964,-0.0015011311043053865,-0.007812376134097576
604,605,12,2,-4.661923885345459,-0.0074309446,-0.001955633,False,625,0.0025651168543845415,-0.0016051483107730746,0.00964557658880949
609,53,1,2,-3.9195680618286133,-0.0010869026,-0.002888918,False,74,0.0005322265787981451,-0.00012246132246218622,-0.0011473274789750576
609,222,4,2,-3.640519857406616,0.011309075,-0.006204834,False,213,-0.00033707619877532125,0.006709094159305096,-0.024560078978538513
609,740,14,2,-3.88403582572937,0.0021861792,0.0027901076,False,733,-0.003414030186831951,0.0006273746257647872,-0.0034374764654785395
609,786,15,2,-4.261368751525879,-0.004681349,-0.010219756,False,765,-0.005073127802461386,0.00284607894718647,-0.013457613997161388
612,192,3,2,-3.0219194889068604,0.004950495,-0.0047049616,False,170,0.0022606372367590666,-0.0021873475052416325,-0.00520747248083353
612,240,4,2,-3.4149060249328613,0.023040704,-0.0029267836,False,242,-0.010303115472197533,-0.003343944437801838,-0.032926660031080246
613,77,1,2,-5.110217094421387,0.0030609227,-0.00027404784,False,82,0.000298757542623207,0.0037282563280314207,-0.006764469668269157
613,598,11,2,-4.4575934410095215,0.0029873084,2.9458999e-05,False,590,0.0019494629232212901,-0.0017684268532320857,0.000760040245950222
614,116,2,2,-4.938584327697754,0.0030531979,-0.0013009071,False,104,-0.0038016128819435835,0.003490619594231248,-0.011646337807178497
614,121,2,2,-3.3993027210235596,-0.0010944987,-0.0056906273,False,106,-0.004592471290379763,0.002262396737933159,-0.0114509966224432
614,623,12,2,-5.934810161590576,-0.012358418,-0.00014328003,True,607,-0.005491628777235746,0.002773027401417494,0.003950481303036213
614,645,12,2,-3.165168523788452,0.009492746,-0.0033329916,False,609,-0.0012542009353637695,-0.0018316077766939998,-0.012248329818248749
615,1,0,2,-4.0260114669799805,0.013403568,-3.089905e-05,False,25,-0.0002563571906648576,-0.004605579189956188,-0.009085245430469513
615,151,3,2,-4.705050945281982,-0.00070153235,0.0035162831,False,187,0.003380746813490987,0.0005560112185776234,0.007042551413178444
616,81,1,2,-5.025903224945068,0.0031935691,-0.0069763754,False,82,-0.0011813545133918524,0.004849281162023544,-0.016200579702854156
616,173,3,2,-4.283669948577881,-0.00056541443,-0.0042254734,False,181,-0.0004918098566122353,0.0006904411129653454,-0.0048423102125525475
616,620,12,2,-4.903438091278076,0.0074717426,-0.002715435,False,602,-0.0003637504705693573,0.00047274588723666966,-0.01102367416024208
616,969,19,2,-4.766983509063721,-0.005886059,-0.0021829223,False,992,-0.00017073631170205772,0.003826751606538892,-0.0002943514846265316
617,211,4,2,-3.4860432147979736,-0.0027466011,-0.0037605953,False,213,0.003839678829535842,0.004767079371958971,-0.0019413947593420744
617,775,15,2,-2.552748680114746,0.0050287964,-0.0014984083,False,-1,,,
617,776,15,2,-4.414568901062012,0.00014972687,-0.0031824494,False,765,-0.007829342037439346,0.004624309483915567,-0.015785828232765198
617,961,19,2,-3.9098103046417236,0.0016449117,0.0036936284,False,951,0.00201430800370872,0.0035800219047814608,0.0004830027464777231
619,59,1,2,-5.96156120300293,0.00021445274,0.0020901584,True,97,0.0022619629744440317,-0.0030206204392015934,0.007158289197832346
619,304,6,2,-4.411858558654785,0.0010977364,-0.0020152093,False,316,0.006043272092938423,0.0007848739624023438,0.0021454524248838425
620,107,2,2,-4.696429252624512,-0.0011228562,-0.0030248547,False,105,-0.007060251198709011,-0.00010095596371684223,-0.008861294016242027
620,438,8,2,-4.299328327178955,-0.0015841008,0.0005154133,False,408,0.0017101764678955078,0.001965103205293417,0.0018445872701704502
620,630,12,2,-4.341593265533447,0.009248056,0.0022685528,False,619,0.0033598996233195066,0.0011604405008256435,-0.00478004477918148
620,794,15,2,-4.80120325088501,0.0023149871,0.005803404,False,798,-0.0008938312530517578,0.004629621282219887,-0.002035035751760006
621,11,0,2,-5.101226329803467,-0.0052507306,0.00608058,False,36,-0.0005364322569221258,-0.0015518092550337315,0.012346687726676464
621,54,1,2,-5.833556652069092,0.0012047291,0.0073266122,True,97,0.0008953857468441129,-0.00243206019513309,0.009449329227209091
621,203,4,2,-4.236880779266357,-0.0069970894,-0.0016336155,False,248,0.0006418704870156944,-0.003407697658985853,0.009413041174411774
621,219,4,2,-4.5573930740356445,0.0068917368,0.0021607208,False,225,-0.005399541929364204,0.00024832726921886206,-0.010378886014223099
621,235,4,2,-5.067797660827637,-0.012907285,-0.0061120894,False,226,0.002721166703850031,-0.003911962732672691,0.013428324833512306
621,341,6,2,-4.012487411499023,-0.0032989979,-0.008319359,False,324,-0.0012157821329310536,0.0002223491610493511,-0.006458492949604988
621,404,8,2,-3.9487204551696777,-0.00014109611,0.002911868,False,414,-0.0007555961492471397,-0.0021707583218812943,0.004468126222491264
621,450,9,2,-3.739840269088745,-0.00017029286,0.006742282,False,469,-0.00613777618855238,0.007842120714485645,-0.007067322265356779
621,493,9,2,-4.468385219573975,-0.0019858552,-0.0020495795,False,478,0.0010706043103709817,-0.0043397331610322,0.0053466130048036575
621,575,11,2,-4.460301399230957,0.0033603287,0.0072492696,False,580,-0.007349958643317223,0.001548232976347208,-0.005009250249713659
623,167,3,2,-3.25960373878479,-0.0007437611,0.0043370677,False,185,0.0030058289412409067,-0.002944555366411805,0.011031213216483593
623,555,11,2,-4.871947288513184,-0.01180726,0.0009132576,False,558,-0.004696893505752087,0.0003120994661003351,0.007711525075137615
624,232,4,2,-5.698929309844971,-0.0011138249,-0.0047896,False,200,0.004046297166496515,-0.002983484184369445,0.0033540059812366962
624,778,15,2,-5.9001078605651855,-0.0034298897,0.0058316994,True,761,-0.005858907476067543,0.002649173839017749,0.000753507949411869
625,85,1,2,-5.946994304656982,-0.018787012,0.009548855,True,97,-0.005140695720911026,0.006045036483556032,0.017150133848190308
625,156,3,2,-4.574888229370117,0.0022086143,-0.0013830089,False,197,-0.005511388648301363,0.006951398681849241,-0.016054410487413406
625,673,13,3,-3.4450998306274414,0.011851864,-0.00010457039,False,665,-0.0031113147269934416,-0.005072259809821844,-0.00999548938125372
626,62,1,2,-3.4167897701263428,0.004458532,0.0019729806,False,-1,,,
626,216,4,2,-4.209117412567139,0.0029036999,0.0032916642,False,248,-0.0002362060477025807,-0.002821378642693162,0.0029731369577348232
626,451,9,2,-4.958996772766113,-0.0021929836,0.0020660686,False,474,-0.00011647224164335057,0.000618572230450809,0.0035240077413618565
626,670,13,2,-3.326713800430298,0.011435995,-0.007658701,False,652,-0.005751075688749552,0.0008651733514852822,-0.025710945948958397
626,686,13,2,-3.790874481201172,0.0041427566,0.0028508948,False,699,0.003956861328333616,0.0005791950388811529,0.0020858044736087322
626,710,14,2,-3.7436389923095703,-0.0017113256,0.0046724845,False,729,0.0005455637001432478,0.0013200235553085804,0.005609350278973579
626,791,15,2,-2.933798313140869,-0.004818516,-0.0025973462,False,752,-0.007754798047244549,0.00010576724889688194,-0.005639395676553249
626,832,16,2,-4.389708518981934,-0.0052569103,-0.0011317539,False,816,0.004547872580587864,-0.0013138866052031517,0.00998691562563181
627,517,10,2,-4.1733078956604,0.00087994576,-0.00031378746,False,512,0.0002865981950890273,0.0025631426833570004,-0.0034702776465564966
627,814,16,2,-4.034310817718506,0.009633455,-0.0035400963,False,800,0.009584570303559303,-0.009961319155991077,0.006372338160872459
628,63,1,2,-2.8210530281066895,0.013375044,0.0027745534,False,60,-0.0003718471562024206,-0.0030461596325039864,-0.00792617816478014
628,96,1,2,-5.680753707885742,0.0030514621,-0.001297102,True,97,-0.0029301834292709827,0.0019664191640913486,-0.009245166555047035
628,201,4,2,-4.235954284667969,-0.002775116,-0.003853655,False,248,0.0007143592811189592,-0.0020483017433434725,0.0016841220203787088
628,792,15,2,-4.246957778930664,-0.01203281,0.0017568398,False,758,0.00046021462185308337,0.0023199557326734066,0.011929907836019993
629,179,3,2,-4.4594950675964355,-0.0028804494,-0.0047002793,False,160,-0.00286522856913507,-0.004090595059096813,-0.0005944634322077036
629,482,9,2,-4.66326379776001,-0.000124197,-0.0035976695,False,478,-0.005107440985739231,-0.0008463382837362587,-0.007734575308859348
631,130,2,2,-4.33516788482666,0.0030877686,-0.0073001576,False,112,-0.0014845657860860229,-0.0017893314361572266,-0.010083160363137722
631,230,4,2,-5.504762172698975,-0.0006766796,0.004558039,False,227,-0.0027042673900723457,0.0025315380189567804,-1.0868534445762634e-06
631,247,4,2,-4.471946716308594,0.012930364,-0.0032439136,False,225,-0.005219535902142525,0.0015089702792465687,-0.022902783006429672
631,455,9,2,-4.531838417053223,0.015277157,0.003319521,False,498,-0.0012860679998993874,0.010802293196320534,-0.024045996367931366
631,787,15,2,-5.500982761383057,-0.011581583,0.0047080424,False,753,-0.010789184831082821,-0.008252792060375214,0.013753232546150684
631,963,19,2,-3.6256332397460938,0.0031085014,-0.00061844825,False,971,-0.0023996925447136164,-0.0025764561723917723,-0.0035501860547810793
632,237,4,2,-5.120472431182861,-0.0035473632,0.002283373,False,204,0.003493242198601365,-0.007289085537195206,0.016613062471151352
632,884,17,2,-5.653540134429932,-0.0097609805,0.0032113171,False,-1,,,
635,55,1,2,-3.7034997940063477,-0.013762388,0.004940834,False,75,-0.0026336812879890203,0.00929695088416338,0.00677258986979723
635,793,15,2,-2.9889063835144043,0.00034011842,-0.006275258,False,785,-0.004830527119338512,0.012303653173148632,-0.02374955639243126
636,83,1,2,-5.930202484130859,-0.012546883,0.0051081944,False,97,-0.006046867463737726,0.000933799718040973,0.010674411430954933
636,152,3,2,-5.196505069732666,0.0049404334,0.0037051202,False,165,-0.000540294626262039,0.008913125842809677,-0.01068873330950737
636,333,6,2,-4.7365593910217285,0.004245901,-0.000540657,False,312,-0.0009695720509625971,-0.0036563300527632236,-0.0020997999235987663
636,556,11,2,-4.8126444816589355,-0.009354887,0.005086079,False,568,-0.005143728107213974,0.003921785391867161,0.005375451408326626
636,784,15,2,-3.9542393684387207,0.008289166,-0.0030388832,False,762,-0.00047665118472650647,0.0069895838387310505,-0.018794283270835876
636,938,18,2,-5.689548015594482,-0.0068905163,-0.00013775825,False,924,-0.00303229340352118,0.0028423976618796587,0.0008780667558312416
639,238,4,2,-4.272853851318359,-0.0021985436,-0.002001133,False,248,0.00048359870561398566,-0.0023683642502874136,0.0030493736267089844
639,624,12,2,-4.462684631347656,-0.0069804383,-0.000670948,False,638,-0.001796503085643053,0.002362804487347603,0.0021501826122403145
639,782,15,2,-4.418308258056641,0.010956555,-0.003713026,False,765,-0.006592311896383762,0.0036449527833610773,-0.024906843900680542
639,903,18,2,-4.152713298797607,0.0038005733,0.0008034325,False,920,0.0021850585471838713,0.005463237874209881,-0.006275320425629616
641,84,1,2,-5.858258247375488,0.00061739923,-0.002012682,True,97,-0.00291240680962801,0.000836820574477315,-0.006379308179020882
641,927,18,2,-5.3708176612854,-0.004365635,-0.0036241626,False,-1,,,
642,76,1,2,-5.172001838684082,-0.015183258,0.0018235493,False,89,0.00048159598372876644,0.009100675582885742,0.008387727662920952
642,491,9,2,-5.030953407287598,-0.013691378,0.0017353344,False,465,0.0038412667345255613,0.0009089946979656816,0.018358983099460602
644,69,1,2,-5.3394012451171875,-0.00662138,0.012276058,False,-1,,,
644,666,13,2,-4.127785682678223,-0.008464393,0.0018349647,False,676,0.0005652236868627369,0.0093991132453084,0.0014654677361249924
645,87,1,2,-4.176435947418213,-0.0020408726,0.0043015433,False,86,-0.0075008440762758255,-0.00578855536878109,0.004630126990377903
645,608,12,2,-4.125512599945068,0.00040143967,-0.007297859,False,617,-0.0042774914763867855,0.003284821519628167,-0.01526161190122366
645,615,12,2,-3.4121127128601074,-0.0009546566,0.004572558,False,609,0.0009477281710132957,-0.002139353659003973,0.008614297024905682
645,913,18,2,-5.067173480987549,-0.008052807,-0.009844971,False,936,0.0029506206046789885,-0.0021648788824677467,0.0033233361318707466
646,463,9,2,-4.819908142089844,-0.009026422,0.00014974595,False,478,-0.007220201659947634,0.005879602394998074,-0.003923636861145496
646,662,13,2,-4.223246097564697,-0.0038330173,-0.0017998886,False,672,-0.007596216164529324,0.0070198820903897285,-0.012582968920469284
647,65,1,2,-5.743542671203613,-0.0012813282,-0.0014721489,True,97,-0.0037603091914206743,0.0033235359005630016,-0.007274665869772434
647,68,1,2,-4.583967208862305,0.0031709098,-0.0036980151,False,52,-0.00805628765374422,-0.010999965481460094,-0.0039252471178770065
647,102,2,2,-3.7526907920837402,0.0046726465,-0.00044843674,False,111,0.00044207097380422056,0.001018681563436985,-0.005697694141417742
647,358,7,2,-4.0848236083984375,-0.0033952617,-0.003994179,False,394,-0.0007056236499920487,-0.0005323028308339417,-0.0007722380687482655
647,972,19,2,-4.130715370178223,-8.872986e-05,-0.0005304527,False,968,-0.0018825912848114967,-0.001224193605594337,-0.0011001204838976264
647,999,19,2,-4.20022439956665,-0.00050477026,-0.0029793931,False,953,-0.0007413577986881137,-0.0022862530313432217,-0.0009297275682911277
648,234,4,2,-5.183218955993652,-0.011678171,-0.006632023,False,226,-0.003592090681195259,-0.0029042530804872513,0.004358310718089342
648,299,5,2,-3.7905192375183105,0.0016047668,0.001537366,False,281,-0.00019417285511735827,-0.0007033252622932196,0.0004417515592649579
649,71,1,2,-4.719941139221191,-0.00032269477,0.0055101966,False,56,-0.01231695618480444,0.007277355063706636,-0.013761419802904129
649,928,18,2,-4.268429756164551,0.008035221,-0.0015309048,False,940,-0.004252557642757893,-0.0016013240674510598,-0.012217359617352486
650,66,1,2,-5.9742536544799805,-0.00625638,0.0009459114,True,97,-0.0018019009148702025,-0.000510578160174191,0.005910968407988548
650,975,19,2,-4.18348503112793,-0.00071227073,0.0026264382,False,956,0.00014431953604798764,-0.001115236314944923,0.004598264582455158
651,64,1,2,-5.9742536544799805,-0.015281544,0.015819054,True,97,-0.0020335866138339043,0.0007106208940967917,0.028356390073895454
651,99,1,2,-5.651569366455078,-0.0002465248,-0.005831938,True,97,-0.0020335866138339043,0.0007106208940967917,-0.008329620584845543
651,252,5,2,-4.188685417175293,-0.0010860729,0.0011814022,False,277,9.257316560251638e-05,0.0002534580125939101,0.0021065904293209314
651,347,6,2,-4.331803321838379,-0.007396383,0.0006285095,False,330,0.003604135476052761,0.00505424477159977,0.0065747834742069244
651,659,13,2,-2.7992537021636963,-0.00011900425,0.00259202,False,677,0.010396499186754227,-0.0027208090759813786,0.0158283319324255
651,751,15,2,-3.3689534664154053,0.0054313517,-0.0017864656,False,752,-0.010156817734241486,0.006488590035587549,-0.02386322431266308
652,475,9,2,-5.541853427886963,-0.0063285446,-0.0031761455,False,456,-0.0053412532433867455,-0.006584453396499157,0.004395599476993084
652,767,15,2,-5.692530632019043,0.005445442,0.0011969948,True,753,-0.006219959352165461,-0.0031373309902846813,-0.0073310756124556065
652,819,16,2,-5.013823509216309,-0.015379496,0.0063945483,False,846,-0.0032835674937814474,-0.00268414500169456,0.02117462083697319
652,879,17,2,-3.2090299129486084,0.009253054,-0.003809104,False,859,0.0011292266426607966,0.003296484937891364,-0.015229416079819202
653,51,1,2,-4.822951316833496,0.0024080086,-0.0016040802,False,82,0.00016531944856978953,-0.0007262038998305798,-0.0031205653212964535
653,675,13,2,-4.028652191162109,-0.0013875484,-0.0021891212,False,667,-8.425712439930066e-05,-0.0005521965213119984,-0.00033363341935910285
656,67,1,2,-5.8359832763671875,-0.0029184627,0.008042545,True,97,-0.0019505786476656795,0.002184429205954075,0.006825999356806278
656,628,12,2,-5.034074783325195,0.004674664,-0.007202177,False,631,-0.010628785938024521,0.0003150463162455708,-0.022820672020316124
658,145,2,2,-4.09205961227417,-0.004605155,0.0011030674,False,131,-0.0010028267279267311,0.0005641555762849748,0.004141239915043116
658,334,6,2,-4.200913429260254,0.004847622,-0.0006614018,False,336,-0.0014245414640754461,0.003632173640653491,-0.010565739125013351
658,899,17,2,-4.451444625854492,0.0051169205,0.002454319,False,851,-0.0015876960242167115,0.006565723568201065,-0.010816020891070366
658,901,18,2,-4.298928737640381,-0.0012494373,0.0013880252,False,918,0.00025733947404660285,-0.0030123519245535135,0.005907154176384211
659,772,15,2,-5.222186088562012,-0.0017616462,0.002326994,False,783,-0.00022161484230309725,-0.003159141633659601,0.007026167120784521
659,943,18,2,-4.5887837409973145,-0.0006350899,-0.00067804335,False,904,1.4591216768167214e-06,-0.004575290717184544,0.004533796105533838
660,350,7,2,-4.1728973388671875,-0.0011290169,-0.0013252735,False,374,0.00017380714416503906,-0.0014956092927604914,0.0014731597620993853
660,492,9,2,-5.0886688232421875,-0.013410578,-0.00023653984,False,465,-0.0015452099032700062,0.004380674567073584,0.007248152978718281
661,550,11,2,-3.5766777992248535,-1.4533996e-05,-0.009544916,False,584,0.007683644071221352,0.0049150181002914906,-0.006761756259948015
661,581,11,2,-3.5027453899383545,-0.0030467606,0.004096818,False,591,-0.0008164215250872076,0.0011668730294331908,0.005160284228622913
661,707,14,2,-4.142816543579102,-0.0076643946,0.0012089348,False,701,-0.0013699531555175781,0.005861473269760609,0.0016419030725955963
661,912,18,2,-3.553358793258667,-0.005800314,0.001176486,False,911,0.0008289289544336498,-0.0005419778754003346,0.008347706869244576
662,80,1,2,-5.568739414215088,0.0064120484,0.0032029056,False,-1,,,
662,166,3,2,-4.241913795471191,-0.008856067,0.0015475655,False,168,0.0068822382017970085,-0.004485673736780882,0.021771544590592384
662,206,4,2,-4.030173301696777,0.017714128,-0.0014325046,False,245,-0.001963176764547825,0.0015973043628036976,-0.02270711399614811
662,521,10,2,-4.465939521789551,-0.0054991627,-0.0023094462,False,542,-0.0010209465399384499,0.0011086941231042147,0.0010600758250802755
662,644,12,2,-4.818593978881836,-0.0054506874,-0.0044660475,False,625,-0.0028824997134506702,-0.0007460212800651789,-0.0011518385726958513
662,773,15,2,-5.424801826477051,-0.00018763542,-0.0066036703,False,783,5.609512299997732e-05,-0.0033167172223329544,-0.003043222473934293
664,208,4,2,-3.830594778060913,-0.0001088953,-0.0007542133,False,212,0.0010514688910916448,-0.0011674452107399702,0.0015735961496829987
664,919,18,2,-4.891783237457275,-0.0057705115,0.0020710276,False,935,0.0021088409703224897,-0.0032764244824647903,0.013226804323494434
665,353,7,2,-3.6640992164611816,-0.0021207524,-0.0026164055,False,360,0.0008603858877904713,-0.0014642763417214155,0.001829009037464857
665,416,8,2,-4.189422130584717,-0.0022823906,0.0022875117,False,435,-0.001437177648767829,-0.002394981449469924,0.0055277058854699135
665,494,9,2,-4.418968677520752,-0.0040338133,-0.0002186203,False,461,0.002571315737441182,0.007250609342008829,-0.0008641004096716642
665,720,14,2,-5.8478827476501465,-0.015386915,-0.0014238071,False,-1,,,
666,688,13,2,-5.0843634605407715,0.0014389897,-0.0035168647,False,690,-0.01074326504021883,0.005666847340762615,-0.021365966647863388
666,888,17,2,-5.616603374481201,0.00331398,0.0013579178,False,890,-0.0013108158018440008,-0.0025221346877515316,-0.0007447435054928064
667,104,2,2,-4.854019641876221,0.0014508248,0.00022809982,False,120,-0.00011563301086425781,0.0004978179931640625,-0.0018361760303378105
667,858,17,2,-5.810048580169678,-0.011214285,0.0028789234,False,871,-0.0005536651588045061,0.00529417023062706,0.008245373144745827
669,829,16,2,-4.080263614654541,0.002093668,0.003675828,False,817,0.005708274897187948,-0.003934040199965239,0.011224474757909775
669,970,19,2,-3.5763955116271973,-0.00069775106,0.0027495765,False,959,0.0003132724668830633,-0.0026371669955551624,0.0063977669924497604
671,94,1,2,-5.524834632873535,-0.0056448174,0.004122896,False,-1,,,
671,146,2,2,-4.691056728363037,0.0016305351,0.0006996441,False,105,-0.0003751182521227747,-4.743576209875755e-05,-0.0012585734948515892
672,36,0,2,-5.17033576965332,-0.001482544,-0.0023225117,False,3,0.007540140300989151,0.002143907593563199,0.004556265193969011
672,602,12,2,-4.787892818450928,0.004643755,0.0066975593,False,648,-0.0003290748572908342,-0.004209041595458984,0.005933770909905434
675,35,0,2,-4.489274024963379,-0.010991488,-0.0066895676,False,44,0.001786785083822906,-5.714416329283267e-05,0.006145849358290434
675,799,15,2,-5.9742536544799805,-0.050208397,0.0028176308,True,780,-0.002934303367510438,0.007941693998873234,0.04215003177523613
675,917,18,2,-4.743741512298584,-0.0028570462,-0.0032548332,False,904,0.0005290031549520791,-0.005993451923131943,0.006124668288975954
675,931,18,2,-3.7723805904388428,0.00015658379,0.004015665,False,925,0.0024447154719382524,0.0020829630084335804,0.0042208340018987656
676,316,6,2,-3.9814019203186035,0.00815155,-0.0015426826,False,300,0.002448554150760174,-0.0054131364449858665,-0.001832542009651661
676,754,15,2,-5.74057149887085,-0.0033276558,0.0035969066,False,761,0.002738094422966242,-0.0012585067888721824,0.010921163484454155
678,61,1,2,-5.287418842315674,0.012850714,0.005657406,True,90,-0.0023048019502311945,0.009079236537218094,-0.018577346578240395
678,219,4,2,-4.071434497833252,0.01096673,0.006919212,False,249,0.0010004043579101562,-0.0007647514576092362,-0.0022823624312877655
678,270,5,2,-3.8110594749450684,0.0022129917,1.7590522e-05,False,288,0.0005076027009636164,0.0019378375727683306,-0.003625635989010334
678,477,9,2,-5.000184535980225,-0.0024559498,0.0032306004,False,465,-0.003683643415570259,0.003648939076811075,-0.001646032091230154
679,418,8,2,-4.554384231567383,-0.004466057,-0.00044794084,False,412,6.13403317402117e-05,0.00022263526625465602,0.003856820985674858
679,759,15,2,-5.235110282897949,-0.013079949,-0.007385445,False,789,0.0030448627658188343,0.0011721706250682473,0.007567196153104305
681,149,2,2,-4.021232604980469,-0.00044388295,0.0031498766,False,135,-0.0035216999240219593,-0.0012875747634097934,0.001359634567052126
681,215,4,2,-5.959498405456543,-0.0044744015,0.00494812,True,202,0.001500253682024777,0.0009179306216537952,0.010004845447838306
681,317,6,2,-3.934302806854248,0.003834343,-0.0033101272,False,338,0.00525306724011898,-0.005476484075188637,0.0035850810818374157
681,390,7,2,-3.8410892486572266,-0.000935874,-0.0018003035,False,365,-0.0015280103543773293,-0.0007231330964714289,-0.0016693067736923695
681,476,9,2,-5.407756328582764,-0.0009670353,0.010839672,False,458,0.0009467792697250843,-0.005053806118667126,0.017807291820645332
681,941,18,2,-4.058825969696045,-0.0061043072,0.00013019562,False,946,-0.0040349531918764114,-0.005339851602911949,0.007539401296526194
687,28,0,2,-2.7958948612213135,-0.0053793285,-0.0011886406,False,14,0.0007182455155998468,0.003180885221809149,0.0017280483152717352
687,57,1,2,-4.391140937805176,-0.011301689,0.010155887,False,56,0.003784656524658203,-0.0015778732486069202,0.0268201045691967
687,352,7,2,-3.1918282508850098,0.00303339,-0.007760258,False,376,0.004033012315630913,0.0032825516536831856,-0.010043187066912651
687,763,15,2,-5.366144180297852,0.01216219,0.0017293548,True,796,0.004859542939811945,-0.0008684825734235346,-0.004704809281975031
687,777,15,2,-4.107814788818359,-0.0013465881,0.003177557,False,765,0.005772609729319811,0.007677383255213499,0.002619371749460697
687,887,17,2,-3.963351011276245,-0.0032925606,0.0002720976,False,867,-0.005064415745437145,-0.0018591498956084251,0.0003593922592699528
689,209,4,2,-4.007813930511475,0.0029846572,0.0017287302,False,212,-0.0026999330148100853,0.002773942891508341,-0.0067298030480742455
689,673,13,2,-3.1756980419158936,0.0031068372,-0.0056636953,False,650,-0.0012948274379596114,0.0009409713675267994,-0.011006332002580166
690,663,13,2,-4.700352191925049,-0.005362768,0.0005128479,False,664,0.003240718739107251,-0.002770710038021207,0.011887045577168465
690,841,16,2,-5.31258487701416,0.0028021717,-0.0004257107,False,825,0.003583498066291213,-0.0028598213102668524,0.0032154368236660957
693,12,0,2,-4.521725177764893,0.006144953,-0.0009720612,False,25,-0.011094484478235245,-0.005381889175623655,-0.012829609215259552
693,84,1,2,-5.945594310760498,-0.0018872357,-0.0005650711,True,97,0.00213655480183661,-0.003860206576064229,0.00731892604380846
693,519,10,2,-4.005588531494141,-0.0008003473,-0.0018338108,False,514,0.0006285429117269814,-0.0004537343920674175,4.8813759349286556e-05
693,611,12,2,-4.11630916595459,-0.010933413,-0.007880431,False,621,-0.0018559551099315286,-0.0006497097201645374,0.0018467371119186282
694,78,1,2,-5.206095218658447,0.011341333,-0.005168924,False,-1,,,
694,502,10,2,-3.7725918292999268,0.0002545786,0.0008160639,False,536,-0.0009078216389752924,0.0014783763326704502,-0.0018247126135975122
694,691,13,2,-3.9593138694763184,0.00026966573,0.013005328,False,672,0.005733914207667112,0.006909537129104137,0.011560039594769478
694,760,15,2,-4.264682769775391,-0.0061621573,-0.0019734192,False,765,0.0022437286097556353,0.010175900533795357,-0.003743434324860573
695,177,3,2,-4.373159408569336,-0.0036716557,-0.0014774132,False,181,-0.0013823318295180798,0.003266725456342101,-0.002454814501106739
695,782,15,2,-4.180823802947998,0.007734728,-0.006422615,False,765,0.0020981598645448685,0.010108527727425098,-0.022167712450027466
696,256,5,2,-3.968301773071289,0.00079603196,0.0021590185,False,280,0.0006959104794077575,-0.0029020882211625576,0.004960985388606787
696,305,6,2,-4.024917125701904,0.014114247,0.0062810373,False,330,0.005589161068201065,0.0014066362055018544,-0.0036506839096546173
697,59,1,2,-5.917581081390381,-0.00437212,0.0005500603,True,97,0.0033235359005630016,-0.003540964098647237,0.011786680668592453
697,685,13,2,-3.709111213684082,0.011445313,0.0020623826,False,676,0.007700467016547918,0.0011210298398509622,-0.002803492359817028
697,902,18,2,-4.358765602111816,0.0040489673,0.0042795087,False,900,0.002709035761654377,0.0037202166859060526,-0.0007806394714862108
697,908,18,2,-4.65474796295166,-0.00061175344,-0.0046089743,False,945,-0.0022446250077337027,0.0006853771046735346,-0.006927222944796085
698,490,9,2,-4.250948429107666,0.0017418861,0.015109363,False,471,-0.0025689315516501665,-0.009008731693029404,0.019807277247309685
698,910,18,2,-4.739243030548096,-0.004692688,0.0020193863,False,935,-0.001272602123208344,-0.0013812161050736904,0.0068206884898245335
699,23,0,2,-4.797034740447998,-0.013283196,-0.012427092,False,5,0.0008091640193015337,-0.0033389567397534847,0.0050042252987623215
699,725,14,2,-2.887061595916748,0.0023935796,-0.0048001288,False,742,0.0009925604099407792,0.00390795711427927,-0.01010910514742136
699,766,15,2,-4.4673614501953125,-0.0070799827,-0.0036243438,False,756,0.005538320634514093,-0.00044867515680380166,0.009442634880542755
699,845,16,2,-3.5836987495422363,0.0028047657,-0.001098156,False,820,-0.00026627062470652163,-0.0001663398725213483,-0.004002852365374565
700,369,7,2,-3.7777154445648193,-3.1194686e-05,-0.0015078878,False,393,0.0018691825680434704,-0.0018609714461490512,0.002253460930660367
700,795,15,2,-5.072389125823975,0.017944146,-0.0017731476,False,796,0.008958663791418076,-0.004255313891917467,-0.006503315642476082
701,98,1,2,-5.290437698364258,0.009878321,0.0006585312,False,-1,,,
701,345,6,2,-4.085801601409912,-0.011146231,0.00048724175,False,330,0.00505424477159977,-0.0002944087900687009,0.016982126981019974
701,402,8,2,-3.471256971359253,0.00014563561,-0.0012929965,False,434,-0.0017153930384665728,-0.0016909980913624167,-0.0014630269724875689
701,803,16,2,-5.022117614746094,-0.008087225,5.801201e-05,False,848,-0.00389550207182765,-0.000701103184837848,0.004950838163495064
704,428,8,2,-3.561478614807129,-0.0076203966,0.0041342163,False,437,0.002357907360419631,-0.0004223394498694688,0.014534859918057919
704,726,14,2,-4.148536205291748,0.0046413136,-0.0043212986,False,747,-0.005992751102894545,0.0009469699580222368,-0.015902332961559296
705,467,9,2,-4.305290699005127,0.0058002756,0.0043868353,False,452,0.00024230004055425525,0.003908653277903795,-0.005079793743789196
705,629,12,2,-3.8647892475128174,-0.0029047919,0.0014419985,False,646,0.0033508967608213425,0.005323824938386679,0.0023738620802760124
707,108,2,2,-4.130483627319336,0.0073167896,-0.00051341054,False,110,-0.0011916827643290162,0.0058358716778457165,-0.014857754111289978
707,217,4,2,-5.165144920349121,0.0032313538,-0.0036071492,False,227,0.00978805497288704,-0.0020697975996881723,0.005019349046051502
708,76,1,2,-4.455636024475098,0.014098158,0.0015745925,False,95,-0.007110471837222576,-0.0015679072821512818,-0.018066130578517914
708,143,2,2,-4.583491802215576,0.00055809977,-0.0015459347,False,105,0.0004900741623714566,0.0035424232482910156,-0.005156383849680424
708,464,9,2,-4.155216693878174,-0.00019932746,-0.010228967,False,471,-0.00502449506893754,-0.007727727759629488,-0.007326407358050346
708,790,15,2,-5.301225185394287,-0.012238655,0.002272396,False,783,-0.003965053707361221,0.0016012287233024836,0.008944769389927387
708,906,18,2,-4.224640369415283,-0.0012574482,-0.001839962,False,900,0.005531301721930504,0.001188840833492577,0.0037599471397697926
708,966,19,2,-3.849586009979248,0.0023477555,-0.0017226887,False,998,0.003811750328168273,-0.002646160079166293,0.002387466374784708
710,216,4,2,-3.5038645267486572,0.01304893,0.0016678381,False,223,-0.0023234128020703793,0.006256814114749432,-0.019961318001151085
710,645,12,2,-3.072044610977173,0.0041958857,8.480549e-05,False,613,-0.0014970350312069058,0.004242601338773966,-0.009850716218352318
712,9,0,2,-4.521903991699219,0.007155981,0.006256876,False,40,-0.0032409762497991323,0.006985292304307222,-0.011125372722744942
712,81,1,2,-4.953312873840332,0.006686077,0.0021605778,False,82,-0.004580545239150524,-0.0020777033641934395,-0.007028341293334961
712,608,12,2,-4.378434658050537,0.00054890633,0.0003326893,False,606,0.0044826604425907135,-0.0007481575012207031,0.005014600697904825
712,661,13,2,-5.09879207611084,0.004595356,-0.0062182234,False,692,-0.003065509721636772,-0.00010111808660440147,-0.01377797033637762
712,745,14,2,-5.500214576721191,-0.009620457,0.00030073166,False,718,-0.0038332748226821423,0.0007028484251350164,0.005385065451264381
712,769,15,2,-3.0013275146484375,0.006453376,0.0033824397,False,752,0.002370963105931878,-0.011179733090102673,0.01047975942492485
712,827,16,2,-5.339606761932373,-0.010800305,-0.00070469856,False,818,0.002973222639411688,2.918243353633443e-06,0.013065910898149014
712,866,17,2,-3.3644731044769287,0.003251047,0.004250522,False,877,0.011817431077361107,-0.007768330629914999,0.020585237070918083
713,238,4,2,-4.727575302124023,-0.011149111,-0.0067121983,False,248,-0.006691579706966877,0.004416408482939005,-0.006671075709164143
713,698,13,2,-3.5889506340026855,-0.0016586828,0.002853985,False,656,-0.003802766790613532,-0.001462154439650476,0.0021720551885664463
714,572,11,2,-3.988781452178955,-0.0010944462,-0.0013343621,False,554,0.0002539682318456471,-0.0034627581480890512,0.003476810408756137
714,847,16,2,-3.6225881576538086,0.008242598,-0.004882517,False,820,-0.00046159743214957416,0.0002593898680061102,-0.013846101239323616
715,51,1,2,-5.087574481964111,-0.0045750425,-0.007694702,False,82,0.0009275722550228238,-0.0068134404718875885,0.0046213530004024506
715,73,1,2,-4.40802526473999,0.00886466,-0.0130618,False,88,-0.003976211417466402,0.005346775054931641,-0.03124944493174553
715,206,4,2,-4.184470176696777,-0.0021153546,-0.002820368,False,220,0.0010728073539212346,-0.0012750816531479359,0.0016428756061941385
715,527,10,2,-3.7018017768859863,0.0033992482,-0.0003106928,False,535,-0.0008356666658073664,-0.0012355947401374578,-0.0033100128639489412
718,571,11,2,-3.215270757675171,0.0031044437,0.0017926263,False,584,0.005671477410942316,0.000513749138917774,0.003845911007374525
718,797,15,2,-3.720566987991333,-0.0038383962,0.0070030116,False,762,0.00422029010951519,0.001626572571694851,0.013435125350952148
719,91,1,2,-4.988247871398926,-0.0010772418,-0.013347655,False,82,-0.0009781456319615245,-0.003503017360344529,-0.009745540097355843
719,324,6,2,-4.075486660003662,-0.0023508263,0.0027057505,False,336,0.002815856831148267,0.002874236088246107,0.00499819777905941
719,642,12,2,-4.188624858856201,0.006380205,0.006535406,False,638,0.003854036331176758,-0.0012371158227324486,0.005246353335678577
719,751,15,2,-3.2748894691467285,0.0020567703,0.0152488565,False,752,-0.003862204495817423,-0.009678907692432404,0.019008789211511612
720,208,4,2,-4.107819557189941,-0.005422516,0.0031123303,False,249,-0.0007033443544059992,0.0035709000658243895,0.0042606014758348465
720,855,17,2,-3.849287509918213,-0.0022217464,0.0038570452,False,894,-0.008177537471055984,0.004853024613112211,-0.0069517707452178
721,474,9,2,-4.643914699554443,0.005313196,-0.0010197258,False,487,0.0002812862512655556,1.203536976390751e-05,-0.006063670851290226
721,939,18,2,-4.153822898864746,-0.0016122437,-0.0008887005,False,900,0.004479684866964817,-0.0009615134913474321,0.006164741236716509
722,70,1,2,-3.5102624893188477,-0.00946703,0.0046836664,False,79,0.003167486283928156,0.008799104951322079,0.00851907767355442
722,71,1,2,-4.817361354827881,-0.0050959205,-0.0006622887,False,77,0.002328100148588419,-0.002255020197480917,0.009016752243041992
722,246,4,2,-2.2707431316375732,0.00036910534,-0.001352539,False,229,0.007011881098151207,-0.005903410725295544,0.011193647049367428
722,301,6,2,-3.6971805095672607,-0.00032839776,-0.004550953,False,340,0.007730870041996241,0.0024075699038803577,0.001100745052099228
726,243,4,2,-5.035501480102539,-0.008561573,-0.010262089,False,235,0.005526924040168524,0.004518480505794287,-0.0006920723244547844
726,308,6,2,-3.7947323322296143,-0.0013944006,-0.00033542156,False,322,-0.0032990025356411934,-0.004956894088536501,0.0027168705128133297
726,618,12,2,-3.373936653137207,0.003123827,-0.001009841,False,609,0.0012043047463521361,0.0007240200066007674,-0.0036533831153064966
726,697,13,2,-3.133831739425659,0.0016001033,-0.004749503,False,677,-0.005071339663118124,-0.004608354531228542,-0.0068125915713608265
727,13,0,2,-5.218818187713623,-0.010206861,-0.008617019,False,18,-0.0038177776150405407,-0.0007887649699114263,-0.0014391704462468624
727,865,17,2,-4.907995700836182,-0.002146063,-0.0028871156,False,852,0.0009641075157560408,0.0014172077644616365,-0.001194152981042862
728,250,5,2,-4.05918025970459,-0.0016967773,-0.0008769322,False,292,-0.0009682369418442249,-0.001995029393583536,0.0018466375768184662
728,384,7,2,-3.750866413116455,0.0050055217,0.0016234351,False,396,-0.0005594444228336215,0.0007507657865062356,-0.004692296963185072
730,52,1,2,-5.362552165985107,-0.009311285,-0.010824556,False,-1,,,
730,222,4,2,-4.151239395141602,-0.003351736,-0.0026500416,False,220,0.003707666415721178,-0.002316484460607171,0.006725845858454704
730,914,18,2,-3.9246413707733154,0.0035400724,0.0025374366,False,933,0.001627159072086215,-0.004099349956959486,0.0047238729894161224
730,997,19,2,-3.994858980178833,-3.2429696e-05,0.0009380388,False,977,0.0016387366922572255,0.0021934842225164175,0.00041572097688913345
732,454,9,2,-4.623840808868408,2.995491e-05,-0.008118477,False,487,0.000600090017542243,0.0019909190014004707,-0.009539260528981686
732,868,17,2,-4.933521747589111,-0.0018281079,-0.0018814945,False,850,0.00043595314491540194,0.0037261485122144222,-0.0033435821533203125
733,58,1,2,-4.603646278381348,-0.010946321,-0.0077611925,False,88,-0.007291297893971205,0.016728343442082405,-0.020834513008594513
733,480,9,2,-3.34842848777771,-0.0048683546,-0.014247756,False,453,-0.002321758307516575,0.0042475126683712006,-0.015948671847581863
734,11,0,2,-4.934359073638916,-0.0024776745,0.0002906513,False,3,0.000992517452687025,-0.005467414855957031,0.009228258393704891
734,379,7,2,-3.6141111850738525,-0.0031785918,0.00031399727,False,356,0.004346551839262247,-0.0019106006948277354,0.009749742224812508
734,686,13,2,-3.900151014328003,-0.007047949,0.003073287,False,699,0.0013617706717923284,-0.002845497103407979,0.014328503981232643
734,786,15,2,-4.792449951171875,0.007196016,-0.0044716643,False,771,7.58934038458392e-05,0.003733310615643859,-0.015325097367167473
735,49,0,2,-4.8555827140808105,-0.014920578,-0.0025255966,False,25,-0.007433042395859957,-0.003817434422671795,0.0087793730199337
735,700,14,2,-4.361650466918945,-0.0018779087,-0.0034248924,False,730,0.002251110039651394,-0.002240352565422654,0.002944478765130043
737,90,1,2,-4.54145622253418,0.012462816,0.0010607434,False,86,0.0003759670362342149,-0.002661743201315403,-0.008364362642168999
737,300,6,2,-4.137416839599609,-0.003267498,0.00017835617,False,338,-0.008386521600186825,0.0012428093468770385,-0.006183476187288761
739,806,16,2,-4.156063556671143,0.012600251,0.004087367,False,835,0.0007474613375961781,0.005761556793004274,-0.01352697890251875
739,951,19,2,-3.6612308025360107,-0.0012444019,-0.00030851364,False,963,0.0010283184237778187,-0.00026785850059241056,0.0022320651914924383
740,24,0,2,-4.961874485015869,0.0076660635,-0.009704428,False,25,-0.006367559544742107,-0.0015752124600112438,-0.022162839770317078
740,436,8,2,-4.530337810516357,-0.004328575,-0.0017360974,False,400,-0.003253841307014227,-0.006500329822301865,0.005838965997099876
740,470,9,2,-3.1100757122039795,0.013132963,-0.0051292325,False,483,-0.005961041431874037,0.006147875916212797,-0.03037111461162567
740,867,17,2,-3.9791712760925293,-0.0019818163,-0.007505703,False,883,-0.001998643856495619,0.006253571715205908,-0.013776102103292942
742,126,2,2,-3.1413707733154297,-0.0011794138,-0.0038628196,False,123,0.0036597156431525946,-0.0022522639483213425,0.0032285740599036217
742,481,9,2,-2.9007794857025146,0.0051619913,-0.0037525701,False,485,0.0007794856792315841,0.004988589324057102,-0.013123665004968643
742,512,10,2,-4.079972743988037,-0.00092870713,0.00024763108,False,506,-0.0005770873976871371,0.0008130932110361755,-0.00021384237334132195
742,573,11,2,-5.115891933441162,0.005853014,-0.0016395379,False,574,-0.0010661697015166283,0.005421924404799938,-0.013980645686388016
742,630,12,2,-4.510721683502197,-0.007562704,0.0014030456,False,632,-0.0038627528119832277,-0.004636535421013832,0.009739532135426998
742,759,15,2,-5.690326690673828,-0.006393013,0.0032029534,False,778,-0.005058860871940851,-0.0051317596808075905,0.00966886430978775
745,20,0,2,-4.165124416351318,-0.0065098763,-0.0016032887,False,0,-0.0004304504254832864,0.0009510612580925226,0.0035250759683549404
745,232,4,2,-5.899361610412598,0.0006002331,-0.00094140053,True,236,-0.0025515747256577015,0.00716166477650404,-0.011254873126745224
745,605,12,2,-4.655975818634033,0.006646271,-0.0029791356,False,603,-0.011564207263290882,0.003247880842536688,-0.024437494575977325
745,788,15,2,-4.089611530303955,-0.0030638026,-0.0048006917,False,776,0.0036973953247070312,-0.0025508881080895662,0.0045113940723240376
746,94,1,3,-5.717619895935059,-0.01061141,0.0017041778,False,97,-0.00455241184681654,0.007437190972268581,0.00032598525285720825
747,717,14,2,-4.450114727020264,-0.0004200077,-0.0041015055,False,739,-0.0029259014409035444,0.003504524240270257,-0.010111923329532146
747,773,15,2,-5.643336772918701,-0.00067448616,0.0015773582,True,753,0.0051896763034164906,0.0024428367614746094,0.004998683929443359
750,765,15,2,-3.7023894786834717,0.00982099,-0.00094097137,False,762,0.0004798030713573098,0.002947845496237278,-0.013230003416538239
750,875,17,2,-4.4351301193237305,-0.009389434,0.0007565975,False,863,0.00406444538384676,-0.006721553858369589,0.02093202993273735
751,184,3,2,-4.225431442260742,0.0044011115,0.0024105168,False,197,0.004351062700152397,0.0011232661781832576,0.0012372017372399569
751,614,12,2,-5.962220668792725,-0.008110762,0.0031890583,True,633,-0.004016408696770668,-0.00026285171043127775,0.007546262815594673
751,842,16,2,-4.572137832641602,-0.00436697,0.0033601855,False,800,0.002446680096909404,-0.00587183004245162,0.016045665368437767
751,890,17,2,-5.633574962615967,-0.002298994,0.0012858963,False,871,0.002298555336892605,0.002221822738647461,0.0036616227589547634
753,489,9,2,-4.484707832336426,-0.015163417,-0.003503685,False,462,0.0011974143562838435,0.0001402473426423967,0.012716898694634438
753,528,10,2,-3.8456356525421143,0.0012129068,0.0011249208,False,543,-0.0016777944983914495,-0.0027132367249578238,0.0009474562248215079
753,682,13,2,-5.836373805999756,-0.012842045,-0.0027455806,False,655,-0.004786930046975613,0.0012790870387107134,0.004030447453260422
753,799,15,2,-5.5848517417907715,0.0024883843,-0.004140768,False,787,-0.003649864112958312,-0.0053571416065096855,-0.004921874962747097
754,808,16,2,-4.442342758178711,-0.007364149,0.0013562107,False,804,0.0025449658278375864,0.0011292648268863559,0.010136060416698456
754,903,18,2,-3.9394006729125977,0.004051609,-0.000505023,False,921,-0.0006922912434674799,0.0010503530502319336,-0.006299276370555162
756,207,4,2,-3.9968833923339844,0.0024607372,-0.0041524507,False,220,0.003948860336095095,0.0024626636877655983,-0.005126991309225559
756,767,15,2,-4.885951042175293,0.013181228,-0.0018045044,False,789,0.007755489554256201,-0.0038590049371123314,-0.0033712387084960938
758,214,4,2,-5.546887397766113,-0.005659037,0.003906603,False,200,-0.0021298218052834272,0.005773782730102539,0.0016620354726910591
758,475,9,2,-5.606338024139404,0.0044519138,-0.0011819362,True,458,-0.003379287663847208,-0.0018143081106245518,-0.007198829669505358
761,66,1,2,-5.519548416137695,0.0025577354,0.0059334277,True,54,-0.0031179809011518955,0.0018852901412174106,-0.001627578865736723
761,99,1,3,-5.723614692687988,0.005012779,0.0026713656,True,97,-0.0038008498959243298,0.0005303859943524003,-0.0066726491786539555
761,225,4,2,-4.9917683601379395,-0.009912529,-0.015062771,False,201,-0.004687070846557617,-0.006338672712445259,-0.0034986399114131927
761,267,5,2,-3.9073827266693115,-0.0014426326,-0.0006473732,False,283,-0.0004267692565917969,0.0007502508233301342,-0.0003817607066594064
761,882,17,2,-4.04719877243042,0.0067351246,0.0006359577,False,862,-0.002008075825870037,-0.001559247961267829,-0.006547994911670685
762,67,1,2,-5.661200523376465,-0.0090065,-6.5441134e-05,False,97,-0.005416688974946737,0.0015114116249606013,0.0020129582844674587
762,477,9,2,-5.524696350097656,-0.013264532,0.0021474075,False,468,-0.0007151413010433316,0.004975347314029932,0.009721450507640839
762,613,12,2,-3.1209099292755127,0.0033620214,0.0054033375,False,615,0.0008524369914084673,0.0008611774537712336,0.002032575663179159
762,794,15,2,-4.815201759338379,-0.008422642,0.0053379443,False,789,0.00651065818965435,-0.0013087844708934426,0.021580029278993607
763,456,9,2,-5.6757283210754395,0.002220936,0.010342312,True,458,0.0002002716064453125,-0.00468862522393465,0.01301027275621891
763,619,12,2,-4.101705551147461,0.002229681,-0.0038537025,False,621,-0.0009643363882787526,0.00925333984196186,-0.01630105823278427
763,792,15,2,-4.608535289764404,-0.0070998096,0.0013885594,False,771,0.0021899223793298006,0.0014025307027623057,0.009275760501623154
763,913,18,2,-5.486725807189941,-0.00044614793,0.0076355743,False,927,0.003002061741426587,-0.002953319577500224,0.01403710339218378
764,6,0,2,-3.5248095989227295,-0.0147896,0.0025630475,False,37,0.0007454538135789335,-0.0005317545146681368,0.018629856407642365
764,546,10,2,-3.928833484649658,0.00095134735,-0.00064165593,False,520,-0.0006246566772460938,0.0004551696765702218,-0.0026728296652436256
765,216,4,2,-3.4738516807556152,0.0022993803,-0.005836425,False,211,-0.001351585378870368,-0.016132349148392677,0.006644958630204201
765,898,17,2,-4.4581804275512695,-0.005816498,0.0026537895,False,893,-0.008707990869879723,-0.0038358496967703104,0.003598146140575409
767,64,1,2,-5.069328784942627,-0.002428999,0.010431137,False,77,-0.005747184623032808,0.007139024790376425,-2.6073306798934937e-05
767,75,1,2,-4.234677314758301,-0.028629856,0.004926729,False,88,0.0036559964064508677,-0.002800893737003207,0.040013473480939865
767,320,6,2,-3.271216630935669,0.0061289407,0.002539444,False,349,-0.0037551450077444315,-0.0015604161890223622,-0.005784225650131702
767,330,6,2,-4.124722957611084,-0.0009891033,-0.0042598248,False,339,0.009681091643869877,0.0036734105087816715,0.002736959606409073
767,611,12,2,-3.9296340942382812,0.01133193,-0.0037298298,False,601,-0.011465949937701225,0.0015587854431942105,-0.028086494654417038
767,831,16,2,-4.183019638061523,0.0063252067,0.0040116073,False,849,0.0031197834759950638,0.002743034390732646,-0.0019368503708392382
769,74,1,2,-4.352911472320557,-0.011366739,-0.0077306367,False,95,-0.0028270340990275145,-0.0028126526158303022,0.0036217207089066505
769,516,10,2,-3.7821779251098633,0.00038234712,0.0007692909,False,535,-0.0009410714847035706,0.00016430378309451044,-0.0007184314308688045
770,4,0,2,-5.869129657745361,-0.0020907307,0.0011169815,True,34,-0.0003662109375,-0.0025177670177072287,0.00535926828160882
770,381,7,2,-3.735579013824463,-1.4920235e-05,0.001778841,False,353,0.00022892952256370336,0.0002806902048178017,0.0017420005751773715
770,488,9,2,-5.94645357131958,-0.0033770562,-0.0005560017,True,-1,,,
770,752,15,2,-3.698117971420288,-0.009524674,0.0071317293,False,774,-0.01356287021189928,-0.007289867382496595,0.010383399203419685
770,784,15,2,-4.764617443084717,-0.013799696,-0.008700714,False,789,0.007383870892226696,-0.005841789301484823,0.01832464151084423
770,905,18,2,-3.1707866191864014,-0.0022366857,0.00028547287,False,932,0.003926534671336412,-0.0033355997875332832,0.009784293361008167
771,76,1,2,-4.823578357696533,-0.013814402,0.0028791523,False,69,-0.010180721059441566,0.0014667033683508635,0.005046130158007145
771,313,6,2,-3.614281177520752,-0.0022707318,-0.0009842205,False,302,-0.0013322877930477262,0.0020415736362338066,-0.0020873500034213066
772,81,1,2,-4.755079746246338,0.0032714272,0.00511981,False,86,-0.009848499670624733,0.005383949261158705,-0.01338406652212143
772,610,12,2,-4.420886516571045,-0.005679512,-0.0040498828,False,632,-0.0030020999256521463,-0.002095661126077175,0.0007231903728097677
773,98,1,2,-5.204655170440674,-0.0016844845,0.0015476608,False,80,0.0052244090475142,-0.012881441041827202,0.021337995305657387
773,559,11,2,-4.313858985900879,-0.0032659722,-0.001422615,False,580,-0.00030405045254155993,0.0021856212988495827,-0.0006463145837187767
774,450,9,2,-3.052738904953003,0.005064654,0.0026193762,False,453,0.002450232394039631,-0.007134365849196911,0.007139320485293865
774,625,12,2,-4.65849494934082,0.0014386463,0.010388155,False,603,-0.0007349968072958291,0.002011690055951476,0.0062028211541473866
774,764,15,2,-2.7772865295410156,0.0036131907,0.005004487,False,775,-0.0009399843402206898,0.0006138706230558455,-0.0001625586301088333
774,777,15,2,-4.560451030731201,-0.01122344,0.005806656,False,771,0.0035628890618681908,-0.006046104244887829,0.026639088988304138
776,38,0,2,-3.736144542694092,-0.0068447446,0.0071461867,False,37,-0.00529340747743845,-0.0009410047787241638,0.0096385283395648
776,56,1,2,-4.3511271476745605,-0.0019187165,0.0035285759,False,95,0.001370658865198493,-0.002739696530625224,0.009557647630572319
776,360,7,2,-3.964871406555176,-0.0055616857,-0.0013443851,False,392,-0.0036312483716756105,0.0021423005964607,-0.0015562484040856361
776,439,8,2,-3.808396100997925,-0.0006255627,-0.0004492998,False,420,0.002657003467902541,-0.0011253213742747903,0.003958588000386953
776,455,9,2,-4.013838768005371,0.007831612,-0.0010579968,False,452,-0.002699303673580289,0.004965338855981827,-0.016554251313209534
776,827,16,2,-5.559511184692383,-0.0057137967,-0.005633831,False,805,-0.0006713104085065424,0.0002093219809466973,-0.000800666690338403
778,486,9,2,-3.6216042041778564,-0.0015452242,0.0039358423,False,499,0.0015263318782672286,-0.0005343580269254744,0.007541756611317396
778,576,11,2,-2.7848010063171387,0.0070692347,0.0014743996,False,-1,,,
779,96,1,2,-5.748717784881592,0.0027432346,-0.0016304016,True,97,-0.004449949134141207,0.008579321205615997,-0.017402905970811844
779,980,19,2,-4.527928829193115,0.00034596442,-0.0012842655,False,984,0.0009819603292271495,0.00036836625076830387,-0.0010166359134018421
780,226,4,2,-5.8889546394348145,-0.0073596,0.0005315018,False,234,-0.005642805248498917,0.0007745551993139088,0.001473741140216589
780,377,7,2,-3.988520622253418,0.009780483,-0.0014347172,False,394,0.0020483778789639473,0.0009530544048175216,-0.010119876824319363
781,46,0,2,-5.779801845550537,-0.0063552763,-0.00044786453,False,8,-0.009903297759592533,0.0013510894495993853,-0.005346975289285183
781,491,9,2,-4.7201666831970215,0.008931932,-0.0073089027,False,487,0.0012225531972944736,-0.0012246513506397605,-0.01379363052546978
781,586,11,2,-3.208174228668213,0.007013221,-0.012279625,False,584,0.0025199318770319223,0.0007912779110483825,-0.017564192414283752
781,712,14,2,-3.8283162117004395,5.736351e-06,-0.0010935355,False,706,0.002676849253475666,0.0036356591153889894,-0.0020580817945301533
782,26,0,2,-4.245410919189453,-0.015761275,-0.0038132668,False,44,0.003075189655646682,-0.0008435249328613281,0.015866722911596298
782,89,1,2,-4.1195878982543945,0.0040661525,0.0028450822,False,92,0.015599560923874378,0.00459522707387805,0.009783264249563217
782,467,9,2,-4.321602821350098,-0.0034296417,-0.0007145977,False,498,-0.0004178905510343611,-0.003096361178904772,0.005393514409661293
782,891,17,2,-3.7789204120635986,0.00018136502,-0.0074966,False,879,-0.008656053803861141,0.0022122906520962715,-0.01854630932211876
786,91,1,2,-5.947247505187988,-0.0100680925,0.0053776456,True,97,0.0005002975231036544,0.005396814551204443,0.010549221187829971
786,279,5,2,-3.812443971633911,-0.00088945864,0.0010349941,False,295,-0.0009178734035231173,0.00019819736189674586,0.0008083820575848222
786,740,14,2,-3.956817150115967,-0.0025368119,-0.0017896652,False,733,-0.0011140680871903896,-0.0051381587982177734,0.004771237261593342
786,855,17,2,-3.2845728397369385,0.006790867,-0.0038511753,False,857,0.011898212134838104,-0.003764462424442172,0.005020631477236748
787,47,0,2,-3.1197922229766846,0.0035643578,0.0037787629,False,33,0.006313571706414223,-0.002324547851458192,0.008852524682879448
787,183,3,2,-3.1871392726898193,0.006461749,0.00094708445,False,158,-0.0012834215303882957,-3.2281875519402092e-06,-0.006794857792556286
787,224,4,2,-5.602659702301025,0.007431879,-0.007431879,True,204,0.0036363028921186924,-0.0019730948843061924,-0.00925436057150364
787,479,9,2,-3.965346097946167,-0.005950217,0.00154665,False,452,-0.004023075103759766,0.007959060370922089,-0.004485268145799637
787,609,12,2,-3.5471231937408447,-0.0046827984,-0.0027294923,False,643,-0.00027371884789317846,0.002355499193072319,-0.0006759120151400566
787,644,12,2,-5.331822872161865,-0.007826137,-0.003481531,False,637,0.0015861321007832885,0.006722860503941774,-0.0007921219803392887
789,205,4,2,-3.5595245361328125,-0.00056904793,-0.0016257906,False,240,-0.00021777629444841295,0.011564803309738636,-0.012839322909712791
789,710,14,2,-3.9512290954589844,-0.0060845376,-0.00067902566,False,731,0.0031128358095884323,-0.005578560754656792,0.014096908271312714
792,307,6,2,-4.776260852813721,-0.0010034752,0.00128829,False,329,-0.0053639221005141735,-4.274368257028982e-05,-0.0030294135212898254
792,657,13,2,-3.669198513031006,-0.015465718,0.003989043,False,668,-7.954597822390497e-05,-0.003595490474253893,0.02297070436179638
792,697,13,2,-3.442418336868286,-0.0023126698,-0.0002510643,False,670,0.003710775403305888,0.0020684145856648684,0.0037039662711322308
792,743,14,2,-5.2277512550354,-0.012489099,0.002922144,False,735,-0.0035687447525560856,0.00029883385286666453,0.011543664149940014
793,480,9,2,-4.192112445831299,-0.01596026,0.0035913945,False,452,-0.00449667451903224,0.007154941558837891,0.007900036871433258
793,942,18,2,-3.2151315212249756,0.0021581554,0.0029999304,False,923,-0.0014149569906294346,0.0028091715648770332,-0.003382353577762842
794,321,6,2,-4.7596330642700195,0.00058127404,0.0014813519,False,329,-0.00414619455114007,0.00011606216139625758,-0.003362179035320878
794,662,13,2,-4.412688255310059,-0.0073538492,-0.0012732219,False,683,-0.005741768050938845,0.0029904269613325596,-0.0026515675708651543
795,193,3,2,-4.851849555969238,0.00026191713,-0.0001390648,False,171,-0.001061449060216546,-0.0034650706220418215,0.0020026396960020065
795,494,9,2,-5.325244426727295,-0.013321047,0.0011292839,False,460,0.0015157699817791581,0.004437580239027739,0.011528519913554192
796,85,1,2,-5.289917945861816,-0.0053938963,-0.011402674,False,54,-0.0024088858626782894,0.0011895751813426614,-0.009607238695025444
796,125,2,2,-3.0991828441619873,6.577492e-05,0.00202559,False,134,0.002823133487254381,-0.004239048808813095,0.009021997451782227
796,574,11,2,-4.661768436431885,0.005748119,-0.0018086529,False,562,-0.003959550987929106,0.0022584437392652035,-0.013774766586720943
796,729,14,2,-3.3743276596069336,0.0052967835,0.0024849176,False,709,0.003144655143842101,-0.0033372973557561636,0.003670086618512869
797,52,1,2,-5.39872932434082,0.004346552,-0.005084267,True,54,-0.002753772772848606,0.0026321697514504194,-0.014816761016845703
797,308,6,2,-3.931976318359375,-0.002227583,-0.0019355869,False,305,-0.005231838207691908,-0.007447609677910805,0.002507767640054226
799,5,0,2,-5.598691940307617,-0.011021414,0.001861868,False,36,-0.0018257999327033758,0.00351886753924191,0.007538613863289356
799,90,1,2,-4.8997483253479,-0.0036824988,0.011272478,False,78,0.0029712391551584005,0.0004392719129100442,0.017486944794654846
799,718,14,2,-5.505792140960693,-0.00060686114,0.0032021904,False,721,-0.0028686141595244408,-0.002015132922679186,0.002955570351332426
799,798,15,2,-4.6552205085754395,-0.0037151051,-0.0024036693,False,771,0.0004519557987805456,-0.010013913735747337,0.011777305975556374
801,658,13,2,-5.51214599609375,-0.008687591,0.005675869,False,688,-0.0048116110265254974,0.00030894280644133687,0.009242906235158443
801,830,16,2,-4.451986789703369,0.004722843,-0.0003006935,False,843,0.005911397747695446,0.003936205059289932,-0.0030483435839414597
802,50,1,2,-5.053112506866455,0.00020305633,0.0027879144,False,69,-0.00843033753335476,0.008123235777020454,-0.013968715444207191
802,68,1,2,-4.255016803741455,0.009450016,0.009558296,False,55,-0.01886686310172081,0.007261309772729874,-0.02601989358663559
802,484,9,2,-3.518984079360962,0.00015954494,0.011280541,False,490,0.000894951808732003,-0.005442714784294367,0.017458662390708923
802,699,13,2,-3.8771514892578125,0.0050212,0.0071381186,False,666,-0.003881120588630438,0.005522990133613348,-0.007287192158401012
804,61,1,2,-5.499166011810303,-0.0083582215,0.00019564628,False,65,0.006516399327665567,-0.007328005041927099,0.022398272529244423
804,303,6,2,-5.098845958709717,-0.0019101619,0.0104695605,False,309,-0.0006806087330915034,0.004509134218096733,0.007189979776740074
806,73,1,2,-4.567270278930664,0.00943223,-0.009305697,False,95,-0.003990754950791597,-0.01044683437794447,-0.01228184811770916
806,918,18,2,-4.702759265899658,-0.00074865343,-0.0022295855,False,929,4.831314072362147e-05,-0.0010037804022431374,-0.00042883853893727064
812,0,0,2,-4.438955307006836,-0.0060955905,-0.00052908895,False,12,0.003199453465640545,-0.0019492149585857987,0.010715169832110405
812,48,0,2,-5.432441234588623,-0.003750353,-0.005390444,False,36,-0.0013615703210234642,-0.0005548667977564037,-0.002446794416755438
812,200,4,2,-5.216892719268799,0.009626159,0.0012347507,False,230,0.0050241947174072266,0.004867429845035076,-0.008234643377363682
812,207,4,2,-4.430965900421143,-0.010098682,0.000553093,False,212,-0.006991710513830185,0.0038589572068303823,-0.0001988932490348816
812,209,4,2,-3.4201598167419434,0.011831446,-0.0065985727,False,242,-0.005204315297305584,-0.001809301320463419,-0.0218250323086977
812,851,17,2,-3.99737548828125,0.003679943,-0.001053505,False,887,0.00014592170191463083,-0.0012524127960205078,-0.0033351134043186903
812,876,17,2,-3.416332244873047,0.00606204,0.0015013075,False,857,0.0021232604049146175,-0.0024811076000332832,4.3635256588459015e-05
812,921,18,2,-3.8054139614105225,1.4414787e-05,0.00034185886,False,931,-0.004069714341312647,-0.00164865015540272,-0.0020936201326549053
814,323,6,2,-4.221780776977539,0.0033540344,-0.0023479366,False,318,0.001775455428287387,0.0006152724963612854,-0.004541788250207901
814,556,11,2,-5.379300117492676,-0.011726971,-0.004119978,False,568,-0.017959337681531906,0.0019902896601706743,-0.012342635542154312
814,786,15,2,-4.506064414978027,0.00922328,-0.002409258,False,760,-0.009905156679451466,0.004013757687062025,-0.02555145137012005
814,790,15,2,-5.206445693969727,0.0024600793,0.0073675346,False,750,-0.0035640907008200884,0.006554699037224054,-0.005211334675550461
816,211,4,2,-4.33203125,-0.014429459,0.0012253666,False,212,-0.0070015909150242805,0.004023742862045765,0.00462949275970459
816,864,17,2,-4.794796466827393,-0.0044125463,0.0033075141,False,860,-0.0018251609290018678,-0.005249996203929186,0.011144896037876606
817,180,3,2,-3.3285157680511475,0.0060224296,-0.0028161907,False,150,0.004218320827931166,-0.005962820257991552,0.0013425210490822792
817,656,13,2,-3.852846384048462,-0.003006239,0.0036323117,False,667,0.007311768364161253,-0.0030994461849331856,0.017049765214323997
818,51,1,2,-4.844702243804932,0.00773819,0.0049155233,False,95,-0.005278034135699272,-0.013353347778320312,0.005252647213637829
818,83,1,2,-5.937158584594727,-0.010977688,0.010540552,True,65,0.001712255529128015,-0.0033398247323930264,0.02657032199203968
818,132,2,2,-4.035429954528809,-0.0011429596,0.002271366,False,147,-0.005068836268037558,0.0004417324089445174,-0.002096242969855666
818,837,16,2,-4.770194053649902,-0.003312969,9.613037e-06,False,824,0.0015342521946877241,0.0026452254969626665,0.002211608923971653
820,399,7,2,-4.2688164710998535,-0.0008399868,-0.0015647889,False,391,-0.0011370563879609108,-0.00044344901107251644,-0.0014184094034135342
820,493,9,2,-4.428612232208252,0.011203422,-0.0037160397,False,471,0.0037327194586396217,0.009152360260486603,-0.020339101552963257
822,332,6,2,-4.912272930145264,0.001191349,0.0012921238,False,346,0.0018900013528764248,-0.0013590812450274825,0.0033498574048280716
822,405,8,2,-3.8833255767822266,-0.001519928,0.00017868995,False,440,0.0018783140694722533,-0.0007387638324871659,0.004315695725381374
822,461,9,2,-4.132155895233154,-0.0069150687,0.006206579,False,469,-0.006412110291421413,-0.0047815702855587006,0.011491107754409313
822,797,15,2,-2.8802785873413086,0.008827648,5.341053e-05,False,769,0.00198832037858665,6.722927355440333e-05,-0.006853146478533745
823,145,2,2,-4.0631232261657715,-0.001491518,-0.005551462,False,133,0.0016012764535844326,-0.003565654857084155,0.0011069867759943008
823,618,12,2,-3.5847015380859375,-0.0029088117,0.0015559006,False,643,0.0026791382115334272,0.002543973969295621,0.00459987623617053
823,747,14,2,-3.022202968597412,0.017894082,-0.0034871865,False,708,0.0007202816195785999,-0.0023463296238332987,-0.018314657732844353
823,809,16,2,-3.5533668994903564,-0.0006149578,-0.0016528082,False,807,0.006229085847735405,0.0018187188543379307,0.00337251671589911
824,71,1,2,-5.266639709472656,-0.0078452965,-0.0020919323,False,-1,,,
824,934,18,2,-3.4393038749694824,0.008061209,0.0022609662,False,920,0.002790603553876281,-0.0030498027335852385,4.016375169157982e-05
825,247,4,2,-5.529290676116943,-0.006696396,0.0028963853,False,227,-0.0018123245099559426,0.008962059393525124,-0.0011816034093499184
825,317,6,2,-4.009324550628662,0.0013548279,-0.00022767067,False,301,-0.0003681278321892023,-0.0023084545973688364,0.0003578282194212079
827,81,1,2,-4.516414165496826,0.0015849018,-0.0028741646,False,86,0.00010968208516715094,0.003871927270665765,-0.008221311494708061
827,646,12,2,-4.216174125671387,-0.013411336,0.00078398705,False,639,0.002356576966121793,0.0011273097479715943,0.015424590557813644
828,74,1,2,-4.980475425720215,-0.008419743,0.00032727243,False,95,-0.0054756831377744675,-0.006029405631124973,0.009300737641751766
828,989,19,2,-3.3486220836639404,-0.00019457817,0.0012311221,False,991,-0.002135314978659153,0.005327215418219566,-0.006036830134689808
830,35,0,2,-5.1294145584106445,-0.008909893,0.0010661888,False,45,-0.0010169601300731301,-0.0037999344058334827,0.012759055942296982
830,80,1,2,-5.9742536544799805,-0.012275314,0.00023194314,True,65,-0.002530899131670594,-0.00496907252818346,0.014945430681109428
830,736,14,2,-3.823458433151245,0.006194787,0.00092479703,False,723,-0.003801202867180109,-0.006165671162307262,-0.002905522007495165
830,946,18,2,-4.314028739929199,0.00037294388,-0.0035538292,False,941,-0.005349965300410986,0.0018545436905696988,-0.011131281964480877
831,237,4,2,-5.464901924133301,0.0007087898,-0.0101870345,False,201,-0.003635568544268608,0.0010250472696498036,-0.015556439757347107
831,421,8,2,-3.675638198852539,0.007665329,0.0008057642,False,413,0.0014150142669677734,-0.0013835621066391468,-0.0040609887801110744
831,451,9,2,-5.337687969207764,-0.0027001859,-0.007060919,False,492,0.004596367012709379,-0.009897861629724503,0.010133495554327965
831,534,10,2,-3.7810497283935547,-5.0897597e-05,-0.00023801804,False,548,-0.0008202648023143411,-8.119583071675152e-05,-0.0009261894156225026
831,629,12,2,-4.306790351867676,-0.011393399,0.0010214329,False,639,0.0010043525835499167,-0.0008602428715676069,0.014279427006840706
831,796,15,2,-5.849702835083008,-0.016923342,0.0025702477,True,778,-0.00048261642223224044,0.008205042220652103,0.010805930942296982
833,82,1,2,-5.152637481689453,-0.0013137817,0.008276701,False,95,-0.009127311408519745,-0.003962640650570393,0.00442581158131361
833,432,8,2,-3.648186445236206,0.0026686382,0.0024333715,False,413,0.002026519738137722,-0.001479024882428348,0.003270277986302972
834,66,1,2,-4.662944316864014,0.013559637,-0.005339365,False,86,0.0010585212148725986,0.004820585250854492,-0.02266106568276882
834,75,1,2,-3.7221240997314453,0.005696821,0.009804907,False,57,-0.00046803950681351125,-0.016829362139105797,0.020469408482313156
834,181,3,2,-4.271060466766357,-0.0026125049,-0.0035315037,False,151,0.00020969391334801912,-0.0027519511058926582,0.0020426460541784763
834,497,9,2,-3.3990414142608643,-0.0023878098,-0.0018194771,False,453,-0.004986953921616077,0.010119428858160973,-0.014538049697875977
834,626,12,2,-4.133923530578613,0.0060182954,-0.0017182064,False,640,-0.003342356765642762,-0.005907473620027304,-0.005171384662389755
834,869,17,2,-4.459462642669678,-0.005392637,-0.008668394,False,889,-0.005021953489631414,-0.001958818407729268,-0.006338891573250294
839,112,2,2,-4.442789077758789,0.004760885,-0.002726965,False,143,-0.0021317482460290194,-0.003331403713673353,-0.0062881950289011
839,550,11,2,-4.43574857711792,-0.0026414394,-0.0008568668,False,555,0.0027640725020319223,0.003736791666597128,0.0008118534460663795
839,569,11,2,-3.9925169944763184,-0.0036746026,-0.0047403337,False,560,-0.0038587332237511873,-0.0018535900162532926,-0.0030708741396665573
839,840,16,2,-4.544567584991455,0.007791872,-0.0056290436,False,814,-0.004175157751888037,-0.00036347389686852694,-0.01723259873688221
840,59,1,2,-5.182638645172119,0.014764719,-0.002968874,True,95,-0.004738721996545792,0.0020671177189797163,-0.024539433419704437
840,114,2,2,-3.7766010761260986,-0.0012575388,0.001256218,False,110,0.00397366052493453,0.0027754593174904585,0.003711957950145006
840,219,4,2,-3.7173168659210205,0.0058397055,0.0052923774,False,242,-0.004187026061117649,-0.0012498474679887295,-0.0034845066256821156
840,866,17,2,-3.4712154865264893,-0.00017632962,0.0031203032,False,894,0.0025927925016731024,-0.0027799843810498714,0.008669409900903702
841,165,3,2,-4.353738307952881,-0.001351223,0.00047012328,False,160,0.0023636817932128906,-0.0001119327571359463,0.004296960774809122
841,341,6,2,-4.539513111114502,0.0062912367,0.0024319268,False,316,-0.00224132533185184,-0.0007842063787393272,-0.00531642884016037
843,41,0,2,-5.477174758911133,0.0083293915,0.0018919659,False,36,0.0008213996770791709,0.00742993364110589,-0.013045959174633026
843,77,1,2,-4.991172790527344,-0.0016864204,-0.001204958,False,95,-0.007086820434778929,0.0031763361766934395,-0.009781694039702415
843,605,12,2,-5.24532413482666,-0.010188885,0.0022267057,False,648,0.0017477893270552158,-0.004167079925537109,0.018330460414290428
843,619,12,2,-4.281848907470703,-0.0010034656,0.0025435924,False,639,0.0006537437438964844,-0.0008364582317881286,0.005037260241806507
844,31,0,2,-5.147034645080566,-0.016266642,-0.0044364454,False,45,-0.0009751033503562212,-0.005560779478400946,0.016415871679782867
844,98,1,2,-5.600200176239014,-0.0052134898,0.008246479,False,-1,,,
844,333,6,2,-4.97500467300415,0.005361042,-0.00080957415,False,346,0.0011199569562450051,0.0018285656115040183,-0.006879224441945553
844,590,11,2,-4.63756799697876,0.0034589577,0.00090579985,False,562,0.0014293575659394264,0.002650947542861104,-0.0037747477181255817
844,615,12,2,-2.660526752471924,0.007807717,-0.0016221427,False,627,-0.012266416102647781,0.0071504926308989525,-0.028846770524978638
844,855,17,2,-3.4506287574768066,-0.0045756386,0.0018375635,False,895,0.000864591624122113,0.0022867536172270775,0.0049910396337509155
845,8,0,2,-5.9742536544799805,0.0,0.000820446,True,34,-0.003319692565128207,0.0014695358695462346,-0.003968782722949982
845,53,1,2,-3.7436177730560303,-0.0007738686,0.0039817714,False,-1,,,
845,84,1,2,-5.471795558929443,-0.010307293,0.0076613617,False,-1,,,
845,330,6,2,-4.417792320251465,-0.0029876805,-0.008939209,False,338,-0.0041343881748616695,-0.0010151005117222667,-0.009070816449820995
845,335,6,2,-5.202091217041016,-0.0012981987,0.0021326924,False,346,0.0013559055514633656,0.0021865558810532093,0.0026002407539635897
845,448,8,2,-3.6611831188201904,0.0028462172,0.0017913007,False,413,0.003187918569892645,-0.0008164215250872076,0.002949423622339964
845,486,9,2,-3.2869350910186768,0.005528107,-0.0077406643,False,453,-0.0007446384406648576,0.01624618098139763,-0.030259590595960617
845,971,19,2,-4.469958305358887,-0.0068651484,0.0015116978,False,956,-0.0072797201573848724,-0.003952646162360907,0.005049772094935179
846,249,4,2,-3.8560197353363037,-0.001166687,-0.0025704622,False,-1,,,
846,476,9,2,-4.88200569152832,0.005245228,-0.0023478984,False,457,0.004279489628970623,-0.002997379284352064,-0.00031625712290406227
846,479,9,2,-3.9317197799682617,0.00017731666,0.0036739348,False,469,-0.0073086596094071865,-0.004603109322488308,0.0007910679560154676
846,663,13,2,-4.791330814361572,-0.0017902089,-0.001104641,False,684,0.007104149088263512,0.005187683273106813,0.002602033782750368
846,697,13,2,-3.3948075771331787,0.00140769,-0.004550724,False,679,-0.006757950875908136,-0.010570669546723366,-0.00214569503441453
846,762,15,2,-2.9277002811431885,0.011294508,-0.009028453,False,769,-0.005019116215407848,0.004553842358291149,-0.029895920306444168
847,477,9,2,-5.595893383026123,-0.004250059,0.004659157,False,492,-0.0038604736328125,0.0003840541758108884,0.004664688371121883
847,959,19,2,-4.2560811042785645,-0.012973604,-0.002196188,False,996,0.0010762977181002498,-0.0002108001644955948,0.012064513750374317
850,27,0,2,-4.160173416137695,-0.012523222,-0.0016291904,False,20,0.008849677629768848,0.008421034552156925,0.011322674341499805
850,96,1,4,-4.9159088134765625,0.016185723,-0.0072859,True,-1,,,
850,245,4,2,-4.2113356590271,-0.000627203,-0.009341535,False,212,-0.0013735007960349321,0.004661617334932089,-0.014749450609087944
850,481,9,4,-3.614238977432251,-0.011590782,-0.0033226395,False,496,0.006519904360175133,0.001489243470132351,0.013298803009092808
850,752,15,2,-2.8547050952911377,0.0123570105,0.00401855,False,770,-0.003305368358269334,-0.003003897611051798,-0.008639931678771973
850,939,18,2,-3.7777726650238037,0.0065428494,-0.002466817,False,940,0.005874199792742729,0.0036115122493356466,-0.006746979430317879
851,677,13,2,-2.848879337310791,0.009615912,-0.0020056486,False,672,0.00804344192147255,-0.002542538568377495,-0.0010355804115533829
851,986,19,2,-3.4162421226501465,-0.0014951229,-0.0016286421,False,960,0.003852300578728318,-0.004373812582343817,0.00809259433299303
852,158,3,2,-3.033670425415039,0.0015002012,-0.006029444,False,170,0.00016033649444580078,0.0034829473588615656,-0.01085225585848093
852,793,15,2,-3.768629312515259,-0.0113286115,0.000114779476,False,757,0.00218076235614717,0.00345798023045063,0.010166173800826073
853,456,9,2,-4.837282180786133,0.0071904566,0.002937746,False,473,0.005551347509026527,-0.004982414189726114,0.006281050853431225
853,955,19,2,-4.790199279785156,-0.0067734434,-0.00032704353,False,957,0.004572820849716663,0.002812833758071065,0.008206387050449848
854,92,1,2,-3.2865920066833496,0.013219156,-0.014821739,False,72,-0.012813501060009003,-0.014372153207659721,-0.026482243090867996
854,483,9,2,-2.9866244792938232,-0.0016175413,-0.010635147,False,485,-0.007461595349013805,-0.0031514358706772327,-0.013327764347195625
854,571,11,2,-2.8198020458221436,0.0029276896,-0.0003359556,False,592,0.006853828206658363,0.0027185725048184395,0.0008716105949133635
854,883,17,2,-4.082685947418213,-0.008758889,-0.001038618,False,862,0.0014194106915965676,0.0019702815916389227,0.007169399876147509
856,78,1,2,-5.243566989898682,-0.006484261,0.0029537773,False,-1,,,
856,582,11,2,-3.587873697280884,9.522438e-06,-0.00078374386,False,565,0.004413037095218897,-0.00022794723918195814,0.0038477180059999228
857,414,8,2,-3.8542933464050293,0.000107192995,-0.0010795546,False,411,0.0008879041415639222,0.001878876704722643,-0.0021777201909571886
857,794,15,2,-4.274916648864746,0.0062109088,-0.0073151872,False,776,0.0013918114127591252,0.004698719829320908,-0.016833003610372543
859,67,1,2,-5.523651123046875,0.0042488,-0.0049065305,False,-1,,,
859,771,15,2,-5.127927780151367,-0.010195818,0.010820922,False,789,-0.004353303927928209,-0.012137536890804768,0.028800971806049347
860,203,4,2,-4.475033283233643,0.00019449234,-0.004614868,False,231,-0.005964822601526976,0.0009581661433912814,-0.011732349172234535
860,782,15,2,-4.806161880493164,0.0031981564,-0.0029964352,False,756,-0.003592271823436022,0.0030699539929628372,-0.012856816872954369
862,85,1,2,-5.569093227386475,-0.0016060066,-0.008103209,True,-1,,,
862,897,17,2,-5.118366241455078,-0.0016527938,0.0006669712,False,860,-0.0042446996085345745,0.0018859291449189186,-0.003810863709077239
863,13,0,2,-5.4445390701293945,0.005161533,-0.004978027,False,36,-0.0006296157953329384,0.007422084920108318,-0.0181912612169981
863,156,3,2,-5.162233352661133,-0.0036473274,-0.010409346,False,164,-0.004408044740557671,-0.00254790298640728,-0.00862216018140316
865,54,1,2,-4.993374824523926,0.00016340255,-0.010524731,False,-1,,,
865,89,1,2,-3.7937564849853516,0.00372324,0.009253864,False,55,0.008596444502472878,-0.002887740032747388,0.01701480895280838
865,779,15,2,-3.7573602199554443,-0.010918712,0.012469444,False,776,0.0008210897212848067,0.002325787441805005,0.021883459761738777
865,947,18,2,-3.8618216514587402,-0.009074912,-0.0016083574,False,937,0.0056777955032885075,-0.004520988557487726,0.01766533963382244
867,48,0,2,-5.467880725860596,-0.0036268425,0.0030715847,False,36,-2.552986188675277e-05,0.009249716065824032,-0.002576818224042654
867,105,2,2,-4.228341579437256,0.0023421764,0.00400404,False,133,-0.003257179167121649,0.005457825493067503,-0.0070531414821743965
867,551,11,2,-4.483815670013428,-0.0068613817,-0.008240052,False,575,-0.0019606875721365213,-0.0002001667016884312,-0.0031391908414661884
867,913,18,2,-5.424041271209717,-0.0069468115,-0.00037921907,False,924,0.0032791709527373314,0.0008071708725765347,0.009039591997861862
868,488,9,2,-5.706508159637451,0.0053549097,0.00440588,True,492,-0.006304817274212837,0.0036463832948356867,-0.010900230146944523
868,658,13,2,-5.200592517852783,0.003029251,-0.0043841647,False,689,0.00039589882362633944,0.0051901149563491344,-0.012207631953060627
870,758,15,2,-4.645382404327393,-0.00864111,0.008815698,False,768,-0.006151294801384211,0.004836301784962416,0.006469210609793663
870,932,18,2,-3.157550811767578,0.00604382,0.0023632192,False,923,0.002320513827726245,0.0010772180976346135,-0.0024373051710426807
871,97,1,2,-5.51150369644165,0.0010254574,-0.0032215596,False,-1,,,
871,498,9,2,-4.112372398376465,0.006930599,0.0024562837,False,452,-0.0038218640256673098,0.0021430491469800472,-0.010439228266477585
871,638,12,2,-5.121955871582031,-0.013016748,-0.0072009563,False,607,0.0012589931720867753,0.004383640363812447,0.0026911445893347263
871,686,13,2,-3.8520421981811523,0.0009602213,-0.005743532,False,676,-0.0007222270942293108,0.00356245506554842,-0.01098843477666378
872,499,9,2,-3.5133731365203857,0.0045166826,-0.0071333456,False,495,0.005818176083266735,-0.0006565904477611184,-0.005175261292606592
872,930,18,2,-3.7153666019439697,-0.0038361596,0.00040195466,False,940,0.0039645005017519,0.00017224311886820942,0.008030371740460396
873,464,9,2,-4.150588512420654,0.0048906803,0.00616776,False,474,0.001291513442993164,0.0009160613990388811,0.0016525317914783955
873,606,12,2,-4.679666996002197,-0.0030770588,-0.0037670804,False,610,-0.0016351127997040749,0.0010227966122329235,-0.0033479309640824795
874,811,16,2,-4.2826385498046875,0.00058237073,-9.3402865e-05,False,843,-0.00011686325160553679,0.00976513884961605,-0.010557775385677814
874,867,17,2,-2.7879905700683594,0.029446868,-0.005182619,False,878,-0.0006066608475521207,0.008238949812948704,-0.04347509890794754
875,765,15,2,-3.80596923828125,-0.00089781283,-0.001433425,False,776,0.0020940303802490234,0.004380612168461084,-0.002822194015607238
875,824,16,2,-4.423847675323486,0.0053695487,-0.005067797,False,831,-0.007716979831457138,-0.0007147693540900946,-0.017439555376768112
878,462,9,2,-4.35502815246582,0.006882925,-0.0021926784,False,463,-0.0011504936264827847,0.004389133304357529,-0.01461523026227951
878,920,18,2,-3.6904215812683105,-0.003592615,-0.0054438687,False,940,0.0028070544358342886,0.00020223617320880294,0.0007535645272582769
879,208,4,2,-4.951041221618652,-0.013996525,0.012736139,False,217,0.004967212677001953,-0.004262161441147327,0.03596203774213791
879,311,6,2,-5.533203601837158,-0.0033821582,-0.0044349004,False,337,0.0022539328783750534,0.00867619551718235,-0.007475004531443119
881,58,1,2,-4.460920810699463,0.0027813243,-0.008538151,False,86,0.00250041950494051,0.021755695343017578,-0.030574752017855644
881,220,4,2,-4.107264518737793,-0.0012290955,-0.0053285505,False,222,0.0057877348735928535,-0.006726284045726061,0.008414564654231071
883,617,12,2,-4.556999206542969,-0.013796129,0.0018292618,False,610,0.0031239318195730448,0.003663997631520033,0.015085325576364994
883,656,13,2,-3.6098928451538086,0.0060189343,0.0022389698,False,698,-0.002114033792167902,0.0027536582201719284,-0.008647656068205833
884,12,0,2,-4.243100166320801,0.004168043,-0.0047361376,False,40,0.005948629230260849,-0.008775263093411922,0.005819711834192276
884,304,6,2,-4.191350936889648,-0.00189538,-0.00029093743,False,324,-0.0018027782207354903,0.00045621872413903475,-0.0006545544601976871
884,409,8,2,-3.3776543140411377,0.007999596,0.001170907,False,433,0.003110818797722459,0.0013409233652055264,-0.005058793351054192
884,471,9,2,-3.9881794452667236,0.008092761,0.00022565365,False,469,-0.00045790671720169485,-0.008726339787244797,0.000401325523853302
884,602,12,2,-4.891773700714111,-0.0037403298,0.0030193615,False,632,-0.0011182593880221248,-0.002580013358965516,0.008221444673836231
884,783,15,2,-4.516207695007324,0.015209122,-0.0041051866,False,768,-0.00032118798117153347,0.0022539328783750534,-0.021889429539442062
884,881,17,2,-3.5884721279144287,-0.010442262,0.0005942774,False,877,0.002674851333722472,-0.002373170806095004,0.016084561124444008
884,982,19,2,-4.456427574157715,-0.003197651,-8.426666e-05,False,990,0.002675380790606141,-0.0024362755939364433,0.008225040510296822
887,44,0,2,-3.8670716285705566,0.009127035,-0.0061017894,False,16,-0.004350199829787016,-0.012375826947391033,-0.007203197106719017
887,99,1,2,-5.563401699066162,-0.006129675,0.011753512,False,76,-0.017249612137675285,-0.005771141033619642,0.006404716521501541
891,569,11,2,-4.241590976715088,-0.005330434,-0.003913469,False,555,0.0033512497320771217,-0.004119672812521458,0.008887887001037598
891,911,18,2,-3.857900381088257,0.00315866,-0.0048779724,False,912,-0.0008438253425993025,-0.006611132528632879,-0.0022693248465657234
892,69,1,2,-4.352458477020264,0.008656054,-0.0012594127,False,64,0.0029610441997647285,-0.005998353939503431,-0.0009560687467455864
892,115,2,2,-3.730571746826172,0.0009862185,-0.0037230062,False,110,0.002648854162544012,0.0089185805991292,-0.01097895111888647
892,760,15,2,-4.659711837768555,-0.006498165,-0.01000578,False,768,0.00015374184295069426,-0.0013785935007035732,-0.001975279301404953
892,953,19,2,-4.048680782318115,0.001203661,-0.0017843246,False,997,-0.0029108095914125443,0.0007984256953932345,-0.006697220727801323
893,7,0,2,-3.7083182334899902,-0.007850871,-0.0020902539,False,6,-0.0011151314247399569,0.003537797834724188,0.0011076880618929863
893,15,0,2,-4.1005425453186035,0.01772746,0.0010207557,False,-1,,,
893,94,1,2,-5.646847724914551,0.0039517498,0.0007664013,True,65,0.0029672146774828434,-0.0014018535148352385,0.0011837193742394447
893,885,17,2,-4.567202091217041,-0.004728117,0.003803644,False,889,-0.005522165447473526,-0.007022056728601456,0.010031652636826038
894,361,7,2,-3.7979938983917236,-0.00045647143,-0.0035378742,False,356,-0.00020226002379786223,-0.002477202331647277,-0.000806460389867425
894,458,9,2,-5.8675360679626465,-0.005493841,-0.0021343518,True,492,-0.002053871052339673,-0.006721839774399996,0.008027457632124424
895,71,1,2,-4.955623149871826,0.0008095455,0.0036607934,False,57,-0.014614067040383816,-0.0007252311916090548,-0.011037588119506836
895,316,6,2,-4.495737552642822,-0.00016304017,0.002881632,False,342,0.0040698242373764515,-0.0007544803665950894,0.007868976332247257
895,837,16,2,-4.5764360427856445,0.005105562,-0.007473526,False,814,-0.0008576011750847101,-0.0014139461563900113,-0.012022743001580238
895,965,19,2,-3.963475227355957,-0.002358923,0.0013855218,False,975,2.173423854401335e-05,-0.005590472370386124,0.009356651455163956
899,87,1,2,-4.368781566619873,-0.003815794,-0.0002739334,False,64,-0.0027721214573830366,-0.004372959025204182,0.005142698064446449
899,88,1,2,-4.768837928771973,-0.0008874893,-0.016526127,False,57,-0.01512110698968172,-0.002767047844827175,-0.027992697432637215
899,211,4,2,-3.9218521118164062,0.007540531,-0.009230223,False,212,0.005424776114523411,0.0025201463140547276,-0.013866124674677849
899,254,5,2,-3.98593807220459,-0.0005985212,-0.0003766632,False,255,-0.0020997286774218082,-0.000540237408131361,-0.0013376332353800535
899,467,9,2,-4.194685459136963,0.0009460163,0.0012938214,False,452,-0.007834105752408504,0.00417983066290617,-0.0116661312058568
899,587,11,2,-3.5789988040924072,0.0002773857,0.002537589,False,552,0.0026405430398881435,0.002697587013244629,0.002203159499913454
899,755,15,2,-4.599892616271973,-0.0017813778,0.0060903835,False,756,0.004070567898452282,0.00802768673747778,0.00391464214771986
899,807,16,2,-3.407500982284546,0.0040689516,-0.007458968,False,838,-0.004287724383175373,-0.0003622818039730191,-0.015453362837433815
900,455,9,2,-4.116157531738281,-0.004248824,-0.004577446,False,463,0.005407781805843115,0.003538684919476509,0.001540475059300661
900,593,11,2,-3.7833290100097656,0.010908833,-0.0038299274,False,578,-0.006064100190997124,-0.00345799932256341,-0.01734486036002636
902,112,2,2,-5.052458763122559,-0.01157219,-0.0024111175,False,117,-0.0018186091911047697,-0.0004960918449796736,0.007838554680347443
902,599,11,2,-4.361166000366211,-0.0066492176,-0.012066994,False,596,0.0031825732439756393,-0.0013379573356360197,-0.0008972454816102982
902,667,13,2,-4.00762414932251,0.0010437774,-0.003818798,False,685,-0.0040090749971568584,8.242607145803049e-05,-0.008954077027738094
902,734,14,2,-4.2291483879089355,0.006820364,-0.0005193329,False,710,-0.0033105944748967886,-0.00359064107760787,-0.007059650495648384
903,95,1,2,-5.48122501373291,-0.0019172191,-0.009548416,False,76,-0.011015358380973339,-0.009545335546135902,-0.009101219475269318
903,830,16,2,-4.532288551330566,-0.0012814045,-0.005261383,False,808,-0.004578485619276762,-4.503250238485634e-05,-0.008513431996107101
905,73,1,2,-4.750862121582031,0.0047716904,-0.008739404,False,57,-0.0133162597194314,-0.002902936888858676,-0.023924417793750763
905,104,2,2,-4.914803981781006,-0.00040390968,0.001795311,False,120,-0.005496711935847998,-0.007464008405804634,0.004166517406702042
905,202,4,2,-5.3648271560668945,0.009179849,-0.003258953,False,243,0.00559017201885581,0.0051331901922822,-0.011981820687651634
905,363,7,2,-4.002985000610352,-0.003683901,0.00022102355,False,390,-8.990287460619584e-05,0.0005036783404648304,0.0033113432582467794
905,477,9,2,-5.28458833694458,0.0034068965,-0.009550238,False,460,-0.0054937745444476604,-0.0016795062692835927,-0.016771402209997177
905,684,13,2,-4.486392974853516,0.007086964,0.0014416885,False,660,0.001963062211871147,0.002117910422384739,-0.005800123326480389
906,74,1,2,-4.638342380523682,0.0112591265,-0.0052333735,False,57,-0.009997997432947159,-0.005584506783634424,-0.02090599201619625
906,639,12,2,-4.1991119384765625,-0.0013778019,-0.007082882,False,624,0.0028354167006909847,-0.0033404636196792126,0.00047080032527446747
907,80,1,2,-5.710560321807861,0.0038627624,-0.002004385,True,91,-0.0014073181664571166,-0.0031273842323571444,-0.004147081170231104
907,226,4,2,-5.9742536544799805,-0.007347908,0.0015771007,True,234,-0.0022457505110651255,-0.0016851711552590132,0.008364429697394371
909,26,0,2,-4.642230987548828,-0.005379677,-0.0040128613,False,3,0.0009095382411032915,-0.008010349236428738,0.010286702774465084
909,379,7,2,-3.4887945652008057,0.00035421847,0.0008927536,False,384,0.0004376745200715959,-0.0010033559519797564,0.0019795657135546207
909,665,13,2,-3.806328535079956,0.0037378692,-0.006051059,False,652,0.0006847715121693909,0.0033815717324614525,-0.012485728599131107
909,679,13,2,-4.1028900146484375,-0.01432765,-0.0010200882,False,685,-0.00505766412243247,0.002695756033062935,0.005554141942411661
911,525,10,2,-4.031383514404297,-0.00040141106,0.0012319279,False,538,0.00022620201343670487,-0.0006618404295295477,0.0025213814806193113
911,929,18,2,-4.155884265899658,0.012180643,0.005546436,False,925,-0.0019706154707819223,0.0002230548852821812,-0.00882787723094225
912,842,16,2,-3.803797483444214,0.004114261,-0.0015127372,False,820,0.00168313505128026,0.0025559901259839535,-0.0064998529851436615
912,887,17,2,-4.290769100189209,-0.006063528,-0.0010643768,False,882,-0.002389974659308791,0.0029469013679772615,-0.00033772503957152367
913,51,1,2,-5.256550312042236,-0.011561794,0.0042386055,False,76,-0.012311897240579128,-0.0037621688097715378,0.007250671274960041
913,595,11,2,-3.85711932182312,-0.0011231756,0.0018307162,False,578,-0.0020602941513061523,-0.004287977237254381,0.0051815747283399105
913,615,12,3,-3.0574731826782227,-0.008008185,0.0015274382,False,643,0.007760052569210529,-0.003115363186225295,0.020411038771271706
914,574,11,2,-4.417606353759766,0.0071586897,0.00032131196,False,597,-0.00609354954212904,-0.003320140764117241,-0.009610787034034729
914,726,14,2,-4.416614055633545,-0.004060221,-6.765366e-05,False,717,0.002352876588702202,-0.0005218219594098628,0.006867265794426203
916,246,4,2,-2.3889570236206055,0.0009423733,-0.007235365,False,213,0.0029806471429765224,-0.00178893085103482,-0.003408160526305437
916,785,15,2,-2.12548565864563,0.0035200072,0.0015156221,False,-1,,,
917,454,9,2,-4.671374320983887,0.0051100063,-0.007873354,False,478,0.0035191632341593504,0.00666420953348279,-0.016128405928611755
917,678,13,2,-5.824256896972656,-0.008377152,-0.0026382827,False,655,0.004774885252118111,-0.001442985492758453,0.01195674017071724
918,215,4,2,-5.055237293243408,0.0027362632,-0.0032016945,False,248,-0.001041412353515625,-0.007110500242561102,0.00013113021850585938
918,586,11,2,-4.07102632522583,0.002318449,-0.007480774,False,598,0.002917699748650193,0.00022109985002316535,-0.0071026235818862915
918,748,14,2,-4.025554656982422,0.004582739,-1.6117096e-05,False,712,3.317833034088835e-05,7.524490501964465e-05,-0.004640922416001558
918,813,16,2,-5.941831111907959,-0.0058326246,-0.00028004646,True,825,-0.0006522655603475869,0.0003887176571879536,0.004511594772338867
919,461,9,2,-4.1928300857543945,-0.008594933,-0.008500328,False,474,0.00107402796857059,-0.00044175147195346653,0.001610384089872241
919,888,17,2,-4.977485656738281,0.0072772596,0.0011674691,False,893,-0.0026251315139234066,-0.0032406330574303865,-0.0054942891001701355
920,121,2,2,-3.743377685546875,0.0009116793,-0.00076675415,False,127,-0.0018478966085240245,0.002423949306830764,-0.005950279533863068
920,482,9,2,-4.60516357421875,0.012932406,0.010748195,False,465,-0.000322208390571177,-0.0021765900310128927,-0.0003298287047073245
924,111,2,2,-4.464869022369385,-0.008417863,-0.002327175,False,145,-0.0025317096151411533,0.0009395885281264782,0.0026193903759121895
924,200,4,2,-4.34680700302124,0.013049049,-0.0003707981,False,222,-0.0015784931601956487,-0.006654567550867796,-0.0083437729626894
924,275,5,2,-3.63572096824646,-0.0021102333,0.0023127366,False,290,0.0008216953137889504,0.0010128403082489967,0.00423182500526309
924,450,9,2,-2.8877830505371094,-0.006311245,0.0049343347,False,459,0.0013632059562951326,0.006320333573967218,0.006288452073931694
924,592,11,2,-2.8962838649749756,-0.00021128655,-0.0035041524,False,576,0.0029906844720244408,-0.0029661464504897594,0.002663965104147792
924,671,13,2,-4.335583686828613,0.00046872138,0.009278831,False,651,-0.004184084013104439,0.001496972981840372,0.0031290524639189243
924,792,15,2,-4.943850040435791,0.008376542,-0.002142601,False,790,0.0017227268544957042,-0.00838815700262785,-0.0004082582890987396
924,815,16,2,-4.729208946228027,-0.006675377,-6.298065e-05,False,819,0.00020822524675168097,-0.0014694309793412685,0.00829005241394043
926,56,1,2,-3.8294765949249268,0.009370637,-0.012376619,False,90,0.004696159157902002,-0.005617322865873575,-0.011433773674070835
926,437,8,2,-3.921142578125,0.00077044964,-0.00019937515,False,422,-0.0009128236561082304,0.0034036636352539062,-0.005286312196403742
931,421,8,2,-3.5181350708007812,0.0023442984,-0.0020887088,False,425,-0.001322627067565918,-0.0010876941960304976,-0.004667939618229866
931,774,15,2,-4.650379657745361,-0.011761885,-0.0052458,False,788,0.003567914944142103,0.009974479675292969,0.00010952027514576912
932,247,4,2,-4.548691272735596,0.013717508,-0.0033980845,False,222,-0.006302003748714924,-0.005863475613296032,-0.01755412109196186
932,529,10,2,-3.6331112384796143,0.0009903812,0.0012770272,False,535,0.0012063980102539062,-0.002485084580257535,0.003978128544986248
933,97,1,2,-5.892212390899658,-0.008083172,0.0010342598,False,91,0.004180584102869034,-0.002721719676628709,0.016019735485315323
933,897,17,2,-5.077764511108398,-0.00348423,0.0019837476,False,868,0.004301500506699085,0.003355588996782899,0.006413889117538929
934,203,4,2,-5.1600189208984375,-0.006674814,0.00046215058,False,233,0.010037403553724289,0.004572877660393715,0.012601491063833237
934,731,14,2,-4.296767711639404,-0.0021243286,-0.001539793,False,711,-0.0005577087285928428,-0.004639101214706898,0.004665928427129984
936,32,0,2,-4.9844279289245605,-0.0055302526,-0.006818514,False,0,-0.006725187413394451,-0.0011669922387227416,-0.0068464563228189945
936,759,15,2,-5.9742536544799805,-0.011875114,0.0013376904,True,761,-0.0037705039139837027,0.0013611507602036,0.008081150241196156
937,147,2,2,-3.9008657932281494,0.0017009211,-0.0029852344,False,124,-0.0015907048946246505,-0.0065244343131780624,0.00024757394567131996
937,485,9,2,-3.7656967639923096,-0.014298477,-0.0044092797,False,470,0.0007257270626723766,-0.0013052750146016479,0.011920199729502201
940,637,12,2,-5.489498138427734,-0.007662792,0.010238304,False,614,0.002723789308220148,0.008422374725341797,0.012202510610222816
940,693,13,2,-5.972722053527832,-0.00596879,0.0039353464,True,696,-0.0007378959562629461,0.0003189372946508229,0.008847303688526154
940,694,13,2,-5.72052526473999,-0.0052490425,0.0005653763,False,688,0.0038804435171186924,-0.002811479615047574,0.012506341561675072
940,833,16,2,-5.921257495880127,0.0010599232,-0.0009560585,True,846,-0.009047107771039009,-0.000777397130150348,-0.010285692289471626
941,638,12,2,-5.463714122772217,-0.0047607706,0.004822388,False,647,-0.0011419487418606877,-0.004865446127951145,0.013306655921041965
941,859,17,2,-3.505418300628662,0.0033111335,-0.006537814,False,877,-0.0016213989583775401,-0.0004687118635047227,-0.011001634411513805
941,924,18,2,-5.306591987609863,0.003539257,0.0035930157,False,936,-0.0030682659707963467,-0.0012054156977683306,-0.0018090915400534868
941,954,19,2,-2.8972437381744385,-0.0068435385,0.00085855485,False,952,-0.0017357063479721546,0.0003771543561015278,0.0055892327800393105
942,86,1,2,-3.2207605838775635,0.02237144,0.0023315381,False,62,-0.00039497375837527215,-0.010062632150948048,-0.010372242890298367
942,114,2,2,-3.287186861038208,0.009538837,-0.0027970457,False,125,-0.0058968449011445045,-0.00043170450953766704,-0.01780102401971817
942,185,3,2,-3.920034408569336,-0.0064661074,0.0035698605,False,190,0.0035395240411162376,-0.002275543287396431,0.015851035714149475
942,439,8,2,-3.794865369796753,-0.00035249232,-0.0005939579,False,404,0.0019806050695478916,0.0031779480632394552,-0.0014388086274266243
943,153,3,2,-3.900517225265503,-0.0025395202,0.0024564029,False,166,-0.0022525645326822996,0.0017249775119125843,0.0010183812119066715
943,758,15,2,-4.219729423522949,0.0071022226,0.0014154434,False,756,0.004587097093462944,-0.00024307251442223787,-0.0008566100150346756
945,214,4,2,-5.054769039154053,0.011991968,-0.0031875325,False,227,-0.0015596390003338456,-0.010468978434801102,-0.006270161829888821
945,295,5,2,-3.69260311126709,0.002014208,-0.00012304782,False,259,-0.0016466235974803567,-0.0009852981893345714,-0.0027985810302197933
945,782,15,2,-4.698443412780762,0.0051957034,-0.0018519115,False,768,-0.00547725660726428,-0.005288810934871435,-0.007236060686409473
945,907,18,2,-4.516465187072754,-0.0073492145,-0.0029970836,False,906,-0.002569932956248522,-0.0009995269356295466,0.0027817250229418278
946,229,4,2,-2.2089760303497314,-0.0015638542,0.00048365592,False,223,0.010112538002431393,0.000921812083106488,0.011238235980272293
946,654,13,2,-4.787168979644775,-0.0081607625,0.0069541074,False,680,-0.0034786604810506105,-0.003013401059433818,0.014649610966444016
946,863,17,2,-4.812732696533203,-0.010977592,-0.005961409,False,889,-0.004837732296437025,-0.0009560680482536554,0.0011345192324370146
946,872,17,2,-5.196450233459473,-0.0013544273,0.0061181164,False,899,-0.0022551727015525103,0.001869955100119114,0.0033474164083600044
947,498,9,2,-3.8686656951904297,0.0037248803,-0.008842506,False,490,-0.0060414886102080345,-0.007817583158612251,-0.010791292414069176
947,605,12,2,-5.679558277130127,-0.011264534,-0.0014783763,False,612,-0.0002596187696326524,-0.0043168640695512295,0.01384340226650238
948,85,1,2,-5.584105014801025,0.0052167415,0.00763134,True,76,-0.0067630670964717865,-0.002417335519567132,-0.0019311332143843174
948,512,10,2,-4.029292106628418,0.0017122555,-0.0031956672,False,507,-0.0011086654849350452,0.0010787773644551635,-0.007095365785062313
949,174,3,2,-3.9449622631073,-0.0060642576,0.0026107454,False,155,0.002037258120253682,0.0027084636967629194,0.008003797382116318
949,336,6,2,-4.477828025817871,0.00084844587,0.0056843474,False,305,-0.005906371865421534,0.00687579158693552,-0.007946262136101723
949,499,9,2,-3.897045373916626,-0.003887992,0.0005011272,False,490,-0.005336646921932697,-0.008137140423059464,0.007189612835645676
949,582,11,2,-3.3345673084259033,0.00545352,0.0033707714,False,567,-0.0015394830843433738,0.005393705330789089,-0.009015937335789204
950,358,7,2,-4.461680889129639,0.008309164,-0.00030687332,False,386,-0.0019192504696547985,0.0036129378713667393,-0.014148226007819176
950,513,10,2,-4.4211554527282715,-0.001229763,-0.002823143,False,533,0.0034136581234633923,0.001392364501953125,0.00042791361920535564
953,14,0,2,-2.687509298324585,-0.003348255,0.00056426524,False,39,-0.003290033433586359,-0.0018184041837230325,0.0024408907629549503
953,600,12,2,-2.4370510578155518,0.010637646,0.0009200525,False,-1,,,
956,21,0,2,-3.3371100425720215,-0.0059184646,-0.00060278416,False,37,0.004897332284599543,-0.008241791278123856,0.01845480315387249
956,25,0,2,-4.7369256019592285,0.011168909,0.0047172355,False,30,0.0025491714477539062,-0.0007800960447639227,-0.0031224063131958246
956,65,1,2,-5.757058143615723,-0.002822523,-0.00434391,False,76,-0.016129912808537483,-0.002382831647992134,-0.015268468298017979
956,170,3,2,-2.6997616291046143,0.0024332332,-0.0031065654,False,183,0.000638446828816086,0.0013782453024759889,-0.00627959705889225
956,476,9,2,-4.628769397735596,0.0054521086,0.0033894824,False,465,0.004309291951358318,0.00699864374473691,-0.004751977976411581
956,663,13,2,-5.041408061981201,-0.0041878414,-0.0024933433,False,690,-0.00452113151550293,0.0002397251082584262,-0.003066358622163534
957,487,9,2,-4.613422870635986,-0.00918004,2.9182434e-05,False,465,0.0026825428940355778,0.0050758360885083675,0.006815928965806961
957,601,12,2,-3.8244075775146484,0.0028017045,0.0066099693,False,611,0.005452613811939955,0.0003351735940668732,0.008925705216825008
958,66,1,2,-4.7963151931762695,0.0065063476,-0.0035637664,False,98,0.001673631719313562,-0.0068215178325772285,-0.0015749642625451088
958,212,4,2,-3.787909984588623,0.004093528,-0.0038070392,False,209,0.003014807589352131,0.007401223294436932,-0.012286982499063015
958,368,7,2,-4.124898433685303,-0.00094968796,7.1544644e-05,False,350,-0.0029451274313032627,0.0020112800411880016,-0.0039351750165224075
958,763,15,2,-5.08317232131958,0.0059648324,-0.00434289,False,790,-0.003361501730978489,-0.004245538730174303,-0.00942368432879448
958,793,15,2,-3.820319175720215,0.0013678122,-1.7638207e-05,False,777,0.003237762488424778,0.0016602992545813322,0.0001920128706842661
958,823,16,2,-5.018836498260498,-0.0009813022,-0.0013352394,False,803,-0.0013501453213393688,0.002229833509773016,-0.003933915868401527
960,2,0,2,-5.196162700653076,0.010374841,0.009618921,False,9,-0.0019922542851418257,-0.006684589199721813,0.003936414606869221
960,681,13,2,-4.92862606048584,-0.0021226883,0.002971201,False,662,0.0008240985916927457,0.0009469127398915589,0.004971075337380171
961,249,4,2,-3.9711709022521973,0.004323578,-0.0020666886,False,244,0.004218702204525471,-0.008944254368543625,0.006772689986974001
961,549,10,2,-4.319650173187256,-0.0012095165,-0.0039466764,False,531,-0.0011736297747120261,-0.0011241626925766468,-0.0027866270393133163
961,760,15,2,-5.145763397216797,-0.008669214,0.0018982792,False,790,-0.004940052051097155,-0.0018413924844935536,0.007468834053725004
961,766,15,2,-3.9452009201049805,0.004245882,0.015085373,False,776,-0.0026520632673054934,0.0020624541211873293,0.006124973762780428
971,67,1,2,-5.825501918792725,0.00028216362,0.009449253,True,84,-0.01641232520341873,0.0005938339163549244,-0.007839069701731205
971,795,15,2,-5.699173450469971,-0.0011589336,0.009886494,False,781,0.0040245819836854935,0.0054349135607481,0.009635096415877342
973,82,1,2,-4.914035320281982,0.0061685373,-0.00013676644,False,50,-0.0039985752664506435,-0.004036769736558199,-0.006267109420150518
973,599,11,2,-4.543559551239014,-0.0028799726,0.0038509942,False,558,0.005705575924366713,0.003380746813490987,0.009055796079337597
973,666,13,2,-3.557135820388794,0.0024328136,0.001219802,False,675,0.012603921815752983,-0.0047910213470458984,0.016181930899620056
973,750,15,2,-5.832460403442383,-0.0119199185,0.0008500862,False,773,0.00046232223394326866,-0.0014511299086734653,0.014683457091450691
975,16,0,2,-4.877386093139648,-0.0124460505,-0.0043122387,False,11,-0.0034438418224453926,-0.003875522641465068,0.008565492928028107
975,191,3,2,-4.704545497894287,3.4532546e-05,0.0011599731,False,171,0.00039205551729537547,0.00809492077678442,-0.006577424705028534
977,94,1,2,-5.6077470779418945,0.0073301317,-0.005453329,True,83,-0.012096595950424671,-0.007697162684053183,-0.01718289405107498
977,255,5,2,-3.9962103366851807,0.00050529954,0.00011768341,False,271,-0.004134407266974449,-0.0016542434459552169,-0.002867779927328229
977,452,9,2,-3.9528963565826416,0.0021913005,-0.008383775,False,480,-0.006043048109859228,-0.0009887409396469593,-0.01562938280403614
977,576,11,2,-2.8537495136260986,-0.006054993,0.0074991323,False,571,-0.0013832520926371217,0.0031398439314216375,0.009031029418110847
977,674,13,2,-5.247470855712891,-0.0054117297,-0.008591242,False,658,0.002866344526410103,0.0011260127648711205,-0.0014391806907951832
977,827,16,2,-5.818748950958252,-0.0032659532,-0.0019530487,False,846,-0.003841495607048273,-0.0016329765785485506,-0.0008956146193668246
978,72,1,2,-4.308389186859131,0.00061606406,-0.00071144104,False,79,-0.00841914676129818,-0.013826808892190456,0.004080156795680523
978,199,3,2,-3.594322443008423,-0.004958019,0.004099884,False,167,0.0028464270289987326,-0.0018066311022266746,0.013710961677134037
979,455,9,2,-4.8979010581970215,-0.009061842,-0.004430151,False,462,-0.005236501805484295,-0.013461875729262829,0.012857064604759216
979,522,10,2,-3.8823773860931396,0.0009710693,0.0012620926,False,505,-0.00020494937780313194,-0.0004917955375276506,0.0005778694758191705
980,42,0,2,-3.024632692337036,0.0018547154,-0.0062208795,False,38,4.6062468754826114e-05,0.00017573832883499563,-0.008205270394682884
980,55,1,2,-4.531982421875,-0.008236065,-0.01313633,False,79,-0.008727827109396458,-0.011912927962839603,-0.0017151646316051483
982,1,0,2,-2.985152006149292,0.0060644485,-0.00085839274,False,38,0.0009753322810865939,-0.0018180417828261852,-0.004129467066377401
982,300,6,2,-3.7433254718780518,-0.00055224897,0.0033523464,False,322,0.0008836412453092635,0.001758952159434557,0.0030292843002825975
983,484,9,2,-2.5486650466918945,0.002654896,0.009095035,False,-1,,,
983,757,15,2,-2.765333890914917,0.008035774,0.008897114,False,770,0.0013813162222504616,0.0020988225005567074,0.0001438329927623272
986,204,4,2,-5.9742536544799805,-0.007719049,0.0021012593,True,237,-0.0006257056957110763,0.0016658306121826172,0.007528772111982107
986,580,11,2,-3.9913313388824463,0.007871756,0.0011208535,False,598,-0.0002102947182720527,0.004467382561415434,-0.011428579688072205
986,748,14,2,-3.846097946166992,0.0054030702,0.008899331,False,741,-0.0008470583125017583,-0.00745393754914403,0.010103140026330948
986,780,15,2,-5.666347503662109,-0.0036916446,0.0002917099,False,784,-0.005646333564072847,-0.00031677246442995965,-0.0013462062925100327
987,771,15,2,-4.906808853149414,-0.005029764,0.000108394626,False,772,0.004261112306267023,-0.005273771472275257,0.014673043042421341
987,950,19,2,-3.6293740272521973,0.00089439395,-0.00069741247,False,987,-0.00048722742940299213,-0.0022406720090657473,0.00016163813415914774
990,329,6,2,-4.703341007232666,0.0016349411,0.0025278283,False,344,0.006023034919053316,0.0014443874824792147,0.005471534561365843
990,676,13,2,-3.5035524368286133,0.009398985,0.005417981,False,687,-0.006863465532660484,0.0023400450590997934,-0.01318451389670372
990,845,16,2,-3.7003986835479736,-0.0063589285,-0.00425405,False,820,0.0012329054297879338,-0.0024952315725386143,0.005833015311509371
990,998,19,2,-4.42578649520874,-0.0062833116,0.004213171,False,958,-0.00032781600020825863,-0.005442218855023384,0.015610884875059128
992,91,1,2,-5.90546178817749,-0.0053167725,0.00019844055,True,96,-0.005442924331873655,0.00584615720435977,-0.005773868411779404
992,860,17,2,-5.065537929534912,0.0018765164,0.0005385399,False,899,0.003011293476447463,0.0025507353711873293,-0.0008774183224886656
993,222,4,2,-4.930871486663818,-0.005142069,0.00046283723,False,206,0.005450649186968803,0.006731643807142973,0.004323911387473345
993,884,17,2,-4.417133331298828,0.009457321,0.00037308692,False,851,-0.003584527876228094,0.0008866882417351007,-0.013555450364947319
997,64,1,2,-5.265315532684326,-0.015446883,-0.010280361,False,61,-0.00423772819340229,-0.0010778331197798252,0.002006626222282648
997,410,8,2,-4.749237060546875,0.004157009,-0.00025925637,False,435,-0.0025835800915956497,-0.0026601410936564207,-0.004339704290032387
997,695,13,2,-5.059085845947266,-0.008703718,1.3103485e-05,False,680,-0.0033542250748723745,0.00199889182113111,0.003363704774528742
997,731,14,2,-4.302399158477783,0.0018893051,-0.0002638817,False,713,-0.004046583082526922,-0.004999580327421427,-0.0012001895811408758
998,95,1,2,-5.905619144439697,0.0006940651,0.008567543,True,96,-0.0065465448424220085,0.007161455228924751,-0.005834522657096386
998,241,4,2,-3.285496950149536,0.016105123,-0.0045928955,False,209,0.007185974158346653,-0.0027546214405447245,-0.010757423005998135
998,537,10,2,-4.136298179626465,-0.002459383,0.0011367035,False,504,0.002054576762020588,0.0006050014635547996,0.005045661702752113
998,643,12,2,-3.227786064147949,0.0005484486,0.0030151128,False,621,0.0006539488094858825,0.005889864172786474,-0.0027692513540387154
999,18,0,2,-5.791173458099365,0.0036558723,0.0014410781,True,8,0.0013895034790039062,0.005798530764877796,-0.006623821333050728
999,233,4,2,-4.793232440948486,0.0040980815,0.0026323127,False,208,-0.00685323728248477,0.004663295578211546,-0.012982301414012909
999,259,5,2,-3.7422971725463867,-0.0014117479,5.5885313e-05,False,282,0.0002957296383101493,3.2773019484011456e-05,0.001730589778162539
999,488,9,2,-5.378086090087891,-0.0025421714,-0.0015543556,False,457,-0.009669685736298561,-0.0006445979815907776,-0.008037271909415722
1000,619,12,2,-4.73349666595459,-0.0030359076,-0.0018886471,False,626,-0.004226207733154297,-0.005162048153579235,0.0020831008441746235
1000,705,14,2,-4.694383144378662,-0.005175352,0.007789259,False,715,0.0007868862012401223,-0.0026838015764951706,0.016435299068689346
1003,13,0,2,-5.525089740753174,0.0004986,0.002631693,False,22,-0.003922128584235907,0.001133880577981472,-0.002922916319221258
1003,53,1,2,-2.8957130908966064,0.009819598,-0.0050477935,False,-1,,,
1003,136,2,2,-2.7185394763946533,0.0018240691,-0.002556305,False,119,-0.0006066608475521207,-0.0013082170626148582,-0.0036788180004805326
1003,214,4,2,-5.271646976470947,-0.005499687,-0.0106726745,False,243,-0.0017248535295948386,-0.00028155327890999615,-0.006616287864744663
1003,714,14,2,-5.362022876739502,-0.020052023,-0.002027483,False,718,0.0014457893557846546,-0.0021937370765954256,0.02166406624019146
1003,761,15,2,-5.9742536544799805,-0.0024427604,0.0014516545,True,787,-0.0004639053368009627,-0.00036466598976403475,0.0037951753474771976
1003,888,17,2,-4.559659957885742,0.0074577807,-0.005672016,False,875,-0.006681737955659628,0.0008048343588598073,-0.02061636932194233
1003,907,18,2,-4.614787578582764,-0.0010267639,-0.002232952,False,906,-0.0019561576191335917,-0.011293516494333744,0.008131170645356178
1004,88,1,2,-5.312374591827393,0.013237582,-0.007591467,True,83,-0.0029699993319809437,-0.009406166151165962,-0.014392880722880363
1004,756,15,2,-4.197901725769043,0.00016799927,-0.008669997,False,786,-0.003910045605152845,-0.010058212094008923,-0.0026898295618593693
1004,856,17,2,-5.377540588378906,0.006421738,-0.0082372185,False,865,0.0029325103387236595,-8.253097621491179e-05,-0.011643914505839348
1004,936,18,2,-5.4796857833862305,-0.003570099,-0.0014710426,False,909,0.007549972739070654,0.0028764151502400637,0.0067726136185228825
1006,250,5,2,-3.8739798069000244,0.002229848,-0.0008076334,False,267,0.0021182061173021793,-0.0032584380824118853,0.0023391630966216326
1006,458,9,2,-5.942963123321533,-0.0012236404,-0.0001502037,True,477,-0.0031716537196189165,0.0025220108218491077,-0.004620227962732315
1006,570,11,2,-4.237463474273682,0.016254654,-0.00043617247,False,553,0.007976322434842587,0.0004118633223697543,-0.009126367047429085
1006,696,13,2,-5.917533874511719,-0.007521944,0.00090970995,True,688,-0.0013530158903449774,-0.0001598358212504536,0.007238474208861589
1007,99,1,2,-5.532917499542236,-0.0071649645,-0.0035648919,False,83,-0.005937461741268635,-0.004684476647526026,0.002347087487578392
1007,422,8,2,-3.5919606685638428,0.0036987113,0.0016251516,False,428,-0.00428320886567235,-0.002761673880741,-0.0035950946621596813
1008,230,4,2,-5.141857147216797,-0.014940968,0.00036034585,False,217,-0.00021578789164777845,0.007184219546616077,0.007901305332779884
1008,353,7,2,-3.829728841781616,0.0024961138,0.0012248945,False,377,-0.001906008692458272,0.0015771150356158614,-0.004754343070089817
1009,234,4,2,-5.29023551940918,0.012563219,-0.009624424,True,236,0.0005878543597646058,-0.0016825199127197266,-0.019917268306016922
1009,393,7,2,-3.7976131439208984,-6.679535e-05,-0.002853365,False,377,-0.0022429751697927713,0.0013398266164585948,-0.0063693709671497345
1009,463,9,2,-4.471498489379883,-0.012356024,-0.007155523,False,467,-0.004836902488023043,-0.004580039996653795,0.004943638574331999
1009,525,10,2,-4.0117878913879395,-0.0008833599,-0.0015693378,False,546,0.001451797434128821,-0.001654396066442132,0.002420215867459774
1010,54,1,2,-5.674160003662109,0.0036224842,-0.003364315,False,83,-0.006345233879983425,-0.0020572852808982134,-0.011274747550487518
1010,744,14,2,-4.658317565917969,-0.0011405372,-0.0053423406,False,715,0.0008702754857949913,-0.0013903809012845159,-0.0019411470275372267
1012,51,1,2,-5.421026229858398,-0.007968779,-0.0026960564,False,74,-0.009190568700432777,-0.0020780754275619984,-0.0018397709354758263
1012,425,8,2,-3.762418746948242,-0.0019073104,0.0013499546,False,411,2.884388050006237e-05,0.0012697934871539474,0.002016315469518304
1013,57,1,2,-4.684248447418213,0.0050616264,0.0018986511,False,79,-0.009207477793097496,-0.0025594329927116632,-0.009811020456254482
1013,793,15,2,-3.7669951915740967,-0.001926446,0.005078225,False,762,-0.009005164727568626,-0.0026483344845473766,0.0006478405557572842
1015,401,8,2,-4.302452564239502,-0.003165245,-0.0013677311,False,412,1.4400482541532256e-05,0.0007371139363385737,0.0010748005006462336
1015,489,9,2,-5.632226943969727,-0.015754327,-0.0019219017,False,460,-0.0053101349622011185,-0.0042994022369384766,0.01282169297337532
1016,62,1,2,-4.1406097412109375,-0.016980208,-0.012821026,False,70,-0.014145474880933762,0.008695545606315136,-0.018681839108467102
1016,797,15,2,-3.358945369720459,-0.00083435536,-0.0036470557,False,751,-0.0032363461796194315,-0.0017227696953341365,-0.004326276946812868
1021,49,0,2,-5.591343879699707,-0.0026990508,-0.007598648,False,46,0.006188754923641682,-0.006585512310266495,0.007874670438468456
1021,76,1,2,-5.82871675491333,-0.000117177966,-0.0029107379,True,-1,,,
1021,543,10,2,-3.952502965927124,0.000102825165,-0.0022459077,False,500,-0.0014778614277020097,-0.0017374849412590265,-0.0020891092717647552
1021,607,12,2,-5.74876070022583,-0.017661467,-0.0010623455,False,604,0.00033955572871491313,-0.00275249476544559,0.01969117298722267
1021,664,13,2,-4.982571125030518,0.004823103,0.0003083229,False,680,-0.00680946372449398,0.004726543556898832,-0.016050787642598152
1021,754,15,2,-5.839011192321777,-0.0028203963,0.010284204,True,787,0.0010290812933817506,-0.001889781909994781,0.016023464500904083
1023,73,1,2,-5.792970657348633,-0.013269357,-0.00065032,False,74,-0.011871394701302052,-0.002817611675709486,0.0035652536898851395
1023,80,1,2,-5.9742536544799805,-0.0055433847,0.0021116543,True,-1,,,
1023,482,9,2,-3.6883814334869385,0.0070168544,-0.004366684,False,486,0.0014316034503281116,-0.004457263741642237,-0.005494670942425728
1023,849,16,2,-3.6813018321990967,0.00073946954,5.8546066e-05,False,806,0.0014316034503281116,-0.0050455378368496895,0.005796217825263739
1023,868,17,2,-4.679125785827637,0.0042861844,-0.0045501804,False,875,-0.0050643919967114925,0.0013827515067532659,-0.015283508226275444
1023,923,18,2,-3.3516645431518555,-0.0032477237,0.0001859188,False,915,-0.00043061256292276084,0.0014042139519006014,0.0015988158993422985
1025,103,2,2,-5.625065803527832,-0.014677839,4.034996e-05,False,130,0.0005906677106395364,-0.005025940015912056,0.020334796980023384
1025,202,4,2,-5.966001033782959,-0.0068996525,0.006918545,True,232,-0.0022476292215287685,0.013378038071095943,-0.0018074698746204376
1025,366,7,2,-4.798756122589111,-0.0005575085,-0.00035176278,False,354,-0.0005683708004653454,0.0010987090645357966,-0.0014613341772928834
1025,623,12,2,-5.1929779052734375,0.0036855412,0.0014306832,False,641,0.001817893935367465,-0.008760557509958744,0.008323593065142632
1025,773,15,2,-5.8337483406066895,-0.001401062,-0.00040153504,True,787,0.001868066843599081,-0.0024479865096509457,0.005315580405294895
1025,813,16,2,-5.518802642822266,0.008858051,-0.0014773846,True,832,0.0003668117569759488,0.0008476448128931224,-0.010816269554197788
1026,491,9,2,-5.621164798736572,-0.0044816113,-0.006085577,False,457,-0.007235965691506863,-0.0026201820001006126,-0.006219749338924885
1026,834,16,2,-5.42369270324707,-0.00072862627,0.002852068,False,805,0.0010599136585369706,-0.0024717808701097965,0.007112388499081135
1027,101,2,2,-3.850149631500244,0.0004343605,0.006299796,False,139,0.0007852315902709961,-0.0016489839181303978,0.008299650624394417
1027,632,12,2,-4.799921989440918,0.0036188888,-0.004644413,False,639,0.003429145785048604,-0.0025559330824762583,-0.002278223168104887
1027,782,15,2,-4.107143402099609,0.015753165,-0.0165279,False,765,-0.00836785789579153,0.0020347691606730223,-0.042683690786361694
1027,913,18,2,-5.37870979309082,-0.0052941893,-0.003830223,False,909,0.0049000452272593975,0.0013551712036132812,0.005008840002119541
1028,19,0,2,-5.434040546417236,0.007941971,-0.008080616,False,9,-0.003231916343793273,-0.0009193229489028454,-0.01833517849445343
1028,77,1,2,-5.671102523803711,-0.008192768,0.0050668144,False,61,-0.007701587863266468,-0.0017774391453713179,0.00733543373644352
1028,84,1,2,-5.8462934494018555,0.0025592041,-0.0025592041,True,-1,,,
1028,336,6,2,-3.987238645553589,0.0075129177,0.0008120823,False,318,0.004638409707695246,-0.00030663967481814325,-0.0017557856626808643
1028,858,17,2,-5.586813926696777,-0.001272955,-0.0032892418,False,865,0.001805858570151031,-0.0006065749912522733,0.000396146671846509
1028,933,18,2,-4.18940544128418,-0.0033079148,0.00042089462,False,946,0.0042342375963926315,-0.0010284519521519542,0.008991499431431293
1029,475,9,2,-5.296811103820801,0.0074817943,0.0013849831,False,454,0.0004986763233318925,0.007137517910450697,-0.01273565273731947
1029,569,11,2,-4.3208136558532715,-0.004391861,-0.0037998485,False,589,0.005314731504768133,-0.0006563377100974321,0.006563082337379456
1031,66,1,2,-5.068857192993164,-0.0069352724,0.012155533,False,87,-0.01232210174202919,0.002897624857723713,0.0038710786029696465
1031,466,9,2,-3.7152647972106934,-0.011643495,-0.015335751,False,486,0.0027712821029126644,-0.0025452233385294676,0.00162424985319376
1031,577,11,2,-3.9445555210113525,-0.010014109,-0.0028335524,False,564,-0.009024476632475853,0.0005782699445262551,-0.002422190271317959
1031,843,16,2,-3.2711801528930664,0.005084281,0.00044329168,False,801,0.0037885475903749466,-0.00034296989906579256,-0.000509471632540226
1032,2,0,2,-4.454401969909668,0.009885206,0.003657589,False,26,0.005829257890582085,-0.0029233265668153763,0.0025249673053622246
1032,50,1,2,-5.018886566162109,0.0055333422,-0.0009696197,False,87,-0.01155073195695877,0.002760648727416992,-0.02081434242427349
1032,238,4,2,-5.00179386138916,-0.004022074,-0.0068184184,False,208,-0.005783643573522568,0.004159355070441961,-0.01273934356868267
1032,277,5,2,-4.245118618011475,-0.0015098191,-0.0023336697,False,253,-0.000450563442427665,-0.001607761369086802,0.0003333472413942218
1032,409,8,2,-3.3007938861846924,-0.0020363284,0.0025651979,False,433,0.0017056369688361883,0.00041885851533152163,0.005888304673135281
1032,455,9,2,-5.102959632873535,-0.0046815965,-0.008702393,False,454,0.0009314822964370251,0.0029477691277861595,-0.006037082988768816
1033,15,0,2,-3.950237512588501,0.0012277651,-0.0040037585,False,7,0.003657760564237833,-0.00266981590539217,0.0010960525833070278
1033,98,1,2,-5.589221954345703,-0.017799625,-0.0017462826,False,69,-0.006177568342536688,0.003138628089800477,0.0067371465265750885
1033,656,13,2,-3.2734835147857666,-0.00037115574,3.7093163e-05,False,691,0.0008702707127667964,-0.0027023316361010075,0.003980851266533136
1033,783,15,2,-3.905733346939087,0.01116693,0.006255584,False,777,-0.004908385220915079,0.04705311730504036,-0.05687285214662552
1034,33,0,2,-4.5423383712768555,-0.008582487,-0.0026231003,False,27,-0.0014815330505371094,0.001999559346586466,0.00247829407453537
1034,220,4,2,-4.7314324378967285,-0.0030281544,-0.003088169,False,211,-0.003873529378324747,0.0024742125533521175,-0.006407756358385086
1034,333,6,2,-5.040607929229736,-0.0064015863,0.0007911682,False,335,0.0006183147197589278,0.004778499715030193,0.0030325697734951973
1034,755,15,2,-3.995495557785034,0.0067178393,-0.012258125,False,765,-0.004022097680717707,-0.004705467261373997,-0.018292594701051712
1036,78,1,2,-5.778347015380859,-0.013680229,0.008736667,True,69,-0.004523725714534521,0.0023871706798672676,0.015506001189351082
1036,153,3,2,-4.067535877227783,-0.0043276786,0.0011282063,False,188,-0.0016828489024192095,0.0006716346833854914,0.0031014014966785908
1038,32,0,2,-5.447909832000732,-0.0018601895,0.0021839428,False,41,0.0035547923762351274,-0.00227775564417243,0.009876680560410023
1038,634,12,2,-5.79275369644165,-0.006936636,-0.00010180473,False,604,0.003667593002319336,-0.0029108619783073664,0.013413285836577415
1040,115,2,2,-4.425030708312988,-0.005385914,0.0024641228,False,124,-0.0015147972153499722,0.00156682962551713,0.0047684102319180965
1040,245,4,2,-4.700315952301025,0.0027618886,0.0017377281,False,247,-0.0013246345333755016,0.00045744897215627134,-0.0028062439523637295
1040,792,15,2,-5.006927013397217,0.0051674843,-0.006529684,False,774,-0.0050818538293242455,-0.008920107036828995,-0.007858915254473686
1040,996,19,2,-4.462844371795654,-0.004157057,0.0018458271,False,975,0.00013121604570187628,0.0016315460670739412,0.004502554424107075
1041,97,1,2,-5.7490458488464355,0.0045041563,-0.0032055187,True,69,-0.00627104751765728,0.0022531033027917147,-0.01623382605612278
1041,344,6,2,-4.638390064239502,0.0012527179,0.0045430185,False,306,-0.0063049509190022945,0.0017296314472332597,-0.004744281526654959
1042,346,6,2,-4.833837985992432,0.0032677173,0.001374054,False,337,0.002689237706363201,0.00017904282140079886,0.0006165315862745047
1042,479,9,2,-2.1406939029693604,0.023903713,0.0072205258,False,-1,,,
1042,778,15,2,-5.9742536544799805,-0.005659685,0.0048972606,True,787,-0.0003586959792301059,-0.0003191661962773651,0.010517415590584278
1042,818,16,2,-5.773250579833984,-0.00060038565,0.0011752129,False,825,-0.000696687726303935,-0.0008847045828588307,0.0019636154174804688
1043,37,0,2,-3.7176766395568848,0.0025972843,0.0009676266,False,47,-0.00559310894459486,-0.008572110906243324,0.0013493442675098777
1043,58,1,2,-5.690644264221191,-0.0013899994,0.0017364979,True,69,-0.010062150657176971,0.0036055755335837603,-0.010541228577494621
1043,89,1,2,-3.711397171020508,-0.010046745,0.0029531003,False,86,-0.00816123466938734,-0.00241229054518044,0.0072509003803133965
1043,742,14,2,-2.416621208190918,0.00296463,0.0019359732,False,737,-0.002846894320100546,0.0016052197897806764,-0.005480770952999592
1045,520,10,2,-4.084318161010742,-0.0027563905,0.0014004612,False,530,0.0005936622619628906,-0.0007710170466452837,0.005521531216800213
1045,768,15,2,-4.575797080993652,0.007901048,0.0016397953,False,786,-0.006620511878281832,-0.006027841474860907,-0.006853923201560974
1046,240,4,2,-4.374133586883545,-0.021122202,0.0021798897,False,200,0.004981899168342352,-0.002122592879459262,0.030406583100557327
1046,823,16,2,-4.8869194984436035,0.0024528503,0.002899704,False,830,-1.070976213668473e-05,-0.00014330864360090345,0.000579452607780695
1047,810,16,2,-5.9742536544799805,-0.0035120773,0.0016212845,True,833,0.0014134884113445878,0.0011562156723812222,0.005390634294599295
1047,890,17,2,-5.9742536544799805,-0.005985737,0.009249077,True,854,0.0009345149737782776,0.0053121186792850494,0.010857210494577885
1049,646,12,2,-4.272110939025879,-0.0008312607,-0.014195251,False,602,-0.003591137006878853,0.0033929157070815563,-0.020348044112324715
1049,671,13,2,-4.718664169311523,-0.011017981,-0.0028580474,False,660,-0.0010801792377606034,0.003459501313045621,0.0036202529445290565
1049,724,14,2,-2.743283987045288,0.00020868778,-0.0008402157,False,725,-0.0010541916126385331,0.0008008956792764366,-0.0029039906803518534
1049,779,15,2,-2.0877811908721924,0.01653649,0.005035722,False,785,-0.0059615327045321465,-0.0004965257830917835,-0.016965772956609726
1050,56,1,2,-5.421802520751953,-0.019892674,2.9296874e-05,False,61,-0.005480518564581871,-0.007952356711030006,0.022393809631466866
1050,538,10,2,-4.106190204620361,-0.0022803259,0.0028578185,False,504,0.0004910469288006425,0.0008538055699318647,0.0047753858380019665
1050,654,13,2,-4.949476718902588,-0.009266786,-0.004653797,False,653,-0.0007653427310287952,0.0026941108517348766,0.0011535356752574444
1050,780,15,2,-5.652445316314697,0.0054611014,-0.003937483,True,767,-0.007049179170280695,-0.0037248325534164906,-0.012722930870950222
1051,81,1,2,-5.048557281494141,-0.001441679,0.0039756107,False,87,-0.018483953550457954,0.011947832070291042,-0.025014495477080345
1051,355,7,2,-3.8232498168945312,-0.0030737065,0.0015677881,False,369,-0.0016773795941844583,-0.006535158026963472,0.009499273262917995
1052,95,1,2,-5.555348873138428,0.0044284724,-0.0043338966,True,61,-0.005078535061329603,-0.010410241782665253,-0.0034306622110307217
1052,505,10,2,-3.9192376136779785,-0.0011771631,-0.004013338,False,548,0.00011319160694256425,-0.000653705617878586,-0.0020692776888608932
1053,52,1,2,-5.470337867736816,-0.0047683334,0.008275423,False,61,-0.0036613368429243565,-0.012627830728888512,0.022010251879692078
1053,59,1,2,-5.310275554656982,0.0005012131,-0.0033838463,False,61,-0.0036613368429243565,-0.012627830728888512,0.0050814347341656685
1053,197,3,2,-3.8440587520599365,0.002041688,0.000603261,False,166,-4.169464227743447e-05,-0.003663010662421584,0.0021828890312463045
1053,263,5,2,-3.8445839881896973,0.0021416808,-0.0022321176,False,299,-0.00031100271735340357,-0.0007189464522525668,-0.003965854644775391
1054,18,0,2,-5.606582164764404,0.0045261667,0.0025677776,True,10,0.005571317858994007,-0.002559394808486104,0.006172323599457741
1054,243,4,2,-5.2665324211120605,0.00013237,-0.00047677994,False,203,-0.003651723964139819,0.005165987182408571,-0.009426861070096493
1054,289,5,2,-3.631892681121826,-0.0015089894,0.00027870177,False,290,0.0002932596253231168,-0.0012375068617984653,0.003318457631394267
1054,776,15,2,-3.496488571166992,0.005297818,-0.010447893,False,751,-0.0015370463952422142,-0.0003375673259142786,-0.016945188865065575
1055,635,12,2,-5.730821132659912,-0.005088615,0.0032735444,False,628,-0.0053289602510631084,0.0018721675733104348,0.001161031424999237
1055,771,15,2,-4.839379787445068,0.001268673,-0.014232149,False,786,-0.009938516654074192,-0.006255235522985458,-0.01918410323560238
1056,276,5,2,-4.257017612457275,0.0011294174,-0.0012599182,False,253,-0.00015257835912052542,-0.0008668136433698237,-0.0016751002985984087
1056,955,19,2,-4.691056728363037,-0.0077710915,-0.0015433312,False,982,-0.0021751117892563343,-0.0034053230192512274,0.0074579715728759766
1059,44,0,2,-3.775937080383301,-0.0017256022,0.004064722,False,47,-0.0058567095547914505,-0.005694480147212744,0.005628094542771578
1059,226,4,2,-5.773155689239502,-0.0012002278,-0.0040219594,True,232,0.0034597397316247225,0.004250688478350639,-0.003612680360674858
1059,624,12,2,-3.963300943374634,-0.007688527,0.004426298,False,625,0.0021376418881118298,-0.010927257128059864,0.025179723277688026
1059,672,13,2,-2.4735424518585205,-0.0005486965,-0.004402914,False,-1,,,
1059,766,15,2,-3.722613573074341,-0.010431442,-0.007148042,False,775,-0.0018967199139297009,-0.004717116244137287,0.006103796884417534
1059,798,15,2,-5.920039653778076,-0.005741291,-0.0010511589,True,787,0.0,0.0,0.004690132103860378
1061,96,1,2,-5.133244037628174,0.008788491,0.0058510494,True,61,-0.0005603408790193498,-0.008656177669763565,0.0051583959721028805
1061,288,5,2,-4.274789333343506,-0.0028751278,0.00018446922,False,297,-0.0008955860394053161,0.0013894272269681096,0.0007745837792754173
1061,485,9,2,-3.2434334754943848,0.009943371,-3.558159e-05,False,459,-0.0026313208509236574,0.005740070249885321,-0.01835034415125847
1061,593,11,2,-3.9131579399108887,-0.0010077906,-0.0009552097,False,583,-0.003319387324154377,0.0015654325252398849,-0.004832238890230656
1063,244,4,2,-4.953897476196289,-0.008531818,-0.01126463,False,203,0.00965508446097374,-0.004778814502060413,0.011701087467372417
1063,325,6,2,-2.5913565158843994,0.0034306622,-0.0047312547,False,328,-0.0011962556745857,0.003946251701563597,-0.013304424472153187
1063,398,7,2,-4.072230339050293,-0.0010685539,-0.0009432316,False,350,-0.0006377601530402899,0.0009497833088971674,-0.0014622211456298828
1063,476,9,2,-3.647665023803711,0.014076462,-0.008407536,False,496,-0.0011150455102324486,-0.001835412927903235,-0.021763630211353302
1063,578,11,2,-4.2791619300842285,-0.003058939,-0.00016440391,False,574,-0.002937755547463894,-0.0026877212803810835,0.0026445009279996157
1063,707,14,2,-4.47377872467041,-0.0005619049,-9.7608565e-05,False,710,-0.003371658269315958,-0.004655380267649889,0.0017480183159932494
1063,769,15,2,-3.832012176513672,-0.007140007,-0.0057065296,False,762,-0.0026483344845473766,-0.0013946819817647338,0.00017982476856559515
1063,897,17,2,-4.889862060546875,0.0002971363,-0.0047093867,False,850,-0.0037117768079042435,0.0005843067192472517,-0.00930260680615902
1064,65,1,2,-5.528196811676025,0.008921137,-0.008181801,True,61,0.0003771400370169431,-0.007190685253590345,-0.009535113349556923
1064,231,4,2,-3.953209161758423,0.0034835862,-0.009989295,False,212,0.0017443513497710228,-0.01911640726029873,0.007387876510620117
1064,348,6,2,-5.958929061889648,-0.0024615193,0.0109510515,True,-1,,,
1064,477,9,2,-5.827822685241699,0.0029286193,-0.0008311176,True,492,0.000563764595426619,0.000632486364338547,-0.003828458720818162
1067,83,1,2,-5.747486114501953,0.0038160323,0.0028419304,True,69,0.0005506896995939314,-0.001315050176344812,0.0008916379883885384
1067,760,15,2,-5.122821807861328,-0.00090016366,-0.0117357345,False,774,-0.0020462798420339823,-0.010135956108570099,-0.0027458947151899338
1074,5,0,2,-3.5472910404205322,0.019385668,0.005625558,False,21,-0.004820651840418577,-0.0067342184484004974,-0.011846542358398438
1074,55,1,2,-5.495927333831787,-0.006866121,-0.0056740763,False,69,0.0043213558383286,-0.0073458291590213776,0.012859228998422623
1074,271,5,2,-4.056131362915039,0.0003034973,-0.001518879,False,274,0.0007951831794343889,-0.0005453872727230191,-0.0004818058805540204
1074,421,8,2,-3.6118972301483154,0.0014087487,-0.00023609161,False,415,-0.00010253429354634136,-0.003917674999684095,0.0021703005768358707
1076,71,1,2,-5.479660987854004,-0.0034969617,-0.0014021397,False,61,-0.0017393875168636441,-0.007037448696792126,0.00739288330078125
1076,478,9,2,-4.6926069259643555,-0.0075109196,-0.0006089306,False,461,-0.00059084891108796,0.0020761298947036266,0.004235009662806988
1077,73,1,2,-5.9742536544799805,-0.0013181972,0.0,True,-1,,,
1077,92,1,2,-3.824946641921997,0.006705203,0.0025654316,False,60,-0.012864232063293457,9.027004125528038e-05,-0.01709427312016487
1077,265,5,2,-4.521895885467529,-0.0035997676,-0.0023239898,False,264,-0.0012609100667759776,0.001046037650667131,-0.0010311699006706476
1077,669,13,2,-4.7747063636779785,0.006837549,-0.0034323977,False,681,-0.0019007015507668257,0.00991093646734953,-0.022081585600972176
1077,789,15,2,-5.370205879211426,-0.0036760997,-0.012080955,False,774,-0.0013500117929652333,-0.012041616253554821,0.0022867489606142044
1077,839,16,2,-2.5218489170074463,0.00047154428,-0.0018472242,False,809,0.0006598949548788369,0.0005004644626751542,-0.002159337978810072
1078,12,0,2,-4.576385021209717,-0.00818469,0.0030175685,False,35,-0.0064252279698848724,0.006239843554794788,-0.0014628125354647636
1078,74,1,2,-5.534428596496582,0.004345007,0.002439518,False,61,-0.0017774391453713179,-0.005190200638025999,0.0015072727110236883
1079,201,4,2,-5.516920566558838,0.004261246,0.00456625,False,248,-0.006602935958653688,-0.00829305686056614,0.0019951248541474342
1079,612,12,2,-5.794609069824219,0.0035928916,-0.0030985642,True,604,-0.001957101747393608,0.006588525604456663,-0.015237083658576012
1080,20,0,3,-3.8570680618286133,-0.0049150083,0.0029994391,False,47,-0.009764662012457848,-0.0048470161855220795,0.0029968013986945152
1080,85,1,2,-5.727414131164551,-0.005918026,-0.0024157143,False,69,0.0026115321088582277,-0.0037937546148896217,0.009907597675919533
1080,608,12,2,-4.540509223937988,-0.0020610332,-0.00086352346,False,636,8.273124694824219e-05,-0.00877474807202816,0.010054988786578178
1080,715,14,2,-4.741725921630859,-0.0014564133,-0.0013224221,False,726,-0.004041938576847315,0.007579812780022621,-0.01148775964975357
1080,872,17,2,-5.82358455657959,-0.007759943,0.002012291,False,871,-0.0029733276460319757,-0.0006430816720239818,0.007441987749189138
1082,90,1,2,-4.080009937286377,0.0017067433,-0.0028863621,False,72,0.006574869155883789,0.005547447130084038,-0.0035656834952533245
1082,213,4,2,-2.100731372833252,0.0059831096,-0.0023410462,False,223,0.0036619948223233223,-0.0033044861629605293,-0.0013576745986938477
1083,453,9,2,-2.837305784225464,0.0026516055,-0.007174916,False,-1,,,
1083,965,19,2,-4.043783664703369,-0.005170531,-0.001072855,False,953,-0.0028567505069077015,-0.0009802532149478793,0.0022211787290871143
1085,70,1,2,-4.497172832489014,-0.008864403,-0.0034295178,False,-1,,,
1085,123,2,2,-3.195019006729126,-0.0023284531,0.00084794045,False,148,0.004415907897055149,-0.003847212763503194,0.01143951341509819
1085,777,15,2,-1.7015044689178467,0.041907035,-0.004139967,False,-1,,,
1085,874,17,2,-3.842536449432373,-0.0033354522,0.0012382936,False,883,0.007667060010135174,0.005069436971098185,0.007171368692070246
1086,24,0,2,-5.308826446533203,0.003376131,-0.0021392154,False,11,-0.0032415390014648438,0.00869691837579012,-0.01745380461215973
1086,311,6,2,-5.76415491104126,-0.004476843,0.0003605461,False,-1,,,
1086,474,9,2,-4.356319427490234,-0.011313443,-0.005515337,False,490,-0.008165188133716583,-0.008788528852164745,0.006421446800231934
1086,668,13,2,-3.7813303470611572,-0.010179739,0.0019669486,False,685,-0.00600074790418148,0.005088381934911013,0.0010575586929917336
1086,791,15,2,-3.86381459236145,-0.0035475635,0.005211558,False,762,-0.00671384809538722,-0.0031846524216234684,0.005229925736784935
1086,896,17,2,-5.522099018096924,0.009043093,-0.00068998337,True,854,0.008143167942762375,0.003100910224020481,-0.00469081848859787
1087,753,15,2,-5.1154327392578125,-0.00077155116,-0.0070588207,False,788,-0.012258511036634445,-0.006963644176721573,-0.011582136154174805
1087,981,19,2,-4.819462776184082,-0.0029784678,-0.0028689767,False,967,0.001171159790828824,0.0008083152933977544,0.000472335668746382
1090,216,4,2,-3.860705852508545,0.010115118,-0.0010697269,False,209,-0.010108785703778267,-0.007996845059096813,-0.01329678576439619
1090,447,8,2,-4.801753997802734,-0.0073835757,0.002029171,False,435,0.0006025886395946145,-2.88105002255179e-05,0.010044146329164505
1091,343,6,2,-5.210892677307129,-0.009060326,0.0034713077,False,321,-0.0016532611334696412,-0.002377519616857171,0.0132558923214674
1091,614,12,2,-5.151320934295654,-0.00089905737,0.003410015,False,638,-0.0011844444088637829,-0.0004327869392000139,0.003557414747774601
1092,0,0,2,-5.116704940795898,0.007192526,0.0053851986,False,11,0.002376613672822714,0.003205852583050728,-0.0026365662924945354
1092,2,0,2,-4.250331878662109,0.0033787251,0.006829996,False,25,0.007938861846923828,0.006251549813896418,0.005138583015650511
1092,161,3,2,-4.6363606452941895,-0.002143278,-0.0014348507,False,181,0.0024334334302693605,-0.0031044292263686657,0.006246290169656277
1092,595,11,2,-4.270646095275879,-0.0030537415,0.0016547871,False,562,-0.0029959105886518955,0.006238141097128391,-0.004525523632764816
1092,750,15,2,-5.828115940093994,-0.0017484283,0.0010573387,True,796,0.00239873887039721,0.0027991391252726316,0.002405366860330105
1092,781,15,2,-5.960577964782715,-0.014918861,0.010419989,False,759,0.0,0.0020835972391068935,0.023255253210663795
1094,54,1,2,-5.649026870727539,0.0010383796,-0.0056153107,True,61,-0.0037616253830492496,-0.0023556614760309458,-0.008059654384851456
1094,91,1,2,-5.907664775848389,0.0009981251,-0.0004388714,True,69,0.004633588716387749,-0.005613346118479967,0.008809938095510006
1094,233,4,2,-4.957246780395508,-0.004564104,-0.00119977,False,235,0.009981927461922169,0.0021988011430948973,0.011147459968924522
1094,748,14,2,-3.1763594150543213,0.0055724,0.003247094,False,729,-0.002335724886506796,-0.006336035672575235,0.0016750048380345106
1096,58,1,2,-5.737329483032227,-0.0018269158,0.008042459,False,61,-0.007459230255335569,0.0009002399165183306,0.0015099048614501953
1096,988,19,2,-3.891700029373169,0.003953757,-0.00049057486,False,989,-0.00044816971058025956,0.00018329144222661853,-0.005075792782008648
1097,76,1,2,-5.871764183044434,-0.002042551,0.0027391433,True,61,-0.007278842851519585,0.001715602818876505,-0.004212751053273678
1097,373,7,2,-4.179108619689941,0.00042647362,-0.0038677026,False,359,0.001992292469367385,0.001151552191004157,-0.003453435841947794
1098,323,6,2,-4.707264423370361,-0.0015366268,0.005390835,False,316,-0.004556408151984215,-0.0013245391892269254,0.003695592749863863
1098,475,9,2,-5.2455363273620605,0.00036719322,0.0039501283,False,462,0.008416404947638512,0.006852264516055584,0.005147075280547142
1099,84,1,2,-5.9227070808410645,-0.007283764,0.0073668,True,61,-0.007186193484812975,0.003546876832842827,0.003917494788765907
1099,116,2,2,-4.332315444946289,0.010569716,-0.0036433602,False,124,4.2266845412086695e-05,-0.00578402541577816,-0.008386783301830292
1099,238,4,2,-5.093895435333252,0.004642391,-0.0025568295,False,203,0.0020210074726492167,-0.005215015262365341,3.680214285850525e-05
1099,984,19,2,-5.0920281410217285,-0.0037442588,0.0023819637,False,967,-0.002988348016515374,0.0005401420639827847,0.0025977320037782192
1100,78,1,2,-5.066447734832764,0.011128549,-0.0002499962,False,67,-0.0014357948675751686,-0.005797891411930323,-0.007016448769718409
1100,305,6,2,-4.212552547454834,-0.0024519349,0.0036534308,False,329,0.00757957436144352,-0.004644231870770454,0.01832917146384716
1100,449,8,2,-4.632142543792725,0.00022093773,-0.0032197475,False,443,0.0004944133688695729,0.0024099445436149836,-0.005356216337531805
1100,580,11,2,-3.737752914428711,0.0037895108,-0.004696784,False,565,0.000931539514567703,-0.002000622684136033,-0.005554133094847202
1100,673,13,2,-4.276853084564209,-0.014460307,-0.004322424,False,652,-0.0005694294231943786,0.0032174682710319757,0.006350984331220388
1100,699,13,2,-3.507112741470337,-0.0025881957,-0.00096735003,False,691,-0.004433822818100452,0.005098404828459024,-0.007911382243037224
1100,864,17,2,-5.39029598236084,-0.010997257,0.0006060505,False,893,-0.0063495635986328125,0.00568917253986001,-0.000435427762567997
1100,986,19,2,-3.01994252204895,0.011396208,0.0025075532,False,991,0.002476873341947794,0.0018273114692419767,-0.00823909230530262
1103,57,1,2,-5.10725212097168,-0.0100002475,-0.00043886184,False,67,1.1548995644261595e-05,-0.0056626987643539906,0.015235633589327335
1103,539,10,2,-3.8752188682556152,-0.0013330126,-0.0029701232,False,507,0.0012517976574599743,0.0014832973247393966,-0.0018686102703213692
1107,622,12,2,-1.5322741270065308,0.01734605,-0.0023364997,False,-1,,,
1107,757,15,2,-2.626413106918335,-0.0048909094,0.0036429071,False,785,-0.0056668235920369625,-0.006919059902429581,0.009786052629351616
1112,149,2,2,-3.233041763305664,0.008702798,-0.0028336335,False,110,-0.0038017367478460073,-0.00265799043700099,-0.012680177576839924
1112,206,4,2,-4.320155143737793,0.002889452,0.007826142,False,209,-0.013208217918872833,-0.009776639752089977,0.0015051118098199368
1115,219,4,2,-4.253245830535889,-0.011862769,-0.00012372971,False,209,-0.01130425464361906,-0.012406587600708008,0.012841371819376945
1115,436,8,2,-5.350973129272461,-0.005407219,0.0006345844,False,430,-0.0006525993230752647,0.0007057285401970148,0.004683475475758314
1115,483,9,2,-4.216379642486572,-0.0059772492,-0.0009199142,False,480,-0.005076989997178316,0.009573698043823242,-0.009593352675437927
1115,593,11,2,-3.986119270324707,-0.0022669171,0.0051894095,False,591,-0.006170039065182209,0.0017448997823521495,-0.0004586121067404747
1115,852,17,2,-5.9742536544799805,-0.0076628495,0.0010588265,True,856,0.0007767581846565008,0.011357917450368404,-0.0018594833090901375
1115,853,17,3,-3.1941184997558594,0.0075732186,0.0046421243,False,882,0.001348094898276031,-0.008387560956180096,0.006804561708122492
1115,865,17,2,-5.13922119140625,0.0088379,0.0017526627,False,889,-0.0026218127459287643,-0.0072533320635557175,-0.0024537183344364166
1116,64,1,2,-5.9742536544799805,-0.006673708,0.008078995,True,69,-0.0008202552562579513,-0.0033503342419862747,0.01728278212249279
1116,460,9,2,-5.8578996658325195,-0.0007783699,-0.00232708,True,457,-0.009147558361291885,0.002894220408052206,-0.013590489514172077
1116,659,13,2,-2.5620129108428955,0.0065561817,0.004162731,False,-1,,,
1116,738,14,2,-3.3630099296569824,-0.0021920537,0.002373562,False,736,0.000657472584862262,-0.0030262423679232597,0.008249330334365368
1118,66,1,2,-3.7660388946533203,0.012244807,0.00108644,False,-1,,,
1118,444,8,2,-5.43018102645874,-0.0017371845,-0.0030095386,False,430,-0.00034357071854174137,0.0002952575741801411,-0.0019111824221909046
1118,588,11,2,-3.1634888648986816,-0.004120703,0.0010606861,False,567,-0.0018805790459737182,0.0033458517864346504,-4.5042019337415695e-05
1118,688,13,2,-5.54426383972168,0.0071982765,-0.0016416645,True,678,0.006458597257733345,-0.0014538383111357689,-0.0009275050833821297
1119,463,9,2,-5.106997966766357,-0.007762928,0.0017708301,False,454,-0.002717342460528016,-0.00460083968937397,0.011417255736887455
1119,581,11,2,-3.421560525894165,0.005236683,0.0017534017,False,567,-0.0013516759499907494,0.004189067054539919,-0.00902402400970459
1120,174,3,2,-3.781752824783325,-0.0014712572,-0.004568505,False,165,0.003207411849871278,0.004065551795065403,-0.003955387510359287
1120,242,4,2,-4.3706135749816895,-0.00586421,-0.00017730713,False,209,-0.011014103889465332,-0.012743053026497364,0.007415852043777704
1120,347,6,2,-4.786703586578369,0.000866394,0.0015471649,False,304,-0.003936538472771645,0.004546527750790119,-0.007802295498549938
1120,422,8,2,-3.3529319763183594,0.0035922194,-0.00551733,False,405,0.003480038605630398,0.0011796664912253618,-0.006809176877140999
1120,465,9,2,-4.478129863739014,0.011572037,-0.0018634129,False,456,0.008266601711511612,0.0012136459117755294,-0.006382493767887354
1120,639,12,2,-4.609447002410889,0.0026873588,-0.0011563492,False,630,-0.003228292567655444,-0.0005479335668496788,-0.006524066906422377
1121,498,9,2,-5.575847625732422,-0.019952612,-0.003367586,False,470,-0.013956613838672638,0.006566352676600218,-0.0039379410445690155
1121,527,10,2,-3.918762683868408,-0.0033760834,-0.000747633,False,525,0.002380471210926771,0.0018041133880615234,0.0032048083376139402
1121,717,14,2,-4.75223970413208,-0.0050051594,0.013412037,False,710,-0.004357071127742529,-0.0023297404404729605,0.016389865428209305
1121,754,15,2,-5.516325950622559,-0.0038304997,0.0007932949,False,788,-0.016258765012025833,-0.007112083490937948,-0.0045228865928947926
1122,128,2,2,-5.6336565017700195,0.00050428393,0.00087956426,False,146,-0.006372108589857817,0.007263727020472288,-0.0132605554535985
1122,214,4,2,-5.832403659820557,0.0010558415,-0.0026737214,True,218,-0.0033751963637769222,0.0030150318052619696,-0.010119790211319923
1123,211,4,2,-1.9136266708374023,0.05692072,0.015671285,False,229,-0.00693902000784874,-0.008737768977880478,-0.03945068269968033
1123,252,5,2,-4.235409259796143,-0.001411562,-0.0013863373,False,256,0.0019099139608442783,-0.0029921531677246094,0.004927291534841061
1123,303,6,2,-4.224817276000977,-0.0017658424,-0.0016885853,False,330,0.004464549943804741,0.002980785444378853,0.0015610216651111841
1123,493,9,2,-4.208033561706543,-0.00014484406,-0.006123209,False,480,-0.0036765336990356445,0.006577181629836559,-0.01623208075761795
1123,675,13,2,-3.9104270935058594,-0.004141855,-0.0056115245,False,670,-0.0031517602037638426,-0.002238435670733452,-0.002382993930950761
1123,763,15,2,-5.9725847244262695,-0.0030900764,0.00076465606,True,774,-0.01322497334331274,0.00028626443236134946,-0.009656505659222603
1125,109,2,2,-4.403102397918701,-0.0123703955,-0.0017542362,False,124,-0.004216651897877455,-0.004926385823637247,0.011325892992317677
1125,237,4,2,-5.749504566192627,0.0007931995,-0.004494982,True,218,-0.002688503358513117,0.002283124951645732,-0.010259808972477913
1125,403,8,2,-3.9438536167144775,0.002445407,-0.00023605347,False,445,-0.00010182380356127396,-0.0012516593560576439,-0.0015316249337047338
1125,585,11,2,-5.2793169021606445,-0.0054151346,0.00083889964,False,551,-0.002202539471909404,0.0007697200635448098,0.003281774464994669
1127,95,1,2,-5.600386619567871,-0.0005403996,-0.0006614399,True,51,-0.0012024497846141458,-0.005901470314711332,0.004577980376780033
1127,637,12,2,-5.336009502410889,-0.009052782,-0.00039155007,False,626,-0.0017748737009242177,-0.0005724525544792414,0.007458810694515705
1128,7,0,2,-3.4658141136169434,0.013302574,0.00014801502,False,-1,,,
1128,143,2,2,-3.9648001194000244,0.0014137983,-0.0008267069,False,139,-0.00027501105796545744,-0.0023992680944502354,-0.00011624814942479134
1128,499,9,2,-4.706503391265869,-0.009068298,-0.0069254874,False,471,-0.010806054808199406,-0.0035019780043512583,-0.005161266308277845
1128,764,15,2,-3.652205228805542,-0.0037206411,-0.0020362998,False,751,-0.0010392522672191262,0.002179317409172654,-0.0015342284459620714
1129,35,0,2,-4.2795257568359375,0.005601206,-0.0041526984,False,47,-0.004701786208897829,-0.0006005096365697682,-0.013855180703103542
1129,55,1,2,-5.646829128265381,0.0013105392,0.0039643575,False,94,-0.0029071331955492496,-0.0006507682846859097,0.0003974533174186945
1129,335,6,2,-5.211080074310303,-0.007429991,-0.004312801,False,307,-0.0061669922433793545,-0.0014032840263098478,-0.0016465187072753906
1129,473,9,2,-5.005746841430664,0.004193077,-0.008950453,False,490,-0.012310581281781197,0.0017693709814921021,-0.027223482728004456
1129,780,15,2,-5.769041538238525,0.0027238845,0.0034521676,True,787,0.0026448536664247513,0.007331285625696182,-0.003958148881793022
1129,918,18,2,-4.947818279266357,-0.004915342,-0.0014562416,False,938,0.0026833247393369675,0.0016805363120511174,0.0044618891552090645
1130,59,1,2,-5.933753490447998,-0.0029763984,0.0052392483,False,69,-0.0037937546148896217,0.0038059044163674116,0.0006159879267215729
1130,217,4,2,-4.689868927001953,-0.0018120861,0.0024886227,False,235,0.007863063365221024,-0.007979316636919975,0.020143087953329086
1130,230,4,2,-5.396208763122559,-0.007266493,-0.0019650746,False,224,0.0019995784386992455,-0.01160273514688015,0.018903732299804688
1130,728,14,2,-5.098447799682617,0.006091957,-0.0074542332,False,730,0.004187087994068861,0.0035838985349982977,-0.01294300053268671
1131,99,1,2,-5.888698101043701,-0.0051223757,0.00398983,True,69,-0.005491561722010374,0.0042319390922784805,-0.0006112959235906601
1131,337,6,2,-4.636521816253662,0.0032239438,-0.006706762,False,306,-0.002382612321525812,0.002318363171070814,-0.014631681144237518
1131,792,15,2,-5.855306625366211,-0.009326429,0.008051701,False,761,0.002263622358441353,3.998756437795237e-05,0.019601764157414436
1131,949,18,2,-4.660515308380127,0.0014992905,0.0005614471,False,919,0.000617227575276047,-0.0013697529211640358,0.0010491370921954513
1132,6,0,2,-3.5857672691345215,-0.0012684774,-0.0016565371,False,-1,,,
1132,80,1,2,-5.534581184387207,0.0041917036,-0.00035708427,True,94,-0.0035419845953583717,0.0002512645733077079,-0.008342036977410316
1132,138,2,2,-4.514771938323975,0.0056893826,0.002199087,False,145,-0.0011529159964993596,-0.0038355542346835136,-0.0008076571393758059
1132,215,4,2,-5.425352096557617,-0.005231762,-0.0019764996,False,236,-0.00020013809262309223,-0.004830198362469673,0.007885322906076908
1133,193,3,2,-5.498046875,-0.006529484,0.00403986,False,195,0.0008739566546864808,-0.005267133936285973,0.01671043410897255
1133,612,12,2,-5.8811116218566895,-0.0013254547,-5.48172e-05,True,607,-0.005057592410594225,-0.0003120899200439453,-0.003474865108728409
1135,210,4,2,-5.666567325592041,-0.0017897987,-0.0061537265,False,232,-0.006993532180786133,0.009293174371123314,-0.020650634542107582
1135,374,7,2,-4.8701677322387695,-0.00046430586,-0.001819601,False,366,0.0011460876557976007,-7.114410436770413e-06,-0.00020209315698593855
1135,561,11,2,-5.792722225189209,-0.0064369584,-0.002315197,False,556,0.0020944690331816673,-0.0047184182330966,0.010934649035334587
1135,773,15,2,-5.712780952453613,0.004001713,0.0086930655,True,795,-0.006776103749871254,-0.0011020088568329811,-0.000982742290943861
1136,18,0,2,-5.151897430419922,0.00911191,-0.010355291,False,36,0.0036869621835649014,-0.00974102970212698,-0.0060392096638679504
1136,82,1,2,-5.566102981567383,-0.009290362,0.0029911709,False,98,0.0022407628130167723,-0.004007167648524046,0.018529463559389114
1136,863,17,2,-5.570718765258789,-0.005668449,-0.008070698,False,880,-0.003870458574965596,-0.005643329583108425,-0.0006293777842074633
1136,925,18,2,-4.092855453491211,-0.0018262577,0.0028962088,False,940,-0.00492906104773283,0.00256175990216434,-0.0027683544903993607
1137,37,0,2,-3.9612717628479004,-0.0053230617,-0.0050223637,False,21,-0.01126142032444477,0.0030970049556344748,-0.01405772753059864
1137,157,3,2,-4.3145222663879395,0.0046250536,-0.0014534855,False,154,-7.232665666379035e-05,0.0020473862532526255,-0.008198251947760582
1137,496,9,2,-3.4329869747161865,0.0012885905,-0.0074764015,False,497,0.00019320011779200286,0.005481095518916845,-0.01405288651585579
1137,888,17,2,-5.260095596313477,-0.009280176,0.005611286,False,893,0.0006509303930215538,-0.0021402454003691673,0.01768263801932335
1138,75,1,2,-4.2176337242126465,-0.0040927217,0.006674304,False,-1,,,
1138,672,13,2,-3.0675196647644043,-0.0100452565,-0.0019063092,False,687,0.006771278567612171,0.0008375358302146196,0.014072690159082413
1138,726,14,2,-4.250420093536377,0.009542017,-0.00037685395,False,700,0.0018224907107651234,-0.002040376653894782,-0.006056004203855991
1138,859,17,2,-4.306312084197998,-0.0016752816,-0.007637911,False,885,0.00804026611149311,0.001045761164277792,0.0010318756103515625
1140,249,4,2,-3.8895087242126465,0.0055750846,-0.0027966881,False,221,-0.004835586529225111,-0.0043022106401622295,-0.008905148133635521
1140,352,7,2,-3.7928061485290527,-0.0010424042,0.0005412102,False,363,0.00011716842709574848,0.0004709100758191198,0.0012298726942390203
1140,469,9,2,-4.301623821258545,-0.009491625,0.00053144456,False,486,-0.008157158270478249,0.0031371021177619696,-0.0012711910530924797
1140,776,15,2,-4.683173179626465,-0.014875936,0.004253788,False,765,-0.005349702667444944,-0.003848056774586439,0.017628077417612076
1141,27,0,2,-2.9596238136291504,0.032016374,-0.00418509,False,39,-0.012347731739282608,-0.002606573048979044,-0.04594261944293976
1141,40,0,2,-3.827073574066162,0.012434654,-0.010610675,False,25,0.005569519940763712,0.00103931431658566,-0.018515124917030334
1141,451,9,2,-5.61685848236084,0.0062908744,-0.0031628036,True,488,-0.002471752231940627,-0.00560091994702816,-0.006324511021375656
1141,564,11,2,-4.071141719818115,-0.0010482883,-0.0023356534,False,555,0.0020977973472326994,-0.006035509053617716,0.006845940835773945
1141,749,14,2,-3.7710533142089844,0.0011849451,-0.0030977153,False,733,0.004826107062399387,-0.0013832711847499013,0.0019267178140580654
1141,897,17,2,-5.279292583465576,-0.0053620054,0.0031746484,False,893,0.0010202217381447554,-0.0015008831396698952,0.011057758703827858
1144,477,9,2,-5.539827823638916,0.005737505,-0.006002636,True,467,-0.012271699495613575,0.0036126708146184683,-0.02762451022863388
1144,647,12,2,-5.748505592346191,-0.0043953895,0.0047445297,False,633,-0.005025653634220362,-0.0032942676916718483,0.007408533710986376
1144,674,13,2,-5.965080738067627,-0.00026777267,-0.00018345832,True,694,-0.002809066791087389,-0.0007328319479711354,-0.0019919206388294697
1144,798,15,2,-5.840456485748291,0.0026759433,-0.0008646774,True,795,-0.00795202236622572,0.0015967274084687233,-0.013089369982481003
1146,70,1,2,-3.9048845767974854,0.011686701,0.0021605445,False,60,-0.0009566688677296042,0.0062506962567567825,-0.016733521595597267
1146,576,11,2,-2.3135581016540527,-0.0010764217,0.00075101375,False,-1,,,
1147,346,6,2,-4.971599578857422,-0.0034350585,-0.0035585975,False,316,-0.0006997871678322554,0.0014785289531573653,-0.0023018550127744675
1147,492,9,2,-5.940524101257324,-0.0036170578,0.015460577,True,491,0.0012189388507977128,-0.0012189388507977128,0.021515512838959694
1147,750,15,2,-5.770920276641846,0.0025474166,-0.0027098465,True,774,-0.005927858408540487,0.007008580956608057,-0.018193703144788742
1147,799,15,2,-5.582614898681641,0.0070190146,0.0096094515,True,787,0.004423837643116713,0.004248885903507471,0.0027653886936604977
1151,196,3,2,-3.1331093311309814,0.0027814102,0.0045545767,False,198,-0.0012134313583374023,0.002004175214096904,-0.0014444401022046804
1151,474,9,2,-4.943709373474121,-0.009284716,0.0019827844,False,462,0.005200214218348265,0.003211431438103318,0.013256282545626163
1152,152,3,2,-4.860383987426758,-0.0023174954,0.004001188,False,172,-0.00247019762173295,2.4509430659236386e-05,0.003823976730927825
1152,348,6,2,-5.038980960845947,0.008638249,0.00073127745,False,307,-0.004069366492331028,-0.0033404636196792126,-0.008635874837636948
1153,97,1,2,-5.617660999298096,0.005362377,-0.0046745967,True,98,-0.0025749588385224342,-0.004338264465332031,-0.00827366765588522
1153,514,10,2,-3.829692840576172,0.0011994791,0.0015144205,False,522,-0.0005108690238557756,-7.24792471373803e-07,-0.00019520282512530684
1154,13,0,2,-4.3921356201171875,0.017987423,-0.005114851,False,15,-0.004734630696475506,-0.0010955906473100185,-0.02674131467938423
1154,121,2,2,-4.076095104217529,0.004435444,0.0005232429,False,139,-0.006496424786746502,-0.00010989189468091354,-0.010298733599483967
1156,16,0,2,-4.6332783699035645,0.006379366,0.0010213661,False,33,-0.0016301345312967896,-0.005710001103579998,-0.0012781331315636635
1156,354,7,2,-4.93954610824585,-0.004657297,0.00028772355,False,366,-0.001854696311056614,-0.00012544631317723542,0.0032157707028090954
1161,72,1,2,-4.2830657958984375,-0.01115305,-0.0029715537,False,-1,,,
1161,225,4,2,-5.8879218101501465,-0.0017953872,0.002074375,True,234,-2.6407242330606095e-05,-0.001550865126773715,0.0053942203521728516
1161,288,5,2,-4.162295341491699,0.0020654106,0.0007349586,False,255,-0.0018050097860395908,0.0002276802115375176,-0.0033631420228630304
1161,656,13,2,-3.548436403274536,-0.006282468,0.0042248247,False,666,-0.0076535893604159355,-0.007170772645622492,0.010024476796388626
1161,778,15,2,-5.816389083862305,0.0018612671,-0.0031572913,False,761,0.002063226653262973,0.0022803591564297676,-0.005235690623521805
1161,855,17,2,-2.774646043777466,0.006667423,-0.0061872914,False,894,-0.0028683089185506105,-0.002446508500725031,-0.01327651459723711
1162,61,1,2,-5.710731506347656,0.0020527744,-0.005270443,True,94,-0.010044288821518421,-0.0030975150875747204,-0.014269990846514702
1162,88,1,2,-5.883509635925293,-0.0045927716,0.0011765766,True,-1,,,
1162,683,13,2,-4.377181053161621,0.0033992482,-0.0063049984,False,665,0.004955177195370197,-0.00391978258267045,-0.0008292868733406067
1162,759,15,2,-5.7795186042785645,-0.0009159374,0.011384611,False,761,0.0029160212725400925,0.0012281513772904873,0.013988418504595757
1163,364,7,2,-4.994910717010498,-0.006139526,-1.3399124e-05,False,366,-0.0008584404131397605,-0.00024661063798703253,0.0055142976343631744
1163,790,15,2,-5.8491692543029785,0.0020628357,0.0044775293,True,795,-0.0029380035120993853,0.005074024200439453,-0.005597333889454603
1164,466,9,2,-4.680224895477295,-0.0015557861,0.002166338,False,471,-0.002112951362505555,-0.0004251289356034249,0.002034301869571209
1164,987,19,2,-4.121945381164551,-0.0073043825,-0.0018582535,False,953,0.000990533852018416,-0.0014740562764927745,0.007910719141364098
1166,14,0,2,-2.2529137134552,-0.0013323497,0.00037908077,False,-1,,,
1166,244,4,2,-5.7135748863220215,0.0006744385,-0.0004152584,True,224,-0.004116086754947901,-0.002719297306612134,-0.002486486453562975
1166,645,12,2,-3.444328546524048,-0.0055695055,-0.00025906562,False,621,0.006158709526062012,-0.012363433837890625,0.02383258379995823
1166,819,16,2,-5.85086727142334,-0.006391478,0.0027782917,False,825,-0.0007656574016436934,-0.0014585399767383933,0.00986265204846859
1169,231,4,2,-4.5396199226379395,-0.006138868,-0.0006932354,False,240,-0.0020926285069435835,-0.00510265352204442,0.00845565740019083
1169,326,6,2,-3.824657440185547,0.008150463,-0.0013014078,False,302,0.0016984272515401244,-0.0013974952744320035,-0.006355948280543089
1170,3,0,2,-5.123946189880371,0.0007672882,0.00013831138,False,8,0.0008814811590127647,-0.0009772777557373047,0.001229782123118639
1170,65,1,2,-5.603164196014404,0.007421789,0.0054774284,True,94,-0.0017363358056172729,-0.008197708055377007,0.004517011344432831
1170,191,3,2,-5.074769496917725,-0.006832333,0.00043968201,False,172,-0.002647876739501953,0.002879123669117689,0.001745014451444149
1170,487,9,2,-5.421215534210205,0.0061662104,0.0022521687,False,455,-0.007099285256117582,0.00818679854273796,-0.019200125709176064
1171,90,1,2,-4.8305277824401855,-0.013067398,-0.006917734,False,81,0.009666051715612411,-0.012246541678905487,0.028062257915735245
1171,388,7,2,-3.3102104663848877,-0.0032721139,-0.00013307571,False,379,0.0012525845086202025,-0.002496943576261401,0.006888566073030233
1171,634,12,2,-5.691742897033691,-0.0006878757,-0.0042540263,False,604,-0.0009652042645029724,-0.005167035851627588,0.0006356812082231045
1171,796,15,2,-5.089416980743408,0.016037893,-0.006390276,True,755,0.00016840934404172003,0.0012886906042695045,-0.023548448458313942
1173,68,1,2,-3.622297525405884,0.010702252,0.0060433433,False,86,0.000933632836677134,-0.00986902229487896,0.006143746431916952
1173,71,1,2,-5.013129711151123,0.0074120713,0.01287323,False,96,-0.001995191676542163,-0.004805059637874365,0.00827102642506361
1173,77,1,2,-5.891001224517822,-0.0030177308,0.008044376,True,94,-0.002813673112541437,-0.005579471588134766,0.013827905058860779
1173,325,6,2,-2.44180965423584,0.008068629,0.0048871515,False,-1,,,
1173,505,10,2,-4.113564968109131,-0.00061255455,0.0004724121,False,520,-0.001986332004889846,-0.0004675006784964353,-0.00043386477045714855
1173,712,14,2,-4.03965950012207,-0.0070431377,-0.005982218,False,734,0.0018754578195512295,-0.0003856754337903112,0.00332205300219357
1174,12,0,2,-4.522316932678223,0.00032901764,-0.0015915394,False,15,0.0017267799703404307,-0.008301114663481712,0.008107338100671768
1174,200,4,2,-5.320245265960693,-0.014749107,-0.003727579,False,232,0.006304674316197634,-0.00014011382882017642,0.017466315999627113
1174,370,7,2,-4.050166606903076,0.00011288643,-0.00029372214,False,351,-0.001165366149507463,-0.001908855396322906,0.0003368806792423129
1174,786,15,2,-4.575899600982666,0.009543819,0.0026954554,False,793,-0.002534999744966626,-0.005923871882259846,-0.0034594919998198748
1176,79,1,2,-3.8732872009277344,0.013785038,0.0012237787,False,-1,,,
1176,806,16,2,-4.6815104484558105,-0.009332161,0.0023812293,False,831,0.00407550809904933,-0.010495929978787899,0.026284828782081604
1178,2,0,2,-4.364980697631836,-0.007642379,-0.0010197449,False,15,-0.0018011092906817794,-0.004816131666302681,0.009637655690312386
1178,432,8,2,-3.5326082706451416,0.0012945414,-0.0013361787,False,404,0.001859903335571289,-0.0032630586065351963,0.002492241794243455
1178,571,11,2,-3.005833387374878,-0.009266505,-0.00014462948,False,567,0.0013954973546788096,0.0012555361026898026,0.009261836297810078
1178,873,17,2,-3.622804880142212,0.0018808794,-0.003539114,False,877,0.001634626416489482,0.002600660314783454,-0.006386027205735445
1179,95,1,2,-5.534786224365234,0.0023217297,-0.0071579264,True,67,-0.0009259986691176891,-0.0015491199446842074,-0.008856534957885742
1179,345,6,2,-3.9990134239196777,-0.005188708,-0.0046208096,False,334,0.007268218789249659,-0.0021363734267652035,0.00997249037027359
1179,483,9,2,-3.977323293685913,0.0055757477,-0.011803336,False,486,0.0014547824393957853,-0.004090595059096813,-0.011833706870675087
1179,518,10,2,-4.195943832397461,-0.002532797,0.0007897663,False,512,0.002241849899291992,-0.002452373504638672,0.00801678653806448
1179,693,13,2,-5.931282997131348,-0.00795682,0.002791977,True,696,-0.002501096809282899,0.006583738140761852,0.001663961447775364
1179,927,18,2,-5.945468425750732,-0.00033899306,0.0007922077,True,907,-0.015253286808729172,0.0009766482980921865,-0.015098733827471733
1180,226,4,2,-5.917216777801514,-9.813309e-05,0.003238592,True,234,-0.0008334732265211642,0.001161489519290626,0.0013417622540146112
1180,649,12,2,-3.0442919731140137,0.0021154452,-0.0019793224,False,643,0.001012673368677497,-0.00011320113844703883,-0.0029688929207623005
1180,788,15,2,-5.93713903427124,-0.007277546,0.0029523182,False,761,0.00048384667024947703,0.0017537879757583141,0.008959922939538956
1180,794,15,2,-4.957735538482666,-0.002166996,0.00016789437,False,765,-0.0021207237150520086,-0.008281840942800045,0.008496006950736046
1181,76,1,2,-5.700440406799316,0.0054762647,-0.0026845646,True,94,0.0009186744573526084,-0.004541254136711359,-0.002700901124626398
1181,979,19,2,-4.543757915496826,-0.003118849,-0.0018420315,False,973,-0.00592011446133256,-0.0014822864904999733,-0.003161010565236211
1184,230,4,2,-5.6205620765686035,-0.0049553392,-0.006028099,False,236,-0.0030222893692553043,0.0009898757562041283,-0.00508492486551404
1184,533,10,2,-4.2270827293396,0.00018919945,-0.00018320084,False,519,0.0005569171626120806,0.0003425598260946572,-0.00015804293798282743
1184,568,11,2,-4.827555179595947,0.0048386287,-0.0050288104,False,599,-0.002395153045654297,0.0028622436802834272,-0.015124836005270481
1184,861,17,2,-4.736971855163574,0.008677177,-0.0033016873,False,899,0.00033041954156942666,0.0011729812249541283,-0.01282142661511898
1185,9,0,2,-5.9588727951049805,-0.0056211473,0.0040664766,True,49,-0.005549916997551918,6.34384123259224e-05,0.0040742685087025166
1185,768,15,3,-5.231069087982178,-0.0063314913,0.006291981,False,-1,,,
1185,982,19,2,-4.631834506988525,0.004992943,-0.0049377726,False,968,-0.0048655797727406025,0.001269168802537024,-0.016065463423728943
1187,87,1,2,-4.353298187255859,0.0010983277,-0.006292782,False,-1,,,
1187,942,18,2,-3.226794719696045,0.0033504677,0.004135766,False,934,-0.0005063009448349476,-0.003962512128055096,0.004241509363055229
1189,84,1,2,-5.102720737457275,0.016141806,0.00017416955,False,96,-0.00389518728479743,-0.0010029696859419346,-0.018859852105379105
1189,122,2,2,-4.534400463104248,0.0045231916,0.0043816376,False,131,0.005858507007360458,0.0032518005464226007,0.0024651524145156145
1191,21,0,2,-3.8712143898010254,0.0032322598,-0.003072462,False,25,0.00103931431658566,0.0007869386463426054,-0.006052345968782902
1191,69,1,2,-5.968443870544434,0.000116195675,0.0017170333,True,94,0.0015797042287886143,-0.0029433632735162973,0.006123905535787344
1191,155,3,2,-3.732151508331299,0.002672944,-0.0019035244,False,185,-0.0038017129991203547,-0.003508505877107382,-0.004869675263762474
1191,423,8,2,-4.039646148681641,0.0020855428,0.0016404581,False,424,-0.002712249755859375,-0.00026476860512048006,-0.0028925659134984016
1191,453,9,2,-4.807504177093506,-0.030600743,0.0052936934,False,471,0.00027403832064010203,0.0012339114909991622,0.03493456542491913
1191,558,11,2,-4.250950336456299,0.0051477146,-0.0054603005,False,597,0.004052553325891495,0.004188976250588894,-0.010744438506662846
1192,85,1,2,-5.839963912963867,-0.00043513297,-0.0024702263,False,94,0.0014983463333919644,-0.004389524459838867,0.0038527774158865213
1192,227,4,2,-5.513154029846191,0.004115591,-0.003793316,False,236,-0.0028157616034150124,0.0026589203625917435,-0.013383588753640652
1193,41,0,2,-5.947558403015137,-0.0041750623,0.005099697,False,48,-0.0005374145694077015,0.00034749030601233244,0.008389854803681374
1193,51,1,2,-5.964986324310303,-0.0020293808,0.01801136,True,94,0.003046379191800952,-0.003896780079230666,0.026983898133039474
1193,59,1,2,-5.9742536544799805,-0.0033952522,0.0018289471,True,94,0.003046379191800952,-0.003896780079230666,0.01216735877096653
1193,498,9,2,-5.9742536544799805,-0.008043127,0.0058887005,True,488,-0.004980363883078098,0.0007656097295694053,0.0081858541816473
1193,746,14,2,-4.165383815765381,0.0013438129,-0.0057552624,False,734,0.0008762836223468184,-0.010845661163330078,0.0046228691935539246
1193,767,15,2,-5.248229026794434,0.0068909167,0.00951417,False,755,-0.003692798549309373,-0.00042887686868198216,-0.000640668673440814
1194,615,12,2,-3.8583054542541504,-0.00654016,0.004969525,False,621,-0.006373186130076647,-0.009219641797244549,0.014356140047311783
1194,771,15,2,-5.220264434814453,0.009908705,0.0041289805,False,755,-0.0038920403458178043,0.00023294448328670114,-0.009904708713293076
1197,279,5,2,-4.173709869384766,-0.0016575337,0.0014915084,False,293,-0.0007391071412712336,0.0016591835301369429,0.0007507514674216509
1197,306,6,2,-4.903653621673584,-0.00672411,0.004586115,False,333,-0.001860494608990848,-0.002030649222433567,0.011480379849672318
1198,78,1,2,-4.865995407104492,0.0044684126,0.00053621293,False,-1,,,
1198,221,4,2,-4.264918804168701,-0.0050557805,0.0045897197,False,240,-0.001967105781659484,0.0005974674131721258,0.007080927025526762
1198,343,6,2,-4.945178031921387,0.0021752072,-0.001678543,False,307,0.002082023536786437,-0.0025037764571607113,0.0007320493459701538
1198,437,8,2,-4.01075553894043,-0.0023193979,0.0014222717,False,440,-0.002176470821723342,-0.0016563081881031394,0.003221506718546152
1198,774,15,2,-5.469063758850098,0.006397991,-0.002662716,True,787,0.003914603963494301,0.002790212631225586,-0.00793631561100483
1198,925,18,2,-3.5046226978302,0.01056107,0.001303916,False,915,0.000799636822193861,0.0006030750228092074,-0.009060592390596867
1199,50,1,2,-5.280688285827637,-0.007728996,-0.008892689,False,58,0.003901910735294223,0.003045568475499749,-0.00030735041946172714
1199,251,5,2,-4.22817325592041,-0.00033712387,-0.00016232491,False,253,0.0007838153978809714,-0.003044719807803631,0.004003334324806929
1199,490,9,2,-4.5814924240112305,0.01000742,0.016348185,False,464,-0.000617227575276047,0.008759069256484509,-0.0030355313792824745
1199,586,11,2,-3.953002691268921,0.008176837,0.00105299,False,591,0.0006819010013714433,-0.004270224366337061,-0.002171721775084734
1199,641,12,2,-5.110152721405029,0.015148935,-0.0034974955,False,632,0.0007151794270612299,-0.004191083833575249,-0.013740167021751404
1199,884,17,2,-4.535496234893799,0.001035223,0.0058638193,False,851,0.0011067294981330633,-0.006873045116662979,0.01280837133526802
1201,23,0,2,-5.9742536544799805,-0.0017879391,0.005081625,True,31,-0.0005262756603769958,0.0047106267884373665,0.0016326620243489742
1201,763,15,2,-5.885798454284668,-6.8664554e-07,1.1997223e-05,True,761,-0.000525245675817132,-0.0012802982237190008,0.0007677364046685398
1203,183,3,2,-2.91221022605896,-0.0019033813,-0.0046039964,False,198,0.0032036590855568647,8.4433559095487e-05,0.000418610405176878
1203,888,17,2,-4.5629658699035645,0.016643725,0.0016792488,False,850,0.006507158279418945,-0.01100880652666092,0.0025514885783195496
1205,338,6,2,-5.445023059844971,-0.012471571,0.002365389,False,307,-0.00402488699182868,0.0009654235909692943,0.009846649132668972
1205,638,12,2,-5.325440406799316,0.0005333519,-0.01074048,False,620,-0.00035892485175281763,-0.0003060626913793385,-0.011326693929731846
1207,52,1,2,-4.54964017868042,0.0122020915,0.003150835,False,-1,,,
1207,446,8,2,-5.184617519378662,-0.0024878883,-0.0035470962,False,430,0.0015852546785026789,-0.0038275527767837048,0.00435359962284565
1207,667,13,2,-4.377859592437744,0.0059100627,0.005431013,False,651,-0.0007322215824387968,0.007796836085617542,-0.009008107706904411
1207,689,13,2,-4.313514709472656,-0.0051055048,0.00022399903,False,651,-0.0007322215824387968,0.007796836085617542,-0.0031995540484786034
1208,56,1,2,-5.952003002166748,-0.015141125,0.0053270436,True,98,-0.00666111009195447,-0.0002685165381990373,0.014075574465095997
1208,62,1,2,-4.688761234283447,-0.0007509804,-0.004605274,False,-1,,,
1208,474,9,2,-4.8633551597595215,-0.0027208615,-0.0025890637,False,471,-0.0016964912647381425,0.0010275458917021751,-0.002592239296063781
1208,980,19,2,-4.849100589752197,-0.0066117384,0.0005312729,False,958,0.0019617939833551645,-0.0020466805435717106,0.011151486076414585
1209,463,9,2,-4.70356559753418,0.009659586,-0.022576332,False,464,-0.0018779849633574486,0.00838314089924097,-0.04249704256653786
1209,859,17,2,-4.824859619140625,-0.0038222217,-0.0035975552,False,869,0.00174993509426713,-0.003670215606689453,0.005644816905260086
1210,46,0,2,-4.725444316864014,0.024290599,-0.0020765876,True,15,-0.003029394196346402,-0.004638795740902424,-0.024757785722613335
1210,116,2,2,-4.1389384269714355,0.007441101,-0.004091616,False,133,-0.001184597029350698,-0.0027851962950080633,-0.009932117536664009
1210,203,4,2,-5.347511291503906,-6.088257e-05,-0.0013437844,False,220,-0.008554658852517605,-0.0019203663105145097,-0.007917194627225399
1210,732,14,2,-4.043937683105469,0.0016181469,0.00072954176,False,740,-0.0016974115278571844,-0.004166717641055584,0.0015807009767740965
1210,826,16,2,-5.1007843017578125,-0.0019869327,-0.0039551924,False,840,-0.005469799041748047,-0.002446308033540845,-0.0049917506985366344
1210,959,19,2,-4.313531398773193,-0.0030364322,0.0035940742,False,999,0.00295677175745368,0.002113132504746318,0.007474145852029324
1211,441,8,2,-4.0435566902160645,0.0019112969,-0.0016280651,False,420,-0.003000984201207757,0.0011845588451251388,-0.0077249049209058285
1211,639,12,2,-5.153564929962158,-0.011936559,-0.0057157613,False,632,-0.0021620846819132566,-0.0037890435196459293,0.007847757078707218
1213,476,9,3,-4.519268035888672,-0.0075977994,0.0017649841,False,464,-0.002941446378827095,0.0069071389734745026,-0.0004858020693063736
1213,776,15,2,-4.113576412200928,0.008684091,-0.0011506081,False,782,0.006776933558285236,0.005724659189581871,-0.008782424964010715
1213,816,16,2,-3.8887763023376465,-0.009473457,0.0025416326,False,807,-0.0007133150356821716,0.00406723003834486,0.007234544493257999
1216,214,4,2,-5.864797115325928,0.0006064129,-0.0021891308,True,248,0.0002705574152059853,-0.00019330024952068925,-0.0023316857405006886
1216,346,6,2,-5.236588954925537,-0.0030784798,-0.0026414872,False,307,-0.0053270719945430756,0.001277437200769782,-0.00616751704365015
1218,548,10,2,-3.8931822776794434,0.0007251692,-0.0005433655,False,537,-0.0025573396123945713,0.0009153175633400679,-0.004741191864013672
1218,681,13,2,-5.049504280090332,-0.017809449,-0.00032342912,False,673,-0.004794111475348473,0.0008275317959487438,0.011864375323057175
1220,91,1,2,-5.542538166046143,0.0058456133,-0.008195782,True,57,-0.0004526233533397317,-0.0005181312444619834,-0.013975887559354305
1220,384,7,2,-3.809701681137085,0.001027112,-0.0019093179,False,363,-0.0026979208923876286,-0.0013150834711268544,-0.004319267347455025
1221,623,12,2,-5.8788251876831055,-0.009760895,0.0021756173,False,635,-0.009689340367913246,-0.0005015659262426198,0.0027487371116876602
1221,652,13,2,-4.5099382400512695,-0.0054818057,0.0003628254,False,695,0.0022931385319679976,-0.0044454955495893955,0.012583265081048012
1222,3,0,2,-5.152105331420898,6.3171385e-05,-0.004033947,False,8,0.0016448020469397306,-0.009479599073529243,0.0070272828452289104
1222,158,3,2,-3.8935351371765137,-0.0062766313,0.004459653,False,174,0.0018498945282772183,0.0036631154362112284,0.008923063986003399
1222,205,4,2,-4.835206031799316,-0.0022480774,0.0007963276,False,245,-0.0009301471873186529,-0.004034414421766996,0.006148672197014093
1222,606,12,2,-5.266217231750488,-0.0033434296,0.007319727,False,646,-0.0064833927899599075,0.005306539591401815,-0.0011267764493823051
1222,660,13,2,-4.830710411071777,-0.002584057,0.0037773133,False,684,0.0036329077556729317,-4.652023199014366e-05,0.010040798224508762
1222,936,18,2,-4.802809238433838,0.017048044,-0.0024483108,False,919,-0.0022465609945356846,0.0007977962377481163,-0.022540712729096413
1223,81,1,3,-5.3032073974609375,-0.01251604,-0.0048469733,False,57,7.883072248660028e-05,-0.0013020611368119717,0.009049958549439907
1225,74,1,2,-4.952877521514893,0.0072184848,0.0033166886,False,58,0.0009318446973338723,0.0030912018846720457,-0.00606115348637104
1225,989,19,2,-3.7566211223602295,0.0014973354,0.003730936,False,988,0.003384127514436841,0.0028140591457486153,0.0028036690782755613
1226,678,13,2,-5.8193182945251465,2.6636124e-05,-0.002508192,True,661,0.0029002190567553043,-0.0029002190567553043,0.0032656099647283554
1226,854,17,2,-5.0413899421691895,0.0034959412,-0.0014178753,False,875,-0.005738811567425728,-0.005675220396369696,-0.0049774073995649815
1227,73,1,2,-5.86293363571167,-0.007731838,0.011055346,True,98,-0.008960476145148277,0.0005394459003582597,0.009287260472774506
1227,347,6,2,-4.909928321838379,-0.0038493539,-0.0004434967,False,321,0.001304359408095479,0.006918964441865683,-0.0022087476681917906
1227,847,16,2,-4.181423187255859,-0.008622289,0.002044096,False,811,-0.001322469674050808,-0.00552741065621376,0.014871325343847275
1227,852,17,2,-5.479983329772949,0.006698885,0.0014829827,False,860,-0.00192541116848588,0.00022392273240257055,-0.007365236058831215
1228,188,3,2,-3.5914766788482666,0.00356019,-0.0020605563,False,167,0.0015512704849243164,-0.0006846237229183316,-0.0033848523162305355
1228,207,4,2,-5.910825252532959,-0.008388863,0.0047984123,True,224,0.0011886692373082042,0.004191198386251926,0.010184746235609055
1228,259,5,2,-3.719346284866333,0.0015181922,0.0007900524,False,266,-0.002001118613407016,5.80215455556754e-05,-0.0027872801292687654
1228,481,9,2,-4.060230255126953,-0.013547301,0.005929623,False,464,0.00402488699182868,-0.0007423877832479775,0.024244198575615883
1228,680,13,2,-4.721062183380127,0.009865885,0.0038800049,False,684,0.00726489070802927,0.0026737023144960403,-0.0013946914114058018
1228,818,16,2,-5.290170192718506,0.00846036,0.0028891468,False,814,-0.0011380767682567239,0.004085807595402002,-0.01079509686678648
1229,302,6,2,-4.135205268859863,-0.006045556,0.0029593515,False,334,-0.0021363734267652035,-0.008291912265121937,0.015160446986556053
1229,950,19,2,-3.4937055110931396,0.0049668024,0.0018123961,False,960,0.003928156103938818,-0.0015607023378834128,0.002334452234208584
1231,64,1,2,-5.163127899169922,0.0034041787,-0.00599885,False,57,0.002390642184764147,-0.011590518988668919,0.00457813311368227
1231,66,1,2,-4.373728275299072,-0.016693912,-0.0022399712,False,-1,,,
1231,332,6,2,-5.033046722412109,-0.0023651028,-0.0028955746,False,321,0.0011360072530806065,0.005541753955185413,-0.00493621826171875
1231,766,15,2,-4.0819010734558105,0.0054028416,0.0031334304,False,775,-0.0046979282051324844,-0.007268390618264675,0.0003010511863976717
1233,86,1,2,-4.211238384246826,-0.018283138,-0.014347353,False,60,-0.011276469565927982,-0.010015597566962242,0.0026749130338430405
1233,241,4,2,-4.072251319885254,5.5475233e-05,-0.013923054,False,242,0.004591989330947399,-0.0025526618119329214,-0.0068338774144649506
1233,600,12,2,-2.164538860321045,-0.0038613796,-0.018280707,False,642,0.009648017585277557,0.014492020942270756,-0.019263330847024918
1233,692,13,2,-5.273769855499268,-0.016140308,-0.0006319523,False,690,-0.004097804892808199,-0.005184545647352934,0.01659509539604187
1234,607,12,2,-5.9742536544799805,-0.00041554452,0.0017587281,True,635,-0.008072099648416042,-0.0014139557024464011,-0.004483871161937714
1234,753,15,2,-4.640756130218506,0.014686823,0.0010446453,False,772,0.0014659023145213723,-0.009507570415735245,-0.0026687048375606537
1235,29,0,2,-5.391929626464844,0.0041074087,-0.0010392761,False,24,-0.00030786514980718493,-0.004969444125890732,-0.0004851059056818485
1235,55,1,2,-5.181881904602051,0.005518513,-0.012269096,False,57,0.0022295285016298294,-0.010628681629896164,-0.0049293991178274155
1235,128,2,2,-5.356201171875,0.000770483,0.0035096454,False,144,0.00028473854763433337,-0.002859477885067463,0.005883378908038139
1235,136,2,2,-2.7498233318328857,0.00092848303,0.003052392,False,119,-0.0012398671824485064,0.0020230626687407494,-0.0011390207801014185
1236,663,13,2,-4.103270053863525,0.008881607,-0.0008200455,False,686,0.003606433980166912,-0.00728234276175499,0.001187124289572239
1236,726,14,2,-4.345420837402344,-0.0012264919,0.00050660135,False,739,0.003502483479678631,0.0004540252557490021,0.004781551659107208
1238,67,1,2,-5.416759014129639,0.0010974407,-0.0094767,False,-1,,,
1238,486,9,2,-4.186392784118652,-0.0033680154,-0.0023832417,False,464,0.001887846039608121,0.0009311008616350591,0.001941518858075142
1238,492,9,2,-5.7536940574646,-0.007011547,-0.004411192,False,494,0.003962736111134291,0.001765079447068274,0.004798011854290962
1238,619,12,2,-5.034071922302246,0.00035931586,-0.006468792,False,630,-0.009328126907348633,-0.0036076640244573355,-0.012548570521175861
1242,202,4,2,-5.51934814453125,0.0072092246,0.00559638,True,210,0.006122550927102566,0.00278784753754735,0.0017218589782714844
1242,715,14,2,-4.78983736038208,-2.199173e-05,0.0023532105,False,744,0.004736747592687607,0.00480824476107955,0.002303705085068941
1244,83,1,2,-5.9742536544799805,-0.014185629,0.0,True,98,-0.004023752175271511,-0.0024973107501864433,0.01265918742865324
1244,166,3,2,-4.379110336303711,-0.005190811,-0.0025304698,False,153,-0.0036639689933508635,-0.00211645127274096,0.0011128236074000597
1246,94,1,2,-5.9742536544799805,-0.0029128743,0.008538628,True,80,-0.009863624349236488,0.004541368689388037,-0.002953491173684597
1246,234,4,2,-5.732685089111328,0.0048313714,0.007609463,True,247,-0.0047753239050507545,-0.0033765221014618874,0.0013792896643280983
1246,250,5,2,-3.9966282844543457,-0.00027107238,-0.00018008232,False,261,2.3202896045404486e-05,0.0011580372229218483,-0.0010438442695885897
1246,819,16,2,-5.768197536468506,0.0014097882,0.0065105725,False,825,0.0012189102126285434,0.006991920527070761,-0.0006722258403897285
1247,115,2,2,-4.956113338470459,-0.012891646,-0.0017698669,False,105,0.0018728923751041293,-0.0011523818830028176,0.01414705254137516
1247,243,4,2,-5.319094657897949,0.0064336397,-0.004287119,False,215,0.0023436928167939186,-0.0005606841878034174,-0.007816381752490997
1247,290,5,2,-3.997631311416626,-0.0036390065,-0.0004996729,False,261,0.00016358375432901084,0.0013540649088099599,0.0019488524412736297
1247,434,8,2,-3.4669034481048584,0.00062516687,-0.0013021708,False,425,0.00328638544306159,-0.00357023230753839,0.004929279908537865
1247,468,9,2,-5.692878246307373,-0.0030282307,-0.00072957994,False,494,0.003577260999009013,-0.0011650276137515903,0.0070409392938017845
1247,483,9,2,-4.498251914978027,-0.005112915,0.0024958516,False,456,-0.004474086686968803,0.008543271571397781,-0.005408591590821743
1249,13,0,2,-4.5861592292785645,0.0014130783,-0.002595787,False,35,0.0015478611458092928,0.002368488349020481,-0.004829492419958115
1249,84,1,2,-5.446508407592773,-0.007969198,0.010379953,False,-1,,,
1249,96,1,2,-5.455263137817383,-0.0020539474,-0.01037673,False,-1,,,
1249,309,6,2,-5.49648380279541,0.003352976,-0.0035624218,False,335,0.001967372838407755,0.001768884714692831,-0.006716909818351269
1249,793,15,2,-4.668270587921143,-0.00124403,0.010957184,False,772,-0.002398481359705329,-0.002663354855030775,0.012466087937355042
1249,798,15,2,-5.9742536544799805,-0.0012102985,0.0012560368,True,761,-0.0019462013151496649,0.00018234252638649195,0.0003377916291356087
1250,451,9,2,-5.9267497062683105,-0.004350805,0.0072107315,True,477,-0.0010426235385239124,0.002486534183844924,0.008032379671931267
1250,790,15,2,-5.036669731140137,0.011781502,-0.006504774,False,781,-0.0019725703168660402,-0.007458705920726061,-0.012800141237676144
1251,61,1,2,-5.80844783782959,0.0027027703,-0.0026162434,True,80,-0.009569683112204075,0.008058271370828152,-0.02294696867465973
1251,223,4,2,-3.296595811843872,-0.00187078,-0.006732354,False,-1,,,
1251,799,15,2,-5.1239237785339355,-0.002584057,-0.010292816,False,754,0.004933509975671768,0.0030461216811090708,-0.005821370519697666
1251,843,16,2,-3.87807297706604,-0.011677175,0.0023466635,False,804,0.0003225135733373463,0.0029510355088859797,0.011395316570997238
1252,230,4,2,-5.950552463531494,-0.005487976,0.0037854386,True,248,-0.004986810497939587,-0.0015020370483398438,0.005788641050457954
1252,429,8,2,-4.502452373504639,0.000696373,-0.0032554436,False,412,0.002049617702141404,-0.003825874300673604,0.0019236751832067966
1252,491,9,2,-5.874098300933838,0.00051332475,0.016326828,True,477,-0.001583738368935883,0.0042045689187943935,0.01002519577741623
1252,640,12,2,-4.219630241394043,0.0044704913,0.0038993072,False,608,0.013918590731918812,0.0031079864129424095,0.01023942045867443
1253,5,0,2,-4.9838080406188965,-0.0104810335,-0.00051374437,False,33,-0.002209787257015705,0.003261842764914036,0.004495658911764622
1253,99,1,2,-5.9742536544799805,-0.0025812816,0.0053212736,True,98,-0.004874696955084801,0.0026622009463608265,0.0003656572662293911
1254,478,9,2,-4.6899800300598145,-0.001134758,-0.01474966,False,493,-0.0020308017265051603,0.0008590125944465399,-0.016504716128110886
1254,734,14,2,-4.705850601196289,-0.012536192,0.0019634343,False,711,-0.0018570995889604092,0.00293000228703022,0.009712524712085724
1254,767,15,2,-5.1598896980285645,-0.00095944403,-0.0042445753,False,754,0.005691023077815771,0.003929634112864733,-0.0015237422194331884
1254,900,18,2,-4.232753753662109,-0.00013380051,-0.008638105,False,920,0.0015411090571433306,0.0009810447227209806,-0.007944241166114807
1256,218,4,2,-5.1339569091796875,0.014406443,-0.001448965,False,232,0.0014916324289515615,-0.007717628497630358,-0.0066461460664868355
1256,539,10,2,-4.164038181304932,-0.0002701473,0.0006705475,False,542,0.00033603666815906763,-0.0007202053093351424,0.0019969367422163486
1258,21,0,2,-3.898287057876587,0.003908334,-0.0018676997,False,44,-0.008323325775563717,-0.0009008741471916437,-0.013198485597968102
1258,155,3,2,-3.627295732498169,0.002902317,0.0017828512,False,150,-0.0014745331136509776,0.0006359004764817655,-0.0032298993319272995
1258,233,4,2,-5.219817638397217,-0.0054796217,-0.006018915,False,209,-0.008206214755773544,0.016922635957598686,-0.02566814422607422
1258,850,17,2,-5.209607124328613,-0.01167079,-0.011505404,False,875,-0.0005082607385702431,0.0010228919563814998,-0.001365766627714038
1259,69,1,2,-5.738983154296875,0.00092410087,-0.002637663,True,98,-0.00045032502384856343,-0.0051658060401678085,0.0011537170503288507
1259,72,1,2,-3.7401864528656006,0.014184374,-0.0012191295,False,70,0.0007592153269797564,-0.004383344668895006,-0.010260943323373795
1259,204,4,2,-5.516695022583008,0.009151173,-0.007364645,True,210,0.00524106016382575,-0.00019888878159690648,-0.01107586920261383
1259,278,5,2,-4.124520301818848,-0.0006586552,-0.0008365917,False,281,-0.0013089466374367476,0.0006727981381118298,-0.0021596811711788177
1259,601,12,2,-4.010195732116699,-0.003752818,-0.002868061,False,616,-0.0018606805242598057,-0.002157445065677166,0.0011815216857939959
1259,668,13,2,-3.858433961868286,0.0034785985,-0.006403699,False,651,0.01150261890143156,-0.00010246753663523123,0.0017227893695235252
1260,756,15,2,-4.2291483879089355,-0.007479415,0.0033899783,False,775,-0.008673296310007572,-0.00026730538229458034,0.0024634022265672684
1260,879,17,2,-3.3960649967193604,0.008314266,0.006599016,False,882,0.0021598434541374445,-0.004614577163010836,0.005059171002358198
1261,65,1,2,-5.138378143310547,0.0067500686,-0.0075115967,False,57,0.0050273798406124115,-0.0207182876765728,0.011484002694487572
1261,112,2,2,-5.872200965881348,0.001530447,0.0012836647,True,103,-0.0013804435729980469,0.0032682991586625576,-0.004895525053143501
1261,471,9,2,-4.839278697967529,-0.0024791718,-0.0013184166,False,462,0.0012350368779152632,-0.0011678504524752498,0.0035636425018310547
1261,834,16,2,-5.830325126647949,0.002686882,0.0016559219,True,846,-0.0038017653860151768,2.6569367037154734e-05,-0.00485929474234581
1262,175,3,2,-4.234198570251465,0.0037734795,0.0024534988,False,176,0.0035132693592458963,-0.0011462687980383635,0.0033395574428141117
1262,578,11,2,-4.721903324127197,-0.004651766,0.0028114128,False,590,-0.0011445522541180253,-0.004198417533189058,0.010517043992877007
1264,82,1,3,-5.779468059539795,-0.0028165912,-0.0033227063,True,98,-0.001983070280402899,-0.0033928584307432175,0.0009036730043590069
1266,50,1,2,-5.467489242553711,0.0003827858,-0.010135288,True,-1,,,
1266,169,3,2,-4.170678615570068,0.001231985,0.0046398975,False,159,0.001016054186038673,-0.0005622386815957725,0.004986205138266087
1266,226,4,3,-5.929746627807617,0.00089014054,0.004207077,True,248,-0.00019330024952068925,-0.00013686179590877146,0.0032604981679469347
1266,625,12,2,-4.704709529876709,-0.0048365784,-0.0027895356,False,602,-0.00939969066530466,0.0033688927069306374,-0.010721540078520775
1266,636,12,2,-5.388973236083984,-0.014000969,-0.005249014,False,647,-0.0001184558859677054,-0.002749271458014846,0.011382770724594593
1267,402,8,2,-3.6785292625427246,0.0021689225,0.004347439,False,425,-0.0013035679003223777,0.001932334853336215,-0.001057386165484786
1267,455,9,2,-5.263261795043945,-0.0045947265,0.0019039821,False,454,-0.00041679383139126003,-0.002431621542200446,0.008513536304235458
1269,591,11,2,-4.269528388977051,-0.0061348723,-0.0019592857,False,575,-0.00011811256263172254,-0.0017103099962696433,0.005767784081399441
1269,662,13,2,-4.820616245269775,0.0074218274,-0.0024042798,False,682,0.007515001110732555,-3.582000863389112e-05,-0.00227528577670455
1269,694,13,2,-5.734792232513428,-0.00040251733,-0.0012083531,False,654,0.0016740512801334262,-0.0036136244889348745,0.004481839947402477
1269,697,13,2,-3.28865909576416,0.0006092453,-0.00086218835,False,672,0.0016880130860954523,-0.0015216636238619685,0.0017382429214194417
1269,769,15,2,-2.8477163314819336,0.010059147,-0.002837801,False,785,-1.1305808584438637e-05,0.00879841297864914,-0.02170666679739952
1269,782,15,2,-3.0665199756622314,0.01653015,-0.0064285467,False,785,-1.1305808584438637e-05,0.00879841297864914,-0.03176841884851456
1269,822,16,2,-5.3982954025268555,0.003988056,0.0013812733,False,803,0.00014088630268815905,-0.0076812077313661575,0.005215311888605356
1269,890,17,2,-5.889876842498779,0.0016875362,0.0027448272,True,889,-0.003997755236923695,-0.001412782701663673,-0.0015276814810931683
1269,895,17,2,-2.905780553817749,-0.00354095,-0.0042371657,False,894,0.00476992130279541,0.0010404634522274137,0.0030332421883940697
1269,966,19,2,-4.779049873352051,-0.0026981067,0.00060664176,False,990,-0.0026267720386385918,-0.0032056046184152365,0.0038835809100419283
1270,49,0,2,-5.8561553955078125,0.0010894776,0.0011744213,True,10,-0.0014374065212905407,-0.0014368343399837613,8.43715388327837e-05
1270,909,18,2,-5.32853364944458,-0.0012719249,-0.002714157,False,913,0.002705221064388752,-0.00158777239266783,0.0028507611714303493
1271,56,1,2,-4.952794551849365,0.015927725,0.019773912,False,-1,,,
1271,163,3,2,-4.189995288848877,0.0033522225,0.0024745942,False,159,-0.0005265235668048263,-0.002090625697746873,0.0006864737952128053
1275,235,4,2,-5.107998847961426,0.0010986805,-0.009788923,False,236,0.009062661789357662,-0.002282466972246766,0.00045752525329589844
1275,707,14,2,-5.2343950271606445,-0.0037291432,-0.0043769646,False,727,-0.0005903625278733671,0.0022854136768728495,-0.003523597726598382
1275,789,15,2,-5.578122138977051,0.0035668565,-0.007122717,False,787,-0.006643114145845175,-0.007835788652300835,-0.0094968993216753
1275,904,18,2,-4.964845657348633,0.0064262105,-0.008073339,False,906,0.0034379863645881414,0.001632957486435771,-0.012694520875811577
1276,784,15,2,-5.726147651672363,0.0040947725,-0.00035734178,True,760,-0.002322606975212693,0.0026046657003462315,-0.009379386901855469
1276,958,19,2,-5.01339864730835,-0.004345026,-0.004636002,False,981,0.00482630729675293,-0.002724351827055216,0.007259683217853308
1277,30,0,2,-5.562796115875244,-0.013872824,-0.0026381493,False,8,-0.0073699951171875,-0.008224916644394398,0.012089596129953861
1277,221,4,2,-3.578040599822998,0.0064338064,0.012694707,False,-1,,,
1277,699,13,2,-3.9810569286346436,-0.0019432736,-0.0008278513,False,666,-0.0010734223760664463,-0.005784573499113321,0.0058265733532607555
1277,797,15,2,-3.6782286167144775,-0.008758812,0.0042689755,False,791,-0.007317562121897936,-0.0004246997705195099,0.006134924944490194
1280,229,4,2,-2.7019155025482178,-0.009300776,0.00019962787,False,-1,,,
1280,659,13,2,-1.4541884660720825,-0.00070512056,-0.0027929735,False,-1,,,
1281,85,1,2,-5.862091064453125,0.001516428,-0.0022276116,True,95,-0.0006365585140883923,-0.0022572993766516447,-0.0021232988219708204
1281,835,16,2,-4.242376804351807,0.0012342453,-0.004569912,False,837,0.0037594318855553865,0.0005657196161337197,-0.0026104445569217205
1284,689,13,2,-4.020537376403809,0.0045876503,0.017148715,False,698,0.001986069604754448,-0.0013439035974442959,0.01589103788137436
1284,862,17,2,-4.454469203948975,-0.010041695,0.0058646295,False,865,0.016944417729973793,-0.003753662109375,0.03660440444946289
1286,206,4,2,-3.356116771697998,0.0029114913,-0.0029859685,False,216,0.011559810489416122,-0.007750291842967272,0.013412642292678356
1286,497,9,2,-3.7772011756896973,-0.0134160705,0.00030671596,False,482,-0.0025307941250503063,-0.0017071104375645518,0.01289910264313221
1286,750,15,2,-5.970317363739014,7.872582e-05,0.0008338833,True,761,-0.00304304133169353,-0.000873298617079854,-0.0014145851600915194
1286,982,19,2,-4.998488426208496,-0.0023623658,0.007405529,False,981,0.004947347566485405,-0.0031034278217703104,0.017818670719861984
1287,51,1,2,-5.511425495147705,-0.0050773527,0.005428085,False,57,-0.012525367550551891,-0.006504783406853676,0.004484853707253933
1287,167,3,2,-3.714841842651367,-0.0018028831,-0.00022755146,False,174,0.005528077948838472,0.0017586612375453115,0.005344748497009277
1287,473,9,2,-5.9742536544799805,-0.0067278193,0.00491869,True,477,-0.0024923610035330057,0.006386986002326012,0.002767162397503853
1287,546,10,2,-4.138331413269043,0.0006621933,0.0030196619,False,517,0.0005021762917749584,-0.0024349784944206476,0.00529462331905961
1288,287,5,2,-4.169856071472168,0.0004668522,0.0010414028,False,281,-0.0019211387261748314,0.0017757797613739967,-0.0031223678961396217
1288,670,13,2,-4.724144458770752,-0.015114498,0.0006296158,False,695,-0.006853446830064058,-0.007114887237548828,0.016005555167794228
1289,458,9,2,-5.943816661834717,-0.0020245838,-0.000423584,True,477,0.0003670501755550504,0.0068457890301942825,-0.004877739120274782
1289,852,17,2,-5.582406997680664,-0.0033779049,0.0031353282,False,880,-0.003697843523696065,0.004653939977288246,-0.0018385499715805054
1290,129,2,2,-4.562365531921387,-0.0031536485,0.0028394985,False,109,-0.002065773122012615,-0.003931369632482529,0.007858743891119957
1290,208,4,2,-5.4319353103637695,0.0036499691,0.004071598,False,215,-0.0004892921424470842,-0.002854137448593974,0.0027864740695804358
1291,58,1,2,-4.655075550079346,0.003572712,-0.00015777588,False,71,-0.006384296342730522,-0.0018112659454345703,-0.008303518407046795
1291,87,1,2,-5.581251621246338,-0.019183703,-0.0037289525,False,57,-0.015247154049575329,-0.0027762698009610176,0.002983866259455681
1291,241,4,2,-4.844197750091553,-0.01193305,0.0053216075,False,209,0.00585206039249897,0.006532678380608559,0.016574040055274963
1291,422,8,2,-3.5489468574523926,-0.0016822005,0.0016573,False,411,0.0029358910396695137,9.021759069582913e-06,0.006266369950026274
1291,453,9,2,-4.949244976043701,-0.00812851,0.0014462376,False,452,0.001810903544537723,0.010621385648846626,0.0007642656564712524
1291,593,11,2,-3.7166526317596436,0.0015655565,-0.0016326379,False,583,-0.00045744419912807643,-0.0049096872098743916,0.00125404866412282
1291,932,18,2,-3.7226932048797607,-0.0040451526,-0.0031898404,False,911,-0.0003507566580083221,0.001034369459375739,-0.0005298139294609427
1291,944,18,2,-4.417410850524902,-0.0018635273,-0.004190998,False,910,0.0005536079406738281,-0.008318223990499973,0.006544360890984535
1293,224,4,2,-5.689656734466553,0.0011452293,0.0008425999,False,200,0.0025283240247517824,0.0038605118170380592,-0.0016348172212019563
1293,669,13,2,-5.55680513381958,-0.00785511,-0.008348971,False,664,-0.0036621761973947287,-0.008478241041302681,0.004322203807532787
1293,771,15,2,-5.396725177764893,-0.0077591133,-0.011272192,False,788,0.007114906329661608,0.000231676094699651,0.00337015138939023
1293,792,15,2,-5.409657955169678,0.0072364523,0.0052124215,False,788,0.007114906329661608,0.000231676094699651,0.004859199281781912
1294,54,1,2,-5.761292934417725,-0.0027884387,-0.0010032463,True,90,-0.009398289024829865,0.005110502243041992,-0.012723598629236221
1294,203,4,2,-5.171614646911621,0.0047087763,0.004938879,False,212,-0.007360916119068861,-0.004768590908497572,-0.002362222410738468
1294,244,4,2,-5.680649280548096,0.0019774055,-0.0018213462,True,200,-0.0015537356957793236,0.00387853616848588,-0.009231023490428925
1294,504,10,2,-4.326843738555908,-0.0019168663,-6.968498e-05,False,528,-0.0012413024669513106,-0.00010546683915890753,0.0007113456958904862
1294,646,12,2,-5.289671897888184,-0.0031685065,-0.0031589794,False,632,-0.0001975631748791784,0.0047423457726836205,-0.004930381663143635
1294,856,17,2,-5.557763576507568,-0.0061752223,-0.0015432835,False,880,-0.003345975885167718,-0.00248920451849699,0.0037751675117760897
1297,131,2,2,-4.162003993988037,0.0019275284,-0.0030202006,False,147,-0.0003575801965780556,0.0018541717436164618,-0.0071594808250665665
1297,396,7,2,-4.285660266876221,-0.008853254,0.0011547374,False,367,0.003924751188606024,0.0027078057173639536,0.011224936693906784
1297,897,17,2,-5.51991605758667,-0.005951433,-0.002435808,False,880,-0.002233648207038641,-0.005436982959508896,0.0067189596593379974
1297,933,18,2,-3.989841938018799,-0.0008055925,0.0051103113,False,948,-0.007985229603946209,0.00468976516276598,-0.006759090814739466
1298,9,0,2,-5.842404365539551,0.0014692784,-0.0026369859,True,19,-8.440018063993193e-06,0.0039067077450454235,-0.008021412417292595
1298,130,2,2,-5.82521390914917,-0.00023448945,-0.002017851,True,120,0.0006830883212387562,0.00042116164695471525,-0.0015214348677545786
1299,77,1,2,-5.465800762176514,0.0048259543,-0.0075054076,True,88,0.01242581382393837,0.012912807054817677,-0.012818355113267899
1299,245,4,2,-5.277547359466553,-0.0057018087,-0.004698992,False,232,-0.0016264724545180798,-0.009927797131240368,0.009304141625761986
1301,97,1,2,-5.9742536544799805,0.0,0.003659115,True,95,5.110740676173009e-05,0.0027530670631676912,0.000957155367359519
1301,443,8,2,-4.448784351348877,-0.00035430907,-0.00024130821,False,410,0.004570569843053818,-0.0022576618939638138,0.006941232830286026
1301,781,15,2,-5.528456211090088,-0.009215173,-0.0052041244,False,759,-0.0014661502791568637,-0.009976949542760849,0.01252184808254242
1301,848,16,2,-5.2002482414245605,-0.0053534126,-0.0037908936,False,832,-0.001945009222254157,-0.003554821014404297,0.003172330791130662
1302,80,1,2,-5.618005275726318,0.006128912,0.007330179,True,57,-0.011659154668450356,-0.0047818757593631744,-0.0056760115548968315
1302,373,7,2,-3.995476007461548,-8.2850456e-05,0.0038640357,False,393,-0.0015392446657642722,0.0006532382685691118,0.001754403579980135
1304,126,2,2,-3.738111972808838,-0.0052738334,0.00089120865,False,106,0.0014991903444752097,-0.00445013539865613,0.012114368379116058
1304,326,6,2,-3.9238498210906982,-0.002632203,0.0023840284,False,322,-0.0023434972390532494,0.00018271445878781378,0.0024900196585804224
1305,198,3,2,-2.9241020679473877,0.0007218361,0.0070092487,False,196,0.0033484743908047676,-0.0006557798478752375,0.010291666723787785
1305,231,4,2,-4.699314594268799,-0.010140248,0.0027010632,False,238,0.0007137203356251121,-0.00438925763592124,0.01794428750872612
1305,486,9,2,-4.410346984863281,0.0015967846,-0.0006561375,False,464,-0.004314222373068333,-0.0038526440039277077,-0.0027145002968609333
1305,766,15,2,-3.600951910018921,0.012765594,0.005760231,False,764,0.0034615611657500267,0.009003272280097008,-0.012547073885798454
1307,648,12,2,-5.610959053039551,0.0021280956,0.006720219,False,637,-0.0066581727005541325,-0.00425345404073596,0.0021874047815799713
1307,765,15,2,-5.256161212921143,0.006566248,-0.0009918975,False,788,0.007682981435209513,-0.003539934055879712,0.0036647701635956764
1308,143,2,2,-4.016406536102295,0.0073703956,-0.0005261135,False,132,-0.0022985744290053844,-0.00032390595879405737,-0.00987117737531662
1308,151,3,2,-4.337339878082275,0.0016004277,0.0017099858,False,171,0.0009645843529142439,-0.0006140994955785573,0.001688241958618164
1308,498,9,2,-5.914647579193115,-0.004377012,-0.0009839057,True,494,-0.005007343366742134,-0.00440074922516942,0.002786512253805995
1308,799,15,2,-5.778555870056152,-0.013949203,-0.00057644845,False,763,-0.0021951484959572554,0.005016593728214502,0.006161012686789036
1310,158,3,2,-3.27734375,0.00899807,-0.0023963738,False,192,0.0020688248332589865,0.0016584921395406127,-0.010984111577272415
1310,597,11,2,-4.6055474281311035,-0.0116143515,0.0012757205,False,599,0.0004696750547736883,-0.0009275150368921459,0.01428726315498352
1311,59,1,2,-5.910182476043701,0.0012814236,-0.00038677215,True,95,2.216339089500252e-05,0.004219093360006809,-0.005865125451236963
1311,242,4,2,-4.058623313903809,0.0011122989,-0.0025440597,False,-1,,,
1311,319,6,2,-3.498575210571289,-0.0049771117,-0.002345066,False,318,-0.0015445995377376676,-0.0032114649657160044,0.004298910964280367
1311,370,7,2,-3.8783175945281982,0.0037252188,0.0043634083,False,398,-0.0007027387619018555,-0.0022949790582060814,0.0022304297890514135
1312,81,1,2,-5.003900527954102,0.009864063,-0.012554512,False,71,-0.012459221296012402,0.0013235855149105191,-0.03620138019323349
1312,903,18,2,-4.313042163848877,0.0002536869,0.0038557912,False,901,-0.004319372121244669,0.0018844318110495806,-0.0026016999036073685
1313,487,9,2,-5.445698261260986,-0.0034976483,-0.00894226,False,489,-0.002775220898911357,-0.007092304062098265,-0.0011275289580225945
1313,790,15,2,-5.106454372406006,-0.0010224724,-0.0029832267,False,772,-0.002414979971945286,-0.00771890627220273,0.0033431719057261944
1314,201,4,2,-5.9627766609191895,-0.0014443111,0.000538826,True,248,0.0006823730655014515,-0.0006823730655014515,0.0033478832338005304
1314,457,9,2,-5.863753318786621,0.00036192895,0.0025282288,True,477,0.001937227207235992,0.009488792158663273,-0.005385264754295349
1314,598,11,2,-4.469372749328613,-0.0037177755,-3.434181e-05,False,566,-0.0007615089416503906,-0.001548070926219225,0.004469995386898518
1314,635,12,2,-5.337583065032959,0.012602854,0.0017909622,True,620,0.0007163333939388394,-0.0028725052252411842,-0.007223052904009819
1314,773,15,2,-4.637443542480469,0.0043224907,0.0077772904,False,-1,,,
1314,850,17,2,-5.814378261566162,-0.011675434,0.0030971337,False,871,-0.005067320074886084,0.011962728574872017,-0.0022574812173843384
1316,329,6,2,-5.0052571296691895,-0.0098944,-0.0066243364,False,337,-0.001981267938390374,0.00025674820062704384,0.001032047439366579
1316,618,12,2,-4.430042743682861,-0.0074617197,-0.0046247006,False,629,-0.002195816021412611,0.0005039215320721269,0.0001372816041111946
1316,735,14,2,-5.2882981300354,0.0051964666,-0.004024105,False,704,-0.004067706875503063,0.0005185031914152205,-0.0138067826628685
1316,807,16,2,-3.423097848892212,0.006328306,0.003431115,False,801,0.0010870933765545487,2.3045540729071945e-05,-0.001833143294788897
1317,222,4,2,-5.293753623962402,-0.0035578632,0.0030420972,False,212,-0.010173206217586994,-0.002713107969611883,-0.000860137864947319
1317,540,10,2,-3.4135587215423584,0.00059063913,0.00072457315,False,516,-0.00016949653218034655,-0.00132961745839566,0.0012940550222992897
1317,675,13,2,-3.9032788276672363,0.008170652,-0.004305744,False,657,-0.00263478746637702,0.0026252842508256435,-0.017736468464136124
1317,767,15,2,-4.939677715301514,0.0030551625,-0.004760227,False,794,0.0013443470234051347,0.0032006073743104935,-0.009671649895608425
1318,220,4,2,-5.066219806671143,0.010817899,0.018593702,False,238,-0.002907991409301758,-0.0013978194911032915,0.006265630945563316
1318,230,4,2,-5.689827919006348,0.0038942622,-0.0056885146,True,210,-0.0034624196123331785,-0.00563982967287302,-0.007405366748571396
1318,493,9,2,-4.823196887969971,-0.0022961998,-0.002854681,False,465,0.0016723251901566982,-0.0023186015896499157,0.0034324454609304667
1318,555,11,2,-4.32386589050293,-0.0028179742,-0.0011037636,False,589,-0.00795701052993536,-0.0009052181267179549,-0.005337581969797611
1318,884,17,2,-4.062119960784912,0.002965517,0.0025206376,False,892,0.006381893064826727,-0.003934183157980442,0.009871196001768112
1318,980,19,2,-4.782390117645264,0.0013099575,-0.0007293511,False,992,-0.005587930791079998,-0.00017642974853515625,-0.0074508097022771835
1320,26,0,2,-4.454310894012451,0.00689497,0.0012863922,False,2,0.006322173867374659,0.00886665377765894,-0.008153057657182217
1320,98,1,2,-5.855374336242676,0.001141262,-0.0010499477,True,95,-0.0024076271802186966,-0.00017557144747115672,-0.004423265345394611
1320,118,2,2,-4.102789878845215,0.0019657707,0.00017547607,False,132,-0.0024002217687666416,-0.0008371543954126537,-0.0033533619716763496
1320,625,12,2,-4.8353166580200195,-0.0017040062,-0.00041671752,False,603,0.0021299361251294613,-0.0027539061848074198,0.006171131506562233
1320,683,13,2,-5.449417591094971,-0.00841466,-0.0015762997,False,658,-0.0037708282470703125,0.0013680839911103249,0.0016994476318359375
1320,810,16,2,-5.328826904296875,0.005399866,-0.0025287725,False,833,0.008926973678171635,-0.003317337017506361,0.004315671510994434
1321,475,9,2,-5.682711124420166,0.005528288,0.006591959,True,477,0.004089088644832373,0.008375615812838078,-0.00322285620495677
1321,780,15,2,-5.812814712524414,-0.0038313197,-0.00088059425,True,763,-0.005800600163638592,0.005270624067634344,-0.008120497688651085
1323,299,5,2,-3.9834699630737305,0.00027305126,0.00073397637,False,292,0.0004542398382909596,0.0010408877860754728,-0.00012572284322232008
1323,770,15,2,-2.936383008956909,0.021809869,-0.007422023,False,777,-0.006274743005633354,-0.00409045210108161,-0.03141618147492409
1324,50,1,2,-5.897010803222656,-0.010126991,0.004372692,True,95,-0.0030550097580999136,-0.0014422512613236904,0.012886924669146538
1324,78,1,2,-4.531386852264404,0.0084400745,-0.014027872,False,71,-0.0015844821464270353,-0.007953853346407413,-0.01609857566654682
1324,233,4,2,-5.870800971984863,-0.009650936,0.0032812024,False,247,-0.0001325225894106552,-0.0010775279952213168,0.0138771440833807
1324,240,4,2,-4.7580485343933105,-0.0031033517,0.016319303,False,219,-0.002906961366534233,0.0024230480194091797,0.014092644676566124
1324,467,9,2,-5.614007949829102,-0.0038215732,-0.0039716912,False,460,-0.003311853390187025,-0.004546327516436577,0.001084356103092432
1324,480,9,2,-3.79500150680542,-0.0034385205,0.0036436461,False,469,-0.00367269036360085,-0.0007287216139957309,0.004138197749853134
1324,595,11,2,-3.8054802417755127,0.0011287689,0.0058616926,False,583,0.0025601054076105356,-0.002973318099975586,0.010266346856951714
1324,687,13,2,-2.6308319568634033,0.01037415,0.00071353436,False,676,0.003328075399622321,-0.0012826252495869994,-0.005049915052950382
1324,756,15,2,-3.632575511932373,0.013868008,0.004533725,False,752,-0.0034105682279914618,0.003104505594819784,-0.01584935560822487
1324,946,18,2,-4.591427326202393,-0.0074781324,0.017126255,False,943,0.003723745234310627,-0.001287269638851285,0.029615402221679688
1326,69,1,2,-5.886723518371582,-0.004856634,0.0009973716,True,95,-0.0008761596400290728,-0.00011264801287325099,0.005090493708848953
1326,680,13,2,-4.521203994750977,0.0005630398,0.001297741,False,684,0.0024623775389045477,-0.00636401167139411,0.009561089798808098
1327,122,2,2,-3.791766881942749,0.0076239253,-0.0019104767,False,139,0.003803954226896167,0.004641056060791016,-0.010371503420174122
1327,163,3,2,-4.177896499633789,-0.0016265773,0.0005988598,False,190,0.0021480845753103495,-0.0032461548689752817,0.007619676645845175
1327,578,11,2,-4.564697742462158,0.0035194205,0.0072026444,False,566,-0.002043504733592272,-0.0013185024727135897,0.0029582215938717127
1327,696,13,2,-5.382937431335449,0.0040987204,0.0011248589,False,671,0.0014849567087367177,-0.0008250618120655417,-0.0006638430058956146
1327,787,15,2,-5.9742536544799805,-0.00831317,0.0014009094,True,763,-0.005485372617840767,0.004505338612943888,-0.0002766316756606102
1327,863,17,2,-5.970430850982666,-0.0021087837,0.0024690533,False,889,0.0016285610618069768,-0.0030094338580965996,0.009215831756591797
1328,930,18,2,-4.000527381896973,-0.0071748113,-0.0039062214,False,929,-0.0024067210033535957,0.0009095907444134355,-4.772166721522808e-05
1328,950,19,2,-3.17875599861145,0.004560981,-0.004964037,False,978,0.0013393068220466375,-0.002212414750829339,-0.0059732962399721146
1330,18,0,2,-5.93093204498291,0.00022348404,3.90625e-05,True,45,0.00024581910111010075,-0.0005118274712003767,0.000573225028347224
1330,33,0,2,-4.320780277252197,0.008184528,-0.00091919897,False,40,0.0015895080287009478,7.825851207599044e-05,-0.007592476904392242
1330,488,9,2,-5.935024261474609,9.918213e-07,-0.0007845879,True,463,-0.004475841298699379,-4.138946678722277e-05,-0.00522003136575222
1330,601,12,2,-4.215542316436768,0.00063197134,0.003306074,False,608,-0.0028548622503876686,-0.0008447170257568359,0.0006639575585722923
1331,48,0,2,-5.3234710693359375,0.0076910877,0.009302731,False,15,-0.006976651959121227,0.0015595054719597101,-0.006924514193087816
1331,83,1,2,-5.342757701873779,0.008485823,0.0030648995,True,73,0.001632261322811246,0.0016180515522137284,-0.005406713578850031
1331,314,6,2,-3.7026166915893555,-0.00080156326,0.0033067418,False,322,0.0018558024894446135,-0.004004444926977158,0.009968552738428116
1331,630,12,2,-5.247628688812256,-0.003532467,0.0011804295,False,631,-0.005446729715913534,0.0004591941833496094,-0.0011930274777114391
1334,643,12,2,-2.7550337314605713,0.0056812097,-0.0022511578,False,-1,,,
1334,650,13,2,-2.5873870849609375,-0.003348236,0.0060349987,False,-1,,,
1335,61,1,2,-5.679139137268066,0.0008747291,-0.002177391,True,90,0.00255305296741426,-0.005905875936150551,0.005406809039413929
1335,291,5,2,-4.429425239562988,-0.0013478469,-0.0004729748,False,252,-0.0009004783350974321,0.00021859169646631926,-0.00024419784313067794
1336,172,3,2,-4.041513442993164,0.009013873,-0.000984478,False,189,-0.0035069799050688744,0.0008351278374902904,-0.014340458437800407
1336,652,13,2,-5.071004867553711,-0.013340158,-0.0029217815,False,692,0.0026511382311582565,-0.01029251143336296,0.02336202561855316
1337,227,4,2,-5.04486608505249,0.01557908,-0.00058241846,False,238,-0.0034949493128806353,0.00015436172543559223,-0.019810810685157776
1337,795,15,2,-5.497243881225586,-6.3705443e-06,0.0030843925,False,772,-0.007591190282255411,-0.0006975555443204939,-0.00380287179723382
1337,841,16,2,-5.741528511047363,-0.0038688565,-0.0028731823,False,803,-0.008759603835642338,0.0033997250720858574,-0.011163654737174511
1337,916,18,2,-4.182373046875,0.0015143395,-0.002045002,False,920,-0.0007557868957519531,0.0009394264197908342,-0.005254555027931929
1339,142,2,2,-2.3808939456939697,0.023458429,-0.0025113726,False,134,0.0007485008100047708,0.0030400515533983707,-0.028261352330446243
1339,302,6,3,-3.5677340030670166,0.005929966,8.2788465e-05,False,318,-0.00011620044824667275,0.0005097818211652339,-0.00647315988317132
1339,499,9,2,-4.588016986846924,-0.00086328504,-1.5182495e-05,False,476,-0.0025548934936523438,-0.0025921345222741365,0.0008853435865603387
1340,23,0,2,-5.265068054199219,0.009404068,-0.009336166,False,29,-0.0021594716235995293,0.0025138186756521463,-0.0234135240316391
1340,24,0,2,-5.606272220611572,0.0018835735,-0.0037091924,False,11,-0.0034599113278090954,0.0014554691733792424,-0.01050814613699913
1340,207,4,2,-5.9742536544799805,-0.0041254903,0.0026400567,True,248,-0.0011424064869061112,0.0015843200962990522,0.004038820508867502
1340,352,7,2,-3.951815366744995,-0.0048267078,0.00063410756,False,355,0.00028290270711295307,0.003453421639278531,0.0022902966011315584
1340,746,14,2,-4.185750484466553,0.003756218,-0.0009294415,False,716,-0.005142607726156712,0.0012995052384212613,-0.011127771809697151
1340,760,15,2,-5.416407108306885,0.0069410517,0.0032734775,False,796,-0.004816227126866579,-0.0016293430235236883,-0.006854458246380091
1341,237,4,2,-5.487440586090088,0.008803768,-0.0055268765,True,200,0.002817554399371147,-0.009016027674078941,-0.002497062087059021
1341,580,11,2,-4.548409938812256,-0.0027318096,-0.0022722436,False,558,-0.005029821302741766,0.0033459567930549383,-0.00791621208190918
1342,51,1,2,-5.117534160614014,0.0086604785,0.005297022,False,62,-0.0060202693566679955,-0.013149471022188663,0.0037657450884580612
1342,793,15,2,-3.882404327392578,0.008772164,-0.003987255,False,762,-0.0011577606201171875,0.008035684004426003,-0.021952863782644272
1343,466,9,2,-5.20119571685791,-0.016081972,-0.0018026924,False,461,-0.010259466245770454,0.004786042962223291,-0.0007662288844585419
1343,557,11,2,-3.5479180812835693,0.0014048624,0.002776761,False,553,-0.0004414892173372209,-0.002991309156641364,0.0039217183366417885
1345,82,1,2,-5.665672779083252,0.0050621126,-0.005661888,True,64,-0.01165398582816124,-0.006465778220444918,-0.015912208706140518
1345,214,4,2,-5.598023891448975,0.006524916,-0.0008627415,False,215,-0.003687305375933647,0.002403316553682089,-0.013478279113769531
1345,315,6,2,-3.5180962085723877,0.0003233099,-0.0045271777,False,310,0.0001605176948942244,-0.0002467775484547019,-0.0044431923888623714
1345,569,11,2,-4.80586051940918,-0.00402338,-0.005324545,False,551,0.007707109674811363,-0.005134963896125555,0.011540909297764301
1346,96,1,2,-5.789677619934082,0.0036915208,0.0013572883,True,55,-0.00036808967706747353,-0.0038764190394431353,0.0011740969493985176
1346,416,8,2,-4.318779945373535,0.0014118004,-0.0011008453,False,447,0.0012123871129006147,0.0006276035564951599,-0.0019278621766716242
1350,159,3,2,-4.505469799041748,-0.0076907445,-0.0030305958,False,153,-0.0003457355487626046,-0.0022381972521543503,0.006552610546350479
1350,470,9,2,-5.070947647094727,0.0029833126,-0.008998108,False,461,-0.0017381954239681363,0.0007777881692163646,-0.014497403986752033
1350,545,10,2,-3.4793527126312256,-0.00089820387,-0.0013985682,False,516,0.00014319419278763235,8.446216816082597e-05,-0.00044163226266391575
1350,605,12,2,-4.936348915100098,0.00986496,0.0024883174,False,614,-0.0010755443945527077,-0.0002350902504986152,-0.008217096328735352
1351,168,3,2,-4.2818498611450195,0.0015073585,-0.0060306643,False,184,-0.001725425710901618,-0.0009486484341323376,-0.008314800448715687
1351,919,18,2,-5.100288391113281,-0.0058952523,-0.0015245533,False,906,-0.00040440558223053813,0.002252712147310376,0.001713581383228302
1352,226,4,2,-5.132415771484375,0.016836757,0.006601744,False,238,-0.004733781795948744,0.005416812840849161,-0.020385608077049255
1352,283,5,2,-3.7632062435150146,0.00019957543,0.00088912965,False,295,-0.0005798292113468051,-0.0010755109833553433,0.001185236033052206
1358,28,0,2,-3.1776320934295654,-0.0053080656,-0.0054356907,False,39,0.0007105302647687495,-0.004130082204937935,0.004712987225502729
1358,878,17,2,-2.1518473625183105,0.0072209407,-0.003051343,False,857,-0.003091087331995368,-0.003697633743286133,-0.009665736928582191
1359,10,0,2,-5.312962532043457,0.012759218,-0.006940222,True,43,0.0035805320367217064,-0.0025265980511903763,-0.013592309318482876
1359,256,5,2,-4.344195365905762,0.00078360556,8.969307e-05,False,265,0.002180938608944416,0.003009214298799634,-0.0015221881913021207
1359,665,13,2,-4.956058979034424,-0.009235688,-0.00057593343,False,686,-0.008208017796278,-0.0038208484183996916,0.004272584803402424
1359,896,17,2,-5.6199750900268555,0.001768961,0.0055865576,False,872,0.002399568445980549,0.0027722453232854605,0.0034449195954948664
1360,498,9,2,-5.9742536544799805,-0.0017905998,0.00093649863,True,478,-0.012707967311143875,-0.0002028846793109551,-0.009777983650565147
1360,585,11,2,-5.289544105529785,-0.002036743,-0.0041185,False,594,0.007913484238088131,0.0011005497071892023,0.004731178283691406
1361,44,0,2,-2.453632116317749,0.02849062,-0.004909105,False,-1,,,
1361,418,8,2,-5.146503925323486,-0.0044092084,0.0004741955,False,400,-0.0015392780769616365,0.0027877234388142824,0.0005564023740589619
1361,451,9,2,-5.487412929534912,0.0027810477,-0.0028336812,True,477,0.006762552075088024,0.0035140037070959806,-0.0023661802988499403
1361,734,14,2,-4.532649993896484,0.002566309,-0.0056326482,False,713,-0.0033141993917524815,0.00213965424336493,-0.013652810826897621
1361,745,14,2,-5.594776153564453,0.006159058,-0.00033665658,True,722,0.004160747397691011,0.003379125613719225,-0.005714092403650284
1361,832,16,2,-5.615423679351807,-0.0053711985,-4.0330888e-05,False,805,-0.0032471942249685526,0.0031343651935458183,-0.0010506915859878063
1362,257,5,2,-3.8791801929473877,-9.984017e-05,-0.0026783897,False,274,0.000632438634056598,0.0021148300729691982,-0.004060940816998482
1362,768,15,2,-5.0778021812438965,0.005669775,0.0061003016,False,755,0.003467769594863057,-0.004977140575647354,0.008875437080860138
1363,202,4,3,-5.038754940032959,0.006656513,-0.00021209716,False,205,-0.003362140618264675,-0.00424957275390625,-0.005981178022921085
1364,611,12,2,-4.366409778594971,-0.007378783,0.0014632988,False,608,-0.0050589945167303085,-0.0005124378367327154,0.004295525141060352
1364,776,15,2,-5.168137550354004,-0.007901945,-0.005751009,False,796,0.0005254840943962336,-0.009752140380442142,0.01242856029421091
1365,9,0,2,-5.729028224945068,0.0049045086,-0.0027104663,True,36,0.0020152567885816097,-0.00595187209546566,0.0003521544858813286
1365,77,1,2,-5.913153648376465,-0.008839398,0.005290289,True,76,-0.004790973849594593,0.000624856969807297,0.008713856339454651
1365,109,2,2,-4.748501300811768,-0.004823551,-0.0022602654,False,124,-0.005773553624749184,-0.004622545093297958,0.0014122771099209785
1365,144,2,2,-5.9671173095703125,-0.0076974486,0.0051603983,True,120,0.0032899570651352406,0.007298917975276709,0.008848886005580425
1365,234,4,2,-5.76181173324585,-0.0036152839,-0.0039386367,False,200,-0.0023519706446677446,-0.0029128743335604668,0.00023755081929266453
1365,244,4,2,-5.420921325683594,0.0075771045,0.004876547,False,212,-0.005463523790240288,0.004597578197717667,-0.012761659920215607
1365,369,7,2,-4.53672456741333,-0.0021117497,-0.0033501624,False,375,0.00236403476446867,0.0018225860549136996,-0.0006969639798626304
1365,468,9,2,-5.566028118133545,0.0007157612,0.0018336773,False,491,-0.005378293804824352,-0.003009576816111803,-0.001250800909474492
1365,662,13,2,-5.236690044403076,-0.004085274,-0.0008666992,False,671,-0.002140588825568557,-0.0030613804701715708,0.004139366559684277
1365,968,19,2,-4.986060619354248,-0.005727482,0.004026556,False,973,-0.004945182707160711,6.779670366086066e-05,0.0047410582192242146
1366,99,1,2,-5.810573101043701,-0.007827539,-0.001419382,False,67,0.0015508937649428844,0.0031686401925981045,0.004790410399436951
1366,286,5,2,-3.8082730770111084,0.002369709,-0.0011889553,False,266,-0.0004310751101002097,-0.0015352010959759355,-0.0024545383639633656
1366,496,9,2,-4.627355098724365,-0.0024812985,-0.0042454624,False,476,-0.007355537265539169,-0.00041274071554653347,-0.008706960827112198
1366,871,17,2,-5.1903815269470215,0.011647396,0.0022564412,False,851,-0.0060801696963608265,0.0009810638148337603,-0.016452189534902573
1368,129,2,2,-4.747235298156738,-0.0064328955,-0.0023912906,False,124,-0.00543742161244154,-0.004972543567419052,0.0035767266526818275
1368,316,6,2,-5.953344821929932,-0.0065458966,0.00074934005,True,309,-0.0019881916232407093,-0.003969249781221151,0.009276295080780983
1368,533,10,2,-4.213815689086914,0.0027189923,7.846832e-05,False,519,-0.0010824203491210938,0.0027949714567512274,-0.006517915986478329
1368,754,15,2,-5.076201438903809,0.0017220211,-0.003528204,False,786,0.002616672543808818,-0.005349406972527504,0.002715854439884424
1369,6,0,2,-4.146084308624268,0.00087470055,0.0015120029,False,12,0.0012018680572509766,-0.007312450557947159,0.009151620790362358
1369,57,1,2,-5.860774040222168,-0.0007410145,0.00440897,True,76,-0.0036510087084025145,-0.0018087482312694192,0.0033077243715524673
1373,41,0,2,-5.644036293029785,0.0007073116,-0.0037797927,False,43,-0.001169986673630774,0.0022588158026337624,-0.007915906608104706
1373,91,1,3,-5.87343692779541,-0.0004802513,0.012534819,True,67,-0.0032634162344038486,0.0036951161455363035,0.006056537851691246
1373,648,12,2,-5.748630046844482,-0.006440201,-0.0019460582,False,639,-0.01307305321097374,0.004789466969668865,-0.013368378393352032
1374,21,0,2,-4.483923435211182,-0.0080268765,0.0031743813,False,37,-0.006698570214211941,-0.007408323232084513,0.01191101036965847
1374,536,10,2,-4.266993999481201,-0.008044548,-0.00031435967,False,528,0.0022182941902428865,-0.0029849146958440542,0.01293339766561985
1374,761,15,2,-5.952778339385986,-9.480477e-05,0.0019582747,True,759,-0.007265949156135321,0.0006116199656389654,-0.005824489519000053
1374,766,15,2,-3.1757755279541016,0.011036038,-0.011867667,False,751,-0.00018447876209393144,0.004073014482855797,-0.02716119773685932
1375,98,1,2,-5.907491207122803,0.00096944807,-0.0012302685,True,76,-0.001163377775810659,0.0016369724180549383,-0.005000066943466663
1375,514,10,2,-3.817967176437378,-0.0010792732,0.0013252258,False,527,-0.0008350706193596125,0.0021208906546235085,-0.0005514624062925577
1376,799,15,2,-5.9742536544799805,-0.005300417,0.0023060418,True,759,-0.0075576589442789555,0.0009186076931655407,-0.0008698077872395515
1376,918,18,2,-5.210361957550049,-0.00071281433,-0.001122694,False,908,0.004579143598675728,-0.006859655492007732,0.011028919368982315
1377,348,6,2,-4.44924259185791,0.0033231354,-0.0028650474,False,313,-0.0021606730297207832,0.00163549417629838,-0.009984349831938744
1377,946,18,2,-3.724716901779175,0.017245898,0.0019501639,False,947,-0.008259658701717854,-0.00108197215013206,-0.022473420947790146
1378,59,1,2,-5.80178689956665,0.003449335,0.0008561039,True,64,-0.007229108829051256,-0.00012294769112486392,-0.009699392132461071
1378,454,9,2,-5.66530704498291,-0.0024144459,0.0025018787,False,474,-0.010088176466524601,0.0038735484704375267,-0.009045400656759739
1378,633,12,2,-5.77857780456543,-0.0021953583,-0.0034153843,False,623,0.0011564540909603238,0.005955906119197607,-0.00601947819814086
1378,794,15,2,-4.700969219207764,0.0073540495,0.010468474,False,758,-0.000321455008815974,-0.0005420970846898854,0.0033350661396980286
1382,53,1,2,-4.8393049240112305,-0.021177478,-0.005745411,False,79,-0.014471740461885929,-0.006646547466516495,0.007606874220073223
1382,404,8,2,-3.7893927097320557,0.00077157974,-0.0014244652,False,439,0.0013839435996487737,0.000318822858389467,-0.0011309240944683552
1382,481,9,2,-3.9287900924682617,-0.0018998384,-0.008624649,False,485,-0.003906622063368559,-0.0014497756492346525,-0.009181656874716282
1382,675,13,2,-3.574598550796509,0.012649999,-0.006741357,False,657,0.0030404948629438877,-0.009444122202694416,-0.006906738504767418
1385,22,0,2,-5.092940330505371,0.01329875,0.0023781776,False,0,-0.004653749521821737,-0.00033988000359386206,-0.015234441496431828
1385,306,6,2,-4.935980319976807,0.00080275536,-0.00050976756,False,337,-0.0022888947278261185,-0.003439359599724412,-0.0001620580442249775
1386,771,15,2,-5.970071315765381,-0.0038522528,0.0074757766,True,763,0.003069057362154126,0.00167309760581702,0.012723988853394985
1386,913,18,2,-5.266859531402588,0.0043574236,0.00063090323,False,936,2.0141602362855338e-05,0.0006480789161287248,-0.004354457836598158
1388,52,1,2,-4.882390022277832,-0.00833354,-0.0025149537,False,79,-0.008377637714147568,-0.006783876568078995,0.004224824719130993
1388,137,2,2,-2.45388126373291,0.0074963234,-0.006328826,False,-1,,,
1389,85,1,2,-5.80203914642334,0.0034442903,0.0018549061,True,67,-0.0008844566182233393,0.005495624616742134,-0.007969465106725693
1389,95,1,2,-5.972979545593262,-0.0011298561,0.0102059655,True,76,-0.000673160539008677,0.008507938124239445,0.002154722809791565
1389,405,8,2,-3.5495831966400146,-0.0027521944,-0.00401979,False,445,0.002416567876935005,0.0016432475531473756,-0.0004942751256749034
1389,974,19,2,-4.507201194763184,0.0010419559,-0.00027682303,False,997,0.0008413124014623463,0.0035422134678810835,-0.004019679967314005
1390,125,2,2,-3.469912052154541,0.0001754856,0.0015438461,False,123,0.0017568254843354225,-0.004545006901025772,0.00767019297927618
1390,792,15,2,-4.740272521972656,0.008217544,-0.0022517205,False,755,0.0077478885650634766,-0.011361808516085148,0.008640430867671967
1391,473,9,2,-5.428286075592041,0.005382748,-0.0016119671,False,491,-0.002753419801592827,-0.004572601523250341,-0.00517553323879838
1391,679,13,2,-4.803955078125,0.001399088,-0.0009943676,False,684,-0.004913387354463339,-0.001843633595854044,-0.005463209468871355
1391,814,16,2,-5.511976718902588,-0.0042804815,-0.0049929526,False,803,0.006548261735588312,-0.0011126232566311955,0.006948413792997599
1391,863,17,2,-5.732517242431641,0.003645811,0.0017998505,True,890,-0.0014901638496667147,-0.002801656723022461,-0.0005344676319509745
1392,84,1,2,-5.292855262756348,-0.011680126,0.005953369,False,73,-0.006268730387091637,-0.0021270846482366323,0.013491850346326828
1392,87,1,2,-5.942167282104492,-0.0041271304,-0.00064172747,True,90,-0.008485469967126846,0.0025828934740275145,-0.0075829606503248215
1392,247,4,2,-5.328693389892578,0.0074001695,0.004833841,True,212,0.0016611289465799928,0.01226834300905466,-0.013173541985452175
1392,452,9,2,-4.755450248718262,-0.0049667167,-0.005007973,False,453,0.0020621204748749733,-0.0003603935183491558,0.002381257712841034
1394,65,1,2,-5.9742536544799805,-0.008592138,0.017475186,True,94,0.0,0.013205042108893394,0.012862281873822212
1394,487,9,2,-5.587113380432129,0.003935661,-0.0014753151,False,491,-0.004527597222477198,-0.002358274534344673,-0.0075802989304065704
1396,4,0,2,-5.697532653808594,0.004715309,-0.005201235,True,11,-0.00026768684620037675,-0.0005085849552415311,-0.0096756462007761
1396,350,7,2,-3.7996156215667725,-0.0031724453,0.00085977075,False,384,-0.000520143483299762,-0.0023314999416470528,0.0058435723185539246
1396,626,12,2,-5.758708953857422,0.0015248775,-0.0005892563,False,638,0.001231718109920621,-0.003518724348396063,0.0026363087818026543
1396,723,14,2,-4.503124713897705,0.0011569309,-0.0010809612,False,711,-0.002811489161103964,0.0003974342253059149,-0.005446815863251686
1396,795,15,2,-5.129955768585205,0.009229059,-0.012034645,False,-1,,,
1396,860,17,2,-5.619207382202148,-0.008010779,0.0038786794,False,856,-0.0005055141518823802,0.007561073172837496,0.0038228705525398254
1397,69,1,2,-5.751833915710449,-0.004626608,-0.00383029,True,76,0.0037682820111513138,0.00981687568128109,-0.005252275615930557
1397,81,1,2,-5.911601543426514,-0.012150116,0.007098551,True,94,0.0005363559466786683,0.012233953922986984,0.007551070302724838
1397,486,9,2,-4.36491584777832,0.0032562064,1.2664795e-05,False,456,-0.010915083810687065,7.43865966796875e-05,-0.01423301175236702
1397,547,10,2,-4.356260776519775,-0.003260088,-0.00066124916,False,528,-0.0007201289990916848,-0.0006556701846420765,0.0025343801826238632
1397,753,15,2,-4.555923938751221,-0.0028456687,-0.0012442588,False,758,-0.0017467117868363857,-0.0024350835010409355,0.002289781579747796
1397,773,15,2,-4.297171115875244,0.0029829787,-0.006162224,False,758,-0.0017467117868363857,-0.0024350835010409355,-0.008456829935312271
1398,182,3,2,-5.649923324584961,-0.01739541,0.0018906784,False,193,0.0033009147737175226,-0.005078649614006281,0.027665652334690094
1398,550,11,2,-4.069793701171875,-0.0005687523,0.0056315516,False,586,0.0019615842029452324,-0.002605314366519451,0.010767202824354172
1399,3,0,2,-5.9450860023498535,-0.0003527069,-0.00058335304,True,34,-0.00395750068128109,0.008434572257101536,-0.012622718699276447
1399,962,19,2,-3.9642698764801025,-0.0010265303,-0.005683732,False,953,0.0036797046195715666,-0.0006373024079948664,-0.0003401949070394039
1400,272,5,2,-3.554898738861084,-0.0005891466,-8.704185e-05,False,289,-0.0025601673405617476,-0.0010177564108744264,-0.0010403061751276255
1400,772,15,2,-5.886799335479736,-0.007079058,0.0011771107,False,784,0.001991319702938199,-0.001942052855156362,0.012189541012048721
1401,225,4,2,-4.878871917724609,0.009047441,0.0025391483,False,238,0.0036327075213193893,0.005239543970674276,-0.008115129545331001
1401,978,19,2,-3.3054537773132324,1.5654565e-05,-0.0018320561,False,951,-0.0005740690394304693,0.00276603689417243,-0.005187816917896271
1402,66,1,2,-5.34387731552124,-0.013991689,-0.0018752099,False,73,-0.002544355345889926,-0.000649518973659724,0.01022164337337017
1402,71,1,2,-5.543023586273193,-0.017276697,-0.008288431,False,62,-0.008508729748427868,-0.005177431274205446,0.005656967405229807
1402,269,5,2,-3.0542678833007812,0.0011822224,0.0008033562,False,294,0.0014786624815315008,-0.00014607429329771549,0.0012458706041797996
1402,595,11,2,-3.5809144973754883,-0.00114295,0.00295969,False,553,-0.002770857885479927,0.002573723904788494,-0.001241941936314106
1404,597,11,2,-4.499980926513672,0.0012178135,0.0006453419,False,566,0.0003208446432836354,0.00024089813814498484,-0.0004925250541418791
1404,692,13,2,-5.9416069984436035,-0.016735906,0.0009117603,True,678,-0.0017985724844038486,0.008310098201036453,0.007538996636867523
1405,15,0,2,-5.646817207336426,-0.0069834613,-0.0032888127,False,19,0.0010294436942785978,-0.0023634338285773993,0.0070875259116292
1405,312,6,2,-4.447624683380127,0.0017253399,0.002312727,False,334,-0.0014959907857701182,0.0005502128624357283,-0.001458816579543054
1406,29,0,2,-5.198795795440674,-0.00481267,-0.00089334487,False,35,-0.009643316268920898,0.004373722244054079,-0.010097713209688663
1406,55,1,2,-5.466874122619629,0.0053926753,0.0059422874,True,73,-0.01112406700849533,0.006979637313634157,-0.017554091289639473
1406,357,7,2,-3.6148157119750977,0.0004398203,-0.000814333,False,373,0.0028248787857592106,0.001018199953250587,0.0005525256274268031
1406,464,9,2,-5.013084888458252,-0.0075416565,2.4385452e-05,False,465,-0.004754257388412952,-0.000836439139675349,0.003648223355412483
1406,635,12,2,-5.538183212280273,-0.0037797643,0.016484976,False,641,-0.0028493881691247225,0.005102033726871014,0.012313319370150566
1406,774,15,2,-5.5205912590026855,0.006444101,-0.0069520283,True,788,-0.0036646174266934395,0.0018559551099315286,-0.018916701897978783
1406,868,17,2,-4.184614658355713,0.00789298,-0.0031441592,False,898,-0.00773136131465435,-0.006622114218771458,-0.012146386317908764
1406,897,17,2,-5.57390832901001,0.0030678748,-0.0046620276,False,856,-0.0008319473126903176,0.012119216844439507,-0.020681066438555717
1407,463,9,2,-5.607964992523193,0.0012025833,-0.0040493486,True,471,-0.013877315446734428,0.004507150501012802,-0.02363639697432518
1407,610,12,2,-4.865991115570068,-0.0021023273,0.0063161757,False,603,0.0043241404928267,0.0034940624609589577,0.009248580783605576
1407,664,13,2,-5.694566249847412,0.0039290334,-0.0041170404,False,690,-0.006539058871567249,-0.003260212019085884,-0.011324920691549778
1407,907,18,2,-5.058558464050293,0.015455608,-0.0014735317,False,906,0.0018972110701724887,-0.0016938400221988559,-0.013338088989257812
1408,58,1,2,-5.4684953689575195,-0.009836111,-0.009445467,False,73,-0.005512514151632786,0.004532041493803263,-0.009653911925852299
1408,877,17,2,-3.1118791103363037,0.0052361726,-0.0065935375,False,879,-0.002307767979800701,0.0005446386057883501,-0.014682115986943245
1409,42,0,2,-2.6565816402435303,0.005346489,-0.0063207434,False,14,0.004370570182800293,-0.012038678862154484,0.004742015153169632
1409,51,1,2,-4.949357509613037,-0.005227604,-0.0021260453,False,80,0.006736250128597021,-0.008667545393109322,0.018505355343222618
1409,134,2,2,-2.145940065383911,0.0029225969,-0.0006922007,False,-1,,,
1409,775,15,2,-4.3299736976623535,0.010138836,0.0053974343,False,797,-0.012566561810672283,0.0031089545227587223,-0.020416919142007828
1410,248,4,2,-5.921580791473389,-0.00014778138,0.0053997133,True,210,-0.0016922473441809416,0.002319726860150695,0.0015355204232037067
1410,431,8,2,-4.524742126464844,-0.0011627579,-0.003614254,False,424,-0.003326358739286661,0.0009458351414650679,-0.0067236898466944695
1411,255,5,2,-4.406092643737793,-0.004770603,-0.0010317325,False,252,0.0024944019969552755,0.0026526260189712048,0.0035806463565677404
1411,789,15,2,-5.583593845367432,0.004603205,-0.0069694137,True,784,0.003478298196569085,-0.0037963103968650103,-0.004298009444028139
1413,54,1,2,-5.3867716789245605,0.011221114,-8.13961e-05,True,73,-0.011904030106961727,0.007467622868716717,-0.03067416325211525
1413,940,18,2,-3.57049560546875,0.0045538615,-0.00071692944,False,932,0.006396651268005371,-0.00018003463628701866,0.0013058949261903763
1416,462,9,2,-5.447120189666748,-0.0013033486,0.0026084043,False,455,-0.0003999423934146762,0.005261325743049383,-0.0017495155334472656
1416,625,12,2,-4.84717321395874,0.00093048095,2.5520325e-05,False,603,0.0016357612330466509,0.005029916763305664,-0.00429911632090807
1416,778,15,2,-5.390042304992676,0.0074364566,0.011515226,False,763,0.0004666995955631137,0.009156894870102406,-0.004611425567418337
1416,817,16,2,-4.208973407745361,-0.0015732289,-0.0092520425,False,808,0.0033288097474724054,-0.0013113594613969326,-0.0030386443249881268
1417,326,6,2,-3.801649808883667,-4.4140816e-05,-0.0040269806,False,336,0.0006631469586864114,0.002927603665739298,-0.006247296463698149
1417,335,6,2,-4.933229923248291,0.010098428,0.004904728,False,333,-0.004119291435927153,0.0029547023586928844,-0.012267693877220154
1417,381,7,2,-3.4181618690490723,0.0002524662,0.003519287,False,379,0.0009978056186810136,-0.00031385899637825787,0.004578485619276762
1417,881,17,2,-4.4523725509643555,-0.007500219,-0.0050033475,False,859,0.005028133280575275,0.002931747352704406,0.004593257792294025
1422,49,0,2,-5.601605415344238,0.00724185,-0.007452965,True,31,-0.0002470207109581679,0.00013022423081565648,-0.015072059817612171
1422,308,6,2,-5.006060600280762,-0.0020976258,0.0019547748,False,307,0.004397935699671507,0.0068160914815962315,0.0016342448070645332
1422,388,7,2,-3.61228084564209,-0.0010673761,0.0014772511,False,370,0.0006201553624123335,0.0014444875996559858,0.0017202948220074177
1422,627,12,2,-3.3372013568878174,0.00034939765,-0.0003664732,False,613,0.0005202150205150247,0.0020961619447916746,-0.002291817683726549
1422,768,15,2,-4.482288360595703,0.0075857257,-0.003178692,False,790,0.010027075186371803,0.007166252005845308,-0.00790359452366829
1422,874,17,2,-3.4425926208496094,0.00020651818,0.00990766,False,883,0.007037200964987278,-0.0007142543909139931,0.017452597618103027
1423,478,9,2,-5.870908737182617,-0.00036639214,0.00055167195,True,494,0.0008236598805524409,0.004668941721320152,-0.0029272178653627634
1423,673,13,2,-5.699215888977051,-0.014597749,0.0018442917,False,678,0.004877958446741104,0.008683834224939346,0.01263616606593132
1424,787,15,2,-5.894623756408691,-2.2106171e-05,0.00024354935,True,784,-0.004289369564503431,0.0002937698445748538,-0.004317483864724636
1424,990,19,2,-4.670161247253418,-0.0005372906,0.00030765534,False,955,-0.0035157776437699795,-0.0020589446648955345,-0.0006118870805948973
1425,345,6,2,-3.9203202724456787,0.0030343295,0.006002784,False,300,0.0006757593364454806,-0.0008960581035353243,0.00454027159139514
1425,786,15,2,-5.341783046722412,-0.0021968842,-0.0006207561,False,767,-0.004152336157858372,-0.0019150638254359365,-0.0006611442659050226
1426,88,1,2,-4.85329532623291,-0.010953388,0.0064204694,False,80,0.0001308917999267578,0.00129925727378577,0.016205493360757828
1426,206,4,2,-3.641688108444214,0.0038993882,0.007075601,False,223,0.0005628681392408907,0.0006591081619262695,0.0030799724627286196
1426,769,15,2,-3.462394952774048,-0.00431828,0.0025422715,False,762,0.001970148179680109,-0.009089760482311249,0.017920460551977158
1426,836,16,2,-2.597857713699341,0.0058092163,-0.00040905474,False,-1,,,
1427,78,1,2,-5.825416088104248,-0.009502229,0.0023551655,False,73,-0.012810297310352325,0.009680070914328098,-0.010632972232997417
1427,96,1,2,-5.858554840087891,0.0014583016,0.0054111197,True,76,0.0006347656017169356,0.015147047117352486,-0.010559463873505592
1427,583,11,2,-3.8386921882629395,0.0010291863,0.0016779661,False,564,0.002079439116641879,-0.002162942895665765,0.004891161806881428
1427,812,16,2,-3.257413625717163,0.0047236015,-0.0026671267,False,801,-0.0017872810130938888,0.004136648029088974,-0.013314656913280487
1428,9,0,2,-5.5076375007629395,0.009332323,0.010933628,True,31,0.0029739283490926027,-0.00015842437278479338,0.004733657464385033
1428,179,3,2,-5.114270210266113,-0.0024563503,0.0009067345,False,177,-0.0014389038551598787,-0.003969545476138592,0.005893726367503405
1428,271,5,2,-3.9261717796325684,0.0001322031,0.0027801036,False,298,0.0012604284565895796,-0.0013224029680714011,0.005230731796473265
1428,321,6,2,-4.989566802978516,-0.0049732304,-0.0014536285,False,307,0.005161724053323269,0.00629829429090023,0.0023830316495150328
1428,631,12,2,-5.828464031219482,-0.0140079595,0.0070723724,False,638,-0.0007871913840062916,0.0023437784984707832,0.017949361354112625
1428,761,15,2,-5.782657146453857,0.0031835174,-0.0038319302,True,763,0.0011179447174072266,0.012201680801808834,-0.018099183216691017
1429,126,2,2,-3.918135166168213,-0.000741992,-0.0005435419,False,114,-0.0010007524397224188,0.002612800570204854,-0.003415103070437908
1429,215,4,2,-5.144004821777344,0.009676123,0.010831928,False,218,0.003940448630601168,-0.0004388046218082309,0.005535058211535215
1429,279,5,2,-4.074347496032715,-0.0010726356,-0.00046601295,False,287,0.001643705414608121,-0.004210758022964001,0.006461085751652718
1429,488,9,2,-5.783934593200684,0.0010154438,-0.0032017326,True,458,-0.002779684029519558,0.00666122417896986,-0.013658084906637669
1430,64,1,2,-5.930511474609375,-0.0017090417,-0.0008748436,True,62,-0.0052171326242387295,0.0046394444070756435,-0.009022379294037819
1430,133,2,2,-4.3515143394470215,-0.002309017,0.007758489,False,147,-0.0012715625343844295,0.0006371688796207309,0.008158774115145206
1430,236,4,2,-5.768111228942871,-0.006585312,0.0026692676,False,210,0.0032285309862345457,-0.0016529178246855736,0.014136028476059437
1430,500,10,2,-4.080848693847656,0.0037441445,0.0011084271,False,505,-0.001211729017086327,-0.0008444309351034462,-0.0030030154157429934
1431,50,1,2,-5.5850677490234375,0.0036308384,0.0079891775,True,67,0.0008810425060801208,0.012377595528960228,-0.007138214074075222
1431,522,10,2,-3.641011953353882,9.7990036e-05,-0.00056807516,False,527,0.004219755996018648,-0.0007311534718610346,0.004284844268113375
1431,645,12,2,-3.899970293045044,-0.009538093,0.00014567852,False,616,-0.011251706629991531,0.0034737682435661554,-0.0050417035818099976
1431,895,17,2,-2.977051258087158,0.003712821,-0.0077165174,False,-1,,,
1432,258,5,2,-4.464445114135742,0.0014499283,0.00012850761,False,268,-0.0024065207690000534,-0.0007578373188152909,-0.002970104105770588
1432,759,15,2,-5.873536109924316,-0.0039177323,0.0055323886,True,784,-0.002669811248779297,-0.0005074119544588029,0.007287721615284681
1433,498,9,2,-5.373899459838867,0.008635177,-0.0058965874,True,471,-0.007627992425113916,0.0037297916132956743,-0.025889549404382706
1433,850,17,2,-5.259670734405518,0.0055638696,0.0033515072,False,869,-0.0037755584344267845,-0.008692617528140545,0.0027046967297792435
1434,200,4,2,-5.927055835723877,-0.00108778,0.0055957413,True,210,0.0030235194135457277,-0.0036177444271743298,0.013324785977602005
1434,742,14,2,-2.120870590209961,0.006568942,-0.002832284,False,737,0.004144174978137016,-0.0009016155963763595,-0.004355435725301504
1434,766,15,2,-3.7574374675750732,-0.00738965,0.0029093027,False,782,0.0008216571877710521,-0.008297405205667019,0.01941801607608795
1434,852,17,2,-5.005716800689697,0.0028042793,-0.0067191697,False,886,0.002239179564639926,-0.0033061313442885876,-0.003978138789534569
1435,428,8,2,-3.5410284996032715,0.0023504638,0.002441621,False,411,-0.001964082708582282,-0.0005329466075636446,-0.0013399790041148663
1435,891,17,2,-4.38137674331665,-0.0153584145,-0.0017179108,False,859,0.008027848787605762,0.0010311126243323088,0.020637240260839462
1436,683,13,2,-5.9742536544799805,-0.0073847678,0.002367916,True,694,-0.0035001563373953104,0.0,0.0062525272369384766
1436,729,14,2,-4.195267200469971,-0.005529871,0.0002594471,False,712,-0.002080774400383234,0.0024270820431411266,0.0012814616784453392
1440,427,8,2,-3.768538236618042,-0.0049249935,-0.0018830156,False,437,0.0018365764990448952,0.006439623888581991,-0.0015610693953931332
1440,476,9,2,-4.269495487213135,0.010406933,0.00996201,False,482,-0.000937070872168988,0.001816978445276618,-0.0031989719718694687
1441,320,6,2,-3.9852216243743896,-0.010975966,-0.0018364764,False,324,0.0034599017817527056,-0.003585758153349161,0.016185149550437927
1441,942,18,2,-3.696455478668213,-0.0059298323,-0.003984928,False,932,0.00203564646653831,0.003564534243196249,0.0004160164389759302
1442,70,1,2,-3.7854697704315186,0.0059106015,-0.021384072,False,-1,,,
1442,780,15,2,-4.777755260467529,0.021401424,0.0066833114,True,790,0.008074731566011906,0.00020723343186546117,-0.006850614212453365
1444,74,1,3,-4.4488844871521,0.02109089,0.0021553612,False,68,0.0009855746757239103,0.00468164449557662,-0.02263159677386284
1447,243,4,2,-3.7883636951446533,0.017037893,0.001612959,False,241,0.011984314769506454,0.006125354673713446,-0.009565973654389381
1447,557,11,2,-3.394690752029419,-0.00015137672,-9.250641e-07,False,553,0.004156637005507946,0.0005266475491225719,0.00378044112585485
1447,584,11,2,-2.785834312438965,-0.002352252,0.0006894207,False,571,-0.0022256611846387386,0.0012450885260477662,-0.00042907707393169403
1447,717,14,2,-3.9688541889190674,0.0061392165,0.0021741819,False,701,-0.00035207747714594007,-0.001693997415713966,-0.0026231147348880768
1449,75,1,2,-4.60474967956543,-0.011325627,-0.00624959,False,86,-0.003793583018705249,-0.0001731681841192767,0.0014556220266968012
1449,119,2,2,-2.962069511413574,-0.0042943098,-0.0004292202,False,-1,,,
1449,434,8,2,-3.4574475288391113,-8.479595e-05,-0.0039826203,False,445,0.001122550922445953,0.0027077102568000555,-0.005482983775436878
1449,629,12,2,-4.949897289276123,-0.012904892,0.0030325032,False,618,-7.09724408807233e-05,0.006871528457850218,0.008994894102215767
1451,470,9,2,-5.531164646148682,-0.00084338186,0.004127436,False,474,0.0028363990131765604,0.004115905612707138,0.003691311227157712
1451,651,13,2,-4.481706619262695,0.0017453193,-0.00286273,False,660,-0.005337171722203493,-0.005923795513808727,-0.004021425731480122
1453,222,4,2,-4.482835292816162,0.008408222,0.0036729812,False,209,0.0031212330795824528,-0.001508035697042942,-0.00010597240179777145
1453,621,12,2,-5.081640720367432,0.0010498333,-0.007468424,False,646,0.0052780150435864925,0.0005919074756093323,-0.0038321497850120068
1453,781,15,2,-5.387853622436523,0.00832634,-0.0023166942,False,763,0.005484466440975666,0.005034418310970068,-0.010192984715104103
1453,873,17,2,-4.1955461502075195,-0.004379301,0.0010858822,False,887,-0.0015545653877779841,-0.001318654976785183,0.005229272413998842
1454,85,1,2,-5.528716087341309,0.008291121,-0.0070413207,True,61,0.012910699471831322,-0.003393640508875251,0.0009718984365463257
1454,289,5,2,-3.595536947250366,-0.0008482361,-0.0001980877,False,282,-0.0017973518697544932,-0.0015567493392154574,0.0004095458425581455
1454,578,11,2,-3.881575107574463,0.00085114,-0.0008639574,False,565,-0.0023945856373757124,0.003100223606452346,-0.007209906354546547
1454,796,15,2,-5.342749118804932,0.004374313,-0.0007042885,False,760,-0.008282938040792942,-0.008640928193926811,-0.004720611497759819
1455,94,1,2,-5.489114761352539,0.008462429,-0.0016078376,False,61,0.011053209193050861,-0.002504053059965372,0.00348699651658535
1455,901,18,2,-4.390507221221924,-0.004922209,0.002123642,False,926,0.0010665893787518144,0.00018136977450922132,0.007931070402264595
1457,82,1,2,-5.620077610015869,0.005796957,-0.0010352421,True,90,0.005477790720760822,-0.0045333001762628555,0.0031788917258381844
1457,820,16,2,-3.975087881088257,-0.00077167037,0.0030761338,False,837,0.002192840678617358,0.007915168069303036,-0.0018745230045169592
1458,240,4,2,-3.8105666637420654,0.0070895622,-0.005395608,False,223,-0.005536632612347603,0.0013725280296057463,-0.01939433068037033
1458,656,13,2,-3.819427013397217,-0.017936578,-0.0009882927,False,677,-0.007813558913767338,-0.0024503041058778763,0.011585029773414135
1458,823,16,2,-4.978301525115967,-0.0031034278,0.008262567,False,806,-0.008829975500702858,-0.0013886451488360763,0.0039246645756065845
1458,880,17,2,-5.37270450592041,0.0060068322,8.9855195e-05,False,851,-0.005163278430700302,-0.0028778172563761473,-0.008202438242733479
1459,12,0,2,-4.902949810028076,-0.008380242,0.000891037,False,7,-0.0073340702801942825,-0.002781715476885438,0.004718923941254616
1459,188,3,2,-4.177836894989014,-0.0045870924,0.0020716954,False,184,0.002358827507123351,-0.0018885040190070868,0.010906118899583817
1459,247,4,2,-4.8551249504089355,0.009608097,0.0023276901,False,227,0.0026827240362763405,-0.0042661381885409355,-0.00033154524862766266
1459,457,9,2,-5.5695481300354,0.0080941105,-0.00599185,True,491,0.0010847568046301603,-0.0016920280177146196,-0.011309175752103329
1459,533,10,2,-4.340430736541748,-0.0027598857,-0.0023746204,False,510,3.9920807466842234e-05,-0.00016100883658509701,0.0005861949757672846
1459,772,15,2,-5.8322296142578125,0.0014433098,-0.0018472481,True,784,-0.0050071049481630325,0.0005171680240891874,-0.008814830332994461
1460,71,1,2,-5.930158615112305,-0.0056860256,0.007755785,True,62,-0.0005908393650315702,-0.004292669240385294,0.01714364066720009
1460,99,1,2,-5.711126804351807,0.0027606487,0.004097719,True,62,-0.0005908393650315702,-0.004292669240385294,0.005038900300860405
1460,106,2,2,-4.090126037597656,-0.003594141,0.0025167083,False,117,0.0030230903066694736,0.0059602833352983,0.0031736562959849834
1460,461,9,2,-5.463799476623535,-0.005004225,0.0009745407,False,458,0.006809043698012829,-0.003399648703634739,0.016187457367777824
1460,605,12,2,-4.427475452423096,0.0061965273,0.011263189,False,614,0.0057695768773555756,-0.00222046859562397,0.013056706637144089
1460,950,19,2,-3.4829537868499756,-0.0008342409,-0.0014089203,False,983,-0.00452625285834074,0.0010934972669929266,-0.006194429472088814
1462,32,0,2,-5.753255844116211,0.00047610284,0.0008278942,True,36,0.004333143122494221,0.004762554075568914,-7.761959568597376e-05
1462,197,3,2,-3.170698404312134,0.0057261754,0.0015227413,False,194,0.005393309518694878,-0.007007541600614786,0.008197416551411152
1462,202,4,2,-4.930222511291504,0.002221775,-0.0056165694,False,218,0.006642360705882311,-0.0009426784235984087,-0.0002533048391342163
1462,475,9,2,-4.899983882904053,0.011317348,0.0002627182,False,483,0.006581239867955446,-0.006209154147654772,0.001735764555633068
1462,612,12,2,-5.9742536544799805,-0.0026343537,0.0023390483,True,638,-0.004157905466854572,0.001381950336508453,-0.0005664536729454994
1462,934,18,2,-3.688737630844116,-0.0051491833,0.0010237837,False,932,4.85849377582781e-05,0.003536372212693095,0.0026851799339056015
1463,40,0,2,-4.078912734985352,0.0023853397,0.0064043235,False,33,6.26373293926008e-05,-0.01283591240644455,0.016917534172534943
1463,95,1,2,-4.796755313873291,0.014256611,0.007587986,False,97,0.013386735692620277,-0.0016409873496741056,0.008359098806977272
1463,157,3,2,-4.7896037101745605,-0.0030611895,0.002035246,False,168,-0.0008741283672861755,0.0028281116392463446,0.001394195482134819
1463,967,19,2,-4.440136432647705,0.0058199787,-0.0010770893,False,997,-0.002416477305814624,0.0002944278821814805,-0.009607973508536816
1464,45,0,2,-5.885727882385254,0.0011473179,0.0059747887,True,23,-0.00015497207641601562,0.005596189294010401,-0.000923690851777792
1464,190,3,2,-4.014918327331543,0.012113638,0.0010157157,False,165,-0.0022630977910012007,0.0007532596355304122,-0.014114280231297016
1464,513,10,2,-4.835555076599121,5.636215e-06,0.0012596893,False,549,-0.0003155040612909943,-0.0007827186491340399,0.0017212677048519254
1464,559,11,2,-4.392426013946533,0.011986856,0.00087950705,False,591,0.005261650308966637,-0.0047940160147845745,-0.0010516829788684845
1466,219,4,3,-4.000349521636963,0.011209517,-0.0013956833,False,223,-0.006033973768353462,0.0029386996757239103,-0.021577872335910797
1469,18,0,2,-5.9742536544799805,-0.0016070366,0.004085245,True,24,-0.0029981709085404873,0.0022634314373135567,0.00043067941442131996
1469,684,13,2,-4.720310211181641,0.0026263236,0.00076729775,False,685,-0.0042274282313883305,-0.00770319951698184,0.001616745488718152
1471,214,4,2,-4.2448954582214355,0.025675125,0.011189947,False,209,0.0024357414804399014,-0.00454602250829339,-0.007503414526581764
1471,385,7,2,-3.2014000415802,-0.002134719,0.0017797184,False,372,0.0022794532123953104,-0.0017497014487162232,0.0079435920342803
1472,281,5,2,-4.104755401611328,-0.0013117599,0.0009224224,False,265,0.00045121193397790194,0.0034439421724528074,-0.0007585478015244007
1472,688,13,2,-5.312963008880615,0.0013586235,0.0016496468,False,652,0.0024068355560302734,-0.003048152895644307,0.00574601162225008
1472,828,16,2,-5.653171539306641,-0.010214157,0.0041915225,False,833,-0.0017737675225362182,-0.005034274887293577,0.01766618713736534
1472,931,18,2,-4.376621246337891,-0.009262018,-3.6239624e-05,False,903,-0.009009581059217453,0.0005913639324717224,-0.00037516653537750244
1473,242,4,2,-4.4480085372924805,-0.005189276,0.0059269904,False,203,0.010146264918148518,-0.0069270324893295765,0.028189564123749733
1473,666,13,2,-3.712949752807617,0.007861805,-0.0028117371,False,677,-0.0035563039127737284,-0.0022457456216216087,-0.011984100565314293
1474,14,0,2,-3.9155404567718506,-0.024083748,-0.0065702866,False,38,-0.008388953283429146,0.0013190603349357843,0.007805448025465012
1474,290,5,2,-3.7258591651916504,0.0025570535,-0.0011743784,False,282,-0.0025230313185602427,0.000493545550853014,-0.006748008541762829
1476,49,0,2,-5.898153781890869,-0.0051535894,0.0019396114,True,24,-0.003113975515589118,-0.0010828018421307206,0.005062027368694544
1476,171,3,2,-4.265261173248291,0.0056874845,5.0735475e-06,False,174,-0.002671852009370923,-0.002217884175479412,-0.006136379204690456
1477,29,0,2,-5.2212677001953125,-0.001476059,-0.0030791378,False,41,0.007255211006850004,0.0034091759007424116,0.0022429563105106354
1477,176,3,2,-3.927537679672241,0.0026221322,0.0048769857,False,165,0.001084818853996694,-0.004482522141188383,0.007822195068001747
1477,231,4,2,-4.822154998779297,-0.0017674065,-0.0019280053,False,244,0.002461605006828904,0.001918468507938087,0.0003825377207249403
1477,750,15,2,-5.590034008026123,0.007684393,-0.0052673533,True,760,-0.009214582853019238,-0.007974672131240368,-0.014191657304763794
1479,235,4,2,-5.368175506591797,-0.0054459856,-0.00237463,False,237,0.010640992783010006,-0.0034356785472482443,0.017148027196526527
1479,355,7,2,-3.6261684894561768,0.0014865733,4.1060448e-05,False,379,-0.001180353108793497,3.114700302830897e-05,-0.002657013013958931
1483,78,1,2,-5.678095817565918,0.0036270332,-0.004292345,True,62,0.0013962554512545466,0.004300594329833984,-0.010823717340826988
1483,226,4,2,-4.426776885986328,0.01260541,0.0008032131,False,209,-0.0002904987195506692,-0.0017410373548045754,-0.01035165786743164
1483,773,15,2,-4.8458404541015625,-0.005702858,-0.0072683333,False,-1,,,
1483,786,15,2,-5.5570502281188965,-0.004353485,-0.00804328,False,798,0.002610712079331279,-0.004465141333639622,0.00338605884462595
1486,65,1,2,-5.077445030212402,0.0059498884,-0.0178551,False,73,0.009029111824929714,-0.005676679778844118,-0.009099196642637253
1486,87,1,2,-5.365955352783203,0.011675787,-0.00781331,True,90,0.005576648749411106,0.005133867263793945,-0.019046317785978317
1486,196,3,2,-3.6925246715545654,-0.013924589,-0.0031699992,False,192,0.0024843120481818914,-0.0008853483013808727,0.014124250039458275
1486,339,6,2,-3.6851933002471924,0.0028770734,0.0055980254,False,301,-0.004543123301118612,-0.0008185338811017573,-0.0010036374442279339
1486,459,9,2,-4.3667988777160645,-0.00518878,0.0019097042,False,482,0.00018033981905318797,-0.007447500247508287,0.014726324006915092
1486,697,13,2,-3.7237915992736816,0.0037528896,-0.00830452,False,677,-0.0009834527736529708,-0.0005611038068309426,-0.012479757890105247
1487,58,1,2,-5.539346218109131,0.005204573,-0.0019836999,False,90,0.004955549258738756,0.005820884834975004,-0.008053608238697052
1487,83,1,2,-4.292724609375,0.011768398,-0.0052567674,False,68,0.003119888249784708,0.011754469946026802,-0.025659747421741486
1487,305,6,2,-3.760734796524048,0.00861813,-0.004711809,False,315,0.00309145450592041,0.002521619899198413,-0.012760105542838573
1487,852,17,2,-5.412047863006592,-0.0072875214,-0.009997024,False,851,-0.002378263510763645,-0.0020379447378218174,-0.0030498215928673744
1487,875,17,2,-4.994252681732178,-0.0040396024,0.0043289945,False,871,-0.00030689238337799907,-0.007549820002168417,0.015611523762345314
1487,925,18,2,-2.582304000854492,0.004960227,-0.0034076117,False,939,0.003710303222760558,0.0002807140408549458,-0.004938249476253986
1488,452,9,2,-4.677870750427246,0.008254261,0.012168226,False,499,-0.0018752383766695857,-0.00047638893011026084,0.002515115775167942
1488,636,12,2,-5.887925624847412,-0.000674963,-0.000815258,True,638,-0.000640068028587848,-0.00047905920655466616,-0.0003013038367498666
1488,683,13,2,-5.897186756134033,0.0011285687,0.0034513092,True,674,0.00017581939755473286,0.0016901397611945868,0.0008084200089797378
1488,768,15,2,-4.724661350250244,-0.0022208118,-0.010192862,False,758,-0.0009146881056949496,-0.0038380050100386143,-0.0050487336702644825
1489,143,2,2,-4.458961009979248,-0.0021351147,-0.0007882595,False,109,0.007456283550709486,0.004496011883020401,0.004307126626372337
1489,225,4,2,-5.056991100311279,-0.004616327,-0.00544961,False,245,0.009885921142995358,-0.003600425785407424,0.012653063982725143
1490,637,12,2,-4.610846996307373,0.009913664,0.013276024,False,603,-0.0007432365673594177,-0.0065392302349209785,0.009158353321254253
1490,716,14,2,-4.294107437133789,0.0028202725,0.003408432,False,705,-0.0029707050416618586,-0.00032077787909656763,-0.002061767503619194
1492,0,0,2,-5.167646884918213,-0.0065021706,0.012492132,False,7,-0.007677431218326092,0.002522907219827175,0.008793964982032776
1492,628,12,2,-5.180415630340576,0.008879442,0.00010054588,False,646,0.001888170256279409,-0.0025609685108065605,-0.004329757299274206
1493,349,6,2,-4.167638301849365,-0.0016651631,0.0035509826,False,324,-0.0020939635578542948,-0.0019453620770946145,0.005067544523626566
1493,492,9,2,-5.250713348388672,0.00933938,-0.011148453,False,474,0.003366174641996622,-0.0033868122845888138,-0.0137348473072052
1493,755,15,2,-5.459856033325195,-0.0011883926,-0.008767862,False,767,0.0021209525875747204,-0.0022136210463941097,-0.003244895488023758
1493,765,15,2,-4.865817070007324,0.008994665,-0.00344594,False,771,0.013015594333410263,-0.007984505034983158,0.008559493348002434
1494,77,1,2,-5.218140602111816,0.006835995,0.0068753147,False,84,-0.005261116195470095,0.0015370654873549938,-0.00675886170938611
1494,148,2,2,-3.2085442543029785,0.0011344051,0.006209369,False,125,0.004216637462377548,0.0001353216212010011,0.009156279265880585
1494,215,4,2,-4.301760196685791,0.013395777,0.0002595806,False,203,0.006861419882625341,-0.003999405074864626,-0.002275370992720127
1494,811,16,2,-4.329572677612305,-0.001436348,0.004365797,False,808,0.0031487655360251665,0.0009013271192088723,0.008049583062529564
1495,66,1,2,-5.968145847320557,-0.008630476,0.000606432,True,62,0.00032871245639398694,0.0003984165086876601,0.009167203679680824
1495,395,7,2,-3.805978536605835,-0.0002813387,0.0011928034,False,360,0.0025693036150187254,0.00034807680640369654,0.003695368766784668
1495,593,11,2,-3.6737570762634277,-0.003806429,-0.00485466,False,562,-0.0011817598715424538,-0.00114495272282511,-0.001085038180463016
1495,866,17,2,-4.556740760803223,-0.013920879,-0.00097463606,False,859,0.0021160126198083162,0.00291271205060184,0.012149542570114136
1497,205,4,2,-4.790306568145752,-0.0013409805,-0.004917555,False,244,0.006843223702162504,0.0017309951363131404,0.001535654067993164
1497,630,12,2,-5.9742536544799805,-0.007672491,0.0036024284,True,638,-0.00012676238839048892,0.0041509149596095085,0.006997241638600826
1498,616,12,2,-3.5037569999694824,0.00838892,0.0022094108,False,609,-0.0022676086518913507,-0.00027500628493726254,-0.008172111585736275
1498,877,17,2,-3.6495280265808105,-0.0050254106,0.0034115934,False,855,1.2946128663315903e-05,-0.001928195939399302,0.01037814561277628
1499,489,9,2,-5.452369213104248,0.008996163,0.00092046737,True,455,-0.005445623304694891,-0.007021226920187473,-0.00650009186938405
1499,861,17,2,-5.489372730255127,-0.0028099823,0.005518503,False,896,-0.0015242481604218483,0.0006078433943912387,0.006196393631398678
1502,236,4,2,-5.890480995178223,-0.0043721674,0.0009087563,True,210,-0.00421220762655139,-0.0009458923595957458,0.0020146083552390337
1502,819,16,2,-5.777307987213135,1.5735626e-05,-0.0029505254,False,834,0.003797645680606365,0.0022749805357307196,-0.0014435958582907915
1503,660,13,2,-4.860074996948242,-0.007524557,0.0016103553,False,670,-0.0012481498997658491,-0.004304142203181982,0.012190904468297958
1503,935,18,2,-3.849138021469116,0.005358882,-0.0027189301,False,914,0.0011631727684289217,0.0057488251477479935,-0.012663464061915874
1504,164,3,2,-5.121121406555176,0.0057239532,-0.00012517929,False,161,0.000809516932349652,0.0021265982650220394,-0.007166213355958462
1504,204,4,2,-4.659334659576416,0.015903072,-0.0006498718,False,203,-0.0017566871829330921,0.004275960847735405,-0.022585591301321983
1504,487,9,2,-5.955959320068359,-0.0021822643,0.0016708279,True,493,-0.0037391758523881435,0.0006096363067626953,-0.0004957199562340975
1504,850,17,2,-5.157248497009277,0.0027556706,-0.0023911668,False,856,-0.0014637756394222379,-0.003783483523875475,-0.002827129326760769
1505,367,7,2,-3.9321436882019043,0.0054754163,0.0008220339,False,359,-0.0015840100822970271,0.003585066879168153,-0.009822459891438484
1505,754,15,2,-5.780047416687012,-0.008848467,0.0027950478,False,798,-0.0006681347149424255,0.000983066507615149,0.00999231357127428
1507,35,0,2,-4.831212520599365,0.0012744999,-0.0016941547,False,46,0.007970514707267284,0.010721578262746334,-0.005719718057662249
1507,955,19,2,-4.424137115478516,0.006338892,0.002664156,False,969,-0.003243408165872097,0.0004002094210591167,-0.007318353280425072
1509,76,1,2,-4.4780354499816895,0.015551367,-0.0023612117,False,79,0.01627524383366108,-0.006993770599365234,0.005356436595320702
1509,216,4,2,-3.582015037536621,0.0033035947,0.008374033,False,241,-0.0009018516284413636,-0.004736518952995539,0.008905105292797089
1510,11,0,2,-5.930331707000732,-0.0074364855,-0.00016464233,True,31,-0.004708537831902504,0.00481136329472065,-0.002248058095574379
1510,59,1,2,-5.498570442199707,0.008594322,-0.0044914437,True,81,-0.0020339679904282093,0.00044997213990427554,-0.01556970551609993
1510,675,13,2,-4.126639366149902,-0.0033444976,-0.012159052,False,698,-0.007242841646075249,0.006345882546156645,-0.022403279319405556
1510,898,17,2,-4.64692497253418,-0.003198185,0.00281538,False,854,0.009812373667955399,0.00026107789017260075,0.01556486077606678
1510,964,19,2,-4.523580551147461,-0.005402231,0.0011815262,False,999,0.001466836896724999,-0.0033962822053581476,0.0114468764513731
1510,988,19,2,-3.4144628047943115,0.0074275206,0.00025036812,False,978,-0.0005684852367267013,0.006831674370914698,-0.014577312394976616
1511,488,9,2,-5.7886152267456055,0.0013881397,-0.0037127687,False,451,-0.0009284114930778742,0.0007228755857795477,-0.006752195302397013
1511,886,17,2,-5.488142490386963,-0.007338352,-0.0017551994,False,851,-0.0027810954488813877,-8.523940778104588e-05,0.0028872964903712273
1512,71,1,2,-5.406434059143066,0.010334072,0.0019828319,True,91,-0.006235675886273384,-0.00573824904859066,-0.00884866714477539
1512,296,5,2,-3.040515661239624,0.001916232,0.00036018848,False,269,-0.000434284214861691,-0.0019168376456946135,-7.349008228629827e-05
1513,54,1,2,-5.8604416847229,-0.009392004,0.004143724,False,62,-0.005488567519932985,0.002323102904483676,0.005724058486521244
1513,284,5,2,-3.4606964588165283,0.0006148386,0.0008773565,False,273,0.0007891988498158753,-4.664898006012663e-05,0.001098365755751729
1514,169,3,2,-4.275017261505127,0.0012115479,-0.003914175,False,151,0.003660011338070035,9.874343959381804e-05,-0.001564454985782504
1514,470,9,2,-5.472541809082031,0.0023563863,5.7525634e-05,False,454,-0.0012862300500273705,-0.007851800881326199,0.004266710020601749
1515,16,0,2,-4.830488681793213,-0.007854691,0.005488958,False,22,-0.0003618812479544431,0.0017207431374117732,0.01126102451235056
1515,247,4,2,-4.697657108306885,0.002975626,-0.00027598382,False,203,-0.008411740884184837,0.010790977627038956,-0.02245432883501053
1515,390,7,2,-3.831716537475586,0.0034585763,0.0017734003,False,360,0.0020054865162819624,0.002237143460661173,-0.0019168328726664186
1515,401,8,2,-4.246142864227295,-0.002191696,0.0019790267,False,420,0.00036495208041742444,0.0006841945578344166,0.0038514803163707256
1515,460,9,2,-5.938606262207031,-0.006579571,-0.0004897404,True,493,-0.005468473304063082,0.003246622160077095,-0.0026252642273902893
1515,865,17,2,-4.910194396972656,-0.0053968714,-0.00031840324,False,885,-0.005790071561932564,0.004876651801168919,-0.0055882553569972515
1516,254,5,2,-4.1686906814575195,-0.0034411144,0.0013040256,False,256,0.0010038757463917136,-0.002873039338737726,0.008622055873274803
1516,458,9,2,-5.806571960449219,-0.0068132784,0.0038685512,False,455,-0.0133810518309474,-0.0006578922038897872,-0.002041330561041832
1517,342,6,2,-3.7823727130889893,0.0073646116,-0.0013839436,False,301,-0.003627996426075697,-0.0011148309567943215,-0.011261721141636372
1517,483,9,2,-5.1294660568237305,-0.009321699,-0.0027979566,False,465,0.004322080407291651,0.0011747169774025679,0.00967110600322485
1517,570,11,2,-4.257269382476807,0.0027309323,-0.002815504,False,586,0.0006870460347272456,-0.004663391038775444,-0.0001959996297955513
1517,668,13,2,-5.530239582061768,-0.017553054,0.0013728619,False,652,-0.002733564469963312,0.003067064331844449,0.013125287368893623
1517,708,14,2,-4.239669322967529,-0.001805849,-0.0023064422,False,746,0.0010781765449792147,0.001517610508017242,-0.0009400271810591221
1517,799,15,2,-5.568858623504639,0.002317276,-0.007908439,True,774,0.006661329418420792,-0.005091476254165173,0.0015270905569195747
1520,494,9,2,-5.953919410705566,-0.0067413426,0.0033389472,True,493,-0.003348722355440259,0.004686451051384211,0.002045116387307644
1520,967,19,2,-4.523273944854736,0.0007849884,0.005094824,False,957,-0.00476244930177927,0.000481834402307868,-0.0009344485588371754
1521,124,2,2,-4.992330551147461,-0.0016587067,-0.0021931934,False,146,-0.0006653118180111051,0.0031731510534882545,-0.0043729497119784355
1521,664,13,2,-5.902689456939697,-0.0006593132,0.003894167,True,692,0.00019105910905636847,0.003355798777192831,0.0013887404929846525
1522,96,1,2,-5.711468696594238,-0.002505083,0.0036318207,True,57,-0.004342002794146538,-0.0036453818902373314,0.0054402826353907585
1522,317,6,2,-3.1902129650115967,0.0049930764,0.0013750601,False,336,0.003966994117945433,-0.0017501688562333584,0.0020991466008126736
1522,732,14,2,-3.6818573474884033,0.0003800726,-0.0022205305,False,733,-0.000762672396376729,-0.0017426491249352694,-0.0016206263098865747
1522,780,15,2,-4.920058727264404,-0.005876999,0.0007010937,False,792,0.001016330672428012,-0.005265178624540567,0.012859601527452469
1523,85,1,2,-5.675455093383789,-0.0011549091,0.013120203,True,62,0.005109844263643026,0.00011187553172931075,0.019273079931735992
1523,983,19,2,-3.3920516967773438,0.00068335055,-0.00012079239,False,970,0.0032116652000695467,-0.0025586604606360197,0.004966182634234428
1524,655,13,2,-5.731931686401367,0.004846439,-0.0012811756,True,693,-0.0009257793426513672,0.009979610331356525,-0.017033005133271217
1524,926,18,2,-4.530169486999512,-0.0040797424,-0.0022832393,False,938,-0.001482248306274414,0.00040623664972372353,-9.198184125125408e-05
1526,162,3,2,-3.629509687423706,-0.0025730229,-0.0009562016,False,183,-0.0018898582784458995,0.006534152198582888,-0.006807188969105482
1526,601,12,2,-4.046594619750977,0.005743408,0.000899477,False,611,0.004368400666862726,0.0005062103155069053,-0.0009817408863455057
1527,312,6,2,-4.495159149169922,-0.003528347,0.0012085247,False,344,-0.0017946339212357998,-0.005150880664587021,0.008093118667602539
1527,463,9,2,-5.35239315032959,0.010303945,-0.005033169,False,474,0.0011201382149010897,-0.004593305755406618,-0.009623670019209385
1529,53,1,2,-5.764809608459473,-0.00076917646,0.0042794035,True,57,-0.002454729052260518,-0.004344158340245485,0.006938009522855282
1529,218,4,2,-5.098528861999512,0.0006497383,0.004150152,False,245,0.00043108940008096397,-0.006818027701228857,0.010749530978500843
1529,644,12,2,-5.581666469573975,-0.0036701965,0.0020597554,False,641,-0.0061109066009521484,0.008188142441213131,-0.008569097146391869
1529,690,13,3,-5.808004856109619,0.0025135137,0.0038789748,True,661,-0.0030640221666544676,0.0033689974807202816,-0.005067558027803898
1529,975,19,2,-4.406354904174805,-0.00013846398,0.00083022116,False,976,-0.003023595781996846,-0.0019688988104462624,-8.601183071732521e-05
1531,232,4,2,-5.9742536544799805,-0.0070844935,0.0066475486,True,207,0.0006685352418571711,0.007500238250941038,0.006900339387357235
1531,891,17,2,-4.246417999267578,0.004063082,-0.0015735435,False,859,0.0029016875196248293,0.0017458057263866067,-0.004480743780732155
1536,50,1,2,-5.608153343200684,-0.0039286995,0.004557619,False,91,-0.01350605022162199,0.004195690155029297,-0.00921542290598154
1536,158,3,2,-2.9322755336761475,0.0015721082,-0.0022331285,False,186,-0.0026781130582094193,0.0030564211774617434,-0.009539770893752575
1537,3,0,2,-5.428778648376465,0.010657893,-0.000103855135,True,34,-0.0004001331399194896,-0.0012318039080128074,-0.009930077008903027
1537,549,10,2,-4.715478420257568,0.0017018605,0.0035857104,False,521,-0.000326290144585073,-0.0013586425920948386,0.002916202414780855
1537,688,13,2,-5.134642601013184,-0.00083815574,-0.0016289044,False,685,-0.0093349264934659,-0.001181535772047937,-0.008944139815866947
1537,796,15,2,-5.5408430099487305,-0.0043841647,0.015841637,False,774,0.004067640285938978,-0.0048049259930849075,0.02909836731851101
1538,24,0,2,-5.779035568237305,0.00054218294,0.005631151,True,5,-0.0027454185765236616,0.001362981740385294,0.0009805681183934212
1538,833,16,2,-5.904564380645752,0.0013937855,0.003770361,True,841,0.00022075652668718249,0.0032106018625199795,-0.0006132698617875576
1539,201,4,2,-5.3323469161987305,-0.0015937329,-0.0015188408,False,234,0.00859725009649992,-0.006247835233807564,0.014919977635145187
1539,662,13,2,-5.53472375869751,-0.0070263385,0.0042734337,False,669,-0.0031347465701401234,0.0020906543359160423,0.0060743712820112705
1539,671,13,2,-5.679896354675293,-0.00013823509,0.0014837933,True,652,-0.008080187253654003,0.0006765747093595564,-0.007134734187275171
1539,869,17,2,-5.52353572845459,0.0038452626,-0.005104046,False,851,-0.0021866606548428535,-0.004166850820183754,-0.006969118490815163
1540,509,10,2,-4.192836284637451,0.00044785498,-0.0027522277,False,534,-0.002899427432566881,-0.001423368463292718,-0.0046761417761445045
1540,768,15,2,-5.162082195281982,-0.007640867,0.0042668246,False,792,-0.0014124298468232155,-0.006506023462861776,0.017001284286379814
1541,90,1,2,-5.299879550933838,0.004996052,-0.008093204,False,52,-0.010355682112276554,-0.00483156181871891,-0.01861337572336197
1541,462,9,2,-5.69011926651001,-0.007955418,-0.004600363,False,478,-0.002187652513384819,-0.002322187414392829,0.0034895900171250105
1544,663,13,2,-4.067961692810059,-0.0062502576,-0.006106205,False,677,-0.005216698627918959,0.00890648365020752,-0.013979129493236542
1544,820,16,2,-4.0215163230896,-0.004128723,-0.002351427,False,808,0.0009013271192088723,-0.0016029167454689741,0.004281539935618639
1546,10,0,2,-5.5359673500061035,0.003167162,-0.0058244993,False,34,-0.0020137405954301357,0.0011523532448336482,-0.012157754972577095
1546,531,10,2,-4.4476847648620605,-0.0005709362,-0.0017409611,False,511,0.0003008079656865448,-0.002435932168737054,0.0015667150728404522
1546,751,15,2,-3.85923171043396,0.0054880762,0.002262025,False,770,0.0024554538540542126,0.0008073663921095431,-0.0015779638197273016
1546,781,15,2,-5.1634135246276855,0.0067157554,-0.009188194,False,771,-0.0026756571605801582,0.003991985227912664,-0.022571591660380363
1547,61,1,2,-5.6223978996276855,-0.0007045078,-0.0019484997,False,52,-0.016049843281507492,-0.002330236369743943,-0.014963598921895027
1547,790,15,2,-4.559622287750244,0.0003966427,0.0032922458,False,778,0.004271097015589476,-0.003314361674711108,0.010481061413884163
1548,579,11,2,-5.032920837402344,-0.007119551,0.0017861557,False,590,0.0013077068142592907,0.006336173973977566,0.003877239767462015
1548,608,12,2,-4.031451225280762,0.004685106,0.004130497,False,645,-0.0032615233212709427,-0.0038055896293371916,-1.054280437529087e-05
1548,626,12,2,-5.9107794761657715,-0.0058433153,0.0060586357,True,620,-0.0012052154634147882,-0.0015234851744025946,0.012220220640301704
1548,740,14,2,-3.517932176589966,0.0041888906,-0.0006635761,False,749,0.0018481635488569736,-0.00019187451107427478,-0.002812428632751107
1549,4,0,2,-5.629368782043457,0.0017500306,-0.0054660034,False,43,0.002732782391831279,0.007858620025217533,-0.012341871857643127
1549,498,9,2,-5.555062770843506,0.0019554137,0.004508104,False,453,-0.012537774629890919,0.006233873311430216,-0.01621895842254162
1550,242,4,2,-5.13339376449585,-0.01577568,-0.0011345196,False,249,-0.010343056172132492,0.008832540363073349,-0.004534435458481312
1550,849,16,2,-3.1160638332366943,-0.0031831455,0.008837376,False,801,0.001242408761754632,0.004779324401170015,0.008483605459332466
1551,38,0,2,-3.9522204399108887,-0.0016974258,-0.0041250135,False,25,0.001195607241243124,-0.0031124067027121782,0.001880426425486803
1551,877,17,2,-3.3871214389801025,0.004526992,-0.005496049,False,882,0.00011449337034719065,0.0035790777765214443,-0.013487624935805798
1554,87,1,2,-5.738082408905029,-0.00021262169,0.010602551,True,62,0.004437036346644163,0.007751102559268475,0.00750110624358058
1554,119,2,2,-3.019533634185791,-0.0023517131,0.0045853946,False,123,0.006870980374515057,0.0002919912221841514,0.013516097329556942
1555,67,1,2,-5.725925922393799,-0.008096047,0.01402976,False,62,0.004825038835406303,0.007808017544448376,0.01914282888174057
1555,78,1,2,-5.856731414794922,-0.0013077164,0.0070974827,True,57,-0.00783538818359375,0.004844341427087784,-0.004274530336260796
1555,294,5,2,-2.8973371982574463,0.0017418623,0.0014330053,False,-1,,,
1555,304,6,2,-4.2466840744018555,0.0019169616,-0.0034960175,False,335,-0.004080896265804768,0.003843450453132391,-0.013337325304746628
1555,326,6,2,-3.954580783843994,0.0017933178,0.0057337284,False,322,-0.00450897216796875,-0.0008809375576674938,0.00031237583607435226
1555,466,9,2,-5.939589500427246,0.0006932831,-0.00045238493,True,478,-0.009273910894989967,0.0009907627245411277,-0.01141034159809351
1555,750,15,2,-5.764515399932861,0.0021839428,-0.0033092308,True,774,-0.005217361263930798,0.0017634773394092917,-0.01247401162981987
1555,788,15,2,-5.506746292114258,-0.008426981,-0.008604374,False,759,0.00038343429332599044,0.0010746765183284879,-0.0008686349610798061
1556,896,17,2,-5.31298303604126,0.0036157512,-0.0028181744,False,893,0.0003992652927991003,0.004899997729808092,-0.010934658348560333
1556,987,19,2,-4.4453043937683105,-0.0056338217,-0.0030503178,False,957,0.0018906497862190008,0.0016347503988072276,0.0028394032269716263
1560,84,1,2,-5.363417148590088,-0.00337533,0.0045653726,False,75,-0.005461482796818018,0.0021338844671845436,0.00034533487632870674
1560,486,9,2,-4.5755934715271,0.004672327,0.0039123152,False,485,-0.011213473975658417,-0.012659711763262749,0.0006862259469926357
1561,9,0,2,-4.196547031402588,0.012676554,0.007020569,False,21,-0.0042778016068041325,0.0011840153019875288,-0.011117801070213318
1561,562,11,2,-3.686018943786621,0.00022896766,-0.0062085297,False,552,0.0027389812748879194,0.0034453964326530695,-0.007143912371248007
1562,40,0,2,-3.6727330684661865,0.0022610188,0.0033321239,False,47,0.00371753703802824,0.004883823450654745,-9.518139995634556e-05
1562,215,4,2,-4.5648932456970215,-0.0063134576,-0.005222759,False,240,-0.009173507802188396,-5.262374907033518e-05,-0.008030185475945473
1563,147,2,2,-4.356234550476074,-0.0020357894,0.0020704651,False,102,9.845733438851312e-05,0.005310392472893,-0.0011056805960834026
1563,334,6,2,-4.1573944091796875,0.010354739,-0.0049976157,False,330,-0.0033517933916300535,-0.0016444682842120528,-0.017059680074453354
1563,934,18,2,-3.1661863327026367,0.009329863,-0.002639599,False,905,-0.0026845550164580345,-0.004916267469525337,-0.009737749584019184
1563,949,18,2,-4.337856769561768,0.0038904094,0.004745436,False,937,-0.0015198421897366643,-0.002788705751299858,0.0021238899789750576
1565,98,1,2,-5.868650913238525,-0.0043517207,-0.0013489532,True,62,-0.0024786663707345724,0.01080057118088007,-0.010276470333337784
1565,691,13,2,-3.489738702774048,-0.0020957135,0.0026788234,False,676,0.0018291664309799671,0.0026404238305985928,0.003963279537856579
1566,319,6,2,-4.201104164123535,-0.014455714,-0.0054971124,False,330,-0.004026489332318306,-0.0001513862662250176,0.005083499476313591
1566,895,17,2,-3.4398598670959473,0.0009763336,0.008445916,False,882,-0.000546255090739578,0.0021844529546797276,0.004738874267786741
1568,66,1,2,-5.697242259979248,0.004335871,0.010437803,True,52,-0.013626460917294025,0.0017296409932896495,-0.009254169650375843
1568,231,4,2,-5.5624213218688965,-0.011002999,0.0003029442,False,207,0.004765815567225218,-0.002482128096744418,0.01855388656258583
1568,536,10,2,-4.32986307144165,0.0027948855,-0.0006806374,False,547,5.5007934861350805e-05,0.0008503246353939176,-0.0042708395048975945
1568,786,15,2,-5.950355052947998,-0.0031349468,-0.00047797203,True,761,-0.0001496887271059677,0.002649707719683647,-0.00014242157340049744
1570,27,0,2,-2.6053030490875244,0.0063094283,0.0038659954,False,42,0.008265990763902664,-0.0008919715764932334,0.006714529357850552
1570,29,0,2,-4.890466213226318,0.006769295,0.0032006835,False,7,0.0009805489098653197,0.00021348953305277973,-0.0028015519492328167
1570,86,1,2,-4.97067403793335,-0.015099611,0.0062865927,False,88,-0.006378812715411186,0.00351295480504632,0.011494437232613564
1570,217,4,2,-5.785524845123291,-0.0034577942,-0.0004666233,True,248,0.002885255729779601,-0.0027977752033621073,0.008674201555550098
1570,490,9,2,-4.018510341644287,-0.002236657,0.0027947759,False,499,0.009575319476425648,-0.002053661271929741,0.0166604146361351
1570,766,15,2,-3.3361382484436035,-0.0002346468,0.012466016,False,752,0.004359669517725706,-0.003882389049977064,0.020942721515893936
1571,0,0,2,-4.806928634643555,0.0024148845,-0.009028187,False,12,-0.0033991432283073664,0.0024854945950210094,-0.01732770912349224
1571,350,7,2,-3.879145860671997,-0.002163973,-0.0029231978,False,384,-0.0005326414247974753,-0.0017408562125638127,0.00044898991473019123
1571,464,9,2,-4.8096513748168945,0.0062923906,-0.0063761426,False,469,0.003037672024220228,-0.002918720245361328,-0.00671214098110795
1571,872,17,2,-5.649415969848633,0.0055688666,-0.00027810095,True,851,-0.0026942919939756393,-0.0030280305072665215,-0.005513228941708803
1572,59,1,2,-5.461319923400879,0.0029290104,0.0032778645,False,82,0.00507321348413825,0.0021878338884562254,0.00323423370718956
1572,935,18,2,-3.9771411418914795,-0.0027303838,0.007668414,False,910,-0.0011457824148237705,-0.0016335916006937623,0.010886606760323048
1574,236,4,2,-5.9742536544799805,-0.0027185725,0.0033102513,True,210,0.0,0.00646100053563714,-0.00043217698112130165
1574,307,6,2,-5.166319370269775,-0.007246952,0.0012040425,False,332,0.005040712188929319,-0.0025027943775057793,0.015994500368833542
1574,596,11,2,-4.658687591552734,0.0035923482,-0.004102001,False,580,0.002156915608793497,-0.005864973179996014,0.0003275400958955288
1574,760,15,2,-5.69089412689209,0.0056671905,-0.0014018917,True,774,-0.0037586784455925226,-0.00042451859917491674,-0.010403241962194443
1575,421,8,2,-3.925772190093994,0.0027459718,0.0031526326,False,412,0.00214278232306242,-0.0010899114422500134,0.0036393546033650637
1575,574,11,2,-4.235494136810303,-0.007341528,0.00459033,False,559,0.001918468507938087,0.004557332955300808,0.009292993694543839
1577,35,0,2,-4.5201849937438965,0.006047802,0.0017308807,False,33,0.007455711252987385,-0.0019517040345817804,0.005090493708848953
1577,494,9,2,-5.814329624176025,-0.0025285436,4.4260025e-05,False,455,-0.004792509134858847,-0.001997890416532755,-0.0002218151930719614
1579,31,0,2,-5.5595269203186035,0.0071975137,-0.0040859985,False,15,0.0020899581722915173,0.0016281604766845703,-0.010821714997291565
1579,787,15,2,-5.964834213256836,-0.0039088535,0.009321909,True,761,-0.0018359279492869973,0.0020890808664262295,0.00930575467646122
1582,200,4,2,-5.1569318771362305,0.014258642,0.006538715,False,235,0.005534553434699774,0.0028481006156653166,-0.005033473484218121
1582,483,9,2,-5.196327209472656,-0.005782394,0.006152811,False,481,-0.0064496612176299095,-0.011623096652328968,0.01710864156484604
1582,672,13,2,-3.8334152698516846,-0.003976245,-0.0012632513,False,677,0.000619430560618639,0.006107592489570379,-0.002775168279185891
1582,795,15,2,-4.687996864318848,0.004383564,-0.0024139977,False,778,-0.003839998273178935,0.0026156329549849033,-0.01325319241732359
1583,232,4,2,-5.689006328582764,0.0057049464,0.0018532658,True,224,0.004078492987900972,-0.0032168864272534847,0.003443698864430189
1583,632,12,2,-5.5941853523254395,-0.0037331486,-0.0010595989,False,634,0.001214847550727427,-0.0005627537029795349,0.004451151005923748
1584,64,1,2,-5.281788349151611,0.005105257,-0.0005662346,False,70,-0.008191918954253197,0.00649651512503624,-0.02035992592573166
1584,238,4,2,-4.042530059814453,0.007991085,-0.012260227,False,219,0.0037549114786088467,-0.0023188304621726274,-0.014177569188177586
1584,733,14,2,-3.7887978553771973,-0.001750598,-0.004774475,False,726,0.0018104792106896639,0.0046773431822657585,-0.005890741012990475
1584,996,19,2,-3.81807541847229,-0.0003181696,0.0013693523,False,993,0.006756253074854612,-0.0029245091136544943,0.01136828400194645
1585,36,0,2,-4.951053619384766,0.008350982,0.0013762474,False,26,0.0028705596923828125,0.00808339100331068,-0.012187566608190536
1585,640,12,2,-4.694036483764648,-0.007436409,0.0023483944,False,614,0.0002725505910348147,-0.005470084957778454,0.015527439303696156
1587,97,1,2,-4.258605480194092,0.015093355,0.0067900084,False,-1,,,
1587,138,2,2,-3.9151601791381836,0.0037648678,-0.0014921713,False,133,-0.0019084167433902621,-0.0010838126763701439,-0.0060816435143351555
1587,457,9,2,-5.7059221267700195,0.0025486087,-0.00405076,False,454,-0.0038157368544489145,0.0044379327446222305,-0.014853037893772125
1587,772,15,2,-5.8136115074157715,0.0031561374,-0.0027435208,True,784,0.0010089683346450329,0.0072078038938343525,-0.012098493985831738
1588,780,15,2,-4.275070667266846,0.016977958,-0.0055625155,False,756,-0.011843991465866566,-0.0009922218741849065,-0.03339224308729172
1588,979,19,2,-4.16648006439209,0.00075660704,-0.0007995415,False,953,-0.0010243224678561091,-0.002393541391938925,-0.00018692959565669298
1589,95,1,2,-5.563754081726074,-0.014905023,0.007891684,False,52,-0.007926234975457191,0.0015220260247588158,0.013348446227610111
1589,951,19,2,-3.271231174468994,-0.0008375168,0.00088529586,False,995,0.00020122528076171875,0.0014957094099372625,0.00042832852341234684
1591,74,1,2,-5.652263164520264,-0.026996814,0.003970251,True,57,0.00030652046552859247,-0.0032624148298054934,0.03453600034117699
1591,256,5,2,-4.333967685699463,-0.001793251,0.0011987019,False,276,-0.0015134620480239391,-0.0005242633633315563,0.0020027542486786842
1591,309,6,2,-5.553241729736328,0.003930092,0.0014101124,False,343,-0.0023579406552016735,-0.0010704707819968462,-0.0038074494805186987
1591,358,7,2,-5.092205047607422,-0.004653664,-0.0022126865,False,374,0.00010654449579305947,-0.0008363437373191118,0.0033838655799627304
1593,99,1,2,-5.1949262619018555,0.0071450043,-0.005216036,False,69,0.0016760826110839844,-0.002206954872235656,-0.00847800262272358
1593,116,2,2,-4.35889196395874,-0.0033398056,0.0013655281,False,102,-0.0029979420360177755,0.006525516510009766,-0.004818125162273645
1593,619,12,2,-4.468429088592529,0.009071417,-0.006208649,False,602,0.0023985672742128372,-0.006121330428868532,-0.006760168820619583
1593,627,12,2,-3.7709765434265137,-0.001559577,0.0036909913,False,613,-0.007704377174377441,0.006738543510437012,-0.009192352183163166
1594,456,9,2,-4.230827331542969,-0.003956165,-0.0032571221,False,495,-0.0012593269348144531,0.005041098687797785,-0.005601382814347744
1594,657,13,2,-4.866682529449463,-0.013077002,-0.0032663632,False,667,-0.009540557861328125,0.00047114372137002647,-0.00020106323063373566
1596,58,1,2,-5.883420944213867,-0.005527668,-0.001048317,True,57,0.0005173206445761025,-0.000551948556676507,0.005548620596528053
1596,638,12,2,-5.497587203979492,0.008703842,0.0006214905,False,607,0.0015199279878288507,0.0013289069756865501,-0.007891330868005753
1596,897,17,2,-5.606792449951172,0.0059448527,0.0019841099,True,851,-0.005715436767786741,-0.004058561287820339,-0.005617618095129728
1596,986,19,2,-2.8297972679138184,0.0011969375,0.00012648583,False,978,-0.0006777000380679965,0.004770374391227961,-0.006518526002764702
1598,228,4,2,-2.8115804195404053,0.008443317,0.0058288574,False,229,0.0008566522737964988,-0.010191865265369415,0.008434057235717773
1598,791,15,2,-3.7767770290374756,0.005855794,-0.00582603,False,793,-0.004530820995569229,-0.0015720463125035167,-0.014640598557889462
1602,20,0,2,-5.18958044052124,-0.011432848,0.008917894,False,41,-0.0025690936017781496,0.00016771316586527973,0.017613936215639114
1602,91,1,2,-4.9648027420043945,0.015222025,-0.017827006,False,69,0.009580831974744797,-0.014642858877778053,-0.008825341239571571
1602,230,4,2,-4.798939228057861,0.00022862434,-0.0027747154,False,249,0.007357692811638117,-0.0010938358027487993,0.005448189098387957
1602,628,12,2,-5.359857559204102,-0.0015735149,-0.0020552445,False,604,0.0015057468554005027,-0.006457939278334379,0.007481956854462624
1603,80,1,2,-3.718961238861084,0.01907054,-0.0056900023,False,83,0.014284143224358559,-0.011558742262423038,0.0010823439806699753
1603,233,4,2,-5.584339618682861,0.006113157,-0.00019977569,True,245,-0.004694328177720308,-0.007068653125315905,-0.00393860787153244
1603,496,9,2,-5.232064247131348,-0.005617857,0.00091328623,False,453,0.007756433449685574,-0.008795414119958878,0.023082992061972618
1603,767,15,2,-5.046290397644043,0.0036828709,0.0034407044,False,771,0.0011392212472856045,0.0016418838640674949,-0.0007448290707543492
1603,803,16,2,-5.254856109619141,-0.0027449895,0.0019978047,False,835,0.001557474141009152,-0.004126357845962048,0.010426625609397888
1603,922,18,2,-2.071577548980713,-0.0009934377,-0.0006322861,False,-1,,,
1604,73,1,2,-5.324629783630371,-0.004358635,-0.011672478,False,82,0.004748830571770668,0.007375383283942938,-0.009940396063029766
1604,339,6,2,-3.036513566970825,0.002545166,-0.008143659,False,315,0.00383168226107955,0.010165543295443058,-0.017022686079144478
1605,297,5,2,-4.260921478271484,-0.0013553714,0.0010617924,False,281,-0.0016703892033547163,0.0015785503201186657,-0.0008317756000906229
1605,753,15,2,-4.205079555511475,0.009617538,0.00074460986,False,794,0.002128868130967021,0.006161861587315798,-0.012905921787023544
1607,110,2,2,-4.361668586730957,-0.012203984,-0.0021992875,False,104,0.0038365935906767845,-0.006660804618149996,0.02050209417939186
1607,610,12,2,-4.964698314666748,0.0024670982,0.004832115,False,629,-0.0037146853283047676,0.0014974880032241344,-0.0028471564874053
1608,478,9,2,-5.9090142250061035,-0.00028746604,0.008101054,True,455,-0.0017086219741031528,0.003453798359259963,0.003226099070161581
1608,521,10,2,-4.81023645401001,-0.00017754555,-0.002012167,False,513,0.001130180316977203,0.0011333083966746926,-0.0018377493834123015
1608,641,12,2,-4.725526809692383,0.01027401,-0.0015221691,False,617,-0.002943105762824416,5.900382893742062e-05,-0.01479828916490078
1608,690,13,2,-5.935887813568115,-0.001648159,0.00057744025,True,696,0.0009336757939308882,0.0003278923104517162,0.0028313826769590378
1608,754,15,2,-5.296478271484375,0.00694417,0.003069029,False,792,-0.0016854476416483521,-0.006805286277085543,0.0012446974869817495
1608,983,19,2,-3.5084028244018555,-0.0014791775,0.0011324501,False,970,0.002395911142230034,-0.0033167123328894377,0.008324251510202885
1609,209,4,2,-4.739206314086914,-0.00035398483,-0.0071017933,False,249,0.005334119778126478,-0.003111829748377204,0.001698140986263752
1609,459,9,2,-4.866330623626709,-0.011453705,-0.0013997841,False,469,0.0017167854821309447,0.007137489505112171,0.00463321665301919
1612,23,0,2,-5.880688667297363,0.0018712997,-0.0018712997,True,30,-0.0010050201090052724,0.00037763596628792584,-0.005125255323946476
1612,94,1,2,-5.079648017883301,0.016191501,0.006986809,False,79,-0.000715713482350111,-0.003276567440479994,-0.006643838249146938
1612,326,6,2,-3.630117177963257,0.004680257,0.0011389494,False,331,0.004601950757205486,-0.002142786979675293,0.003203430213034153
1612,361,7,2,-3.2192130088806152,-0.0005992651,0.0061879065,False,372,0.002410402288660407,-2.315998062840663e-05,0.009220734238624573
1612,485,9,2,-5.093503475189209,-0.012676086,0.004327402,False,469,-0.003840331919491291,0.008918399922549725,0.004244755953550339
1612,936,18,2,-5.903370380401611,-0.0045014,-0.0013826275,True,902,0.0005201721214689314,0.0014645290793851018,0.0021744156256318092
1613,103,2,2,-5.737900733947754,-0.010292692,0.004238138,False,113,-0.004114570561796427,-0.0031193257309496403,0.013535585254430771
1613,487,9,2,-5.702841281890869,0.0047468855,0.01649417,True,493,0.0020879744552075863,-0.00431480398401618,0.01815006136894226
1613,639,12,2,-5.468092918395996,-0.0042730616,-0.005972843,False,607,0.0016017532907426357,0.002704887418076396,-0.0028029156383126974
1613,743,14,2,-5.813248157501221,0.0027623272,-0.0010582828,True,745,-0.0006446742918342352,0.0022682666312903166,-0.006733550690114498
1614,81,1,2,-4.9773664474487305,0.012087478,0.010426827,False,69,0.010278711095452309,-0.00898181926459074,0.01759987697005272
1614,201,4,2,-5.887434005737305,-0.008016968,1.244545e-05,True,224,-0.0034834383986890316,-0.00048350333236157894,0.00502947811037302
1615,78,1,2,-5.833134174346924,0.0028223896,-0.00016298293,False,57,0.0052018072456121445,0.00133996969088912,0.0008764651138335466
1615,370,7,2,-3.2382631301879883,0.0035094977,-0.00045312406,False,357,0.0031380606815218925,-0.006883254274725914,0.006058692932128906
1617,612,12,2,-5.383127689361572,0.00891676,0.0015758895,False,607,0.002065811073407531,0.0041794683784246445,-0.009454527869820595
1617,908,18,2,-5.562309265136719,-5.0153732e-05,-0.0013447666,False,927,0.0007805537898093462,0.0015390110202133656,-0.0020530701149255037
1618,77,1,2,-4.676713943481445,0.01130187,-0.00062785146,False,76,0.0006301021785475314,-0.008376454934477806,-0.002923164516687393
1618,348,6,2,-4.415187358856201,0.005336685,-0.003871622,False,308,0.004824495408684015,0.0026628589257597923,-0.007046670187264681
1618,824,16,2,-5.645620822906494,-0.009440956,0.0018150044,False,829,-0.0019022845663130283,-0.0017748832469806075,0.011128558777272701
1618,971,19,2,-3.347862958908081,-0.0032831908,-0.0017339325,False,952,-0.0029272842220962048,-0.00023576736566610634,-0.001142258639447391
1620,101,2,2,-3.419527769088745,-0.0018030405,-0.0062417556,False,149,0.0041113137267529964,-1.3947486877441406e-05,-0.0003134538419544697
1620,489,9,2,-5.885563373565674,-0.00978569,0.0033762455,False,460,0.0007560920785181224,0.0021589661482721567,0.011759061366319656
1623,434,8,2,-3.959160327911377,-0.0039409827,-0.0012999534,False,412,-0.0007032775902189314,-0.0015094899572432041,0.0034472416155040264
1623,789,15,2,-4.941956996917725,0.0073041534,-0.0010787296,False,771,0.000986394938081503,0.0011179638095200062,-0.008514451794326305
1624,75,1,2,-5.051087856292725,-0.0054714396,0.004729023,False,69,-0.0007651328924112022,-0.010931815952062607,0.020367145538330078
1624,123,2,2,-3.225947380065918,-0.0042541074,-0.003044982,False,125,0.0012983513297513127,0.0040791272185742855,-0.001571650616824627
1625,34,0,2,-5.03976583480835,0.010984201,-0.0015223599,False,8,-0.00029026030097156763,0.002712192479521036,-0.015509014017879963
1625,668,13,2,-5.602974891662598,-0.0038667584,0.005857363,False,683,0.003947448916733265,-0.00549971591681242,0.01917128637433052
1626,141,2,2,-5.523941516876221,-0.004527798,0.0030322075,False,128,0.0036546324845403433,0.0006832217914052308,0.010531416162848473
1626,190,3,2,-3.5826797485351562,0.002550106,0.0015839386,False,155,-0.0037604188546538353,0.0035670041106641293,-0.008293590508401394
1626,463,9,2,-5.7111430168151855,-0.002197094,-0.00021698952,False,493,0.00225347513332963,-0.005350274965167046,0.009583855047821999
1626,621,12,2,-5.951999664306641,-0.009044933,0.0012452889,True,636,0.0009085941128432751,0.0024572277907282114,0.008741588331758976
1627,467,9,2,-4.43709659576416,0.00834075,0.00030704497,False,471,0.014941539615392685,0.002885532332584262,0.004022302106022835
1627,538,10,2,-3.463078260421753,0.00027840614,-0.00011633396,False,540,-0.0016050958074629307,0.0008027124567888677,-0.0028025484643876553
1628,468,9,2,-5.362696647644043,0.009739418,0.010241099,False,458,0.005381221882998943,-0.0012842941796407104,0.007167197298258543
1628,765,15,2,-5.186227321624756,-0.00025349617,0.002781782,False,759,0.004495830740779638,0.0034836577251553535,0.004047451540827751
1630,139,2,2,-3.442502737045288,0.0015457821,0.0015999937,False,149,0.004331426694989204,-0.002290706615895033,0.006676345132291317
1630,699,13,2,-4.625268459320068,-0.0044260025,-0.0042308234,False,667,0.0016964435344561934,-0.0006009673816151917,0.002492590108886361
1631,55,1,2,-5.443582534790039,-0.012300244,-0.0033036424,False,71,0.0021105194464325905,-0.0070753381587564945,0.018182460218667984
1631,223,4,2,-4.036911964416504,-0.0043530893,-0.0058931923,False,219,-0.0015275239711627364,-0.0011491202749311924,-0.0019185066921636462
1631,776,15,2,-4.593230247497559,0.0012394333,0.0057576085,False,756,-0.0033567810896784067,6.851195939816535e-05,0.0010928818956017494
1631,941,18,2,-2.584625720977783,0.010049219,-0.008425164,False,925,-0.00027059554122388363,0.000516595842782408,-0.019261574372649193
1632,60,1,2,-4.259397029876709,0.0073499964,0.011014109,False,83,-1.2836456335207913e-05,-0.0018094348488375545,0.005460710730403662
1632,600,12,2,-2.602548122406006,0.006445761,-0.002206974,False,-1,,,
1632,626,12,2,-5.577845096588135,0.0032358456,-0.0026687526,False,604,-0.004080228973180056,-0.0006599902990274131,-0.009324836544692516
1632,918,18,2,-5.274608135223389,0.007008915,0.0054955864,False,904,-0.0009155464358627796,-0.003889541607350111,0.0014606667682528496
1633,108,2,2,-4.315440654754639,-0.0054567526,0.0039099217,False,145,0.0017396163893863559,-0.0012786292936652899,0.012384919449687004
1633,162,3,2,-3.6505513191223145,0.001515193,0.0038396548,False,167,-0.0031262445263564587,0.0036640644539147615,-0.00446584727615118
1634,22,0,2,-4.397608757019043,0.0006893349,0.006632166,False,33,-0.00010549545550020412,-0.005078868940472603,0.010916205123066902
1634,324,6,2,-4.144829273223877,-0.00053800584,-0.0019560338,False,349,-0.0026234055403620005,0.0013460159534588456,-0.005387449637055397
1634,763,15,2,-4.494089603424072,0.009998274,-0.000606451,False,756,-0.0008195781847462058,-0.0010387992952018976,-0.010385503992438316
1634,931,18,2,-4.706883907318115,-0.012188215,-0.0015205288,False,943,-0.008897705003619194,0.001404943410307169,0.0003650384023785591
1635,691,13,2,-3.5354270935058594,0.0011737203,-0.0074014473,False,677,0.006323428358882666,-0.007063650991767645,0.004811911843717098
1635,799,15,2,-5.613814830780029,0.0055945395,-0.0031425857,True,784,0.0070368386805057526,-0.0036365604028105736,0.0019362736493349075
1636,813,16,2,-5.326991081237793,0.00856637,-0.0038104535,False,848,-0.002558479318395257,-0.003751201555132866,-0.01118410099297762
1636,915,18,2,-4.020966053009033,-0.009033561,-0.0007108307,False,910,-0.00048449038877151906,-0.002066068584099412,0.009904308244585991
1637,88,1,2,-4.708738327026367,0.007320795,-0.0052607534,False,76,0.004103355575352907,-0.008282852359116077,-0.00019534025341272354
1637,150,3,2,-2.5210018157958984,0.005419712,0.0037800884,False,186,0.004525208380073309,-0.0016495751915499568,0.004535160027444363
1638,682,13,2,-5.9742536544799805,-0.002646637,0.0014173698,True,661,-0.004944744054228067,0.0010323715396225452,-0.0019131088629364967
1638,755,15,2,-5.869085311889648,-0.0014675236,-0.00037921907,True,798,-0.0010392570402473211,0.0011098766699433327,-0.0010608291486278176
1639,551,11,2,-4.452777862548828,0.004716167,0.0031863498,False,558,-0.0018858147086575627,-8.39138010633178e-05,-0.0033317185007035732
1639,739,14,2,-4.154880046844482,-0.001956253,0.00063269614,False,705,0.0018483925377950072,0.0012803173158317804,0.003157024271786213
1640,126,2,2,-3.8028950691223145,0.00382648,-0.0030156183,False,100,0.0014110374031588435,0.010223221965134144,-0.01565428264439106
1640,314,6,2,-4.157411098480225,-0.0064106653,0.0022501945,False,349,-0.0017596626421436667,0.003130588447675109,0.003770609386265278
1640,651,13,2,-5.307865142822266,-0.0076510524,-0.0072902488,False,665,0.005351924803107977,0.0063002873212099075,-0.0005875588394701481
1640,864,17,2,-5.253421306610107,0.0022916698,-0.008818836,False,871,-0.0022239494137465954,-0.0036986256018280983,-0.00963583029806614
1641,400,8,2,-5.079895496368408,0.00079432485,0.0034518815,False,418,0.000495157262776047,-0.003094034269452095,0.0062467483803629875
1641,498,9,2,-4.495483875274658,0.016299676,0.012546649,False,471,0.005939168855547905,0.004087610170245171,-0.0019014682620763779
1643,160,3,2,-5.021650314331055,-0.0025617885,-0.001575613,False,179,-6.052017124602571e-05,0.003129663411527872,-0.0022040079347789288
1643,197,3,2,-3.2537195682525635,0.0011995316,-0.0019598103,False,183,-0.0010757684940472245,-0.0017245960189029574,-0.0025105143431574106
1643,644,12,2,-5.814136981964111,-0.0054656886,0.0005739403,False,620,0.0019790458027273417,-0.0008416175842285156,0.008860291913151741
1643,769,15,2,-4.818695545196533,-0.017720886,-0.008152361,False,796,0.001937541994266212,-0.0047727967612445354,0.016278862953186035
1645,62,1,2,-5.438632011413574,0.0091029545,0.0076228427,False,50,-0.0013372325338423252,0.0036544990725815296,-0.006471843458712101
1645,613,12,2,-3.421842575073242,0.0071559288,-0.0007600403,False,609,0.004554705694317818,-0.006148948799818754,0.002787685953080654
1646,48,0,2,-4.551548957824707,-0.0061416533,0.0009767056,False,26,0.005040912423282862,-0.00010402679617982358,0.012263298034667969
1646,480,9,2,-4.485653877258301,-0.0037325954,-0.0057581137,False,471,0.0023541736882179976,0.0008704757783561945,-0.0005418204236775637
1646,554,11,2,-4.648316860198975,0.0008159065,-0.0010605049,False,569,0.004771299194544554,0.004833097569644451,-0.0019382098689675331
1646,795,15,2,-4.6100568771362305,0.0011923886,-0.00082662585,False,796,0.004090051632374525,-0.0018529891967773438,0.003924026153981686
1647,450,9,2,-1.5343389511108398,-0.011392554,0.001403358,False,479,0.007513115182518959,-0.0012018990237265825,0.021510925143957138
1647,783,15,2,-2.5194358825683594,0.00069651124,0.0043157483,False,757,0.009977727197110653,0.003176412545144558,0.010420551523566246
1647,881,17,2,-5.9491095542907715,-0.0093912985,0.0034027004,True,851,-0.0035986709408462048,-0.001072959857992828,0.010268287733197212
1647,997,19,2,-4.658371925354004,-0.0012400723,-7.9860685e-05,False,998,0.00044307709322310984,-0.0010385036002844572,0.00264179240912199
1649,40,0,2,-3.850206136703491,-0.005255804,-0.0008167315,False,14,0.009321298450231552,0.0034896135330200195,0.010270757600665092
1649,451,9,2,-5.1067304611206055,0.004081583,0.0032644558,False,470,0.0061066243797540665,-0.005720662884414196,0.011010159738361835
1649,684,13,2,-4.685634613037109,-0.00083831785,0.00021845818,False,666,-0.005618753377348185,-0.0025745488237589598,-0.001987428404390812
1649,811,16,2,-3.911855459213257,0.00097144605,0.0027628422,False,837,-0.007064638193696737,-0.0009725093841552734,-0.004300732631236315
1654,570,11,2,-4.676415920257568,-0.0067500686,-0.00039956093,False,587,-0.0037816809490323067,0.0016595172928646207,0.0009093093685805798
1654,773,15,2,-5.823066711425781,0.0009353733,0.0022173214,True,761,-0.0011344433296471834,-0.0023402308579534292,0.002487735589966178
1655,52,1,2,-5.279778003692627,0.005879097,0.012625647,False,85,0.0017663574544712901,-0.0016362667083740234,0.010149173438549042
1655,977,19,2,-3.55238938331604,-0.0032801582,-0.003147602,False,989,0.0033598518930375576,0.00011538028775248677,0.00337702757678926
1658,597,11,2,-4.729761600494385,-0.006525068,-0.0034191608,False,586,-0.002831630641594529,0.00474624615162611,-0.004471969325095415
1658,856,17,2,-5.3803887367248535,0.0013281441,-0.00508337,False,863,0.0023080443497747183,-0.006111841183155775,0.00200837105512619
1659,704,14,2,-5.576697826385498,0.0003468895,6.990433e-05,False,730,0.003432846162468195,0.00024302482779603451,0.0029128361493349075
1659,869,17,2,-5.944288730621338,-0.004366541,0.00046043395,True,852,-0.0004308414354454726,0.0005000114324502647,0.0038961218670010567
1661,247,4,2,-5.582284927368164,-0.016760197,0.0073270705,False,234,0.0027451515197753906,0.006640625186264515,0.020191792398691177
1661,496,9,2,-5.128890037536621,0.0022535706,0.0012733936,False,491,0.004236955661326647,-0.006754121743142605,0.010010900907218456
1661,709,14,2,-3.941255807876587,-0.0013128328,-0.001964488,False,729,0.00121984479483217,-0.000364007952157408,0.0009321975521743298
1661,778,15,2,-5.609879493713379,-0.017125225,0.0019519806,False,784,2.5653839657024946e-06,-0.0005403804825618863,0.019620152190327644
1663,718,14,2,-5.6375579833984375,-0.0077252104,0.0021615028,False,730,0.0038747882936149836,-0.00018989562522619963,0.013951397500932217
1663,872,17,2,-5.81812047958374,-0.0017224407,-0.0027199555,False,851,0.00017571449279785156,-0.0013277626130729914,0.000505962292663753
1664,90,1,2,-5.615684509277344,0.0026816844,0.0008516121,True,53,0.0004582786641549319,0.010366802103817463,-0.011738595552742481
1664,336,6,2,-3.493428945541382,-0.0004467821,0.0031776237,False,345,-0.001376075786538422,0.001040554023347795,0.0012077759020030499
1664,679,13,2,-5.141020774841309,0.0069648456,-0.0068439865,False,693,-0.003881912212818861,0.004367379937320948,-0.022058123722672462
1664,696,13,2,-5.823958873748779,0.0003088379,-0.0002496052,True,661,-0.0011538505787029862,0.0022832201793789864,-0.003995513543486595
1664,792,15,2,-5.440255165100098,-0.0022434234,-0.006746893,False,768,0.0003997039748355746,0.008118257857859135,-0.01222202368080616
1664,890,17,2,-5.648282051086426,0.0028104878,-0.005950804,False,896,-0.0038170337211340666,-0.003929262049496174,-0.008649063296616077
1665,455,9,2,-5.733917713165283,0.0029636954,0.00010085106,True,460,0.0037546921521425247,0.0025826264172792435,-0.001690778648480773
1665,913,18,2,-4.925374507904053,-0.0035761641,0.002095995,False,926,-0.004887819290161133,-0.004197673872113228,0.00498201372101903
1666,246,4,2,-4.865036964416504,0.007201252,-0.0030517865,False,218,-0.003344306955114007,0.004086170345544815,-0.017683515325188637
1666,337,6,2,-5.257303714752197,0.003313303,0.0054531954,False,347,-0.0005931854248046875,0.005854625720530748,-0.004307918716222048
1667,222,4,2,-5.303592205047607,0.0036122417,-0.01329709,False,215,-0.008592882193624973,0.004473667126148939,-0.029975879937410355
1667,747,14,2,-3.5851519107818604,0.004472132,-0.009188904,False,740,-0.00278627872467041,0.0035631561186164618,-0.02001047134399414
1668,198,3,3,-3.164034128189087,-0.008200178,0.0011684704,False,183,-0.001929430989548564,-0.003708748845383525,0.011147966608405113
1672,43,0,2,-5.9742536544799805,-0.019745808,0.007988224,True,4,0.0027931691147387028,-0.0022296905517578125,0.03275689110159874
1672,58,1,2,-5.9742536544799805,0.0,0.007600336,True,54,-0.0063500977121293545,0.0052292728796601295,-0.003979034256190062
1672,95,1,2,-4.391741752624512,0.02014552,-0.008006172,False,83,-0.00371659267693758,-0.00017332077550236136,-0.031694963574409485
1672,221,4,2,-2.629443645477295,-0.0074602365,-0.0023796605,False,206,0.002692432375624776,0.005693259183317423,0.002079749247059226
1672,519,10,2,-4.058205604553223,3.1232834e-05,0.00024382591,False,548,-0.000778360350523144,0.0007498931954614818,-0.0013156604254618287
1672,782,15,2,-4.426844596862793,-0.0019857788,-0.0030588913,False,756,0.0020867062266916037,-0.008958998136222363,0.009972591884434223
1675,226,4,2,-4.134089946746826,0.0067080595,0.002572384,False,219,-0.0037081195041537285,0.009485973976552486,-0.01732976920902729
1675,874,17,2,-3.5773253440856934,-0.009539537,0.002087183,False,862,-0.005211377050727606,0.00488126277923584,0.001534080132842064
1676,13,0,2,-4.567154884338379,-0.007858382,0.00081561087,False,7,0.001756954239681363,0.0035494898911565542,0.006881456356495619
1676,602,12,2,-4.595827579498291,0.0065467074,-0.0066850185,False,614,0.0007222747663035989,-0.007458753418177366,-0.005050698295235634
1678,207,4,2,-5.613054275512695,0.0029768848,0.0023438835,True,231,-0.0011603450402617455,-0.0037050724495202303,0.0019117260817438364
1678,240,4,2,-5.28161096572876,-0.014288673,0.00075188634,False,215,-0.002888784511014819,-0.0005843258113600314,0.01273610070347786
1678,625,12,2,-5.683537483215332,-0.007023449,-0.0022332955,False,648,0.0038115978240966797,-0.000819139473605901,0.009420890361070633
1678,985,19,2,-4.3096113204956055,0.00032071114,-0.0009617424,False,953,-9.840965503826737e-05,-0.005771503318101168,0.0043906401842832565
1679,137,2,2,-3.3208799362182617,-0.007822075,0.0012737083,False,100,0.0034907006192952394,0.002305917674675584,0.010280566290020943
1679,376,7,2,-2.8828632831573486,0.00090741157,0.001264391,False,-1,,,
1680,588,11,2,-4.107178211212158,-0.0108915325,-0.004721689,False,552,-0.006955890450626612,0.0027047633193433285,-0.0034908102825284004
1680,820,16,2,-4.476856708526611,-0.00035141944,0.0055393027,False,838,-0.003814859315752983,0.0007245540618896484,0.0013513090088963509
1683,19,0,2,-3.0582354068756104,0.011536207,-0.0014881277,False,27,-0.009300265461206436,0.006461219862103462,-0.028785821050405502
1683,894,17,2,-2.964344024658203,-0.00020030022,-0.005541744,False,895,-7.932186417747289e-05,-0.0035369205288589,-0.0018838455434888601
1686,184,3,2,-4.413862705230713,0.0024555016,0.00410944,False,181,0.002407665364444256,-0.001570625347085297,0.005632229149341583
1686,473,9,2,-5.593622207641602,-0.008281164,-0.0050162794,False,491,-0.0004053306474816054,-0.00029561997507698834,0.003155173733830452
1687,9,0,2,-4.041429042816162,-0.005143075,0.00626472,False,6,-0.00463557243347168,0.0018536234274506569,0.0049185985699296
1687,73,1,2,-5.417716026306152,-0.0008149147,-0.006302719,False,64,-0.0017469502054154873,0.0014643764588981867,-0.008699131198227406
1688,122,2,2,-4.392168045043945,-0.01279458,-0.00036658288,False,145,-0.0012843417935073376,0.005496921483427286,0.005646734498441219
1688,356,7,2,-3.8871712684631348,-0.0014667845,-0.0003242731,False,359,-0.00030493258964270353,0.000658278469927609,0.0001793003175407648
1688,605,12,2,-3.870943784713745,0.0028940917,0.00011997223,False,637,-0.0035280322190374136,0.0017967462772503495,-0.008098898455500603
1688,759,15,2,-4.843712329864502,0.008220968,-0.0037203026,False,796,-0.006140975747257471,0.0053448486141860485,-0.023427095264196396
1689,79,1,2,-5.632040500640869,-0.01340662,0.0055211927,False,69,-0.010451764799654484,0.0035689640790224075,0.004907083697617054
1689,842,16,2,-3.7421226501464844,-0.0013504219,-0.0055204676,False,845,-0.0015791320474818349,0.0006750106695108116,-0.0064241886138916016
1691,77,1,2,-5.052721977233887,-0.00462492,-0.011185866,False,66,0.0025102996733039618,-0.0067627620883286,0.0027121156454086304
1691,543,10,2,-3.448904037475586,0.0037840938,-0.00018677712,False,516,-0.0022388268262147903,0.004174537491053343,-0.01038423553109169
1693,110,2,2,-4.531173229217529,-0.0019943141,-0.0068043997,False,104,0.002934093587100506,-0.00314223300665617,0.0012662410736083984
1693,236,4,2,-5.475520133972168,0.009974671,-0.005708847,True,217,0.007617368828505278,0.003937893081456423,-0.012004041112959385
1693,466,9,2,-5.573370933532715,0.0043251705,-0.006470833,False,491,-0.001619796734303236,-0.00014192581875249743,-0.012273874133825302
1693,652,13,2,-5.86163330078125,-0.0037987232,-0.0022292137,False,661,0.002374887466430664,-0.0011072445195168257,0.005051641725003719
1695,37,0,2,-5.519977569580078,-0.014081698,0.00017029763,False,41,-0.0036170959938317537,0.003279285505414009,0.007355614565312862
1695,202,4,2,-5.972097873687744,-0.011238231,0.0027512265,True,224,-0.0018330382881686091,0.007870836183428764,0.004285583272576332
1695,210,4,2,-5.694088459014893,0.0021133614,0.0016443729,True,231,-0.0018528938526287675,-0.005170764867216349,0.00284888269379735
1695,734,14,2,-5.1569719314575195,-0.0060064318,0.0009234905,False,703,0.005199766252189875,0.003223543055355549,0.008906145580112934
1696,681,13,2,-5.0420241355896,0.0050678253,-0.0034025193,False,695,0.005369863472878933,0.0008261680486612022,-0.003926648758351803
1696,943,18,2,-4.739996910095215,-0.0016898727,0.0065501975,False,928,0.0036346244160085917,-0.002071332884952426,0.013946027494966984
1698,18,0,2,-5.853614330291748,-0.0038867474,0.0021246434,True,30,-0.0010808086954057217,-0.0018293953035026789,0.006759977899491787
1698,130,2,2,-5.3023223876953125,-0.0013602162,-0.0048532104,False,115,0.0014606094919145107,0.00019943236839026213,-0.002231817226856947
1698,159,3,2,-5.0477614402771,0.0009691429,-0.00035162925,False,168,-0.001267290092073381,-0.003354082116857171,0.0007660200353711843
1698,421,8,2,-3.2370822429656982,0.010290218,8.489132e-05,False,417,0.0008720111800357699,-0.0021411513444036245,-0.007192164193838835
1698,493,9,2,-5.599588871002197,0.0061009885,-0.0021006393,True,454,-0.0013974570902064443,0.002221384085714817,-0.011820469051599503
1698,781,15,2,-5.7258620262146,-0.0033105945,0.0026021767,False,788,0.006611023098230362,-0.0014875888591632247,0.014011383056640625
1698,867,17,2,-3.783876895904541,0.0005231237,-0.0026169252,False,870,-0.0011118077673017979,-0.003171257907524705,-0.0010805986821651459
1698,937,18,2,-4.4378981590271,0.0035412407,0.00038387298,False,930,0.000459375383798033,-0.0022434997372329235,-0.0004544926341623068
1699,348,6,2,-5.2126946449279785,-0.018368702,0.010268259,False,309,0.00587261188775301,0.00027622224297374487,0.034233350306749344
1699,357,7,2,-3.6374974250793457,-0.0030873108,0.00010018349,False,397,0.007613773457705975,0.0005915784859098494,0.010209688916802406
1699,710,14,2,-4.9152445793151855,0.0008062744,0.002166481,False,711,-0.006644086912274361,0.0008173370151780546,-0.006101217120885849
1699,786,15,2,-5.490530967712402,0.008732528,0.0011264038,True,784,0.00423213979229331,-0.0013930511195212603,-0.0019809333607554436
1700,65,1,2,-5.5961222648620605,0.0039594364,-0.004075718,True,70,-0.007256307639181614,0.009167738258838654,-0.024459199979901314
1700,127,2,2,-4.206451892852783,-0.0017645264,-0.005100374,False,116,0.0009315776987932622,0.007764763664454222,-0.010169033892452717
1700,373,7,2,-3.8457164764404297,-0.0022047616,-0.0027997303,False,379,-0.0043554832227528095,-0.0033843517303466797,-0.0015661001671105623
1700,798,15,2,-5.818154811859131,0.0016234494,0.0057520773,True,750,0.003908939193934202,0.00680777570232749,0.0012297914363443851
1702,225,4,2,-4.482955455780029,0.014697781,0.0065703485,False,238,0.0007270622299984097,-0.006830549333244562,-0.0005698208697140217
1702,891,17,2,-4.071978569030762,-0.0039741993,-0.0048574447,False,853,-0.0019122696248814464,-0.00777372345328331,0.004978208336979151
1705,0,0,2,-5.623123645782471,-0.009679374,0.0015548706,False,30,0.004960937425494194,-0.004916715435683727,0.021111898124217987
1705,424,8,2,-4.4308366775512695,-0.00036733627,0.0021243573,False,420,-0.0015159988543018699,0.0024807071313261986,-0.0015050126239657402
1705,760,15,2,-5.9742536544799805,-0.0021523095,0.002910614,True,-1,,,
1705,822,16,2,-5.09423303604126,0.0123001095,-0.0047458457,False,832,0.0057797241024672985,-0.0006180763011798263,-0.010648155584931374
1707,71,1,2,-5.682173728942871,0.00035425185,0.0067769242,False,70,-0.009398451074957848,0.015131693333387375,-0.018107471987605095
1707,98,1,2,-5.498656749725342,0.009511938,-0.0054516885,True,64,-0.002523879986256361,-0.00020225525076966733,-0.01728525198996067
1707,101,2,2,-3.4348573684692383,0.0067725275,-0.00077919004,False,149,0.0005983877344988286,-0.0016907930839806795,-0.005262536928057671
1707,989,19,2,-3.546945095062256,0.00019410133,0.0045085717,False,960,-0.0026871967129409313,-0.003244967432692647,0.00487224105745554
1708,469,9,2,-3.9425735473632812,0.01216794,0.011221509,False,476,-0.004001221619546413,0.008195333182811737,-0.013142985291779041
1708,717,14,2,-4.130346298217773,-0.0038177825,-0.0036121465,False,741,0.0018348789308220148,0.005601139273494482,-0.0035606243181973696
1709,209,4,2,-5.517153739929199,-0.008457155,-0.0030796719,False,208,0.0033212758135050535,0.0036404419224709272,0.005058316979557276
1709,656,13,2,-4.229918003082275,-0.010856743,0.010997529,False,698,-0.0010703945299610496,0.007564644794911146,0.01321923267096281
1709,667,13,2,-4.484828948974609,0.0035031128,-0.00018673897,False,657,0.011371822096407413,0.005090675316751003,0.0025912949349731207
1709,762,15,2,-4.998170852661133,-0.010562296,-0.0057940483,False,768,0.0016685581067577004,0.0034071921836584806,0.0030296137556433678
1712,161,3,2,-4.708988666534424,0.0038584804,-0.0014964772,False,171,-0.0015692138113081455,0.0014692688127979636,-0.008393440395593643
1712,494,9,2,-5.73140811920166,-0.0060229017,0.0025500392,False,453,-0.00029540061950683594,-0.004446706734597683,0.012724246829748154
1713,190,3,2,-3.438796281814575,0.0017330027,-0.00083907606,False,180,0.000890221621375531,-0.002001967513933778,0.0003201104700565338
1713,304,6,2,-4.11038875579834,0.0070316317,0.008480106,False,303,-0.006432461552321911,-0.0006801223498769104,-0.004303865134716034
1713,640,12,2,-5.242991924285889,-0.014664821,-0.0025629234,False,610,-0.007819470949470997,0.0024630355183035135,0.0018193917348980904
1713,720,14,2,-5.128585338592529,-0.0015650844,0.0066208458,False,703,0.005124807357788086,0.006189250852912664,0.007121487054973841
1713,850,17,2,-5.828162670135498,-0.0058158017,0.0006314659,True,852,0.0017418003408238292,0.0021401976700872183,0.006048870272934437
1713,865,17,2,-4.69823694229126,-0.0038867951,-0.0047160434,False,875,-0.002338724210858345,0.004208784084767103,-0.007376756519079208
1715,94,1,2,-4.000363349914551,0.0125886155,-0.009591026,False,80,-0.0022680996917188168,-0.001733159995637834,-0.022714581340551376
1715,925,18,2,-2.9664793014526367,-0.0019038916,-0.005110736,False,934,0.0034378289710730314,-0.0004997348878532648,0.0007307194173336029
1717,62,1,2,-5.958957195281982,-0.014757939,0.002421894,True,57,-0.0028460980392992496,0.002930440939962864,0.011403292417526245
1717,716,14,2,-3.9677445888519287,0.0032845545,-0.004420943,False,746,0.009082555770874023,0.002975630806759,-0.0015985723584890366
1718,144,2,2,-5.035093784332275,0.0020984553,0.003152466,False,115,0.004086771048605442,-0.003764238441362977,0.008905019611120224
1718,658,13,2,-5.021359920501709,-0.0041558077,0.0031070805,False,662,0.009652958251535892,0.005166225600987673,0.011749621480703354
1718,774,15,2,-5.8352370262146,-0.0016781617,0.00701437,True,784,-0.001966762589290738,0.00030379294184967875,0.0064219762571156025
1718,898,17,2,-4.490821838378906,-0.00068719866,-0.005235281,False,892,-0.00508490577340126,-0.003814907046034932,-0.005818081088364124
1720,235,4,2,-5.371652603149414,-0.002522316,0.0046219444,False,217,0.005430326331406832,-0.0006830692291259766,0.013257656246423721
1720,686,13,2,-4.065577030181885,0.006204386,-0.0029784108,False,698,0.006070394534617662,0.0008969020564109087,-0.004009304568171501
1721,23,0,2,-5.477837562561035,0.0068238447,-0.00027201654,False,41,-0.0012988090747967362,0.0015073776012286544,-0.0099020479246974
1721,50,1,2,-4.629598140716553,0.016403055,-0.0016124249,False,51,0.0024557781871408224,-0.02493988908827305,0.009380187839269638
1721,146,2,2,-4.96433687210083,-0.0021724987,-0.00017832757,False,143,-0.0025179290678352118,-0.0021821213886141777,0.001658363500609994
1721,844,16,2,-2.566741704940796,0.0021774387,0.0045770598,False,802,-0.009426737204194069,-0.0010556649649515748,-0.005971450824290514
1724,1,0,2,-4.095854759216309,-0.006096282,0.0005879211,False,6,-0.0003739738604053855,0.008095464669167995,-0.0017852350138127804
1724,162,3,2,-3.3610429763793945,0.00038158894,0.0038390683,False,183,-0.0051020001992583275,0.000781421666033566,-0.002425942337140441
1725,76,1,2,-5.795149803161621,-0.014411602,0.002881546,False,64,-0.004448309075087309,-0.0009752845508046448,0.013820122927427292
1725,247,4,2,-4.882533073425293,0.013350096,-0.0042728805,False,242,0.0027167033404111862,0.004396076314151287,-0.019302349537611008
1725,262,5,2,-3.9891982078552246,6.707668e-05,-0.00024837494,False,285,-0.000817255990114063,0.0019126605475321412,-0.003045368008315563
1725,301,6,2,-4.229564666748047,-0.0026859187,0.000449934,False,303,-0.004552798345685005,0.0026691437233239412,-0.0040860893204808235
1725,557,11,2,-3.436664342880249,-0.0025326873,0.000544877,False,564,-0.0038883304223418236,-0.006304130423814058,0.005493364296853542
1725,787,15,2,-5.879883766174316,-0.004593296,-0.0018873977,True,784,-0.002873745048418641,0.0009439659188501537,-0.0011118128895759583
1726,52,1,2,-4.347812175750732,0.010375824,0.0007207107,False,96,0.006243390962481499,0.004913749638944864,-0.008325472474098206
1726,327,6,2,-3.817214012145996,-0.0040399693,0.0023393298,False,322,0.005953950807452202,0.0024841022677719593,0.009849147871136665
1726,394,7,2,-3.8134243488311768,0.002628088,-0.0019389105,False,390,0.0013248968170955777,-0.0014326190575957298,-0.0018094824627041817
1726,829,16,2,-5.9742536544799805,-0.004831915,0.0037984562,True,841,-0.004864187445491552,0.001671648002229631,0.002094535157084465
1727,61,1,2,-5.818208694458008,-0.009834833,-0.0027988625,False,87,-0.010912380181252956,-0.0055478764697909355,0.00167146697640419
1727,705,14,2,-3.9954888820648193,0.0025606393,-0.0046432544,False,708,0.00307497032918036,-0.001446580863557756,-0.0026823426596820354
1727,753,15,2,-4.760432243347168,-0.007245121,0.0044337176,False,756,-0.0072651575319468975,-0.0014446639688685536,0.005858345422893763
1727,876,17,2,-3.5051229000091553,0.0036992026,0.0025647355,False,882,-0.00524684926494956,0.0017923974664881825,-0.008173713460564613
1730,44,0,2,-2.1156227588653564,-0.002066555,-0.001703124,False,42,0.003070998238399625,-0.00450257770717144,0.007937006652355194
1730,777,15,2,-2.466318368911743,-0.004876752,0.001039896,False,757,0.0042553856037557125,-0.004031791817396879,0.01420382596552372
1732,33,0,2,-4.72642183303833,0.0028464412,-0.0014432525,False,46,-0.00235919002443552,0.003038768656551838,-0.009687652811408043
1732,54,1,2,-5.679726600646973,0.00049619674,-0.0013093948,True,87,-0.012089862488210201,0.0002385234838584438,-0.014133977703750134
1732,74,1,2,-5.77944803237915,-0.00093027117,0.0038183213,True,87,-0.012089862488210201,0.0002385234838584438,-0.0075797936879098415
1732,477,9,2,-4.812515735626221,-0.0024085713,0.0056239604,False,464,0.0001955413754330948,-0.0019773482345044613,0.010205421596765518
1732,488,9,2,-5.433845520019531,0.009108476,0.0021008682,True,460,0.008547506295144558,0.0017748165410012007,-0.00023491866886615753
1732,492,9,2,-5.928361892700195,-0.007706852,0.002699709,True,454,-0.009818191640079021,0.009739580564200878,-0.009151211008429527
1732,572,11,2,-4.866488456726074,0.0020248508,0.0018777656,False,579,0.002448244020342827,-0.0011567496694624424,0.003457908518612385
1732,641,12,2,-5.172025203704834,-0.004510412,-0.00094599725,False,647,-0.003142871893942356,-0.011108341626822948,0.011529884301126003
1733,67,1,2,-5.9742536544799805,-0.0068178177,0.023185693,True,57,-0.004804534837603569,0.013153924606740475,0.012045051902532578
1733,353,7,2,-3.9398930072784424,-0.0017104578,0.0012193584,False,389,-0.000889735238160938,-0.0009233665186911821,0.002963447477668524
1733,425,8,2,-3.6414620876312256,0.007387729,-0.00025782586,False,428,-3.35311888193246e-05,-0.0003517627774272114,-0.007327323313802481
1733,463,9,2,-5.860185146331787,-0.003882475,0.0008748531,False,481,-0.00377172464504838,-2.2468566385214217e-05,0.0010080719366669655
1733,739,14,2,-3.7153773307800293,0.007853175,-0.00070723536,False,706,-0.004142126999795437,0.003444075584411621,-0.01614661142230034
1733,761,15,2,-5.553459167480469,0.0066513824,-0.005473299,True,750,0.00277507770806551,0.002976217307150364,-0.012325821444392204
1733,779,15,2,-4.235118865966797,-0.012599721,0.005210309,False,794,-0.002935333177447319,0.003863696940243244,0.011010999791324139
1733,884,17,2,-3.4833602905273438,0.0027123927,-0.002250867,False,882,-0.004302148707211018,0.001573910703882575,-0.010839318856596947
1734,606,12,2,-5.004993438720703,-0.0047557163,0.001608572,False,614,-0.003250694368034601,-0.0017033196054399014,0.004816913511604071
1734,660,13,2,-5.2365217208862305,-0.0002081871,-0.0036236476,False,668,0.00040009498479776084,-0.0033950519282370806,0.000379686476662755
1734,851,17,2,-5.737654209136963,0.0033386992,-0.0046226503,True,852,-0.00016377448628190905,0.003662853268906474,-0.011787977069616318
1734,886,17,2,-5.807094097137451,0.0013196182,-0.0012832737,True,852,-0.00016377448628190905,0.003662853268906474,-0.0064295195043087006
1735,510,10,2,-4.206899642944336,0.00094272615,0.0012517642,False,546,-0.0004845047078561038,-0.0004508399870246649,0.0002753733715508133
1735,772,15,2,-5.442698955535889,0.010631094,-0.0016530418,True,750,0.004613485187292099,0.000460557930637151,-0.008131207898259163
1737,90,1,2,-5.458015441894531,0.0027078723,-0.0028888416,False,53,-0.00041323661571368575,0.003749790135771036,-0.00975974090397358
1737,565,11,2,-3.7742879390716553,-0.0044958973,-0.0038697433,False,562,0.0025225544814020395,-0.00576764577999711,0.008916354738175869
1740,597,11,2,-5.171234607696533,-0.007890854,-0.0046458626,False,566,-0.0024767685681581497,-0.0011855983175337315,0.001953821163624525
1740,639,12,2,-5.330182075500488,0.011003751,-0.0010479545,False,647,-0.0068925474770367146,-0.007998304441571236,-0.010945949703454971
1744,448,8,2,-4.8584465980529785,-0.00035677908,7.222176e-05,False,423,-0.003110551740974188,0.0014487457228824496,-0.004130296874791384
1744,611,12,2,-5.383747577667236,-0.0067236805,-0.0032792855,False,628,-0.002470131032168865,0.004102134611457586,-0.0031278706155717373
1746,82,1,2,-5.766537666320801,-0.011267118,0.01148097,False,87,-0.011681241914629936,0.002545490162447095,0.008521356619894505
1746,237,4,2,-5.225863456726074,0.0053052427,-0.010522347,False,230,-0.003526706714183092,0.0041939737275242805,-0.023548269644379616
1746,499,9,2,-4.486569404602051,-0.00236269,-0.0086060045,False,498,-0.011248478665947914,-0.00277882581576705,-0.014712966978549957
1746,838,16,3,-3.8365931510925293,0.014385385,0.0023298217,False,845,0.004708490334451199,0.006919698789715767,-0.01426677219569683
1746,956,19,2,-3.9359920024871826,-0.002256174,-0.0019001531,False,950,-0.0026052093598991632,-0.005216846242547035,0.0029676579870283604
1747,100,2,2,-3.4138872623443604,-0.0049193813,0.0023071957,False,123,-6.637573278567288e-06,1.589298335602507e-05,0.007204046472907066
1747,218,4,2,-4.516121864318848,0.0029125214,-0.005097046,False,205,-0.0029066468123346567,-0.01286239642649889,0.0019461819902062416
1749,55,1,2,-5.741155624389648,0.0046619605,0.0007057571,True,87,-0.011683454737067223,0.0037405299954116344,-0.01938018947839737
1749,487,9,2,-5.346606254577637,-0.006864281,-0.0025201607,False,460,0.0057260990142822266,-0.00030841826810501516,0.010378637351095676
1750,732,14,2,-3.9226787090301514,-0.007307544,0.0029705763,False,729,0.001473979908041656,-0.002685813931748271,0.01443791389465332
1750,858,17,2,-4.945382118225098,0.0074219895,-0.00141922,False,893,0.003403844777494669,0.00274174683727324,-0.008179111406207085
1751,18,0,2,-5.545382499694824,0.008577423,0.0033581352,True,10,0.0051251985132694244,-0.00740470876917243,0.007310619577765465
1751,607,12,2,-5.3859992027282715,-0.007936048,0.0012253762,False,647,-0.005255584605038166,-0.007448139134794474,0.011353978887200356
1751,694,13,2,-5.75911808013916,0.0043027117,0.0006263924,True,682,0.001933088293299079,-0.004003915935754776,0.0022606851998716593
1751,846,16,2,-5.939913749694824,-0.0026516246,0.012363978,True,825,-0.001534585957415402,-0.003118171589449048,0.01659918762743473
1753,48,0,2,-5.172626972198486,-0.012309198,0.011756115,False,36,0.006012563593685627,-0.004063224885612726,0.03414110094308853
1753,245,4,2,-5.645848274230957,3.9730072e-05,-0.0036891936,False,233,0.00020608902559615672,0.007413358893245459,-0.0109361931681633
1753,621,12,2,-5.9742536544799805,-0.0011129857,0.002781372,True,632,-0.0035600471310317516,0.0008823490352369845,-0.0005480383988469839
1753,913,18,2,-4.908380031585693,0.00047122,-0.001115055,False,921,-0.006781988311558962,-0.0010797024006024003,-0.007288561202585697
1757,619,12,2,-5.317354202270508,-0.003937492,0.0029063416,False,603,-0.0022405623458325863,0.002068176167085767,0.0025350949726998806
1757,969,19,2,-4.386022567749023,0.004725447,-0.0018048191,False,957,0.0020076942164450884,-0.001126680406741798,-0.00339589174836874
1758,70,1,2,-5.015989303588867,0.015591059,0.0065664006,False,91,0.001730747171677649,0.00177484517917037,-0.009068756364285946
1758,73,1,2,-5.967499732971191,-0.014561758,-0.00013507843,True,87,-0.011037206277251244,0.0004958343342877924,0.0028936397284269333
1758,81,1,2,-5.180336952209473,-0.0008671856,-0.0018402099,False,91,0.001730747171677649,0.00177484517917037,-0.001017122296616435
1758,220,4,2,-3.9792864322662354,0.0027948904,-0.0022070454,False,241,-0.010139456018805504,-0.00484870932996273,-0.01029268279671669
1758,475,9,2,-4.109986305236816,-0.0021855163,-0.0050352765,False,456,-0.001050119404681027,-0.00012894631072413176,-0.0037709332536906004
1758,855,17,2,-3.0578527450561523,0.0039592553,-0.0006023932,False,879,-0.0010309267090633512,-0.002714939182624221,-0.002877636346966028
1759,78,1,2,-5.2200822830200195,0.013413735,-0.012514839,True,91,0.002890892094001174,0.0019723987206816673,-0.025010081008076668
1759,191,3,2,-5.626437187194824,-0.0019429588,0.00027449607,False,164,-0.0006121540209278464,-0.0020916557405143976,0.0036969566717743874
1759,474,9,2,-5.089227676391602,0.0074746325,-0.0026896382,False,464,-0.0003783512220252305,0.002429742831736803,-0.012972364202141762
1759,646,12,2,-4.892290115356445,-0.0005880928,-0.0003044796,False,614,0.0010514736641198397,-0.002890939824283123,0.004226026590913534
1760,129,2,2,-3.9822826385498047,-8.037567e-05,0.0025176764,False,133,-0.0037301683332771063,-0.002236166037619114,0.001104049850255251
1760,457,9,2,-5.347090244293213,-0.002271948,-0.0022329234,False,460,0.003349571255967021,-9.053230314748362e-05,0.0034791280049830675
1760,684,13,2,-5.145999908447266,-0.008461905,-0.0041712476,False,678,0.005213117692619562,-0.006475868169218302,0.015979643911123276
1760,727,14,2,-4.675594806671143,0.0011594582,-0.0032743262,False,735,0.003705949755385518,-0.0043412973172962666,0.003613462671637535
1761,246,4,2,-5.714390277862549,-0.015047168,-0.0033532619,False,248,-0.0015483093447983265,-0.0035060120280832052,0.013651608489453793
1761,496,9,2,-4.739254474639893,0.0065193176,-0.0017618942,False,465,-0.007314662914723158,-0.0061689759604632854,-0.009426899254322052
1761,680,13,2,-4.32364559173584,1.6975403e-06,0.0046825693,False,685,0.005980587098747492,-0.008484859019517899,0.01914631761610508
1761,901,18,2,-4.333582878112793,-0.0050791265,0.0052413084,False,932,-0.003185854060575366,-0.006082200910896063,0.013216781429946423
1762,551,11,2,-5.378074645996094,-0.017559748,0.0007174015,False,580,-0.004045181442052126,0.0006404304294846952,0.01359153725206852
1762,959,19,2,-4.628131866455078,0.0030185794,0.0025714494,False,953,-0.0033886050805449486,0.001753473305143416,-0.0055892085656523705
1763,45,0,2,-5.46990966796875,0.009315157,-0.0043498706,True,11,0.008723268285393715,0.0010673141805455089,-0.006009073927998543
1763,326,6,2,-3.651980400085449,-5.8989524e-05,0.004420514,False,331,-0.0031492377165704966,-0.0011368370614945889,0.0024671030696481466
1763,480,9,2,-5.467371463775635,-0.015297518,0.0021508979,False,458,-0.0011586665641516447,-0.0006493854452855885,0.016939135268330574
1763,533,10,2,-4.714658737182617,-0.0025070286,0.0009986592,False,521,0.001732358941808343,-0.002595501020550728,0.00783354789018631
1767,663,13,2,-4.3417582511901855,-0.0042216396,-0.012443772,False,697,0.0013049697736278176,0.0010022163623943925,-0.007919378578662872
1767,861,17,2,-4.8749775886535645,0.005425949,0.0007110882,False,873,-0.004711656365543604,-0.0011037540389224887,-0.00832276325672865
1768,253,5,2,-4.210570335388184,0.0009799766,-0.000525465,False,288,-0.0010045623639598489,0.0004584503185469657,-0.0029684542678296566
1768,792,15,2,-5.301377296447754,0.010079517,-0.0052229213,True,750,0.003676233347505331,0.0026440906804054976,-0.014270295388996601
1771,471,9,2,-4.969481945037842,-0.010347528,0.00071160315,False,485,-0.001569347339682281,-0.005221509840339422,0.014711294323205948
1771,809,16,2,-2.170902729034424,0.0022843648,-0.0014550352,False,-1,,,
1773,9,0,2,-3.915004014968872,-0.0037560463,-0.0055990173,False,14,-0.0031624173279851675,-0.0062640332616865635,0.001258644973859191
1773,21,0,2,-3.5851070880889893,0.0056126975,-0.00934711,False,39,-0.0022994421888142824,0.00631464459002018,-0.023573894053697586
1773,767,15,2,-4.071579456329346,0.0011973477,0.0022262908,False,794,0.0049781035631895065,0.005556545220315456,0.00045050145126879215
1773,935,18,2,-3.4481863975524902,-0.0041197157,-0.006264601,False,949,0.0031772565562278032,0.0016772508388385177,-0.0006448795320466161
1774,85,1,2,-5.090060710906982,0.0047429563,-0.010456848,False,95,-0.005663938354700804,0.0057864380069077015,-0.02665018104016781
1774,452,9,2,-4.01118278503418,0.008635215,0.008278608,False,497,-0.0043583824299275875,-0.005906820297241211,0.0011918307282030582
1776,64,1,2,-5.673509120941162,-0.0007809448,0.0064968015,False,51,-0.019070491194725037,-0.004103584215044975,-0.007689160760492086
1776,360,7,2,-3.8533759117126465,0.0023316527,0.0036338521,False,359,0.00039137364365160465,-0.003192849224433303,0.00488642230629921
1776,578,11,2,-3.4688398838043213,0.0038450956,0.004579258,False,595,-0.0022014807909727097,-0.0018272638553753495,0.0003599455812945962
1776,670,13,2,-4.982558727264404,-0.007106657,-0.0017451382,False,688,-0.0005093097570352256,0.0037521265912801027,0.001100082416087389
1777,43,0,2,-5.864418983459473,-0.004522667,0.0034751988,False,30,-0.002205543452873826,0.0007763290195725858,0.005015993490815163
1777,478,9,2,-5.8708600997924805,-0.0067741014,-0.0020678712,False,481,0.0011336230672895908,-9.788513125386089e-05,0.005937738344073296
1777,661,13,2,-5.502971649169922,0.004347582,0.0027731038,True,651,0.00031970025156624615,0.006837863940745592,-0.008092641830444336
1777,961,19,2,-4.407989501953125,0.0013959885,-0.0010192394,False,979,0.0017397976480424404,0.002286462811753154,-0.0029618931002914906
1778,323,6,2,-3.0377650260925293,0.006770711,-0.0015147877,False,317,-0.001748156500980258,-0.0003284025297034532,-0.009705252014100552
1778,889,17,2,-4.955465316772461,0.017604027,0.0018210602,False,888,-0.002375211799517274,0.001321659074164927,-0.019479837268590927
1781,208,4,2,-5.063955783843994,0.0054925345,-0.0015100193,False,249,-0.009101209230720997,0.005305423866957426,-0.021409187465906143
1781,470,9,2,-5.901111602783203,-0.0025118636,0.00035490037,False,481,-0.000396137242205441,-0.0007193088531494141,0.003189935814589262
1782,0,0,2,-5.275332927703857,0.0015093422,0.003781805,False,24,-0.003917121794074774,-0.0007969188736751676,-0.0008477400988340378
1782,99,1,2,-5.673106670379639,-0.00070764543,-0.0028727627,True,51,-0.01700129546225071,-0.005741977598518133,-0.013424434699118137
1782,789,15,2,-4.882001876831055,0.0057766438,-0.00018932343,False,768,0.002686615101993084,0.0014554881490767002,-0.004734840244054794
1782,900,18,2,-5.560207366943359,-0.0057853796,0.0017293167,False,904,-0.0014834022149443626,0.0009314155322499573,0.005099878646433353
1785,163,3,2,-4.391261100769043,0.000908165,-0.0019378376,False,165,-0.0016392803518101573,0.0025940227787941694,-0.0070793055929243565
1785,204,4,2,-4.7891716957092285,0.009293174,0.0014990616,False,242,-0.0014169597998261452,-0.00032581330742686987,-0.008885259740054607
1787,34,0,2,-4.988234519958496,-0.0021555996,-0.0022863196,False,49,-0.0026634978130459785,0.005724696908146143,-0.008518915623426437
1787,760,15,2,-5.827301979064941,0.002115841,-0.0029390336,True,799,-0.0023558426182717085,-0.0006009292555972934,-0.006809787824749947
1788,1,0,2,-4.291485786437988,-0.0065106107,-0.0005564499,False,40,-0.0011862277751788497,-0.0012888622004538774,0.006056795362383127
1788,837,16,2,-3.79428768157959,0.003313799,0.0032405711,False,811,0.0021359778475016356,0.00153491017408669,0.0005278398748487234
1791,493,9,2,-5.233947277069092,0.009777851,-0.006023588,False,451,-0.005629234481602907,-0.0036797714419662952,-0.017750902101397514
1791,997,19,2,-4.671097278594971,-0.0009943008,-0.004812956,False,955,-0.006646270863711834,-0.004866218660026789,-0.005598707124590874
1797,86,1,2,-4.702969074249268,-0.008393888,0.008961534,False,83,0.0029377364553511143,0.000981130637228489,0.01931202970445156
1797,183,3,2,-3.1981372833251953,0.00040646075,0.00053822994,False,180,0.003561859019100666,0.0004884815425612032,0.0032051466405391693
1798,8,0,2,-4.644073963165283,0.00021241188,-0.004477863,False,20,0.0034717367962002754,0.0024365615099668503,-0.0036550997756421566
1798,29,0,2,-4.5162787437438965,0.0068294145,0.0024748803,False,13,-1.1720657312253024e-05,0.0005246639484539628,-0.004890918731689453
1798,519,10,2,-4.0963945388793945,-0.0006047916,0.001056137,False,500,0.0001479721104260534,0.0002163410244975239,0.001592559739947319
1798,633,12,2,-5.603571891784668,0.006328497,-0.0044159796,True,631,0.002886543283239007,-0.0011709976242855191,-0.006686935666948557
1800,231,4,2,-5.594120502471924,0.0067490484,-0.006561842,True,224,0.0011418723734095693,0.005072431638836861,-0.017241450026631355
1800,950,19,2,-4.241438865661621,-0.006423073,-0.0015752506,False,979,0.004428243730217218,-0.0010807323269546032,0.010356798768043518
1802,37,0,2,-5.054169654846191,0.0068583204,0.00041554452,False,49,-0.003206005087122321,0.009543790481984615,-0.019192572683095932
1802,840,16,2,-5.969420909881592,-0.0054009724,0.0036216069,False,825,-0.0029174326919019222,0.0016156005440279841,0.004489546176046133
1803,69,1,2,-5.499367713928223,-0.0005073166,-0.0036707784,False,87,0.00503306370228529,-0.0038823317736387253,0.00575193390250206
1803,694,13,2,-5.720364093780518,0.00049728394,-0.0010807323,True,664,0.003341398201882839,0.004587373696267605,-0.0028239917010068893
1803,763,15,2,-4.754494667053223,-0.013117046,-0.013714028,False,768,0.0017486095894128084,0.0008866691496223211,0.0002649589441716671
1803,852,17,2,-5.740355491638184,-0.0013896084,-0.0035548783,False,869,0.002154169138520956,-0.0034378720447421074,0.003426771145313978
1804,47,0,2,-3.5156147480010986,0.008442512,0.002006793,False,35,0.00931970588862896,0.005954856984317303,-0.0030708699487149715
1804,59,1,2,-5.066844940185547,0.014604559,-0.007026968,False,53,0.006122741848230362,-0.00673751812428236,-0.008771267719566822
1804,66,1,3,-5.9742536544799805,-0.0094608115,0.0077438736,True,51,-0.012812099419534206,0.0015754604246467352,0.0028171250596642494
1804,207,4,2,-5.217543125152588,0.008346319,-0.014001055,False,249,-0.008618498221039772,0.004370813257992268,-0.035336684435606
1804,348,6,2,-4.975006103515625,-0.0054712677,-0.0024120235,False,312,-0.002600927371531725,-0.0025718403048813343,0.003030157182365656
1804,492,9,2,-5.783667087554932,0.0025957013,-0.0006904602,True,481,0.0018172073177993298,-0.0012824058067053556,-0.00018654833547770977
1804,579,11,2,-4.98790168762207,-0.004408445,-0.0031648064,False,596,0.0009343815036118031,-0.0017515755025669932,0.0039295959286391735
1804,657,13,2,-4.682921886444092,-0.0057362556,-0.0044989777,False,666,0.00324560166336596,0.004960060119628906,-0.00047718058340251446
1804,699,13,2,-4.735142707824707,0.0010908317,0.0039339066,False,685,-0.006576957646757364,0.0035092162434011698,-0.00724309915676713
1806,438,8,2,-5.414761066436768,-0.0057446766,-0.0020452784,False,446,-0.00014855385234113783,-0.0032511616591364145,0.00680200569331646
1806,834,16,2,-5.484660625457764,0.0019037914,0.0023974895,False,819,-0.00036086083855479956,0.003151683835312724,-0.0030188465025275946
1808,230,4,2,-4.938440322875977,0.0069982433,-0.00011800766,False,200,0.003742866450920701,0.00352757447399199,-0.0069009591825306416
1808,494,9,2,-5.146465301513672,0.01185813,-0.0017779827,False,465,-0.007824459113180637,-0.003929242957383394,-0.01753132790327072
1808,675,13,2,-5.058213710784912,-0.0004036236,0.0009194088,False,679,-0.0006516361027024686,0.007622384931892157,-0.006950988434255123
1808,871,17,2,-5.59274435043335,-0.0024711704,-0.0015822601,False,896,0.005346155259758234,-0.004625367932021618,0.010860433802008629
1809,4,0,2,-5.774549961090088,-0.0027572918,0.0017700004,True,30,0.0007469177362509072,-0.001986703835427761,0.007260913960635662
1809,556,11,2,-5.3924689292907715,-0.0042474843,0.0004538536,False,598,0.0021779537200927734,-0.005314597859978676,0.012193889357149601
1812,245,4,2,-5.894914150238037,-0.004503088,0.00094415667,False,201,-0.0021802233532071114,7.42912307032384e-05,0.0031927302479743958
1812,851,17,2,-5.766193389892578,0.004161205,-0.001156559,True,869,0.001389083918184042,-0.0010748482309281826,-0.002853832207620144
1813,222,4,2,-5.807235240936279,0.0015782166,0.00065055845,True,232,-0.006059122271835804,-0.00024476050748489797,-0.006742020137608051
1813,886,17,2,-5.7641472816467285,0.0042021275,-0.003396864,True,881,-5.4006577556720003e-05,0.0026665497571229935,-0.010319547727704048
1814,209,4,2,-5.2956037521362305,0.008153324,0.0007206917,False,224,0.0032584285363554955,-0.00170952791813761,-0.002464675810188055
1814,787,15,2,-5.807031631469727,0.0015020943,0.0032676125,True,799,-0.001201896695420146,-0.002450580708682537,0.003014202229678631
1815,591,11,2,-4.909562587738037,0.0046666907,-0.00169034,False,575,-0.0027374839410185814,-0.003542566206306219,-0.005551948677748442
1815,695,13,2,-5.2873101234436035,-0.006993837,-0.001229086,False,681,0.0019856358412653208,-0.004413947928696871,0.012164335697889328
1816,592,11,2,-4.094686031341553,-0.00086224556,0.0038662767,False,562,0.0002221584290964529,-0.00020286560175009072,0.00515354610979557
1816,784,15,2,-5.484976291656494,0.0054032137,-8.840561e-06,True,762,-0.004393272567540407,0.00042469025356695056,-0.010230016894638538
1817,84,1,2,-5.387965202331543,-0.0067380047,0.001809473,False,79,-0.0015666007529944181,0.0003857994161080569,0.006595076993107796
1817,576,11,2,-2.5659830570220947,0.0038530207,-0.0030582189,False,571,0.0013154936023056507,0.004499325528740883,-0.01009507104754448
1819,640,12,2,-5.175478458404541,0.0028019333,-0.0037877178,False,628,0.005192699376493692,0.00013723372831009328,-0.0015341853722929955
1819,864,17,2,-5.9742536544799805,-0.001863594,0.0024226094,True,850,-0.0028910350520163774,-0.00032176970853470266,0.0017169381026178598
1820,22,0,2,-4.117465496063232,0.0119121075,0.0075846626,False,14,-0.004518928471952677,0.005893545225262642,-0.01473991759121418
1820,459,9,2,-4.956680774688721,-0.009135933,-4.6920777e-05,False,464,0.0010155964409932494,0.005976066458970308,0.004128541797399521
1823,157,3,2,-4.245757579803467,0.0014770508,-0.0026933192,False,196,0.0008137989207170904,0.005511722527444363,-0.008868293836712837
1823,215,4,2,-5.736124038696289,-0.005166569,-0.0008928776,False,236,0.003006506012752652,0.007610425818711519,-0.00033022835850715637
1823,308,6,2,-4.293558597564697,0.0034557153,-0.008927402,False,344,0.0010863685747608542,-0.0064842416904866695,-0.0048125069588422775
1823,480,9,2,-5.429861545562744,0.0018835259,-0.0031940555,False,455,0.008696651086211205,-0.0049754236824810505,0.008594492450356483
1823,629,12,2,-4.770822525024414,0.0014356232,-0.0040143873,False,645,-0.01004015002399683,-0.007231149822473526,-0.008259010501205921
1823,773,15,2,-5.857891082763672,0.0023272515,-0.00042957306,True,798,-0.009274883195757866,0.0038558959495276213,-0.015887603163719177
1824,788,15,2,-5.813083648681641,-0.00094198226,0.008981695,True,759,-0.008128395304083824,0.01010033581405878,-0.008305054157972336
1824,980,19,2,-4.273192405700684,-0.00029691696,0.0014950467,False,976,0.0016993045574054122,0.0017694568959996104,0.0017218112479895353
1825,7,0,2,-5.037704944610596,-0.0069046495,-0.00279624,False,3,0.004639892373234034,-0.01048898696899414,0.01923728734254837
1825,684,13,2,-5.103525161743164,0.0027964497,-0.0024936486,False,665,-0.0019261646084487438,0.004205913748592138,-0.011422176845371723
1827,546,10,2,-4.180456638336182,0.00043428421,6.8159105e-05,False,520,0.0006721687386743724,-0.0008131313370540738,0.0011191748781129718
1827,778,15,2,-5.849423408508301,-0.008512621,-0.00010251999,False,798,-0.009365425445139408,0.003893365850672126,-0.004848690703511238
1829,489,9,2,-5.825879096984863,-0.002013979,0.0057096197,True,491,-0.0049188327975571156,0.005525102838873863,-0.002720336429774761
1829,523,10,2,-4.340099334716797,-0.0011430073,0.0015979004,False,534,0.00015259742212947458,0.0014295578002929688,0.0014639473520219326
1832,91,1,2,-4.7589945793151855,0.008838368,0.013695078,False,72,-0.0016170310555025935,-0.00035914420732297003,0.003598823444917798
1832,190,3,2,-3.493351936340332,-0.0019036675,-0.0037213564,False,189,0.0040789078921079636,-0.0009495544363744557,0.003210773691534996
1832,373,7,2,-4.1300764083862305,-0.0033556127,-0.0011069297,False,378,0.001201143255457282,0.0008626079652458429,0.002587218303233385
1832,754,15,2,-4.7634358406066895,0.0050916197,0.0040632915,False,753,-0.007108430843800306,0.0022809887304902077,-0.010417747311294079
1834,654,13,2,-4.965583324432373,0.010834084,0.002579422,False,665,0.00025285722222179174,0.0006561660557053983,-0.008657971397042274
1834,806,16,2,-5.70088529586792,-0.0035757446,-0.0053480337,False,813,0.0039002227131277323,-0.0007915115565992892,0.0029194452799856663
1835,364,7,2,-5.008066177368164,-0.0030788516,-0.00092129706,False,375,-0.0006429195636883378,-0.001289634732529521,0.0028042695485055447
1835,644,12,2,-5.660217761993408,0.0059937667,0.0006087303,True,612,-0.0010886765085160732,-0.003158845938742161,-0.0033148671500384808
1837,473,9,2,-5.247753143310547,2.7217866e-05,-0.008847399,False,462,0.008819418027997017,0.00011128425830975175,-0.00016648322343826294
1837,487,9,2,-5.289348125457764,0.0016306496,0.0029216767,False,462,0.008819418027997017,0.00011128425830975175,0.009999160654842854
1837,892,17,2,-5.117721080780029,-0.010309028,-0.0001832962,False,873,-0.005652160849422216,-0.00022851943504065275,0.004702090751379728
1837,916,18,2,-4.647634029388428,-0.005059824,0.00051146507,False,928,0.0029212760273367167,-0.0014750957489013672,0.009967660531401634
1838,696,13,2,-5.31201171875,0.008616877,0.009222851,False,678,-0.005590000189840794,0.0013747692573815584,-0.006358794867992401
1838,854,17,2,-5.025528430938721,-0.0099893855,0.005938244,False,891,-0.00824117660522461,0.006083974614739418,0.0016024783253669739
1839,65,1,2,-5.954230308532715,-0.0015150356,0.008091507,True,58,-0.004247007425874472,-0.0008410263108089566,0.006200560834258795
1839,624,12,2,-4.03260612487793,-0.0038241672,0.0026937104,False,637,-0.005839457735419273,0.005058517679572105,-0.004380097612738609
1840,246,4,2,-5.866610050201416,-0.00017515183,0.0029276467,True,240,-0.004214086569845676,0.004612274002283812,-0.005723561625927687
1840,382,7,2,-4.2784528732299805,0.0010699653,0.0020597267,False,377,-0.004121723119169474,0.0026300239842385054,-0.005761985667049885
1841,2,0,2,-4.040134906768799,-0.003199172,0.0006813622,False,14,-0.0033785058185458183,0.006329941563308239,-0.00582791306078434
1841,475,9,2,-4.365561008453369,-0.006231575,0.006059599,False,495,-0.009141978807747364,0.006128339562565088,-0.0029791444540023804
1843,77,1,2,-5.16105318069458,0.009203224,0.0052379225,False,79,0.002034587785601616,-0.013411388732492924,0.011480674147605896
1843,160,3,2,-4.628690242767334,0.009273167,0.0031932355,False,169,0.00292345997877419,-0.004392662085592747,0.001236190553754568
1843,507,10,2,-3.6802616119384766,0.0003796196,-0.00061729905,False,501,-0.0017542839050292969,-0.0013158988440409303,-0.0014353037113323808
1843,563,11,2,-4.997543811798096,-0.0019865418,-0.0019177055,False,596,0.0002671241818461567,-0.001303396187722683,0.001639356603845954
1845,165,3,2,-4.01123046875,0.008000021,-0.0022218896,False,199,0.002392415888607502,0.0017362355720251799,-0.009565730579197407
1845,451,9,2,-5.401552200317383,-0.00459177,0.0034391498,False,455,-0.0006856346153654158,0.0027059363201260567,0.004639348480850458
1846,85,1,2,-5.331241607666016,0.0022369004,-0.0021999073,False,79,-0.00023381233040709049,-0.011198587715625763,0.0065279677510261536
1846,188,3,2,-4.302587032318115,-0.006599612,0.0005455017,False,185,0.0032046318519860506,-0.0010238171089440584,0.01137356273829937
1846,217,4,2,-5.248410224914551,0.005033264,-0.00074235915,False,234,-0.006793794687837362,0.0074569894932210445,-0.02002640813589096
1846,750,15,2,-5.260831356048584,0.0047287177,0.0041504097,False,762,0.0009367275051772594,-0.002575578633695841,0.0029339981265366077
1846,832,16,2,-4.4710774421691895,0.011683741,-0.0005700493,False,831,0.0042540645226836205,-0.0034650422167032957,-0.0045346831902861595
1846,856,17,2,-5.938765525817871,-0.009951573,0.0063136197,False,880,-0.0029193400405347347,0.008411502465605736,0.004934350028634071
1847,248,4,2,-5.7260332107543945,0.004964409,0.0050311754,True,240,-0.004683885723352432,0.00016348838107660413,-0.0047806077636778355
1847,641,12,2,-5.5962934494018555,-0.009031391,0.0008501625,False,612,-0.006538457702845335,-0.000464992510387674,0.0038080881349742413
1847,729,14,2,-4.5007805824279785,-0.010159483,-0.0031914425,False,713,-0.0020993901416659355,0.004126024432480335,0.0007426263764500618
1847,915,18,2,-4.204621315002441,-0.00051677704,0.002667074,False,942,0.0005260181496851146,0.0024944781325757504,0.001215391093865037
1849,71,1,2,-5.627061367034912,-0.00846816,-0.0020917512,False,90,-0.009707041084766388,-0.005182476248592138,0.001851844135671854
1849,80,1,2,-4.555933952331543,-0.01659142,-0.010508366,False,67,-0.003733015153557062,0.0008854579646140337,0.0014645811170339584
1849,227,4,2,-4.185210704803467,0.005076132,-0.0019459724,False,225,0.0017529011238366365,0.009381470270454884,-0.014650673605501652
1849,229,4,2,-3.09582781791687,-0.00015826702,-0.0008728695,False,213,-0.015550795011222363,-0.00536720734089613,-0.010898190550506115
1849,454,9,2,-5.3485307693481445,0.004318857,-0.0064507197,False,462,0.004619264509528875,0.0028154850006103516,-0.00896579772233963
1849,614,12,2,-5.169730186462402,-0.0016672802,0.00075252535,False,606,-0.003041381947696209,0.006404523737728596,-0.007026100065559149
1850,557,11,2,-3.360975742340088,0.0041876268,0.0013760662,False,560,0.005191636271774769,0.0006659507635049522,0.0017141252756118774
1850,837,16,2,-3.8474323749542236,-0.0045916415,-0.0015432596,False,839,0.004154453054070473,-7.016181916696951e-05,0.007272996474057436
1851,42,0,2,-3.2745413780212402,-0.010221992,0.0049576377,False,35,0.005246052518486977,-3.250598820159212e-05,0.02045818790793419
1851,300,6,2,-3.9623122215270996,0.003444395,0.00040468693,False,314,0.0011607074411585927,-0.0034881688188761473,0.0016091682482510805
1851,496,9,2,-4.149117946624756,0.011112795,0.0030118418,False,461,-0.009397124871611595,-0.0007540512015111744,-0.01674402691423893
1851,815,16,2,-4.954606533050537,-0.0054411124,0.00011198044,False,826,-0.004655399359762669,-0.0014264201745390892,0.0023241136223077774
1852,460,9,2,-5.753631591796875,-0.0074696066,0.011125326,False,463,0.003869295120239258,0.0007516479236073792,0.02171257883310318
1852,865,17,2,-4.989253997802734,0.0021461106,0.005501747,False,891,-0.007657919079065323,0.009084062650799751,-0.013386345468461514
1853,49,0,2,-4.6114583015441895,0.010248814,-0.015967378,False,13,-0.001467847847379744,0.002065992448478937,-0.029750032350420952
1853,233,4,2,-5.545360565185547,-0.004283581,0.0048871515,False,236,0.007235384080559015,0.0030260372441262007,0.0133800795301795
1853,564,11,2,-4.105380058288574,-0.0062807226,0.0070191287,False,558,0.004368467256426811,0.004547867923974991,0.01312045007944107
1853,786,15,2,-5.136260032653809,0.01028038,0.0034528638,False,774,0.004660806618630886,-0.004745492711663246,0.0025787828490138054
1855,307,6,2,-5.074636459350586,-0.003803625,-0.0018342781,False,312,-0.002814588602632284,-0.005494194105267525,0.004648952279239893
1855,714,14,2,-5.227448463439941,0.0061320877,-0.003928118,False,734,0.0009193229489028454,-0.0033300877548754215,-0.005810795351862907
1857,25,0,2,-3.3492157459259033,0.014442734,-0.0053058243,False,35,0.005002827849239111,0.001970896730199456,-0.016716627404093742
1857,99,1,2,-5.927822589874268,-0.010389195,0.004690075,True,87,-0.0036702442448586226,0.006436185911297798,0.004972838796675205
1857,328,6,2,-2.5894453525543213,0.0075117494,-0.0012372446,False,-1,,,
1857,355,7,2,-3.3049755096435547,5.414486e-05,0.004274416,False,357,0.002180948155000806,-0.000674934359267354,0.00707615353167057
1857,428,8,2,-3.4579458236694336,0.00421175,0.003264513,False,413,0.0018881559371948242,-0.0012192821595817804,0.0021602013148367405
1857,483,9,2,-4.475780487060547,0.010008068,-0.0073317243,False,468,-0.004563379101455212,0.00010386467329226434,-0.022007036954164505
1858,66,1,2,-5.701961517333984,0.0054458426,0.0035192107,True,57,-0.010658884420990944,0.0045398809015750885,-0.01712539792060852
1858,466,9,2,-5.3218159675598145,0.0011369038,-0.006899414,False,462,0.0019059753976762295,0.0016893005231395364,-0.0078196432441473
1858,732,14,2,-3.4193472862243652,0.007424846,0.0012918091,False,731,-0.0009202051442116499,0.0006833982188254595,-0.007736640051007271
1858,937,18,2,-4.054587364196777,0.008256541,0.0012053108,False,911,-0.0029528045561164618,0.00037287711165845394,-0.010376911610364914
1859,120,2,2,-5.96552848815918,-0.00015119552,0.004935608,True,140,0.0023734092246741056,0.0015411376953125,0.005919074639678001
1859,298,5,2,-4.293554782867432,0.000105113984,0.0038943482,False,278,-0.0014511203626170754,-0.0005094909574836493,0.0028476049192249775
1865,74,1,2,-5.883824348449707,-0.0033786774,-0.00028508186,True,55,-0.0010946274269372225,0.006879720836877823,-0.0048807524144649506
1865,336,6,2,-3.269956588745117,0.0065178154,0.0011349202,False,317,4.365920904092491e-05,-0.0011389541905373335,-0.0042002820409834385
1865,497,9,2,-4.210871696472168,-0.0005268192,-0.0011927795,False,495,-0.00465018767863512,-0.0025459385942667723,-0.002770209452137351
1865,555,11,2,-4.1486968994140625,0.0026742648,-0.0014072227,False,577,-0.0007056999020278454,0.00238036154769361,-0.00716754887253046
1866,485,9,2,-4.986715316772461,0.0043876553,0.0029942798,False,465,-0.00279656401835382,-0.0030091095250099897,-0.0011808299459517002
1866,943,18,2,-4.490163326263428,-0.0045012,-0.00019496918,False,938,-0.003112745238468051,0.0032264613546431065,-0.0020329756662249565
1867,205,4,2,-5.95475435256958,-0.011847467,0.0121768,True,201,-0.0016584491822868586,0.00789346732199192,0.014472350478172302
1867,625,12,2,-5.38504695892334,0.010650558,-0.0015542316,True,602,0.0011625576298683882,-0.00035321235191076994,-0.010689020156860352
1869,499,9,2,-4.815883159637451,0.003947449,0.00032154084,False,467,-0.0012708472786471248,-0.0013900661142542958,-0.0035066893324255943
1869,559,11,2,-3.991539716720581,-0.0016339207,-0.005043254,False,562,5.4693220590706915e-05,0.0010571097955107689,-0.004411749541759491
1869,592,11,2,-3.8417141437530518,0.0043393564,0.0013625813,False,583,-0.0028673268388956785,0.004961380735039711,-0.010805482976138592
1869,760,15,2,-5.799980163574219,0.0018899918,0.0023655891,True,761,-0.00041615485679358244,0.0010099411010742188,-0.000950498622842133
1873,6,0,2,-3.2248318195343018,0.015454755,-0.0014560461,False,19,0.002954340074211359,0.0026458597276359797,-0.016602320596575737
1873,50,1,2,-4.48311710357666,0.01473011,-0.004598532,False,94,-0.01206783764064312,-0.0016584205441176891,-0.029738059267401695
1873,116,2,2,-3.899242639541626,-0.0032187463,0.0037942934,False,136,-0.0004895591991953552,-0.0009362983983010054,0.007459778804332018
1873,617,12,2,-4.716833114624023,0.004990425,-0.0007753181,False,619,0.005079212132841349,-0.009336032904684544,0.008649501949548721
1873,862,17,2,-3.247321605682373,-5.5146218e-05,0.0027438689,False,855,-0.004265260882675648,0.0013408088125288486,-0.0028070546686649323
1873,962,19,2,-3.8098034858703613,0.0074042417,0.0007008743,False,970,0.0012687540147453547,-0.0021931552328169346,-0.003241458209231496
1876,54,1,2,-5.719681262969971,0.0046420954,0.001391201,True,57,0.000508537283167243,0.0014806747203692794,-0.004223031923174858
1876,898,17,2,-4.987929821014404,-0.0052110674,0.009718513,False,891,-0.003439092542976141,0.011147785000503063,0.0003427034243941307
1878,107,2,2,-5.940243244171143,-0.0007119274,0.0017454815,False,140,-0.0004773521504830569,0.0018843746511265635,9.568221867084503e-05
1878,202,4,2,-5.90823221206665,0.0011695098,-0.0011559868,True,247,-0.01423851028084755,0.00015001297288108617,-0.01671401970088482
1878,526,10,2,-4.337343215942383,0.00078720093,0.00034643174,False,542,-0.0008534049848094583,-0.0001727676426526159,-0.0011214064434170723
1878,647,12,2,-5.9742536544799805,-0.00437788,0.0035287666,True,620,-0.004875449929386377,0.004433040507137775,-0.001401844434440136
1879,478,9,2,-5.622054100036621,0.0070439912,-0.0070439912,True,491,0.005525102838873863,0.0016195678617805243,-0.010182447731494904
1879,628,12,2,-5.0506367683410645,0.002224636,0.005113335,False,606,0.00677039148285985,0.00012815475929528475,0.009530935436487198
1879,684,13,2,-5.345239639282227,-0.0058474825,-0.007822637,False,651,-0.003337755100801587,7.113456376828253e-05,-0.005384044721722603
1879,817,16,2,-5.120145797729492,-0.0019199657,0.00011194229,False,828,-0.0005886841099709272,-0.00487206457182765,0.006315288599580526
1880,28,0,2,-3.1962242126464844,-0.005134964,-0.0011506128,False,16,0.0005327081889845431,-0.0002144098252756521,0.004731469321995974
1880,51,1,2,-5.75508451461792,0.0039043808,-0.0027996064,True,82,-0.002604370005428791,0.0016677952371537685,-0.010976152494549751
1880,578,11,2,-2.825512409210205,0.009068498,0.0020422267,False,582,-0.001247949548996985,-0.000727639184333384,-0.007546582259237766
1880,887,17,2,-4.966345310211182,-0.0012369823,-0.0029798984,False,891,-0.001681156107224524,0.010093317367136478,-0.013517390005290508
1884,69,1,2,-5.521310329437256,0.0005985832,0.005876331,False,98,0.0006679344223812222,-0.004443912301212549,0.010389594361186028
1884,550,11,2,-3.462589740753174,-0.007654109,-0.005504861,False,560,0.002641272498294711,0.003123912727460265,0.0016666078008711338
1885,31,0,2,-4.792743682861328,0.01060731,0.0068071843,False,46,-0.003676299937069416,-0.0034966659732162952,-0.0039797592908144
1885,589,11,2,-4.194119930267334,-0.0024878979,0.00027399062,False,565,6.857872358523309e-05,0.0002484321594238281,0.0025820350274443626
1886,73,1,2,-5.957855701446533,-1.5468597e-05,0.006729784,True,61,-0.0036095904652029276,-0.000677623727824539,0.003813286079093814
1886,322,6,2,-3.1986992359161377,0.009361382,-0.0006613827,False,317,0.00022194386110641062,0.001027603168040514,-0.01082842331379652
1886,604,12,2,-5.5568342208862305,-0.007057676,-0.0078997705,False,623,0.005614500027149916,-0.001617803587578237,0.006390209309756756
1886,719,14,2,-4.4228997230529785,0.0036030484,-0.004259224,False,713,0.001034965505823493,0.0014879417140036821,-0.008315248414874077
1888,5,0,2,-5.501373767852783,0.001964903,-0.0007036781,False,3,-0.012667331844568253,-0.005306587088853121,-0.010029325261712074
1888,850,17,2,-5.853977203369141,0.0017100334,-0.002405529,True,868,0.0025861836038529873,-0.00019504547526594251,-0.0013343333266675472
1891,53,1,2,-4.935378551483154,0.010912504,0.0068006516,False,95,0.0022868632804602385,0.0027816009242087603,-0.004606590140610933
1891,226,4,2,-4.3292460441589355,-0.006002121,0.0011612796,False,241,0.00223369593732059,-0.0015221595531329513,0.010919256135821342
1891,334,6,2,-5.1542582511901855,-0.0051030256,-0.00065343856,False,346,0.0002496528613846749,-0.003939600195735693,0.008638840168714523
1891,494,9,2,-5.524083137512207,-0.0056713293,-0.0040045166,False,455,0.0019360161386430264,-0.007404146250337362,0.011006975546479225
1891,705,14,2,-3.8096065521240234,0.010593948,-0.003911991,False,733,-0.0031345700845122337,0.00825443770736456,-0.025894947350025177
1891,858,17,2,-5.095480442047119,0.002836132,0.0011720657,False,888,-0.002766733057796955,0.006767864339053631,-0.011198664084076881
1893,118,2,2,-4.94819974899292,-0.002216654,-0.006498194,False,115,0.002521076239645481,-0.004625072702765465,0.002864609006792307
1893,473,9,3,-5.805383205413818,-0.008508053,-0.003377409,False,457,-0.0022667788434773684,-0.0015595532022416592,0.004423418082296848
1893,852,17,2,-5.63458251953125,0.004977293,-0.0055090333,True,872,0.006096839904785156,-0.0033738231286406517,-0.0010156631469726562
1895,790,15,2,-5.124636650085449,-0.0022544574,0.0018526172,False,756,0.0012960911262780428,0.003639698028564453,0.0017634679097682238
1895,861,17,2,-5.157028675079346,-0.005176153,-0.002863493,False,885,-0.0014318275498226285,-0.0019771670922636986,0.002857999410480261
1896,798,15,2,-5.9742536544799805,-0.0027223206,0.0030338764,True,772,-0.008321418426930904,-0.002446184167638421,-0.0001190374605357647
1896,897,17,2,-4.536201477050781,0.009020176,-0.0021814632,False,875,-0.0007770061492919922,-0.0054329680278897285,-0.006545676849782467
1898,58,1,2,-5.094435691833496,0.017596358,-0.0023088455,True,76,-0.0033658884931355715,-0.004283552058041096,-0.018987540155649185
1898,773,15,2,-5.9742536544799805,-0.000771389,0.00654192,True,772,-0.010552005842328072,-0.001519269892014563,-0.001719426829367876
1899,207,4,2,-5.840383052825928,0.0016678906,0.0022689628,True,201,0.0029822445940226316,0.006127023603767157,-0.00254370691254735
1899,913,18,2,-4.738316059112549,0.003912649,0.00094825745,False,930,0.0028980160132050514,-0.002528667449951172,0.002462291857227683
1900,72,1,3,-5.450550556182861,-0.020851078,-0.0014299297,False,64,-0.0011378669878467917,0.005089836195111275,0.013193443417549133
1903,90,1,2,-5.930318832397461,-0.0029534912,0.007194014,True,82,0.0007834911230020225,0.0013204098213464022,0.009610585868358612
1903,216,4,2,-3.6467838287353516,0.0025608253,-0.0042781876,False,225,0.01020093448460102,-0.004527082666754723,0.007889004424214363
1903,238,4,2,-4.362691879272461,-0.001962347,-0.0014869785,False,241,0.005109901539981365,-0.0031093312427401543,0.008694601245224476
1903,925,18,2,-4.113622665405273,-0.010212999,0.001058588,False,911,-0.002168903360143304,0.0025816773995757103,0.006521006114780903
1904,65,1,2,-5.287889003753662,0.0092058,0.026976004,False,76,-0.006925773806869984,0.0008215999696403742,0.01002283114939928
1904,210,4,2,-5.94301176071167,-0.00801795,0.0061152936,False,231,-0.0009174537844955921,0.003718252293765545,0.009497536346316338
1904,249,4,2,-4.622237682342529,0.006420383,-0.0024224662,False,204,-0.001191263203509152,-0.010619926266372204,0.000585814006626606
1904,267,5,2,-4.323411464691162,-0.00045430183,-0.001566906,False,256,-0.001657514600083232,-0.0003170013369526714,-0.002453117398545146
1904,717,14,2,-3.7851269245147705,0.0037088823,0.003987713,False,716,0.0018847703468054533,0.0001141357424785383,0.002049465198069811
1904,921,18,2,-4.6955437660217285,0.0021663476,0.0059446907,False,930,0.003952369559556246,-0.00288048735819757,0.010611199773848057
1905,279,5,2,-4.18869686126709,0.0010123157,-7.9889294e-05,False,265,0.0001278781855944544,-0.0012960243038833141,0.00033169740345329046
1905,489,9,2,-4.84564208984375,0.019461717,0.0024816513,False,467,-0.00282942783087492,1.2750625501212198e-05,-0.019822245463728905
1907,41,0,2,-5.8324995040893555,-0.011821394,-0.0027933216,False,10,-0.0018471527146175504,0.0007883453508839011,0.006392574403434992
1907,62,1,2,-5.531871795654297,0.008826551,-0.004851141,True,57,0.003325233468785882,-0.00077960011549294,-0.009572857990860939
1907,197,3,2,-3.6052331924438477,8.275509e-05,0.010778999,False,172,-0.0036237717140465975,0.001612496329471469,0.005459975451231003
1907,892,17,2,-5.165788173675537,0.0020623207,-0.01047472,False,885,-0.0018624592339619994,-0.002685718471184373,-0.011713781394064426
1908,87,1,2,-5.588301181793213,0.006538162,0.012986345,True,59,-0.004538326058536768,-0.0026351737324148417,0.004545031115412712
1908,674,13,2,-5.9710798263549805,-0.0023199748,0.0035279465,True,655,-0.0035476493649184704,0.008423042483627796,-0.0061227697879076
1908,869,17,2,-5.773076057434082,0.0030306815,-0.0020953275,False,881,-0.002470684004947543,-0.002626705216243863,-0.00496998755261302
1908,896,17,2,-5.598363876342773,0.0035488415,0.0001408577,True,872,0.005464191548526287,-0.002957677934318781,0.005013885907828808
1911,20,0,2,-4.1978631019592285,0.008326454,0.0048040007,False,13,0.005468959920108318,-0.0012353801866993308,0.0031818868592381477
1911,832,16,2,-4.636076927185059,-0.0029011632,0.0022570419,False,847,-0.0010294723324477673,-0.00036816595820710063,0.004496898502111435
1912,417,8,2,-3.884644031524658,-0.0040000104,0.0004478073,False,445,-0.003242235165089369,-0.0016577148344367743,0.0028632974717766047
1912,967,19,2,-3.757955312728882,0.005615306,-0.00019205094,False,963,0.00258448114618659,0.002550859469920397,-0.005773735232651234
1913,203,4,2,-4.172375202178955,0.006480398,-0.0070415973,False,214,-0.002802887000143528,0.0007868289831094444,-0.01711171120405197
1913,538,10,2,-3.380496025085449,-0.0006938314,-0.0038319493,False,540,0.0006199264316819608,0.003329572733491659,-0.005847764201462269
1914,194,3,2,-3.502568006515503,-0.0038992548,0.0025375271,False,183,-0.004773006308823824,0.000988335581496358,0.0006754398345947266
1914,218,4,2,-4.277156352996826,0.008149395,-0.008223372,False,243,0.001877851434983313,0.0021552275866270065,-0.016650142148137093
1914,460,9,2,-4.869217395782471,0.01693905,0.0032068444,False,471,0.00011334419104969129,-0.005298967473208904,-0.008319893851876259
1914,759,15,2,-5.40009880065918,0.0011557866,-0.0016257954,False,763,0.002707147505134344,-0.0001011848435155116,2.675037831068039e-05
1916,300,6,2,-4.265052795410156,-0.0042252447,-0.00031015396,False,314,-0.0011067104060202837,-0.0001703548477962613,0.002978735137730837
1916,739,14,2,-3.6917335987091064,-0.0034333514,-0.0011995983,False,748,-0.005603480152785778,-0.002810683334246278,-0.000559043837711215
1916,779,15,2,-5.369634628295898,-0.011039362,0.0015108872,False,763,0.00280869472771883,-0.0002480697585269809,0.015607014298439026
1916,799,15,2,-5.81367826461792,0.0021587182,-1.865387e-05,True,772,-0.004106311593204737,-0.0019729710184037685,-0.004310712683945894
1917,35,0,2,-3.4333527088165283,-0.0020700884,-0.002094636,False,47,-0.0023231173399835825,0.004790229722857475,-0.007137894630432129
1917,91,1,2,-3.3768396377563477,0.020139808,0.012595548,False,-1,,,
1917,784,15,2,-5.035534858703613,0.009122858,-0.008310747,False,795,-0.004797725472599268,0.003359460737556219,-0.025590792298316956
1917,932,18,2,-5.000885963439941,-0.0057429504,-0.0074985693,False,909,-0.0021627999376505613,0.0001162433618446812,-0.004034662153571844
1918,23,0,2,-5.9742536544799805,-0.0041355705,0.0074547576,True,15,-0.0020040320232510567,0.008757161907851696,0.0008291341364383698
1918,34,0,2,-4.540473937988281,0.00975069,-0.008764286,False,12,0.0003322696720715612,0.000989236868917942,-0.0191719438880682
1918,78,1,2,-5.953522682189941,-0.0073241424,0.00648633,True,-1,,,
1918,189,3,2,-3.6470611095428467,-0.002135315,0.0021737432,False,172,-0.0023394536692649126,-0.002338566817343235,0.004308171570301056
1918,683,13,2,-5.359095096588135,0.006386948,0.0019354629,True,661,-0.0031054019927978516,0.0003472518874332309,-0.007904138416051865
1918,840,16,2,-5.773965835571289,0.0029643346,0.0025839806,True,829,0.000533037178684026,-0.0034324550069868565,0.0035851383581757545
1920,52,1,2,-5.133055686950684,-0.003931322,-0.00063913345,False,64,0.004108848515897989,0.0006806182791478932,0.00672041904181242
1920,676,13,2,-2.4783084392547607,0.0014481497,-0.004567237,False,-1,,,
1921,610,12,2,-5.1522111892700195,-0.00314373,0.0031029796,False,607,0.00691128708422184,0.0006421279977075756,0.012515868991613388
1921,800,16,2,-4.645277500152588,0.0013655758,-0.00096377375,False,846,0.0009640407515689731,0.0029967499431222677,-0.004362058825790882
1922,75,1,2,-4.202015399932861,0.0067595197,-0.0004203701,False,60,-0.00045991898514330387,-0.002344274427741766,-0.005295534618198872
1922,849,16,2,-3.455451011657715,-0.0030581427,0.006274562,False,842,0.0033349276054650545,-0.0016204881248995662,0.014288119971752167
1923,237,4,2,-5.913917541503906,-0.00031856538,0.00094626425,True,245,-0.0019123745150864124,-0.0007538986392319202,0.00010635377839207649
1923,602,12,2,-5.413455963134766,0.0007147598,-0.007993478,False,645,-0.004396896343678236,0.005473880562931299,-0.018579015508294106
1925,480,9,2,-4.527764320373535,0.0237391,-0.001733427,False,464,-0.001014280365779996,-0.002585391979664564,-0.02390141598880291
1925,904,18,2,-5.4292168617248535,0.0010714245,-0.004694948,False,906,-0.004448118153959513,0.002533502643927932,-0.012747992761433125
1926,376,7,2,-2.8178391456604004,-0.0018350839,-0.00046016218,False,385,0.0033108519855886698,0.00032943248515948653,0.004356341436505318
1926,499,9,2,-4.425705432891846,0.0042278483,0.0013878632,False,456,-0.0038962268736213446,-0.0008065032889135182,-0.005929708480834961
1927,9,0,2,-4.491683006286621,-0.011815366,0.013852119,False,26,0.0017850780859589577,0.0009717560024000704,0.02648080699145794
1927,66,1,2,-5.662825107574463,-0.0029311562,0.0022946643,False,57,0.0012003898154944181,0.010485334321856499,-0.004059123806655407
1927,205,4,2,-5.475069046020508,0.009983692,0.001085434,True,222,0.006754999049007893,-0.005443534813821316,0.0033002756536006927
1927,232,4,2,-5.934985160827637,0.0007853699,0.003381548,True,247,0.0004373359552118927,0.0005294608999975026,0.002504053059965372
1927,442,8,2,-4.373141765594482,-0.0020117187,-0.0044542695,False,424,0.0016420840984210372,-0.002112217014655471,0.0013117501512169838
1927,490,9,2,-3.7966949939727783,0.0049203252,-0.0009914541,False,498,0.004919018596410751,-0.003648629179224372,0.0026558684185147285
1928,209,4,2,-4.971535682678223,0.00433033,-0.009429493,False,234,9.865760512184352e-05,-0.0028407382778823376,-0.010820427909493446
1928,331,6,2,-3.5930707454681396,-0.0010388565,-0.00072746276,False,339,-0.0009652376174926758,-0.0020186614710837603,0.0013648176100105047
1928,537,10,2,-3.7923262119293213,0.001471057,-0.0015152502,False,517,0.002555155660957098,-0.0008504724246449769,0.00041932077147066593
1928,820,16,2,-4.5881428718566895,-0.0073387907,-0.008676367,False,846,0.0009312248439528048,0.000595521938521415,-0.0010018732864409685
1929,79,1,2,-5.31273889541626,0.006012497,0.003947449,False,64,0.0021134091075509787,0.00686398521065712,-0.0068156239576637745
1929,227,4,2,-4.577014923095703,-0.0072688675,-0.00896533,False,220,-0.004301738925278187,-0.0026933765038847923,-0.0033048251643776894
1929,454,9,2,-5.490408420562744,0.0032946586,-0.006162939,False,491,0.0016195678617805243,-0.0005691051483154297,-0.00726892426609993
1929,603,12,2,-5.485048770904541,-0.00040838242,8.5287094e-05,False,612,0.006381435319781303,0.0010336398845538497,0.00584146473556757
1930,397,7,2,-3.7564456462860107,-0.0019711542,-0.0006096554,False,370,-0.003188610076904297,0.001382961287163198,-0.0032100726384669542
1930,778,15,2,-5.661532878875732,0.0057515334,-0.0013991356,True,763,-0.0017668914515525103,0.0007722377777099609,-0.009689798578619957
1931,212,4,2,-4.740275859832764,-0.0030672932,-5.7611465e-05,False,223,-0.011847801506519318,-0.0062071895226836205,-0.0026309301611036062
1931,451,9,2,-5.133277893066406,0.004040327,-0.0029343413,False,471,-0.00021403311984613538,-0.004636773839592934,-0.0025519276969134808
1931,769,15,2,-5.3682475090026855,-0.001136198,0.0014279651,False,761,0.011662359349429607,0.008295631036162376,0.005930891260504723
1931,859,17,2,-4.296431541442871,-0.005024376,0.0010408115,False,894,-0.0030628489330410957,-0.00014652252139057964,0.0031488609965890646
1933,541,10,2,-4.457921504974365,-0.0011836624,-0.0016239071,False,531,0.0007616805960424244,-0.0009346675942651927,0.0012561035109683871
1933,690,13,2,-5.2008795738220215,0.015401487,0.00035799027,True,685,-0.0043060206808149815,-0.0004749679646920413,-0.018874550238251686
1937,45,0,2,-5.195878028869629,0.008488484,0.003014822,False,37,-0.0013545703841373324,-0.0028514766599982977,-0.0039767553098499775
1937,171,3,2,-5.002596855163574,0.0011440277,-0.0027745916,False,178,-0.002902402775362134,0.0010182380210608244,-0.007839260622859001
1937,211,4,2,-4.374313831329346,-0.0065289973,-0.0013944054,False,220,-0.001403646427206695,0.0007349681691266596,0.0029959771782159805
1937,496,9,2,-4.514169692993164,-0.007294874,-0.0034420013,False,464,0.004015645943582058,-0.006060915067791939,0.01392943412065506
1937,780,15,2,-4.487958908081055,-0.000166893,0.005545883,False,776,0.007709159981459379,-0.0005915928049944341,0.014013528823852539
1937,914,18,2,-2.78507137298584,0.0013292885,-0.0030250072,False,939,0.004770221654325724,0.002972831716760993,-0.002556905848905444
1939,48,0,2,-5.117929935455322,-0.0054782964,-0.00018680573,False,36,0.002033767756074667,0.0027180099859833717,0.0046072485856711864
1939,384,7,2,-4.161900997161865,-8.454323e-05,0.00037861825,False,386,-0.002708969172090292,-0.0022354412358254194,-1.0366464266553521e-05
1939,463,9,2,-5.6088948249816895,0.0008504295,-0.0070981407,False,453,0.005498018115758896,-0.005864305421710014,0.0034137535840272903
1939,938,18,2,-4.043327331542969,0.007942343,-0.0019844628,False,941,-0.0004915904719382524,0.0010003376519307494,-0.011418734677135944
1940,774,15,2,-4.989557266235352,0.005814543,0.002577219,False,771,0.00814572349190712,-0.0022590828593820333,0.007167482748627663
1940,810,16,2,-5.104861736297607,0.001018114,0.0060734274,False,827,0.0021667289547622204,-0.005422258283942938,0.012644300237298012
1941,55,1,2,-5.163663387298584,0.013239002,0.0040877913,False,64,0.0035995959769934416,0.010516863316297531,-0.0160684771835804
1941,559,11,2,-4.281786918640137,-0.0061443187,-0.0011182785,False,565,0.0004477500915527344,0.003066091565415263,0.0024076986592262983
1943,119,2,2,-4.6542582511901855,0.0046507455,-0.00662508,False,141,0.004098987672477961,0.0002458477101754397,-0.007422686088830233
1943,599,11,2,-5.369426250457764,-0.009333525,0.004149494,False,551,-0.003081531496718526,0.0020507241133600473,0.008350763469934464
1947,332,6,2,-5.4892754554748535,0.0027823925,-0.0064630318,False,311,0.00794345885515213,0.003083734540268779,-0.004385700449347496
1947,481,9,2,-5.901756286621094,-0.0041854098,0.00049635884,True,457,-0.0019871520344167948,0.002403202001005411,0.0002914145588874817
1948,488,9,2,-5.167973518371582,0.00970644,0.0043221186,False,471,0.0001883220684248954,-0.0014902972616255283,-0.0037057024892419577
1948,789,15,2,-5.10378885269165,0.0061884117,-0.0059226705,False,761,0.01457218173891306,0.00515531562268734,-0.0026942165568470955
1949,84,1,2,-5.458400726318359,0.0002808857,0.007910938,True,94,-0.016797618940472603,0.006906566675752401,-0.016074134036898613
1949,898,17,2,-4.627421855926514,0.006610117,-0.0035437965,False,867,-0.014843554235994816,-0.0017236614366993308,-0.023273807018995285
1952,61,1,2,-5.801280975341797,0.002063818,0.0056850817,True,57,-0.0036969375796616077,0.0069854166358709335,-0.00706109032034874
1952,433,8,2,-2.789566993713379,0.0072646425,0.0007274866,False,407,-0.003661499125882983,0.0010832548141479492,-0.011281909421086311
1953,70,1,2,-5.96305513381958,-0.0025112915,0.0067645838,True,59,-0.008600759319961071,0.0006088542868383229,6.626173853874207e-05
1953,360,7,2,-3.9425222873687744,-6.876469e-05,0.0022071027,False,380,0.0006751060718670487,-0.007574176881462336,0.01052515022456646
1956,414,8,2,-2.515246868133545,0.0089769885,0.00044429302,False,426,0.002292022807523608,-0.0030943583697080612,-0.003146314062178135
1956,812,16,2,-3.113609552383423,0.00300447,0.0046285153,False,801,0.004281387198716402,0.0004499578499235213,0.0054554748348891735
1957,81,1,3,-5.4149627685546875,0.0058841896,-0.009535599,True,77,-0.006631832104176283,0.0035724162589758635,-0.02562403678894043
1957,98,1,2,-5.6771464347839355,-0.0017511178,0.0017428875,True,57,-0.00077960011549294,0.006000680848956108,-0.0032862755469977856
1957,219,4,3,-3.694242000579834,-0.010244351,-0.0023255015,False,213,-0.008531427010893822,-0.003174843732267618,0.002562266308814287
1957,291,5,2,-4.620115756988525,-0.0024748612,-0.0014699841,False,280,0.0018080807058140635,-3.850936991511844e-05,0.002851467113941908
1957,495,9,2,-3.808337450027466,0.009401917,-0.0026850796,False,476,-0.00814462173730135,-0.0035619926638901234,-0.01666962541639805
1957,697,13,3,-4.548974990844727,0.004138994,-0.0026471233,False,677,0.010038499720394611,-0.0011589813511818647,0.0044113639742136
1957,752,15,2,-4.831188201904297,-0.0013761043,-0.0042819693,False,786,0.004209785256534815,-0.0028690146282315254,0.004172935150563717
1957,886,17,2,-5.777949333190918,0.0018374824,-0.0039260862,True,868,-0.002144241239875555,0.0035877609625458717,-0.011495571583509445
1957,962,19,2,-3.613269567489624,0.004890666,-0.0015246773,False,977,0.002482309238985181,-0.004579725209623575,0.000646691769361496
1958,309,6,2,-5.402617931365967,0.0029375362,-0.00018987656,False,311,0.010678863152861595,0.005013389512896538,0.0025380607694387436
1958,325,6,2,-2.723137617111206,-0.008422265,0.0011316395,False,328,-0.0012296676868572831,-0.006240906659513712,0.01456514373421669
1958,721,14,2,-5.9362077713012695,0.00037994384,0.0031720828,True,743,-0.002981586381793022,0.0002848815929610282,-0.00047432887367904186
1958,794,15,2,-3.310760259628296,0.012635379,0.0020711564,False,782,0.00847439281642437,0.00447456818073988,-0.006564398296177387
1959,74,1,3,-4.91139030456543,0.021257266,-0.007199831,True,80,-0.002094173338264227,0.00650444021448493,-0.037055712193250656
1960,82,1,2,-5.329355716705322,0.00833642,0.0008462429,False,77,-0.002925653476268053,0.0012446880573406816,-0.011660518124699593
1960,477,9,2,-4.942357540130615,-0.0073544024,0.002756567,False,459,-0.003076696302741766,0.0009071636013686657,0.0061271097511053085
1962,32,0,2,-4.884567737579346,0.009749833,0.007367306,False,8,0.002687158528715372,-0.0005534076481126249,0.0008580395951867104
1962,56,1,2,-3.021366834640503,0.013869319,-0.0027355098,False,92,-0.002961397171020508,0.015880689024925232,-0.03544691577553749
1962,764,15,2,-2.058717727661133,0.005551424,0.0005610895,False,785,-0.0016666793962940574,-0.009171037934720516,0.0025140237994492054
1962,975,19,2,-5.174272060394287,-0.0031105517,-0.0019159412,False,984,-0.0020426083356142044,0.0015183734940364957,-0.0023663712199777365
1963,751,15,2,-2.9427311420440674,0.0030192041,0.00076673983,False,766,0.00646068574860692,0.001422238303348422,0.002785983495414257
1963,844,16,2,-2.9070796966552734,-0.011143317,-0.0058502387,False,821,-0.002729053609073162,0.0037982321809977293,-0.0012342073023319244
1964,461,9,2,-4.0309247970581055,0.005059862,-0.00061941147,False,475,-0.00011922835983568802,-0.001906003919430077,-0.003892498090863228
1964,583,11,2,-3.7758114337921143,-0.002146821,0.004825983,False,595,0.0010743284365162253,-0.0004365730274002999,0.008483706042170525
1965,46,0,2,-4.759553909301758,0.0006025124,0.0009055233,False,8,0.0017473315820097923,8.482932753395289e-05,0.0019655132200568914
1965,478,9,2,-5.950474262237549,-0.00333992,0.005403719,True,455,-0.007793579250574112,0.004344434943050146,-0.003394375555217266
1968,508,10,2,-3.3339293003082275,0.00018087863,0.0013320207,False,503,-0.001130604767240584,0.0017406701808795333,-0.0017201328882947564
1968,620,12,2,-5.192640781402588,0.008942404,-0.0033785151,False,629,-0.0007870483677834272,0.010623645968735218,-0.023731613531708717
1968,765,15,2,-5.687676429748535,-0.010892182,0.0067357444,False,787,-0.000321025843732059,0.000543889997061342,0.01676301099359989
1968,891,17,2,-4.750339031219482,-0.0057721613,-0.0023959351,False,888,0.004049091134220362,-0.014241848140954971,0.02166716568171978
1969,90,1,2,-5.54335880279541,0.007593689,-0.0076836394,True,59,0.00047184943105094135,-0.0036302946973592043,-0.011175183579325676
1969,313,6,2,-3.9403700828552246,-0.0011960935,0.0033828353,False,320,-0.00014744758664164692,-0.0006022739689797163,0.005033755209296942
1969,755,15,2,-4.481839656829834,0.0128695015,-0.008893957,False,776,0.0025999736972153187,0.003735342063009739,-0.022898826748132706
1969,762,15,2,-5.064860820770264,0.007233353,0.0015842057,False,761,0.014668808318674564,0.0060070897452533245,0.0030125719495117664
1971,13,0,2,-4.352544784545898,0.0010328197,0.0010778618,False,26,0.004966154228895903,-0.0011908150045201182,0.006202011369168758
1971,654,13,2,-4.906925678253174,-0.0011052132,0.003188753,False,667,-0.0014672852121293545,-0.001611843123100698,0.004438524134457111
1975,473,9,2,-5.918726444244385,-0.0006279373,0.0005720043,True,455,-0.0038650990463793278,0.0025387860368937254,-0.005203943233937025
1975,639,12,2,-5.493790149688721,-0.00879694,0.0014348793,False,612,-0.0016155242919921875,-0.004678087309002876,0.013294382020831108
1978,99,1,2,-4.995059013366699,0.008770886,-0.011118727,False,94,-0.005588350351899862,-0.005256519187241793,-0.020221441984176636
1978,546,10,2,-4.419507026672363,-0.0027572345,0.00038458823,False,547,-0.0017684936756268144,0.0007248401525430381,0.0006484889890998602
1978,842,16,2,-3.516852855682373,-3.4179688e-05,-0.0027083778,False,811,5.435466664494015e-05,0.0034707020968198776,-0.00609054509550333
1978,897,17,2,-4.095618724822998,0.010684862,-0.004228268,False,870,-0.003061914350837469,-0.0005721378256566823,-0.017402905970811844
1980,44,0,2,-3.085193157196045,-0.004510145,0.003555155,False,19,0.001491060247644782,0.005084805656224489,0.004471554420888424
1980,643,12,2,-3.1879024505615234,-0.00046084405,-0.0018168115,False,-1,,,
1981,493,9,2,-5.883918762207031,-0.0038945102,-0.0015768718,True,492,0.0020722104236483574,-0.0020722104236483574,0.006462058983743191
1981,693,13,2,-5.614881992340088,-0.0029626943,0.0018861961,False,675,-0.00488422391936183,0.0037407015915960073,-0.0037760348059237003
1983,76,1,2,-5.11540412902832,-0.0030177785,-0.0077098273,False,57,0.010765781626105309,-0.00893990509212017,0.015013637952506542
1983,698,13,2,-3.485367774963379,0.00045520306,-0.0013525295,False,672,0.004428615793585777,0.0049875592812895775,-0.0023666759952902794
1984,198,3,2,-3.0728256702423096,0.0025893592,-0.0029859543,False,167,0.0031736374367028475,-0.005658130627125502,0.0032564550638198853
1984,796,15,2,-4.299846172332764,-0.0088738445,-0.0034497739,False,768,0.00535756116732955,-0.009368514642119408,0.02015014737844467
1985,336,6,2,-2.745786190032959,0.01139453,-0.001122098,False,315,0.0013546037953346968,0.0007967138080857694,-0.011958736926317215
1985,406,8,2,-4.928586006164551,-0.0075300885,0.00045685767,False,449,-0.005369157996028662,-0.0026236248668283224,0.005241412669420242
1985,625,12,2,-5.276766777038574,0.0016133881,0.006316967,False,648,0.0005231380346231163,0.004018449690192938,0.0012082669418305159
1985,854,17,2,-5.020608425140381,-0.0076293945,-0.0067186165,False,863,0.001589059829711914,-0.007275228388607502,0.009775066748261452
1986,71,1,2,-5.016369819641113,0.015235242,-0.006660385,False,94,0.000150976178701967,-0.00472257612273097,-0.01702207699418068
1986,658,13,2,-5.501098155975342,-0.00858797,-0.0047750855,False,682,0.00041209219489246607,0.002285976428538561,0.0019390006782487035
1986,872,17,2,-5.464442253112793,0.0046656607,-0.008159161,False,889,-0.0054886722937226295,-0.003989830147475004,-0.014323662966489792
1986,873,17,2,-5.28354549407959,-0.004602537,0.0004909515,False,885,-0.00032581330742686987,-0.006258306559175253,0.011025981977581978
1987,79,1,2,-5.050283908843994,0.0072801686,-0.01679141,False,57,0.018077107146382332,-0.012049627490341663,0.006055155768990517
1987,758,15,2,-4.438460826873779,-0.011095738,0.004420538,False,776,-0.0005915928049944341,0.0013422108022496104,0.013582471758127213
1990,199,3,2,-3.9908876419067383,-0.0005046177,0.001622839,False,192,-0.0011167239863425493,0.002037591999396682,-0.0010268592741340399
1990,227,4,2,-4.811270236968994,-0.001906271,0.010454149,False,223,0.0005374813335947692,0.0026547240559011698,0.01024317741394043
1990,248,4,2,-5.855010509490967,0.0014980221,0.0014485931,True,224,-0.009921960532665253,0.00034545897506177425,-0.010316848754882812
1990,304,6,2,-3.656200408935547,-0.00073424337,0.0019362211,False,339,0.0007159709930419922,0.0017984295263886452,0.0015880060382187366
1991,51,1,2,-5.401522159576416,0.01145463,-0.0032976246,True,77,-0.0004284477327018976,0.0014813613379374146,-0.01666206307709217
1991,468,9,2,-5.686787128448486,-0.014869499,0.0006097031,False,483,-0.01008982677012682,0.008681087754666805,-0.0032917121425271034
1991,474,9,2,-5.308319091796875,-0.008474607,-0.0015303422,False,470,0.0004840469337068498,0.008530788123607635,-0.0011024768464267254
1991,669,13,2,-5.1821064949035645,0.0002485752,-0.0008613682,False,657,0.0032579516991972923,-0.0010533810127526522,0.003201389219611883
1991,864,17,2,-5.951787948608398,-0.0067135715,0.0025817775,True,850,0.0008042526314966381,0.007439918350428343,0.0026596831157803535
1991,865,17,2,-5.103418350219727,-0.0014650535,-0.0052092075,False,863,-0.00012281417730264366,-0.007119455374777317,0.0032524873968213797
1992,724,14,2,-2.9329140186309814,-0.006832261,-0.0017482042,False,725,-0.00023281574249267578,-0.0023100613616406918,0.007161302492022514
1992,934,18,2,-3.2565038204193115,0.004489117,0.0061088325,False,940,-0.004137072712182999,0.0004690075002145022,-0.002986364532262087
1993,148,2,2,-3.3681135177612305,0.0075205327,0.0037109088,False,116,0.004157109186053276,-0.002599635161459446,0.00294712046161294
1993,529,10,2,-3.3914270401000977,0.00076673983,-0.00071741105,False,516,-0.002192120533436537,0.0015120315365493298,-0.00518830306828022
1993,618,12,2,-5.872481822967529,-0.00825778,0.008225288,False,630,0.0021970749367028475,0.002987012965604663,0.01569312997162342
1993,772,15,2,-5.729512691497803,0.004473629,-0.004894819,True,787,-0.0058525181375443935,-0.0013750172220170498,-0.013845948502421379
1995,36,0,2,-4.911342620849609,0.011055317,0.0076790713,False,8,-0.004022645764052868,0.0011399745708331466,-0.00853886641561985
1995,673,13,2,-5.615884304046631,-0.0074532316,0.008300266,False,660,0.00022098541376180947,0.004447116982191801,0.011527366936206818
1996,50,1,2,-4.647886753082275,0.0019558906,-0.006727581,False,89,0.003216533688828349,0.004818258341401815,-0.010285195894539356
1996,275,5,2,-4.1553144454956055,-0.0010250568,-0.0015376472,False,255,0.001280126627534628,0.0007665538578294218,9.823706932365894e-07
1996,310,6,2,-3.8934428691864014,-0.0044831466,0.0026242018,False,327,-0.0035964297130703926,-0.0005982255679555237,0.00410914421081543
1996,346,6,2,-5.469024181365967,-0.0016753006,0.0035880662,False,338,-0.00225830078125,0.004301281180232763,-0.0012962152250111103
1996,487,9,2,-5.918569564819336,-0.015952291,0.0009264565,False,455,-0.0031127166002988815,0.004481783136725426,0.0092842485755682
1996,665,13,2,-5.278177738189697,0.0034648133,-0.003862028,False,684,0.008175973780453205,-0.0008909321040846407,0.0017400644719600677
1996,757,15,2,-2.8428573608398438,0.00471715,-0.008179408,False,777,-0.0013950252905488014,-0.000976996379904449,-0.013314586132764816
1996,771,15,2,-4.99530553817749,0.0011319256,-0.0009535122,False,786,-0.003191814525052905,-0.005492353346198797,0.00021510105580091476
1997,25,0,2,-3.671266555786133,-0.0061896276,0.0008330584,False,21,-0.005742916837334633,0.0005006837891414762,0.0007790853269398212
1997,67,1,2,-4.72875452041626,0.00771245,-0.003160553,False,89,0.003195743542164564,0.005792026408016682,-0.013469286262989044
1998,42,0,2,-2.9723217487335205,0.0035204696,0.0049350355,False,22,0.004862332250922918,-0.003062567673623562,0.009339464828372002
1998,209,4,2,-5.231146335601807,-0.004343739,-0.0110976985,False,242,-0.0013560581719502807,-0.00469517707824707,-0.003414840903133154
1998,552,11,2,-4.134087562561035,-0.009436903,0.0010883904,False,593,-0.003017754526808858,0.004071564879268408,0.0034359730780124664
1998,837,16,2,-4.436704158782959,-0.0067976476,-0.00015544891,False,846,0.002314987126737833,-0.0022249221801757812,0.011182107962667942
1999,27,0,2,-2.651730537414551,0.006027422,-0.0014983988,False,-1,,,
1999,72,1,2,-4.901924133300781,0.012309504,0.0056450274,False,94,0.006906566675752401,0.002117166528478265,-0.0018750764429569244
1999,240,4,2,-5.30640172958374,0.009987593,0.00038197517,False,230,0.001883230172097683,0.00795391108840704,-0.01567629724740982
1999,638,12,2,-5.873384952545166,0.00068350794,0.009051304,True,632,0.00033432961208745837,-0.0008152580121532083,0.009517383761703968
1999,728,14,2,-5.3669657707214355,-0.0041300585,0.00042990685,False,710,0.000765304546803236,0.004615831188857555,0.0007094386965036392
1999,901,18,2,-4.167787551879883,-0.0024129485,-0.006030779,False,911,-0.0029134750366210938,0.002692737616598606,-0.009224043227732182
2000,567,11,2,-3.062436103820801,-0.0010521078,-0.004724631,False,582,-0.001867103623226285,0.0035579968243837357,-0.009097623638808727
2000,792,15,2,-4.886796951293945,0.016475,-0.007563944,False,750,-0.0024677468463778496,-0.0038936901837587357,-0.022613000124692917
2001,73,1,2,-5.6115570068359375,0.0056293104,0.0067688846,False,57,0.007686348166316748,-0.004783696960657835,0.013609619811177254
2001,717,14,2,-3.4268617630004883,0.003388171,-0.000747447,False,746,0.012994389981031418,-0.0017923546256497502,0.010651126503944397
2003,607,12,2,-4.926990032196045,0.0027216815,-0.0004905891,False,645,0.003032092936336994,0.00131848338060081,-0.0014986610040068626
2003,935,18,2,-4.641605377197266,-0.011942549,-0.0031676674,False,943,-0.0014099025866016746,0.002055864315479994,0.00530911423265934
2005,95,1,2,-3.573392629623413,0.016287437,0.0019991351,False,65,0.011566519737243652,-0.00794531311839819,0.0052235322073102
2005,588,11,2,-4.120301723480225,-0.004631362,-0.0032890034,False,593,-0.0033691071439534426,0.0006750106695108116,-0.0027017593383789062
2006,47,0,2,-3.0084521770477295,0.0044082594,-0.004940286,False,19,0.0046704960986971855,0.0016083383234217763,-0.0062863873317837715
2006,87,1,2,-4.618348121643066,0.008777399,0.01189166,False,58,0.009737100452184677,-0.006107492372393608,0.01895885542035103
2006,197,3,2,-3.057893753051758,0.00028187275,0.0004407358,False,170,-0.0044927834533154964,0.0018451691139489412,-0.006179089657962322
2006,225,4,2,-3.746936082839966,0.0030809212,-0.0118869925,False,213,-0.004135909024626017,0.006756810937076807,-0.025860633701086044
2006,763,15,2,-5.561782360076904,-0.0010770703,-0.00797182,False,791,-0.00896606408059597,-0.00146935461089015,-0.0143914595246315
2006,933,18,2,-4.1364264488220215,0.0043503284,-0.00049728394,False,925,-0.00035982130793854594,-0.0021307754795998335,-0.0030766581185162067
2008,29,0,2,-4.524085998535156,-0.007691517,-0.003957825,False,26,0.0016252136556431651,-0.0022558688651770353,0.007614774629473686
2008,52,1,2,-5.563869476318359,-0.0034829902,-0.0067278673,False,77,0.0025279331021010876,-0.004816427361220121,0.004099483601748943
2008,462,9,2,-5.670506954193115,0.0057796193,-0.0031509972,True,458,0.0028061389457434416,0.00566973676905036,-0.011794214136898518
2008,471,9,2,-5.125300407409668,0.0010742759,0.0018900967,False,489,-0.005995722021907568,-0.0008635807316750288,-0.004316320642828941
2008,690,13,2,-5.40114164352417,-0.006033802,0.0019747256,False,660,0.003806314431130886,-3.323554847156629e-05,0.011848077178001404
2008,740,14,2,-3.267069101333618,-0.0018591976,-0.00059456826,False,749,-0.0009164857910946012,-0.005276703741401434,0.005624847486615181
2009,202,4,2,-5.540592193603516,0.008015213,0.0072324467,True,204,-0.0039018820971250534,-0.007778701838105917,0.003094053827226162
2009,494,9,2,-5.835782051086426,0.00061146735,0.00010848999,True,483,-0.009524230845272541,0.013230705633759499,-0.023257914930582047
2009,760,15,2,-5.967912197113037,-0.0014435101,0.004469986,True,-1,,,
2009,819,16,2,-4.661104202270508,0.00027979852,-0.0025245761,False,846,-0.0001952457387233153,0.001558980904519558,-0.004558601416647434
2010,231,4,2,-5.806608200073242,-0.0027452183,-0.0030049705,True,246,-0.0077294157817959785,-0.0012151622213423252,-0.006774005480110645
2010,424,8,2,-4.659704208374023,-0.005442896,-0.0027345372,False,416,0.0009997558081522584,0.0008915710495784879,0.002816543448716402
2010,491,9,2,-5.066969871520996,0.010977048,-0.0007777023,False,489,-0.0063551426865160465,-0.0006004715105518699,-0.017509423196315765
2010,664,13,2,-5.945796966552734,-0.005481377,-0.0002332592,True,652,-0.006768245715647936,0.005198469385504723,-0.006718596909195185
2010,825,16,2,-5.827564239501953,-0.002075405,0.004535141,False,805,-0.0017737675225362182,-0.0015289116417989135,0.006365690380334854
2010,860,17,2,-5.906437873840332,-0.0027745438,-0.0013563156,True,881,-0.0013501644134521484,-0.0018217754550278187,0.0018898393027484417
2011,466,9,2,-5.939742088317871,-0.00038758278,0.009249506,True,453,-0.004118156619369984,-0.0007952403975650668,0.00631417240947485
2011,539,10,2,-3.512721538543701,0.000829525,0.0007434559,False,545,-0.0006620693020522594,0.0002634239208418876,-0.0010115623008459806
2017,459,9,2,-4.946621894836426,-0.0016035556,0.0015864945,False,464,-0.003886432619765401,-0.0011707114754244685,0.00047432887367904186
2017,773,15,2,-5.3053388595581055,0.005130787,-0.0012795925,False,799,0.010173015296459198,0.0002400207449682057,0.0035226154141128063
2018,61,1,2,-5.549172878265381,0.0035201265,0.002347908,False,57,-0.0020291137043386698,-0.0022242069244384766,-0.0009771252516657114
2018,82,1,2,-5.321310520172119,-0.0042518713,-0.007074051,False,94,-0.008843813091516495,0.014259567484259605,-0.025925559923052788
2018,186,3,2,-2.4719696044921875,0.007189007,-0.0006717491,False,176,0.0005270910332910717,-0.002188577549532056,-0.005145087838172913
2018,839,16,2,-3.846977949142456,-0.002161007,-0.0015543986,False,838,-0.007101425901055336,-0.0015198374167084694,-0.004974979907274246
2019,139,2,2,-3.8981969356536865,0.0034228563,0.00042012692,False,129,0.0017938518431037664,8.093356882454827e-05,-0.0012898112181574106
2019,635,12,2,-4.799352169036865,-0.001996584,0.003249426,False,645,0.004715232644230127,-0.0019332218216732144,0.011894464492797852
2020,81,1,2,-5.8190131187438965,-0.0105278585,0.00096337317,True,62,-0.007109127007424831,0.0002888107264880091,0.004093294031918049
2020,689,13,2,-3.861835479736328,-0.0025665332,-0.0053076744,False,650,-0.0018037271220237017,0.0027313232421875,-0.007276191376149654
2021,629,12,2,-4.65081262588501,0.011529875,0.002767725,False,628,0.0027603721246123314,0.006475486792623997,-0.012477264739573002
2021,937,18,2,-4.031599044799805,-0.001160655,0.0046627186,False,941,-0.0017641735030338168,-0.0002643299230840057,0.00432353001087904
2022,59,1,2,-5.901659965515137,-0.004378147,0.009125633,True,62,-0.006034374237060547,0.0026928423903882504,0.004776563495397568
2022,163,3,2,-4.4704179763793945,1.8100738e-05,0.0026192188,False,188,0.0016470528207719326,0.0010074138408526778,0.003240757156163454
2027,457,9,2,-5.413459300994873,0.0076176166,-0.0003662014,True,483,0.005921859759837389,-0.004361438564956188,0.0022994810715317726
2027,536,10,2,-4.71828556060791,-0.0040875147,0.0011220836,False,513,0.0004755592381116003,0.0003178405750077218,0.005367316771298647
2029,155,3,2,-3.2940564155578613,-0.0033615495,0.0028497935,False,167,-0.003959188237786293,0.0002199459122493863,0.002032209187746048
2029,461,9,2,-3.8150851726531982,0.0020050525,0.0038495874,False,486,0.0008183193276636302,-0.00030265332316048443,0.0029655075632035732
2029,497,9,2,-4.5421295166015625,0.007116518,-0.001443758,False,480,0.0014314078725874424,0.003155622398480773,-0.010284489952027798
2029,700,14,2,-4.017343521118164,-0.0043867826,0.0016730881,False,723,0.0015517043648287654,0.0015460539143532515,0.0060655209235847
2031,24,0,2,-5.36971378326416,0.0017484856,-0.0025977802,False,23,0.008592157624661922,-0.0025381564628332853,0.006784048397094011
2031,85,1,2,-4.859985828399658,-0.005888281,0.007942114,False,80,-0.005009546410292387,-0.0005200385930947959,0.009340887889266014
2031,233,4,2,-5.0005974769592285,0.002334566,-0.011512403,False,230,0.0076390840113162994,0.0026921748649328947,-0.008900060318410397
2031,801,16,2,-3.0429527759552,0.0033373355,0.0091232825,False,845,0.0025142955128103495,0.0005936718080192804,0.007706570439040661
2031,810,16,2,-5.470412731170654,-0.011108303,-0.00029941558,False,823,-0.004001398105174303,-0.007576570380479097,0.01438406016677618
2031,931,18,2,-5.131682872772217,-0.0075846864,-0.00061470986,False,907,0.004208764992654324,0.002085580723360181,0.00909316074103117
2032,465,9,2,-5.898017883300781,-0.005952492,-0.0015247155,True,453,-0.004840402398258448,0.0021452712826430798,-0.0025578970089554787
2032,537,10,2,-3.9558629989624023,-0.001556449,-0.00038407327,False,519,0.00018312930478714406,-0.0029241801239550114,0.004279685206711292
2032,780,15,2,-4.675047397613525,-0.007946586,-0.019500036,False,795,0.005449065938591957,-0.0007237911340780556,-0.005380592308938503
2032,802,16,2,-2.833184242248535,-0.0036772727,-0.0033752155,False,808,0.0030939721036702394,-0.00561509607359767,0.009011125192046165
2033,273,5,2,-3.8130719661712646,0.0003440714,-0.0008348751,False,263,-0.002712078159675002,0.0016087007243186235,-0.005499725230038166
2033,788,15,2,-4.390103816986084,0.00943428,-0.002428999,False,776,0.006786985322833061,-0.003152132034301758,-0.0019241617992520332
2035,594,11,2,-5.562743663787842,-0.012072725,-0.0010852909,False,585,0.0014228438958525658,0.0009285545093007386,0.011481723748147488
2035,833,16,2,-4.968263626098633,-0.008066168,-0.0009795761,False,847,-0.006491403561085463,0.0040976619347929955,-0.00350247323513031
2035,892,17,2,-5.0336384773254395,0.012765941,0.012215099,False,893,-0.010021448135375977,0.005470790900290012,-0.016043081879615784
2035,928,18,2,-4.851905822753906,0.00023922921,0.0011769772,False,913,-0.0005580615834333003,0.004369058646261692,-0.003989372402429581
2037,83,1,2,-3.579369068145752,0.002021017,-0.009473209,False,68,-0.010778474621474743,-0.00692421430721879,-0.015348486602306366
2037,203,4,2,-4.862926959991455,-0.0010830212,-0.007394476,False,223,0.0033091448713093996,0.0069191548973321915,-0.009921465069055557
2038,515,10,2,-3.6209094524383545,0.0014324475,-0.0002438593,False,527,-0.00035618781112134457,0.0029811905696988106,-0.005013685207813978
2038,559,11,2,-4.352020740509033,-0.00064992905,0.007044582,False,581,0.0057990457862615585,0.0005307197570800781,0.012962836772203445
2038,731,14,2,-3.7031664848327637,-0.003531623,-0.0025688792,False,706,0.001995411003008485,0.0015548563096672297,0.0014032984618097544
2038,779,15,2,-5.806955337524414,-0.0072406675,-0.0020995236,False,778,-0.0051076412200927734,0.007059278432279825,-0.007025775499641895
2038,789,15,2,-5.050634384155273,0.005707283,0.004583931,False,750,-0.006759128533303738,-0.004353332333266735,-0.0035291481763124466
2038,898,17,2,-5.7070159912109375,-0.020456381,-0.004343557,False,851,0.0034289169125258923,0.003633680287748575,0.01590805873274803
2040,226,4,2,-4.9443888664245605,-0.0083065415,0.0032668782,False,230,0.007340040057897568,0.003082819050177932,0.015830639749765396
2040,769,15,2,-5.087514877319336,0.0051554395,0.0018290043,False,750,-0.0068328189663589,-0.0030857466626912355,-0.007073507644236088
2043,238,4,2,-4.319153308868408,0.012201777,-0.00481328,False,244,-0.010120701976120472,-0.002616777317598462,-0.02451898157596588
2043,340,6,2,-4.812408447265625,-0.0068470095,-0.003025217,False,319,0.0023537541273981333,-0.0016440105391666293,0.007819557562470436
2044,564,11,2,-3.7906441688537598,0.0010021162,0.0043006227,False,595,0.003932232968509197,-0.001408371957950294,0.008639112114906311
2044,569,11,2,-4.7928032875061035,-0.007120905,0.0003071499,False,563,0.005637588445097208,-0.002222518902271986,0.015288162045180798
2044,608,12,2,-4.898520469665527,0.00281909,0.0016145039,False,606,-0.007205629255622625,-0.0021576308645308018,-0.006252584513276815
2044,869,17,2,-5.893063068389893,0.0012403679,-0.0009784889,True,880,-0.0007202625274658203,0.0016965961549431086,-0.0046357158571481705
2047,228,4,2,-3.0998682975769043,0.015565777,0.0009968948,False,221,0.004558057989925146,0.0007922029471956193,-0.01080302707850933
2047,495,9,2,-4.125039577484131,-0.00172122,0.00084070204,False,467,0.01222146488726139,0.0034326028544455767,0.011350784450769424
2048,636,12,2,-5.952853202819824,-0.00071850774,0.0030383968,True,640,-0.0010371017269790173,-0.00039628983358852565,0.0031160926446318626
2048,683,13,2,-5.719991683959961,-0.0009904766,-0.005085239,False,652,7.320404256461188e-05,0.0008037853403948247,-0.00482534384354949
2051,322,6,2,-2.8065550327301025,0.010844593,-0.00013660907,False,318,-0.006293392274528742,0.0018704843241721392,-0.01914507895708084
2051,324,6,2,-4.706017017364502,-0.0018995762,0.003133564,False,337,0.001363992691040039,2.3422240701620467e-05,0.006373710464686155
2051,774,15,2,-4.920258522033691,-0.002487526,0.0015869236,False,768,-0.011322793550789356,0.007359552197158337,-0.014607896097004414
2051,784,15,2,-5.788889408111572,-0.0013770771,-0.003707285,True,759,-0.0014406394911929965,-0.0049146367236971855,0.0011437891516834497
2052,45,0,2,-5.351841926574707,-0.0067507364,-0.011536913,False,37,0.00279796589165926,-0.0029182243160903454,0.0009300136007368565
2052,909,18,2,-4.829432010650635,-0.0015251446,0.0007934284,False,913,0.0012999916216358542,0.0014043236151337624,0.0022142408415675163
2056,303,6,2,-3.789262056350708,-0.0038440037,0.0018047047,False,342,0.0006456375122070312,-0.0024355268105864525,0.008729873225092888
2056,472,9,3,-2.285555601119995,-0.004774623,0.001442132,False,-1,,,
2056,786,15,2,-5.008144855499268,-0.00016547203,-0.007797022,False,750,-0.0013745498144999146,0.0015672397566959262,-0.010573339648544788
2057,224,4,2,-5.8284592628479,0.0007954407,0.0011482716,True,236,0.0005803299136459827,0.002257337560877204,-0.0013241767883300781
2057,610,12,2,-5.18324089050293,0.0078026964,-0.0041891863,False,611,0.008322830311954021,-0.001952428836375475,-0.0017166230827569962
2058,232,4,2,-5.780227184295654,-0.003038187,0.0031653023,False,245,0.0019551373552531004,-0.0021006965544074774,0.010259322822093964
2058,243,4,2,-4.942689418792725,-0.012046585,0.0011603546,False,230,0.008154268376529217,0.00474925059825182,0.01661195605993271
2058,624,12,2,-3.7814953327178955,0.0013290787,0.008479562,False,601,-0.00304272654466331,0.0004056358302477747,0.003702120389789343
2058,699,13,2,-4.3242998123168945,0.00527586,8.1281665e-05,False,671,-0.0006205749232321978,-0.0022728252224624157,-0.003542328020557761
2060,637,12,2,-3.2978532314300537,0.009954572,-0.001115942,False,-1,,,
2060,749,14,2,-3.4143543243408203,-0.0050637866,-0.0025666142,False,732,0.0006213617161847651,0.0017279768362641335,0.0013905572704970837
2062,67,1,2,-5.0443315505981445,-0.00035953522,0.0032059287,False,80,-0.010625009424984455,0.0009397411486133933,-0.00799928605556488
2062,227,4,2,-4.399547576904297,0.0067342566,0.0037334252,False,211,-0.0061141871847212315,-0.006120672449469566,-0.002994346199557185
2063,380,7,2,-4.1737470626831055,0.0009972954,0.0005451202,False,386,0.0022297478280961514,-0.0018891810905188322,0.00366675341501832
2063,455,9,2,-5.9742536544799805,-0.0041539385,0.019707603,True,481,-0.001335248933173716,0.005725221708416939,0.016801072284579277
2065,231,4,2,-5.800384044647217,0.00028918267,0.0008926487,True,246,0.002619619481265545,-0.0015091800596565008,0.004732266068458557
2065,946,18,2,-4.445878028869629,-0.003699608,-0.0024159432,False,943,0.00568311708047986,0.0026324368081986904,0.004334344994276762
2066,890,17,2,-5.9742536544799805,-0.0065112305,0.0006215477,True,880,-0.0006700229714624584,0.007101354654878378,-0.0006385995075106621
2066,918,18,2,-3.837141990661621,0.010784769,-0.0014053058,False,923,0.0011232518590986729,-0.0040554143488407135,-0.007011409383267164
2069,169,3,2,-5.43330717086792,-0.005142374,-0.0022660731,False,173,0.0024671650025993586,-0.00039013862260617316,0.005733604542911053
2069,915,18,2,-4.0274977684021,0.0017529965,-0.004256849,False,911,0.003224001033231616,0.00320855132304132,-0.0059943958185613155
2070,94,1,2,-4.672866344451904,0.012172489,0.0017972088,False,64,-0.0022154999896883965,0.006259469781070948,-0.018850252032279968
2070,621,12,2,-5.9413251876831055,-0.001972971,0.0016273499,True,604,-0.0005263233324512839,0.002100934972986579,0.000973062589764595
2070,634,12,2,-4.745461940765381,0.0021769523,0.00097304344,False,606,-0.0040443227626383305,-0.0008747386746108532,-0.004373492673039436
2070,805,16,2,-5.753028392791748,0.0025293827,-0.0008403683,True,840,0.0027223967481404543,-0.004089632071554661,0.003442277666181326
2071,791,15,2,-5.2207350730896,0.0043381024,-0.0036011888,False,765,-0.0015594292199239135,0.004658050369471312,-0.014156770892441273
2071,970,19,2,-4.394010543823242,-0.006530991,0.0008449268,False,985,-0.006115245632827282,-0.0007660388946533203,0.002026710659265518
2072,189,3,2,-3.0393426418304443,0.008812322,-0.007103133,False,170,-0.0001649188925512135,-0.0035641146823763847,-0.012516259215772152
2072,761,15,2,-5.400676727294922,-0.012376747,0.00018821716,False,778,0.002918787067756057,0.005703630391508341,0.00978012103587389
2073,6,0,2,-3.83305025100708,-0.001707778,-0.0007478571,False,0,0.007977791130542755,-0.006373147945851088,0.015310860238969326
2073,739,14,2,-3.4504947662353516,0.0042151976,0.0006461477,False,732,0.0008157110423780978,-0.0006783580756746233,-0.002074980875477195
2074,16,0,2,-3.700201988220215,-0.007779002,0.00029314996,False,12,0.0056647444143891335,-0.008900103159248829,0.02263699844479561
2074,494,9,2,-5.847402095794678,-0.0026772309,-0.0025370312,False,481,0.0021170235704630613,-0.0009134006686508656,0.0031706239096820354
2074,552,11,2,-4.036242961883545,0.0029953194,-0.0026996708,False,592,-0.007676077075302601,-0.0005512428469955921,-0.012819824740290642
2074,605,12,2,-3.428327798843384,0.0066690207,-0.00885364,False,615,0.00624068733304739,-0.002065029228106141,-0.007216944359242916
2074,755,15,2,-5.299246788024902,-0.007964793,-0.002122488,False,778,0.004895753692835569,0.004446268081665039,0.006291790399700403
2074,798,15,2,-5.663335800170898,0.0025937748,0.0007202721,True,759,-0.006017713341861963,0.0005160903674550354,-0.008407306857407093
2075,71,1,2,-4.694456577301025,0.009958658,-0.016647682,False,75,-0.004600258078426123,-0.002984552411362529,-0.028222044929862022
2075,82,1,2,-5.9742536544799805,-0.012376175,0.002807417,True,-1,,,
2075,388,7,2,-3.5968966484069824,0.0031587314,-0.0009005451,False,391,0.0010509634157642722,-0.00035470962757244706,-0.0026536034420132637
2075,532,10,2,-2.816070795059204,-0.0026371765,-0.00031503677,False,543,0.0019579934887588024,-5.0878523325081915e-05,0.004331011790782213
2076,42,0,2,-3.250818967819214,-0.008138079,-0.0024296187,False,39,0.004356193356215954,-0.0001334285771008581,0.010198082774877548
2076,158,3,2,-2.987884759902954,-0.0028754806,-0.0010813713,False,170,-0.0007703971932642162,-0.0030493116937577724,0.004073023796081543
2076,234,4,2,-4.117341995239258,0.014365587,-0.0049317647,False,214,-0.0031569814309477806,-0.0007025623344816267,-0.02175177074968815
2076,796,15,2,-4.6910481452941895,4.957199e-05,-0.0009780121,False,795,-0.0018984222551807761,-0.007170095574110746,0.004244089126586914
2077,144,2,2,-4.742974281311035,0.0042228415,0.0027021503,False,104,0.003683986607939005,0.0013622379628941417,0.0008010573219507933
2077,222,4,2,-5.806265830993652,-0.001877718,-0.000903368,True,217,0.001509008463472128,0.002089548157528043,0.0003938103327527642
2077,492,9,2,-5.754749774932861,0.0040585613,0.001523962,True,481,0.0004187774611636996,-0.0005237388540990651,-0.001592082902789116
2077,763,15,2,-5.940398216247559,-0.0036998845,-0.00067710876,True,759,-0.0060979463160037994,-0.0007068157428875566,-0.0023683549370616674
2079,14,0,2,-3.8992581367492676,-0.0071542454,-0.011713552,False,2,0.0016519165365025401,0.00020208358182571828,-0.003109473967924714
2079,52,1,2,-5.472851276397705,0.0040469454,-0.004034319,True,77,-0.005803251173347235,0.00678037665784359,-0.020664893090724945
2079,241,4,2,-4.816573143005371,0.0052856924,-0.0014843463,False,230,0.0035473250318318605,0.00325464247725904,-0.006477356422692537
2079,249,4,2,-5.315709590911865,-0.0010665036,-0.0037623406,False,242,0.0020315838046371937,0.007440481334924698,-0.008104734122753143
2080,315,6,2,-3.1314761638641357,-0.006597409,-0.0044099567,False,317,-0.003730945521965623,-0.00059369090013206,-0.0009498023428022861
2080,887,17,2,-4.51026725769043,0.007843389,0.0014621258,False,894,0.0010925483657047153,-0.0036866283044219017,-0.001602086704224348
2081,343,6,2,-5.161689281463623,0.011206179,-0.0046509267,False,311,-0.0025319671258330345,0.003999290522187948,-0.022388363257050514
2081,478,9,2,-5.9742536544799805,-0.01024764,0.0028696633,True,481,0.00014541625569108874,0.0005193328834138811,0.012743387371301651
2081,814,16,2,-5.191077709197998,0.0039105606,0.0018964291,False,820,0.0013256454840302467,0.0017402649391442537,-0.0024287509731948376
2081,837,16,2,-4.943273544311523,-0.010561648,-0.0071605206,False,847,0.0014648723881691694,-0.009950523264706135,0.014816522598266602
2083,99,1,3,-4.546883583068848,0.021410447,-0.006072645,False,89,-0.0021542548201978207,-0.008579692803323269,-0.021057652309536934
2083,653,13,2,-4.4183759689331055,0.006311846,-0.0023223208,False,671,-0.004142856691032648,-0.0031932638958096504,-0.009583760052919388
2083,850,17,2,-5.800195693969727,-0.0022902489,-0.0002592659,True,856,-0.002655687276273966,-0.002504796953871846,0.001880092779174447
2084,331,6,2,-3.2024035453796387,0.008046255,0.0012353897,False,317,-0.003278007498010993,-0.00032905579428188503,-0.009759817272424698
2084,465,9,2,-5.76535177230835,0.0021343804,0.008829661,True,463,0.002309818286448717,0.0025099562481045723,0.006495142355561256
2084,484,9,2,-4.656623363494873,-0.016390324,0.0088972375,False,451,0.013904476538300514,-0.002809181110933423,0.04200121760368347
2084,558,11,2,-4.282135486602783,-0.005629988,0.0091740135,False,581,0.0023795412853360176,0.0022804737091064453,0.014903069473803043
2086,69,1,2,-4.501683235168457,0.0032229805,-0.0042819404,False,89,-0.0016240120166912675,-0.00822246540337801,-0.0009064674377441406
2086,662,13,2,-4.839935779571533,-0.003008194,-0.0006011486,False,661,0.007148161064833403,-0.002375097246840596,0.011930303648114204
2086,772,15,2,-5.783730983734131,0.002285719,0.00043165206,True,759,-0.006905489135533571,0.005272235721349716,-0.014031791128218174
2086,836,16,2,-2.8337225914001465,-0.0033290528,0.0015524578,False,812,0.0007234954973682761,-0.0006644058157689869,0.006269412115216255
2088,259,5,2,-3.4284603595733643,0.00026697636,0.0024046756,False,257,0.0034533070866018534,-0.00027047633193433285,0.005861482582986355
2088,474,9,2,-5.973701000213623,-0.010905409,0.009927016,True,463,0.000736398680601269,0.004694147035479546,0.016874676570296288
2088,756,15,2,-5.9742536544799805,-0.009404916,0.0046838475,True,759,-0.007063312456011772,0.006052522454410791,0.000972929410636425
2088,928,18,2,-4.819918632507324,0.00010375977,0.0044874097,False,930,-0.002323150634765625,0.005195131525397301,-0.0031346320174634457
2089,186,3,2,-2.716113805770874,-0.0060068415,0.0027762032,False,176,0.0004475402820389718,-0.009368586353957653,0.018599171191453934
2089,758,15,2,-3.8030033111572266,0.009002724,-0.013094225,False,754,0.0020880841184407473,0.00036164760240353644,-0.02037051133811474
2090,21,0,2,-3.0918972492218018,0.0090281535,0.0014681054,False,39,0.002452688291668892,0.004773378372192383,-0.009880738332867622
2090,459,9,2,-4.5672712326049805,0.0052581406,-0.0021208953,False,456,0.0025693702045828104,0.004924116190522909,-0.009733782149851322
2090,663,13,2,-5.407313823699951,0.010765314,-0.005359335,True,688,-0.008202762342989445,0.001727523747831583,-0.02605493552982807
2090,969,19,2,-5.013031005859375,-0.00879077,0.0016036606,False,964,-0.002151699038222432,0.001748952898196876,0.006493777967989445
2091,143,2,2,-4.944406509399414,0.00032307624,0.006127758,False,119,-0.0008250522660091519,-0.0008165645413100719,0.005796194076538086
2091,827,16,2,-4.758242130279541,0.008154764,0.0026829052,False,800,-0.0007700061541981995,-0.0007749557262286544,-0.005466909147799015
2092,248,4,2,-5.8431878089904785,-0.0020679282,-0.0018220043,True,245,-0.007202052976936102,0.0008643913315609097,-0.007820520550012589
2092,680,13,2,-5.2262163162231445,-0.011623612,-0.0067255115,False,694,0.006212883163243532,0.0004030036798212677,0.010707980021834373
2093,62,1,2,-5.892355442047119,-0.00267128,-2.5224686e-05,True,76,-0.00017262458277400583,0.01181982085108757,-0.009346390143036842
2093,489,9,2,-5.359671592712402,-0.0023188018,-0.001124239,False,499,-0.0033443260472267866,-0.006188125815242529,0.004038362763822079
2095,81,1,2,-5.644217491149902,0.005473633,0.014197579,True,76,0.0004717254778370261,0.010404004715383053,-0.0012083332985639572
2095,240,4,2,-4.780399322509766,0.008483009,0.0038582229,False,218,0.0034968089312314987,-0.007873287424445152,0.006745309568941593
2095,310,6,2,-3.691279172897339,0.0017757034,-0.004623637,False,305,0.003563246689736843,0.0004468202532734722,-0.003282913938164711
2095,454,9,2,-5.891692638397217,-0.0017205047,0.010812454,False,463,0.0024765110574662685,0.0025732326321303844,0.012436237186193466
2095,779,15,2,-5.713520526885986,0.0025403977,0.012130861,True,-1,,,
2095,867,17,2,-5.410372257232666,-0.0058347797,0.0015699768,False,865,-0.0020292378030717373,0.008910980075597763,-0.003535461612045765
2096,377,7,2,-3.9622995853424072,0.004035878,-0.00094609737,False,373,0.0007226323941722512,0.000517997716087848,-0.004777340684086084
2096,483,9,2,-5.803103446960449,-0.012715072,0.006909647,False,463,0.0031878375448286533,0.001368341501802206,0.02144421637058258
2097,35,0,2,-3.316542148590088,0.008613033,0.0024567128,False,39,-0.004591312259435654,0.004774551372975111,-0.015522184781730175
2097,101,2,2,-3.6046111583709717,-0.003840103,-0.00560904,False,106,0.004289822652935982,-0.002559170825406909,0.005080056376755238
2097,565,11,2,-4.302936553955078,-0.0040907096,0.006353507,False,554,0.000620994542259723,0.0004864692746195942,0.010578741319477558
2097,737,14,2,-3.162684679031372,-0.0047139456,-0.0010871601,False,726,-0.0012888669734820724,-0.0009863519808277488,0.0033242704812437296
2097,799,15,2,-5.1216654777526855,0.0017208958,-0.007134333,False,765,0.0026237964630126953,-0.00537513755261898,-0.000856294296681881
2097,854,17,2,-5.039731502532959,0.007562294,0.0054714107,False,893,-0.0021737385541200638,0.0073873139917850494,-0.011651935987174511
2098,453,9,2,-5.564228057861328,0.0071578883,-0.0031997298,True,473,0.004630832467228174,0.005596628412604332,-0.011323414742946625
2098,806,16,2,-5.92067813873291,-0.0022177314,0.0035299016,True,823,-0.005309562664479017,0.011975431814789772,-0.011537361890077591
2099,468,9,2,-5.802407264709473,-0.0050022793,-0.0034369277,True,463,0.0046147252433001995,-0.0008996296091936529,0.007079706527292728
2099,861,17,2,-5.570234775543213,-0.0034714127,0.008589926,False,888,-0.0013619613600894809,0.00020876884809695184,0.010490608401596546
2102,32,0,2,-3.999997615814209,0.011766672,-0.0012940407,False,31,0.0013696289388462901,-0.005594158079475164,-0.006096926052123308
2102,74,1,2,-4.130551338195801,0.015382146,-0.0055590915,False,68,-0.008570523001253605,-0.00973241776227951,-0.019779343158006668
2102,117,2,2,-3.9593112468719482,0.00013566017,0.0045215418,False,108,0.004643993452191353,-0.0020867919083684683,0.011116666719317436
2102,578,11,2,-2.679222583770752,-0.0018859482,-0.0030355358,False,-1,,,
2103,841,16,2,-5.8425211906433105,-0.0068595316,-0.0006980133,True,822,-0.0005960273556411266,-0.0004143905534874648,0.005979881621897221
2103,953,19,2,-4.246096611022949,0.005627899,0.0018228722,False,955,0.004605731926858425,0.0018601417541503906,-0.0010594367049634457
2104,53,1,2,-3.482325792312622,0.01446116,0.016314516,False,-1,,,
2104,642,12,2,-1.3549138307571411,0.0023584103,-0.0016921067,False,-1,,,
2106,59,1,2,-5.186739444732666,0.0023564529,-0.00086961745,False,98,0.0010760307777673006,-0.0065529439598321915,0.0044029043056070805
2106,168,3,2,-5.293763637542725,0.0044540693,-0.0060579013,False,156,0.0022824478801339865,-0.0008497905801050365,-0.0073797316290438175
2106,205,4,2,-5.586238384246826,-0.0073490427,-0.007491999,False,207,0.004575500264763832,-0.004610481206327677,0.009043024852871895
2106,666,13,2,-4.700879096984863,0.00080687524,0.0013574314,False,697,-0.0021156310103833675,-0.0042945099994540215,0.0027294352184981108
2106,740,14,2,-3.3746747970581055,-0.0014891911,0.0005496931,False,732,0.0024006604216992855,-0.0014526605373248458,0.00589220505207777
2106,852,17,2,-5.969117164611816,0.0001027298,0.0033502292,True,886,0.0011768722906708717,0.006672496907413006,-0.0022481251507997513
2107,309,6,2,-4.755406379699707,0.016411247,0.00036346435,False,334,0.0004326820489950478,-0.006230592727661133,-0.00938450824469328
2107,919,18,2,-5.821260929107666,-0.0008074093,0.0013718605,False,927,-0.004659957718104124,0.005493707489222288,-0.007974395528435707
2108,576,11,2,-3.124070644378662,-0.005511727,0.0033153724,False,553,-0.002909383736550808,0.00024264334933832288,0.005675072781741619
2108,924,18,2,-5.2569990158081055,0.0069533633,-0.0032599736,False,936,0.0006724548293277621,-0.0013223076239228249,-0.008218574337661266
2109,471,9,2,-4.691888332366943,0.009672251,0.011097822,False,451,0.003990164026618004,-0.001767807058058679,0.007183542940765619
2109,582,11,2,-3.150995969772339,-0.0021765805,0.0016049766,False,553,-0.003516879165545106,0.000944056489970535,-0.0006793783977627754
2112,247,4,2,-5.928943634033203,-0.0019331456,0.0006955433,True,245,-0.0006672000745311379,0.00032618522527627647,0.0016353036044165492
2112,614,12,2,-5.600795745849609,-0.006520243,-0.0038537693,False,630,-0.0016622352413833141,-0.003349876496940851,0.004354114644229412
2116,20,0,2,-4.130187511444092,0.0021999741,0.00329144,False,1,-0.002507705707103014,-8.103370782919228e-05,-0.0013352062087506056
2116,625,12,2,-5.4211812019348145,-0.009597263,-0.0010068321,False,639,0.0016056442400440574,-0.008352842181921005,0.018548917025327682
2123,24,0,2,-5.950584888458252,-0.0053460025,0.00033452033,True,43,0.0007600784301757812,-0.00033868791069835424,0.006779289338737726
2123,216,4,2,-5.203846454620361,-0.02133028,-0.0041659353,False,202,-0.0007445525843650103,-0.0027822114061564207,0.019202005118131638
2123,633,12,2,-5.2812299728393555,0.0068330765,0.002405138,False,611,-0.0015868567861616611,-0.0048172855749726295,-0.0011975099332630634
2123,670,13,2,-5.880347728729248,-0.004840908,0.0011062718,False,658,-0.0018823337741196156,-0.0012767505832016468,0.0053415969014167786
2126,326,6,2,-3.6705424785614014,-0.00021582603,-0.0017613411,False,320,0.0011221552267670631,0.0036502217408269644,-0.004073581658303738
2126,496,9,2,-4.575711727142334,0.0022447396,-0.002769842,False,491,0.006029300857335329,-0.0048974608071148396,0.005912180058658123
2127,22,0,2,-3.8787593841552734,-0.0054649543,0.0028747607,False,2,0.0009503221372142434,-0.008265313692390919,0.017555352300405502
2127,41,0,2,-5.406010150909424,0.01136487,0.003345213,True,23,0.0038126849103718996,-0.00102684972807765,-0.0031801220029592514
2127,73,1,2,-4.936306953430176,0.007944584,-0.004610758,False,75,-0.0033797072246670723,0.008108816109597683,-0.024043865501880646
2127,116,2,2,-4.160944938659668,-0.015515633,0.002898836,False,139,-0.00444187643006444,-0.0032181167043745518,0.017190709710121155
2127,428,8,2,-3.8507461547851562,0.00025387763,0.0008980608,False,440,0.002372961025685072,-0.0004652690840885043,0.0034824134781956673
2127,488,9,2,-4.8866400718688965,0.0005733108,-0.004708891,False,451,0.0031074618455022573,-0.006646423134952784,0.004471682943403721
2127,547,10,2,-4.445355415344238,0.00043223382,-0.0029158783,False,524,-0.0011019515804946423,-0.0009787178132683039,-0.0034713458735495806
2127,942,18,2,-3.5489468574523926,-0.0003616953,-0.001271348,False,920,-0.003085565520450473,0.0008086586021818221,-0.004803876858204603
2128,72,1,2,-5.269394874572754,-0.009155226,0.0012625885,False,90,0.01050608605146408,-0.011041393503546715,0.03196529299020767
2128,475,9,2,-3.733153820037842,0.0051775216,-0.0029807664,False,452,-0.005954041611403227,0.0009356641676276922,-0.015047993510961533
2128,636,12,2,-5.672903060913086,0.004723549,-0.00421648,True,620,-0.00577545166015625,-0.003244466846808791,-0.01147101353853941
2128,682,13,2,-5.9098591804504395,-0.004747076,0.00022706031,True,685,-0.0016831111861392856,0.007804603781551123,-0.004513578489422798
2129,679,13,2,-4.3324666023254395,-0.0011460686,-0.015624981,False,677,-0.003921718802303076,0.0036512946244329214,-0.02205192670226097
2129,755,15,2,-5.554584503173828,-0.006163559,-0.0034863758,False,752,-0.00984331127256155,-0.0015576552832499146,-0.005608472507447004
2130,493,9,2,-5.9742536544799805,-0.001223135,0.00079339027,True,462,0.0024886704050004482,0.0039779855869710445,0.0005272100679576397
2130,698,13,2,-3.904682159423828,-0.005442057,0.0018599463,False,656,-0.002537274267524481,0.002541932975873351,0.002222795970737934
2132,356,7,2,-3.4676403999328613,0.006587629,0.0028997993,False,357,-0.000969471933785826,0.00100380415096879,-0.005661105737090111
2132,481,9,2,-5.91441011428833,0.0002621269,0.00079190254,False,457,-0.007143659517168999,0.006300840526819229,-0.01291472464799881
2133,470,9,2,-5.002772331237793,0.0066211415,0.0018787193,False,464,0.002626276109367609,-0.0011394501198083162,-0.0009766959119588137
2133,753,15,2,-5.333856582641602,-0.008542252,-0.008795023,False,773,-0.002232456114143133,-0.002853489015251398,0.0003682617098093033
2134,492,9,2,-5.474900722503662,0.0063437177,0.00014944076,False,466,-0.0034942913334816694,0.0010010242694988847,-0.010689591988921165
2134,504,10,2,-4.252590179443359,-7.951736e-05,-0.000409832,False,510,-0.00032006262335926294,-0.0011022377293556929,0.0004518604837357998
2135,239,4,2,-1.4135552644729614,0.0038717794,0.00663749,False,-1,,,
2135,450,9,2,-1.6331406831741333,-0.0074228523,0.0030981875,False,479,0.0003696274652611464,-0.009038729593157768,0.019929395988583565
2136,80,1,2,-5.437500953674316,-0.011637669,0.0059840297,False,98,-0.0013107586419209838,-0.007922573015093803,0.024233514443039894
2136,199,3,2,-3.9653146266937256,-0.0015588808,-0.0018876218,False,190,-0.0009813595097512007,-0.001790118170902133,0.00048001762479543686
2136,231,4,2,-5.367377758026123,0.0064572524,0.004019184,False,202,-0.0021501160226762295,-0.002554302103817463,-0.0020338823087513447
2136,774,15,2,-4.656601428985596,0.0031606578,0.0011580181,False,793,0.003502416657283902,0.005176849197596312,-0.003677072236314416
2137,66,1,2,-4.860561370849609,0.009550924,0.007335081,False,89,-0.008657188154757023,-0.004743022844195366,-0.006130008492618799
2137,844,16,2,-3.290717840194702,-0.0015910673,-0.003970294,False,802,-0.004355335142463446,0.006887941155582666,-0.01362250279635191
2141,78,1,2,-5.532436847686768,0.00039017678,-0.005213108,False,98,-0.007332153152674437,-0.003807811765000224,-0.009127626195549965
2141,142,2,2,-2.3846256732940674,0.0065526245,0.0016092205,False,114,-0.000510258658323437,0.00423105712980032,-0.009684719145298004
2141,610,12,2,-5.906456470489502,-0.012563381,0.0042242147,False,612,-0.0016966057009994984,0.0005170440417714417,0.014573946595191956
2141,672,13,2,-3.369582176208496,-0.0017428255,-0.004876933,False,691,-0.0133408447727561,0.0011792135192081332,-0.017654165625572205
2142,0,0,2,-4.54020881652832,-0.015510273,0.0004974747,False,40,0.0030006885062903166,-0.0018750476883724332,0.020883483812212944
2142,484,9,2,-4.178041458129883,0.012917099,-0.011545363,False,490,-0.009401640854775906,-0.008167114108800888,-0.02569698914885521
2142,557,11,2,-3.3312501907348633,-0.0022687626,-0.0050482703,False,577,0.0025302839931100607,-0.0012563180644065142,0.0010070942807942629
2142,616,12,2,-3.3040883541107178,0.0062421896,0.0048924494,False,615,0.003163738176226616,0.00098053936380893,0.0008334587328135967
2142,759,15,2,-5.5711846351623535,0.00806138,-0.002094631,True,792,-0.007518634665757418,-0.0053159999661147594,-0.012358645908534527
2142,978,19,2,-3.296363353729248,-0.0042788456,0.00091847894,False,972,0.000611262337770313,0.006494784262031317,-0.0006861970759928226
2144,173,3,2,-5.422272205352783,-0.0012889671,0.0012048722,False,171,-0.00341033935546875,0.0019234752980992198,-0.0028399755246937275
2144,396,7,2,-4.312235355377197,-0.0008609104,0.0010443783,False,350,0.002500772476196289,0.0015939330914989114,0.00281212804839015
2144,655,13,2,-5.634530544281006,0.0046507264,0.0042745685,True,669,-0.0031616878695786,-0.00283704767934978,-0.0007007981184870005
2144,790,15,2,-5.86806058883667,-0.029263001,0.009747782,True,780,-0.00901578925549984,0.0007217979291453958,0.029273193329572678
2148,34,0,2,-4.4500908851623535,0.013925228,0.005057192,False,36,-0.0006463432218879461,-0.008721914142370224,-0.0007924661040306091
2148,79,1,2,-5.697113513946533,0.0055428026,-0.0055428026,True,51,-0.004048442933708429,-0.0037949562538415194,-0.011339091695845127
2148,157,3,2,-4.244015216827393,0.004083357,0.0033478737,False,188,-0.00032961845863610506,0.007487115915864706,-0.008552217856049538
2148,353,7,2,-3.4549427032470703,0.0005602741,-0.00042240618,False,357,0.0008845186093822122,0.0006174850277602673,-0.0007156467763707042
2150,478,9,2,-5.9742536544799805,-0.0054436876,0.0,True,463,-0.0010070514399558306,-0.002748775528743863,0.007185411639511585
2150,665,13,2,-5.218292236328125,0.0026591397,-0.0007343769,False,694,-0.0015564251225441694,-0.0031266212463378906,-0.0018233205191791058
2151,82,1,3,-5.448136806488037,0.010522337,-0.009767771,True,90,0.0012112330878153443,-0.010444622486829758,-0.008634250611066818
2154,97,1,2,-2.9866693019866943,0.0005975008,0.0075079584,False,93,-0.005869393236935139,-0.003925738390535116,0.004966802895069122
2154,782,15,2,-2.648759126663208,0.0043736934,-0.002990508,False,764,-0.00106344697996974,-0.01104067824780941,0.0026130294427275658
2156,14,0,2,-4.794434070587158,-0.0051370333,-0.007860679,False,48,0.0037016677670180798,0.007493810728192329,-0.006515788845717907
2156,77,1,2,-5.261407852172852,0.0014351272,-0.0037797927,False,90,0.0026851750444620848,-0.011507730931043625,0.008977986872196198
2156,197,3,2,-2.9255664348602295,0.0004109478,-0.0011821747,False,167,0.002813959028571844,0.006242175120860338,-0.005021338351070881
2156,249,4,2,-5.485295295715332,0.00027380942,-0.0047207163,False,200,0.004621333908289671,0.0039373780600726604,-0.004310569725930691
2156,416,8,2,-4.329728603363037,0.0063572503,-0.001885519,False,429,0.0013049411354586482,-0.0025014972779899836,-0.004436330869793892
2156,458,9,2,-5.1600871086120605,-5.683899e-06,-0.0063584424,False,466,0.0011902141850441694,-0.009314317256212234,0.004151773173362017
2160,165,3,2,-4.645049571990967,-0.004072151,0.0021909617,False,185,-0.003220882499590516,-0.0018463897285982966,0.004888619761914015
2160,201,4,2,-5.851864814758301,0.0024477767,0.00032981872,True,217,-0.0038095093332231045,0.004437227267771959,-0.010364694520831108
2160,233,4,3,-5.894734859466553,-0.0029909802,-0.0012813377,True,217,-0.0038095093332231045,0.004437227267771959,-0.006537094246596098
2160,603,12,2,-5.41448974609375,-0.012025928,-0.0017242241,False,618,0.004575224127620459,-0.00017041206592693925,0.015047339722514153
2160,827,16,2,-4.363936901092529,0.0079320045,-0.0030531692,False,804,-0.0016996002523228526,0.0010175514034926891,-0.013702325522899628
2162,626,12,2,-4.882417678833008,0.011938362,-0.0040949536,False,607,-0.000977907213382423,-0.00815205555409193,-0.00885916780680418
2162,944,18,2,-4.90596866607666,0.0037449074,0.0011923409,False,912,-0.004716577474027872,0.0028809451032429934,-0.010150089859962463
2163,208,4,2,-4.132715225219727,0.009471864,-0.0038508605,False,225,-0.0027515601832419634,-0.004208545666188002,-0.011865739710628986
2163,689,13,2,-4.767436981201172,-0.008040552,0.0065416717,False,667,0.007017793599516153,0.0007303237798623741,0.020869694650173187
2164,76,1,2,-4.8507866859436035,0.015602818,0.00033166885,False,68,-0.008050842210650444,-0.016680842265486717,-0.006641148589551449
2164,150,3,2,-2.9833202362060547,-0.00813221,0.0011333466,False,167,0.0036441755946725607,0.003998947329819202,0.008910785429179668
2166,94,1,2,-5.509982585906982,-0.017757082,0.0048427107,False,98,-0.007558154873549938,-0.003198280232027173,0.01823991909623146
2166,420,8,2,-4.157833576202393,-0.00033738135,0.0033198595,False,441,-0.0014089775504544377,-0.0034193324390798807,0.005667595658451319
2166,666,13,2,-4.549168109893799,0.004568758,0.004607973,False,667,0.004228553734719753,0.0025048828683793545,0.0017628860659897327
2166,880,17,2,-5.866382598876953,-0.0049439333,-0.002157421,True,869,0.002098512602970004,0.0017051792237907648,0.0031798456329852343
2167,7,0,2,-5.338347911834717,-0.008913222,0.0019793415,False,46,-0.0019224357092753053,-0.0005815696786157787,0.0095516974106431
2167,236,4,2,-5.835139274597168,-0.001476574,-0.0027822875,True,235,-0.00229815486818552,0.0027377032674849033,-0.006341571919620037
2167,499,9,2,-5.785522937774658,-0.0023041058,-0.003731699,False,463,-0.0030029392801225185,-0.002230844460427761,-0.002199687995016575
2167,839,16,2,-3.6192057132720947,0.005001874,-0.0012317371,False,811,-0.0024159527383744717,0.002151431981474161,-0.010800995863974094
2168,61,1,2,-5.957545280456543,0.00033416747,0.0030817508,True,57,-0.007953834719955921,-0.0009560012840665877,-0.0042502498254179955
2168,223,4,2,-3.4834442138671875,0.016515503,-0.0035920716,False,228,-0.012828516773879528,-0.004031004849821329,-0.02890508621931076
2168,739,14,2,-3.228391408920288,0.0049563646,0.0017713213,False,725,-0.0027751969173550606,-0.005924925673753023,-3.5314587876200676e-05
2168,796,15,2,-4.877628326416016,-0.004170113,0.012969046,False,769,0.0008034133934415877,-0.008144798688590527,0.02608737163245678
2169,37,0,2,-5.8629150390625,-0.0047364617,-0.0016162491,False,11,-0.0036338139325380325,0.0025640393141657114,-0.0030776404310017824
2169,107,2,2,-5.471780776977539,0.005961542,0.003043499,False,118,-0.007863778620958328,0.0047548389993608,-0.015536661259829998
2170,443,8,2,-4.133874416351318,-0.003505516,0.00012089729,False,434,0.00024199485778808594,0.0033888958860188723,0.00047951238229870796
2170,697,13,2,-4.49014949798584,0.00783143,0.0047265245,False,671,0.0008773899171501398,0.004267425742000341,-0.0064949411898851395
2172,333,6,2,-4.97765588760376,-0.0037795638,0.0025397586,False,334,-0.003913469146937132,0.00014739036851096898,0.0022584632970392704
2172,684,13,2,-5.22871208190918,0.006395111,0.0077431295,False,668,0.002472515217959881,-0.010658149607479572,0.014478683471679688
2175,13,0,2,-4.755549430847168,-0.0070863054,0.0018914128,False,8,-0.001987352268770337,-0.002997598610818386,0.009987965226173401
2175,122,2,2,-4.038313388824463,0.0061569307,-0.0022167682,False,129,-0.001128554344177246,0.001433796831406653,-0.010936049744486809
2176,87,1,3,-4.822317123413086,-0.014703579,-0.012326146,False,68,-0.011619682423770428,-0.008574294857680798,-0.0006679538637399673
2177,44,0,2,-3.3179569244384766,-0.008399529,-0.0043179514,False,38,0.008534503169357777,-0.0007349539082497358,0.013351035304367542
2177,246,4,2,-5.778049945831299,0.0033927823,0.0042440225,True,215,-4.15611284552142e-05,7.211685442598537e-05,0.0007375622517429292
2177,627,12,2,-3.900461196899414,-0.0010907459,-0.0071939467,False,605,-0.00021833897335454822,0.004699015524238348,-0.011020555160939693
2177,962,19,2,-3.7844226360321045,-0.00076124666,-0.0005574513,False,995,0.0003336906374897808,-0.002160348929464817,0.0026978347450494766
2180,75,1,2,-4.42593240737915,0.011919442,-0.0018988228,False,60,-0.009508032351732254,-0.000986976665444672,-0.022339319810271263
2180,756,15,2,-5.95446252822876,-0.00440052,0.0009116173,True,787,-0.0072909165173769,0.0036787795834243298,-0.005657559260725975
2181,319,6,2,-5.2050461769104,-0.007903166,0.0067507266,False,348,0.005016269627958536,0.000496711756568402,0.019173450767993927
2181,424,8,2,-4.744449615478516,-0.0007549572,0.0009992504,False,401,-0.0046241856180131435,-0.0010993003379553556,-0.0017706776270642877
2181,451,9,2,-5.003648281097412,-0.0036687278,-0.0016449833,False,491,-0.008730240166187286,-0.005192871205508709,-0.0015136245638132095
2181,732,14,2,-3.7256879806518555,-0.004668841,-0.002199087,False,713,-0.0017233181279152632,-0.007221398409456015,0.007967834360897541
2182,294,5,2,-2.7918107509613037,0.0006560755,0.0023056746,False,296,0.0010568094439804554,-0.00023141861311160028,0.0029378272593021393
2182,344,6,2,-3.832214593887329,0.009535165,0.0029829026,False,342,-0.0002891445183195174,0.005738115403801203,-0.012579522095620632
2182,894,17,2,-4.076839923858643,0.009023723,-0.0082962895,False,897,-0.00030820845859125257,-0.009485654532909393,-0.008142566308379173
2182,903,18,2,-4.663799285888672,-0.0050739096,-0.0035593128,False,901,-0.003623352153226733,0.001895856810733676,-0.004004612099379301
2184,556,11,2,-5.452696323394775,0.00063614844,-0.0027380658,False,597,0.003709869459271431,-0.0033728694543242455,0.0037085246294736862
2184,715,14,2,-5.84513521194458,-0.0031626606,0.0128957275,False,702,-0.00579072954133153,-7.524490501964465e-05,0.01034290436655283
2185,20,0,2,-3.917703628540039,0.0027309228,0.00462575,False,6,-0.002964119892567396,0.0064276172779500484,-0.00749691016972065
2185,613,12,2,-4.205569267272949,-0.0080599645,-0.0015751076,False,609,-0.007684679236263037,-0.002031993819400668,0.0008321711793541908
2187,625,12,2,-5.529664039611816,-0.0018436718,-0.0014977646,False,611,-0.005709600634872913,-0.00039014816866256297,-0.004973545204848051
2187,662,13,2,-4.258719444274902,0.012041397,-0.0075744055,False,677,0.006082191597670317,0.004642333835363388,-0.018175944685935974
2188,207,4,2,-5.25866174697876,0.008456154,0.0030337619,False,203,0.0026198483537882566,-0.0008427524589933455,-0.001959791174158454
2188,952,19,2,-3.4973409175872803,-0.0014355897,-0.004480562,False,963,0.0009649133426137269,0.0026868439745157957,-0.004766902886331081
2189,50,1,2,-5.719905853271484,-0.014763164,-0.002275877,False,98,-0.006687059532850981,0.003771943971514702,0.0020282836630940437
2189,914,18,2,-3.28098464012146,-0.003432436,-0.0014960814,False,949,0.0025134992320090532,-0.007748632226139307,0.012198486365377903
2191,85,1,2,-4.479578495025635,-0.010778284,-0.001475687,False,60,-0.009334626607596874,-0.0021742344833910465,0.002142204437404871
2191,214,4,2,-3.3814876079559326,0.013250727,-0.00569571,False,213,-0.0017106723971664906,-0.013625569641590118,-0.0070315394550561905
2192,16,0,2,-4.144367218017578,-0.0073121213,-0.0026774884,False,25,-0.004018755163997412,0.0028087329119443893,-0.0021928553469479084
2192,798,15,2,-5.558619499206543,5.4769516e-05,-0.005182228,False,773,-0.00013358116848394275,-0.010207805782556534,0.004837226588279009
2193,161,3,2,-5.177053928375244,-0.008628159,-0.003508854,False,179,-0.00571207981556654,0.0006135177682153881,-0.0012062923051416874
2193,209,4,2,-5.791950225830078,0.001340332,0.008139353,True,235,-0.0007750988006591797,0.008994894102215767,-0.0029709716327488422
2193,695,13,2,-5.7117462158203125,-0.00039449692,0.010130577,False,696,0.002060842467471957,0.007717466447502375,0.00486844964325428
2193,760,15,2,-5.558351993560791,0.0030897523,-0.0032236194,False,773,-0.0026980210095643997,-0.008859138935804367,-0.00015225354582071304
2194,55,1,2,-3.8685076236724854,0.010840364,0.001051383,False,63,-0.011262603104114532,0.004843339789658785,-0.025894923135638237
2194,767,15,2,-3.468989372253418,0.0025466203,-0.014567528,False,777,-0.00033485889434814453,-0.006913495250046253,-0.010535511188209057
2194,815,16,2,-5.2154541015625,0.00038988114,-5.3806303e-05,False,805,0.010281868278980255,0.0013032436836510897,0.008534937165677547
2194,865,17,2,-4.145071029663086,0.017215662,-0.008255214,False,893,0.007809534203261137,-0.009097805246710777,-0.008563535287976265
2195,205,4,2,-5.951427459716797,0.0004565239,0.005104904,True,217,-0.0009536934085190296,0.004430332221090794,-0.0007356456480920315
2195,248,4,2,-5.8892974853515625,0.0016991234,0.003474474,True,232,-0.0018832492642104626,0.00796898826956749,-0.00807688757777214
2195,454,9,2,-5.93830680847168,-0.011744738,0.00031572342,False,465,-0.011000413447618484,0.00523578654974699,-0.004175740294158459
2195,828,16,2,-4.758318901062012,0.007802143,-0.00025963783,False,837,0.01088279765099287,0.0009677410125732422,0.0018532751128077507
2198,224,4,3,-5.946181297302246,-0.011070595,9.557724e-05,True,237,-0.0008705139043740928,0.006601228844374418,0.0036944295279681683
2198,377,7,2,-4.002556800842285,0.0006373692,-0.00058379176,False,384,-0.0021255970932543278,0.00021057605044916272,-0.003557333955541253
2198,557,11,2,-3.548750162124634,-0.00067397597,-0.0038234186,False,574,-0.0009042596793733537,-0.0010063457302749157,-0.003047356614843011
2198,565,11,2,-4.336531639099121,-0.006390829,-0.0031340027,False,588,-0.0032813167199492455,-0.0012704468099400401,0.0012459566351026297
2198,601,12,2,-3.7128045558929443,0.0017374563,-0.0034333754,False,624,-0.003998699132353067,-4.649162292480469e-05,-0.009123038500547409
2198,833,16,2,-5.163637161254883,-0.0004623604,-0.003712473,False,814,-0.003523588180541992,-0.002724971855059266,-0.004048728849738836
2198,864,17,2,-5.310572624206543,0.00770422,-0.005725746,False,896,-0.0033001613337546587,-0.0030379772651940584,-0.013692149892449379
2199,51,1,2,-5.9742536544799805,-0.0054681683,0.0026628112,True,71,0.00043091774568893015,-0.0008375549223273993,0.00939945224672556
2199,101,2,2,-3.773226022720337,0.0017238474,-0.0062134885,False,147,0.0030022335704416037,-0.0034777068067342043,-0.0014573959633708
2201,64,1,2,-5.269044399261475,-0.0065652276,-0.0016468907,False,68,-0.014639759436249733,-0.0055714319460093975,-0.004149990156292915
2201,141,2,2,-4.555367946624756,0.0026925087,-0.002270174,False,110,-0.005468006245791912,0.0004856872546952218,-0.010916376486420631
2201,602,12,2,-5.93422269821167,-0.009162435,0.0059438134,True,630,0.00016717911057639867,0.0032481669913977385,0.012025261297821999
2201,954,19,2,-2.5602121353149414,0.0004278183,-0.0016755628,False,-1,,,
2202,52,1,2,-5.9742536544799805,-0.0066986657,0.001610508,True,57,-0.00575287826359272,-2.0065308490302414e-05,0.0025763604789972305
2202,496,9,2,-4.89520263671875,-0.006415863,0.007938318,False,490,-0.006056108511984348,-0.005107822362333536,0.013405894860625267
2202,691,13,2,-3.013387680053711,0.0057146885,-0.001822319,False,-1,,,
2202,853,17,2,-4.209591865539551,-0.0028263472,0.006928716,False,882,-0.0027353763580322266,0.00472228042781353,0.0022974060848355293
2203,74,1,2,-4.849517822265625,-0.008532715,0.0037173748,False,89,-0.0015609359834343195,-0.00457345973700285,0.015262614004313946
2203,238,4,2,-5.053064823150635,-0.0067082597,-0.0021279145,False,218,0.002007761038839817,-0.013160123489797115,0.019748229533433914
2203,486,9,2,-4.599975109100342,-0.0009866428,-0.0002756691,False,490,-0.004043388180434704,-0.00706964498385787,0.0037372305523604155
2203,778,15,2,-4.959191799163818,0.0025773048,0.0033523464,False,776,-0.009332647547125816,0.00047635077498853207,-0.009033957496285439
2205,679,13,2,-4.970715045928955,-0.012138319,0.005508318,False,678,0.0017471695318818092,-0.0028133965097367764,0.02220720238983631
2205,960,19,2,-4.310576438903809,-0.0007529259,-0.005622921,False,955,-0.003482818603515625,-0.004762534983456135,-0.0035902787931263447
2206,712,14,2,-3.996631622314453,-0.010246616,-0.0058070375,False,708,0.003265385515987873,-0.00214197626337409,0.009846940636634827
2206,979,19,2,-3.9868345260620117,-0.0003536749,0.003694086,False,980,0.002372350776568055,0.000339107500622049,0.006081004627048969
2208,70,1,2,-4.976321697235107,0.00059321406,0.005308275,False,89,-0.0025650120805948973,-0.00040357589023187757,0.00255362456664443
2208,460,9,2,-5.161037921905518,-0.0010209751,-0.0077558993,False,491,-0.00826326385140419,-0.001645908341743052,-0.013352280482649803
2208,870,17,2,-4.956840991973877,-0.010514984,-0.0053141974,False,868,-0.003092918312177062,0.005462074186652899,-0.0033542057499289513
2208,883,17,2,-5.2385077476501465,0.0040901564,-0.0034007549,False,896,-0.005901117343455553,-0.000239305489230901,-0.01315272320061922
2211,99,1,2,-5.8888349533081055,-0.009619398,0.0044592572,True,71,0.00013888359535485506,0.0017267990624532104,0.012490740045905113
2211,874,17,2,-4.326106071472168,0.001739645,-0.0037086487,False,893,0.0072225951589643955,-0.005689592566341162,0.007463893853127956
2212,404,8,2,-3.930058240890503,-0.0014593553,0.00023594857,False,434,0.0034697388764470816,0.0004012584686279297,0.0047637843526899815
2212,771,15,2,-5.548969268798828,-0.010190831,-0.003314085,False,795,-0.008014192804694176,-0.008681554347276688,0.007544106803834438
2213,194,3,2,-3.590757131576538,0.0024782182,0.00433599,False,172,0.004204664379358292,0.0018753147451207042,0.004187121521681547
2213,456,9,2,-3.960364580154419,0.006128535,0.002810707,False,469,-0.0021968125365674496,0.001730318064801395,-0.00724495854228735
2213,750,15,2,-5.373589515686035,-0.009599514,-0.007788801,False,765,0.0031819534488022327,-0.004855489823967218,0.009848156943917274
2213,849,16,2,-3.523496150970459,0.0012670899,-0.0021895408,False,807,-0.007916769944131374,0.008304348215460777,-0.019677747040987015
2214,54,1,2,-5.8667778968811035,0.0015031147,0.0032095814,True,90,-0.0067594717256724834,0.002375583630055189,-0.0074285888113081455
2214,560,11,2,-3.0780818462371826,-0.0004419565,-0.0007225132,False,576,-0.00016266346210613847,0.0019761514849960804,-0.002419371623545885
2215,0,0,2,-4.400024890899658,0.0018069362,-0.00307312,False,31,0.0011872672475874424,-0.00429470045492053,0.0006019114516675472
2215,2,0,2,-4.193234920501709,-0.0010377788,-0.005552301,False,25,-0.0007459354237653315,0.0019557857885956764,-0.007216243539005518
2215,245,4,2,-5.708309650421143,0.00531888,0.0015348911,True,235,-0.0002333927113795653,0.006843948271125555,-0.010861329734325409
2215,480,9,2,-5.157095909118652,-0.015245476,0.00104599,False,491,-0.007854070514440536,5.690574471373111e-05,0.00838048942387104
2221,79,1,2,-5.8308587074279785,0.002867899,-0.001781311,True,90,-0.004007282201200724,0.0041882991790771484,-0.012844790704548359
2221,121,2,2,-4.3352789878845215,-0.0005321407,-0.0019501782,False,149,-0.0016460896003991365,-0.001668157521635294,-0.0013959695352241397
2221,233,4,2,-5.795680522918701,0.0035714626,-0.0034817029,True,222,0.0017250251257792115,-0.0025726889725774527,-0.0027554514817893505
2221,617,12,2,-4.245368957519531,-0.001940689,0.0042787837,False,609,-0.006470675580203533,0.005395755637437105,-0.005646958947181702
2223,77,1,2,-5.621531963348389,-0.005727415,-0.00023042678,False,71,0.005724573042243719,0.0002533435763325542,0.010968217626214027
2223,234,4,2,-3.886882781982422,0.0062218187,-0.0003652811,False,213,-0.012936864048242569,-0.007974376901984215,-0.011549586430191994
2226,1,0,2,-3.7530064582824707,0.008245325,-0.0068853283,False,6,0.005708394106477499,0.009542646817862988,-0.01896490529179573
2226,202,4,2,-5.916916370391846,-0.008068256,-0.0009821319,True,222,-0.0009936713613569736,0.0014739418402314186,0.004618511069566011
2226,564,11,2,-3.451667547225952,-0.00023538113,-0.0071535204,False,577,0.00026785372756421566,-0.0028491592966020107,-0.003801126265898347
2226,647,12,2,-4.501045227050781,0.001143198,-0.0042686937,False,606,0.002853174228221178,-0.0062241461127996445,0.0036654281429946423
2228,135,2,2,-3.450047016143799,0.010217729,-0.000696497,False,102,0.0002478647220414132,0.0007801199099048972,-0.011446481570601463
2228,231,4,2,-5.49885892868042,-0.005710802,-0.003623314,False,247,0.008458871394395828,-0.002189760096371174,0.012736119329929352
2228,349,6,2,-4.721086025238037,-0.0014270305,-0.0020614052,False,308,-0.0007539844373241067,-0.0016045093070715666,0.0002161501906812191
2228,818,16,2,-5.933469772338867,-0.0054083443,0.0021770478,True,824,-0.00573808653280139,0.003886861726641655,-0.0020395563915371895
2232,26,0,2,-4.820189476013184,-0.008499632,-0.0024697876,False,8,-0.007426929660141468,-0.007051162887364626,0.005654077511280775
2232,275,5,2,-4.321126461029053,-0.00019683837,0.00095051766,False,255,-0.0011457252549007535,0.0009521865868009627,-0.0009505558991804719
2232,481,9,2,-5.326497554779053,0.010966348,-0.0025273229,True,455,-0.006254701409488916,0.002646818058565259,-0.022395189851522446
2232,889,17,2,-5.951141834259033,-0.008801717,0.00048639296,True,873,-0.007622957229614258,-0.0004683208535425365,0.002133473288267851
2233,204,4,2,-5.914317607879639,-0.0037122346,-0.0011987209,True,222,0.00037198065547272563,0.0016873645363375545,0.00119812972843647
2233,871,17,2,-5.388085842132568,-0.0010094261,-0.00062492373,False,896,-0.007742977235466242,0.0003956604050472379,-0.007754135876893997
2236,134,2,2,-2.6502652168273926,-0.0025442839,0.0036133386,False,-1,,,
2236,485,9,2,-3.3990371227264404,0.0042958213,-0.0010983467,False,467,0.013047589920461178,0.00012321949179749936,0.007530202157795429
2237,106,2,2,-3.3048923015594482,0.008213706,0.0026185513,False,102,0.0036119986325502396,-0.004822025075554848,0.002838868647813797
2237,459,9,2,-4.825195789337158,-0.0059490777,-0.006792517,False,495,-0.015064992941915989,-0.0005416011554189026,-0.015366830863058567
2237,592,11,2,-4.275232315063477,-0.0038661384,0.00052310945,False,589,-0.002082347869873047,0.003883419092744589,-0.0015765191055834293
2237,899,17,2,-5.681797027587891,0.00088979723,-0.0030567646,True,869,0.002535982057452202,-0.004627380520105362,0.00321680074557662
2238,82,1,2,-5.640100002288818,0.006683073,0.0074331188,True,68,-0.007195539306849241,-0.0007063198136165738,-0.005739173851907253
2238,790,15,2,-5.672283172607422,-0.007209568,0.0019061852,False,753,-0.0023451519664376974,0.0031562424264848232,0.003614358603954315
2240,494,9,2,-5.619962215423584,0.004930315,0.008208475,True,464,-0.005207214504480362,0.001461400999687612,-0.0033904556185007095
2240,685,13,2,-5.472346305847168,0.001673832,-0.0050441744,False,693,0.0008462906116619706,0.0019302654545754194,-0.0078019811771810055
2240,762,15,2,-5.345118522644043,0.0077268314,-0.0044881725,True,765,-0.004618978593498468,-0.003252325113862753,-0.013581656850874424
2240,923,18,2,-4.148705959320068,0.0032441807,-0.0019749927,False,921,0.0022440433967858553,-0.0002762603689916432,-0.0026988699100911617
2242,72,1,2,-5.661569118499756,-0.002712612,0.0065104295,False,68,-0.008142318576574326,-0.0017681599128991365,0.0028488831594586372
2242,650,13,2,-3.5925230979919434,0.0021809817,0.0032793952,False,672,0.0014598703710362315,0.0003537654993124306,0.002204518299549818
2244,249,4,2,-5.805924415588379,-0.003737793,-0.003366585,False,217,0.004671582952141762,-0.002435007132589817,0.0074777984991669655
2244,773,15,2,-5.9742536544799805,-0.009149637,0.0040453244,True,786,-0.012975559569895267,0.00862870179116726,-0.008409300819039345
2245,241,4,2,-5.085363864898682,-0.006188898,-0.01486845,False,244,-0.002442064229398966,-0.012865838594734669,0.0017442218959331512
2245,474,9,2,-5.718429088592529,0.0007488251,-0.0041107275,True,465,0.00523578654974699,-0.005741014610975981,0.006117247976362705
2245,587,11,2,-3.143005132675171,0.004773493,-0.00093746185,False,567,-0.00010321140143787488,-0.009387803263962269,0.003573637455701828
2245,671,13,2,-4.3383026123046875,0.00053053856,0.0007029343,False,667,0.0023951816838234663,-0.00322894100099802,0.005796518642455339
2246,148,2,2,-2.9121692180633545,0.0075135613,-0.0015881776,False,125,-0.0005485963774845004,0.0013743543531745672,-0.011024690233170986
2246,487,9,2,-4.840259075164795,0.021310281,-0.0051126573,True,477,0.006558246444910765,0.005871620029211044,-0.025736311450600624
2246,595,11,2,-3.981170415878296,0.0035466147,0.0013405752,False,575,0.0003008842468261719,0.0023493908811360598,-0.004254546016454697
2246,605,12,2,-3.7044177055358887,0.003069606,-0.0094723515,False,624,-0.001045441604219377,-0.005759349092841148,-0.00782804936170578
2246,619,12,2,-4.9978742599487305,0.00910862,0.0025077725,False,644,0.0036745071411132812,-0.005510406568646431,0.002584066241979599
2246,780,15,2,-5.94297981262207,-0.0013655663,0.013606481,True,792,0.0005925941513851285,0.011163902468979359,0.004400739446282387
2249,695,13,2,-5.138235569000244,0.012142849,-0.0027458954,False,657,0.010716456919908524,-0.00975391361862421,0.005581624805927277
2249,828,16,2,-4.831052780151367,-0.00072881696,-0.00063510897,False,819,-0.009764700196683407,-0.0015669631538912654,-0.00810402911156416
2254,205,4,2,-5.814382553100586,-0.00018672943,-0.002203121,True,242,-0.010713968425989151,-0.0030906391330063343,-0.009639721363782883
2254,457,9,2,-5.683371543884277,0.0011880302,-0.00056988717,False,468,0.005970850121229887,-0.0020450211595743895,0.006257953587919474
2255,489,9,2,-5.959859371185303,-0.0032503032,-0.00028788566,True,465,-0.0022501086350530386,0.0,0.0007123087998479605
2255,591,11,2,-5.716227054595947,0.0014915657,0.0015722847,False,579,-0.004840307403355837,0.0007368469377979636,-0.005496435333043337
2255,852,17,2,-5.791363716125488,0.0024215125,-0.0030074406,True,867,-0.0031839655712246895,0.008312234655022621,-0.016925152391195297
2255,943,18,2,-4.657322406768799,-0.0038527013,-0.0063070967,False,933,-0.006295652594417334,-0.008687037974596024,-6.301002576947212e-05
2256,755,15,2,-5.564367294311523,0.0064745806,0.0003236103,True,770,-0.009484538808465004,-0.005088653415441513,-0.010546855628490448
2256,859,17,2,-4.707395076751709,-0.0074936487,0.000483408,False,897,-0.0012856387766078115,-0.003206596476957202,0.00989801436662674
2259,41,0,2,-5.190544128417969,0.0041296007,-0.0057066535,False,8,-0.0035972881596535444,-0.0021220208145678043,-0.011311521753668785
2259,51,1,2,-5.748997211456299,0.0040050317,-0.004505129,True,90,0.0025154019240289927,0.0020246028434485197,-0.008019361644983292
2259,203,4,2,-5.864223957061768,-0.01204835,-0.00078029634,False,242,-0.008941574022173882,-0.0029884434770792723,0.005314922891557217
2259,209,4,2,-5.692989826202393,-0.00050198555,-0.0033286095,False,217,-0.0005105018499307334,-0.0056344796903431416,0.002297353930771351
2259,673,13,2,-5.559066295623779,0.0010560703,0.004746246,False,669,0.007928609848022461,0.0016503715887665749,0.009968413971364498
2259,689,13,2,-4.013381004333496,0.01045826,0.0029318905,False,653,0.002789821708574891,0.004256939981132746,-0.008993487805128098
2259,724,14,2,-3.0285165309906006,0.0005502892,-0.0019507981,False,736,0.004294748418033123,-0.004940833896398544,0.006734495051205158
2259,756,15,2,-5.81238317489624,0.0032374095,0.0073636817,True,781,-0.01008700393140316,-0.002142200479283929,-0.003818531520664692
2263,211,4,2,-5.945228576660156,-0.0014034844,1.4696121e-05,True,222,-0.0003281021199654788,0.0,0.0010900783818215132
2263,628,12,2,-3.3922643661499023,0.014063444,-0.0014102745,False,643,-0.0008541202405467629,0.00723733427003026,-0.023565173149108887
2263,630,12,2,-5.687267303466797,0.0051139737,-0.0045736027,True,623,0.002002925844863057,-0.0006072139949537814,-0.0070774368941783905
2263,774,15,2,-5.062151908874512,-0.012738599,0.0037936114,False,-1,,,
2265,215,4,2,-5.858633995056152,0.000546875,0.0051648235,False,242,-0.006784334313124418,-0.001775550888851285,-0.00039083464071154594
2265,886,17,2,-5.57042121887207,0.0016665363,0.0075299456,False,885,-0.00540534034371376,-0.0006207466358318925,0.0010788156650960445
2266,78,1,2,-5.217043876647949,0.007815179,0.0012866402,False,59,-0.008861656300723553,0.012961482629179955,-0.0283516775816679
2266,361,7,2,-2.8767247200012207,-0.0021989536,0.0048898268,False,385,0.0027146530337631702,-2.412319190625567e-05,0.00982755608856678
2267,395,7,2,-3.76263427734375,0.002223711,-0.0011296415,False,367,-0.0004550886224023998,-0.003082756884396076,-0.000725684454664588
2267,947,18,2,-4.8730974197387695,-0.0096416,0.0034552193,False,944,-0.0010743523016571999,0.002530384110286832,0.00949208252131939
2270,325,6,2,-2.8877012729644775,-0.0030381298,0.012805781,False,331,0.0019381428137421608,-0.003384108655154705,0.021166162565350533
2270,772,15,2,-5.6957478523254395,0.005570116,0.002926922,True,761,0.004683485254645348,0.008323459886014462,-0.0062831686809659
2274,23,0,2,-5.8018269538879395,-0.009986086,-0.0010661125,False,3,-0.004990854300558567,-0.0003841877041850239,0.004313306417316198
2274,245,4,2,-5.429324626922607,0.0073640537,-0.010159693,False,244,-0.014068689197301865,-0.004250841215252876,-0.02734159491956234
2274,479,9,2,-2.086062431335449,0.0010385322,-0.0058952286,False,-1,,,
2274,764,15,2,-2.1700544357299805,0.009442959,-0.0052857925,False,797,0.009516920894384384,-0.00796525925397873,0.002753429114818573
2275,613,12,2,-4.99360466003418,-0.015975676,-9.848594e-05,False,634,-0.0013750266516581178,0.0013590907910838723,0.01314307376742363
2275,799,15,2,-5.9742536544799805,-0.001235733,0.0019080162,True,787,-0.0007015037699602544,0.002099266042932868,0.00034297932870686054
2276,232,4,2,-5.454934597015381,0.006190071,-0.0042880154,False,244,-0.01363121997565031,-0.0021128463558852673,-0.02199646085500717
2276,390,7,2,-3.6942214965820312,0.0012922717,0.00014103412,False,397,0.0014800739008933306,0.0015955353155732155,-0.0012666989350691438
2277,32,0,2,-3.671388864517212,0.019426655,-0.0048231934,False,38,-0.008916215971112251,0.0010293865343555808,-0.03419544920325279
2277,581,11,2,-5.054707050323486,-0.0100805,-0.002295313,False,598,-0.002119846409186721,0.0013761234004050493,0.004289216827601194
2285,57,1,2,-5.249911308288574,0.0144868465,-0.0010655689,True,94,0.0016520405188202858,-0.0012881660368293524,-0.012612208724021912
2285,172,3,2,-3.4114837646484375,-0.00023816586,-0.007343378,False,183,0.0016808605287224054,-0.0019984818063676357,-0.003425869857892394
2285,218,4,2,-5.532614707946777,-0.0077847196,0.0028658772,False,243,-0.011765851639211178,0.004242992494255304,-0.005358248017728329
2285,937,18,2,-4.021402359008789,-0.0009870816,0.0054717446,False,910,0.0012334537459537387,-0.002479171846061945,0.010171452537178993
2287,462,9,2,-5.452937126159668,0.0017068004,-0.0001614666,False,491,-0.0012412071228027344,-0.004327964968979359,0.001218490768224001
2287,795,15,2,-5.543164253234863,0.004934044,-0.0026006508,True,753,0.0025702095590531826,-0.007663602940738201,0.002699117176234722
2288,469,9,2,-3.453043222427368,0.0066290046,-0.0009606123,False,467,-0.0006917381542734802,-0.015368805266916752,0.007087450474500656
2288,616,12,2,-3.246748447418213,-0.006662154,0.0086833425,False,643,0.0021285677794367075,0.003950281068682671,0.013523783534765244
2288,687,13,2,-2.287696599960327,-0.00444664,0.0068482687,False,676,-0.0009773492347449064,-0.004725394304841757,0.015042954124510288
2288,887,17,2,-4.3911027908325195,-0.00027814865,0.003506279,False,879,-0.007811288814991713,-0.004268369637429714,0.000241508474573493
2289,800,16,2,-4.966957092285156,0.00361784,-0.0002611351,False,810,0.0017070674803107977,0.003143434412777424,-0.005315341986715794
2289,851,17,2,-5.014804363250732,0.00532732,-0.005983887,False,892,-0.005661973729729652,0.0012086104834452271,-0.01818179152905941
2292,2,0,2,-4.206939220428467,0.005872593,0.00065198896,False,34,-0.0015384197467938066,-0.001612005289644003,-0.005147018004208803
2292,62,1,2,-5.234299182891846,0.013568468,0.009346504,True,94,0.002004490001127124,-0.006135949864983559,0.003918475471436977
2292,150,3,2,-3.0890259742736816,-0.0002771902,-0.0060011623,False,158,0.0001956462801899761,0.002078094519674778,-0.007606420665979385
2292,545,10,2,-3.858909845352173,-0.0022725104,-0.0018559599,False,535,0.0018442964646965265,9.751320249051787e-06,0.0022510956041514874
2292,664,13,2,-4.267190456390381,0.020656118,-0.0062669087,False,699,-0.0047647999599576,-0.0020753955468535423,-0.029612431302666664
2292,738,14,2,-3.3233344554901123,-0.002196455,-0.0012585592,False,739,-0.0012664413079619408,0.0030974531546235085,-0.0034259986132383347
2292,776,15,2,-4.218633651733398,0.013057833,9.143829e-05,False,796,0.0018496036063879728,-0.010756216011941433,-0.0003605745732784271
2292,935,18,2,-4.6380295753479,0.00216506,0.006134691,False,916,-0.007971801795065403,-0.0008934307261370122,-0.0031087398529052734
2293,233,4,2,-5.89540958404541,-0.004970999,0.003770895,True,216,-0.006494493689388037,0.004354848992079496,-0.0021074488759040833
2293,684,13,2,-5.101991176605225,-0.009602728,0.0045901774,False,688,-0.004695167765021324,-0.0029491232708096504,0.012446860782802105
2296,505,10,2,-4.054862976074219,0.0008359051,-0.0011933803,False,548,0.0003282451652921736,0.0012357234954833984,-0.0029367636889219284
2296,654,13,2,-4.009348392486572,0.012462006,0.0020490265,False,656,-0.006333208177238703,0.0008396959165111184,-0.017585884779691696
2303,79,1,2,-5.924996376037598,-0.00053997996,0.00064439775,True,98,-0.004439964424818754,0.00022640227689407766,-0.0034819887951016426
2303,202,4,2,-5.9742536544799805,0.0,0.0,True,201,-0.003806848544627428,0.0056841373443603516,-0.009490985423326492
2303,248,4,2,-5.9742536544799805,-0.003383541,0.001892624,True,201,-0.003806848544627428,0.0056841373443603516,-0.004214820452034473
2303,328,6,2,-2.8682923316955566,0.0050895214,-0.0013928986,False,331,0.0004750966909341514,8.50296055432409e-05,-0.006092352792620659
2303,493,9,2,-5.7770819664001465,0.003943434,-0.00021546363,True,463,0.00040603638626635075,0.0023231315426528454,-0.006075993180274963
2303,872,17,2,-5.613734722137451,0.0023211194,0.002365942,False,875,0.004586305469274521,0.0010829544626176357,0.003548173699527979
2304,148,2,2,-3.010047674179077,-0.001843195,0.00026704313,False,125,0.0003699493536259979,0.0009890412911772728,0.0014911462785676122
2304,769,15,2,-5.6933369636535645,-0.0060547353,-0.004855547,False,788,-0.004167032428085804,-0.00425751693546772,0.0012896726839244366
2306,122,2,2,-4.542261123657227,-0.0034017276,-0.0017724419,False,113,0.007097387220710516,-0.007710437756031752,0.016437111422419548
2306,492,9,2,-5.837333679199219,-0.0037714385,0.004179516,True,466,-0.004636717028915882,-0.0002602004969958216,0.0035744374617934227
2310,55,1,2,-3.176790475845337,0.007767234,-0.0069985297,False,53,0.005103101953864098,0.0036160373128950596,-0.013278698548674583
2310,214,4,2,-3.8195552825927734,-0.0037561036,0.0118693495,False,223,-0.002532954327762127,-0.002430129097774625,0.015522627159953117
2310,229,4,2,-3.794646739959717,-0.020366678,0.0107229855,False,223,-0.002532954327762127,-0.002430129097774625,0.030986838042736053
2310,777,15,2,-4.004095554351807,-0.0060773613,0.00814827,False,766,-0.0006352615309879184,-0.003513011848554015,0.01710338145494461
2311,50,1,2,-5.1366753578186035,0.0084323315,-0.0095273685,False,94,0.004578085150569677,-0.012914037331938744,-0.0004675760865211487
2311,175,3,2,-5.424934387207031,-0.0004908371,-0.004940262,False,174,-0.0015487766359001398,0.0023728085216134787,-0.008371010422706604
2311,196,3,2,-3.637319564819336,0.00361228,-0.006842122,False,155,0.003949441947042942,-0.0012898158747702837,-0.005215143784880638
2311,235,4,2,-5.9742536544799805,-0.0117901135,0.000627985,True,201,-0.003138437168672681,0.003690795972943306,0.005588865838944912
2311,561,11,2,-5.9136481285095215,-0.007752886,0.001366663,False,579,0.0008571815560571849,0.00021778106747660786,0.009758949279785156
2311,693,13,2,-4.81341028213501,0.012627907,-0.0016261196,False,655,0.0037557315081357956,0.004590444732457399,-0.015088740736246109
2311,746,14,2,-3.6732804775238037,-0.003453827,0.0023998786,False,733,-0.0026124524883925915,0.00025276662199757993,0.0029884865507483482
2311,893,17,2,-4.369582176208496,0.0050636576,0.0014227963,False,894,0.004289045464247465,0.0013334942050278187,-0.0006853099912405014
2312,415,8,2,-3.9897682666778564,-0.001218872,0.007558236,False,434,-0.002420239383354783,-0.0018316650530323386,0.00818853359669447
2312,671,13,2,-4.601619720458984,-0.008794861,0.0020684146,False,675,0.002661600010469556,-0.0009535217541269958,0.014478396624326706
2313,73,1,2,-4.571011066436768,0.00853549,-0.0120575335,False,70,0.003720569657161832,0.007463350426405668,-0.02433580532670021
2313,182,3,2,-5.320404529571533,0.0026694299,0.0023027991,False,171,-0.0020440102089196444,-0.00129419332370162,-0.0011164476163685322
2313,641,12,2,-5.4818854331970215,0.009425487,0.0025853538,True,625,0.0006743240519426763,-0.0011026859283447266,-0.005063123535364866
2313,963,19,2,-4.2248125076293945,-0.012580615,0.002849846,False,956,-0.0016839313320815563,0.0011926364386454225,0.012553893029689789
2314,11,0,2,-5.9742536544799805,-0.008934984,0.0022352028,True,49,-0.00384801859036088,0.006876030005514622,0.000446137972176075
2314,237,4,2,-5.944351673126221,-0.0036562062,-0.00059803965,True,242,-0.0017995547968894243,0.010580157861113548,-0.0093215461820364
2314,490,9,2,-5.086776256561279,-0.0042888927,-0.0046329116,False,495,-0.0003844928869511932,-0.0028202820103615522,0.0020917702931910753
2314,679,13,2,-4.300360202789307,0.007864657,-0.0034788132,False,662,0.009251308627426624,-0.0017969608306884766,-0.0002952003851532936
2315,71,1,2,-5.9742536544799805,-0.0036985588,0.011878357,True,87,-0.0027555369306355715,0.002167720813304186,0.010653657838702202
2315,402,8,2,-3.7981176376342773,-0.001722188,0.00158607,False,428,-0.003382992697879672,-0.0013814782723784447,0.0013067435938864946
2316,130,2,2,-5.931734085083008,-0.011135673,-0.00033351898,True,120,-0.0038932894822210073,0.0016523647354915738,0.005256500095129013
2316,817,16,2,-5.821186542510986,-0.003143549,-0.0008342075,False,813,-0.0023942948319017887,-0.00238144863396883,0.0022964952513575554
2320,755,15,2,-5.177262306213379,0.0103672985,-0.00536747,False,761,0.008323459886014462,-0.012651843950152397,0.005240533500909805
2320,941,18,2,-3.822925329208374,-0.005056839,-0.0051563596,False,921,0.0051070405170321465,0.0007982492679730058,0.00420927070081234
2321,44,0,2,-3.6331915855407715,-0.0012304068,-0.005424285,False,39,-0.009647288359701633,0.006629934534430504,-0.020471101626753807
2321,176,3,2,-3.1146914958953857,-0.0022992278,-0.003493576,False,186,0.00035973548074252903,0.002323760883882642,-0.0031583737581968307
2324,4,0,2,-5.632870674133301,0.004266548,0.0018393898,True,30,-0.005994319915771484,0.0005036353832110763,-0.008925113826990128
2324,280,5,2,-5.3597941398620605,-0.003089962,0.0007876301,False,268,-0.002989540109410882,-0.0006315517239272594,0.0015196038875728846
2325,129,2,2,-3.874269485473633,0.0012576723,0.0030179787,False,101,0.005156746134161949,-0.005328970029950142,0.012246022932231426
2325,694,13,2,-5.9742536544799805,-0.012943286,0.002101612,True,660,-6.653785385424271e-05,0.003953886218369007,0.01102447509765625
2326,474,9,2,-5.741383075714111,0.0046574115,-0.003987293,True,463,0.00535067543387413,-0.0010106849949806929,-0.0022833440452814102
2326,987,19,2,-4.414355754852295,-0.007493801,-0.0040105055,False,950,0.0013178252847865224,-0.001051673898473382,0.005852794740349054
2330,100,2,2,-3.36100697517395,-0.006382718,0.0014128446,False,131,0.0017851972952485085,0.004020733758807182,0.005560026504099369
2330,765,15,2,-5.008264541625977,0.007368975,0.00941741,False,789,0.013111734762787819,-0.01173356082290411,0.026893729344010353
2331,663,13,2,-5.921876907348633,-0.005975914,0.0041683675,True,660,-0.000336875906214118,0.003623418742790818,0.006183987483382225
2331,904,18,2,-5.338984489440918,0.004160509,0.0015391636,False,926,0.004408827051520348,0.007832059636712074,-0.006044577807188034
2333,86,1,2,-4.650916576385498,-0.02480494,-0.013031073,False,74,0.0026580141857266426,-0.0031638527289032936,0.01759573444724083
2333,637,12,2,-2.8811416625976562,0.0031107378,-0.007806191,False,-1,,,
2334,15,0,2,-5.8649373054504395,0.0021026612,-0.00031941413,True,45,0.0002907657762989402,0.007716169580817223,-0.009847478941082954
2334,84,1,2,-5.3235979080200195,0.006726465,0.0061728097,False,61,0.003191728610545397,-0.006624212488532066,0.009262285195291042
2334,90,1,2,-5.019461631774902,0.0103514865,-0.0026495552,False,54,0.010797806084156036,-0.0007335853297263384,-0.0014696503058075905
2334,146,2,2,-5.027669906616211,-0.0087502,-0.0015708065,False,105,0.0023682499304413795,0.0012918472057208419,0.008255796507000923
2334,468,9,2,-5.9742536544799805,-0.0066472436,0.0,True,464,-0.00686286948621273,0.007723588962107897,-0.007939213886857033
2334,560,11,2,-3.01051926612854,0.00095761777,-0.0017365074,False,576,-0.0015822649002075195,-0.0001326274941675365,-0.004143762402236462
2335,31,0,2,-5.076763153076172,-0.004801903,0.0072517586,False,36,0.00042705534724518657,-0.0028969096019864082,0.015377625823020935
2335,690,13,2,-4.962122917175293,0.0010598468,-0.00043914796,False,678,-0.001010303501971066,0.007517585530877113,-0.010026883333921432
2336,77,1,2,-5.1963210105896,0.0069148922,0.0016633606,False,89,-0.004332904703915119,-0.01455391850322485,0.004969482310116291
2336,488,9,2,-5.360408306121826,-0.004435091,-0.00069099426,False,470,-0.0045082285068929195,-0.0062462519854307175,0.005482119973748922
2338,489,9,2,-5.801631927490234,0.0006999683,0.007142086,True,463,0.0012222194345667958,0.0009460353758186102,0.006718301679939032
2338,959,19,2,-4.264485836029053,-0.0025513554,-0.0003895283,False,964,0.003347062971442938,-0.002031183335930109,0.007540073245763779
2339,243,4,2,-5.29564094543457,0.006998215,0.005209131,True,230,-0.005749998148530722,-0.00534261716529727,-0.0021964646875858307
2339,588,11,2,-4.437276363372803,0.0007787323,0.0020692062,False,586,-0.00227636331692338,-0.00014974594523664564,-0.0008361435029655695
2341,217,4,2,-5.9742536544799805,-0.0020360183,0.0056462004,True,210,-0.0035969065502285957,0.021076001226902008,-0.01699068769812584
2341,453,9,2,-5.926565170288086,-0.0044268225,0.001616478,True,483,-0.0023484420962631702,-8.789062849245965e-05,0.003782748943194747
2341,456,9,2,-4.881331920623779,-0.013231821,0.0011316681,False,486,-0.0072525120340287685,-0.0012340736575424671,0.008345050737261772
2341,532,10,2,-2.7455921173095703,0.0016352653,0.0005186176,False,-1,,,
2341,599,11,2,-4.92952823638916,0.0015996551,0.0019491768,False,563,-0.006212949752807617,1.4657974134024698e-05,-0.0058780862018466
2341,623,12,2,-5.67069149017334,0.0042019654,0.0047737886,True,621,-0.002543973969295621,-0.002930975053459406,0.0009588242974132299
2341,792,15,2,-5.822240829467773,-0.0055126953,0.002784233,False,784,0.0024399757385253906,0.007921619340777397,0.0028152847662568092
2341,930,18,2,-4.526928901672363,0.0023272706,0.0031328297,False,928,-0.0018864345038309693,-0.005175304599106312,0.004094429314136505
2342,462,9,2,-5.381626129150391,0.0038137436,0.009719667,False,484,-0.0011015415657311678,-0.0012699604267254472,0.0060743424110114574
2342,851,17,2,-5.327597141265869,-0.006443548,0.00014727592,False,875,0.006101417355239391,-0.00033855438232421875,0.013030795380473137
2343,246,4,2,-5.506175518035889,-0.00028702736,0.0036919022,False,207,-0.0014345836825668812,-0.0008825492695905268,0.003426895011216402
2343,905,18,2,-3.575291872024536,-0.009601574,0.0007334661,False,918,0.006383442785590887,-0.0019946289248764515,0.01871311292052269
2345,205,4,2,-5.6009650230407715,0.007310982,-0.00439167,True,207,-0.0017363071674481034,0.0005082893185317516,-0.013947248458862305
2345,398,7,2,-3.907435655593872,-0.0003029394,0.00071395875,False,373,0.002969517605379224,0.0019585180561989546,0.0020278976298868656
2345,473,9,2,-5.781612873077393,0.0038528156,-0.0011900138,True,499,-0.0047205351293087006,0.0011212158715352416,-0.010884581133723259
2345,555,11,2,-4.344179630279541,-0.00063220976,0.0013300133,False,551,0.003431730205193162,0.00860623363405466,-0.003212280571460724
2346,346,6,2,-5.6975860595703125,-0.0054207514,0.0022407246,False,340,-0.007552823983132839,0.0001708507479634136,-6.219884380698204e-05
2346,634,12,2,-5.345854759216309,-0.009740906,-0.0007359123,False,607,0.0019289969932287931,0.0023106003645807505,0.008623389527201653
2346,824,16,2,-5.523139953613281,0.0035333824,-0.0069870665,False,847,0.0023251629900187254,-0.00013999939255882055,-0.008055286481976509
2346,944,18,2,-4.631868839263916,0.0050157355,0.0011475944,False,912,-0.004571018274873495,-0.0007158661028370261,-0.007723293267190456
2349,317,6,2,-2.8584837913513184,0.004455018,-0.001858468,False,331,-0.002900338266044855,-0.007754831109195948,-0.0014589931815862656
2349,700,14,2,-4.306762218475342,-0.0158138,0.00011464119,False,719,0.001922979368828237,-0.000329837785102427,0.01818125881254673
2353,8,0,2,-5.559606552124023,-0.005681181,0.0035112859,False,49,0.004266443196684122,-0.00042145728366449475,0.013880367390811443
2353,451,9,2,-4.603878498077393,0.004069481,0.00021622657,False,497,0.007660713046789169,0.0032809448894113302,0.0005265134386718273
2353,620,12,2,-5.67296028137207,0.0060258675,-0.001444931,True,639,0.00018124580674339086,-0.0003858661511912942,-0.006903686560690403
2353,654,13,2,-4.002102851867676,-0.0042046164,-0.0041335775,False,656,0.0024458456318825483,0.0008056592778302729,0.0017112253699451685
2353,925,18,2,-5.9630656242370605,-0.0045846556,-0.00020347595,True,900,-0.0006608486291952431,0.0016148567665368319,0.0021054744720458984
2353,977,19,2,-4.513702869415283,-0.0029074573,0.005087385,False,962,-0.004095869138836861,-0.0023440932855010033,0.006243065930902958
2355,158,3,2,-3.132237195968628,0.00070242403,0.00049747946,False,186,0.0017137002432718873,-0.006181344855576754,0.007690100464969873
2355,203,4,2,-5.9742536544799805,-0.0012573338,0.009465485,True,210,-0.0011334419250488281,0.023074816912412643,-0.01348544005304575
2355,593,11,2,-3.6552231311798096,-0.00336473,-0.0021307801,False,554,0.0024207639507949352,-0.0012838315451517701,0.004938545171171427
2355,867,17,2,-4.687151908874512,0.01407794,-0.0022185517,False,868,0.008290862664580345,9.834289812715724e-05,-0.008103971369564533
2356,771,15,2,-5.497383117675781,0.004333706,0.0038028527,False,779,0.005363893695175648,-0.003616065951064229,0.00844910554587841
2356,942,18,2,-3.68624210357666,4.0483474e-06,0.0020318555,False,918,0.0031813287641853094,-0.005971226841211319,0.011180362664163113
2357,80,1,2,-5.348551273345947,0.008381567,-0.008139629,False,61,0.0018123149638995528,-0.001526575069874525,-0.013182306662201881
2357,85,1,2,-4.776655673980713,-0.0064974213,-0.0019451237,False,82,0.006014585494995117,-0.013443537056446075,0.024010419845581055
2357,218,4,2,-5.9742536544799805,-0.005565262,0.012109633,True,222,0.00019701004202943295,0.013782368041574955,0.00408953707665205
2357,794,15,2,-4.230591773986816,-0.012861695,0.011138187,False,778,0.009701681323349476,-0.00561694148927927,0.0393185019493103
2358,192,3,2,-4.174243450164795,-0.0032394982,0.004557495,False,159,-0.0009303092956542969,-0.004252433776855469,0.011119117960333824
2358,403,8,2,-3.4607150554656982,-0.0053189946,-0.0034770202,False,413,0.0019963979721069336,0.002048234920948744,0.0017901374958455563
2358,404,8,2,-4.397242069244385,-0.009825306,-0.0015542316,False,410,0.0010501575889065862,0.0023109340108931065,0.007010297384113073
2358,617,12,2,-4.604860305786133,-0.015864987,-0.003031616,False,-1,,,
2358,880,17,2,-5.963751792907715,-0.0028794957,0.0019821452,True,899,-0.0012824153527617455,0.0012142658233642578,0.002364959567785263
2358,978,19,2,-3.362609624862671,-0.00034254073,0.0021573543,False,972,-0.00036207199445925653,0.0001738691353239119,0.0019639539532363415
2359,804,16,2,-3.6675517559051514,0.010073686,-0.003799014,False,849,0.00336565007455647,-0.0036447334568947554,-0.006862316280603409
2359,859,17,2,-3.7848923206329346,0.01670651,-0.0033075763,False,857,-0.000406961451517418,-0.0015643262304365635,-0.018856719136238098
2363,28,0,2,-4.186630725860596,-0.004911895,-0.0009260941,False,34,-0.001229887013323605,-0.003963937982916832,0.006719851866364479
2363,57,1,2,-5.79754638671875,-0.011082535,-0.0027417087,False,89,-0.0016220093239098787,-0.0027847958263009787,0.009503612294793129
2363,94,1,3,-5.9742536544799805,-0.017279282,0.00086130144,True,87,-0.0004337596765253693,-0.0007049465202726424,0.018411770462989807
2363,142,2,2,-2.106539487838745,0.0018974924,0.000117983815,False,134,0.005116133484989405,-0.0025251484476029873,0.005861773155629635
2363,629,12,2,-4.926170349121094,0.004563284,-0.0030443573,False,645,-0.004759616684168577,-0.005645589902997017,-0.0067216684110462666
2365,248,4,2,-5.825155258178711,0.00060827256,-0.002396412,True,210,0.0007297801785171032,0.022495966404676437,-0.024770870804786682
2365,898,17,2,-5.824543476104736,-0.0022899054,-0.0027582454,False,890,-0.005916872061789036,-0.0009010124485939741,-0.005484199151396751
2367,0,0,2,-5.4992780685424805,-0.014738035,0.0035045242,False,5,-0.000959100725594908,-0.004330482333898544,0.021613942459225655
2367,200,4,2,-5.9742536544799805,-0.005689926,0.0068672276,True,201,-0.0007328414940275252,0.004845695570111275,0.006978616584092379
2367,339,6,2,-4.263347148895264,-0.00044200898,0.009306273,False,303,-0.003957767505198717,-0.006469192449003458,0.012259707786142826
2367,527,10,2,-3.642134189605713,0.00047095775,0.0018681431,False,502,-0.000653548224363476,-0.0035343216732144356,0.0042779590003192425
2369,35,0,2,-3.3758556842803955,-0.0037887238,-0.0013262081,False,22,0.008524865843355656,0.0006884336471557617,0.010298947803676128
2369,69,1,2,-5.315371990203857,-0.003620968,-0.0057957554,False,99,0.009153242222964764,0.003870792454108596,0.0031076620798557997
2369,104,2,2,-5.124179840087891,-0.005805273,-0.00035193443,False,145,-0.0060001565143466,-0.0016187381697818637,0.0010719206184148788
2369,496,9,2,-3.6024086475372314,0.01238439,-0.002142024,False,485,-8.936881931731477e-05,0.002078256569802761,-0.01669403910636902
2369,644,12,2,-5.946298122406006,-0.005916748,0.00045637132,True,602,-0.0028189467266201973,0.005234308075159788,-0.0016801347956061363
2369,885,17,2,-5.9742536544799805,-0.0063325595,0.0099921515,True,869,-0.004259452689439058,-7.544517575297505e-05,0.012140702456235886
2369,893,17,2,-4.283506870269775,0.0038321973,-0.003379011,False,894,-0.002073221141472459,-0.007945289835333824,-0.0013391394168138504
2369,951,19,2,-2.851633071899414,0.0010382986,0.002902131,False,971,0.004467740189284086,-0.00413434999063611,0.010465922765433788
2373,610,12,2,-4.931962490081787,0.004060516,-0.0007972622,False,645,-0.0026985073927789927,-0.002497701672837138,-0.00505858426913619
2373,799,15,2,-5.646601676940918,0.005136166,0.0013588524,True,790,-0.0066170599311590195,-0.0008985805325210094,-0.009495792910456657
2373,810,16,2,-4.767927169799805,0.0040320493,0.0030846118,False,825,0.0016129398718476295,0.008439797908067703,-0.007774295285344124
2373,927,18,2,-5.944684982299805,-0.0029237461,0.0031118488,True,902,0.000503969204146415,-0.0004916095640510321,0.007031173910945654
2375,259,5,2,-3.1372344493865967,0.0019422007,0.00036077024,False,283,0.0002574062382336706,-0.0009305524872615933,-0.00039347168058156967
2375,689,13,2,-4.243122577667236,-0.0077661276,-0.003181696,False,697,0.002418565796688199,0.002685022307559848,0.004317975137382746
2376,302,6,2,-4.601885795593262,-0.003447342,-0.0020268154,False,337,-0.0012529849773272872,-0.0013181876856833696,0.0014857292408123612
2376,686,13,2,-4.8455586433410645,-0.0077480697,-0.00034777643,False,678,0.007242088206112385,0.0007121944217942655,0.013930186629295349
2376,772,15,2,-5.4034743309021,0.002497568,-0.010877695,False,789,-0.010328130796551704,0.002431850414723158,-0.026135243475437164
2376,858,17,2,-4.9766845703125,-0.0016783619,-0.0065673925,False,870,-0.00019287109898868948,-0.009542274288833141,0.004460372496396303
2380,38,0,2,-3.265746593475342,0.008903122,-0.0009512329,False,22,0.006353349890559912,0.0034583997912704945,-0.006959404796361923
2380,237,4,2,-5.814383029937744,0.0006999874,0.009798508,True,247,0.0008358192280866206,0.0046581365168094635,0.005276203155517578
2380,357,7,2,-3.502516746520996,-0.0049758675,-0.0042025517,False,355,-0.0015934371622279286,0.00018745899433270097,-0.0010075804311782122
2380,698,13,2,-3.5568389892578125,0.007727876,0.0077234935,False,650,0.0012490462977439165,-0.010463089682161808,0.01170775294303894
2383,14,0,2,-5.533720016479492,0.0030594731,-0.0031577873,True,3,0.006747932638972998,0.01397530548274517,-0.013444633223116398
2383,443,8,2,-4.328786849975586,-0.0027017212,-0.00085481646,False,448,-0.001564292935654521,-0.0005702304770238698,0.000852842116728425
2383,466,9,2,-5.9320807456970215,-0.00055707933,0.0006123257,True,465,0.00030468939803540707,0.00021811485930811614,0.0012559795286506414
2383,511,10,2,-4.554511547088623,-0.0009445953,-0.0021672535,False,520,8.25118986540474e-05,-0.0010713577503338456,-6.878853309899569e-05
2383,684,13,2,-4.456584930419922,0.006643944,0.00014567375,False,675,0.005244779400527477,0.0005096244858577847,-0.0017631151713430882
2383,791,15,2,-5.957991123199463,-0.003148737,-0.0003252506,True,752,-0.0005962276482023299,0.0004473304725252092,0.0017799281049519777
2384,68,1,2,-5.957859992980957,-0.00021427154,0.00143754,True,87,-0.0007594585185870528,-0.00023097038501873612,0.0011233235709369183
2384,553,11,2,-2.983297824859619,-0.0014116334,-0.0104158735,False,576,-0.0001326274941675365,-0.004603457637131214,-0.004533409606665373
2386,245,4,2,-5.9742536544799805,-0.0066532614,0.010764513,True,201,-0.007525978144258261,0.0008547210600227118,0.009037074632942677
2386,633,12,2,-4.944042682647705,0.0013558198,0.0073718834,False,645,-0.00040136335883289576,0.000777397130150348,0.004837302956730127
2387,98,1,2,-5.862189769744873,-0.0013614941,-0.00036782265,True,51,-0.001838359865359962,0.007738599553704262,-0.00858328863978386
2387,412,8,2,-4.6164164543151855,0.0059124185,-0.0031203842,False,424,0.0023027039133012295,0.0014091396005824208,-0.008139238692820072
2387,477,9,2,-5.054616451263428,-0.0066614435,-0.0039097597,False,458,0.0033982563763856888,-0.0039035510271787643,0.010053491219878197
2387,572,11,2,-4.689974308013916,-0.0040165614,0.0012780189,False,569,0.0015045165782794356,-0.0019583606626838446,0.008757457137107849
2388,132,2,2,-4.455926895141602,-0.0074393842,0.0013788413,False,149,-0.0035287379287183285,0.002639722777530551,0.0026497654616832733
2388,457,9,2,-5.647143363952637,0.004168091,-0.00025470732,False,470,-0.0063228607177734375,-0.0025342083536088467,-0.008211450651288033
2392,21,0,2,-3.2042219638824463,-0.004341998,0.0028998042,False,39,0.001350836711935699,-0.0013141297968104482,0.009906768798828125
2392,419,8,2,-4.74652099609375,1.3074875e-05,-0.0038075352,False,439,0.001153650227934122,0.0021155071444809437,-0.004782467149198055
2392,619,12,2,-5.936202526092529,-0.01607419,0.002535734,False,604,-0.003650989616289735,0.004869403783231974,0.010089530609548092
2392,784,15,2,-5.4651265144348145,0.007828731,0.005155687,True,779,0.0017112063942477107,-0.008591566234827042,0.007629728876054287
2394,60,1,2,-5.878265857696533,-0.018686667,-0.0016425229,False,51,-0.00011761665518861264,0.007708816323429346,0.009217711165547371
2394,484,9,2,-5.497552394866943,0.0021483134,-0.001336031,False,460,0.002001209184527397,0.00594394700601697,-0.007427082397043705
2397,471,9,2,-5.155871868133545,-7.742882e-05,0.0015469837,False,495,-0.0057782744988799095,-0.00458559999242425,0.0004317380953580141
2397,605,12,2,-4.135625839233398,-0.0012625695,0.0014116955,False,627,0.002542095258831978,0.006376028060913086,-0.00115966796875
2398,13,0,2,-3.4576406478881836,0.013180074,0.009707565,False,42,0.004816417582333088,0.005283570382744074,-0.003939661663025618
2398,743,14,2,-5.742159843444824,-0.007953253,-0.0044803335,False,728,0.002642784034833312,0.004536876454949379,0.0015788266900926828
2399,478,9,2,-5.940652847290039,-0.00430625,0.0035246848,True,483,-0.001605558441951871,0.018696259707212448,-0.012470884248614311
2399,632,12,2,-5.332914352416992,-0.0020112132,-0.0024594783,False,646,-0.003204946406185627,0.004591121803969145,-0.008244333788752556
2401,93,1,2,-3.380824565887451,-0.0027308082,0.0050321342,False,63,-0.0041791293770074844,-0.01061603520065546,0.014199848286807537
2401,764,15,2,-2.1846508979797363,0.0027040911,-0.0051120566,False,-1,,,
2403,86,1,2,-5.643627643585205,-0.01616046,-0.00661252,False,81,-0.01680663973093033,0.0036252308636903763,-0.010883931070566177
2403,865,17,2,-4.2249064445495605,0.0064336206,-0.0040486143,False,853,-0.001720056519843638,0.006973357405513525,-0.01917564868927002
2404,603,12,2,-5.2080817222595215,0.008226366,0.0014377403,False,606,0.004878797568380833,0.0011218261206522584,-0.003031653817743063
2404,866,17,2,-5.680274486541748,-0.0006328106,-0.0037912177,False,852,0.0003835010575130582,-0.00477180490270257,0.001996898790821433
2405,62,1,2,-5.333211421966553,-0.010628491,0.00070054055,False,82,-0.012136965058743954,-0.008195018395781517,0.007387084886431694
2405,78,1,2,-5.817464351654053,-0.007214193,-0.0026944638,False,79,0.0027570342645049095,0.003352947300300002,0.003923816606402397
2405,208,4,2,-4.4041523933410645,0.004443102,-0.013602,False,234,-0.004208145197480917,-0.021475791931152344,-0.0007774550467729568
2405,855,17,2,-2.8759148120880127,0.0026380061,-0.009870143,False,882,0.008086271584033966,-0.007030157838016748,0.0026082806289196014
2407,50,1,2,-5.149871826171875,0.0091839405,-0.008028908,False,99,0.003186998423188925,0.003021669341251254,-0.017047520726919174
2407,881,17,2,-5.413516521453857,0.00091279985,-0.009345198,False,889,0.000740804651286453,-0.0073486994951963425,-0.0021684933453798294
2408,475,9,2,-4.790680885314941,-0.013538847,-0.0053379154,False,482,-0.0006148433894850314,-0.004200000781565905,0.011786088347434998
2408,631,12,2,-5.775115013122559,0.0027931214,-0.003982773,True,640,-0.00458742119371891,-0.0033700179774314165,-0.007993297651410103
2408,762,15,2,-5.047511577606201,0.0075447652,-0.014397592,False,774,-0.008315295912325382,-0.008370237424969673,-0.021887417882680893
2408,840,16,2,-5.846127033233643,-0.005945234,-0.0011614609,False,829,2.591133124951739e-05,-0.0015764236450195312,0.006386108230799437
2409,61,1,2,-5.4627203941345215,-0.002906084,0.0015231132,False,82,-0.01368672400712967,-0.007793550379574299,-0.0014639762230217457
2409,328,6,2,-3.2525763511657715,-0.006301632,0.002111268,False,331,-0.00886104628443718,-0.00020495890930760652,-0.00024318695068359375
2409,456,9,2,-4.933905124664307,-0.0052730753,0.0040368843,False,458,0.0008994960808195174,0.0014932251069694757,0.008716230280697346
2409,768,15,2,-5.290576457977295,-0.009797106,-0.009755316,False,774,-0.009909486398100853,-0.006232338026165962,-0.0036353589966893196
2410,464,9,2,-5.75517463684082,-0.003921671,-0.00014557838,False,499,-0.0011488724267110229,-0.001705923117697239,0.004333143122494221
2410,522,10,2,-3.527693033218384,0.0011071253,0.00023653507,False,514,0.00063394068274647,0.00024073600070551038,-0.0004773855325765908
2413,306,6,2,-4.829223155975342,-0.0053060437,-0.0020335007,False,330,0.0016393470577895641,-0.0009806823218241334,0.005892571993172169
2413,395,7,2,-3.895183563232422,-0.0005868387,0.00066297053,False,367,-0.00027438640245236456,0.0027411412447690964,-0.001765718450769782
2414,1,0,2,-4.196205139160156,-0.010692935,-0.0042261314,False,32,-0.001839709235355258,0.009947790764272213,-0.005320696160197258
2414,66,1,2,-3.783782958984375,0.012640667,-0.008744993,False,55,-0.0038919735234230757,0.006204934325069189,-0.03148256987333298
2414,235,4,2,-5.549206256866455,0.007877397,-0.005593691,True,230,-0.00022149085998535156,-0.004947252105921507,-0.008745327591896057
2414,567,11,2,-3.7938473224639893,-0.00017094135,-0.00094434264,False,552,0.0051079560071229935,-0.005266704596579075,0.009601259604096413
2414,600,12,2,-1.7054996490478516,0.0050156163,0.0018108082,False,622,0.0013436460867524147,-0.0014498138334602118,-0.00041134818457067013
2414,844,16,2,-3.3719217777252197,-0.0027640772,-0.005849519,False,836,-0.0003993463469669223,0.003492589108645916,-0.006977377459406853
2415,258,5,2,-4.522280693054199,0.00024271011,-0.0013992595,False,260,-0.0012900924775749445,-0.0003559112665243447,-0.002576150931417942
2415,490,9,2,-5.0782999992370605,0.005727558,-0.012791652,False,458,0.0005700206966139376,0.004751415457576513,-0.022700604051351547
2415,841,16,2,-5.956662178039551,-0.0038267516,0.001951065,True,829,-0.0021665191743522882,0.0018795299110934138,0.0017317677848041058
2415,849,16,2,-4.008029937744141,-0.0059210537,-0.010189476,False,826,0.005170183256268501,0.0040161944925785065,-0.0031144339591264725
2419,200,4,2,-5.640380859375,0.0066774557,0.002008438,True,238,-0.007756710052490234,-0.0071157170459628105,-0.005310010630637407
2419,224,4,2,-5.958525657653809,-0.004233446,0.0013936997,True,201,-0.0027973365504294634,0.0027059554122388363,0.00012385332956910133
2419,653,13,2,-3.670691967010498,0.0036368228,-0.002479,False,667,0.013194131664931774,-0.0012799453688785434,0.008358254097402096
2419,661,13,2,-4.66582727432251,-0.0024122046,-0.008098249,False,678,-0.0015815639635547996,0.004694461822509766,-0.011962071061134338
2420,609,12,2,-4.93960428237915,-0.012735815,0.0019209767,False,613,-0.003959779627621174,0.0030902670696377754,0.0076067447662353516
2420,699,13,2,-4.243839740753174,-0.0017441082,-5.7468413e-05,False,697,-0.0006266212440095842,-0.006097974721342325,0.007157993037253618
2421,680,13,2,-5.514070987701416,-0.006432333,-0.0020729923,False,651,0.0007177257793955505,-0.0053947544656693935,0.010471820831298828
2421,755,15,2,-5.1114912033081055,0.006520176,-0.004857674,False,774,-0.007119398098438978,-0.007339906878769398,-0.011157341301441193
2421,863,17,2,-5.821082592010498,5.2118303e-05,-0.0030634212,True,890,-0.0017533397767692804,0.0034879399463534355,-0.008356818929314613
2421,901,18,2,-4.281370639801025,0.00083161355,-0.0008600235,False,915,0.00035758971353061497,-0.004814977757632732,0.003480930346995592
2422,35,0,2,-3.3233442306518555,0.0010426474,0.0008820343,False,22,0.0009967231890186667,0.0011429929872974753,-0.00030688289552927017
2422,36,0,2,-4.874939441680908,0.007575016,-0.003924675,False,12,-0.0071777342818677425,-0.0027579402085393667,-0.015919484198093414
2422,72,1,2,-5.870392799377441,-0.007994843,0.0015357208,False,52,-0.010339736938476562,5.9852598496945575e-05,-0.0008690254762768745
2422,121,2,2,-4.400407314300537,-0.0010873794,-0.00390769,False,117,-0.003084688214585185,0.000526695279404521,-0.006431694142520428
2422,486,9,2,-4.992361068725586,-0.0032842827,-0.009726104,False,458,-0.003674526233226061,0.010430164635181427,-0.020546510815620422
2422,491,9,2,-4.806006908416748,0.0052700615,0.005063925,False,497,-0.011544494889676571,-0.001178846345283091,-0.010571785271167755
2423,249,4,2,-5.9742536544799805,-0.00797803,0.005318508,True,201,-0.0033219815231859684,0.0038613700307905674,0.0061131855472922325
2423,453,9,2,-5.882014274597168,0.00069934846,0.00814105,True,499,0.0009107685182243586,0.003443164750933647,0.0049093058332800865
2424,760,15,2,-4.991426467895508,0.017358398,-0.00032663345,False,793,-0.0022041702177375555,-0.003961267415434122,-0.015927935019135475
2424,948,18,2,-3.704674005508423,0.007252231,-0.0034966755,False,918,-0.005702762398868799,-0.003456978825852275,-0.012994689866900444
2425,31,0,2,-5.1583251953125,-0.009977121,-0.0047202967,False,3,0.008347826078534126,0.003794546239078045,0.00981010403484106
2425,666,13,2,-4.903380393981934,0.0032990265,0.0006967926,False,693,-0.00016571999003645033,-0.0023949050810188055,-0.0003730489406734705
2426,160,3,2,-4.145130634307861,-0.0017174339,-0.006660547,False,196,-0.003858051262795925,0.0042510125786066055,-0.013052176684141159
2426,773,15,2,-5.650745868682861,0.006470156,-0.00338089,True,781,0.0033181190956383944,-0.0002335071621928364,-0.006299419328570366
2427,29,0,2,-5.267733573913574,-0.009289159,0.0004966736,False,7,-0.00460083968937397,-0.0011408519931137562,0.006325845140963793
2427,636,12,2,-5.696088790893555,0.003102932,0.0112777995,True,621,-0.0003248882421758026,-0.004485359415411949,0.0123353386297822
2428,283,5,2,-3.280723810195923,-0.0014397764,-0.00043900014,False,284,0.0018235492752864957,-0.0023885201662778854,0.005212845280766487
2428,795,15,2,-5.949137210845947,-0.0049028588,0.0058340933,True,779,-0.010445576161146164,0.001719293650239706,-0.0014279186725616455
2429,106,2,2,-3.212939739227295,0.0036384917,0.00071434496,False,125,-0.010781164281070232,0.009835772216320038,-0.023541083559393883
2429,492,9,2,-5.9614105224609375,-0.004221029,0.011211843,True,494,-0.00397461885586381,0.002174281980842352,0.009283971041440964
2429,564,11,2,-3.768279790878296,0.0019143533,-0.004641976,False,554,0.002040915424004197,-0.0003253078320994973,-0.0041901059448719025
2429,786,15,2,-5.409638404846191,0.008818636,0.00055942533,True,774,-0.011428814381361008,-0.003838195698335767,-0.015849828720092773
2430,763,15,3,-5.332186698913574,0.008562221,-0.0051428126,True,774,-0.010021133348345757,-0.004313221201300621,-0.019412945955991745
2431,207,4,2,-5.409511089324951,0.00492589,-0.0061386777,False,213,-0.0011682796757668257,-0.004342107567936182,-0.007890739478170872
2431,488,9,2,-5.866213798522949,-0.009078712,0.0010667229,False,463,-0.0032758330926299095,0.003884649369865656,0.00298495264723897
2432,246,4,2,-5.9742536544799805,-0.010354299,0.004002371,True,201,-0.00044726370833814144,0.005468711722642183,0.008440694771707058
2432,991,19,2,-3.32826566696167,-0.0006993437,-0.0015836144,False,971,-0.0034398173447698355,-7.312774687306955e-05,-0.004250960424542427
2433,182,3,2,-5.445127010345459,-0.0019453812,-0.0002224064,False,171,-0.0011314678704366088,-0.0005030155298300087,0.0010945224203169346
2433,556,11,2,-5.4305267333984375,0.009523163,-0.0009118366,False,566,0.001096858992241323,0.001401128713041544,-0.010739268735051155
2434,47,0,2,-4.6614556312561035,-0.008921528,-0.0015569687,False,16,-0.00315234181471169,0.0049712467007339,-0.0007590292952954769
2434,670,13,2,-5.108619213104248,0.002287407,0.003473711,False,658,0.006872015073895454,-0.004634237382560968,0.012692555785179138
2435,89,1,2,-5.8181891441345215,0.0017929077,0.004847612,True,81,-0.008424625732004642,-0.0012073325924575329,-0.004162588622421026
2435,804,16,2,-3.671247959136963,0.0031529856,0.0019583083,False,811,-0.001267075538635254,0.00010431766713736579,-0.0025660705287009478
2439,71,1,2,-5.333659648895264,0.00078824046,-0.0038856505,False,73,-0.003280420321971178,-0.006019964348524809,-0.001934346742928028
2439,628,12,2,-3.3716681003570557,0.004376483,-0.0097479345,False,616,-0.004624481312930584,0.003894114401191473,-0.022643012925982475
2440,94,1,2,-4.860045909881592,0.021342745,-0.0020910834,False,59,-0.0005077362293377519,-0.00992023479193449,-0.014021330513060093
2440,248,4,2,-5.934926986694336,-0.0012989617,0.010643225,True,204,-0.0016424464993178844,0.0017870235024020076,0.008512716740369797
2440,559,11,2,-3.509864330291748,-0.00030364038,0.0015729761,False,562,-0.001028361264616251,-0.000173273088876158,0.0010215283837169409
2440,972,19,2,-3.766705274581909,-0.009252634,-0.0019224787,False,970,0.004124188330024481,-0.0029664181638509035,0.014420761726796627
2442,231,4,2,-5.818787097930908,-0.00047571183,-0.0016028595,False,238,-0.009506511501967907,-0.0022052288986742496,-0.008428430184721947
2442,647,12,2,-4.346987247467041,0.0015052414,-0.0020039082,False,601,-0.0033676051534712315,-0.0029560374096035957,-0.003920717164874077
2443,87,1,2,-5.9742536544799805,0.0,0.0076663685,True,-1,,,
2443,469,9,2,-3.4810259342193604,0.015630336,0.0101165725,False,461,-6.518841109937057e-05,0.0024446630850434303,-0.008023615926504135
2443,750,15,2,-5.707152843475342,0.0039978027,-0.0025674629,True,769,0.003919267561286688,-0.0020867062266916037,-0.0005592918023467064
2443,796,15,2,-4.330622673034668,-0.0057922937,0.0010916424,False,757,-0.01737920194864273,0.005186166614294052,-0.01568143256008625
2444,329,6,2,-5.9742536544799805,-6.538391e-05,0.00054471014,True,343,-0.004715604707598686,-0.00035753249539993703,-0.0037479782477021217
2444,669,13,2,-5.8404130935668945,-0.0011302185,-0.00041436194,True,673,-0.004283933434635401,0.0030005837325006723,-0.006568660959601402
2448,37,0,2,-5.8871331214904785,-0.0036338805,0.00026823996,True,15,0.0008553695515729487,0.003830976551398635,0.0009265134576708078
2448,756,15,2,-5.886388778686523,-0.0014128399,-0.00032527922,True,788,0.0024219609331339598,-0.0013862705091014504,0.004895792342722416
2448,851,17,2,-5.856535911560059,-0.010771074,-0.00040841103,False,875,-0.010253410786390305,0.0051473043859004974,-0.00503805186599493
2448,916,18,2,-5.3690714836120605,-0.012306157,0.004187355,False,943,0.001182127045467496,-0.005151348188519478,0.022826984524726868
2449,205,4,2,-5.920579433441162,-0.0017814254,0.0061307335,True,233,-0.0011280536418780684,0.008256330154836178,-0.0014722244814038277
2449,952,19,2,-3.164844036102295,0.012549734,-0.0007590008,False,989,0.0005636882851831615,-0.0029062319081276655,-0.009838813915848732
2450,589,11,2,-4.554831504821777,-0.0064803027,0.003775072,False,588,-0.004912300035357475,0.004298353102058172,0.0010447213426232338
2450,827,16,2,-4.097940444946289,0.0045095156,-0.0016416931,False,826,0.005585470236837864,0.0008644676418043673,-0.0014302060008049011
2451,483,9,2,-5.04689884185791,0.01670885,-0.0038999082,True,460,0.011669530533254147,0.0008965873857960105,-0.00983581505715847
2451,895,17,2,-4.104567050933838,-0.0030406618,0.0017665577,False,874,-0.006185331381857395,-0.005722446367144585,0.004344334360212088
2452,43,0,2,-5.737423419952393,-0.003954306,-0.0027769185,True,5,-0.0007891750428825617,0.0006142711499705911,-0.00022605888079851866
2452,347,6,2,-5.660498142242432,0.0014555645,-0.005907431,False,312,0.0036757851485162973,0.00480416277423501,-0.00849137268960476
2453,645,12,2,-4.386098384857178,0.01436449,-0.00064298627,False,601,0.0003520679601933807,-0.008128976449370384,-0.006526432000100613
2453,928,18,2,-4.818161487579346,-0.003562317,0.0053706835,False,912,-0.004660234320908785,0.0016684054862707853,0.002604360692203045
2454,203,4,2,-5.737925052642822,-0.0054211332,0.0009111786,False,236,-0.0066519929096102715,0.00801504123955965,-0.008334722369909286
2454,766,15,2,-5.098822593688965,-0.01095273,-0.008626175,False,758,-0.01145513541996479,-0.002525939838960767,-0.006602641195058823
2457,563,11,2,-4.971920013427734,-0.00041109085,-0.0012641335,False,565,-0.0002618598809931427,-0.0015568637754768133,0.00044196128146722913
2457,675,13,2,-4.768220901489258,-0.0067962646,-0.0028820897,False,693,-0.0012323474511504173,9.262085222871974e-05,0.002589206211268902
2457,753,15,2,-5.96448278427124,-0.00046404838,0.001585226,True,788,-0.0007311344379559159,0.0,0.0013181400718167424
2457,820,16,2,-5.434089660644531,0.004544067,-0.002656002,False,833,-0.0003106975636910647,0.002493047621101141,-0.010003814473748207
2458,412,8,2,-4.453150272369385,0.004316511,-0.0031048297,False,423,0.00041343687917105854,-0.000903329870197922,-0.0061045740731060505
2458,780,15,2,-5.5919623374938965,0.0076458263,0.007391968,True,774,-0.008370237424969673,-0.007966766133904457,-0.0006573298014700413
2461,216,4,2,-5.869663238525391,-0.008791341,0.018984547,True,233,-0.005523042753338814,-0.0005137920379638672,0.022766636684536934
2461,978,19,2,-3.3500988483428955,-0.0023943186,-0.00078914163,False,983,-0.0016082382062450051,-0.0013210868928581476,0.0013180256355553865
2463,11,0,2,-5.645174980163574,-0.0012537575,-0.004970331,False,5,-0.00023296356084756553,0.00039751053554937243,-0.00434704776853323
2463,663,13,2,-5.404077053070068,0.0047060396,-0.003323126,False,688,0.0021305466070771217,-0.0037038708105683327,-0.0021947482600808144
2464,60,1,2,-5.67270040512085,-0.0010074616,-0.0019923116,True,79,0.002579917898401618,0.007296371273696423,-0.005701303016394377
2464,189,3,2,-3.628361701965332,-0.004830828,0.00857781,False,194,-0.0016581678064540029,-0.001035771332681179,0.012786241248250008
2465,78,1,2,-5.830410957336426,0.0022916126,6.42395e-05,True,52,0.0013401317410171032,-0.0018273257883265615,0.0009400844573974609
2465,605,12,2,-4.022928714752197,0.002538433,0.0029801417,False,649,0.0067245387472212315,-0.003888931358233094,0.011055178940296173
2466,465,9,2,-5.731173038482666,0.00222785,-0.0027332592,True,493,-0.00017129897605627775,0.002348184585571289,-0.007480592932552099
2466,980,19,2,-4.046937465667725,-0.0015136385,-0.005267782,False,995,-0.0037555075250566006,-0.004448222927749157,-0.00306142820045352
2469,568,11,2,-3.8410465717315674,0.010475936,0.006944852,False,584,0.00696579460054636,0.0027791690081357956,0.0006555411964654922
2469,803,16,2,-5.880268096923828,-0.004102354,-0.00013733863,False,829,0.0015655899187549949,-0.001040182076394558,0.006570787634700537
2470,57,1,2,-5.434962272644043,0.006193371,-0.010545569,True,84,-0.003455524332821369,-0.0006435298710130155,-0.019550934433937073
2470,95,1,2,-5.429542064666748,-0.019133825,-0.0064301398,False,84,-0.003455524332821369,-0.0006435298710130155,0.0098916906863451
2470,296,5,2,-2.772899866104126,0.0042241,-0.0011917735,False,294,-0.002663741121068597,-0.0021306085400283337,-0.005949006415903568
2470,587,11,2,-3.118622064590454,0.0015657711,-0.001595769,False,550,0.0054629468359053135,0.002021374646574259,0.00028003216721117496
2470,772,15,2,-5.863842487335205,0.0018532658,0.0012740993,True,769,0.0005034732748754323,0.0016574668698012829,-0.001733160112053156
2470,802,16,2,-2.8996810913085938,-0.0014311838,0.00056093215,False,845,-0.00043409346835687757,-0.004659266676753759,0.006217288784682751
2471,64,1,2,-5.9742536544799805,-0.012436714,0.00022777557,True,80,-0.0016923523508012295,0.014434661716222763,-0.0034625250846147537
2471,662,13,2,-4.750548362731934,0.004637718,3.8232803e-05,False,671,-0.009098300710320473,0.0029044724069535732,-0.016602259129285812
2473,157,3,2,-4.157903671264648,0.00077877997,-0.005483284,False,188,-0.0076775215566158295,-0.005599021911621094,-0.008340563625097275
2473,770,15,2,-5.512760162353516,0.008983212,-0.005092945,True,774,-0.008100824430584908,-0.00548382755368948,-0.016693152487277985
2475,476,9,2,-3.4679489135742188,0.011869726,-0.007598157,False,485,-0.0016123151872307062,0.007726230658590794,-0.028806429356336594
2475,787,15,2,-5.428616523742676,0.0011136723,-0.0018030644,False,758,-0.015227260999381542,0.002809715224429965,-0.020953712984919548
2477,31,0,2,-5.953450679779053,-0.016412582,0.0030943775,True,10,-0.0014693641569465399,-0.000697278999723494,0.018734874203801155
2477,124,2,2,-5.2568440437316895,0.00015924453,0.0035695361,False,133,-0.0015145492507144809,0.003608751343563199,-0.0017130088526755571
2478,464,9,2,-5.511120796203613,0.0052385423,0.020258045,False,455,0.0023731517139822245,0.0005106162861920893,0.01688203774392605
2478,872,17,2,-5.9742536544799805,-0.0031959151,1.8177032e-05,True,860,0.00016571044398006052,0.005422830581665039,-0.0020430281292647123
2479,25,0,2,-4.10251522064209,-0.0072079133,-0.005122404,False,28,-0.0026140022091567516,-0.0025489043910056353,0.0020204114262014627
2479,456,9,2,-5.144105434417725,-0.014583397,-0.0011587334,False,460,0.006118345074355602,0.003398904809728265,0.016144102439284325
2479,809,16,2,-2.033012628555298,0.0048475885,-0.0027071857,False,821,9.276867058360949e-05,0.0014948415337130427,-0.008956846781075
2479,897,17,2,-5.1183552742004395,-0.004229231,0.002814331,False,879,-0.005335960537195206,-0.006019525695592165,0.007727127056568861
2480,44,0,2,-3.855623483657837,-0.0059017134,0.004607005,False,34,0.008625693619251251,0.007669744547456503,0.011464666575193405
2480,761,15,2,-5.527310371398926,0.0013691044,0.0011013412,False,774,-0.004313221201300621,-0.005044050049036741,0.0004630656912922859
2482,68,1,2,-5.496242523193359,0.00768054,-0.002290163,True,79,0.0033954144455492496,0.008491783402860165,-0.015067072585225105
2482,355,7,2,-3.718165159225464,-0.0043406393,0.002503462,False,367,0.0016395520651713014,-0.0011304616928100586,0.009614115580916405
2484,200,4,2,-5.451889991760254,0.010065985,-0.0099790385,True,237,0.00109582906588912,-0.00683998130261898,-0.012109212577342987
2484,922,18,2,-2.2548723220825195,-0.004128895,-0.001986499,False,-1,,,
2485,458,9,2,-4.709090709686279,0.006987286,0.008047963,False,462,0.007448158226907253,0.01150387804955244,-0.002995043061673641
2485,869,17,2,-5.87376070022583,-0.0017486954,-0.000938406,True,873,0.0007590103195980191,0.002481756266206503,-0.0009124565403908491
2486,218,4,2,-5.4668660163879395,0.0054898737,-0.0063691903,True,242,-0.0019254684448242188,0.0015561007894575596,-0.015340633690357208
2486,285,5,2,-4.420591831207275,-0.0019204998,0.0018365574,False,262,0.00015213966253213584,0.0013921833597123623,0.0025170135777443647
2486,577,11,2,-3.061392068862915,0.0020570897,-0.00051681517,False,550,0.005947566125541925,-0.0015269183786585927,0.0049005793407559395
2486,648,12,2,-5.756706237792969,0.0033931255,0.0018201352,True,639,0.001126623130403459,0.0028899002354592085,-0.0033362675458192825
2487,327,6,2,-4.308752536773682,-0.001302948,-0.0022097968,False,314,0.00529587734490633,-0.0009182834764942527,0.005307312123477459
2487,474,9,2,-5.799732685089111,0.001792736,0.00027784347,True,493,0.0034939574543386698,0.009050493128597736,-0.007071428466588259
2492,742,14,2,-2.4951882362365723,-0.0032246113,0.0034755326,False,740,0.0017481088871136308,-0.0037209701258689165,0.01216922327876091
2492,760,15,2,-4.777786731719971,0.005717716,0.0033327483,False,778,-0.0071663763374090195,0.0034296035300940275,-0.012980948202311993
2492,828,16,2,-5.326807022094727,-0.010112124,4.0540694e-05,False,805,-0.005913982167840004,-0.011856002733111382,0.016094684600830078
2492,870,17,2,-4.989221096038818,0.007253475,-0.0023324776,False,879,0.0008291721460409462,-0.00788569450378418,-0.000871085561811924
2499,468,9,2,-5.957220077514648,-0.0037096976,0.0021636104,True,473,-0.0016149997245520353,0.0044503784738481045,-0.0001920699141919613
2499,636,12,2,-4.975592613220215,0.0087794205,0.0031655312,False,624,-0.004643440246582031,-0.00010820388706633821,-0.010149125941097736
2502,24,0,2,-5.609069347381592,0.0032747556,-0.003591814,False,18,-4.269599958206527e-05,-0.0023120595142245293,-0.004597206134349108
2502,106,2,2,-3.2927093505859375,-0.00013802052,0.003547163,False,136,0.0013417863519862294,4.423618156579323e-05,0.004982733633369207
2502,230,4,2,-5.9742536544799805,-0.0014881421,0.0020667457,True,244,0.0014299297472462058,-0.0002609729708638042,0.005245790351182222
2502,840,16,2,-5.872509956359863,0.0018766213,0.004442568,True,817,-0.0008995342068374157,0.0001299095165450126,0.001536502968519926
2505,70,1,2,-4.497395992279053,0.007021551,-0.0069705774,False,85,0.0007134246989153326,-0.009072208777070045,-0.004206495359539986
2505,643,12,2,-3.6099326610565186,-0.010722857,-0.0013701916,False,615,-0.0073983194306492805,-0.0034480381291359663,0.005402384325861931
2506,300,6,2,-3.863670587539673,-0.0004379034,-0.0021992063,False,339,0.0001002931603579782,0.001958990003913641,-0.003619999624788761
2506,477,9,2,-5.192654609680176,-0.0020706367,0.0010907268,False,495,0.00673334114253521,-0.009038524702191353,0.01893322914838791
2506,784,15,2,-5.6807169914245605,-0.009573765,-0.0019892408,False,791,0.0010976314079016447,-0.00028205872513353825,0.008964214473962784
2506,852,17,2,-5.24985933303833,0.013184919,-0.008235979,True,864,0.0003572559216991067,0.0014837074559181929,-0.022547349333763123
2508,810,16,2,-4.747831344604492,-0.004811697,0.0038678169,False,814,-0.003933143801987171,0.0024095915723592043,0.0023367786779999733
2508,970,19,2,-4.325567245483398,-0.010069204,-0.0013419342,False,967,-0.0018500708974897861,-0.003164091147482395,0.010041289031505585
2509,15,0,2,-5.937241077423096,-0.0014164257,6.688118e-05,False,10,-0.0031152439769357443,-0.0011535072699189186,-0.0004784298362210393
2509,631,12,2,-5.927468299865723,0.00093570707,0.0021033287,True,625,4.138946678722277e-06,-0.0009330654283985496,0.0021048260387033224
2510,497,9,2,-4.14013671875,0.010493841,-0.0026758863,False,452,-0.0015173053834587336,-0.0021916294936090708,-0.012495403178036213
2510,731,14,2,-4.229009628295898,-0.0057043936,-0.0044031525,False,741,0.0010950469877570868,-0.010714159347116947,0.0131104476749897
2513,246,4,2,-5.284759521484375,0.012166414,-0.011980677,True,236,0.005013313144445419,-0.001181325875222683,-0.01795245334506035
2513,274,5,2,-3.5655064582824707,-7.387638e-05,-0.0026928282,False,272,0.0014736175071448088,0.00018336296488996595,-0.001328697195276618
2514,45,0,2,-5.080816268920898,0.010035763,-0.007412901,False,48,0.0031813811510801315,-0.003342743031680584,-0.010924539528787136
2514,518,10,2,-4.975333213806152,0.0017751026,-0.00026765824,False,521,-0.00021127700165379792,0.0017052841139957309,-0.00395932188257575
2515,243,4,2,-5.9742536544799805,-0.00014073373,0.003829298,True,204,-0.00229676254093647,0.004251136910170317,-0.0025778678245842457
2515,632,12,2,-5.064302444458008,0.0036435795,0.002768259,False,613,-0.0018788337474688888,-0.009471749886870384,0.006717595271766186
2515,885,17,2,-5.830668926239014,-0.0006015873,0.0023690225,False,860,0.0009732914040796459,0.006873588543385267,-0.0029296875
2515,896,17,2,-5.036312580108643,0.009030952,-0.001502695,False,892,0.0014257240109145641,-0.0011163711315020919,-0.007991552352905273
2518,164,3,2,-5.908173561096191,0.00080007553,-0.0006490612,True,191,-0.004191112704575062,-0.0007566070416942239,-0.004883642308413982
2518,669,13,2,-5.831984996795654,-0.00047779083,0.004054184,False,668,-0.0008249378297477961,0.0011938000097870827,0.002513237064704299
2520,35,0,2,-3.909029722213745,-0.012461367,-0.0023180246,False,20,-0.0001801157050067559,-0.011434321291744709,0.0213975477963686
2520,318,6,2,-1.961154818534851,0.0037823939,-0.0026475359,False,325,-0.0008803438977338374,-0.003562989179044962,-0.003747284412384033
2521,81,1,2,-4.366081714630127,0.023939505,0.0027339268,False,96,-0.0043814945966005325,-0.017822589725255966,-0.007764482870697975
2521,129,2,2,-3.7253661155700684,0.0012869216,-0.0040231086,False,135,-0.006779370363801718,0.0073934029787778854,-0.019482804462313652
2523,578,11,2,-2.212373733520508,0.004277301,-0.0020344353,False,-1,,,
2523,865,17,2,-4.71255350112915,-0.0049858,-0.0034768581,False,874,-0.004268303047865629,0.00017154694069176912,-0.0029309079982340336
2524,8,0,2,-5.198994159698486,-0.0004176712,-0.0038869858,False,4,0.004106283187866211,-0.005294580478221178,0.005931548774242401
2524,499,9,2,-4.969496726989746,0.012629642,0.0044422913,False,489,0.00791976973414421,-0.004927635192871094,0.004660054109990597
2524,759,15,2,-5.749273300170898,0.0012228775,0.006063223,True,790,0.0013690281193703413,-0.002386646345257759,0.008596019819378853
2524,888,17,2,-5.8965277671813965,-0.00091752055,0.007453184,False,877,-0.008517942391335964,0.0009323882986791432,-0.0010796254500746727
2526,113,2,2,-4.916946887969971,0.0036992072,0.012994499,False,122,0.0019307136535644531,4.824638381251134e-05,0.011177759617567062
2526,209,4,2,-5.775781154632568,0.0004935551,-0.0005591679,True,241,0.003156194696202874,0.0007941722869873047,0.0013092993758618832
2526,673,13,2,-5.965291500091553,-0.00200202,0.0034036255,True,668,-0.0032093811314553022,-0.00031447410583496094,0.0025107383262366056
2526,908,18,2,-5.370238304138184,0.0019746495,-9.749413e-05,False,900,0.00682595232501626,-0.0014947605086490512,0.006248569115996361
2529,739,14,2,-3.5010571479797363,-0.0025032186,-0.0028282357,False,733,0.0010306548792868853,0.00020537376985885203,0.0005002639954909682
2529,752,15,2,-5.779775142669678,-0.0025824546,0.00030499458,True,798,0.0011159800924360752,0.011945867910981178,-0.007942439056932926
2530,53,1,2,-2.0080878734588623,0.025505548,0.0038516258,False,-1,,,
2530,737,14,2,-2.2949860095977783,0.0020372153,0.0024018146,False,-1,,,
2531,71,1,2,-5.9378886222839355,-0.010313511,0.0057119085,False,59,-0.01257453951984644,0.0020662022288888693,0.0013846782967448235
2531,247,4,2,-5.949813365936279,-0.0008442593,0.003332243,True,201,-0.0055974675342440605,0.004030151292681694,-0.00545111671090126
2531,786,15,2,-4.749884605407715,0.012845926,-0.007875643,False,776,8.828163117868826e-05,-0.009086170233786106,-0.011547117494046688
2531,914,18,2,-3.6975388526916504,-0.0020696784,-0.0017539024,False,911,0.006615238264203072,0.0009266281267628074,0.006004386115819216
2532,2,0,2,-4.770514011383057,-0.0098211765,0.0065782163,False,3,0.003221216145902872,-0.01005010586231947,0.02967071533203125
2532,282,5,2,-3.9302477836608887,0.0021157074,0.001351428,False,290,3.42321400239598e-05,-0.004200201015919447,0.0034701537806540728
2534,219,4,2,-5.424407958984375,-0.006701412,0.005749235,False,208,-0.014223470352590084,0.003081521950662136,-0.004854345694184303
2534,222,4,2,-5.611598014831543,0.0025628568,0.0008237743,False,249,-0.0013091755099594593,0.010551366955041885,-0.01359962485730648
2534,698,13,2,-4.210153579711914,-0.010556597,-0.002828169,False,684,0.0006311035249382257,0.004000015091150999,0.0043595172464847565
2534,725,14,2,-4.370992183685303,-0.0029624559,-0.0014582158,False,710,-0.0010330581571906805,0.0005426883581094444,-7.150648161768913e-05
2534,861,17,2,-4.636745452880859,-0.003961401,-0.003387022,False,894,0.0035047722049057484,0.0002866840222850442,0.0037924672942608595
2534,898,17,2,-5.9742536544799805,-0.0024917317,0.0012908649,True,871,-0.002525978023186326,-0.0009849929483607411,0.0022416114807128906
2535,234,4,2,-5.750869274139404,-0.00013343811,-0.0027590275,True,238,0.0031322287395596504,-0.0022830867674201727,0.002789726248010993
2535,920,18,2,-3.9654440879821777,-0.0003431797,0.0007133007,False,903,0.0005399036454036832,0.0015525531489402056,4.383095074445009e-05
2536,416,8,2,-3.7747652530670166,0.003968053,0.0025322628,False,437,0.0010289049241691828,-0.0020395421888679266,0.0016326569020748138
2536,799,15,2,-5.861185073852539,-0.0013154126,0.0016460705,True,788,-0.0007460498600266874,0.0011429882142692804,0.0010724449530243874
2537,215,4,2,-5.692524433135986,0.0044631674,-0.003238449,True,244,0.0012934685219079256,-0.005955839063972235,-0.00045230891555547714
2537,466,9,2,-5.298939228057861,0.005543575,0.002324915,False,453,0.0011420536320656538,-0.007407598663121462,0.005330991931259632
2538,36,0,2,-4.916801452636719,0.004543886,0.003397093,False,41,0.00037349702324718237,-0.00429052347317338,0.003517227480188012
2538,692,13,2,-5.667388439178467,-0.010188217,-0.00281415,False,665,-0.006377963814884424,0.0008126068278215826,0.0001834966242313385
2539,232,4,2,-5.440330982208252,0.0052882386,-0.0043164254,True,236,-0.008065547794103622,0.0024637412279844284,-0.020133953541517258
2539,463,9,2,-5.387942314147949,0.007881203,0.0007192802,False,453,-0.0017933654598891735,-0.004931993316859007,-0.004023294895887375
2539,493,9,2,-5.310271739959717,0.009514227,0.0004424286,False,453,-0.0017933654598891735,-0.004931993316859007,-0.005933170206844807
2539,595,11,2,-4.484044551849365,-0.0070623495,-0.0013386917,False,555,0.0016452312702313066,-0.0016406249487772584,0.00900951400399208
2539,641,12,2,-5.777214050292969,-0.00030413628,0.0038995456,True,630,0.003842897480353713,-0.0035106276627629995,0.011557206511497498
2539,792,15,2,-5.626910209655762,0.006088829,-0.0036282062,True,798,0.006508102640509605,0.005998277571052313,-0.009207209572196007
2540,57,1,2,-5.742272853851318,-0.0016755485,0.0035352707,True,99,-0.009416436776518822,-0.004231167025864124,2.554943785071373e-05
2540,672,13,2,-4.137625217437744,-0.0045901584,-0.006079397,False,679,0.001013574656099081,0.0025844096671789885,-0.0030600738245993853
2541,19,0,2,-1.4834617376327515,0.017749822,0.007969301,False,-1,,,
2541,72,1,2,-5.699354648590088,0.0052682115,0.00017803191,True,61,-0.0062960912473499775,-0.0005581951118074358,-0.010828075930476189
2541,420,8,2,-4.152823448181152,-0.002622633,-0.00051229476,False,434,0.0027385808061808348,-0.0024486638139933348,0.007297582924365997
2541,789,15,2,-5.263251781463623,-0.0032279014,0.0056735515,False,776,-0.008832874707877636,-0.0008419895311817527,0.000910567119717598
2543,34,0,2,-3.6001102924346924,0.0016731072,-0.0025918437,False,21,0.0001538991928100586,-0.007512364536523819,0.0034013129770755768
2543,275,5,2,-4.1676716804504395,0.0009990787,-0.00053901674,False,281,0.0021896553225815296,-0.0010557651985436678,0.0017073249910026789
2543,454,9,2,-4.35011100769043,0.004783716,0.0053641796,False,452,-0.00527751911431551,0.0029439926147460938,-0.0076410481706261635
2543,457,9,2,-5.811728477478027,-0.013925629,-0.003118353,False,473,0.002767801284790039,0.0004679012345150113,0.013107175938785076
2543,663,13,2,-5.720675945281982,-0.0019408703,-0.0050715543,True,680,-0.005787649191915989,-0.004327964968979359,-0.004590368364006281
2543,875,17,2,-5.653385639190674,-0.0031015873,-0.0041253474,False,860,0.004176187328994274,-0.0014215564588084817,0.004573983605951071
2544,486,9,2,-5.020901679992676,0.00914546,-0.009802427,False,460,0.0019766998011618853,-0.004779615439474583,-0.012191573157906532
2544,501,10,2,-3.3320229053497314,-0.0021660947,0.0009257078,False,516,0.0011138486443087459,-0.0007793187978677452,0.0049849702045321465
2545,73,1,3,-5.897656440734863,-0.0023384094,0.00056858064,True,52,-0.0036144733894616365,-0.0008136367541737854,0.00010615331120789051
2547,242,4,2,-5.262909412384033,0.002421112,3.1480788e-05,False,220,-0.012278747744858265,-0.0017390060238540173,-0.012929373420774937
2547,627,12,2,-3.7818186283111572,-0.0043611573,0.0018376731,False,615,-0.008118930272758007,-0.004241609480232,0.0023215096443891525
2547,850,17,2,-5.909115314483643,-0.0071824836,0.006131773,True,871,-0.0017009925795719028,0.0005508613539859653,0.01106240227818489
2547,915,18,2,-4.487401008605957,-0.0008575058,-0.004123926,False,926,0.001579875941388309,-0.006368226837366819,0.004681682214140892
2548,233,4,2,-5.930809020996094,-0.008218174,-0.00015906333,True,201,-0.004602031782269478,0.0014144229935482144,0.00204265583306551
2548,772,15,2,-5.9742536544799805,-0.0032465267,0.004600859,True,773,-0.0008174991817213595,0.0040560150519013405,0.0029738713055849075
2549,11,0,2,-5.896048069000244,0.0009774399,0.003460722,True,23,0.0012594604631885886,0.005679454654455185,-0.0019367118366062641
2549,44,0,2,-3.29028582572937,0.0056145857,-0.009298191,False,13,-0.0024263430386781693,-0.009018721990287304,-0.008320397697389126
2549,211,4,2,-5.767072677612305,0.002017765,0.0032455157,True,210,-0.013812256045639515,-0.0015229129930958152,-0.01106159295886755
2549,443,8,2,-4.410296440124512,2.134323e-05,-0.00013502121,False,441,0.0018324184929952025,-0.0016929436242207885,0.0033689977135509253
2549,742,14,2,-2.31231951713562,0.0023370362,-0.00076552393,False,-1,,,
2549,823,16,2,-5.902851581573486,-6.011963e-05,0.0013837814,True,805,-0.009544420056045055,-0.001879138988442719,-0.0062213800847530365
2550,12,0,2,-5.20408296585083,-0.0011719227,0.009091472,False,48,0.0006551361293531954,0.0016238689422607422,0.009294661693274975
2550,123,2,2,-4.481750011444092,-0.008967285,0.0022973537,False,132,-0.004970493260771036,0.0031378937419503927,0.0031562522053718567
2550,207,4,2,-5.94146728515625,-0.0003311062,0.0053980066,True,205,-0.007146282121539116,0.005384025629609823,-0.006801195442676544
2550,440,8,2,-4.191980361938477,0.00023888588,0.00010998726,False,432,0.002256097737699747,-0.0022170639131218195,0.0043442631140351295
2550,795,15,2,-5.8994927406311035,0.0008346653,0.008912487,True,771,-0.011064939200878143,0.012236986309289932,-0.015224103815853596
2550,891,17,2,-5.535968780517578,-0.010568324,-0.006419077,False,883,0.0026509666349738836,-0.0002036857622442767,0.007003898732364178
2551,98,1,3,-5.894627094268799,0.0011800766,0.0024140931,True,69,-0.012939567677676678,0.00662199966609478,-0.01832754909992218
2551,768,15,2,-5.509280204772949,0.0026378536,0.0027108002,False,755,-0.004652824252843857,-0.005981826689094305,0.0014019489753991365
2551,978,19,2,-3.629842519760132,-0.0058802795,0.0020859814,False,955,0.0025380421429872513,-0.001256327610462904,0.011760631576180458
2552,422,8,2,-3.3199424743652344,0.004631362,0.0012009763,False,403,0.0024139212910085917,-0.0006929063820280135,-0.00032355799339711666
2552,459,9,2,-5.613877296447754,0.0012167073,0.003975153,False,484,0.0035811616107821465,-0.0006031990051269531,0.006942806299775839
2552,662,13,2,-4.857232093811035,-0.0034044934,0.0024720572,False,686,0.0015884971944615245,-0.008854132145643234,0.01631917990744114
2552,827,16,2,-3.727588176727295,0.008269234,0.003166008,False,811,0.004607047885656357,-0.004940166603773832,0.004443989135324955
2553,84,1,2,-5.9677205085754395,-0.010646325,0.0015533733,True,59,-0.0064109801314771175,0.009296388365328312,-0.0035076700150966644
2553,462,9,2,-4.349010944366455,0.0037536526,0.011663227,False,452,-0.0005843639373779297,-0.005213060416281223,0.012538271024823189
2553,746,14,2,-3.6347198486328125,0.0025234031,-0.0028456496,False,736,-0.0038161706179380417,0.002346253488212824,-0.011531476862728596
2553,766,15,2,-4.954312324523926,0.010472059,0.00052518846,False,777,-0.011556596495211124,0.0052770329639315605,-0.026780501008033752
2554,22,0,2,-4.179452896118164,-0.016983237,-0.008968144,False,16,0.006370591931045055,-0.004358987789601088,0.01874467357993126
2554,411,8,2,-4.380846977233887,0.00067624095,-0.003788843,False,441,-0.0005952263018116355,-0.0016312981024384499,-0.0034290123730897903
2555,32,0,2,-3.4295878410339355,0.005939665,-0.0015909767,False,13,-0.005352044012397528,-0.008001680485904217,-0.004881005268543959
2555,778,15,2,-4.720834255218506,0.0016619873,0.0033461857,False,777,-0.00832600612193346,0.00500252703204751,-0.011644335463643074
2556,202,4,2,-5.651076316833496,0.0015649033,0.001646471,True,204,0.003380565671250224,-0.0017961502308025956,0.005258283577859402
2556,455,9,2,-5.490779399871826,0.0023209094,-0.0096694855,False,453,-0.0012352848425507545,-0.00703647593036294,-0.006189203355461359
2557,117,2,2,-4.741640090942383,-0.0035378742,0.0012256908,False,122,0.001366415061056614,-0.0044040014035999775,0.010533981025218964
2557,696,13,2,-5.323313236236572,0.0042100907,-0.0038825416,False,694,0.0015037250705063343,0.0061978246085345745,-0.01278673205524683
2558,200,4,2,-5.715822219848633,-0.00075910566,-0.0022402573,True,210,-0.009418725967407227,-0.0053094481118023396,-0.005590429529547691
2558,647,12,2,-4.522206783294678,0.0018381405,0.004101076,False,649,-0.0033790874294936657,0.0034840775188058615,-0.00460022920742631
2559,689,13,3,-4.443058490753174,0.011760511,0.0021401881,False,681,0.0013843536144122481,-0.0027347279246896505,-0.005501242354512215
2560,567,11,2,-3.300846576690674,0.0059966086,-0.0035937547,False,550,-0.003504839027300477,0.004882678855210543,-0.01797788217663765
2560,787,15,2,-5.755635738372803,-0.00117136,-0.0043723583,False,788,0.004167442210018635,-0.002800369169563055,0.0037668130826205015
2563,248,4,2,-5.308866500854492,0.005117674,-0.008548517,False,212,-0.012180271558463573,-0.010591115802526474,-0.015255345962941647
2563,470,9,2,-5.936530113220215,-0.003509388,-0.0007544708,False,494,0.0009187221294268966,-0.0003244495310354978,0.003998089116066694
2565,86,1,2,-5.795094966888428,0.0026718045,0.0011173725,True,67,-0.011987857520580292,0.008632049895823002,-0.02217433787882328
2565,361,7,2,-2.821884870529175,-0.00068187714,-0.0019606494,False,385,-0.0025814438704401255,-0.0028054905124008656,-0.0010547256097197533
2567,593,11,2,-3.3156352043151855,0.004905434,-0.0010916948,False,584,0.007945980876684189,-0.002932372037321329,0.004881223663687706
2567,791,15,2,-5.914493560791016,-2.1619797e-05,0.0009863568,True,753,-0.003158960258588195,0.0,-0.002150983549654484
2568,628,12,2,-4.210875988006592,-0.005061693,-0.0024643613,False,-1,,,
2568,732,14,2,-2.9788589477539062,0.0062058256,-0.0006018305,False,740,-0.002061057137325406,-0.0020376015454530716,-0.006831111386418343
2569,77,1,2,-5.824839115142822,-0.011671687,0.004978962,True,67,-0.009764223359525204,0.006342038977891207,0.0005443859845399857
2569,487,9,2,-4.559819221496582,0.0038359833,-0.006479912,False,-1,,,
2573,5,0,2,-5.9742536544799805,-0.0058771707,0.0050851917,True,10,0.0009944916237145662,0.005734462756663561,0.006222391501069069
2573,611,12,2,-5.954603672027588,-0.001704998,0.0003164959,True,634,-0.012508707121014595,0.0054548452608287334,-0.015942059457302094
2574,338,6,2,-4.8559370040893555,0.002395668,-0.0016379929,False,303,0.002686777152121067,-0.003963413182646036,0.0026165293529629707
2574,675,13,2,-5.309863567352295,-0.008326035,-0.0056276415,False,657,0.001432123128324747,0.0028353214729577303,0.0012951951939612627
2576,43,0,2,-5.931238651275635,-0.0022105789,0.005538492,True,33,-0.003799963044002652,0.001996364677324891,0.0019527431577444077
2576,82,1,3,-5.489160537719727,0.0077162553,-0.007944269,True,61,0.007939682342112064,0.00016831398534122854,-0.007889156229794025
2576,151,3,2,-4.48036003112793,0.0045458316,-0.0012095642,False,180,-0.0021518231369554996,0.004694289993494749,-0.012601508758962154
2576,774,15,2,-5.749533653259277,0.0044944,0.007356348,True,773,0.00535787595435977,-0.004262170754373074,0.0124819939956069
2576,991,19,2,-3.2840802669525146,0.0012313271,0.0063961027,False,952,-0.002885689726099372,0.0027631521224975586,-0.00048406654968857765
2577,8,0,2,-5.402169704437256,-0.005468359,-7.443428e-05,False,4,-0.0041317748837172985,-0.005459203850477934,0.006721354089677334
2577,607,12,2,-5.267902851104736,0.0032109164,-0.006708298,False,646,-0.003034400986507535,0.0038602256681770086,-0.016813840717077255
2580,78,1,2,-5.9742536544799805,0.0,0.0006984139,True,52,-0.001969184959307313,0.0029383660294115543,-0.00420913752168417
2580,491,9,2,-4.468565940856934,-0.0038273907,0.00014739037,False,-1,,,
2583,240,4,2,-5.579507350921631,6.164551e-05,-0.007302723,True,216,-0.007289285771548748,-0.0056964014656841755,-0.008957252837717533
2583,762,15,2,-5.947484493255615,-0.0044398783,-0.00053538324,True,753,-0.003098602406680584,-1.0442733582749497e-05,0.0008163352031260729
2587,2,0,2,-4.562436103820801,0.0037215042,0.0035053159,False,20,-0.010516571812331676,-0.0037172127049416304,-0.007015547249466181
2587,250,5,2,-4.199790000915527,-0.002688341,-0.00040044784,False,281,-0.0008786869002506137,-0.0008602046873420477,0.0022694109939038754
2587,306,6,2,-5.0500030517578125,0.005215511,0.0041828537,False,341,-0.0010223770514130592,0.004198121838271618,-0.006253156345337629
2587,478,9,2,-5.9742536544799805,-0.00784728,0.0055175973,True,495,-0.007138443179428577,-0.00020737647719215602,0.006433811038732529
2587,690,13,2,-4.865433692932129,-0.0061837197,-0.0005424786,False,650,-0.0065969848074018955,-0.004912948701530695,0.003957204986363649
2587,790,15,2,-5.763512134552002,-6.942749e-06,-0.00421483,True,763,0.0015627670800313354,0.004044428002089262,-0.006689548492431641
2588,373,7,2,-3.5911529064178467,0.0066119097,8.1319806e-05,False,355,0.0005542707513086498,-0.000547165866009891,-0.0054291533306241035
2588,606,12,2,-5.026479721069336,0.004515495,0.0062458706,False,633,-0.006196222268044949,-0.0057276152074337006,0.0012617683969438076
2589,38,0,2,-3.7294905185699463,-0.0055349683,0.0046663857,False,13,-0.006311526522040367,-0.00611549848690629,0.010005325078964233
2589,113,2,2,-4.439374923706055,0.008392887,0.0055482103,False,121,0.004137516021728516,-0.0009208393166773021,0.0022136783227324486
2589,404,8,2,-4.408774375915527,-0.00012533188,-0.0041093444,False,448,-0.002358093159273267,-0.0011807727860286832,-0.00516133289784193
2589,605,12,2,-3.299060344696045,0.011514969,0.0026500034,False,-1,,,
2590,829,16,2,-5.8057427406311035,0.0018185043,0.0007544613,True,818,4.901885858998867e-06,0.0019772243686020374,-0.0030363656114786863
2590,933,18,2,-5.8976030349731445,-0.008255815,-0.0015330124,False,945,-0.005907926708459854,-0.0018798542441800237,0.002694730181246996
2593,49,0,2,-5.076256275177002,0.004372101,0.0009310532,False,1,-0.005437059327960014,0.002934036310762167,-0.011812143959105015
2593,666,13,2,-5.111024379730225,-0.003576746,-0.0029489708,False,697,0.0014095688238739967,-0.001747398404404521,0.0037847424391657114
2595,51,1,2,-5.66115140914917,0.0029020119,-0.0019041825,True,59,0.006141443271189928,-0.0005645751953125,0.0018998240120708942
2595,170,3,2,-2.6569864749908447,-0.007825966,-0.0011377335,False,162,0.001064248033799231,-0.002987494459375739,0.010739974677562714
2597,19,0,2,-1.1525254249572754,0.006962395,0.0016601277,False,-1,,,
2597,72,1,2,-5.580477237701416,0.0017247582,-0.004556494,True,59,0.006832704413682222,0.001363191637210548,-0.0008117393590509892
2597,756,15,2,-5.505229473114014,-0.0004552269,0.0024998856,False,761,0.003922596108168364,0.002667083637788892,0.004210624843835831
2597,859,17,2,-4.226370811462402,-0.00664618,-0.002002182,False,887,0.0034022044856101274,0.004317894112318754,0.003728308482095599
2599,94,1,2,-5.9742536544799805,-0.012363386,0.0024396705,True,95,-0.001993379555642605,-0.0016051960410550237,0.014414872974157333
2599,192,3,2,-3.251748561859131,0.0066100024,0.0006413984,False,150,0.0026479195803403854,-0.0015238809864968061,-0.0017968029715120792
2599,259,5,2,-3.011937141418457,0.002415738,-0.0020160247,False,294,-0.0015438080299645662,0.0007649087929166853,-0.006740479730069637
2599,752,15,2,-5.871545314788818,-0.00016373635,-0.0020541667,False,763,0.0008621311280876398,0.00551822641864419,-0.006546525284647942
2600,85,1,2,-5.8481669425964355,-0.020120887,0.0026175498,True,95,-0.0003917121794074774,-0.0017273616977036,0.02407408505678177
2600,801,16,2,-4.478575706481934,-0.0018484306,-0.00032672883,False,825,-0.0009420013520866632,-0.0008661079336889088,0.0014458084478974342
2602,89,1,2,-5.9233808517456055,-0.0071848775,0.0014521027,True,95,0.0018889331258833408,-0.002686414634808898,0.013212327845394611
2602,218,4,2,-5.521851062774658,0.005903425,-0.005622053,True,217,0.0041290284134447575,-0.004621181637048721,-0.002775268629193306
2604,793,15,2,-4.078329086303711,0.009897127,-0.0054623797,False,785,-0.0037254905328154564,-0.0019030093681067228,-0.017181986942887306
2604,934,18,2,-2.74001407623291,-0.0052090976,0.0014388132,False,940,0.0009928036015480757,0.002484931843355298,0.0051557826809585094
2608,760,15,2,-4.8885908126831055,0.003796053,0.00048077584,False,761,0.008722620084881783,-0.00758426683023572,0.012991609051823616
2608,886,17,2,-5.2013349533081055,-0.0012607002,0.0060303495,False,880,0.0025902176275849342,0.002472667722031474,0.007408599369227886
2611,476,9,2,-3.879108190536499,-0.005347414,-0.0010427237,False,496,-0.004733819980174303,-0.004566211719065905,0.004137082025408745
2611,637,12,2,-3.119596004486084,0.009923816,-0.006579208,False,-1,,,
2613,451,9,2,-5.393049240112305,-0.012329702,-0.003032856,False,456,-0.0057095717638731,0.005519809667021036,-0.0019325343891978264
2613,653,13,2,-4.171931266784668,-0.0012877369,-0.00034805297,False,661,0.0019188500009477139,0.0027279090136289597,0.00013062497600913048
2614,331,6,2,-3.4342949390411377,-0.008666849,0.0040300083,False,320,-0.00429768580943346,-0.002867350587621331,0.01126652117818594
2614,788,15,2,-5.914389133453369,-0.0035268306,0.00948309,True,770,0.0004516124608926475,9.668349957792088e-05,0.013364849612116814
2615,550,11,2,-2.9808130264282227,0.0044417237,-0.0046712924,False,587,-0.0020798540208488703,-0.00021039009152445942,-0.010982479900121689
2615,795,15,2,-5.190253734588623,0.011629953,-0.009077826,False,761,0.004564237780869007,-0.003139820182695985,-0.01300372090190649
2616,14,0,2,-5.775381565093994,0.00063212396,0.004604759,True,29,-0.0032579994294792414,0.002011308679357171,-0.0012966729700565338
2616,486,9,2,-5.530445575714111,-0.0009100151,-0.00064066885,False,471,-0.0026148033794015646,0.012670259922742844,-0.015015717595815659
2616,681,13,2,-4.741495609283447,-0.007954588,0.0055362033,False,658,0.004867963958531618,-0.0005621910095214844,0.01892094686627388
2616,803,16,2,-5.5262346267700195,-0.0037127875,-0.0033028508,False,813,-8.646011701785028e-05,0.0002028751332545653,0.00012060150038450956
2617,84,1,2,-5.653110504150391,0.006240892,-0.0021509265,True,61,-0.002440662356093526,-0.006561384070664644,-0.004271097481250763
2617,137,2,2,-3.800778388977051,-0.0020339584,-0.0025709867,False,102,0.0005471754120662808,0.0026099872775375843,-0.002599840285256505
2617,265,5,2,-4.248607635498047,-0.002637329,0.0010412026,False,279,-0.0012814998626708984,-0.0001744842593325302,0.0025715159717947245
2617,625,12,2,-5.685176849365234,0.005781536,0.00825572,True,638,-0.0005764389061369002,0.0011205386836081743,0.0007772066164761782
2619,244,4,2,-5.9742536544799805,-0.0014394188,0.0026987076,True,224,-0.00038964272243902087,0.00643360149115324,-0.0026851175352931023
2619,497,9,2,-4.840705394744873,-0.0066622924,-0.0039046765,False,452,-0.008046179078519344,0.0025871277321130037,-0.00787569023668766
2620,54,1,2,-5.114167213439941,0.01720173,0.0048700618,True,90,0.0015659999335184693,0.012612476013600826,-0.023378143087029457
2620,211,4,2,-5.869046211242676,-0.0012949753,0.020224161,False,238,0.002530374564230442,0.003348503028973937,0.020701009780168533
2623,32,0,2,-3.4551055431365967,-0.0010969162,-0.002592268,False,39,-0.003958687651902437,0.0012458706041797996,-0.0066999103873968124
2623,99,1,2,-5.09518575668335,0.01063859,-0.012217684,True,79,0.002708692569285631,-0.005547676235437393,-0.014599904417991638
2624,45,0,2,-5.945705890655518,-0.0057806685,-0.0005709553,True,26,-0.0026980210095643997,0.00908306147903204,-0.006571369245648384
2624,46,0,2,-5.677481651306152,-0.00391016,0.0014259815,False,18,-0.003210363443940878,-0.0017051505856215954,0.003830928821116686
2624,398,7,2,-3.673129081726074,0.0014622974,-0.0018926907,False,395,0.0029180669225752354,-0.005394311156123877,0.004957390017807484
2624,477,9,2,-5.925764560699463,-0.0115132425,-0.0009697819,False,468,-0.0035313034895807505,0.005985679570585489,0.0010264776647090912
2624,620,12,2,-5.431941032409668,0.0048769284,0.0050621033,False,612,0.0019476127345114946,-0.0004733276437036693,0.0026061153039336205
2624,920,18,2,-3.95414662361145,-8.982181e-05,0.00093082426,False,935,-0.008157906122505665,0.0006185054662637413,-0.007755765225738287
2625,624,12,2,-5.219118118286133,-0.007576504,-0.0035100174,False,636,-0.0075393677689135075,-0.0031436157878488302,-0.0003292658366262913
2625,749,14,2,-3.0884900093078613,0.005975981,-0.0007578087,False,740,-0.004084696993231773,-0.004054455552250147,-0.0067640310153365135
2627,397,7,2,-2.8913044929504395,0.008960157,0.00030777455,False,388,-0.0005449199816212058,0.0005517244571819901,-0.009749026969075203
2627,899,17,2,-5.591269493103027,0.0013263226,0.010128278,False,860,0.0027734374161809683,0.0006470775697380304,0.010928316041827202
2629,199,3,2,-4.8138322830200195,-0.0018496609,0.00042163848,False,184,-0.0013723946176469326,0.001805477193556726,-0.0009065726771950722
2629,682,13,2,-4.905299186706543,0.0109496685,0.00066576956,False,670,0.0022184562403708696,0.0033765221014618874,-0.011441964656114578
2630,586,11,2,-3.413928508758545,0.013401594,4.380226e-05,False,560,-0.002721710130572319,0.0004914188175462186,-0.01657092198729515
2630,758,15,2,-5.766308784484863,-0.0046361065,0.0016445732,False,770,0.0022088242694735527,-0.0018284511752426624,0.010317955166101456
2631,376,7,2,-2.9646291732788086,0.00072808744,-0.0024217654,False,388,0.00029790401458740234,0.000499348621815443,-0.0033512974623590708
2631,628,12,2,-4.728445529937744,-0.008877659,0.0048900796,False,610,-0.001979827880859375,0.001368837314657867,0.010419073514640331
2632,254,5,2,-3.779155969619751,0.004464297,-0.0017336941,False,276,-0.0006769323372282088,-0.00030522345332428813,-0.006569700315594673
2632,772,15,2,-5.973241806030273,-0.005740652,0.003707819,True,773,-0.006217965856194496,0.0003654384636320174,0.002865066286176443
2635,33,0,2,-5.78472900390625,0.0037904931,0.0050478936,True,29,-0.0012808323372155428,0.0017828464042395353,-0.0018062782473862171
2635,316,6,2,-5.290546417236328,-0.00090592384,0.0088361455,False,302,0.0017893505282700062,0.0003854084061458707,0.01114601083099842
2635,494,9,2,-5.449122428894043,0.009168015,-0.0037405586,True,475,0.00033797265496104956,-0.00337046617642045,-0.009200134314596653
2635,941,18,2,-4.386230945587158,-0.0010541058,0.002278862,False,918,0.0013890457339584827,-0.00043671607272699475,0.00515872985124588
2636,603,12,2,-5.469048023223877,0.010104112,0.0044626715,True,635,-0.002180509502068162,-0.001482200575992465,-0.006339749787002802
2636,747,14,2,-4.092744827270508,-0.0038063668,-0.00056633947,False,748,-0.0037985420785844326,0.0022732256911695004,-0.00283174030482769
2638,204,4,2,-5.661640167236328,0.0038569355,0.0047947695,False,243,0.001498155645094812,0.009152230806648731,-0.006716241128742695
2638,753,15,2,-5.816237449645996,-0.0003794575,-0.00031348228,True,755,-0.0022425269708037376,0.005621662363409996,-0.007798213977366686
2641,455,9,2,-5.866036415100098,-0.0029048538,7.324219e-05,True,480,-0.010559635236859322,2.9859542337362655e-05,-0.007611398585140705
2641,613,12,2,-5.292956829071045,0.009365902,0.0010586834,False,633,-0.002008371287956834,0.0006479835719801486,-0.01096357312053442
2641,819,16,2,-4.881986141204834,0.0019076061,0.0053964327,False,835,0.0035759257152676582,-0.0016264533624053001,0.008691205643117428
2641,846,16,2,-4.791932582855225,-0.0066993902,0.0049719145,False,810,-0.0018042564624920487,4.071235525771044e-05,0.009826336055994034
2643,136,2,2,-3.594670295715332,-0.0012734985,-0.00060942175,False,129,0.0033821200486272573,-0.0015036487020552158,0.005549845285713673
2643,474,9,2,-5.672272205352783,0.0016943073,0.0001838398,True,460,-0.008355140686035156,-0.005561399273574352,-0.004304208792746067
2643,606,12,2,-4.994925022125244,0.0020249367,-0.00095181464,False,601,0.0032620239071547985,-0.0003486251807771623,0.0006338977254927158
2643,629,12,2,-4.986387252807617,0.011276178,-0.0031125736,False,601,0.0032620239071547985,-0.0003486251807771623,-0.010778102092444897
2649,73,1,2,-5.388253211975098,0.0060253716,-0.0014501,False,58,0.0032154275104403496,0.017810620367527008,-0.022070664912462234
2649,922,18,2,-2.215730905532837,-0.0009873391,-0.0007679224,False,-1,,,
2651,98,1,2,-5.686448097229004,0.0017494869,0.0052031516,True,60,-0.0006923961918801069,-0.0012406158493831754,0.004001884255558252
2651,406,8,2,-5.277384281158447,-0.0052486993,0.0022704983,False,400,-0.003893051063641906,0.003914995118975639,-0.00028884876519441605
2651,627,12,2,-3.650343179702759,0.0016980362,-0.0015878058,False,615,0.008002109825611115,-0.0038447666447609663,0.008561034686863422
2651,837,16,2,-4.093780040740967,0.011830998,0.0012828064,False,838,-0.0025239372625947,-0.0011576557299122214,-0.01191447302699089
2652,205,4,2,-5.448607921600342,0.004969673,-0.004931946,False,220,-0.004615383222699165,-0.003855218878015876,-0.010661782696843147
2652,779,15,2,-5.571924209594727,-0.0053273486,-0.0026654147,False,799,0.004701805301010609,-0.007131557445973158,0.014495296403765678
2653,154,3,2,-2.6837499141693115,0.006856184,0.0002168417,False,198,-0.0038151645567268133,-0.0010732316877692938,-0.009381275624036789
2653,750,15,2,-5.856686115264893,-0.0016483783,0.007969503,False,769,-0.006555547937750816,0.007411737460643053,-0.004349403083324432
2656,24,0,2,-5.424999237060547,0.010791673,0.0037020491,True,23,0.005717926193028688,-0.010945320129394531,0.009573621675372124
2656,408,8,2,-4.949468612670898,-0.0038633728,-0.0022425652,False,439,-0.001313877059146762,-0.0003514289855957031,0.0006583596114069223
2657,231,4,2,-5.931945323944092,0.00084616663,0.0009754467,True,202,-0.006153688300400972,-0.00020068167941644788,-0.005823726300150156
2657,252,5,2,-3.5975935459136963,-0.00090376375,0.003954244,False,272,-0.0030105067417025566,-0.003334317123517394,0.0051818182691931725
2657,575,11,2,-3.955219030380249,-0.0011785078,0.008324776,False,583,-0.005825142841786146,-0.0005499935359694064,0.004228134173899889
2657,630,12,2,-5.488641262054443,0.0081042005,-0.0047704983,True,634,0.00952475517988205,-0.004496936686336994,0.001146993599832058
2657,632,12,2,-4.911099433898926,0.008227043,0.0012896156,False,646,0.0031042671762406826,-0.0028011512476950884,-0.0010320087894797325
2657,780,15,2,-4.325441360473633,0.0073230076,0.0043345643,False,765,-0.009532575495541096,0.003685216885060072,-0.01620623469352722
2658,74,1,2,-5.853173732757568,-0.0061036875,0.011549216,False,60,-0.004967632237821817,0.0014641380403190851,0.01122113224118948
2658,216,4,2,-5.836240291595459,-0.0011655712,0.0046663,True,207,-0.001501388498581946,-0.0002656364522408694,0.0045961192809045315
2658,240,4,2,-5.6458845138549805,0.005558586,-0.0057985783,True,241,0.0060963439755141735,-0.004617595579475164,-0.0006432244554162025
2658,845,16,2,-3.3062610626220703,0.0016063261,-0.0019953393,False,827,0.006546211428940296,0.0036470030900090933,-0.0007024570368230343
2661,75,1,2,-3.889214038848877,-0.0021708154,0.005328617,False,65,-0.004984459839761257,-0.006490817293524742,0.009005789645016193
2661,321,6,2,-5.9339213371276855,-0.004340534,0.0014280796,False,340,-0.006761074066162109,0.0014723873464390635,-0.0024648476392030716
2661,669,13,2,-5.9742536544799805,-0.0033288002,0.0022437572,True,696,-0.0060966298915445805,-0.0004870510019827634,-3.7021469324827194e-05
2661,783,15,2,-3.3126184940338135,-0.00751616,-0.0015131808,False,794,0.003634429071098566,0.01160294096916914,-0.0019655320793390274
2661,848,16,2,-5.5943193435668945,0.0028029918,0.0024159814,False,820,-0.003625154495239258,0.006007070653140545,-0.01001923531293869
2661,931,18,2,-5.540896892547607,0.0070290184,-0.00015746117,True,932,-0.0007670116610825062,0.0023384857922792435,-0.010291976854205132
2662,798,15,2,-5.1182427406311035,0.0041743563,0.012923126,False,781,-0.002619237871840596,0.007487802300602198,-0.0013582706451416016
2662,825,16,2,-4.49044132232666,-0.0016219043,0.0065823267,False,832,-0.0027132893446832895,0.019826211035251617,-0.01433526910841465
2664,62,1,2,-5.510036945343018,0.008011541,-0.005249796,True,52,0.004131755791604519,-0.006743936333805323,-0.002385644242167473
2664,85,1,2,-5.463204860687256,0.010220976,-0.0050580218,True,87,0.004479570314288139,-0.0052607059478759766,-0.005538720637559891
2664,339,6,2,-3.7850887775421143,0.0007473946,0.00023636819,False,344,-0.004671201575547457,0.0030908917542546988,-0.008273119106888771
2664,454,9,2,-4.462034225463867,-0.006868353,-0.0023560429,False,458,-0.004897098522633314,0.0004521560622379184,-0.0008369446732103825
2665,81,1,2,-5.6250691413879395,-0.017953882,-0.0069836904,False,67,-0.00436509121209383,-0.0005700588226318359,0.007175159640610218
2665,462,9,2,-3.8267476558685303,0.0021530152,-0.00646503,False,467,-0.0060871075838804245,-0.000103507045423612,-0.014601645991206169
2669,177,3,2,-4.687228202819824,0.0025709914,0.0017674256,False,188,-0.0012696456396952271,0.0008849144214764237,-0.002958125900477171
2669,453,9,2,-5.898380756378174,-0.002254839,-6.9608686e-05,True,463,-0.0055661010555922985,0.0025341033469885588,-0.0059149740263819695
2669,614,12,2,-5.282551288604736,0.013834047,0.0034812735,True,633,0.005565996281802654,0.0014221859164536,-0.006208963226526976
2669,617,12,2,-4.529128551483154,0.0067551043,0.00087762834,False,610,0.0020219897851347923,-0.005389194469898939,0.001533708069473505
2670,49,0,2,-5.653735637664795,-0.013219986,-0.00353137,False,18,0.0014927960000932217,-0.0025926304515451193,0.013774042017757893
2670,89,1,2,-5.560406684875488,0.008276939,-0.0072002695,True,67,-0.0002053928328678012,-0.0017732525011524558,-0.013909349218010902
2670,175,3,2,-5.8697590827941895,0.00093708036,-0.0017134476,False,191,4.4660569983534515e-05,-0.0015500449808314443,-0.0010558224748820066
2670,213,4,2,-5.9742536544799805,0.0,0.0048154164,True,202,-0.003979606553912163,0.007913627661764622,-0.007077817805111408
2674,352,7,2,-3.9285707473754883,0.0057196235,-0.0033107663,False,395,-0.005394311156123877,-0.0001657485991017893,-0.01425895281136036
2674,482,9,2,-5.452187538146973,0.008685742,-0.00861806,True,475,-0.0014937877422198653,-0.002724876394495368,-0.01607271283864975
2674,665,13,2,-4.805901050567627,0.01169631,-0.000983181,False,699,0.0010510063730180264,-0.005630989093333483,-0.005997495725750923
2674,733,14,2,-3.6807196140289307,-0.0012912703,-0.008498129,False,726,-0.001823153463192284,-0.0007350492523983121,-0.008294963277876377
2674,752,15,2,-5.741018295288086,0.0037442874,-0.0004061699,True,784,0.0012041282607242465,0.002857646904885769,-0.005803975742310286
2674,972,19,2,-3.9872114658355713,-0.0020262527,0.0024131536,False,988,0.0036246490199118853,-0.0018275356851518154,0.009891591034829617
2675,215,4,2,-5.888535499572754,-0.00035217285,1.3103485e-05,True,207,-0.0007985687116160989,0.004239931236952543,-0.004673223476856947
2675,839,16,2,-3.4546258449554443,-0.0005906105,-0.0021824169,False,808,-0.0004705953469965607,-0.0028103303629904985,0.0007479286286979914
2676,500,10,2,-4.880555152893066,-0.0034961891,0.00014141083,False,511,-0.0022073746658861637,-0.00034991264692507684,0.0017801380017772317
2676,841,16,2,-5.594641208648682,0.0041477014,0.0010678195,False,813,-0.0038520621601492167,0.004452200140804052,-0.011384144425392151
2680,47,0,2,-3.5054659843444824,0.009840502,0.016318297,False,21,0.0016296196263283491,0.0008927154703997076,0.007214698940515518
2680,350,7,2,-4.505404949188232,-0.0047611045,0.0022184658,False,358,0.004530706442892551,-0.0014992142096161842,0.013009490445256233
2680,792,15,2,-5.9742536544799805,-0.0036764622,0.0102491,True,769,-0.007357588037848473,0.017979364842176437,-0.011411391198635101
2680,879,17,2,-4.859133243560791,0.0052342988,-0.00066292763,False,854,0.012227744795382023,0.003954114858061075,0.0023764031939208508
2681,127,2,2,-4.214223861694336,-0.00716609,0.0034904862,False,117,0.0037101744674146175,-0.000366611493518576,0.014733362942934036
2681,551,11,2,-3.3649940490722656,0.004132552,-0.0047487165,False,593,0.00011847019050037488,0.004174003377556801,-0.012936802580952644
2682,61,1,2,-5.708895683288574,-0.0030391694,-0.0053071594,True,59,0.0010568428551778197,-0.0015527057694271207,0.00034155859611928463
2682,66,1,2,-4.58062219619751,0.0078437235,0.0033791065,False,58,0.011437359265983105,0.0013887500390410423,0.005583992227911949
2682,571,11,2,-2.726433277130127,-0.005305109,0.0041005895,False,-1,,,
2682,757,15,2,-3.2729568481445312,0.005795188,0.00050323963,False,-1,,,
2683,77,1,2,-5.555009841918945,0.0009723473,-0.0018505383,False,79,-0.009603624232113361,-0.0074047185480594635,-0.005021790973842144
2683,677,13,2,-2.7736518383026123,-0.004546809,0.006391215,False,691,0.006932535208761692,0.003470893017947674,0.014399666339159012
2683,761,15,2,-5.108315944671631,0.0059195803,0.023332143,False,781,-0.0001954364706762135,0.0017487144796177745,0.015468411147594452
2683,793,15,2,-4.084311008453369,0.0021729374,0.0034782172,False,785,0.006049470975995064,0.015609240159392357,-0.008254488930106163
2684,1,0,2,-4.494316577911377,0.006750307,0.00392005,False,16,-0.003975048195570707,0.004089298192411661,-0.01089460402727127
2684,405,8,2,-5.2083940505981445,-0.022005415,0.0016366196,False,418,-0.007275533862411976,-0.00237103458493948,0.018737534061074257
2685,883,17,2,-5.255813121795654,0.0016693687,2.2048951e-05,False,877,0.009788007475435734,-0.0038439559284597635,0.011984643526375294
2685,921,18,2,-3.7927253246307373,0.007824483,0.0022163868,False,914,-0.00017304897482972592,-0.00456455210223794,-0.0012165936641395092
2686,491,9,3,-5.190553665161133,-0.015540924,-0.00022996902,False,487,-0.007831382565200329,-0.008067598566412926,0.015547171235084534
2689,2,0,2,-3.7079367637634277,0.013494987,-0.009786768,False,34,0.0005550193600356579,0.008915357291698456,-0.03164209425449371
2689,485,9,2,-4.691713809967041,-0.016518783,-0.006161852,False,452,0.0002741909120231867,-0.004541501868516207,0.01517262402921915
2689,486,9,2,-5.774937152862549,-0.004554205,5.9204103e-05,False,468,0.002932710573077202,-0.0018343067495152354,0.00938042625784874
2689,535,10,2,-4.003565311431885,0.0018256855,0.0013350535,False,527,-0.001760182436555624,-3.0231476557673886e-05,-0.0022205831483006477
2689,611,12,2,-5.52846622467041,0.00056858064,0.0049015237,False,635,-0.003067598445340991,0.004050521645694971,-0.00278517697006464
2689,778,15,2,-4.827454090118408,-0.006084747,0.012341823,False,789,-0.0027105999179184437,-0.0004708576307166368,0.016186829656362534
2690,342,6,2,-5.509040355682373,-0.016119367,-0.0030313397,False,319,0.003780965693295002,0.007152614649385214,0.009716378524899483
2690,638,12,2,-5.529539108276367,-0.0019389248,-0.007336531,False,635,-0.0034694767091423273,0.00560136791318655,-0.014468450099229813
2691,667,13,2,-4.230260372161865,0.0011455155,-0.0021193314,False,698,0.0009618186741136014,0.002442369470372796,-0.004745397716760635
2691,791,15,2,-5.553128242492676,0.0074985693,-0.0003984356,True,786,-0.012245598249137402,0.003934307023882866,-0.024076908826828003
2692,22,0,2,-4.33908224105835,0.004305754,0.0032759476,False,20,0.006271171383559704,0.005803346633911133,-0.0005619814619421959
2692,484,9,2,-5.736079692840576,6.581307e-05,0.0008961773,True,483,0.004301967564970255,0.008123503066599369,-0.002991171320900321
2694,68,1,2,-5.869998931884766,-0.0013531685,0.0049509527,True,86,0.0,0.004856357350945473,0.0014477637596428394
2694,478,9,2,-5.928515911102295,-0.0066067027,0.0016751576,False,460,-0.004093637689948082,0.009067430160939693,-0.0048792073503136635
2694,562,11,2,-3.5873477458953857,-0.004058342,0.0005806017,False,576,-0.002364568645134568,0.0016968107083812356,0.0005775643512606621
2694,762,15,2,-5.616459369659424,0.006481209,0.004343052,True,769,0.0037931250408291817,0.00985829345881939,-0.008203325793147087
2694,790,15,2,-5.505857944488525,0.009367914,0.0027117538,True,786,-0.007878703996539116,0.002306394511833787,-0.016841258853673935
2694,899,17,2,-5.474352836608887,-0.0008116055,1.7461776e-05,False,890,0.0006174754817038774,0.0018304538680240512,-0.00038391113048419356
2695,210,4,2,-5.235734462738037,0.011256342,-0.01145588,False,234,0.006924676708877087,0.003573789494112134,-0.019361333921551704
2695,816,16,2,-3.2876029014587402,-0.00702899,-0.008759384,False,842,0.004977240692824125,0.003922929987311363,-0.0006760833784937859
2701,473,9,2,-5.845846652984619,0.0009363079,0.00096751214,True,463,-0.003442401997745037,0.0004189109895378351,-0.003830108791589737
2701,690,13,2,-4.805377006530762,-0.0005297661,-0.0008467865,False,695,0.0008263587951660156,-0.0031394099351018667,0.0036487486213445663
2701,859,17,2,-4.735109329223633,-0.008966513,-0.002960558,False,854,0.007790050469338894,-0.002368383342400193,0.0161643885076046
2701,905,18,2,-3.1858320236206055,0.0023277474,-0.0030144262,False,937,-0.0019378757569938898,-0.0003066062927246094,-0.006973442621529102
2703,180,3,2,-3.7205965518951416,0.007953153,0.0060368683,False,186,-0.002173185348510742,0.0008549547055736184,-0.004944424610584974
2703,799,15,2,-5.9742536544799805,-0.008154087,0.0031824685,True,773,-0.0007287788321264088,0.012266235426068306,-0.001658458262681961
2704,331,6,2,-3.2957332134246826,-0.0005658293,0.0028011703,False,336,0.00039206029032357037,0.0012260389048606157,0.002533020917326212
2704,489,9,2,-5.9742536544799805,-0.014209461,0.0067120646,True,460,-0.0027635765727609396,0.009808835573494434,0.00834911409765482
2709,294,5,2,-3.1190686225891113,-0.0015864277,-0.0037573243,False,284,0.0009439706918783486,0.0012319660745561123,-0.0024588920641690493
2709,702,14,2,-5.645251274108887,0.00043551446,-0.0013782978,False,743,-1.641273411223665e-05,0.0054026031866669655,-0.007232828065752983
2709,755,15,2,-4.882826328277588,0.019356107,-0.007610855,False,774,0.006223382893949747,0.004997825715690851,-0.02574140578508377
2709,999,19,2,-5.274474620819092,0.01399558,0.0013348865,True,982,-0.0006184482481330633,-0.0031723498832434416,-0.010106791742146015
2710,913,18,2,-5.486546516418457,-0.013167601,-0.0021896458,False,932,0.0021417904645204544,-0.0004609012685250491,0.01358064729720354
2710,968,19,2,-5.662266254425049,0.0008339214,-0.0026644422,False,958,0.002107982523739338,0.0009441280271857977,-0.0023345090448856354
2711,19,0,2,-1.4332302808761597,-0.005165,-0.0043251254,False,-1,,,
2711,56,1,2,-4.057615280151367,-0.0009196091,0.008433609,False,65,-0.006490817293524742,-0.006108350586146116,0.008970752358436584
2711,245,4,2,-5.9456400871276855,-0.013083086,0.005088234,True,217,0.0005729293916374445,-0.0005729293916374445,0.019317178055644035
2711,459,9,2,-4.945146083831787,0.009975595,0.0053246403,False,452,-0.007704543881118298,0.00195655832067132,-0.014312057755887508
2711,476,9,2,-3.813636302947998,0.0023521613,0.004231739,False,496,0.0008079433464445174,-0.002144556026905775,0.004832076840102673
2711,750,15,2,-5.348217010498047,0.010831099,-0.010586329,True,786,0.0013444137293845415,0.0016444396460428834,-0.021717453375458717
2712,138,2,2,-4.826569557189941,-0.0074149515,-0.0016643715,False,146,-0.003735828446224332,-0.00482521066442132,0.0068399617448449135
2712,729,14,2,-4.367521286010742,0.0012385083,0.0005622673,False,725,0.0011144733289256692,0.0033564281184226274,-0.002918195677921176
2713,7,0,2,-4.507946968078613,0.0062618447,0.0023203373,False,20,0.0017239570152014494,0.013160438276827335,-0.01537798810750246
2713,348,6,2,-4.058219909667969,0.007862262,0.0050379946,False,326,-6.240844959393144e-05,-0.007819881662726402,0.004933205433189869
2713,439,8,2,-4.899630069732666,0.000501709,0.0012205791,False,423,-0.0009242820669896901,0.0009872626978904009,-0.0011926745064556599
2713,634,12,2,-5.594667434692383,-0.0034175015,-0.0011945057,False,641,-0.004938879050314426,0.0028276920784264803,-0.005543575156480074
2716,674,13,2,-4.677757740020752,0.00345788,0.001142807,False,658,0.0013626861618831754,0.004937639459967613,-0.005890026688575745
2716,770,15,2,-5.911754608154297,-0.0003346443,0.0070606805,True,763,0.00548896798864007,-0.0011339664924889803,0.014018259942531586
2718,622,12,3,-2.7072784900665283,0.0022691966,0.00017749786,False,-1,,,
2719,337,6,2,-4.2806806564331055,-0.001555767,-0.0024641037,False,326,-0.004559535998851061,-0.005512399598956108,4.452688153833151e-05
2719,474,9,2,-5.630004405975342,0.00023069381,0.0039096354,False,470,-0.00023242950555868447,0.004231729544699192,-0.0007852176204323769
2719,481,9,2,-5.953546524047852,-0.0022007085,0.011435852,True,488,-0.0038970662280917168,0.008514289744198322,0.0012252051383256912
2719,586,11,2,-3.69153094291687,-0.006574211,-0.0040538595,False,568,-0.00486817816272378,0.0034705018624663353,-0.005818328820168972
2719,870,17,2,-5.134759426116943,0.0012161445,-0.0050248336,False,897,-0.006490869447588921,0.002510976744815707,-0.015242824330925941
2719,872,17,2,-5.243671894073486,0.004565735,-0.00088323595,False,891,0.008800812065601349,0.0006853675586171448,0.002666473388671875
2722,231,4,2,-5.715939998626709,0.0023774814,0.0017027282,False,209,0.005314464680850506,0.0018124484922736883,0.002827262971550226
2722,661,13,2,-4.283959865570068,-0.004761705,-0.0047797873,False,684,0.0003421211149543524,-0.004316158127039671,0.004640196915715933
2723,35,0,2,-3.6340491771698,0.00860907,-0.009482836,False,38,-0.0029895734041929245,-0.0018458461854606867,-0.019235633313655853
2723,617,12,2,-4.49559211730957,-0.0014931678,-0.0016437339,False,645,0.003049983875826001,-0.00550391199067235,0.008403330110013485
2725,453,9,2,-5.784102916717529,0.0022224141,-0.000586586,True,451,-0.008833952248096466,0.0002463054552208632,-0.011889257468283176
2725,886,17,2,-5.287943363189697,-0.0056288242,0.0015231228,False,888,0.004272527527064085,-0.003228902816772461,0.01465337723493576
2726,219,4,2,-4.799816131591797,0.006603718,0.0036764622,False,234,0.013360862620174885,0.0004026699170935899,0.010030936449766159
2726,386,7,2,-4.431380748748779,-0.0011819744,0.0023193646,False,380,0.0028189183212816715,-0.001012239488773048,0.00733249681070447
2726,648,12,2,-5.679187297821045,0.0059013274,-0.0002801895,True,623,-0.004726448096334934,0.005855588708072901,-0.016763553023338318
2726,777,15,2,-4.510982036590576,-0.0025018407,0.0028638649,False,789,-0.0015927505446597934,0.0014904976123943925,0.0022824574261903763
2727,457,9,2,-5.141577243804932,0.007683954,-0.0018044472,False,497,-0.0026155568193644285,0.0081690214574337,-0.020272979512810707
2727,660,13,2,-4.929904937744141,-0.004713602,-0.00060450553,False,695,0.0006739234668202698,0.00010854721040232107,0.004674472380429506
2729,183,3,2,-3.060966968536377,-1.206398e-05,-0.00044282436,False,167,-0.0021881484426558018,-0.005570335313677788,0.0029514264315366745
2729,240,4,2,-5.9742536544799805,-0.0031977845,0.0016605568,True,233,-0.0004098796925973147,0.0014425850240513682,0.0030058762058615685
2730,95,1,2,-5.426441192626953,0.010956249,0.0017180061,True,64,0.004560708999633789,-0.00994069129228592,0.0052631571888923645
2730,782,15,2,-2.891540288925171,0.0016912699,-0.0032150126,False,794,0.002650470705702901,-0.004444179590791464,0.0021883677691221237
2732,71,1,2,-5.574154376983643,0.0072431564,-0.0016578579,True,64,0.0034887695219367743,-0.007883558049798012,0.002471313811838627
2732,531,10,2,-4.177490711212158,0.0010042477,0.0023796367,False,545,0.00010485648817848414,0.0017794513842090964,-0.00029920588713139296
2732,593,11,2,-3.1657068729400635,0.0032410335,0.0015202046,False,587,-0.003328566439449787,-0.0035395193845033646,-0.0015098759904503822
2732,630,12,2,-5.151371002197266,0.0072122,-0.0016175747,False,602,0.00016569138097111136,0.0006487750797532499,-0.009312858805060387
2736,73,1,2,-5.963016986846924,-0.0113962935,0.011098118,True,79,-0.008317861706018448,0.0,0.014176549389958382
2736,454,9,2,-4.144514560699463,0.0022692203,-0.0033526516,False,-1,,,
2738,69,1,2,-4.541689395904541,0.025815163,0.0018054008,True,58,0.0021172238048166037,-0.005454673897475004,-0.016437865793704987
2738,411,8,2,-4.764303207397461,-0.0020440007,0.002463274,False,441,0.002114686882123351,0.0020253753755241632,0.004596585873514414
2743,94,1,2,-5.618226051330566,0.004812965,0.0006102085,True,99,-0.0030481815338134766,-0.007306432817131281,5.549471825361252e-05
2743,491,9,2,-5.426952362060547,-0.007885723,-0.009657097,False,460,0.009926175698637962,-0.005951642990112305,0.014106445014476776
2744,2,0,2,-4.466996669769287,-0.013748612,-0.0007756901,False,12,0.004300384316593409,-0.0077546024695038795,0.025027908384799957
2744,235,4,2,-5.9742536544799805,-0.011355868,0.0,True,202,-0.0015098857693374157,0.0002662658807821572,0.009579716250300407
2744,827,16,2,-3.4232332706451416,-0.006191039,0.0044001676,False,808,-0.0015536976279690862,-0.00022591113520320505,0.009263420477509499
2744,898,17,2,-5.431304454803467,0.0060153864,-0.0035393143,False,888,0.0006302451947703958,-0.0034803010057657957,-0.005444154608994722
2745,440,8,2,-4.3736677169799805,-5.9013368e-05,0.0025532914,False,404,0.0033554076217114925,0.0013006973313167691,0.004667014814913273
2745,495,9,2,-5.9282450675964355,0.00092017173,0.002953148,True,468,-0.004477453418076038,0.0029952239710837603,-0.005439701024442911
2749,121,2,2,-4.464620113372803,-0.0023760414,0.002152338,False,113,-0.0015183353098109365,-0.0014553737128153443,0.004465417470782995
2749,900,18,2,-5.616777420043945,-0.0066115,-0.0024193001,False,925,-0.0004996681236661971,-0.0004411125264596194,0.004133644048124552
2750,669,13,2,-5.483248233795166,0.009647646,0.004437952,True,651,0.00023709297238383442,0.0037966251838952303,-0.008769226260483265
2750,907,18,2,-5.497328281402588,-0.005843592,-0.0010935687,False,932,-0.0016071987338364124,-0.0029354668222367764,0.006078291218727827
2750,961,19,2,-4.967238903045654,0.0014662361,-0.0033020973,False,957,-0.00032088279840536416,-0.0028902245685458183,-0.002198991598561406
2750,987,19,2,-5.08786153793335,0.00079175,0.0031367873,False,960,-0.003277139738202095,0.00013404845958575606,-0.0010661508422344923
2751,200,4,2,-5.824865341186523,-0.0042728614,0.005065546,True,241,0.0017136383103206754,0.0017515086801722646,0.00930053647607565
2751,324,6,2,-3.574692487716675,-0.0006965494,0.005569863,False,344,0.0009267950081266463,0.0003940915921702981,0.006799115799367428
2751,455,9,2,-5.893263816833496,-0.0012815857,0.00053025247,True,451,-0.0062078856863081455,0.004807853605598211,-0.009203901514410973
2751,784,15,2,-5.258700370788574,0.008371086,-0.0012120343,False,756,0.00639760959893465,0.00508351344615221,-0.008269024081528187
2753,356,7,2,-3.9544379711151123,0.0024520922,-0.0024652814,False,395,0.001198844867758453,0.004424619488418102,-0.008143148384988308
2753,877,17,2,-5.79322624206543,-0.01024456,-0.00067242625,False,852,-0.0008189010550267994,0.004161071963608265,0.004592161159962416
2754,25,0,2,-5.535463333129883,-0.008918619,0.0021225642,False,43,0.0016563796671107411,0.002136182738468051,0.010561379604041576
2754,36,0,2,-4.852527618408203,0.0049587535,-0.0020204354,False,28,-0.0018673992017284036,-0.006270046345889568,-0.0025765416212379932
2754,477,9,2,-5.732131004333496,0.0023419857,0.0005727863,True,494,0.0014837074559181929,-0.0025928497780114412,0.002307357732206583
2754,883,17,2,-5.1457085609436035,0.005314617,0.0049712467,False,880,-0.0001854133588494733,-0.0015990352258086205,0.001070251571945846
2755,487,9,2,-5.6968488693237305,-0.004391737,-0.0010666085,False,494,0.0026889515575021505,-0.0033767700660973787,0.009390849620103836
2755,771,15,2,-5.9742536544799805,-0.012691298,0.0034622191,True,-1,,,
2757,635,12,2,-5.0468363761901855,0.009156522,-0.0019524288,False,602,0.004790525417774916,-0.005945577751845121,-0.0003728484734892845
2757,693,13,2,-5.527130126953125,0.00075532915,0.0018296051,False,678,-0.0009233760647475719,0.008951625786721706,-0.00880072545260191
2761,572,11,2,-4.762748718261719,0.0077652647,0.004399824,False,563,0.0025056267622858286,-0.002239761408418417,0.0013799476437270641
2761,889,17,2,-5.9742536544799805,-0.0061591147,0.012389126,True,850,-0.003191709518432617,0.0016155433841049671,0.013740988448262215
2762,772,15,2,-5.439574718475342,-0.00087788585,0.013063125,False,779,0.000790395715739578,0.0016580772353336215,0.0130733298137784
2762,901,18,2,-3.4992904663085938,0.0074805976,-0.0006387377,False,944,4.96864304295741e-05,-0.0014388561248779297,-0.006630792748183012
2763,42,0,2,-3.9017765522003174,-0.0044050743,-0.005223689,False,32,0.0029770517721772194,-0.007994708605110645,0.010153145529329777
2763,60,1,2,-5.213783264160156,0.009736671,-0.012005129,True,54,0.00170307164080441,-0.004344587214291096,-0.015694141387939453
2763,201,4,2,-5.638946056365967,0.0055230237,-0.0024286555,True,247,-0.0007028198451735079,-0.0013133526081219316,-0.007341146003454924
2763,922,18,2,-2.647836446762085,-0.0086032245,-0.0024122573,False,934,-0.00023084640270099044,-0.004397558979690075,0.010357679799199104
2764,52,1,2,-5.319500923156738,0.011942234,0.00092860224,True,80,-0.008028268814086914,0.0036426924634724855,-0.022684592753648758
2764,246,4,2,-5.442173004150391,-0.003478279,-0.004067602,True,225,-0.0033005522564053535,-0.001643114141188562,-0.002246761228889227
2764,768,15,2,-5.082291603088379,0.0054634474,-0.0036362077,False,781,-0.004598741419613361,0.0010370826348662376,-0.014735478907823563
2764,807,16,2,-2.8262152671813965,0.002116227,-0.0015598297,False,821,-0.004372973460704088,0.005032815970480442,-0.013081846758723259
2765,57,1,2,-5.894557952880859,-0.007791643,0.0040735626,False,64,-0.007848024368286133,-0.002094430848956108,0.006111612543463707
2765,191,3,2,-5.943900108337402,-0.0012509156,-0.000246706,True,168,-0.005134258419275284,0.0014677620492875576,-0.005597811192274094
2765,668,13,2,-5.963333606719971,-0.006889963,0.0042411136,True,673,-0.0015328312292695045,0.0006688213325105608,0.008929423987865448
2765,766,15,2,-4.7369384765625,0.0005518818,0.0029186343,False,774,0.0027780532836914062,0.0013944149250164628,0.003750390838831663
2766,306,6,2,-4.65715217590332,0.008279934,-0.0005556202,False,308,-0.0012277030618861318,0.0013953972375020385,-0.011458653956651688
2766,813,16,2,-5.640578746795654,-0.004095812,-0.002398653,False,829,0.0019797610584646463,0.0005555820534937084,0.003121337853372097
2767,34,0,2,-3.3642659187316895,-4.4736862e-05,-0.007839904,False,21,-0.003373532323166728,0.00962374173104763,-0.020792441442608833
2767,466,9,2,-5.080986976623535,0.010426026,0.004530735,False,483,0.007327013183385134,0.0018773936899378896,-0.0004456713795661926
2767,703,14,2,-5.6671223640441895,0.0026804446,0.0030842114,False,714,0.001328802085481584,-0.0027996159624308348,0.004532184451818466
2767,795,15,2,-5.748907089233398,-0.008690787,-0.004506931,True,753,-0.003994875121861696,-0.0011995125096291304,0.0013884927611798048
2772,41,0,2,-4.583394527435303,0.0048768236,0.0018504239,False,12,0.0017946148291230202,-0.013005094602704048,0.011773309670388699
2772,725,14,2,-3.915334939956665,0.008785711,-0.00036064148,False,731,0.0030704832170158625,0.00024790287716314197,-0.006323772016912699
2774,6,0,2,-2.495042085647583,0.00919332,-0.008182044,False,-1,,,
2774,47,0,2,-3.0994246006011963,-0.00023030757,-0.0084584,False,21,0.008048167452216148,0.003837599651888013,-0.004017524421215057
2774,62,1,2,-5.749533176422119,0.0018237972,0.01210269,True,99,-0.0036643315106630325,-0.0008970260387286544,0.007511587347835302
2774,639,12,2,-5.8145294189453125,0.00041962625,0.0009906292,False,631,0.0026489163283258677,-0.003681936301290989,0.006901855580508709
2774,721,14,2,-4.720386981964111,0.004007883,0.0044485186,False,709,-0.0014660167507827282,-0.0019352245144546032,0.0009098434820771217
2774,798,15,2,-3.9571118354797363,0.0084692,-0.0017959214,False,-1,,,
2775,3,0,2,-5.6296257972717285,0.0068372344,-0.0023300552,True,23,0.004829196725040674,-0.0034825801849365234,-0.0008555129170417786
2775,16,0,2,-4.487270355224609,-0.0052525713,-0.00039849282,False,12,0.0017198658315464854,-0.015824012458324432,0.022397957742214203
2775,210,4,2,-5.566468238830566,-7.221222e-05,0.0028783702,False,204,-0.012314596213400364,0.010947294533252716,-0.020311307162046432
2775,652,13,2,-5.573378562927246,0.0014855004,-0.004803095,False,675,0.0006695747142657638,-0.0020401955116540194,-0.0035788253881037235
2775,769,15,2,-5.422024250030518,-0.0019380855,0.014339819,False,779,0.0011048221495002508,0.0019135952461510897,0.015469130128622055
2775,978,19,2,-3.686978816986084,0.005233183,-0.0017807006,False,955,-0.0014354753075167537,0.0012208032421767712,-0.009670162573456764
2776,218,4,2,-5.6841044425964355,-0.00059570314,0.016957702,True,244,0.0023323821369558573,0.001994819613173604,0.017890967428684235
2776,428,8,2,-4.057273864746094,-0.001977234,0.0028294278,False,448,0.0026215743273496628,0.0008300018380396068,0.006598234176635742
2776,610,12,2,-4.520832538604736,0.0050636386,0.006738472,False,646,0.003603754099458456,0.004531907849013805,0.0007466794922947884
2776,765,15,2,-4.668297290802002,0.0021691131,0.0029870605,False,781,0.0067719267681241035,-0.018056344240903854,0.025646217167377472
2777,236,4,2,-5.317646503448486,0.007218866,0.019195184,True,216,0.0033218287862837315,-0.0023012924939393997,0.01759943924844265
2777,671,13,2,-4.451622486114502,0.0016490269,0.0037734127,False,689,0.0005451488541439176,0.0043302918784320354,-0.0016607572324573994
2777,674,13,2,-4.511843681335449,0.0044999123,-0.00066419604,False,670,0.0007771968957968056,-0.0009858226403594017,-0.003401088761165738
2777,712,14,2,-4.320234298706055,0.0082832435,0.0034957887,False,727,-0.002112598391249776,-0.000841274275444448,-0.006058779079467058
2777,758,15,2,-5.963151931762695,-0.006122398,0.001111517,True,753,-0.005431461147964001,-0.0035217476543039083,0.005324201658368111
2777,966,19,2,-4.490095138549805,-0.0041913795,0.0030712795,False,950,-0.006526642013341188,0.0008793926099315286,-0.0001433752477169037
2779,776,15,2,-5.26989221572876,-0.008111429,-0.008022623,False,796,-0.0036115646362304688,0.004412660375237465,-0.007935418747365475
2779,896,17,2,-4.36643648147583,0.0020645238,0.0025197314,False,894,0.006869297008961439,0.0004708576307166368,0.006853647064417601
2780,259,5,2,-3.033325433731079,-0.0006030941,0.0012299585,False,284,-0.0017964839935302734,-0.00020633220265153795,0.00024290080182254314
2780,892,17,2,-5.043844699859619,-0.008470459,-0.003684845,False,854,-0.00628426531329751,0.0037743281573057175,-0.005272978916764259
2781,215,4,2,-5.48284387588501,0.0076497556,0.0034515571,True,220,0.00385908130556345,0.002848405856639147,-0.0031875227577984333
2781,464,9,2,-5.0238823890686035,0.0012973595,0.0009191513,False,483,0.00674999225884676,-0.0007465648814104497,0.007118348963558674
2782,419,8,2,-5.041606426239014,0.0013148976,0.0019410324,False,400,-0.0015031242510303855,-0.00553366681560874,0.004656677134335041
2782,624,12,2,-5.918479919433594,-0.0033794404,0.0006517792,True,607,-0.000609760289080441,0.006527605000883341,-0.003106145653873682
2782,658,13,2,-4.2911057472229,0.0052358247,0.0006321049,False,653,-0.005072879604995251,0.0034155272878706455,-0.013092126697301865
2782,763,15,2,-5.728640079498291,0.0011647701,-0.0025508595,True,752,0.0029420852661132812,0.0005952358478680253,-0.00136878015473485
2784,463,9,2,-5.409733295440674,0.006760874,0.011105356,False,456,-0.0007375049754045904,-0.003216228447854519,0.006823205389082432
2784,923,18,2,-4.828428268432617,-0.0023839856,-0.00014160156,False,917,-0.004454631824046373,-0.001201734528876841,-0.00101051339879632
2785,385,7,2,-3.0453360080718994,0.002212267,-0.0019820165,False,388,0.0009422063594684005,-0.003695869352668524,0.0004437924362719059
2785,759,15,2,-5.364936828613281,-0.0061966134,0.00017868042,False,796,-0.005270662251859903,0.005355806555598974,-0.004251175094395876
2786,287,5,2,-4.527519702911377,0.00027828215,0.0001996994,False,291,-0.00011481285037007183,-0.0030591965187340975,0.0028658010996878147
2786,589,11,2,-4.741881370544434,-0.006096382,0.004548969,False,565,0.005893507041037083,-0.005206270143389702,0.02174512855708599
2786,680,13,2,-5.034363269805908,0.008167829,-7.941246e-05,False,672,-8.172988600563258e-06,-0.0041633606888353825,-0.004092053510248661
2786,787,15,2,-5.337794303894043,0.01055542,0.0065388964,True,796,-0.005836639553308487,0.005482826381921768,-0.015335990116000175
2787,172,3,2,-4.584877014160156,-0.0032555866,0.0031945514,False,177,0.0017167091136798263,-0.002143688267096877,0.010310535319149494
2787,496,9,2,-4.383798599243164,-0.00877305,-0.0015721894,False,462,-0.010463829152286053,0.0019377708667889237,-0.005200739484280348
2787,604,12,2,-5.055413722991943,0.016897144,-0.003574896,False,612,0.004560613539069891,0.0009617424220778048,-0.01687316969037056
2787,751,15,2,-2.635620594024658,0.011154027,0.0030786514,False,-1,,,
2790,5,0,2,-4.807394027709961,0.0067199133,-0.0041206265,False,12,-0.00668227206915617,-0.009138993918895721,-0.008383817970752716
2790,667,13,2,-4.44928503036499,-0.0018292904,-0.0012002945,False,689,-0.00038675309042446315,0.004051895346492529,-0.0038096525240689516
2791,233,4,2,-5.683039665222168,0.00582428,0.00059731485,True,249,0.001848087296821177,0.005685987416654825,-0.009064865298569202
2791,770,15,2,-5.033993244171143,0.011038247,-0.003362465,False,756,0.003028011415153742,0.005458326544612646,-0.01683102548122406
2791,866,17,2,-5.460013389587402,-0.00021140098,-0.004286356,False,863,-0.0008446025894954801,-0.002504320116713643,-0.002415237482637167
2791,983,19,2,-3.633713960647583,0.0001620245,-0.0030422402,False,972,0.004821343347430229,-0.003932957537472248,0.005550036206841469
2792,20,0,2,-4.588106632232666,-0.009447098,-0.0088467505,False,1,-0.0031699847895652056,-0.0039768218994140625,0.0014071844052523375
2792,516,10,2,-3.4755523204803467,-1.6975402e-05,0.0023229313,False,503,0.0016293764347210526,0.001631183666177094,0.0023380995262414217
2793,489,9,2,-5.929247856140137,-0.001305151,0.000520134,False,482,0.0007558155339211226,-0.0007558155339211226,0.003336916211992502
2793,584,11,2,-3.526139259338379,0.006415734,0.0022159815,False,560,-0.0009632778237573802,0.0013454294530674815,-0.0065084598027169704
2793,599,11,2,-5.013169765472412,-0.009425545,-0.0020671177,False,597,0.0003753376076929271,0.006063442211598158,0.0016703223809599876
2793,858,17,2,-5.744853973388672,-0.0050251866,-0.0045879935,False,852,0.004699477925896645,0.0059290314093232155,-0.0007923603989183903
2794,205,4,2,-5.536298751831055,0.0044062613,0.01484868,False,204,-0.0010677814716473222,0.014752797782421112,-0.005378160625696182
2794,601,12,2,-4.693812847137451,0.0051031685,-0.0056625176,False,633,0.006151809822767973,0.003948697820305824,-0.008562574163079262
2794,773,15,2,-5.783621788024902,-0.009456529,-0.0010956669,False,753,-0.005359392147511244,0.0027362918481230736,0.00026517920196056366
2794,876,17,2,-4.082232475280762,0.012042122,0.0017472601,False,874,0.00605526939034462,-0.00020312309789005667,-0.0040364693850278854
2796,40,0,2,-4.195194721221924,0.012842522,-0.00020522118,False,44,-0.004183645360171795,-0.0009824656881392002,-0.016248922795057297
2796,488,9,2,-5.914122104644775,-0.0013109111,0.00011665344,True,486,-0.004563579335808754,0.0006393241928890347,-0.003775338875129819
2796,735,14,2,-5.287124156951904,0.0006451511,-0.0037150956,False,744,0.001818799995817244,0.0006237125489860773,-0.003165158908814192
2796,822,16,2,-5.9742536544799805,-0.004516716,0.0,True,834,0.0008173084352165461,-0.0001558017684146762,0.005489826202392578
2799,480,9,2,-5.82433557510376,0.0029314803,0.006712818,True,468,0.0030749321449548006,0.006026239600032568,0.0008300303015857935
2799,788,15,2,-5.834131240844727,-0.00063158036,0.0072166445,True,753,-0.001822462072595954,-0.00017122268036473542,0.006196985021233559
2801,27,0,2,-3.4493000507354736,-0.0038219977,0.0011620617,False,-1,,,
2801,202,4,2,-5.884299278259277,-0.0017350387,0.017357474,True,220,-0.00365619664080441,0.01608858071267605,-0.000652264803647995
2801,475,9,2,-5.030900478363037,0.0068593407,0.004796686,False,485,0.0003901004674844444,-0.00042017936357297003,-0.0012523747282102704
2801,628,12,2,-4.393788814544678,-0.002295847,0.0051723956,False,646,0.002835883991792798,-0.0038783836644142866,0.01418250985443592
2802,207,4,2,-5.838303565979004,-5.617142e-05,0.0066074943,True,217,0.0027347661089152098,0.005869588814675808,0.0035288429353386164
2802,811,16,2,-2.8987765312194824,-0.0018649292,-0.002696657,False,836,-0.0020472765900194645,-0.002034201519563794,-0.0008448029402643442
2805,802,16,2,-2.7044808864593506,-0.0022751426,0.006835127,False,821,0.0037289666943252087,-0.0002538728585932404,0.01309310831129551
2805,897,17,2,-5.378235816955566,-0.009420462,-0.0048685265,False,888,0.004400262609124184,-0.006795654073357582,0.015747852623462677
2808,618,12,2,-5.383315563201904,0.0035367394,0.0013240146,False,625,0.0019409179221838713,-0.0008308792021125555,0.0005590724758803844
2808,692,13,2,-5.773893356323242,0.0035251142,-0.0037431908,True,696,0.0012071990640833974,-0.001693830476142466,-0.004367275163531303
2808,711,14,2,-4.669741630554199,0.008407001,-7.43866e-06,False,710,-0.002558221807703376,0.0008733463473618031,-0.011846007779240608
2808,877,17,2,-5.921908378601074,-0.002989769,-0.00021205902,False,850,0.0005308437393978238,-0.0006412315415218472,0.003949785139411688
2810,700,14,2,-4.36876106262207,-0.006073189,0.005202427,False,705,0.003657388733699918,0.008962197229266167,0.005970806814730167
2810,869,17,2,-4.830121994018555,0.002534256,-0.007095976,False,893,-0.007765226531773806,-0.008074454963207245,-0.009321004152297974
2812,471,9,2,-4.689307689666748,0.0048099803,0.0022730923,False,462,-0.0026526260189712048,-0.006309862248599529,0.0011203482281416655
2812,676,13,2,-2.532099962234497,-0.010532431,-0.0010648489,False,677,0.0019283390138298273,-0.00010534286411711946,0.011501263827085495
2814,528,10,2,-4.999086856842041,-0.0031642627,-0.00043794632,False,536,0.0021479798015207052,7.834434654796496e-05,0.004795951768755913
2814,663,13,2,-5.346333026885986,0.009301748,0.00412611,False,651,0.0007600497920066118,0.0004761505115311593,-0.004891738761216402
2815,85,1,2,-5.886268615722656,0.0017597008,0.012299738,True,61,0.0015648746630176902,-0.0001651287020649761,0.012270040810108185
2815,248,4,2,-5.708303451538086,0.0023529911,0.009008856,True,217,0.005676765460520983,0.004374876152724028,0.007957753725349903
2817,9,0,2,-4.712581634521484,0.007130146,0.0014600754,False,37,0.00916896853595972,-0.0035543632693588734,0.007053261622786522
2817,122,2,2,-4.667064189910889,-0.000530262,-0.00152606,False,101,-0.005049400497227907,0.003564548445865512,-0.009609746746718884
2817,316,6,2,-5.776879787445068,-0.015652455,0.0023937607,False,329,0.0023794937878847122,-0.00020532608323264867,0.020631035789847374
2817,608,12,2,-5.415863990783691,0.001676197,0.003516836,False,625,0.00016819953452795744,0.0037093544378876686,-0.0017005157424136996
2818,487,9,2,-5.915170192718506,-0.0062399767,-0.0008981609,False,482,-0.0033469772897660732,-0.0007269668858498335,0.0027218053583055735
2818,617,12,2,-4.261695384979248,0.0075055216,-0.0011245727,False,615,-0.010074243880808353,-0.007755288854241371,-0.010949049144983292
2819,81,1,2,-5.455584526062012,0.010373383,0.0026888847,True,59,0.007062072865664959,-0.004187269136309624,0.0035648439079523087
2819,452,9,2,-5.353365421295166,-0.011038151,-0.002134285,False,497,-0.012058963999152184,-0.003280591918155551,0.0001254938542842865
2821,95,1,2,-5.4162774085998535,-0.0052949525,-0.008383169,False,74,0.006498947273939848,-0.00510296830907464,0.008513699285686016
2821,243,4,2,-4.298654079437256,0.0122663025,0.007869234,False,232,-0.002095232019200921,0.007290735375136137,-0.013783035799860954
2822,38,0,2,-3.9824657440185547,-0.0047078943,-0.006567774,False,-1,,,
2822,39,0,2,-3.001204252243042,-6.631851e-05,0.003906555,False,21,0.00010696888057282194,0.002358651254326105,0.001721191219985485
2822,51,1,2,-4.4615092277526855,0.012416925,-0.010857267,False,63,0.0045501901768147945,0.0028617095667868853,-0.02158571220934391
2822,89,1,2,-5.377159595489502,0.009602394,-0.0061443043,True,74,0.007786378730088472,-0.006555452477186918,-0.0014048665761947632
2822,237,4,2,-5.264492034912109,0.014195233,0.02372322,True,209,0.007099094334989786,0.008883104659616947,0.007743977475911379
2822,247,4,2,-5.466919898986816,0.003829174,0.008081398,False,217,0.008124551735818386,9.5367431640625e-07,0.01237582229077816
2822,587,11,2,-3.3232808113098145,0.0012936735,0.001879592,False,576,0.0010320901637896895,-0.0027903891168534756,0.00440839771181345
2822,660,13,2,-4.586493492126465,0.007144556,0.001245203,False,690,0.003170805051922798,-0.0046332357451319695,0.0019046878442168236
2822,768,15,2,-5.001945972442627,0.0040013217,-0.006272526,False,755,0.004992237314581871,0.0033602428156882524,-0.008641852997243404
2822,844,16,2,-3.4887514114379883,0.00096484186,-0.00187459,False,816,0.0036114645190536976,-0.0032093666959553957,0.003981399349868298
2822,879,17,2,-5.297351360321045,-0.005123167,0.0011713791,False,868,0.001403760863468051,-0.010740146972239017,0.01843845471739769
2822,930,18,2,-4.5778584480285645,0.013752785,-0.00052741054,False,903,0.0016783905448392034,0.002185993129387498,-0.014787797816097736
2823,222,4,2,-5.484880447387695,0.0070841406,0.020695658,True,230,0.002367696724832058,0.00703883171081543,0.008940382860600948
2823,723,14,2,-2.795488119125366,-0.0035741806,-0.008191576,False,740,0.006055193021893501,0.0008565998286940157,0.0005811974406242371
2824,498,9,2,-5.825158596038818,-0.0004983807,-0.0020024872,True,468,0.001420888933353126,0.002155828522518277,-0.0022390461526811123
2824,586,11,2,-4.491792678833008,-0.0131721115,0.0005780125,False,554,-0.0023685647174715996,-0.0005945396260358393,0.011976098641753197
2824,743,14,2,-5.4657301902771,-0.0033037567,-0.0075359438,False,745,0.006637010723352432,0.001782379113137722,0.000622444786131382
2824,938,18,2,-4.57606315612793,-0.0054726317,0.0029674436,False,903,0.0016843699850142002,0.003140239743515849,0.006984205916523933
2827,213,4,2,-5.250483512878418,0.0066881943,0.005378046,False,249,0.006003465503454208,0.0019803333561867476,0.002712983638048172
2827,643,12,2,-3.430807113647461,-0.0022428036,-3.7670136e-06,False,605,-0.007958173751831055,-0.0014521408593282104,-0.004266995936632156
2828,32,0,2,-4.009203910827637,-0.002773795,0.0076906444,False,-1,,,
2828,494,9,2,-5.9201273918151855,-0.0014162826,0.0036980724,True,486,0.0010443020146340132,0.0008001708774827421,0.00535848643630743
2834,327,6,2,-4.226224422454834,0.0062519647,-0.005859356,False,337,0.0019102192018181086,0.0003534126153681427,-0.010554514825344086
2834,801,16,2,-4.870306015014648,-0.0063793566,-0.00987402,False,810,-0.007580003701150417,0.00134363176766783,-0.012418298982083797
2835,242,4,2,-5.280084609985352,-0.014654932,-0.00342412,False,220,0.0050586797297000885,0.003090028651058674,0.013199462555348873
2835,567,11,2,-2.7450342178344727,0.0032170773,-0.0026384164,False,-1,,,
2835,606,12,2,-5.302555084228516,-0.007882748,0.0036681367,False,644,-0.0009583759238012135,0.004704094026237726,0.005888414569199085
2835,655,13,2,-4.020892143249512,-0.004786658,0.00036312104,False,653,0.005459165666252375,-0.002759647322818637,0.013368591666221619
2836,30,0,2,-4.949243545532227,0.0011584472,0.0005669403,False,7,-0.010331583209335804,0.00013636589574161917,-0.011059456504881382
2836,48,0,2,-4.30482816696167,-0.004825945,0.0006551075,False,44,-0.0014059925451874733,0.0015382480341941118,0.002536812098696828
2836,614,12,2,-5.72058629989624,-0.009718218,-0.0010739422,False,636,-0.008209610357880592,0.0047641946002841,-0.004329529590904713
2836,935,18,2,-4.2428107261657715,-0.010217028,0.0025517272,False,-1,,,
2838,683,13,2,-5.932075500488281,-0.001670103,0.00263793,True,673,0.0003874969552271068,0.0061745550483465195,-0.0014790254645049572
2838,720,14,2,-5.42316198348999,0.008760223,-0.0025416089,False,718,0.0025922106578946114,0.0011480427347123623,-0.00985766388475895
2839,82,1,2,-5.600113868713379,0.00086535455,-0.005288448,False,59,0.006410045549273491,-0.005229005590081215,0.005485248286277056
2839,940,18,2,-2.2447125911712646,0.0015743446,-0.005921645,False,-1,,,
2840,484,9,2,-5.90587043762207,-0.0018426323,-0.00024910926,True,482,-0.0004529476282186806,-0.0013990974985063076,0.002539672888815403
2840,572,11,2,-4.49672794342041,0.0002268219,0.0041204263,False,554,-0.002150583313778043,-0.0001343250332865864,0.0018773460760712624
2841,246,4,2,-5.543276786804199,0.005708065,0.004411764,False,230,0.007919702678918839,0.009735622443258762,-0.003112220671027899
2841,697,13,2,-5.9742536544799805,-0.0040490245,0.0007762718,True,696,-0.0042405035346746445,-0.00024078368733171374,0.0008255764842033386
2841,812,16,2,-3.3214566707611084,0.005628004,-0.001841259,False,842,0.0009290408925153315,-0.003976555075496435,-0.002563667017966509
2841,936,18,2,-5.834567546844482,-0.0012562942,0.0021720792,True,943,-0.00344676966778934,3.44371801475063e-05,-5.283346399664879e-05
2842,203,4,3,-4.108920097351074,0.037109528,0.0007260418,True,227,0.008887958712875843,0.005732727237045765,-0.033228255808353424
2843,376,7,2,-2.279689311981201,0.008539677,0.0054480648,False,-1,,,
2843,920,18,2,-3.527559995651245,-0.0056098173,-0.0037300491,False,948,-0.001749281887896359,0.009659552946686745,-0.009529066272079945
2844,763,15,2,-5.528900623321533,0.0027435399,-0.005137434,False,752,0.0012954616686329246,0.0016302680596709251,-0.008215781301259995
2844,914,18,2,-4.277429103851318,-0.0074678897,0.0009305096,False,903,-1.4848708815407008e-05,0.006443185731768608,0.0019403654150664806
2845,78,1,2,-5.9742536544799805,-0.006359825,0.0057203104,True,67,-0.005078859161585569,9.975433385989163e-06,0.006991300266236067
2845,257,5,2,-3.535151958465576,-0.0012078333,0.0014880466,False,295,9.352683991892263e-05,-0.0013140630908310413,0.004103469662368298
2845,747,14,2,-3.6982946395874023,0.004935131,0.00023333072,False,738,0.0016841888427734375,0.00248266221024096,-0.0055002737790346146
2845,874,17,2,-4.0708394050598145,-0.0009926796,-0.0012223625,False,895,-0.004328384529799223,-0.002466087229549885,-0.0020919800736010075
2847,199,3,2,-5.004213809967041,0.00096304895,-0.00091796875,False,165,0.00044833181891590357,-0.008693008683621883,0.0072603230364620686
2847,693,13,2,-5.872665882110596,-0.0065769483,0.0013704109,False,673,-0.00017984390433412045,0.0024585723876953125,0.005308942869305611
2848,46,0,2,-5.2392897605896,0.008546572,-0.005576048,False,12,-0.007380857598036528,-0.000936803815420717,-0.020566673949360847
2848,744,14,2,-5.121870517730713,0.00052075385,-0.0042713834,False,708,-0.004822941031306982,-0.005977420601993799,-0.0036376575008034706
2848,824,16,2,-4.766507148742676,0.009682951,0.0018467426,False,833,0.002366466447710991,0.003596467897295952,-0.009066209197044373
2848,945,18,2,-4.899336338043213,0.0051031588,-0.0031056118,False,929,0.0034544658847153187,0.0028368758503347635,-0.007591180503368378
2849,22,0,2,-4.540543079376221,-0.0031707478,0.0062446785,False,13,-0.005596008151769638,0.004249010235071182,-0.0004295920953154564
2849,117,2,2,-3.8095014095306396,0.010162931,0.0036684466,False,147,-0.0022796201519668102,0.0038838910404592752,-0.012657996267080307
2849,726,14,2,-3.817875623703003,-0.0019552135,-0.0014026595,False,731,-0.002318568294867873,0.0025507116224616766,-0.004316725768148899
2849,872,17,2,-4.862034797668457,0.00035482406,0.002272358,False,854,0.0016045093070715666,-0.0077143097296357155,0.01123635284602642
2850,456,9,2,-5.748032569885254,-0.005950079,0.002637558,False,499,-0.0031769084744155407,-0.005398359149694443,0.010809088125824928
2850,737,14,2,-2.6726582050323486,-0.0058775567,-0.0034109973,False,717,-0.0016635226784273982,-0.0030652571003884077,0.003868293948471546
2850,753,15,2,-5.766458034515381,-0.00071681023,-0.0031948185,True,799,-0.00444108946248889,-0.0005456733633764088,-0.006373424082994461
2850,896,17,2,-4.201095104217529,0.0039221286,-0.00884738,False,895,-0.0076393554918468,-0.00090365408686921,-0.01950521022081375
2852,478,9,2,-5.953981876373291,-0.007054119,-0.00040543557,True,492,-0.008722314611077309,-0.0003627300320658833,-0.001710901502519846
2852,609,12,2,-3.8700144290924072,0.006572461,0.000982008,False,616,-0.0043486738577485085,0.005370597820729017,-0.01530972495675087
2853,315,6,2,-4.11596155166626,-0.018608665,0.0024294138,False,339,-0.003906765021383762,0.0051605794578790665,0.011970735155045986
2853,878,17,2,-1.758029818534851,1.0287762e-05,0.006215308,False,884,0.007364172954112291,-0.007267975714057684,0.020837169140577316
2855,186,3,2,-4.530359745025635,-0.01036088,-0.0014754868,False,151,0.0055056000128388405,0.0009049129439517856,0.01348607987165451
2855,252,5,2,-3.1443305015563965,-0.00041114807,-0.00025954723,False,284,-0.00046326161827892065,-0.0005471706390380859,0.00023550985497422516
2856,830,16,2,-4.65472936630249,0.005477419,0.0015410233,False,833,0.0029586791060864925,0.0006721115205436945,-0.0016498283948749304
2856,890,17,2,-5.877408027648926,-0.006165447,-0.0009662914,False,868,-0.010496673174202442,-0.003451395081356168,-0.0018461225554347038
2857,473,9,2,-5.538975715637207,-0.0027609158,-0.0062922193,False,477,0.004851713310927153,0.005041246302425861,-0.003720836481079459
2857,786,15,2,-5.900068283081055,-0.0137226675,-0.0014837075,False,799,-0.0037221431266516447,0.0007705497555434704,0.007746267132461071
2858,143,2,2,-5.074354648590088,-0.009508562,-0.00207901,False,105,0.00023825645621400326,-0.001009664498269558,0.008677473291754723
2858,666,13,2,-5.255822658538818,-0.004035206,0.0015186977,False,651,0.0040020085871219635,-0.004655122756958008,0.014211035333573818
2859,235,4,2,-5.9742536544799805,-0.0015325642,0.00272583,True,-1,,,
2859,317,6,2,-3.322805166244507,-0.0012301063,-0.001427331,False,320,-0.0013659715186804533,0.0015425729798153043,-0.0031057693995535374
2860,455,9,2,-5.710115432739258,0.0023555374,0.0012780858,True,468,0.0026653767563402653,-0.002794132335111499,0.0043820571154356
2860,758,15,2,-5.735684871673584,0.0036665916,0.010337591,True,792,-0.0006310463068075478,0.0008091068011708558,0.005230846349149942
2862,593,11,2,-3.352212429046631,-0.0033581925,-0.0020949221,False,575,-0.0038028000853955746,-0.002213072730228305,-0.000326456967741251
2862,641,12,2,-4.629030704498291,0.00560647,0.005607433,False,632,0.0025161646772176027,0.005250968970358372,-0.0027338413055986166
2863,42,0,2,-4.0423359870910645,0.0024125003,0.0032518483,False,44,-0.001480321865528822,-0.003966684453189373,0.0033257105387747288
2863,869,17,2,-5.204768180847168,-0.007558069,0.009381628,False,899,-0.005521984305232763,-0.0017132759094238281,0.01313098706305027
2864,60,1,2,-5.388543605804443,0.008840475,-0.011714201,True,71,0.004355974029749632,-0.003982505761086941,-0.012216197326779366
2864,94,1,2,-5.059042930603027,0.0067310715,0.00039729118,False,70,0.010482740588486195,-0.010284128598868847,0.014433088712394238
2864,774,15,2,-5.224188327789307,-0.012202663,0.0023072625,False,779,0.003161211032420397,0.006668510381132364,0.011002626270055771
2864,827,16,2,-3.2006092071533203,-0.002810445,0.00687767,False,836,-0.0001763725304044783,0.005208778195083141,0.0043029640801250935
2866,29,0,2,-5.794142723083496,-0.00071737287,-0.0007766056,True,0,0.002473716624081135,-0.002483968622982502,0.004898452665656805
2866,87,1,2,-5.800597667694092,0.0034731198,-0.0029730701,False,67,-0.0045639704912900925,-0.0017231464153155684,-0.009287014603614807
2866,156,3,2,-5.172228813171387,0.0049835206,0.0002362156,False,160,-0.00014339447079692036,0.0009943961631506681,-0.005885095801204443
2866,767,15,2,-4.496941566467285,0.0039993953,0.0049895765,False,760,0.0004760265292134136,-0.0050338744185864925,0.006500082090497017
2867,462,9,2,-5.075407028198242,-0.0071858023,-0.012654095,False,483,-0.003432970028370619,-0.0048276521265506744,-0.004073610529303551
2867,772,15,2,-4.969491958618164,-0.0014115333,-0.007731466,False,756,0.00276185036636889,-0.005407209508121014,0.0018491270020604134
2868,16,0,2,-4.130544185638428,0.006779356,0.003477192,False,35,0.005023670382797718,0.014845595695078373,-0.013124089688062668
2868,750,15,2,-5.9742536544799805,-0.0019992257,0.002605505,True,771,-0.00412018783390522,0.002846040762960911,-0.0023614978417754173
2869,769,15,2,-5.028347969055176,-0.0018392563,0.0053262045,False,756,0.0023204993922263384,-0.0015416622627526522,0.01102762296795845
2869,876,17,2,-3.9578592777252197,-0.0007626867,0.008877363,False,895,-0.005160865839570761,-0.003912520594894886,0.00839170441031456
2872,108,2,2,-5.075362682342529,-0.0016114807,-0.0037530232,False,103,0.0014900779351592064,-0.0016306209145113826,0.0009791564662009478
2872,404,8,2,-3.5586633682250977,0.012996741,-0.0027306653,False,433,0.00017794132872950286,0.0037271452601999044,-0.019276609644293785
2879,97,1,2,-4.09785795211792,0.0037097167,-0.024728289,False,73,0.018067846074700356,-0.016514958813786507,0.006144799292087555
2879,228,4,2,-3.218165159225464,-0.002992978,-0.0019269515,False,206,0.010383839718997478,-0.00027812004555016756,0.011727985925972462
2881,458,9,2,-5.186354160308838,-0.00060222624,0.0036550902,False,483,-0.0014167976332828403,-0.006750812754034996,0.009591331705451012
2881,762,15,2,-5.962915420532227,-0.008207655,0.0039318562,True,799,-0.003998232074081898,0.0002474880311638117,0.007893790490925312
2883,457,9,2,-4.702123165130615,0.007058878,0.0036481286,False,466,0.002759857103228569,-0.00488514918833971,0.0042342571541666985
2883,979,19,2,-4.0577545166015625,-0.003549633,0.0011720562,False,980,0.0008200645679607987,0.00033525467733852565,0.00520649878308177
2884,667,13,2,-4.131807804107666,0.007688408,-0.0003835392,False,670,0.0073092938400805,0.002232084283605218,-0.0029947375878691673
2884,942,18,2,-3.5993316173553467,-0.0071705007,0.0059413384,False,941,0.003843560116365552,0.004751748871058226,0.012203650549054146
2885,11,0,2,-5.832841396331787,-0.0034654045,0.002727232,False,10,0.002974863164126873,0.00033152580726891756,0.008835974149405956
2885,81,1,2,-5.779437065124512,-0.0042993166,0.0010443783,False,72,0.0032085133716464043,0.0013253784272819757,0.007226829417049885
2885,232,4,2,-4.273714065551758,0.00091572764,0.0015117645,False,229,0.004345388617366552,0.011057086288928986,-0.0061156610026955605
2885,542,10,2,-4.420801639556885,0.0006677723,0.00019267082,False,515,-0.0018588065868243575,-0.0005673503619618714,-0.0017665576888248324
2886,99,1,2,-5.887774467468262,0.0017295837,-0.0014949418,True,72,-0.00029265403281897306,0.0036511134821921587,-0.007168292999267578
2886,766,15,2,-4.662023067474365,-0.003802967,-0.0034599782,False,760,-0.0036127567291259766,0.00782003439962864,-0.011089801788330078
2888,9,0,2,-4.400564193725586,0.006161852,0.0007592201,False,44,0.0007022571517154574,-0.0016456032171845436,-0.0030547711066901684
2888,733,14,2,-3.762514114379883,0.01106987,-0.005151491,False,731,0.0035217427648603916,-0.0015262747183442116,-0.011173343285918236
2890,739,14,2,-3.8830771446228027,-0.0014521456,-0.0015297222,False,725,-0.0014258623123168945,-0.003997316583991051,0.002493877662345767
2890,947,18,2,-4.190196990966797,-0.007925549,0.0015723038,False,903,0.006179675925523043,0.0008557414985261858,0.014821786433458328
2893,24,0,2,-5.448154926300049,0.009214068,-0.0017966175,True,23,0.010636024177074432,-0.002594051416963339,0.00221939105540514
2893,443,8,2,-4.649092197418213,-0.0043397616,-0.0025183104,False,401,-0.004160651937127113,-0.00409496296197176,0.0017557621467858553
2898,788,15,2,-5.19716215133667,0.0055609513,0.0028768159,False,770,-0.0015668678097426891,0.007508878596127033,-0.011759880930185318
2898,898,17,2,-5.5092244148254395,-0.0034305477,-0.004023304,False,886,-0.007853679358959198,-0.001906118355691433,-0.006540317554026842
2899,529,10,2,-3.198249101638794,-0.0020926953,0.0010665369,False,516,0.0026037406641989946,0.0013245678273960948,0.004438404925167561
2899,776,15,2,-5.790568828582764,-0.0032752324,0.009676094,False,790,-0.005318241193890572,0.0066036321222782135,0.0010294532403349876
2900,180,3,2,-3.8974437713623047,-0.0063496735,-0.00254735,False,188,0.005686764605343342,-0.0017644548788666725,0.011253543198108673
2900,905,18,2,-3.225552797317505,0.00524086,9.360313e-06,False,901,0.000942282669711858,-0.004794125445187092,0.0005049086175858974
2902,858,17,2,-5.68956184387207,0.005693836,-0.002114439,True,870,-0.0037641238886862993,0.0015830326592549682,-0.013155431486666203
2902,972,19,2,-3.823916435241699,-0.0013369179,0.0010160494,False,967,-0.000850567827001214,-0.0004290342330932617,0.0019314337987452745
2904,748,14,2,-3.525515556335449,0.0036569692,0.0015798092,False,738,0.0010645819129422307,0.0016202687984332442,-0.002632846822962165
2904,911,18,2,-4.068004608154297,-0.0063860416,0.0010457039,False,903,0.007095594424754381,-0.0020901011303067207,0.016617441549897194
2906,492,9,2,-5.9742536544799805,-0.0034861087,0.006472492,True,460,-0.007733173202723265,0.00052728655282408,0.001698140986263752
2906,866,17,2,-5.688953399658203,0.001594305,0.0042083263,True,850,0.005174560472369194,0.0009711647289805114,0.006817417219281197
2907,495,9,2,-5.7455267906188965,0.0012362194,0.00051849365,True,474,-0.005929622799158096,-0.004552421625703573,-0.0020949270110577345
2907,863,17,2,-5.9742536544799805,-0.0077539156,0.00075852394,True,889,-0.0016409968957304955,0.0003198337508365512,0.006551608443260193
2908,64,1,2,-5.48482084274292,0.0018325615,-0.0066961003,True,74,-0.008907642215490341,-0.005409087985754013,-0.012027216143906116
2908,428,8,2,-4.0730438232421875,-0.0043731355,-0.002531519,False,448,-0.00030692099244333804,0.0020390080753713846,-0.0005043125711381435
2908,773,15,2,-5.751208782196045,0.004190321,-0.0010897827,True,759,0.0005098819965496659,0.0014853859320282936,-0.006255607586354017
2908,896,17,2,-4.67287540435791,-0.007826538,0.00047122955,False,867,-0.005420341622084379,-0.0054564569145441055,0.008333882316946983
2909,429,8,2,-5.233860969543457,0.0009142971,-0.00057917595,False,442,-0.0019105147803202271,1.12438201540499e-05,-0.003415231592953205
2909,477,9,2,-5.276660442352295,0.0056952285,-0.012902651,False,483,-0.011276445351541042,0.008419943042099476,-0.038294266909360886
2909,713,14,2,-4.341537952423096,-0.0012045574,0.00021802902,False,741,-0.00022945404634810984,0.004181175027042627,-0.002988042775541544
2909,959,19,2,-4.909477233886719,-0.009338102,0.0021992016,False,957,0.004352684132754803,-0.0015316486824303865,0.01742163673043251
2910,324,6,2,-3.4136807918548584,-0.0060659694,0.0006455994,False,305,0.001420674379914999,0.003772153751924634,0.00436008907854557
2910,464,9,2,-4.8105292320251465,0.003234148,0.00070782664,False,459,-0.008634548634290695,-0.0003254509065300226,-0.010835419408977032
2914,38,0,2,-4.496086597442627,-0.0070030023,0.0017377853,False,20,0.007676629815250635,0.0006417846889235079,0.015775632113218307
2914,233,4,2,-5.491592884063721,-0.00026216506,0.003764534,False,202,-0.007824926637113094,0.0029047299176454544,-0.006702957674860954
2914,454,9,2,-5.449443340301514,-0.020802889,-0.006641722,False,470,0.0017101860139518976,-0.005676326807588339,0.021547680720686913
2914,804,16,2,-4.096522808074951,0.0016769886,-0.002593136,False,826,0.0032896422781050205,0.0008756160968914628,-0.0018560979515314102
2916,59,1,3,-5.329510688781738,0.008273372,-0.0034969617,True,80,0.0048707579262554646,-0.01016217190772295,0.0032625962048768997
2916,211,4,2,-4.617081165313721,0.0034885502,-0.0032324505,False,225,-0.004301233217120171,0.0004426002560649067,-0.011464834213256836
2916,346,6,2,-5.949766635894775,-0.0062063406,0.0005591011,True,321,0.0014020061353221536,0.00040951729170046747,0.007757931016385555
2916,478,9,2,-5.764963150024414,0.002062006,-0.003552122,True,453,-0.0006774807116016746,-0.004298963584005833,-0.0019926452077925205
2916,656,13,2,-2.2414443492889404,0.007725015,-0.0015639925,False,691,0.0018371009500697255,-0.0023693752009421587,-0.005082531366497278
2916,883,17,2,-4.510140895843506,0.011111412,-0.0028989506,False,867,-0.002390470588579774,-0.004737796727567911,-0.011663036420941353
2916,921,18,2,-3.321617364883423,-0.00017929077,-0.00091621396,False,937,0.0023208714555948973,0.0011852026218548417,0.0003987456439062953
2918,54,1,2,-5.863600254058838,-0.0013818168,-0.002213068,True,66,-0.01525520347058773,-0.002178192138671875,-0.013908262364566326
2918,240,4,2,-5.070623874664307,0.0037217713,0.008432884,False,236,-0.008955145254731178,-0.00015181541675701737,-0.004092216957360506
2918,391,7,2,-3.667903423309326,0.002522793,0.0016899252,False,373,0.0021107292268425226,0.0015913629904389381,-0.0003135014558210969
2918,662,13,2,-5.526329517364502,-0.011399136,-0.0044238376,False,663,-0.006611156277358532,-0.007918596267700195,0.0082827378064394
2919,218,4,2,-4.665982723236084,-0.001261816,0.0012034416,False,225,-0.0017229461809620261,-0.0029973029159009457,0.0037396145053207874
2919,601,12,2,-5.486116886138916,-0.004411688,0.0026095964,False,638,0.005227632354944944,-0.0008624553447589278,0.013111372478306293
2919,690,13,2,-4.54893159866333,0.0047417926,0.001986208,False,658,-0.0031495094299316406,-0.0008478736854158342,-0.005057220347225666
2919,780,15,2,-3.9392898082733154,0.007859712,0.0056693316,False,761,0.010400038212537766,-0.007668476086109877,0.015878135338425636
2920,18,0,2,-5.239840507507324,0.009403963,-0.0064945505,True,4,0.0022828865330666304,-0.002292795106768608,-0.01132283080369234
2920,183,3,2,-3.173598051071167,0.0037630843,0.000983076,False,192,0.0023292256519198418,4.0216444176621735e-05,-0.000490998849272728
2920,235,4,2,-5.621985912322998,0.0055796052,0.004445877,True,207,-0.002640676451846957,-0.0013929748674854636,-0.002381430007517338
2920,274,5,2,-3.7246298789978027,-0.00091641425,0.00053736684,False,263,-0.0006593847065232694,0.0030580663587898016,-0.002263670088723302
2920,334,6,2,-5.324932098388672,-0.0003623104,-6.580353e-06,False,319,-0.0006891345838084817,-0.0004480552743189037,0.00011465075658634305
2920,423,8,2,-4.321440696716309,0.0057667447,0.0031597042,False,410,-0.0005289554828777909,0.001053876825608313,-0.004189873114228249
2920,781,15,2,-5.7579779624938965,-0.0064093303,0.008245945,False,771,0.002886371687054634,0.004776439629495144,0.012765207327902317
2920,894,17,2,-4.588303089141846,-0.00013628005,-0.0013810444,False,867,-0.0013020611368119717,-0.005304393824189901,0.0027575683780014515
2921,131,2,2,-2.4989941120147705,0.007668214,-0.0019013452,False,114,0.0036191511899232864,-0.0027004338335245848,-0.003249973990023136
2921,456,9,2,-5.860134601593018,-0.013695422,0.00710227,False,482,0.00039958953857421875,0.0029445840045809746,0.018252696841955185
2921,555,11,2,-4.7760396003723145,-0.006176872,0.0051954365,False,563,-0.001817893935367465,0.0031912708654999733,0.006363144144415855
2921,700,14,2,-3.298072099685669,0.02028646,-0.0034571171,False,736,0.0019130563596263528,-0.0018444395391270518,-0.01998608186841011
2922,306,6,2,-4.242049217224121,0.0067303656,0.0065475795,False,337,-0.002969179069623351,-0.004389801062643528,0.00123783596791327
2922,485,9,2,-5.131345748901367,0.0002699089,0.0017424488,False,481,-0.005560932215303183,-0.01106387097388506,0.006975478492677212
2922,569,11,2,-4.778831958770752,0.0037153913,0.0049850177,False,563,-0.0020172405056655407,0.0026970768813043833,-0.003444691188633442
2922,802,16,2,-2.205702066421509,0.006041975,-0.0036922074,False,809,0.0005747508839704096,-0.004846563562750816,-0.004312868230044842
2922,895,17,2,-4.188427925109863,-0.0046452,-0.004554157,False,-1,,,
2922,934,18,2,-3.001160144805908,-0.0058043147,-0.00080501556,False,948,0.008751673623919487,-0.004273753147572279,0.01802472583949566
2923,486,9,2,-5.770687580108643,0.000851326,-0.0019034958,True,474,-0.008898582309484482,-0.0005474471836350858,-0.011105956509709358
2923,684,13,2,-4.382843494415283,7.534027e-05,0.0029165172,False,653,-0.0061538503505289555,0.002669696696102619,-0.0059823705814778805
2923,841,16,2,-5.037503719329834,-0.0007339096,0.0094074635,False,847,0.001617164583876729,0.0010589886223897338,0.01069954875856638
2923,890,17,2,-5.912133693695068,-0.004411497,0.009914036,True,881,-0.004659194964915514,0.005627183709293604,0.004039154388010502
2925,67,1,2,-5.8820414543151855,0.0011767864,0.0010470581,True,66,-0.01645798608660698,-0.0018929768120869994,-0.014694738201797009
2925,94,1,2,-5.134939670562744,-0.0014034176,0.0017663765,False,76,-0.009354114532470703,-0.007985658943653107,0.0018013385124504566
2925,600,12,2,-1.7317708730697632,0.001631906,-0.003155129,False,-1,,,
2925,793,15,2,-4.288074016571045,0.0008310985,0.0043584253,False,783,-0.004845333285629749,-0.0011214923579245806,-0.00019651418551802635
2927,219,4,2,-5.304673671722412,-0.016013546,-0.0022469426,False,215,-0.0014521980192512274,0.005592784844338894,0.006721620447933674
2927,362,7,2,-4.474387168884277,0.0013329505,-0.0032952214,False,384,0.002132158260792494,-0.0032882976811379194,0.0007922835648059845
2927,652,13,2,-5.644433975219727,0.0065963934,0.009263095,True,663,-0.008080768398940563,-0.0068248845636844635,0.0014108181931078434
2927,846,16,2,-3.9250571727752686,0.008319869,0.00252419,False,839,0.004103636834770441,-0.006477322429418564,0.004785279743373394
2928,29,0,2,-5.607745170593262,0.004623413,-0.00036004066,True,49,0.005914850160479546,-0.0045144082978367805,0.005445804912596941
2928,708,14,2,-5.677582263946533,-0.0085099125,-0.0059334277,False,735,-0.00038306237547658384,0.0018757152138277888,0.00031770719215273857
2928,730,14,2,-3.640760898590088,0.037778273,0.003809867,False,738,-0.0014761495403945446,0.0007552671595476568,-0.03619982302188873
2928,837,16,2,-4.502659320831299,0.0018843174,-0.00068554876,False,833,0.0007177829975262284,0.0027469159103929996,-0.00459899939596653
2928,897,17,2,-5.9742536544799805,-0.0039930535,0.0035210038,True,868,-0.0028280257247388363,0.0010651493212208152,0.0036208820529282093
2928,907,18,2,-5.301174640655518,0.0013098621,-0.0039459323,False,913,0.0061024571768939495,-0.0035028934944421053,0.004349556751549244
2929,89,1,2,-5.072851657867432,0.0046671582,-0.010819674,False,62,-0.003385953838005662,-0.007619095034897327,-0.011253690347075462
2929,571,11,2,-3.1162519454956055,-0.002309346,-0.0012764453,False,550,-0.0007031011627987027,-0.005082258954644203,0.0054120589047670364
2931,696,13,2,-5.801888942718506,0.0012731075,0.00024886132,True,673,-0.00025753973750397563,0.00018854140944313258,-0.001470327377319336
2931,990,19,2,-4.815975666046143,0.00011017799,-0.0031322574,False,996,-0.002270021475851536,0.0009192848228849471,-0.006431741639971733
2935,372,7,2,-2.9353344440460205,0.010577703,0.0015152359,False,397,0.0009817695245146751,0.0017303371569141746,-0.009811034426093102
2935,533,10,2,-4.338160037994385,0.000449028,-0.0005842114,False,512,0.0013702011201530695,-0.0007672596257179976,0.001104221330024302
2937,196,3,2,-3.47563099861145,0.018407999,0.0026242114,False,167,-0.0028966807294636965,0.0021327638532966375,-0.0208132304251194
2937,354,7,2,-4.665496826171875,0.0036155605,-0.0014217662,False,358,-0.005168361589312553,-0.0014560699928551912,-0.00874961819499731
2938,249,4,2,-5.763792514801025,-0.01454689,0.0017983246,False,217,-0.0037523650098592043,5.537986726267263e-05,0.012537469156086445
2938,252,5,2,-3.242751359939575,-0.00048329352,0.00041221618,False,284,0.0007462453795596957,0.002190656727179885,-0.0005489016184583306
2941,499,9,2,-5.623293876647949,0.005851984,-0.0070191957,True,470,0.0014804553939029574,-0.001129102660343051,-0.010261621326208115
2941,836,16,2,-3.3599421977996826,-0.003824482,0.00058425905,False,816,0.001976981060579419,-0.0036246157251298428,0.010010337457060814
2942,43,0,2,-4.550024509429932,0.009678755,-0.006406612,False,41,0.004354143049567938,0.0074827098287642,-0.019213933497667313
2942,68,1,2,-4.583340167999268,0.003927908,-0.0029083728,False,93,-0.014165334403514862,-0.003440580330789089,-0.017561035230755806
2942,356,7,2,-4.003417015075684,0.0021717644,0.0003663969,False,396,0.00316822063177824,-0.00571690546348691,0.007079759147018194
2942,855,17,2,-2.608804225921631,-0.0019148159,-0.000297122,False,-1,,,
2943,32,0,2,-3.710319757461548,-0.0023453045,0.007764244,False,35,-0.0021468782797455788,-0.006800804287195206,0.014763474464416504
2943,357,7,2,-3.605760335922241,-0.0019728183,-0.0035999203,False,373,0.0011641931487247348,-0.0005991267971694469,0.0001362179173156619
2943,494,9,2,-5.9742536544799805,-0.005033884,0.011455326,True,468,-0.004952058661729097,0.01253073662519455,-0.0009935833513736725
2943,829,16,2,-5.853217124938965,0.00164361,0.0034129142,True,843,-0.005045271012932062,0.002483148593455553,-0.00575911533087492
2947,261,5,2,-3.757908344268799,-0.0026541424,-0.0030440998,False,269,-0.0019415091956034303,-0.0018732070457190275,-0.0004582594847306609
2947,379,7,2,-3.6233248710632324,0.0009183359,0.00082425115,False,395,0.00042697906610555947,0.0022004032507538795,-0.0018675089813768864
2947,651,13,2,-4.728193283081055,0.013336878,-0.0050250245,False,671,-0.00036927222390659153,0.0019232749473303556,-0.020654451102018356
2947,784,15,2,-5.92650842666626,-0.00056006433,0.013519116,True,799,0.0014250087551772594,6.8950653258070815e-06,0.015497293323278427
2950,488,9,2,-5.845343112945557,-0.0025299168,-0.0025782108,True,498,-0.0028488636016845703,-0.0012973117409273982,-0.0015998458256945014
2950,726,14,2,-3.8896851539611816,-3.534317e-05,-0.0054827975,False,731,-0.0032418298069387674,-0.0027661656495183706,-0.005923118442296982
2951,150,3,2,-4.326169490814209,-0.01858437,0.002888031,False,189,-0.00031151770963333547,0.001069126185029745,0.02009175717830658
2951,660,13,2,-4.561992645263672,-0.0026629353,0.006489105,False,658,-0.003956213127821684,0.005557012744247913,-0.0003611855208873749
2957,96,1,2,-5.771853446960449,-0.0015054893,-0.0024847984,True,78,-0.002207536716014147,9.412765393790323e-06,-0.0031962585635483265
2957,220,4,2,-5.604543685913086,0.00086079596,0.004137182,False,207,-0.0001266956387553364,-0.001506261876784265,0.00465595256537199
2957,490,9,2,-5.766824722290039,0.0040861224,0.0021442412,True,452,-0.005394449457526207,-0.0039513492956757545,-0.0033849813044071198
2957,871,17,2,-5.684525966644287,0.0052721025,0.0040158653,True,850,0.0008965873857960105,-0.005267028696835041,0.004907378926873207
2958,484,9,2,-5.66051721572876,0.0062747286,-0.002180271,True,497,0.006347427144646645,-0.0024748421274125576,0.0003672698512673378
2958,491,9,2,-5.857995510101318,0.0019357109,-0.0011702157,True,498,-0.0002237606095150113,-0.0010371494572609663,-0.002292537596076727
2958,582,11,2,-3.9725193977355957,-0.001976347,0.0010264015,False,592,0.008432707749307156,0.006017923355102539,0.005417533218860626
2958,790,15,2,-5.392600059509277,0.0074937628,-0.0010861873,True,792,0.0034675789065659046,0.0053422641940414906,-0.010454635135829449
2959,245,4,2,-5.448848247528076,0.0057058907,-0.0020261765,False,230,-0.0045029353350400925,-0.009973134845495224,-0.0022618677467107773
2959,941,18,2,-3.5528833866119385,-0.003665824,-0.00014481068,False,920,-0.0006309461314231157,0.003052282379940152,-0.00016221520490944386
2960,83,1,2,-5.711918354034424,0.003618946,0.0038694572,True,80,-0.009003229439258575,-0.0013338375138118863,-0.007418881170451641
2960,620,12,2,-4.847013473510742,-0.0012290573,-0.0022558211,False,644,0.003577909432351589,0.002897129161283374,-0.0003459835425019264
2962,27,0,2,-3.6630771160125732,-0.00231853,0.0052447557,False,13,0.009768490679562092,-0.001547479652799666,0.018879257142543793
2962,649,12,2,-3.1365621089935303,0.010303473,-0.0038358974,False,605,0.004278969950973988,-0.004852361511439085,-0.0050080399960279465
2963,244,4,2,-5.7027740478515625,0.00065253256,0.0010147095,True,241,-0.00046053886762820184,0.007657995447516441,-0.007756357546895742
2963,750,15,2,-5.880956649780273,-0.00031663894,0.0027426623,True,763,0.0016601085662841797,-0.0038283253088593483,0.008547735400497913
2964,489,9,2,-5.960766315460205,-0.00025774955,0.00013303757,True,480,-0.004331960808485746,0.001974182203412056,-0.005915355868637562
2964,778,15,2,-4.991678714752197,0.008216552,-0.006155987,False,768,0.00413203239440918,-0.0002446556172799319,-0.00999585073441267
2966,495,9,2,-5.79901123046875,0.001641655,-0.0022027397,True,452,0.0008923626155592501,-0.0012536811409518123,-0.0016983509995043278
2966,976,19,2,-3.944552183151245,0.00089108467,-0.003248868,False,970,0.007120084948837757,0.002567010000348091,0.00041312212124466896
2967,180,3,2,-3.979257583618164,-0.0010893297,-0.00013094902,False,176,0.0016118288040161133,0.0036251735873520374,-0.0010549640282988548
2967,231,4,2,-5.220792770385742,0.0036579417,0.009074841,False,215,0.00803811103105545,0.012178096920251846,0.0012769130989909172
2967,873,17,2,-4.723735332489014,-0.001614046,-0.000450058,False,867,-0.0048316954635083675,-0.005388975143432617,0.0017212677048519254
2967,889,17,2,-5.767149925231934,0.0039289664,0.0054180813,True,860,0.0010315990075469017,-0.0001804828643798828,0.0027011968195438385
2968,65,1,2,-5.9742536544799805,-0.017477522,0.0051715183,True,57,0.0,0.007459726184606552,0.015189314261078835
2968,154,3,2,-2.3458404541015625,0.0013998795,0.00031828403,False,158,0.0008381461957469583,0.0025288008619099855,-0.002772250212728977
2968,281,5,2,-4.2859978675842285,-0.0020606804,0.00068222045,False,265,0.0003509426023811102,-0.0025345610920339823,0.005628404673188925
2968,615,12,2,-3.831298351287842,0.013503237,-0.0016198683,False,633,0.0013355874689295888,-0.0026973343919962645,-0.011090182699263096
2969,206,4,2,-3.651411771774292,-0.005922861,-0.0013861799,False,229,0.005173191893845797,0.006651587318629026,0.00305828545242548
2969,751,15,2,-2.1784415245056152,0.003993006,0.0032000637,False,785,0.002835519379004836,-0.008786508813500404,0.010829086415469646
2969,787,15,3,-5.9742536544799805,-0.014339933,0.007532034,True,752,-0.0067019653506577015,0.00013277053949423134,0.015037231147289276
2971,322,6,2,-2.3000361919403076,0.0067034485,0.0044225263,False,325,0.000618357677012682,-0.00033304691896773875,-0.0013295175740495324
2971,796,15,2,-4.833421230316162,-0.0032543659,0.0068801306,False,755,-0.005315694957971573,0.004343223758041859,0.0004755780100822449
2972,127,2,2,-3.6337482929229736,-0.0015219832,0.00047355652,False,141,0.009166722185909748,0.0033348894212394953,0.00782737322151661
2972,451,9,2,-5.790318012237549,0.0036787128,-0.0026451587,True,473,0.0018524837214499712,-0.003182954853400588,-0.001288432627916336
2973,632,12,2,-4.005377769470215,0.0063861273,0.0026288938,False,628,-0.0014336538733914495,0.0035127305891364813,-0.008703618310391903
2973,687,13,2,-3.2215142250061035,0.0005378771,0.0069339992,False,664,0.009647497907280922,0.0006600999622605741,0.015383520163595676
2973,689,13,2,-3.8810977935791016,0.0019224167,-0.0060066986,False,670,-0.0007171344477683306,-0.002396554918959737,-0.006249695084989071
2973,832,16,2,-3.2487025260925293,-0.0040931893,0.009343972,False,-1,,,
2974,487,9,2,-5.76141881942749,0.0036010551,-0.004256697,True,480,-0.0006938743754290044,-0.004416951909661293,-0.004134674556553364
2974,604,12,2,-4.818736553192139,-0.0006862259,0.0002970886,False,644,0.002746687037870288,0.0034999751951545477,0.0002300263149663806
2975,661,13,2,-4.44142484664917,-0.003536234,0.00088232994,False,658,0.0028260040562599897,0.013918003998696804,-0.006673435680568218
2975,773,15,2,-5.582688808441162,0.0012325859,-0.0036131954,False,753,0.007034769281744957,0.013915061950683594,-0.011726073920726776
2976,15,0,2,-4.5918450355529785,0.017354574,-3.0946732e-05,False,48,-0.003759460523724556,0.005358762573450804,-0.02650374360382557
2976,465,9,2,-5.77969217300415,0.0015887356,-0.0030559348,False,480,-0.001123294816352427,-0.0029961394611746073,-0.00277182599529624
2976,692,13,2,-5.654445171356201,0.005649462,-0.0013393402,True,669,0.0016953849699348211,0.011813497170805931,-0.017106913030147552
2976,893,17,2,-4.97463321685791,0.0054231645,-0.0007896614,False,867,-0.006322288420051336,-0.0023163415025919676,-0.010218773037195206
2977,238,4,2,-5.592405796051025,-0.0044181156,0.00494586,False,234,-0.0037219906225800514,-0.00587990740314126,0.011521892622113228
2977,766,15,2,-4.646667957305908,0.0042627715,0.007094822,False,779,0.00571473129093647,0.0018360614776611328,0.006710720248520374
2978,458,9,2,-5.044277667999268,-0.004433489,-0.0029332542,False,466,-0.0035386562813073397,-0.003342256648465991,0.0013038350734859705
2978,641,12,2,-4.4032063484191895,-0.0030235576,0.00543973,False,647,-0.0005212497781030834,0.005361537914723158,0.0025805002078413963
2979,208,4,2,-5.816027641296387,0.0013156604,-6.789208e-05,True,201,-0.003065395401790738,-0.0010082721710205078,-0.0034406757913529873
2979,482,9,2,-5.646239280700684,0.005530405,-0.006195517,True,493,0.0031724548898637295,0.0011143875308334827,-0.009667853824794292
2980,450,9,2,-1.9503661394119263,0.004279039,0.002574153,False,-1,,,
2980,475,9,2,-5.919975280761719,-0.012569723,0.00032348634,True,480,-0.003549423301592469,0.0010141277452930808,0.008329657837748528
2980,631,12,2,-5.396275997161865,0.0069204904,0.006028242,False,621,0.0061946106143295765,-0.00020073891209904104,0.005503101274371147
2980,775,15,2,-1.884580135345459,-0.006523354,0.0024858308,False,-1,,,
2986,3,0,2,-5.657649993896484,0.00591094,-0.006240864,True,0,0.0068549346178770065,-0.004167280159890652,-0.0011295890435576439
2986,77,1,2,-5.497114181518555,0.003709612,0.012680626,True,76,-0.0077750589698553085,0.003744525834918022,-0.002548571676015854
2986,132,2,2,-5.116392612457275,-0.0038082981,0.0010674762,False,128,0.006736746057868004,0.008288583718240261,0.0033239368349313736
2986,453,9,2,-5.9742536544799805,-0.005494032,2.4881363e-05,True,480,-0.0016308403573930264,0.002763032913208008,0.0011250399984419346
2987,85,1,2,-5.794076919555664,-0.0013079548,0.0068703364,True,86,-0.007727661170065403,0.0030512046068906784,-0.002600574865937233
2987,856,17,2,-4.92731237411499,0.001997509,-0.0006329727,False,869,-0.005586280953139067,-0.0006185626843944192,-0.0075981998816132545
2988,483,9,2,-5.454477310180664,-0.010818272,-0.0066485214,False,468,0.008489599451422691,0.0014790344284847379,0.011180315166711807
2988,808,16,2,-3.2143309116363525,0.0005557346,-0.0022132301,False,-1,,,
2990,81,1,2,-5.831903457641602,0.00026195525,0.0014350701,True,86,-0.008051271550357342,0.00570149440318346,-0.012579651549458504
2990,202,4,2,-5.435248374938965,-0.0012914467,-0.005553827,False,248,0.003976049367338419,-0.006115245632827282,0.005828915163874626
2990,242,4,2,-5.821932792663574,-0.0034374713,0.0025648975,False,230,-0.010495367459952831,0.00179290771484375,-0.006285906303673983
2990,460,9,2,-5.928126335144043,-0.0009577465,-0.0009225464,True,480,-0.0009547233348712325,0.003169803647324443,-0.004089326597750187
2990,585,11,2,-5.257682800292969,-0.0035388279,0.0069888495,False,561,-0.0005834007170051336,-0.007188291754573584,0.01713256910443306
2990,985,19,2,-4.306442737579346,0.006735239,-0.0014298344,False,966,0.001653108629398048,0.002068090485408902,-0.008580055087804794
2993,801,16,2,-5.492612361907959,-0.006233959,-0.0023605728,False,803,0.004726839251816273,0.00926212314516306,-0.0006618977058678865
2993,964,19,2,-4.313723087310791,0.005179844,0.0023832035,False,997,-0.0025242329575121403,-0.004071102011948824,-0.0012497713323682547
2994,16,0,2,-4.4817585945129395,-0.0067955973,-0.0051648524,False,30,0.006845912896096706,-0.006404247134923935,0.01488090492784977
2994,746,14,2,-3.636178493499756,0.0026334715,-0.005411301,False,705,0.0016405105125159025,0.002051224699243903,-0.008455486036837101
2997,40,0,2,-3.8932175636291504,0.0014172173,-0.003891573,False,35,-0.006042571272701025,0.004531926941126585,-0.01588328927755356
2997,738,14,2,-3.286921262741089,0.006561017,-0.0036900234,False,742,-0.0007418441819027066,0.007813820615410805,-0.018806705251336098
2999,317,6,2,-4.182929515838623,-0.009900837,-0.00048654556,False,315,-0.0031417084392160177,0.0031302357092499733,0.0031423475593328476
2999,455,9,2,-5.651076793670654,-0.001351986,-0.0063986685,False,470,0.0038067244458943605,-0.0059895990416407585,0.0047496408224105835
3000,756,15,2,-5.339373588562012,-0.013335638,0.0014366626,False,759,0.005259675905108452,0.005402975250035524,0.014629000797867775
3000,935,18,2,-3.9308536052703857,-0.00039449215,0.007557063,False,910,0.0004025411617476493,-0.00018479347636457533,0.008538889698684216
3002,478,9,2,-5.932980537414551,-0.0037509536,0.0041599846,True,452,-0.005824613384902477,0.00583724956959486,-0.003750924952328205
3002,771,15,2,-5.36684513092041,0.0068660546,-0.00021533966,False,758,-0.001192655530758202,0.00025072097196243703,-0.008524770848453045
3005,61,1,2,-5.548553943634033,0.0028286935,0.0014831447,True,62,-0.00841832160949707,0.004627380520105362,-0.014391250908374786
3005,246,4,2,-4.647461891174316,0.022336587,0.009322643,True,236,0.004762744996696711,0.0007931327563710511,-0.009044332429766655
3005,395,7,2,-3.6162190437316895,-3.3683777e-05,-0.0019525337,False,353,-0.004337353631854057,-0.002157764509320259,-0.004098439123481512
3005,474,9,2,-5.603299140930176,0.0070016766,-0.0042806626,True,470,0.004806623328477144,-0.0035905169788748026,-0.002885199151933193
3008,177,3,2,-4.531334400177002,0.0011151123,-0.0020194817,False,186,0.002671461086720228,0.00332674034871161,-0.0037898733280599117
3008,607,12,2,-5.8996052742004395,-0.015602217,-0.000786438,True,619,0.0005696106236428022,0.003940229304134846,0.011445160955190659
3010,11,0,2,-5.872662544250488,-0.0045569036,0.002029009,True,0,-0.0054672048427164555,-0.0011019706726074219,0.002220678608864546
3010,602,12,2,-5.873205661773682,-0.004911814,0.0065554525,True,619,0.0006722545367665589,0.002362871076911688,0.009776649996638298
3011,42,0,2,-3.8677449226379395,0.008765974,0.0001859188,False,35,-0.001563429832458496,0.001207594876177609,-0.011351079680025578
3011,815,16,2,-5.430844783782959,-0.008353758,0.0046807863,False,831,-0.005204677581787109,0.0014255428686738014,0.006404323503375053
3012,79,1,2,-5.783965110778809,0.00090252876,0.009930754,True,86,-0.001697969390079379,0.00907426793128252,-0.0017440123483538628
3012,577,11,2,-3.7562875747680664,-0.0039521265,0.00084044936,False,568,-0.0024835108779370785,0.00436185859143734,-0.0020527937449514866
3016,204,4,3,-5.325024604797363,0.0042925547,-0.001879139,False,233,0.00041012762812897563,0.01116804126650095,-0.016929607838392258
3018,111,2,2,-5.825185298919678,0.0013274574,-0.002981367,True,104,-9.692191815702245e-05,-0.003055896842852235,-0.0013498493935912848
3018,343,6,2,-5.9742536544799805,-0.005148096,0.00082188606,True,332,-0.000205402378924191,0.0031448269728571177,0.002619752660393715
3020,82,1,2,-5.9742536544799805,-0.0021613026,0.0,True,64,0.0,0.00623288145288825,-0.004071578849107027
3020,220,4,2,-5.3065900802612305,0.0004360199,0.0046518324,False,232,-0.010454311035573483,0.003455543424934149,-0.009694041684269905
3021,65,1,2,-5.6730122566223145,0.0053467657,-0.001227789,True,62,-0.005737295374274254,0.009544420056045055,-0.021856270730495453
3021,318,6,2,-1.7784302234649658,0.0036611652,0.0009355164,False,-1,,,
3022,72,1,2,-5.2358174324035645,0.00862793,-0.008911,True,87,0.010078983381390572,-0.004079837817698717,-0.0033801086246967316
3022,807,16,2,-2.554163694381714,-0.002723303,-0.0031002997,False,845,0.005987095646560192,-0.0015609979163855314,0.007171097211539745
3024,796,15,2,-4.442242622375488,0.009087315,-0.0009449387,False,765,0.00879592914134264,0.0077026174403727055,-0.008938942104578018
3024,865,17,2,-4.789535999298096,-0.0032330893,-0.0028704451,False,880,0.011074733920395374,-0.006340227089822292,0.01777760498225689
3025,80,1,2,-5.933149814605713,-0.004635849,-0.00024587632,True,64,0.0009196567698381841,0.00668570538982749,-0.0013760756701231003
3025,243,4,2,-3.4082601070404053,0.005230222,0.0011319065,False,228,-0.009165444411337376,0.0030247687827795744,-0.016288528218865395
3026,96,1,2,-5.727695465087891,0.0036848069,0.0034984017,True,57,0.004748468287289143,-0.0049189855344593525,0.00948104914277792
3026,785,15,2,-2.571601629257202,-0.0114421705,0.0035131597,False,764,-0.0032907724380493164,0.0021769667509943247,0.009487591683864594
3027,44,0,2,-3.7634928226470947,0.012173352,-0.0059743836,False,13,-0.009358062408864498,-0.005982484668493271,-0.021523311734199524
3027,66,1,2,-5.822869777679443,0.0030276775,0.005928774,True,64,0.0032194615341722965,0.0032676029950380325,0.002852954901754856
3027,433,8,2,-3.3156511783599854,-0.005059905,0.0025366354,False,445,-0.00046936990111134946,0.0028908730018883944,0.004236297681927681
3027,462,9,2,-5.9742536544799805,-0.0023272706,0.0037370396,True,470,-0.006238565314561129,0.0040862844325602055,-0.004260539542883635
3027,632,12,2,-3.882371425628662,-0.00040947436,0.0001506567,False,633,-0.0025725793093442917,0.005357532296329737,-0.007369980216026306
3027,804,16,2,-4.082083225250244,0.0018408203,-0.001444006,False,849,-0.0017259407322853804,0.006060805171728134,-0.011071572080254555
3030,224,4,2,-5.9742536544799805,-0.0038658523,0.00059192657,True,235,-0.010236472822725773,0.012132015079259872,-0.017910707741975784
3030,896,17,2,-4.923539638519287,-0.0046249772,-0.003131199,False,883,-0.006270027253776789,-0.008477849885821342,0.003701600944623351
3035,212,4,2,-4.842886924743652,-0.0125844665,-0.00014695167,False,225,-0.0017247581854462624,0.003059005830436945,0.007653750944882631
3035,617,12,2,-3.4644651412963867,0.002633972,0.003881979,False,605,-0.007604498881846666,0.002557611558586359,-0.008914103731513023
3039,29,0,2,-5.9742536544799805,-0.007324724,0.0052214144,True,0,-0.0036554336547851562,-0.0002763938973657787,0.009167099371552467
3039,624,12,2,-5.382099151611328,0.0036676694,-0.0006263256,False,636,-0.0003458690771367401,-0.004799404181540012,0.00015954021364450455
3040,451,9,2,-5.81746768951416,0.0022168255,0.00685112,True,452,-0.0035831641871482134,-0.0007422828930430114,0.0017934134230017662
3040,784,15,2,-5.358988285064697,-0.0038768768,-0.0039752196,False,792,0.002671728143468499,-0.010551652871072292,0.013125037774443626
3044,729,14,2,-4.016805171966553,0.0031034946,-0.004702072,False,727,0.001189222326502204,-0.006481179967522621,-0.00013516424223780632
3044,877,17,2,-5.9742536544799805,-0.0026569462,0.0019048214,True,863,0.0,0.0006961345789022744,0.003865632927045226
3046,10,0,2,-5.9742536544799805,-0.0011197376,0.00065421103,True,23,-0.007475042250007391,0.008269271813333035,-0.013970364816486835
3046,101,2,2,-4.0920000076293945,0.0048485757,-0.00306324,False,119,-7.914542948128656e-05,0.0020171545911580324,-0.010008116252720356
3046,301,6,2,-5.660670280456543,-0.003039093,0.005400686,False,311,-5.435943535303522e-07,9.841918654274195e-05,0.00834081694483757
3046,879,17,2,-5.550967216491699,-0.0061904048,-0.008465729,False,851,0.0008806133409962058,-0.001183309592306614,-0.00021140091121196747
3052,781,15,2,-5.472506999969482,0.0040402603,-0.009003525,True,792,-0.006748046725988388,-0.009032974019646645,-0.010758858174085617
3052,860,17,2,-5.908290863037109,0.0013192558,-0.0004705715,True,863,-6.765365833416581e-05,0.00024258613120764494,-0.002100067213177681
3053,14,0,2,-5.556519508361816,0.006650591,-0.00033399582,True,28,-0.007816638797521591,-0.002707424107939005,-0.01209380105137825
3053,321,6,2,-5.8216962814331055,-0.0004481411,-0.0029120254,True,346,-0.0009038448333740234,-0.0023726748768240213,-0.0009950543753802776
3053,438,8,2,-5.026986598968506,-0.0013566875,-0.0007127762,False,432,-0.0009907627245411277,-0.0015187168028205633,0.001171865384094417
3053,692,13,2,-5.418141841888428,0.0034961128,-0.0038204957,False,654,-0.002654018346220255,-0.009790964424610138,-0.00017966236919164658
3054,52,1,2,-4.805219650268555,0.018001843,-0.0039544296,True,51,-0.002839899156242609,0.0028086567763239145,-0.027604829519987106
3054,208,4,2,-5.2559380531311035,0.013317241,-0.0032164955,True,249,0.0046630860306322575,0.0005744266672991216,-0.012445077300071716
3054,463,9,2,-5.3130269050598145,-0.00093802455,-0.0004712391,False,456,0.006897792685776949,-0.001495142001658678,0.008859720081090927
3054,499,9,2,-5.954563617706299,-0.0012521171,0.013512173,True,454,-0.003916425630450249,0.004930057562887669,0.00591780710965395
3055,486,9,2,-5.874775409698486,-0.0017156505,0.009411869,True,477,0.00021215439483057708,0.0028079224284738302,0.008531751111149788
3055,758,15,2,-5.4167256355285645,-0.0021958638,-0.008593512,False,777,0.008281107060611248,0.002803592709824443,-0.0009201336652040482
3056,18,0,2,-5.851251602172852,0.0021584416,0.0045814705,True,7,-0.006177244242280722,-0.0026765919756144285,-0.001077623339369893
3056,26,0,2,-5.092162609100342,0.016064607,0.0022853946,True,43,-0.000967750558629632,0.01279328390955925,-0.02754024602472782
3056,370,7,2,-4.651803970336914,-0.004291973,-0.0006665611,False,398,-0.0036984062753617764,0.0002541542053222656,-0.000327148474752903
3056,527,10,2,-4.113021373748779,-0.002478671,0.00073081016,False,541,-0.0002738857292570174,-0.0001523780811112374,0.003087973687797785
3056,572,11,2,-4.237857818603516,-0.0025822257,-0.007529011,False,597,-0.0008531570201739669,-0.0036555957049131393,-0.0021443464793264866
3056,699,13,2,-4.861124515533447,-0.0076552103,-0.004733486,False,688,-0.003817968303337693,-0.006902990397065878,0.006006746552884579
3057,60,1,2,-5.443144798278809,0.009218216,-0.007562561,False,99,0.004920892883092165,0.005838165059685707,-0.017698049545288086
3057,782,15,2,-3.4513134956359863,-0.002546773,0.0045732167,False,794,-0.0018682002555578947,0.0007966661360114813,0.00445512356236577
3058,76,1,2,-5.143687725067139,0.006863804,-0.015462599,False,98,0.008030671626329422,-0.00948925968259573,-0.00480647012591362
3058,210,4,2,-4.752596855163574,-0.0068609524,0.008775167,False,205,0.003952884580940008,-0.005675230175256729,0.025264235213398933
3060,12,0,2,-5.9353132247924805,-0.0061335564,0.00030882834,True,23,-0.004258546978235245,0.010890369303524494,-0.0087065314874053
3060,184,3,2,-4.776082992553711,0.0058713914,-0.0027165508,False,151,-0.00030781744862906635,0.0032610988710075617,-0.012156859040260315
3060,473,9,2,-5.7104926109313965,0.005103741,0.009187984,True,477,0.0009676361223682761,-0.0010792731773108244,0.006131152622401714
3060,854,17,2,-5.306434154510498,-0.0007398033,-0.004273529,False,864,-0.004991340450942516,-0.008104410022497177,-0.00042065628804266453
3061,690,13,2,-3.8952014446258545,0.008645348,-0.003323655,False,684,0.0022996091283857822,-0.006743521895259619,-0.002925872802734375
3061,830,16,2,-4.368995666503906,0.0034410572,0.0021927548,False,826,-0.001445665373466909,0.005055122543126345,-0.007749090436846018
3063,36,0,2,-5.939974308013916,0.00068558694,0.005807724,True,4,-0.0069718267768621445,0.003746299771592021,-0.005595989990979433
3063,586,11,2,-3.9888339042663574,0.0065149786,-0.0043120384,False,564,-0.005778155289590359,-0.0036956025287508965,-0.012909569777548313
3064,487,9,2,-5.482027053833008,0.0055277823,0.0033984662,True,468,0.0017011642921715975,0.003777465783059597,-0.004205617588013411
3064,612,12,2,-4.178366184234619,0.010309687,-0.005292139,False,610,-0.002758131129667163,0.005703191738575697,-0.024063147604465485
3064,825,16,2,-4.129939079284668,-0.0007497883,0.0022305488,False,849,-0.002483272459357977,0.006010289303958416,-0.00551322428509593
3064,892,17,2,-5.74601936340332,-0.009254809,-0.0028274823,False,898,-0.00477694533765316,-0.002823314629495144,0.004473695531487465
3068,655,13,2,-4.06984281539917,0.0020124912,-0.009818344,False,670,0.004185476340353489,-0.0028716563247144222,-0.004773702938109636
3068,795,15,2,-5.521539688110352,-0.0076080416,0.0004756069,False,777,0.006223173346370459,-0.0007567977881990373,0.015063620172441006
3070,234,4,2,-5.355165958404541,0.009645806,-0.010339661,True,219,-0.0026833247393369675,0.004377203062176704,-0.027045994997024536
3070,257,5,2,-3.5675015449523926,-0.0013930225,-0.0028845835,False,273,0.00031747340108267963,0.000635819451417774,-0.0018099071457982063
3072,471,9,2,-4.532242298126221,0.0042691994,-0.0059800055,False,464,0.009175500832498074,-0.004847230855375528,0.003773527219891548
3072,762,15,2,-5.0764055252075195,0.008933077,0.0016850758,False,759,0.0017470740713179111,-0.0039987280033528805,-0.0015021986328065395
3072,787,15,2,-5.281715393066406,0.009066563,-0.010571756,False,777,0.009940309450030327,-0.005719633307307959,-0.003978375345468521
3072,937,18,2,-3.9243521690368652,-0.0017120265,-0.0014380789,False,910,0.0005960893467999995,-0.0021317291539162397,0.0030017660465091467
3075,843,16,2,-5.357029438018799,0.011223593,0.00070118904,True,837,-0.008731909096240997,-0.003863048506900668,-0.015391264110803604
3075,858,17,2,-5.848330974578857,-0.00057053566,0.002110262,False,897,-0.0009977912995964289,0.005308456253260374,-0.0036254501901566982
3076,68,1,2,-5.641556739807129,-0.0023779965,-0.0051116277,False,64,0.006111965049058199,0.006859483662992716,-0.0034811499062925577
3076,206,4,2,-3.3421032428741455,0.006401906,-0.0006852961,False,226,0.0070825195871293545,0.003914127126336098,-0.003918809350579977
3078,469,9,2,-4.818969249725342,1.0948181e-05,-0.0035788154,False,457,0.009130887687206268,-0.008804302662611008,0.014345427043735981
3078,628,12,2,-3.6330456733703613,0.0022645188,-0.0033488702,False,633,0.005323209799826145,0.0059386445209383965,-0.006228823680430651
3080,176,3,2,-3.554006576538086,0.006452656,-0.0005213213,False,167,-0.0025994968600571156,-0.00632506376132369,-0.0032484102994203568
3080,677,13,2,-3.165031909942627,-0.010048995,-0.000253973,False,676,-0.0007408952806144953,-0.00313116074539721,0.012185287661850452
3085,659,13,2,-1.199393391609192,0.005912075,0.0043768976,False,-1,,,
3085,757,15,2,-2.940244197845459,0.0007888842,0.0029154397,False,780,0.009331884793937206,-0.01144570391625166,0.02290414460003376
3088,112,2,2,-5.553956031799316,-0.0071440698,0.005313339,False,109,0.00145130162127316,0.003443384077399969,0.010465326718986034
3088,133,2,2,-4.507452011108398,0.0042989636,0.0009908581,False,122,-0.000227270124014467,-0.0001513957977294922,-0.0033839798998087645
3088,182,3,2,-5.261022090911865,0.0034566403,0.006298199,False,179,0.0021304225083440542,-0.002048931084573269,0.007020912133157253
3088,669,13,2,-5.501389980316162,-0.0073660756,0.0033800888,False,673,-0.0008318042964674532,0.002067737514153123,0.007846622727811337
3089,73,1,2,-5.146104335784912,0.010115747,-0.014334936,False,62,0.005679330788552761,-0.010873661376535892,-0.007897689938545227
3089,484,9,2,-4.590467929840088,0.025591487,-0.0063389493,False,464,0.011935996823012829,-0.0013718032278120518,-0.018622634932398796
3090,0,0,2,-5.910484313964844,-0.0019623374,0.004675522,True,7,-0.0013306045439094305,-0.0011522197164595127,0.006459474563598633
3090,340,6,2,-5.430994987487793,0.0034542943,-0.005553379,False,330,0.0030267047695815563,-0.0013177585788071156,-0.004663210362195969
3090,635,12,2,-4.607761383056641,0.011668196,-0.000418911,False,604,0.004272575490176678,-0.003300237702205777,-0.004514293745160103
3090,657,13,2,-5.039834499359131,-0.0016247749,-0.00208395,False,679,0.0012301158858463168,0.002819376066327095,-0.002048435155302286
3090,697,13,2,-5.8291096687316895,-0.0009539414,0.0009307957,True,680,-0.00020563125144690275,-0.001539535471238196,0.003218641271814704
3090,747,14,2,-4.049343585968018,-0.00040857316,0.002297406,False,719,0.0007498741033487022,-0.0009806728921830654,0.004436526447534561
3090,773,15,2,-5.9680376052856445,-0.0073071383,0.0013202286,True,799,-0.00011601448204601184,0.0025153541937470436,0.005995998624712229
3090,926,18,2,-4.820376396179199,-0.0046051787,-0.00547699,False,912,-0.0014523315476253629,-0.003385572461411357,0.0010614298516884446
3091,45,0,2,-5.026764869689941,0.0037725163,-0.00376894,False,43,0.005428800359368324,0.013469190336763859,-0.015581846237182617
3091,984,19,2,-5.427666187286377,-0.008607702,-0.0045083524,False,960,0.0018175315344706178,-0.0013023853534832597,0.007219267077744007
3096,467,9,2,-2.1903350353240967,0.0146080395,-0.014278612,False,-1,,,
3096,775,15,2,-2.2389111518859863,-0.006525388,0.0023042774,False,-1,,,
3098,460,9,2,-5.080394744873047,0.017657204,-0.0003483391,False,458,0.006493339315056801,0.0019705486483871937,-0.013482751324772835
3098,646,12,2,-3.9135730266571045,-0.0041598175,0.0011694384,False,641,0.006262230686843395,-0.000726184865925461,0.012317671440541744
3100,201,4,2,-5.9742536544799805,0.0,0.0,True,216,-0.0022641466930508614,-0.0020400809589773417,-0.0002240657340735197
3100,361,7,2,-3.0009491443634033,0.0025658417,-0.0012952185,False,372,-0.0010617923690006137,0.0036597109865397215,-0.008582563139498234
3100,603,12,2,-5.472535133361816,0.0054280474,0.0028356076,False,640,-0.002995996503159404,0.0011801146902143955,-0.0067685507237911224
3100,716,14,2,-5.342045307159424,-0.0051030256,0.00020407677,False,744,-0.0010620021494105458,-0.006906690541654825,0.011151790618896484
3103,242,4,2,-5.128213405609131,0.009161902,-0.00045754432,False,249,0.00102093699388206,-0.00638925563544035,-0.002209252677857876
3103,616,12,2,-3.88057804107666,0.0022251129,0.00036153794,False,641,0.004161200486123562,-0.00020332336134742945,0.0025009489618241787
3107,194,3,2,-4.313994407653809,-0.0036083984,0.0016302681,False,186,-0.0004124545957893133,-0.0009094619890674949,0.005735673476010561
3107,264,5,2,-4.971333980560303,0.0007974625,-0.0029179954,False,278,-0.002521829679608345,-0.0001929473946802318,-0.006044340319931507
3107,313,6,2,-1.7928775548934937,0.019423679,-0.0029551815,False,-1,,,
3107,321,6,2,-5.954668998718262,-0.0022587394,0.004180889,True,329,-0.0041088201105594635,0.000277881626971066,0.0020529269240796566
3107,485,9,2,-4.579244136810303,0.0033566952,0.010604658,False,459,0.0009877681732177734,0.008716011419892311,-0.0004802802577614784
3107,755,15,2,-4.512165069580078,0.0064654825,0.0010046863,False,770,0.0069602299481630325,0.006398229394108057,-0.0048987953923642635
3108,61,1,2,-5.854824542999268,-0.008304978,0.0014490604,True,74,-0.0021890734788030386,0.0037689972668886185,0.003795967437326908
3108,228,4,2,-3.443732976913452,0.0056137657,0.0018133259,False,237,-0.00016153811884578317,0.003983058966696262,-0.007945036515593529
3108,341,6,2,-5.511448383331299,-0.0051952363,-0.00302783,False,330,0.001335630426183343,-0.0034245490096509457,0.006927586160600185
3108,410,8,2,-3.8814523220062256,0.009689432,0.0019275617,False,421,-0.000305576337268576,-0.0005961608840152621,-0.007471285294741392
3110,537,10,2,-3.5682852268218994,0.00055176736,-0.0031700803,False,503,-0.003244686173275113,-0.0007163906120695174,-0.006250143051147461
3110,786,15,2,-5.305999755859375,0.012663231,-0.0028678607,False,759,-0.006489925552159548,-0.007339582312852144,-0.014681435190141201
3113,521,10,2,-5.1112189292907715,0.0004656601,-0.0014071751,False,511,-0.00140746112447232,-0.002338399877771735,-0.0009418964618816972
3113,683,13,2,-5.450506687164307,-0.014493303,0.0037755107,False,675,-0.0033748436253517866,-0.00241399765945971,0.01730796881020069
3116,309,6,2,-5.38442850112915,-0.0005907249,-0.002643032,False,307,-0.0006348800379782915,-0.005624027457088232,0.002936840057373047
3116,352,7,2,-3.692962169647217,-0.0014247751,-0.001302619,False,353,0.0009195471066050231,-0.003149962518364191,0.004191665444523096
3116,496,9,2,-5.9742536544799805,-0.0023767184,0.0044496725,True,454,-0.00042641640175133944,0.010494060814380646,-0.004094086121767759
3116,806,16,2,-5.9742536544799805,-0.0031049347,0.0030441189,True,822,-0.004382715094834566,0.001965045928955078,-0.0001987074501812458
3118,205,4,2,-5.733819484710693,-0.017831601,-0.0048086834,False,245,-0.0032339859753847122,-0.0029300497844815254,0.012718982063233852
3118,804,16,2,-4.587680816650391,-0.00781168,0.0001708603,False,839,-0.0011386108817532659,0.00705485325306654,-0.00021092407405376434
3118,807,16,2,-2.62919020652771,-0.00021192073,0.0033074284,False,821,-0.0015503454487770796,-0.0032158661633729935,0.005184870213270187
3118,879,17,2,-5.847017288208008,0.0016636753,-0.0019279671,True,863,0.000987682375125587,-0.00014249801461119205,-0.002461461815983057
3123,95,1,2,-5.908764839172363,-0.0014967441,-0.00087679864,True,81,-0.003315773094072938,-0.0018400001572445035,-0.0008558274712413549
3123,231,4,2,-4.533777236938477,-0.0037704944,0.0065374468,False,236,-0.00194829935207963,0.0004986095591448247,0.007861033082008362
3123,684,13,2,-4.621231555938721,-0.013593402,-0.0018639851,False,671,-0.0010481547797098756,0.0023919011000543833,0.00828936044126749
3123,907,18,2,-5.217160224914551,0.003170805,0.002762518,False,924,0.003936948720365763,-0.00014310836559161544,0.0036717699840664864
3125,417,8,2,-3.5184311866760254,0.00013496875,0.0037687016,False,416,0.0026103972923010588,-0.0007809496019035578,0.0070250798016786575
3125,583,11,2,-4.429372787475586,0.012657213,-0.0043565654,False,555,-0.000859651539940387,-0.0019896316807717085,-0.015883799642324448
3125,850,17,2,-5.9742536544799805,-0.00064720155,0.0017774868,True,890,6.719589146086946e-05,0.0036453341599553823,-0.0011534499935805798
3125,873,17,2,-5.853315830230713,-0.009208107,-0.0011379623,False,885,0.0024807166773825884,-0.0008508205646649003,0.011401682160794735
3128,478,9,2,-5.867480754852295,-0.0043411064,0.0014236831,False,455,-0.007405910640954971,0.005971078760921955,-0.007612199988216162
3128,489,9,2,-5.363463878631592,-0.0040869904,0.00045541764,False,466,-0.012430096045136452,-0.012288741767406464,0.0044010537676513195
3128,750,15,2,-5.946588039398193,-0.0035972118,0.0010250473,True,792,-0.007593727204948664,0.006215839181095362,-0.009187307208776474
3128,790,15,2,-5.79975700378418,-0.0021225738,0.0052369307,False,776,-0.0018453407101333141,0.004366102162748575,0.001148061826825142
3133,79,1,2,-5.768324851989746,-0.002892828,0.0029564095,True,59,-0.008912868797779083,-0.0005557727999985218,-0.0025078589096665382
3133,490,9,2,-5.720546722412109,-0.011529655,-0.0046732426,False,480,-0.0039024639409035444,-0.0032233905512839556,0.0061773392371833324
3133,605,12,2,-3.5491549968719482,-0.0034601165,0.008137336,False,649,-0.003276724833995104,-0.0009257554775103927,0.009246483445167542
3133,948,18,2,-2.7626616954803467,0.00060649397,-0.0019638252,False,942,0.00789465382695198,0.00024509429931640625,0.005079240538179874
3134,241,4,2,-5.016458034515381,0.01364831,0.0056002904,False,235,0.00832725502550602,0.0002304744702996686,4.876125603914261e-05
3134,336,6,2,-3.112928628921509,-0.0015360356,-0.0013856268,False,-1,,,
3136,57,1,2,-5.8817877769470215,0.0016345311,0.006248312,True,98,-0.006321067921817303,0.0075327493250370026,-0.009240036830306053
3136,223,4,2,-4.241410255432129,0.0062725637,0.00089918135,False,227,0.0021423338912427425,-0.008281602524220943,0.005050553474575281
3138,445,8,2,-3.3783578872680664,-0.005644498,0.0013432216,False,403,-0.0019503117073327303,1.1172294762218371e-05,0.005026235710829496
3138,520,10,2,-4.789241313934326,-0.0014097786,-5.0258636e-06,False,544,-0.0028712176717817783,0.0022214697673916817,-0.0036879347171634436
3138,783,15,2,-3.5365781784057617,0.0089624785,0.004734683,False,791,0.011567644774913788,0.0011379766510799527,0.006201872602105141
3138,899,17,2,-5.943321704864502,-0.003998308,0.0055295276,True,886,-0.0015054893447086215,0.0031278992537409067,0.004894447512924671
3140,4,0,2,-5.348828315734863,0.01023385,-0.0011250877,False,23,0.005991630721837282,0.011918621137738228,-0.01728592813014984
3140,146,2,2,-5.863785743713379,-0.0014332867,0.0056697847,False,130,0.00030379294184967875,0.0015861701685935259,0.005820694379508495
3142,28,0,2,-5.971266269683838,-0.00020005227,0.0038142109,True,7,-0.00029751777765341103,0.0014500808902084827,0.0022666642908006907
3142,512,10,2,-4.538668155670166,-0.00232831,-0.00083119393,False,542,0.0016139507060870528,-0.0002052879281109199,0.0033163544721901417
3142,639,12,2,-5.908556938171387,0.00066672324,-0.0013139343,True,619,-0.004962673410773277,-0.0003701114619616419,-0.006573219783604145
3142,811,16,2,-3.5234525203704834,0.0012095832,0.003037429,False,846,0.0039940690621733665,-0.005914139561355114,0.011736053973436356
3143,492,9,2,-5.8762030601501465,0.001961012,0.0059590247,True,454,-0.0008996200631372631,-0.000788192730396986,0.003886585356667638
3143,600,12,2,-1.6965872049331665,0.0036828876,0.0018986725,False,-1,,,
3143,678,13,2,-4.857635498046875,-0.0017959976,0.0005966568,False,698,-0.00878498051315546,-0.0031767464242875576,-0.003215579781681299
3143,764,15,2,-3.4646637439727783,-0.014496379,0.005638256,False,791,0.011477670632302761,0.0030825280118733644,0.028529778122901917
3143,771,15,2,-4.712205410003662,0.014335804,-0.007101545,False,793,-0.0036720847710967064,0.004735650960355997,-0.029845084995031357
3143,827,16,2,-3.389326572418213,-0.004042449,0.0021282006,False,836,-0.00492284307256341,-0.0031537532340735197,0.004401559941470623
3146,30,0,2,-4.218821048736572,0.008664417,-0.00010568619,False,13,0.0006422996520996094,0.001956291263923049,-0.010084095411002636
3146,477,9,2,-5.508672714233398,0.0077135563,-0.0035945987,True,457,-0.007860584184527397,-0.006399707868695259,-0.012769031338393688
3146,690,13,2,-3.4019033908843994,0.018177094,-0.0020094346,False,676,-0.0016234874492511153,-0.0018227625405415893,-0.019987253472208977
3146,726,14,2,-4.057929515838623,0.0006195831,-4.570007e-05,False,706,-0.002065591746941209,-0.0003854942333418876,-0.002345380838960409
3150,499,9,2,-5.9742536544799805,-0.012862167,0.002552433,True,481,-0.005017642863094807,0.0006818771362304688,0.009715080261230469
3150,657,13,2,-5.132632255554199,-0.0041074753,-0.0028331948,False,666,0.0009884071769192815,0.0022129821591079235,4.970550071448088e-05
3151,522,10,2,-3.458993673324585,-0.0044584656,0.0009475994,False,534,0.0027480698190629482,-0.0027614878490567207,0.010915622115135193
3151,896,17,2,-4.427331447601318,0.0107441805,-0.003194065,False,876,0.0027538014110177755,-0.0008782863733358681,-0.010306157171726227
3154,32,0,2,-4.5425286293029785,-0.007923508,-0.006064739,False,38,-4.224777057970641e-06,-0.008346213959157467,0.010200758464634418
3154,877,17,2,-5.7790374755859375,0.0002882099,0.005297489,True,889,-5.951881394139491e-05,0.016693467274308205,-0.011743707582354546
3155,89,1,2,-5.9596076011657715,-0.01076026,-0.00029292106,True,66,-0.0010453701252117753,0.005675792694091797,0.0037461756728589535
3155,129,2,2,-4.676340103149414,-0.0075384714,-0.0029156972,False,123,0.0002570247743278742,-0.005326109007000923,0.010205907747149467
3155,197,3,2,-3.484470844268799,-0.0010773182,-0.0026627637,False,187,-0.0009637307957746089,0.0030368852894753218,-0.005586061626672745
3155,220,4,2,-5.011323928833008,0.0010103417,-0.0047797873,False,235,0.006505441851913929,-0.0044774627313017845,0.005192775744944811
3155,463,9,2,-5.910562038421631,-0.011399765,-0.00040816306,False,465,-0.003369770012795925,-0.0013120841467753053,0.008933914825320244
3155,469,9,2,-4.635885715484619,-0.00444191,-0.0048144055,False,464,-0.00424721697345376,-0.011959152296185493,0.007339439820498228
3155,603,12,2,-5.2948126792907715,0.0017782593,0.0047214315,False,624,0.0024020099081099033,-0.000700721750035882,0.0060459040105342865
3155,779,15,2,-4.617386341094971,-0.0076347925,-0.0049112034,False,761,-0.004661178681999445,0.010784816928207874,-0.012722406536340714
3159,339,6,2,-3.8882484436035156,0.0009184265,-0.007240696,False,300,-0.004406976513564587,-0.000970168097410351,-0.01159593090415001
3159,824,16,2,-3.7268331050872803,0.009313703,-0.0075608017,False,849,0.00036979198921471834,-0.00044589041499421,-0.016058821231126785
3161,769,15,2,-4.346883296966553,0.008462152,0.0028191663,False,754,-9.043693717103451e-05,-0.0013003922067582607,-0.004433030728250742
3161,809,16,2,-2.8197970390319824,-0.0021788883,0.007858205,False,821,-0.0028474617283791304,-0.0015020036371424794,0.008691634051501751
3162,192,3,2,-3.0363199710845947,-0.005035496,-0.00097237586,False,154,-0.0014397287741303444,-0.00023421287187375128,0.0028576040640473366
3162,451,9,2,-5.258121490478516,0.0012998772,0.007697849,False,486,-0.0030257224570959806,-0.008848561905324459,0.01222081109881401
3164,413,8,2,-3.481595754623413,-0.00042087078,-0.0024777509,False,404,0.0032851791474968195,-0.003745327005162835,0.004973625764250755
3164,568,11,2,-3.9367330074310303,-0.0071720458,-0.0032388545,False,551,0.003350324695929885,-0.0038786984514445066,0.01116221398115158
3164,763,15,2,-5.777988910675049,0.003313837,-0.002773285,True,792,0.0041677094995975494,0.006015520077198744,-0.007934932596981525
3164,881,17,2,-5.747161865234375,0.0039484976,0.0020792198,True,898,0.002498626708984375,-0.004292793106287718,0.004922142252326012
3165,453,9,2,-5.892406940460205,-0.0068515586,-0.0015031052,False,470,-0.0009296321659348905,0.0004762554308399558,0.003942565992474556
3165,733,14,2,-3.8403220176696777,0.0060213567,0.0007753611,False,736,-0.00485150795429945,-0.005441579967737198,-0.004655923694372177
3165,796,15,2,-5.247530460357666,-0.003991766,0.0035840606,False,788,0.003862133016809821,0.00724575063213706,0.004192208871245384
3165,921,18,2,-3.3424718379974365,-0.0025605678,0.0010719443,False,901,0.0034534644801169634,0.0022903489880263805,0.004795627668499947
3166,54,1,2,-5.256256580352783,0.011777801,-0.004395609,True,51,-0.010557946749031544,-0.0007113551837392151,-0.026020001620054245
3166,786,15,2,-4.680100917816162,0.01331747,-0.0031225586,False,761,-0.007459583226591349,0.011290092021226883,-0.03518970310688019
3168,85,1,2,-5.76910924911499,-3.0059815e-05,-0.00011153221,False,74,0.0010645962320268154,-0.0021134568378329277,0.0030965807382017374
3168,229,4,2,-3.769953727722168,-0.010958147,0.005479002,False,246,0.0026949597522616386,-0.0041902638040483,0.023322371765971184
3168,656,13,2,-2.3582346439361572,0.00562572,-0.005727086,False,-1,,,
3168,794,15,2,-3.7987780570983887,-0.008215886,0.0007076502,False,797,0.012570113874971867,0.00295973289757967,0.018533917143940926
3169,0,0,2,-5.2787065505981445,0.006924257,0.0008352566,False,49,0.0037398720160126686,-0.007695408072322607,0.005346279125660658
3169,82,1,2,-5.7176947593688965,0.00504508,0.014167614,True,65,0.00047990799066610634,-0.004122686572372913,0.013725128024816513
3169,211,4,2,-5.349325180053711,-0.008550797,-0.009624958,False,230,-0.002412118948996067,0.004307947121560574,-0.007794227451086044
3169,683,13,2,-5.356264591217041,0.0013339615,0.004471989,False,651,0.0013476944295689464,0.005665483418852091,-0.0011797614861279726
3169,695,13,2,-3.5716605186462402,0.010004291,9.061813e-05,False,658,0.004218173213303089,-0.008267469704151154,0.0025719692930579185
3169,765,15,2,-3.7513275146484375,0.0053562927,-0.0013379478,False,797,0.01212095282971859,0.007621950935572386,-0.0021952386014163494
3170,245,4,2,-5.954716205596924,-0.0035960674,0.00074691774,True,247,-0.0019309616181999445,0.006013193167746067,-0.0036011692136526108
3170,584,11,2,-3.4215245246887207,0.0020538615,-0.0020401096,False,593,-0.0007155609200708568,0.004786162171512842,-0.00959569402039051
3172,333,6,2,-5.9709296226501465,-0.0019976425,0.002562313,True,332,-0.004034061450511217,-9.841918654274195e-06,0.0005357358604669571
3172,598,11,2,-5.03125,0.0039090444,0.0035418319,False,581,-0.0018304825061932206,-0.004742603283375502,0.002544908318668604
3172,863,17,2,-5.9458112716674805,-0.00084314344,-0.00056884764,True,885,-0.0019033527933061123,0.014633712358772755,-0.01626276969909668
3172,996,19,2,-5.000040531158447,-0.0017636204,0.0011136532,False,990,-0.0005947875906713307,-0.002445230493322015,0.0047277165576815605
3173,854,17,2,-5.173316955566406,0.005572138,-0.0025849629,False,856,-0.0019558239728212357,0.00022530555725097656,-0.010338230058550835
3173,941,18,2,-3.505199909210205,6.966591e-05,-0.0015166092,False,901,-0.00017680168093647808,0.002182130701839924,-0.0039452072232961655
3175,22,0,2,-4.373576641082764,-0.008471833,-0.00024752616,False,37,0.00964275375008583,0.004368343390524387,0.013498716987669468
3175,385,7,2,-3.231201171875,0.0022270347,-0.00012389183,False,388,-0.0007627630257047713,0.0004092645540367812,-0.003522953949868679
3178,20,0,2,-5.2970499992370605,-0.00639369,0.0026383877,False,5,0.0013303565792739391,-0.0034070396795868874,0.013769473880529404
3178,609,12,2,-4.522453308105469,-0.001099081,0.0078783035,False,620,0.0005680179456248879,-0.006549501325935125,0.016094904392957687
3180,10,0,2,-5.339195728302002,0.008967467,0.0006778717,False,24,0.009467230178415775,0.010695943608880043,-0.009518308565020561
3180,663,13,2,-5.512685298919678,0.0031956576,-0.0016487503,False,682,0.0020858764182776213,-0.0026266479399055243,-0.0001318836584687233
3181,52,1,2,-4.886147975921631,-0.0068529127,-0.00018260955,False,63,-0.01401753444224596,-0.006367807276546955,-0.000979423988610506
3181,221,4,2,-3.3176562786102295,-0.00571898,0.0074034547,False,226,-0.0002629947557579726,0.004741515964269638,0.008117923513054848
3182,6,0,2,-4.140316486358643,-0.0074153566,0.0037110138,False,34,-0.002133493311703205,0.0074671790935099125,0.00152569729834795
3182,645,12,2,-5.375524044036865,-0.0074013043,-0.005355711,False,631,-0.0018999003805220127,-0.0023153305519372225,0.002461023395881057
3182,688,13,2,-5.1591620445251465,0.0035052204,0.0037969397,False,699,0.004939394071698189,-0.004840879235416651,0.010071991942822933
3182,776,15,2,-5.684821128845215,0.0033407689,-0.0057886504,True,792,0.002437639283016324,0.007984781637787819,-0.014676561579108238
3184,233,4,2,-4.70539665222168,0.0014181423,-0.003152027,False,222,-0.003776063909754157,0.010265741497278214,-0.018611975014209747
3184,780,15,2,-2.955228805541992,0.00800476,0.009531946,False,-1,,,
3186,14,0,2,-5.169829368591309,0.0075454046,-0.006959553,False,48,-0.005087222903966904,0.003839206648990512,-0.023431386798620224
3186,494,9,2,-5.901750564575195,-0.0010917664,0.00013584137,True,456,-0.006348609924316406,0.004843368660658598,-0.009964371100068092
3187,347,6,2,-5.255077838897705,0.0007389355,0.0013335228,False,316,-0.0033983897883445024,-0.00724855437874794,0.004444751888513565
3187,618,12,2,-5.123086452484131,0.0073928167,0.001561346,False,644,-0.003534517250955105,-0.0005193424294702709,-0.0088466452434659
3188,616,12,2,-3.34965443611145,0.009287472,0.012886304,False,633,3.6273002478992566e-05,0.005382380448281765,-0.0017472747713327408
3188,790,15,2,-5.5297112464904785,-0.0038785744,-0.00045365334,False,758,0.003137254621833563,-0.0021458531264215708,0.008708029054105282
3189,799,15,2,-5.9742536544799805,-0.004174986,0.009716034,True,795,-0.007581138517707586,0.0038799953181296587,0.0024298857897520065
3189,871,17,2,-4.994319438934326,0.0033935166,0.0008871842,False,891,0.005010795779526234,0.007357740309089422,-0.004853277001529932
3192,155,3,2,-4.131455898284912,-0.010115122,-0.0044744206,False,150,0.004226217046380043,-0.0017643070314079523,0.011631226167082787
3192,421,8,2,-3.9278130531311035,-7.621765e-05,-0.0014082956,False,412,0.002150573767721653,-0.004421796649694443,0.00524029228836298
3192,596,11,2,-5.9742536544799805,-0.008321056,0.0040732096,True,579,-0.004279136657714844,-3.509521411615424e-05,0.008150224573910236
3192,738,14,2,-3.2722716331481934,0.0034455776,-0.00086750987,False,748,0.0026517438236624002,-0.0016355800908058882,-2.576364204287529e-05
3194,21,0,2,-4.111045837402344,-0.008219247,0.0005297184,False,37,0.0066451262682676315,0.004317512735724449,0.011076578870415688
3194,943,18,2,-4.934002876281738,0.008445625,-0.0005981636,False,915,-0.001674013095907867,0.01016531977802515,-0.020883120596408844
3201,12,0,2,-5.782162189483643,0.0012915992,0.013186083,True,1,-0.0001259899145225063,0.0020018387585878372,0.009766655042767525
3201,515,10,2,-4.473611354827881,0.0026306438,0.0016778373,False,542,0.0005618381546810269,-0.0008380699437111616,0.00044710165821015835
3207,553,11,2,-4.742705345153809,-0.0016646385,-0.0036544132,False,597,-0.0025200366508215666,-0.004147682338953018,-0.00036212895065546036
3207,692,13,2,-5.9742536544799805,-0.0015994072,0.00012599945,True,697,0.0005864620325155556,-0.0012648010160773993,0.0035766696091741323
3209,13,0,2,-4.3657965660095215,-0.00544858,-0.0054454138,False,41,0.0020013905595988035,-0.00018253325833939016,0.0021870897617191076
3209,125,2,2,-2.137077808380127,0.010477142,0.0017362308,False,-1,,,
3209,495,9,2,-5.9505391120910645,-0.01401679,0.004617281,True,460,-0.01600755751132965,0.003566417610272765,-0.0009399037808179855
3209,638,12,2,-5.610882759094238,0.00080376625,-0.007267418,False,611,-0.011254873126745224,0.004087028559297323,-0.02341308631002903
3211,643,12,2,-2.039017677307129,0.0091815945,0.0025702,False,-1,,,
3211,787,15,2,-5.956808567047119,-0.0023812866,0.0080203535,True,795,-0.0013765048934146762,-0.00010986327833961695,0.009134998545050621
3211,791,15,2,-3.3897595405578613,0.000622673,-0.0028645324,False,797,0.004363050684332848,0.01054519135504961,-0.009669345803558826
3211,886,17,2,-5.807939529418945,0.002297182,0.0019004918,True,858,0.0012249946594238281,-0.002346029272302985,0.0031743336003273726
3212,614,12,2,-5.875644683837891,-0.0059440043,0.0003311634,True,602,-0.001069726888090372,-0.0005565357278101146,0.005761976353824139
3212,843,16,2,-5.403868675231934,-0.0033429337,0.008098784,False,828,-0.0021829414181411266,-0.0015148449456319213,0.010773621499538422
3213,35,0,2,-4.180751323699951,-0.010358453,-0.0037738609,False,40,0.0017977142706513405,0.0013978672213852406,0.006984439212828875
3213,575,11,2,-2.29034161567688,0.0043532895,-0.004939618,False,560,0.0013333988608792424,0.0022631215397268534,-0.010222630575299263
3217,572,11,2,-5.2199482917785645,-0.012754622,0.005160351,False,581,-0.0028553390875458717,-0.0011887168511748314,0.016248350962996483
3217,681,13,2,-5.343997955322266,0.0069091413,0.00843955,False,679,-0.008696927689015865,-0.0007539748912677169,-0.006412544287741184
3219,132,2,2,-5.138846397399902,-0.0071514226,0.00154212,False,138,-0.0023691654205322266,-0.0011800384381785989,0.0075044152326881886
3219,355,7,2,-3.850426197052002,-0.0051917555,-0.0019406319,False,357,0.007398910354822874,-0.002487774007022381,0.013137808069586754
3219,490,9,2,-5.551867961883545,0.008214712,-0.0017973995,True,468,-0.002570848446339369,0.0048509882763028145,-0.017433948814868927
3219,680,13,2,-5.757269859313965,0.0035580634,0.0025396347,True,694,-0.0015522480243816972,0.006522274110466242,-0.009092951193451881
3220,29,0,2,-5.445027828216553,-0.011440439,-0.0017323303,False,5,-0.0027426339220255613,-0.010096178390085697,0.01706165261566639
3220,386,7,2,-4.288258075714111,0.001476059,0.0022203254,False,387,-0.005298900417983532,0.006840219721198082,-0.011394853703677654
3220,595,11,2,-5.207147121429443,-0.003361473,0.002909441,False,581,-0.0037964058574289083,-0.00025585174444131553,0.0027303602546453476
3220,629,12,2,-5.191540241241455,0.0075629423,0.0028863908,False,627,-0.007617530878633261,0.0018550109816715121,-0.014149093069136143
3221,26,0,2,-5.691036701202393,-0.017380513,-0.0056643393,False,49,-0.007282047066837549,-0.0029786492232233286,0.007412776350975037
3221,477,9,2,-5.870739936828613,-0.005556879,-0.0012960625,True,454,-0.004788007587194443,-0.0006816196255385876,0.0001544286496937275
3221,499,9,2,-5.841373920440674,-0.0011968708,-0.001141634,True,491,-0.004194240551441908,-0.0017730712424963713,-0.002365932334214449
3221,877,17,2,-5.50229549407959,0.003688488,-0.0008473873,False,883,-0.0011470795143395662,-0.00022355080000124872,-0.005459404084831476
3223,169,3,2,-5.9365692138671875,-0.013714447,0.0033575534,False,171,-0.0017320060869678855,0.00011118888505734503,0.01522880420088768
3223,253,5,2,-3.9136135578155518,0.010147434,0.00061891554,False,255,0.00043197153718210757,-0.0006004190654493868,-0.008496127091348171
3223,566,11,2,-5.7291693687438965,-0.007445221,0.0046827984,False,591,0.001959409797564149,0.00030744553077965975,0.01377998385578394
3223,568,11,2,-4.154661178588867,-0.0049606706,-0.008465128,False,586,-0.0006364440778270364,0.006192445755004883,-0.010333347134292126
3224,2,0,2,-5.6403679847717285,0.001956005,-0.0065803244,False,1,0.0028619575314223766,-0.001593532506376505,-0.004080839455127716
3224,327,6,2,-5.49940299987793,-0.0125096515,0.00089776993,False,349,0.00046562193892896175,-0.003843154991045594,0.017716199159622192
3225,131,2,2,-2.2126903533935547,0.0011214876,-0.0012363862,False,-1,,,
3225,235,4,2,-5.051815986633301,-0.0019902324,0.0032480813,False,212,-0.004157962743192911,-0.0066289519891142845,0.007709302939474583
3228,231,4,2,-3.87705135345459,0.005040207,0.0038276052,False,246,-0.004002995323389769,-0.005291161593049765,7.556448690593243e-05
3228,471,9,2,-4.4012298583984375,0.0045415973,0.003273487,False,485,-0.0014259624294936657,0.0026375483721494675,-0.005331621039658785
3229,636,12,2,-5.86214017868042,0.0022422695,-0.0010427762,True,648,-0.00481819175183773,0.002190065337345004,-0.010293303057551384
3229,818,16,2,-5.9742536544799805,-0.008637095,0.0027194596,True,805,-0.002634677803143859,0.005344591103494167,0.003377285785973072
3230,481,9,2,-5.715713024139404,0.0050266073,-0.0034780216,True,496,-0.0011415290646255016,-0.0016586207784712315,-0.007987537421286106
3230,615,12,2,-4.427148342132568,-0.0031339263,-0.003010149,False,635,-1.3446808225126006e-05,0.00371209136210382,-0.003601761069148779
3235,96,1,2,-5.265233039855957,-7.225037e-05,-0.0141804125,False,99,-0.011966886930167675,-0.010758991353213787,-0.015316057950258255
3235,772,15,2,-4.9280476570129395,-0.015901422,0.0057502366,False,798,-0.004456815775483847,-0.004252891521900892,0.021447734907269478
3236,463,9,2,-5.603516101837158,0.007414751,-0.00050559995,True,482,0.0065573216415941715,0.007777919992804527,-0.009140949696302414
3236,647,12,2,-5.2386040687561035,-0.0055490015,0.001848545,False,644,-0.00032148361788131297,-0.0031704807188361883,0.01024654321372509
3236,657,13,2,-5.116856098175049,0.0045923614,0.0010909176,False,652,0.0010727024637162685,-0.001664876937866211,-0.0007638642564415932
3236,951,19,2,-2.710172653198242,-0.0033009958,0.0012476444,False,-1,,,
3237,242,4,2,-4.3300652503967285,0.016804447,0.0053588296,False,207,0.008229561150074005,-0.012753153219819069,0.009537097066640854
3237,559,11,2,-3.2710208892822266,0.0041766833,0.0024317217,False,571,-0.0008345174719579518,-0.0036205006763339043,0.0010410216636955738
3237,641,12,2,-4.522258281707764,-0.008720951,-0.0014716912,False,635,0.0002731514105107635,0.003322868375107646,0.004199543036520481
3237,712,14,2,-4.130809783935547,-0.00021828651,-0.0008846378,False,729,0.0003496551653370261,0.00039225578075274825,-0.0007089519058354199
3237,763,15,2,-5.525852203369141,0.0073216916,-0.0027620888,True,784,-0.006612339057028294,-0.002644338645040989,-0.01405178103595972
3237,974,19,2,-3.4000425338745117,-0.0031727552,0.00014765262,False,952,-0.0005490159965120256,0.00015637875185348094,0.0026150131598114967
3238,211,4,2,-5.779619216918945,-0.0023518943,-0.0037040233,False,224,0.0032310867682099342,-0.0007889557164162397,0.002667913679033518
3238,465,9,2,-5.878299236297607,0.0019190884,0.00075183867,True,475,-0.00748378736898303,-0.0006232929299585521,-0.008027744479477406
3238,466,9,2,-5.9742536544799805,-0.001441145,0.0016847515,True,489,-0.009291553869843483,0.001657190266996622,-0.007822846993803978
3238,752,15,2,-5.462662220001221,-0.003514719,-0.004864712,False,792,0.0035088062286376953,0.011142082512378693,-0.008983269333839417
3239,30,0,2,-3.9178526401519775,0.007675557,-0.0027291155,False,37,0.0061314343474805355,0.0026147793978452682,-0.006888017524033785
3239,836,16,2,-3.786290168762207,-0.003920345,0.0008092928,False,849,0.0020047093275934458,-0.0004870891571044922,0.0072214361280202866
3240,39,0,2,-3.7752020359039307,-0.0006787014,-0.0060436297,False,37,0.0066595315001904964,0.002148699713870883,-0.0008540963754057884
3240,895,17,2,-4.675957679748535,-0.008416433,-0.005306759,False,876,-0.004353733267635107,-0.002278547268360853,0.001034487970173359
3241,53,1,2,-5.5246686935424805,-0.020854158,0.0036434268,False,80,-0.002726545324549079,-0.002260570414364338,0.024031611159443855
3241,134,2,2,-1.7575198411941528,0.0014562559,-0.004020104,False,-1,,,
3241,474,9,2,-5.788072109222412,-0.0009642887,0.004080048,True,489,-0.007245960179716349,-0.001108303084038198,-0.0010933205485343933
3241,646,12,2,-4.209140300750732,-0.002174492,-0.0070274067,False,635,0.0009090328239835799,0.003774890908971429,-0.007718772627413273
3242,73,1,2,-5.498215198516846,-0.00054862024,0.0004935837,False,51,-0.01175316795706749,0.006022672634571791,-0.01673363707959652
3242,878,17,2,-2.943300485610962,-0.0023463727,0.005416894,False,-1,,,
3243,27,0,2,-2.934974431991577,0.0075724125,-0.016924057,False,47,0.0011943387798964977,-0.010716834105551243,-0.012585297226905823
3243,578,11,2,-3.5685739517211914,-0.0051593827,-0.0051615573,False,550,-0.0003032779786735773,-0.0010650157928466797,0.0007595631759613752
3244,456,9,2,-5.371313095092773,0.0082165245,-0.005626097,True,468,0.0005527305766008794,-0.002919998252764344,-0.010369893163442612
3244,678,13,2,-4.902975082397461,0.0006361866,0.002051611,False,655,-0.004877614788711071,0.00761629082262516,-0.011078481562435627
3244,683,13,2,-5.326569557189941,-0.0031923961,0.0056987763,False,651,-0.0004994487971998751,-0.0028806114569306374,0.011272335425019264
3244,967,19,2,-4.154210090637207,0.005478344,-0.0022277927,False,971,0.0002678203454706818,0.0026557445526123047,-0.010094060562551022
3245,216,4,2,-5.963507652282715,-0.0012702846,0.015151739,True,244,0.0002754592860583216,0.006129732355475426,0.010567750781774521
3245,832,16,2,-3.1327435970306396,0.0029861163,-0.0004624796,False,808,0.003235993441194296,0.0008027410367503762,-0.0010153434704989195
3248,155,3,2,-4.377366542816162,-0.0027145671,-0.0031044388,False,194,0.0013304423773661256,-0.0008750438573770225,0.0018156145233660936
3248,773,15,2,-4.9264631271362305,0.015346822,0.009674769,False,788,0.006020727101713419,0.004422741010785103,-0.0040740673430264
3251,16,0,2,-5.8692169189453125,-0.011838789,-0.0002716446,False,9,-0.00987835880368948,0.001379470806568861,0.0003093155100941658
3251,634,12,2,-5.9742536544799805,-0.00086761476,0.002073145,True,601,-0.007775907404720783,0.006395092234015465,-0.011230239644646645
3253,102,2,2,-3.6565701961517334,-0.0013797331,-0.00261034,False,136,-0.00327317719347775,-0.0034225177951157093,-0.0010812663240358233
3253,869,17,2,-4.9096598625183105,0.00841218,-0.0044983197,False,872,0.003660659771412611,-0.006359615363180637,-0.0028902245685458183
3255,208,4,2,-4.857940673828125,0.013124552,-0.0004436493,False,218,-0.0002076244418276474,-0.007595682051032782,-0.0061801434494555
3255,488,9,2,-5.4386796951293945,0.010236454,0.0036615753,True,468,-0.0022158336360007524,-0.0009461879963055253,-0.007844524458050728
3255,742,14,2,-3.069387912750244,0.00080850127,0.00078800204,False,749,0.003964991774410009,0.0009306860156357288,0.0030138064175844193
3255,871,17,2,-4.996198654174805,-0.0004022312,0.008012839,False,893,-0.002624788321554661,-0.0024390602484345436,0.008229341357946396
3256,87,1,2,-5.842148303985596,0.0011897087,-0.0002095604,False,63,-0.015560083091259003,0.0002975368406623602,-0.01725688949227333
3256,855,17,2,-2.6160950660705566,-0.003220849,0.005711379,False,884,-0.0027492570225149393,0.001757931662723422,0.004425039514899254
3260,344,6,2,-3.848813056945801,-0.0054976656,-0.005685263,False,317,0.00198691850528121,-0.006275625433772802,0.008074946701526642
3260,750,15,2,-5.690656661987305,0.004383564,-0.0044529913,True,756,-0.002432165201753378,-0.004041805397719145,-0.007226915098726749
3261,189,3,2,-4.098728656768799,-0.0027327347,0.0013464355,False,186,-0.0033360100351274014,-0.0019420242169871926,0.0026851841248571873
3261,781,15,2,-5.123406410217285,0.0110273175,0.0016200733,False,784,0.00607331283390522,-0.007573413662612438,0.004239481873810291
3262,202,4,2,-5.307147026062012,0.005727396,-0.0060904883,False,238,-0.0066358852200210094,0.001072254148311913,-0.019526023417711258
3262,455,9,2,-5.614739418029785,0.002232399,-0.007190285,False,498,0.006299848668277264,0.0009503555484116077,-0.0040731909684836864
3263,133,2,2,-4.977461338043213,-0.011250381,-0.0028078652,False,123,0.002887458773329854,0.0018554115667939186,0.009474563412368298
3263,336,6,2,-3.03153395652771,0.0016259622,0.0033043623,False,328,0.0002264738141093403,-0.000428428640589118,0.002333302516490221
3263,672,13,2,-5.455523490905762,0.004067831,-0.009982786,False,675,-0.004703531041741371,0.005288104992359877,-0.02404225431382656
3263,677,13,2,-2.8388261795043945,0.0077492907,0.0040579652,False,-1,,,
3266,495,9,2,-5.9742536544799805,-4.6987534e-05,0.0055632875,True,491,-0.002062826184555888,0.0007492351578548551,0.0027982136234641075
3266,894,17,2,-5.172347545623779,0.0008184433,0.0013258171,False,866,0.005304994527250528,-0.0019781398586928844,0.007790508214384317
3267,6,0,2,-4.1808037757873535,-0.0012841034,-0.0059003164,False,34,-0.0032433317974209785,-0.0007885360973887146,-0.0070710089057683945
3267,348,6,2,-3.809390068054199,0.0021082067,0.0017848206,False,317,-0.0013023805804550648,-0.002721595810726285,0.00109582906588912
3268,65,1,2,-5.704426288604736,0.0025076866,0.009453191,True,84,-0.006910019088536501,0.004498815629631281,-0.004463329911231995
3268,217,4,2,-3.600733518600464,0.010840478,0.0024713469,False,243,0.004204282537102699,-0.0008357667829841375,-0.0033290814608335495
3268,241,4,2,-4.82893705368042,0.008914833,0.00078705786,False,218,0.0018124007619917393,-0.007523441221565008,0.0012080669403076172
3268,793,15,2,-4.71755838394165,-0.004979105,-0.0048068333,False,779,0.0026285743806511164,0.0035806370433419943,-0.0007797908037900925
3269,90,1,2,-5.8711771965026855,-0.009639645,0.019726573,True,57,-0.0053504277020692825,0.003833875758573413,0.020181912928819656
3269,782,15,2,-3.1357672214508057,0.0023340033,-0.0004225445,False,764,0.0005227470537647605,0.0018489838112145662,-0.0040827845223248005
3270,36,0,2,-5.957098007202148,4.9533843e-05,0.0018737698,True,18,-0.0012855243403464556,0.008844204246997833,-0.008305491879582405
3270,358,7,2,-4.627745151519775,-0.0009586811,-0.0013118363,False,367,0.0011273574782535434,-0.002739000367000699,0.0035132025368511677
3273,192,3,2,-3.24519681930542,-0.0032605838,0.003604474,False,196,0.0016026926459744573,-0.0051200296729803085,0.01358778029680252
3273,478,9,2,-5.807685375213623,0.0033313655,0.0068769073,True,460,-0.0032463741954416037,0.0009306621504947543,-0.0006314944475889206
3275,486,9,2,-5.4546332359313965,0.0058071613,-0.0028967285,False,468,-0.0017419623909518123,0.00200932496227324,-0.012455176562070847
3275,978,19,2,-3.4025607109069824,-0.0045223855,-0.008337927,False,989,-0.0007722234586253762,-0.002683305647224188,-0.0019044593209400773
3277,41,0,2,-4.9449238777160645,-0.0126080895,0.0026896764,False,48,-0.0039524841122329235,-0.015584135428071022,0.02692941576242447
3277,937,18,2,-3.6884918212890625,0.0056701424,-0.0007626724,False,935,0.005640449468046427,-0.0002989912172779441,-0.0004933737218379974
3281,71,1,2,-5.272487163543701,0.008361283,-0.003852215,True,83,0.0077975750900805,-0.004005231894552708,-0.00041068997234106064
3281,807,16,2,-2.446260452270508,0.0011915112,-0.0017978239,False,821,0.004489002283662558,-0.003807229921221733,0.005306897684931755
3282,32,0,2,-5.083493709564209,-0.0067505073,-0.005191679,False,48,-0.006340312771499157,-0.013378629460930824,0.008597144857048988
3282,120,2,2,-5.92413854598999,0.0004753971,-0.00040704728,True,105,0.00019610405433923006,0.0017703246558085084,-0.0024566650390625
3282,425,8,2,-4.002423286437988,0.00074005127,-0.0039712046,False,412,0.003439617110416293,0.0025590944569557905,-0.0038307332433760166
3282,638,12,2,-5.9742536544799805,-0.0024188804,0.0108963875,True,602,-0.00041035652975551784,0.0036635876167565584,0.009241323918104172
3282,720,14,2,-5.672593116760254,-0.0007576847,-0.00089022634,True,728,0.0013923549558967352,-0.002670411951839924,0.003930225502699614
3282,892,17,2,-5.742888450622559,-0.0052074813,-0.004609795,False,873,0.002288942225277424,-0.0029933261685073376,0.0058799549005925655
3283,609,12,2,-3.725706100463867,0.005404606,0.0015415668,False,-1,,,
3283,783,15,2,-4.161273002624512,-0.021035204,0.0068178223,False,770,0.0011703777126967907,-0.018502797931432724,0.04752620309591293
3284,201,4,2,-5.678577423095703,0.0042064763,-0.004877739,True,244,0.0026389502454549074,-0.001968965632840991,-0.00447629950940609
3284,503,10,2,-3.6151626110076904,0.0010501861,-0.0021831656,False,525,8.95452467375435e-05,0.00010333061072742566,-0.0032471371814608574
3284,858,17,2,-5.367284297943115,0.012139387,-0.005025463,True,851,0.0009607982356101274,-0.007183551788330078,-0.00902050081640482
3284,959,19,2,-4.906047344207764,0.0013019372,0.0018434715,False,998,0.0035948562435805798,-0.00041908264392986894,0.004555473104119301
3285,98,1,2,-5.9714813232421875,-0.012812996,0.010574436,True,85,-0.0036397839430719614,0.012218684889376163,0.007528962567448616
3285,319,6,2,-5.8757004737854,0.0019710637,-0.0015590764,True,342,0.0007122993702068925,0.004560994915664196,-0.007378835696727037
3285,473,9,2,-5.54938268661499,0.0070703602,0.0072657205,False,462,0.007688179146498442,-0.0043312739580869675,0.012214813381433487
3285,900,18,2,-5.9742536544799805,-0.0019746113,0.00019186974,True,904,-0.005159053951501846,-0.001000041957013309,-0.0019925308879464865
3286,212,4,2,-5.519820213317871,-0.009393501,-0.0019975947,False,219,0.0017126464517787099,0.0048650167882442474,0.0042435359209775925
3286,859,17,2,-4.3942551612854,0.0008668995,-0.008884306,False,891,0.005056209396570921,-0.0014392852317541838,-0.0032557109370827675
3288,45,0,2,-4.8412652015686035,0.004184885,-0.005390339,False,44,0.00031727791065350175,-0.004635829944163561,-0.004622115753591061
3288,452,9,2,-5.603888034820557,0.006259384,0.0039915275,True,494,0.005316572263836861,0.009220466949045658,-0.00617175130173564
3288,758,15,2,-5.8871541023254395,-0.0057864,0.004059544,False,777,-0.0012498568976297975,-0.00204669963568449,0.010642786510288715
3288,795,15,2,-5.242424011230469,0.011481514,0.0006987953,False,798,-0.0053131007589399815,-5.628585859085433e-05,-0.0160395335406065
3290,434,8,2,-4.775768756866455,-0.0013813305,-0.007626486,False,420,0.002431144705042243,-0.0022087479010224342,-0.0016052625142037868
3290,903,18,2,-3.180039882659912,0.012947893,0.0058160448,False,948,-0.004917197395116091,-0.006295795552432537,-0.005753249861299992
3294,14,0,2,-5.341954708099365,0.000886116,-0.0058885096,False,31,0.001534042414277792,-0.004607496317476034,-0.0006330870091915131
3294,188,3,2,-3.2069928646087646,0.008232065,-0.0047309874,False,162,-0.004671711940318346,-0.004981784615665674,-0.012652979232370853
3294,628,12,2,-4.665785789489746,-0.003491373,-0.008272619,False,630,0.001277170144021511,0.0015357875963672996,-0.005039863754063845
3294,736,14,2,-4.137105464935303,-0.00077993394,-0.0019655896,False,719,-0.0019382667960599065,0.00034837721614167094,-0.003472299547865987
3295,604,12,2,-5.774834156036377,-0.010244493,0.0029032421,False,639,0.0014856243506073952,-0.0011142253642901778,0.015747586265206337
3295,841,16,2,-4.540403842926025,0.0021974659,-0.0060272217,False,842,-0.006221666466444731,0.003665389958769083,-0.01811174303293228
3295,875,17,2,-5.8104047775268555,-0.0023635197,-7.8201294e-05,True,870,0.0034265804570168257,-0.0011374473106116056,0.006849346216768026
3295,907,18,2,-4.86033296585083,0.007278881,0.0012880325,False,912,0.002501153852790594,-0.004859409295022488,0.0013697147369384766
3298,26,0,2,-5.891269683837891,0.0014683056,0.00071169855,True,15,-0.007910985499620438,-0.0019489669939503074,-0.0067186253145337105
3298,38,0,2,-4.732406139373779,-0.002777977,0.0037185287,False,44,0.002329988405108452,-0.007076167967170477,0.01590266264975071
3298,40,0,2,-4.34649133682251,-0.0047059725,-0.004609375,False,43,0.002756042405962944,-0.008097830228507519,0.010950470343232155
3298,42,0,2,-4.401996612548828,-0.01628561,-0.009774714,False,43,0.002756042405962944,-0.008097830228507519,0.01736476831138134
3298,213,4,2,-4.648182392120361,-0.0005756283,-0.0026200677,False,246,-0.012056684121489525,-0.010118169710040092,-0.003982953727245331
3298,240,4,2,-5.448281764984131,-0.010105114,0.0021369075,False,219,0.0011058044619858265,0.006136036012321711,0.007211790420114994
3298,492,9,2,-5.8166046142578125,0.0018124771,0.010078144,True,475,0.0010192489717155695,0.007199621293693781,0.0020852945744991302
3298,799,15,2,-5.0966386795043945,0.0119578745,-0.007967501,False,790,0.005779075436294079,0.009097985923290253,-0.023244284093379974
3298,811,16,2,-3.25396466255188,0.008473201,-0.0015458107,False,827,0.001589498482644558,-0.00293919094838202,-0.005490322597324848
3298,820,16,2,-5.724914073944092,0.00364439,0.011321249,True,829,0.003275642404332757,-0.001559724798426032,0.012512226589024067
3300,481,9,2,-5.723912239074707,-0.00027719498,0.007851286,True,489,0.0020241164602339268,0.0002792453742586076,0.009873352013528347
3300,865,17,2,-4.960855960845947,-0.0047650244,0.0015643978,False,889,0.001993732526898384,-0.006798477377742529,0.015121633186936378
3301,135,2,2,-3.9718387126922607,0.004771352,-0.00712955,False,149,-0.009788722731173038,0.00041862486978061497,-0.022108249366283417
3301,852,17,2,-4.579771518707275,0.019577283,-0.007801695,False,896,-0.0005093860672786832,-0.004221067298203707,-0.023667296394705772
3302,641,12,2,-4.541098117828369,0.0002610302,0.00027869226,False,630,0.0018701362423598766,0.002817516215145588,-0.000929717905819416
3302,787,15,2,-5.940984725952148,-0.003913374,0.0061087036,True,776,0.0020646476186811924,0.00017656326235737652,0.011910161934792995
3304,17,0,2,-1.5474735498428345,0.0016512537,0.00036179542,False,-1,,,
3304,78,1,2,-5.5044708251953125,0.0037087344,0.008529425,False,69,0.005876836832612753,0.0017390251159667969,0.008958501741290092
3304,361,7,2,-3.4657626152038574,-0.0046454193,-0.001731143,False,373,0.002902398118749261,-0.002629985800012946,0.00844665989279747
3304,905,18,2,-3.726059675216675,0.0023485946,-0.0030503273,False,935,5.161762237548828e-05,0.0007635688525624573,-0.006110873073339462
3305,230,4,2,-4.599946975708008,0.0020901966,-0.004561195,False,220,0.0027526093181222677,0.008059244602918625,-0.011958027258515358
3305,297,5,2,-4.336575031280518,-0.0016484738,0.0018703747,False,262,0.00040517805609852076,-0.0013687992468476295,0.0052928258664906025
3305,469,9,2,-5.075942039489746,-0.004707651,0.00077367784,False,458,0.001761264749802649,0.008802099153399467,-0.0015595057047903538
3305,654,13,2,-4.731314659118652,0.005693941,0.0013253307,False,689,-0.004321498796343803,-0.0012213516747578979,-0.007468757219612598
3310,456,9,2,-5.075382709503174,0.008083181,0.009679603,False,458,0.0016004848293960094,0.014072236604988575,-0.010875330306589603
3310,615,12,2,-4.5386061668396,-0.00049909594,0.004031429,False,630,-0.00035203935112804174,0.0019237613305449486,0.0022547240369021893
3310,642,12,2,-3.851963996887207,-0.016589712,-1.9664765e-05,False,632,-7.03716286807321e-05,0.004974203184247017,0.011525473557412624
3310,792,15,2,-4.697160720825195,0.003643036,-0.0106853675,False,788,0.0035309218801558018,-0.0008109855698421597,-0.009986495599150658
3314,62,1,2,-5.5769944190979,0.003814335,-0.0037090683,True,76,-0.0029757595621049404,-0.004907445982098579,-0.005591717083007097
3314,86,1,2,-5.425230026245117,0.0059147263,0.00043413162,False,61,0.002454786328598857,-0.011094970628619194,0.00806916318833828
3314,231,4,2,-4.013854026794434,-0.0004447794,0.01275085,False,210,0.009789247065782547,0.002602052642032504,0.020382823422551155
3314,765,15,2,-3.4955005645751953,-0.0015845824,-0.005033202,False,791,-0.003916297107934952,-0.004119906574487686,-0.0032450100407004356
3316,70,1,2,-5.283051013946533,0.011657953,0.0029985427,False,69,0.0026409721467643976,-0.006647997070103884,0.0006295591592788696
3316,203,4,2,-4.278502941131592,-0.0011121273,0.002892027,False,222,0.0004807281366083771,-0.0004385757492855191,0.004923458211123943
3316,417,8,2,-3.533458948135376,-0.0014379263,0.0006302404,False,410,-0.0004553032049443573,0.0025501346681267023,-0.0009372711647301912
3316,678,13,2,-4.278193950653076,0.013106184,0.0062149,False,658,-0.0012537766015157104,-0.0004996967036277056,-0.007645363919436932
3317,87,1,2,-5.80750846862793,0.0009802914,-0.0015984249,True,79,-0.007153368089348078,-0.0008931636693887413,-0.00883892085403204
3317,242,4,2,-3.916377305984497,0.005166297,-0.0008206034,False,228,-0.004546780604869127,0.003496236866340041,-0.014029917307198048
3320,16,0,2,-5.9742536544799805,-0.002853813,0.00051276205,True,15,-0.00687004067003727,0.0008945369627326727,-0.004398002754896879
3320,594,11,2,-4.840295791625977,0.0024717522,0.00089401245,False,597,0.0022129917051643133,0.0006034850957803428,3.176671452820301e-05
3320,752,15,2,-5.956497669219971,-0.0013084889,0.0055981637,True,777,-0.0003019428113475442,-0.0005738926120102406,0.0071786027401685715
3320,877,17,2,-5.494486331939697,0.0013961792,-0.00248209,False,879,0.0011949061881750822,-0.004951734561473131,0.002268371405079961
3323,235,4,2,-5.095243453979492,-0.0053767012,-0.0056401445,False,204,-0.0008529567858204246,-0.0021098328288644552,0.0009934328263625503
3323,459,9,2,-4.407700538635254,0.006300001,0.0045049475,False,487,0.0039159394800662994,-0.005143842659890652,0.007264728657901287
3325,329,6,2,-5.837341785430908,0.00024848938,-0.0027120495,False,346,0.00045770645374432206,-0.0030094909016042948,0.0005066583398729563
3325,672,13,2,-5.934559345245361,-0.00949584,0.005437164,True,673,-0.006214265711605549,0.006888751871883869,0.0018299873918294907
3327,233,4,2,-4.751532554626465,0.0025788404,-0.0057741166,False,236,-0.0030698871705681086,-0.003092146012932062,-0.008330698125064373
3327,618,12,2,-5.160073757171631,-0.0026212789,-0.0043282225,False,608,-0.002113065682351589,-0.00202598562464118,-0.001794023672118783
3327,663,13,2,-4.969191074371338,0.007288208,0.0053125666,False,685,0.0008625221089459956,-0.0016268730396404862,0.0005137536209076643
3327,832,16,2,-3.227220058441162,-0.0012659025,0.0013789034,False,827,0.004116692580282688,-0.005143404006958008,0.011904902756214142
3328,598,11,2,-4.425549030303955,0.0055049993,-0.002322073,False,555,-0.001922445255331695,-0.0013920593773946166,-0.0083574578166008
3328,839,16,2,-4.947880744934082,-0.009708872,-0.0029210472,False,803,0.0034060764592140913,-0.0034380913712084293,0.013631992042064667
3329,13,0,2,-5.399822235107422,-0.0063263797,-0.0012946702,False,12,-0.0001685619354248047,-0.00791949313133955,0.012782640755176544
3329,577,11,2,-3.7180116176605225,0.0037742853,0.0011197185,False,552,-0.0007957887719385326,0.0009268855792470276,-0.004377241246402264
3332,234,4,2,-5.897499084472656,0.0008977318,0.006058998,True,205,0.0015493774553760886,0.006196880247443914,0.0005137636326253414
3332,324,6,2,-3.7779390811920166,0.004854922,-0.0027646637,False,326,0.004031572490930557,-0.004766636062413454,0.0011786222457885742
3339,256,5,2,-4.243239879608154,-0.0011519146,0.00023312568,False,286,-0.0016306781908497214,0.001312952022999525,-0.001558590098284185
3339,470,9,2,-4.923480033874512,0.021015473,0.0013350773,True,468,0.008358936756849289,0.0032891558948904276,-0.014610614627599716
3340,388,7,2,-3.1198413372039795,0.0016788722,-4.1036605e-05,False,379,0.004597120452672243,0.0032970618922263384,-0.00041985022835433483
3340,786,15,2,-3.360199213027954,0.019472403,0.002712798,False,-1,,,
3344,172,3,2,-5.206382751464844,-0.00378397,-0.0016721248,False,190,0.0007844638894312084,0.0007036113529466093,0.0021926977206021547
3344,619,12,2,-5.442691326141357,0.008233633,0.002990942,True,626,-0.0020204640459269285,3.4465789212845266e-05,-0.007297620642930269
3345,795,15,2,-5.3069915771484375,-0.0026185608,0.016116628,False,798,-0.0031207657884806395,0.00949024222791195,0.006124180741608143
3345,838,16,2,-3.800028085708618,0.0057451488,0.0010655641,False,826,0.004483399447053671,-0.0036994838155806065,0.0035032983869314194
3351,8,0,2,-5.33324670791626,0.009152422,0.0061522387,False,28,0.0015622425125911832,0.0016709709307178855,-0.0031089114490896463
3351,224,4,2,-5.845675945281982,-0.0040046405,0.013907003,True,205,0.0034969616681337357,-0.0016791153466328979,0.023087719455361366
3351,540,10,2,-3.418581485748291,0.001055274,0.001086011,False,525,0.0027055072132498026,-0.0003537845623213798,0.003090028651058674
3351,757,15,3,-2.1679930686950684,0.011168213,-0.003907342,False,785,0.0010357428109273314,-0.009562049061059952,-0.004477763548493385
3351,771,15,2,-5.402316570281982,-0.007597666,0.013921985,False,759,0.0022379588335752487,0.0013824176276102662,0.022375192493200302
3351,883,17,2,-4.84910774230957,0.013683071,-0.0045848656,False,862,-0.005263042636215687,-0.00470904354006052,-0.01882193610072136
3351,888,17,2,-5.455411911010742,0.00043812752,-0.007648077,False,864,-0.003736200276762247,-0.0031474113930016756,-0.008674993179738522
3352,60,1,2,-5.575625896453857,0.004357977,0.0032283687,True,69,-0.00024286270490847528,-0.004948101006448269,0.003575630020350218
3352,362,7,2,-4.39454460144043,0.003134823,-0.0006198883,False,363,0.0010990333976224065,-0.0010312938829883933,-0.0016243839636445045
3352,484,9,2,-2.813650131225586,0.027574606,0.006294842,False,461,0.004571566358208656,0.006736397743225098,-0.02344459481537342
3352,820,16,2,-5.1020731925964355,0.012280044,-0.0024421406,False,840,0.0013814830454066396,-0.0006726551218889654,-0.012668047100305557
3353,31,0,2,-5.132795810699463,0.0025415611,-0.0011090755,False,24,-0.0036238194443285465,-0.00860846508294344,0.0013340089935809374
3353,269,5,2,-3.8023102283477783,-0.00016367913,-0.0005288744,False,261,0.0012351179029792547,-4.4493674067780375e-05,0.0009144163341261446
3353,760,15,2,-5.098937034606934,0.0010312652,0.0042510224,False,770,-0.012512531131505966,0.0014483928680419922,-0.010741166770458221
3353,841,16,2,-4.836968898773193,-0.0065640355,0.00093100546,False,840,0.001014661742374301,-0.0014733790885657072,0.009983081370592117
3354,328,6,2,-3.4518682956695557,-0.0054191495,0.00063144206,False,305,0.0012773657217621803,-0.005736146122217178,0.013064103201031685
3354,790,15,2,-4.386110305786133,0.012003631,-0.007481241,False,768,-0.0018225478706881404,0.003401651280000806,-0.024709071964025497
3354,933,18,2,-4.796712875366211,0.00020726204,-0.0074890996,False,929,0.0033259009942412376,-0.0009670162107795477,-0.0034034443087875843
3354,964,19,2,-5.3784894943237305,-0.008019629,-0.0029627418,False,957,-0.0072401524521410465,0.000830583565402776,-0.0030138492584228516
3356,10,0,2,-5.639252185821533,0.0007948017,0.01697342,True,12,-0.0022074126172810793,-0.0056288051418960094,0.01960000954568386
3356,29,0,2,-5.52192497253418,0.008700371,0.0011521148,True,4,-0.0036922739818692207,-0.0038733005058020353,-0.007367229089140892
3356,440,8,2,-4.348786354064941,9.526253e-05,0.0006372833,False,415,-0.0019600200466811657,0.0011369704734534025,-0.0025549698621034622
3356,684,13,2,-4.023876667022705,0.001116724,-0.011599026,False,664,-0.0018489169888198376,0.002829861594364047,-0.017394527792930603
3356,693,13,2,-5.930354595184326,-0.003942499,0.007592802,True,668,-0.0005624198820441961,-0.0006689548608846962,0.011641835793852806
3356,850,17,2,-5.904808521270752,-0.007753973,-2.6264192e-05,True,897,-0.001401987043209374,-0.0015040970174595714,0.00782981887459755
3357,5,0,2,-5.9742536544799805,-0.0036301804,0.0,True,1,-0.006030454766005278,0.0,-0.0024002743884921074
3357,648,12,2,-5.881131172180176,0.00083844183,0.0006438065,True,601,-0.004652786068618298,0.003571681911125779,-0.008419102989137173
3359,481,9,2,-5.165976047515869,0.011203995,0.0054607866,False,498,0.008349170908331871,-0.009447298012673855,0.012053259648382664
3359,653,13,2,-4.119256973266602,-0.008408112,-0.0019753457,False,664,-0.0010737132979556918,0.001976289786398411,0.0033827638253569603
3359,762,15,2,-5.296783924102783,0.0025818825,-0.0034500693,False,798,-0.005279159639030695,0.013822326436638832,-0.025133438408374786
3359,887,17,2,-4.392226219177246,0.0010090065,-0.0031731415,False,891,0.002586317015811801,-0.004667444154620171,0.003071613609790802
3361,46,0,2,-5.7499847412109375,-0.0003957939,0.0024039173,True,33,-0.005701818503439426,0.0006943035405129194,-0.0035964110866189003
3361,74,1,3,-5.869298458099365,-0.013575898,0.0025503922,False,63,0.0008253574487753212,0.007407789118587971,0.009543858468532562
3361,387,7,2,-4.192844390869141,-0.0019933318,0.001396103,False,351,0.0034590435680001974,0.0015720939263701439,0.005276384763419628
3362,467,9,2,-3.293919324874878,0.027086683,0.0014820957,False,-1,,,
3362,853,17,2,-3.6719958782196045,-0.0038818168,-0.0035510205,False,-1,,,
3363,54,1,2,-5.615327835083008,-0.004857016,0.014023533,False,69,-0.0028890513349324465,-0.00450507178902626,0.020496569573879242
3363,247,4,2,-5.771248817443848,0.0014473248,0.001595602,True,205,0.005424051079899073,-0.00454164482653141,0.010113973170518875
3363,479,9,2,-3.671294689178467,0.0073467637,0.0014749718,False,485,0.014854460023343563,0.005199613515287638,0.003783054184168577
3363,811,16,2,-3.385770082473755,-0.0023510742,-0.0008931351,False,827,-0.004788336809724569,-0.0034495163708925247,0.0001191187184303999
3366,133,2,2,-5.335093975067139,-0.0044333935,-0.00194067,False,140,0.006793556269258261,0.000891456613317132,0.008394822478294373
3366,654,13,2,-4.47813606262207,0.005593872,7.6532364e-05,False,660,0.007512435782700777,-0.00042326925904490054,0.0024183648638427258
3372,48,0,2,-5.877089023590088,-0.0018351555,0.00016849517,True,36,0.0017336654709652066,-0.0009230995201505721,0.004660415463149548
3372,627,12,2,-5.5249223709106445,-0.0066980743,-0.008986626,False,612,0.001106796320527792,0.0006519222515635192,-0.0018336775247007608
3374,636,12,2,-5.652005672454834,0.0033639146,-0.0043251514,True,612,-0.0005524444859474897,0.0011977386893704534,-0.009439249522984028
3374,674,13,2,-5.269761085510254,-0.0041211797,0.011016083,False,652,0.004551572725176811,0.002994852140545845,0.01669398322701454
3375,201,4,2,-5.860501766204834,0.0022750378,0.0066773985,True,205,0.00026746749063022435,-0.0011799144558608532,0.005849742796272039
3375,453,9,2,-5.360386371612549,8.223534e-05,0.0048991777,False,496,0.0034139633644372225,0.003395137842744589,0.004835767671465874
3379,45,0,2,-5.035802364349365,-0.0011028195,0.0017150593,False,35,-0.0038253210950642824,-0.0044008828699588776,0.003393440507352352
3379,873,17,2,-5.7981767654418945,0.0020359517,-0.00086626055,True,899,-0.007215747609734535,-0.0009459209395572543,-0.009172039106488228
3385,234,4,2,-5.320708274841309,0.012158203,0.005399685,False,223,-0.0110545065253973,0.0012519455049186945,-0.019064970314502716
3385,573,11,2,-3.7851221561431885,-0.0042286636,-0.0035216713,False,567,-0.0032341526821255684,-0.0047355699352920055,0.002208409598097205
3388,752,15,2,-5.808994770050049,0.002833786,-0.0024740791,True,756,0.0009569930844008923,-0.00284264562651515,-0.0015082266181707382
3388,940,18,2,-2.7756288051605225,-0.0038751697,-0.00050279615,False,949,-0.002448439598083496,0.004731583409011364,-0.0038076494820415974
3389,306,6,2,-3.6595852375030518,0.009849839,-0.0043576383,False,305,-0.007081561256200075,-0.0017639350844547153,-0.019525103271007538
3389,554,11,2,-4.40317964553833,-0.0039503193,-0.0007880211,False,551,0.0021879100240767,0.002612638520076871,0.002737569622695446
3390,79,1,2,-5.90877628326416,0.0013095475,0.0016217899,True,69,-0.009441566653549671,0.012810802087187767,-0.02194012701511383
3390,123,2,2,-5.118323802947998,-0.0074517727,-0.009806413,False,138,-0.0006511211395263672,-0.0009450721554458141,-0.0020606894977390766
3390,643,12,2,-2.457282781600952,-0.011349678,-0.0022468234,False,617,0.005775427911430597,0.003606548300012946,0.011271734721958637
3390,851,17,2,-5.955235481262207,-0.0035652064,0.0038199234,True,897,0.0002770328428596258,0.0011874103220179677,0.006474752444773912
3392,758,15,2,-5.810009002685547,-0.001138401,-0.0028828336,True,774,0.0035129261668771505,0.0017706966027617455,-2.2030435502529144e-06
3392,825,16,2,-4.622960567474365,-0.013036204,-0.005452986,False,810,-0.0058484552428126335,-0.006052951794117689,0.007787714246660471
3393,66,1,2,-4.334615707397461,0.009413471,0.0021319962,False,67,0.004542503505945206,-0.00012772559421136975,-0.002611245959997177
3393,472,9,2,-1.323384404182434,-0.0055065895,0.0020234466,False,-1,,,
3393,679,13,2,-5.707807540893555,-0.011676368,0.0049935435,False,697,0.0058900644071400166,0.004218950401991606,0.018341027200222015
3393,719,14,2,-4.1069769859313965,0.00084184646,0.003727355,False,729,-0.000723018660210073,-0.0010109138675034046,0.0031734039075672626
3394,44,0,2,-5.096253871917725,-0.0013786125,-0.0015311814,False,43,-0.0007807636284269392,-0.00547449104487896,0.004541158676147461
3394,294,5,2,-3.596090793609619,0.000121793746,-0.002207098,False,257,0.0011527776950970292,-0.001992449862882495,0.0008163359016180038
3394,631,12,2,-5.145005226135254,0.011392794,-0.00152668,False,613,-0.007216396275907755,0.0048419092781841755,-0.024977779015898705
3394,767,15,3,-5.607701301574707,-0.012126016,-0.0060103033,False,774,0.0032020665239542723,0.0016765212640166283,0.007641258649528027
3394,777,15,2,-5.874141693115234,0.00057941437,-0.0006244564,True,796,-0.0058065797202289104,-0.0013209438184276223,-0.005689506884664297
3395,15,0,2,-5.570367813110352,0.0067389966,-0.0003956413,True,32,0.0026646137703210115,-0.005054626613855362,0.0005846023559570312
3395,558,11,2,-3.486453056335449,-0.0022447968,0.00013318061,False,557,0.0025995015166699886,0.002899866085499525,0.002077612793073058
3396,628,12,2,-4.470375061035156,0.012866153,-0.0013713932,False,630,-0.002693824702873826,0.001407575560733676,-0.018338946625590324
3396,673,13,2,-5.860123157501221,5.0487517e-05,0.0025189018,False,667,-0.00749284727498889,0.002882156288251281,-0.007906588725745678
3396,787,15,2,-5.10234260559082,0.011514378,0.005903034,False,770,-0.0022646235302090645,-0.0025064086075872183,-0.005369558930397034
3396,849,16,2,-3.888451337814331,-0.0028606511,-0.004198623,False,826,-0.003574495203793049,-0.006644239649176598,0.0017317726742476225
3397,76,1,2,-5.380984306335449,0.010290022,0.012153911,True,77,0.006677350960671902,0.005436429753899574,0.0031048106029629707
3397,225,4,2,-4.07443904876709,0.0049060727,0.003424139,False,229,-0.009142465889453888,-0.006231861189007759,-0.004392538219690323
3397,683,13,2,-5.273833751678467,-0.005075865,0.0026028634,False,698,0.005348806269466877,-0.006038007792085409,0.01906554214656353
3397,906,18,2,-5.971074104309082,-0.007246132,0.0048202993,True,904,-0.0016230392502620816,0.0037421511951833963,0.006701240781694651
3400,439,8,2,-5.585029125213623,0.002041273,-0.001056652,False,431,-0.00411116611212492,-0.005883302539587021,-0.0013257886748760939
3400,815,16,2,-4.818244457244873,0.017968856,-0.0011952114,False,816,-0.005954761523753405,0.006668357644230127,-0.03178718686103821
3401,41,0,2,-4.258609294891357,0.005400534,-0.002571783,False,34,0.00045743942609988153,0.003172159194946289,-0.01068703643977642
3401,416,8,2,-3.529590129852295,2.3331642e-05,0.001557107,False,428,0.0006152677815407515,-0.00033072949736379087,0.002479772549122572
3401,586,11,2,-3.847184896469116,0.0008123302,-0.0041831923,False,578,0.0002269935648655519,-0.006845750845968723,0.0020772218704223633
3401,881,17,2,-5.806330680847168,0.0033584596,-0.0017310524,True,879,-0.004771976266056299,0.008627624250948429,-0.018489113077521324
3402,202,4,2,-5.2288079261779785,0.010037584,-0.007967663,False,223,-0.004409370478242636,-0.006014623679220676,-0.016399994492530823
3402,753,15,2,-5.53299617767334,-0.007444954,-0.0023154353,False,774,0.008711614646017551,-0.0015996169531717896,0.015440750867128372
3403,183,3,2,-4.268691062927246,0.005249128,-0.004473505,False,150,-0.002569274976849556,0.0042243958450853825,-0.01651630364358425
3403,638,12,2,-5.503109931945801,-0.005513115,0.0058568,False,606,-0.005156316794455051,-0.007639036048203707,0.013852633535861969
3404,42,0,2,-4.2014031410217285,0.015943108,-0.005891094,False,34,0.001227102242410183,0.0018246651161462069,-0.022431764751672745
3404,230,4,2,-5.1598005294799805,-0.006864891,0.0016792202,False,218,-0.00044003486982546747,-4.396438725962071e-06,0.008108473382890224
3405,13,0,2,-5.8315510749816895,-0.010852346,0.011418772,False,36,0.0015055846888571978,-0.0031245232094079256,0.026901226490736008
3405,978,19,2,-3.803062677383423,0.0024755478,0.005033159,False,979,-0.002132358495146036,0.0026915741618722677,-0.002266321098431945
3406,96,1,2,-5.356128692626953,0.007731304,0.0085503,True,85,0.0025715159717947245,0.003961763344705105,-0.0005712511483579874
3406,452,9,2,-5.924498081207275,-0.011437569,0.008235225,False,499,-0.0008696460863575339,0.0028661347460001707,0.015937013551592827
3414,30,0,2,-4.340954303741455,-0.0041552354,-0.019027643,False,34,0.0013366603525355458,0.0026113796047866344,-0.016147127375006676
3414,227,4,2,-5.534729957580566,0.00030657768,0.005266924,False,244,0.004166526719927788,-0.003798313206061721,0.012925186194479465
3415,348,6,2,-3.8069212436676025,-0.0035870029,0.001971817,False,320,-0.003431787481531501,-0.0026645755860954523,0.004791608080267906
3415,498,9,2,-5.7194294929504395,-0.015239639,-0.0045616343,False,460,0.0014692306285724044,0.004289817996323109,0.007857417687773705
3416,204,4,2,-4.933676242828369,0.004568367,0.005915394,False,215,-0.007051744498312473,-0.00047791481483727694,-0.005226802546530962
3416,464,9,2,-5.660714149475098,-0.005026064,0.0045117666,False,460,0.00201976764947176,0.0034864044282585382,0.008071194402873516
3417,637,12,2,-5.117985725402832,-0.021365605,0.0026395703,False,645,0.004651851486414671,-0.008765306323766708,0.03742233291268349
3417,839,16,2,-5.213139533996582,-0.0018641567,-0.0072740745,False,835,0.006470632739365101,-0.002631225623190403,0.0036919405683875084
3419,38,0,2,-4.479288578033447,0.0008200836,-0.002937107,False,23,0.0008949852199293673,0.002371835755184293,-0.005234041251242161
3419,87,1,2,-5.9742536544799805,-0.0026441766,0.0,True,58,0.0003607940743677318,-0.0003607940743677318,0.0033657648600637913
3419,163,3,2,-4.9894914627075195,0.0028746987,-0.002240095,False,178,6.757736264262348e-05,-0.0014820003416389227,-0.0035652159713208675
3419,569,11,2,-4.7429094314575195,0.009940901,0.0006258011,False,574,0.006944647058844566,-0.0026885129045695066,0.00031806062906980515
3421,12,0,2,-5.4094648361206055,0.00665535,-0.010789327,False,24,-0.005947408732026815,-0.004304904956370592,-0.019087180495262146
3421,147,2,2,-3.968726396560669,0.00023087978,-0.0030592203,False,144,0.005439009517431259,-0.005447010975331068,0.0075959209352731705
3421,210,4,2,-3.364344596862793,0.012282743,-0.008441291,False,214,-0.0036498545669019222,-0.0017057418590411544,-0.022668147459626198
3421,255,5,2,-4.003995895385742,0.0014120579,-7.875443e-05,False,288,9.529113594908267e-05,0.0003382396826054901,-0.0017337608151137829
3421,784,15,2,-5.711808681488037,0.0033674813,-0.003666439,True,750,0.002353124553337693,0.002402772894129157,-0.007083568722009659
3421,791,15,2,-3.977330446243286,-0.0008052921,0.004583602,False,772,0.005068063735961914,-0.010248231701552868,0.020705189555883408
3422,9,0,2,-5.913631916046143,-0.010316152,0.0004100418,False,33,-0.004695568233728409,0.003689870936796069,0.0023407544940710068
3422,137,2,2,-3.866020679473877,0.0038491345,0.0013695145,False,107,0.008298096247017384,-0.0017548322211951017,0.007573308423161507
3425,577,11,2,-3.7105207443237305,-0.0006815338,-0.004879956,False,552,0.0015885925386101007,-0.005198855418711901,0.0025890260003507137
3425,836,16,2,-4.593271255493164,-0.013421216,-0.0025872993,False,812,0.0034708690363913774,0.0015789031749591231,0.012725883163511753
3426,382,7,2,-3.759293794631958,-0.0018663359,-0.0041166544,False,353,-0.00032783986534923315,-0.00031871319515630603,-0.0022594451438635588
3426,623,12,2,-5.048811912536621,-0.0055992887,0.0013091373,False,645,0.005562677513808012,-0.01371163409203291,0.026182737201452255
3427,21,0,2,-4.066347599029541,0.0022939397,-0.0020483017,False,34,0.002660999307408929,-0.0033484650775790215,0.0016672229394316673
3427,328,6,2,-3.7646706104278564,-0.009112296,-0.004404149,False,323,-0.0035910510923713446,-0.007212686352431774,0.008329781703650951
3427,425,8,2,-4.060484886169434,0.0032964326,0.0005753899,False,404,-0.0007730626966804266,0.004096555523574352,-0.007590660825371742
3427,592,11,2,-3.9702529907226562,-0.0055246307,-0.00097595213,False,578,-0.0013647031737491488,-0.010417832992970943,0.013601807877421379
3428,429,8,2,-5.218317985534668,-0.0021143341,-0.0017089557,False,434,0.0007123088580556214,0.00020847321138717234,0.0009092140244320035
3428,685,13,2,-4.824005603790283,0.0034306527,0.004057522,False,670,-0.008746585808694363,0.006075859069824219,-0.014195575378835201
3429,136,2,2,-3.6101980209350586,0.002606654,-0.0012300872,False,141,-0.0049050236120820045,0.0011461306130513549,-0.009887895546853542
3429,241,4,2,-5.0556111335754395,-0.00766222,-0.008389673,False,215,-0.011482772417366505,0.0037760925479233265,-0.01598631963133812
3429,781,15,2,-4.803706645965576,0.006926508,0.0042524147,False,792,0.007911033928394318,0.006808900739997625,-0.0015719602815806866
3429,903,18,2,-2.9598135948181152,-0.0035542012,-0.0018193483,False,942,0.0010892534628510475,0.0016950321150943637,0.0011290742550045252
3430,483,9,2,-5.525173187255859,-0.00020973205,0.0012969684,False,490,-0.0072990418411791325,0.008222456090152264,-0.01401479821652174
3430,804,16,2,-5.136931419372559,-0.009941492,-0.00096159935,False,803,0.0013708401238545775,0.001280717900954187,0.009070015512406826
3431,31,0,2,-5.579815864562988,-0.0047674845,-0.007888756,False,18,0.0024899481795728207,-0.006887464318424463,0.006256141234189272
3431,541,10,2,-3.983433961868286,0.0008842516,-0.0006203318,False,504,-0.0022625017445534468,-0.0016236734809353948,-0.0021434116642922163
3432,487,9,2,-4.646796703338623,0.002787838,0.004320011,False,494,0.005509844049811363,-0.003534765215590596,0.010576781816780567
3432,827,16,2,-3.470618486404419,-0.0007451439,-0.0031394244,False,-1,,,
3433,106,2,2,-4.911962032318115,-0.0045569516,0.003393545,False,129,-0.005121993832290173,-0.0008412838215008378,0.0036697867326438427
3433,386,7,2,-4.031355857849121,0.0007367706,0.0013771009,False,390,-0.0023695421405136585,-0.0011290550464764237,-0.0006001567817293108
3434,14,0,2,-5.957237243652344,-0.0036210918,0.001404562,True,33,-0.003168554278090596,0.002588195726275444,-0.0007310956716537476
3434,601,12,2,-5.50693416595459,0.0075300694,-0.00010463715,False,620,-0.0009145641233772039,0.001080846763215959,-0.009630117565393448
3435,459,9,2,-3.762430429458618,0.0032610847,-0.003839116,False,476,0.0015675448812544346,0.004413032438606024,-0.009945688769221306
3435,480,9,2,-5.9742536544799805,-0.0030346967,0.0012414837,True,499,-0.004946899600327015,0.0007198620005510747,-0.0013905810192227364
3435,898,17,2,-5.908963680267334,0.00055906293,0.0056906603,True,875,-0.0022144699469208717,0.0030228327959775925,-0.00010570511221885681
3435,939,18,2,-2.7608489990234375,-0.010746675,-0.004249692,False,942,0.0036074495874345303,-0.004251580219715834,0.01435601245611906
3436,376,7,2,-1.9650665521621704,0.0041434644,-0.0015928531,False,-1,,,
3436,759,15,2,-5.086956024169922,0.0029452802,0.00020822525,False,-1,,,
3436,790,15,2,-4.998049259185791,-0.006913986,-0.0019401455,False,-1,,,
3436,941,18,2,-3.207080364227295,-0.0022245073,0.00051191804,False,922,-0.00240948679856956,0.008563552051782608,-0.008236614055931568
3437,0,0,2,-5.577296733856201,-0.005159111,0.0017484188,False,26,0.003333988133817911,-0.0025095080491155386,0.012751026079058647
3437,671,13,2,-4.8952412605285645,-0.015793629,0.001597662,False,694,0.003421182744204998,0.003785362234339118,0.01702711172401905
3438,773,15,2,-4.346271991729736,-0.004560442,-0.0017673587,False,769,0.005761213134974241,-0.00512554170563817,0.013679837808012962
3438,871,17,2,-4.564846992492676,-0.0014087581,0.0036131763,False,891,0.0009471988887526095,-0.009349375031888485,0.015318508259952068
3440,101,2,2,-4.82826042175293,-0.006768942,-0.0025807573,False,129,-0.005640440154820681,1.6670226614223793e-05,-0.0014689257368445396
3440,806,16,2,-5.599250793457031,0.0026807021,0.0069004153,False,800,-0.003948631230741739,-0.00012000084097962826,0.00039108283817768097
3441,469,9,2,-4.515349864959717,0.017375613,0.0003020954,False,486,0.007088012527674437,0.006694307550787926,-0.016679812222719193
3441,666,13,2,-4.710951805114746,-0.0025249673,7.175445e-05,False,670,-0.004607906565070152,-0.00016355514526367188,-0.0018476296681910753
3443,167,3,2,-3.5116796493530273,0.0031877137,0.002818098,False,187,-0.0026719903107732534,-0.000993161229416728,-0.002048444701358676
3443,334,6,2,-5.930929660797119,0.0006909466,0.0038727568,True,340,-0.0025424002669751644,0.002632408170029521,-0.001992997946217656
3445,103,2,2,-4.928256511688232,-0.002464409,-0.0012385083,False,122,-0.004310092888772488,-0.006749134045094252,0.003664941992610693
3445,699,13,2,-4.916129112243652,0.006310768,-0.004287634,False,694,0.006786022335290909,0.002408904954791069,-0.006221285089850426
3450,49,0,2,-5.6570048332214355,0.004100866,-0.0063449764,True,24,-0.0037964440416544676,-0.0027256871107965708,-0.011516598984599113
3450,698,13,2,-5.582404613494873,-0.0049781892,-0.0075818445,False,688,0.0009426212054677308,0.008634643629193306,-0.010295677930116653
3452,79,1,2,-5.592478275299072,0.0044281576,0.002314167,True,69,0.0035566710866987705,0.004143171478062868,-0.00270049087703228
3452,559,11,2,-3.06494140625,-0.003959465,0.00077807903,False,562,-0.004291129298508167,-0.006520414259284735,0.0069668288342654705
3453,142,2,2,-2.3916256427764893,0.0012765598,0.0034725189,False,125,-0.000996599206700921,-0.002905888482928276,0.004105248488485813
3453,220,4,2,-5.015353679656982,-0.011400995,-0.0027319335,False,233,0.0018121623434126377,-0.002194681204855442,0.012675905600190163
3454,258,5,2,-4.425402641296387,-0.0015820408,0.0019075775,False,285,-0.000228290562517941,-0.0017146015306934714,0.004975928924977779
3454,672,13,2,-5.740935325622559,0.0043864157,-0.003631649,True,662,0.003706054762005806,-0.0035960578825324774,-0.0007159523665904999
3455,22,0,2,-4.780594348907471,-0.0031879616,-0.004216709,False,6,0.0024676132015883923,-0.0056318663991987705,0.007070732302963734
3455,234,4,2,-5.48501443862915,-0.011455059,0.014546327,False,223,-0.00405057892203331,-0.002269868738949299,0.024220675230026245
3455,437,8,2,-3.8767521381378174,0.0035849428,0.0001849413,False,448,0.0009169864933937788,-0.00124880310613662,-0.0012342117261141539
3455,571,11,2,-3.7284655570983887,-0.002769594,-0.001682291,False,552,-0.0016666125738993287,-0.004763846285641193,0.004184536635875702
3455,856,17,2,-5.66812801361084,0.0008810902,-0.0047021294,False,852,-0.002881498308852315,0.0026204586029052734,-0.011085176840424538
3455,877,17,2,-5.9742536544799805,-0.00010417938,0.0034253215,True,890,-0.004053850192576647,0.00671321852132678,-0.007237567566335201
3457,157,3,2,-3.610762596130371,0.0056690215,0.0035593843,False,181,0.0011528778122738004,0.006804146803915501,-0.007760906592011452
3457,465,9,2,-5.919411659240723,-0.005592537,-0.0006600094,False,-1,,,
3457,815,16,2,-4.877458095550537,-0.0007687855,0.0033225059,False,810,-0.003272409550845623,-0.0010820961324498057,0.0019009779207408428
3457,985,19,2,-4.551792621612549,-0.009131288,-2.9296874e-05,False,966,0.00013516425678972155,-0.0011325645027682185,0.010369719937443733
3458,53,1,2,-4.51175594329834,0.010857238,-0.0137012005,False,52,0.0016276169335469604,0.0015994167188182473,-0.024530239403247833
3458,242,4,2,-3.900017023086548,0.0023407983,0.0047565843,False,222,0.005960788577795029,-0.001623830758035183,0.010000405833125114
3458,310,6,2,-4.7812886238098145,0.008226271,0.004710245,False,331,-0.005425348412245512,0.00517445569857955,-0.014115829952061176
3458,612,12,2,-5.859673023223877,-0.004853115,0.0017176152,False,625,-0.00015995978901628405,0.0015723800752311945,0.004838390275835991
3458,777,15,2,-5.9742536544799805,-0.0008226776,0.0013185883,True,796,-0.005391569342464209,0.014868564903736115,-0.01811886951327324
3458,872,17,2,-5.284436225891113,0.0015577317,-0.002688818,False,879,0.011606598272919655,-0.0035647391341626644,0.010924788191914558
3459,202,4,2,-5.7193522453308105,-0.008612251,0.0003871441,False,249,0.003213520161807537,0.00912269577383995,0.00309021957218647
3459,482,9,2,-5.3871917724609375,-0.011020746,-0.00028206824,False,488,-0.005420169793069363,-0.004553852137178183,0.009872360154986382
3461,86,1,2,-5.728444576263428,-0.0011422252,-0.0015718937,True,83,-0.004820461384952068,-0.0007069778512232006,-0.004543152172118425
3461,115,2,2,-5.486149787902832,0.009499597,0.0010003853,True,104,0.0015313243493437767,0.0005235004355199635,-0.0074913883581757545
3461,248,4,2,-4.346561431884766,0.0030086136,-0.011671133,False,209,0.0008984088781289756,-0.0008858966757543385,-0.012895440682768822
3461,668,13,2,-5.930586814880371,-0.004053602,-5.7239533e-05,True,693,-0.0034675311762839556,0.009862890467047691,-0.009334059432148933
3462,7,0,2,-5.650232791900635,-0.0022921371,-0.005886078,False,33,0.002150478307157755,-0.003916787914931774,0.0024733254685997963
3462,918,18,2,-4.2619099617004395,0.0019370556,0.004513216,False,929,0.007835865020751953,-0.0075636194087564945,0.017975645139813423
3463,123,2,2,-5.202098846435547,0.0020776463,-0.006981878,False,143,-0.000225658412091434,-0.003117675893008709,-0.0061675067991018295
3463,356,7,2,-5.028664588928223,-0.012388335,-0.0028195763,False,369,0.002101459540426731,0.00033424378489144146,0.011335974559187889
3463,436,8,2,-5.763718605041504,0.00045761108,-0.004036837,True,401,-0.0009141445043496788,0.00016189574671443552,-0.005570488050580025
3463,447,8,2,-5.251631259918213,-0.00045336725,-0.005150156,False,441,-0.00025988579727709293,-0.009286565706133842,0.004329891409724951
3463,657,13,2,-5.391726970672607,-0.0055550765,-0.0049218177,False,665,0.0011289977701380849,-0.002619085367769003,0.004381341859698296
3463,715,14,2,-5.9742536544799805,-0.00035800933,0.00056635856,True,714,-0.0011835480108857155,-0.0007341194432228804,0.0004749393556267023
3470,1,0,2,-5.960689067840576,0.00023627281,0.005000362,True,5,-0.0004096889460925013,0.0017204857431352139,0.0026339145842939615
3470,305,6,2,-3.8662502765655518,-0.004507365,0.0032847119,False,323,-0.007587857078760862,0.0021587086375802755,-0.001954488456249237
3470,770,15,2,-5.7904229164123535,-0.013955584,0.009473229,False,793,-0.006636591162532568,0.004737481940537691,0.012054739519953728
3470,932,18,2,-4.78272819519043,0.0026434232,-0.00682621,False,909,-0.0005086899036541581,0.0033132934477180243,-0.0132916159927845
3471,99,1,2,-5.573817253112793,-0.01193882,-0.006797266,False,70,-0.011176957748830318,0.0035677433479577303,-0.009603147394955158
3471,124,2,2,-5.378729343414307,0.003933325,-0.0014792728,False,104,0.0026875592302531004,-0.0009225750109180808,-0.0018024635501205921
3471,461,9,2,-2.7803609371185303,-0.0025047492,-0.0063211774,False,484,0.000724630372133106,-0.0005151701043359935,-0.002576627768576145
3471,579,11,2,-5.884857654571533,-0.0038209152,0.004030256,False,590,-0.005795259494334459,-0.000926170323509723,0.002982082311064005
3475,25,0,2,-4.770432472229004,0.0046118735,-0.009433031,False,10,-0.0020318508613854647,-0.009562721475958824,-0.006514034233987331
3475,320,6,2,-4.042947292327881,-0.0027977847,-0.0020707035,False,324,0.0017485427670180798,0.004162979312241077,-0.0016873553395271301
3475,458,9,2,-3.092792510986328,0.01548068,-0.0026997756,False,485,0.002484340686351061,-0.0010748005006462336,-0.014621314592659473
3475,580,11,2,-3.7779383659362793,0.0018354035,0.0039995527,False,552,-0.005198855418711901,-0.0028332185465842485,-0.00020148768089711666
3475,621,12,2,-4.456510066986084,0.0063965414,-0.0017862511,False,630,0.0009222317021340132,0.0009663105010986328,-0.008226870559155941
3475,791,15,2,-3.633338212966919,0.0070846365,-0.0016616249,False,782,-0.0031158446799963713,0.004891910590231419,-0.016754016280174255
3480,42,0,2,-5.091039657592773,-0.011001234,-0.006358051,False,29,0.0017218017019331455,-0.0015246390830725431,0.007889623753726482
3480,776,15,2,-5.791876792907715,0.0032646847,0.0062638093,True,763,0.002109317807480693,0.010084705427289009,-0.004976262804120779
3481,298,5,2,-4.331593990325928,0.0005958748,0.0013034726,False,290,-2.2773741875425912e-05,-0.001845178660005331,0.002530002733692527
3481,629,12,2,-5.815290451049805,-0.007942247,0.0005802345,False,624,0.002694797469303012,0.0049173166044056416,0.006299962289631367
3481,696,13,2,-4.6571431159973145,0.014560556,0.0033689023,False,681,0.0038271904923021793,-0.00826200470328331,0.0008975407108664513
3481,843,16,2,-5.80516242980957,0.003152275,-0.0032324695,True,814,0.0030336380004882812,-0.00019127846462652087,-0.003159827785566449
3482,16,0,2,-5.92196798324585,-0.00037184716,-0.0007597637,True,2,-0.0017340374179184437,0.011131257750093937,-0.013253211975097656
3482,347,6,2,-5.331354141235352,-0.00024336815,0.0010399532,False,333,0.0010526753030717373,0.0031158924102783203,-0.0007798958104103804
3483,50,1,2,-5.690304756164551,0.0036848641,0.0023565292,True,64,-0.010485248640179634,-0.00473989499732852,-0.007073688320815563
3483,498,9,2,-5.740344047546387,0.0035765362,-0.003249836,True,455,0.0026450634468346834,-0.004090575966984034,-9.073223918676376e-05
3483,532,10,2,-2.8068418502807617,0.0008689404,0.00022550106,False,529,0.0009631395223550498,0.0013652801280841231,-0.0010455799056217074
3483,772,15,2,-4.942387104034424,-0.014926939,-0.005135889,False,795,-0.0031524277292191982,0.006756486836820841,-0.0001178644597530365
3484,397,7,2,-2.9518589973449707,-0.0026095868,0.00027983187,False,385,0.0052115581929683685,0.0033919382840394974,0.004709038883447647
3484,457,9,2,-4.359100341796875,0.016060628,-0.007016516,False,486,0.009894933551549911,0.004182081203907728,-0.017364291474223137
3485,68,1,2,-5.6851091384887695,-0.014253196,-0.0036054803,True,95,0.005767879541963339,-0.004013099707663059,0.020428694784641266
3485,221,4,2,-3.675379753112793,-0.0016736746,0.004223299,False,206,-0.0024679661728441715,-0.003513612784445286,0.006942620500922203
3485,246,4,2,-4.8386921882629395,0.0012028695,-0.010825929,False,215,0.005223722662776709,0.0022503852378576994,-0.009055460803210735
3485,690,13,2,-3.528156042098999,-0.0018108034,-0.0044514607,False,664,0.004741644952446222,0.005640292074531317,-0.0035393042489886284
3489,236,4,2,-4.672341823577881,0.0023995305,-0.0014548493,False,215,0.005666761193424463,0.000430040352512151,0.0013823409099131823
3489,691,13,2,-2.2978696823120117,-0.0014589691,-0.0017694044,False,687,-0.000277290353551507,0.0018804359715431929,-0.0024681617505848408
3493,37,0,2,-3.940791130065918,-0.0075491,0.0051870537,False,34,0.00014295577420853078,-0.013268918730318546,0.026148028671741486
3493,111,2,2,-5.709447383880615,0.00426342,-0.0021895312,True,126,-0.008296375162899494,-0.005073976702988148,-0.009675350040197372
3493,131,2,2,-2.8745386600494385,-0.006175318,0.0014114762,False,114,-0.0018712138989940286,-0.003425650531426072,0.009141230955719948
3493,329,6,2,-5.959175109863281,-0.0018646335,0.0037298298,True,307,-0.0009483527974225581,0.001571226166561246,0.003074884181842208
3493,499,9,2,-5.9742536544799805,-0.0038310336,0.0021088219,True,455,-0.005378084257245064,0.007656059227883816,-0.007094288244843483
3493,753,15,2,-5.488116264343262,0.0014932442,-0.0017805004,False,763,0.007273016031831503,-0.0008762454963289201,0.00487551698461175
3493,756,15,2,-5.613335609436035,0.0071166228,-0.0020030213,True,752,0.0058722589164972305,0.0015526962233707309,-0.004800081253051758
3493,838,16,2,-3.7779576778411865,-0.0042668963,-0.0022904873,False,-1,,,
3494,235,4,2,-5.90007209777832,-0.0006097984,0.0047643376,False,201,-0.005335578694939613,0.003662328701466322,-0.003623771946877241
3494,889,17,2,-4.669325828552246,0.010684023,0.0022547722,False,894,0.002214298350736499,-0.004996910225600004,-0.0012180423364043236
3496,55,1,2,-5.937921047210693,-0.01214386,0.0069026663,True,72,-0.0041832830756902695,0.0034642983227968216,0.01139894500374794
3496,87,1,2,-5.650249004364014,0.0060191536,-0.0027738952,True,95,0.005214510019868612,-0.00543585792183876,0.0018573198467493057
3496,216,4,2,-5.414942264556885,-0.010818262,0.0012937927,False,244,0.003894481575116515,0.0055443476885557175,0.01046218816190958
3496,659,13,2,-1.4506542682647705,-0.004616537,0.004022057,False,-1,,,
3498,163,3,2,-5.264854431152344,-0.0053324318,-0.000786829,False,178,-0.0046103764325380325,0.009678010828793049,-0.009742784313857555
3498,648,12,2,-5.516057968139648,0.009163913,0.0023777199,True,604,-0.002450580708682537,-0.0005031776381656528,-0.0087335966527462
3499,136,2,2,-3.275611639022827,0.0072048428,-0.003366437,False,-1,,,
3499,481,9,2,-4.965015888214111,0.0017080402,-0.0047876453,False,491,0.002060108119621873,-0.0003114891005679965,-0.00412408821284771
3499,724,14,2,-2.8475239276885986,2.8853416e-05,-0.009490361,False,737,-0.001689848955720663,-0.001889190636575222,-0.00931987352669239
3499,826,16,2,-4.604671001434326,-0.0071727945,-0.0027308941,False,844,-0.006601667497307062,-0.0006238937494345009,-0.001535873394459486
3501,36,0,2,-5.816530704498291,0.0012031937,-0.0025094794,True,33,-0.006238222122192383,-0.0028939819894731045,-0.007056913338601589
3501,380,7,2,-3.988635301589966,0.001956172,0.0086935945,False,361,-0.0010361385066062212,0.0001718568819342181,0.005529426969587803
3502,0,0,2,-5.126336574554443,0.0026682282,-0.0021345138,False,45,-0.0027717684861272573,-0.004510002210736275,-0.003064508317038417
3502,60,1,2,-5.488667964935303,0.0047769262,-0.006248808,True,78,-0.006391878239810467,0.001161546679213643,-0.018579158931970596
3502,456,9,2,-4.159279823303223,0.005216646,0.00032309533,False,451,-0.003105640411376953,-0.0007236194796860218,-0.007275571580976248
3502,655,13,2,-4.905884265899658,-0.001624918,-0.0018055153,False,681,-0.005147962365299463,-0.006581888068467379,0.0012533284025266767
3503,692,13,2,-5.433067798614502,-0.0064198016,-0.0034137536,False,679,0.00189349171705544,-0.008642253465950489,0.013541793450713158
3503,712,14,2,-3.896141529083252,0.00083835126,-0.00049579144,False,739,0.0012591267004609108,-0.00252425204962492,0.002449236111715436
3504,31,0,2,-5.5432820320129395,0.0018454647,0.0016676902,True,43,-0.004779243376106024,0.003208684967830777,-0.008165703155100346
3504,689,13,2,-5.53916072845459,-0.015548821,-0.0010267544,False,665,-0.0008493041968904436,-0.0015291690360754728,0.01520193088799715
3504,700,14,2,-3.4863455295562744,-0.0024664402,-0.0038784028,False,701,-0.005215282551944256,-0.002291512442752719,-0.004335732664912939
3504,953,19,2,-4.267634391784668,-0.0020835304,-0.0057053473,False,967,0.003418188076466322,0.0022084140218794346,-0.0024120428133755922
3505,211,4,2,-5.53870153427124,0.0029127884,-0.00461009,False,223,-0.002269868738949299,0.006094779819250107,-0.01588752679526806
3505,463,9,2,-5.963746547698975,-0.009852533,0.00049453735,False,489,-0.005672197323292494,-0.003070259001106024,0.007745131850242615
3507,17,0,2,-2.270824909210205,0.00016188144,-0.002801528,False,-1,,,
3507,228,4,2,-3.453664779663086,-0.0053835823,-0.0018949843,False,226,0.003350324695929885,0.0037935448344796896,0.0030453777872025967
3507,247,4,2,-5.712332248687744,0.004778681,0.0025863266,True,201,-0.002816524589434266,-0.0005396365886554122,-0.004469242412596941
3507,300,6,2,-4.023046016693115,0.0041962434,-0.0008679104,False,317,-0.0002586746122688055,0.001999654807150364,-0.007322482764720917
3508,497,9,2,-4.613974094390869,0.0012137794,-0.0076312255,False,475,0.0011922073317691684,-0.0032340525649487972,-0.004418745171278715
3508,787,15,2,-4.892439365386963,-0.00057593343,-0.010583839,False,788,-0.004895658697932959,2.6607513063936494e-05,-0.014930171892046928
3509,179,3,2,-4.08668851852417,0.0025392247,0.0016808223,False,151,-0.0027565096970647573,0.0029716205317527056,-0.006586532574146986
3509,200,4,2,-4.352120876312256,0.0021825028,0.011195941,False,232,-0.0025316523388028145,0.006415352690964937,6.643310189247131e-05
3509,454,9,2,-4.776219367980957,0.0035186196,-0.0008140469,False,494,-0.0009270191076211631,-0.004649152979254723,-0.0006105324719101191
3509,841,16,2,-5.3413848876953125,-0.007903909,-0.0051149465,False,818,0.005541324615478516,-0.0078109074383974075,0.016141194850206375
3510,299,5,2,-4.073461532592773,0.001370306,0.00092489243,False,260,0.0010542965028434992,-0.0015048885252326727,0.002113771392032504
3510,334,6,2,-5.205523490905762,0.0116094975,0.00032310485,False,337,0.002123384503647685,-0.004520740360021591,-0.00464226771146059
3510,859,17,2,-5.255692005157471,-0.00291296,-0.0055107116,False,869,-0.0012788963504135609,0.002055644989013672,-0.005932292900979519
3510,919,18,2,-5.956749439239502,-0.0017672539,0.0038695526,True,904,-0.004697895143181086,0.0029330349061638117,-0.0019941236823797226
3511,71,1,3,-5.461094379425049,0.003721466,-0.00709116,True,80,-0.01768474653363228,0.005127572920173407,-0.03362494707107544
3512,474,9,2,-5.739796161651611,-0.014454108,0.0024967385,False,489,-0.008760509081184864,-0.001423311186954379,0.009613648056983948
3512,669,13,2,-4.908156394958496,-0.00022995949,0.0014225579,False,683,-6.962776387808844e-05,-0.004630079492926598,0.006212969310581684
3514,638,12,2,-4.732295989990234,0.009373055,-0.002905731,False,631,0.00629456527531147,0.0005542087601497769,-0.006538429297506809
3514,948,18,2,-3.615888833999634,-0.003157401,0.0016838408,False,937,0.0024519157595932484,-0.0010387087240815163,0.008331866934895515
3515,345,6,2,-5.957624435424805,-0.0041744616,0.00055422785,True,341,-0.0009527397342026234,0.0008852100581862032,0.0028907395899295807
3515,563,11,2,-4.317259311676025,0.006885214,-0.002834282,False,570,0.0007763481116853654,0.0014686298090964556,-0.010411777533590794
3518,309,6,2,-5.247000217437744,0.0027520943,-0.001222372,False,333,0.002684316597878933,0.0007525062537752092,-0.002042656298726797
3518,711,14,2,-4.771203517913818,-0.001349802,-0.004222164,False,745,0.003984937444329262,0.0011868858709931374,-7.431022822856903e-05
3519,755,15,2,-4.090631484985352,-0.00082468987,0.010036545,False,789,0.013809175230562687,0.001522064208984375,0.023148346692323685
3519,954,19,2,-2.092465400695801,0.003640027,-0.00142169,False,951,-0.0027559376321733,0.005410328041762114,-0.013227982446551323
3521,35,0,2,-5.9742536544799805,-0.014310493,0.0005747795,True,28,-0.014849347993731499,0.0057890890166163445,-0.005753163248300552
3521,251,5,2,-3.8482041358947754,0.0004180622,0.00029031755,False,286,0.0022921657655388117,-0.0015909671783447266,0.00375538831576705
3521,319,6,2,-5.808859348297119,-0.0051161004,-0.002462864,False,301,0.003228425979614258,-0.0021201325580477715,0.008001795038580894
3521,839,16,2,-5.346070289611816,0.0038333703,-0.004584551,False,820,-0.002116069896146655,-0.0012151813134551048,-0.00931880995631218
3521,848,16,2,-5.923603534698486,6.203652e-05,0.0016899109,True,805,0.0008012771722860634,-3.547668529790826e-05,0.0024646283127367496
3521,861,17,2,-5.9742536544799805,-0.0022126483,0.0019337273,True,888,-0.0025723648723214865,0.0003288364387117326,0.0012451743241399527
3522,26,0,2,-5.8099799156188965,-0.001586647,-0.0032854748,False,20,0.0030066107865422964,-0.0031877614092081785,0.004495544359087944
3522,38,0,2,-5.903555393218994,-0.023733845,0.0010557747,True,28,-0.013462800532579422,0.004769868683069944,0.006556950509548187
3522,140,2,2,-3.7204525470733643,0.03452521,-0.0062249135,False,141,-0.003939862363040447,-0.0004753589746542275,-0.044214628636837006
3522,819,16,2,-4.374106407165527,0.0024226094,0.0024644756,False,842,-0.0006071567768231034,0.0021883011795580387,-0.0027535916306078434
3523,294,5,2,-3.6606361865997314,0.0013238192,-0.00082571985,False,263,-0.00022604942205362022,-0.00018257141346111894,-0.002193017164245248
3523,860,17,2,-5.115711212158203,0.016762562,-0.00044801712,True,880,0.002431736094877124,-0.003789443988353014,-0.010989398695528507
3524,225,4,2,-3.980234146118164,-0.0033366252,0.0035636283,False,208,-0.002360105514526367,-0.0024774742778390646,0.007017622701823711
3524,845,16,2,-2.9695723056793213,-0.008558721,0.002256651,False,821,0.0020558834075927734,-0.0044483281672000885,0.017319584265351295
3527,24,0,2,-5.952220916748047,-0.003662405,0.0034340762,True,18,-0.0008922672132030129,0.0009422015864402056,0.005262012593448162
3527,212,4,2,-5.644830226898193,0.0065884683,0.0031756973,True,227,-0.010094919241964817,0.0026998233515769243,-0.016207512468099594
3527,409,8,2,-3.791999578475952,-0.0011767626,-0.0004404211,False,423,-0.002960681915283203,-0.0032531595788896084,0.0010288192424923182
3527,769,15,2,-4.702630519866943,-0.000921793,-0.0055288505,False,779,-0.0012762260157614946,0.012837524525821209,-0.018720807507634163
3529,248,4,2,-5.190865516662598,-0.012827082,0.0019575977,False,233,-0.002726936247199774,-0.0003016948758158833,0.01235943753272295
3529,605,12,2,-3.4585747718811035,0.0052174046,-0.0021877813,False,609,-0.000351624476024881,-0.005925955716520548,-0.001830854918807745
3532,9,0,2,-5.777764797210693,0.003255577,-0.0023613453,True,20,0.0025715255178511143,-0.0006280613015405834,-0.002417335519567132
3532,645,12,2,-5.8247222900390625,-0.002061453,-0.0029906272,False,607,-0.002689905231818557,0.0022775649558752775,-0.005896644666790962
3534,4,0,2,-5.832762718200684,-0.00052876474,0.00014961243,True,20,0.0025577163323760033,2.573966958152596e-05,0.003210353897884488
3534,350,7,2,-4.552195072174072,0.00040718078,0.0005821991,False,384,-0.0007394123240374029,0.0020448302384465933,-0.0026092242915183306
3539,320,6,2,-4.3415117263793945,-0.0071393345,-0.0025133037,False,339,0.0063635255210101604,-0.005982236936688423,0.01697179302573204
3539,379,7,2,-3.3960134983062744,-0.008168016,-0.0029581357,False,391,0.0002514791558496654,0.0011547231115400791,0.004306635819375515
3539,403,8,2,-3.355930805206299,0.0020517302,0.0027722262,False,428,0.0026667355559766293,-0.0033955241087824106,0.006782756187021732
3539,862,17,2,-5.42971658706665,0.0025455474,-0.006866779,False,851,0.00855067279189825,-0.0014294529100880027,0.0005677985027432442
3541,150,3,2,-4.304986000061035,-0.0004280758,-0.0023402309,False,183,0.003205804852768779,0.0006256675696931779,0.0006679821526631713
3541,866,17,2,-4.776508808135986,0.011292629,0.00679903,False,885,0.0008437824435532093,0.0004132842877879739,-0.004063100554049015
3543,598,11,2,-4.774595737457275,0.0012493801,0.0037818146,False,564,0.0014001465169712901,0.0038869380950927734,4.5643188059329987e-05
3543,810,16,2,-4.623363018035889,0.0052709007,0.0037906265,False,812,-0.004647340625524521,-0.003505697241052985,-0.0026219175197184086
3544,620,12,2,-5.895474910736084,-0.010921964,1.6708374e-05,False,625,-0.0021190166007727385,-0.001245784806087613,0.010065440088510513
3544,710,14,2,-4.289304256439209,-0.0037949563,0.0011683368,False,741,0.002785911550745368,-0.0010200119577348232,0.008769216947257519
3545,46,0,2,-5.7945685386657715,0.0033991623,0.0066211987,True,14,0.0017611122457310557,0.0036380195524543524,0.001345129101537168
3545,870,17,2,-5.800163269042969,-0.0014820576,0.00584239,False,873,0.002548971213400364,0.0019921683706343174,0.007881250232458115
3549,271,5,2,-3.8012313842773438,-0.0010363293,-0.0013111496,False,261,-6.585121445823461e-05,0.0008796692127361894,-0.001220340607687831
3549,455,9,2,-5.627432346343994,0.00657856,-0.0031103229,True,483,-0.006222810596227646,0.0005150794750079513,-0.016426773741841316
3549,469,9,2,-4.702068328857422,0.0016709996,0.007112169,False,471,-0.0059452056884765625,0.01018869411200285,-0.01069273054599762
3549,771,15,2,-5.022942066192627,-0.0125158215,-0.006803608,False,760,0.002788667567074299,-0.0008979797130450606,0.009398860856890678
3549,777,15,2,-5.95634126663208,-0.0017662335,0.0067425156,True,774,-0.004370221868157387,0.0059833526611328125,-0.0018448252230882645
3549,801,16,2,-5.942829132080078,0.00062849047,0.00089201925,True,833,0.0004852580896113068,0.0028595924377441406,-0.0021108053624629974
3551,30,0,2,-5.9104132652282715,-0.00745738,0.005470505,True,18,4.4918060666532256e-06,0.003090562764555216,0.009841814637184143
3551,254,5,2,-3.8788912296295166,-0.00096733094,-0.00057424547,False,286,0.00032260894658975303,0.0015253638848662376,-0.0008096694364212453
3554,78,1,2,-5.377660751342773,0.0042318916,0.003736601,True,58,0.007061281241476536,-0.010748548433184624,0.017314540222287178
3554,249,4,2,-5.842892169952393,-0.008195715,0.0068858434,True,201,-0.0017298698658123612,0.005201635416597128,0.008150053210556507
3554,877,17,2,-5.888352870941162,-0.0020619964,0.003785038,True,886,-0.00469968793913722,0.005036354064941406,-0.0038890084251761436
3554,884,17,2,-2.76328706741333,0.0008272648,0.0063466597,False,-1,,,
3555,308,6,2,-5.9742536544799805,-0.00966774,0.0031528377,True,349,-0.0007779598236083984,-0.0009517574217170477,0.012994376011192799
3555,693,13,2,-5.602479457855225,-0.0012816716,-0.0045950604,False,665,-0.0009056568378582597,-0.0012283038813620806,-0.0029907417483627796
3556,772,15,2,-5.522843837738037,-0.0068554785,-0.0038927936,False,778,-0.0014187716878950596,0.008521518670022488,-0.0069776056334376335
3556,867,17,2,-5.158989906311035,0.0026852034,-0.0025855922,False,894,-0.008225508034229279,9.087562648346648e-05,-0.013587179593741894
3559,219,4,2,-4.8663506507873535,-0.0077577876,-0.0063265134,False,233,0.0017499923706054688,-0.013478699140250683,0.016659965738654137
3559,761,15,2,-3.565251350402832,0.010878392,0.00010015011,False,782,-0.0013216161169111729,-0.009596453048288822,-0.002503405325114727
3559,890,17,2,-5.311685085296631,0.0036659336,-0.0015335178,False,864,-0.00019732475630007684,0.0013671494089066982,-0.006763925775885582
3559,935,18,2,-4.074196815490723,-0.010391989,0.009457264,False,920,-0.0018892813241109252,-0.005131111014634371,0.023091081529855728
3560,98,1,2,-5.948174953460693,0.000521574,0.01999485,True,57,0.0007848453242331743,0.005733995232731104,0.0145241254940629
3560,855,17,2,-2.5561466217041016,0.0040592956,0.0034837627,False,-1,,,
3561,324,6,2,-3.604905366897583,0.003759098,0.0007297087,False,348,-0.0005296087474562228,0.001837501535192132,-0.005396499298512936
3561,488,9,2,-5.807553768157959,-0.004184399,0.012014571,False,483,-0.007159042172133923,0.004641399253159761,0.00439852848649025
3562,36,0,2,-5.843742370605469,-0.0039369394,0.0073294546,True,12,-0.00025942802312783897,-0.002748127095401287,0.013755092397332191
3562,606,12,2,-5.95724630355835,-0.0055615995,0.0069397734,True,625,-0.0014095210935920477,-0.00048711776616983116,0.011578969657421112
3563,756,15,2,-5.907625675201416,-0.008324013,0.0032330132,False,762,0.0029285431373864412,0.003227138426154852,0.011258430778980255
3563,824,16,2,-4.409593105316162,-0.0018849277,0.0019895362,False,836,0.005528898444026709,-0.0009113406995311379,0.010314702987670898
3564,235,4,2,-5.8231987953186035,0.0021352672,0.0008743,True,241,-0.0008161640143953264,-0.000985202845185995,-0.0010919284541159868
3564,323,6,2,-3.787734270095825,-3.1905176e-05,0.003329606,False,348,1.5325545973610133e-05,0.001429705647751689,0.0019471311243250966
3565,285,5,2,-4.49937629699707,0.00061977387,-0.0003680706,False,278,-0.002012224169448018,0.0004022407520096749,-0.0034023094922304153
3565,650,13,2,-5.654520511627197,0.005632486,-0.0060904883,True,697,0.0017779922345653176,-0.0033506965264678,-0.00659428583458066
3566,51,1,2,-5.495431900024414,0.0079197595,0.0043200874,True,61,0.00958300568163395,-0.004557647742331028,0.010540980845689774
3566,207,4,2,-4.91996955871582,-0.0054156305,-0.017107135,False,244,0.00897144339978695,-0.007168159354478121,0.0044480981305241585
3568,302,6,2,-5.444234371185303,0.0007800579,0.0069303894,False,337,-0.005397453438490629,0.00273614889010787,-0.0019832709804177284
3568,651,13,2,-5.1376776695251465,0.005056963,-0.0014115715,False,671,-0.002245502546429634,0.0036361885722726583,-0.012350225821137428
3571,312,6,2,-5.349367141723633,0.0119544985,-0.004804602,True,337,-0.005216407589614391,0.002908296650275588,-0.024883806705474854
3571,443,8,2,-4.900296211242676,0.0020933247,0.00082053186,False,427,0.0056768800131976604,0.00011924743739655241,0.004284839611500502
3571,763,15,2,-5.559859752655029,-0.0014195633,0.003111124,False,750,-0.0018106173956766725,0.0016873073764145374,0.0010327626951038837
3571,869,17,2,-5.0541090965271,0.0031750393,-0.0014334678,False,885,-0.004906186833977699,0.0008261680486612022,-0.010340861976146698
3572,514,10,2,-3.9846456050872803,-6.227016e-05,0.00031266213,False,504,-0.0011525154113769531,0.001832661684602499,-0.0026102447882294655
3572,852,17,2,-4.332922458648682,0.018213892,-0.0031770992,False,883,0.00582777988165617,0.0032372665591537952,-0.01880047842860222
3576,699,13,2,-5.471138954162598,-0.0072702216,-0.001842451,False,663,0.002670984249562025,-0.008086681365966797,0.01618543639779091
3576,929,18,2,-5.054900169372559,-0.0044873618,-0.008003568,False,917,0.005837001837790012,-0.004534759558737278,0.0068555548787117004
3578,192,3,2,-2.873403310775757,0.0032117795,-0.00878027,False,176,-0.0016675996594130993,-0.004005250986665487,-0.009654398076236248
3578,903,18,2,-3.324978828430176,-0.0038756896,-0.012387118,False,921,0.0032722330652177334,0.007054667454212904,-0.012293863110244274
3580,35,0,2,-5.845461845397949,0.0025758361,0.002952633,True,1,-0.0020993901416659355,0.0029247666243463755,-0.0046473597176373005
3580,453,9,2,-5.924548625946045,-0.0026863576,0.0062625026,True,480,0.0032612609211355448,0.002611408242955804,0.009598713368177414
3580,719,14,2,-4.052402973175049,0.0017120647,0.0076447916,False,739,-0.0022011995315551758,-0.004313630983233452,0.008045158348977566
3580,787,15,2,-5.528374671936035,-0.010219679,0.0027496528,False,750,-0.0011428451398387551,0.0026369094848632812,0.009189577773213387
3581,220,4,2,-4.180271148681641,0.016784487,-0.0008411312,False,208,-0.008852333761751652,0.0007570076268166304,-0.027234960347414017
3581,796,15,2,-4.931590557098389,0.0041450406,0.0008080578,False,792,-0.009571361355483532,-0.002899293787777424,-0.010009050369262695
3582,28,0,2,-5.426947116851807,0.009749031,0.0034423734,True,41,-0.013083362951874733,-0.0015087890205904841,-0.017881231382489204
3582,229,4,2,-5.789938449859619,-0.011344404,-0.0018012715,False,245,-0.005097951740026474,0.005376157816499472,-0.0009309779852628708
3582,695,13,2,-4.404394626617432,-0.003934841,-0.003995857,False,684,-0.007905998267233372,-0.0023022748064249754,-0.005664739292114973
3582,698,13,2,-5.826555252075195,0.0003174305,-0.002953968,True,697,-0.003975896630436182,-0.0007599735399708152,-0.006487321574240923
3582,737,14,2,-2.8649039268493652,-0.00041481972,0.0020001458,False,723,0.0013873481657356024,-0.0063323974609375,0.010134711861610413
3582,908,18,2,-5.664936542510986,0.000172081,-0.00095477107,False,926,0.0014586448669433594,-1.374244675389491e-05,0.0003455352270975709
3584,593,11,2,-2.892423391342163,-0.009266543,0.009216776,False,576,0.001722311950288713,-0.0027517033740878105,0.0229573342949152
3584,766,15,2,-4.4970197677612305,0.008304958,0.0018543053,False,759,0.006882715038955212,0.0009328651358373463,-0.0005008033476769924
3587,380,7,2,-3.61757230758667,-0.001239872,0.0006432629,False,395,-0.0005756664322689176,0.0020918226800858974,-0.0007843541679903865
3587,489,9,2,-5.758164405822754,0.003806095,-0.0008304787,True,483,-0.002665405161678791,-0.00414134981110692,-0.003160628955811262
3588,474,9,2,-5.686707019805908,0.0001538372,-0.0042504407,False,478,-0.006442585028707981,0.0035132598131895065,-0.014360122382640839
3588,610,12,2,-3.514238119125366,0.002870102,-0.008286891,False,609,-0.00668103713542223,-0.008808617480099201,-0.009029412642121315
3590,188,3,2,-3.1785888671875,-0.00070409296,0.00019634723,False,181,0.0014678383013233542,4.9777030653785914e-05,0.0023185014724731445
3590,690,13,2,-3.4521758556365967,0.0055108354,-0.0026200628,False,664,-0.003624453442171216,-0.0005754471058025956,-0.011179905384778976
3590,794,15,2,-3.0167977809906006,-0.0075271986,0.0022949171,False,780,-0.004399748053401709,-0.0007056570029817522,0.006128024309873581
3590,802,16,2,-1.097909688949585,0.0042915847,-0.003591926,False,-1,,,
3591,26,0,2,-5.550749778747559,0.005598717,0.0028120803,True,42,-0.0014301968039944768,0.000745048513635993,-0.004961881786584854
3591,532,10,2,-2.796602964401245,-0.00040128708,-0.00091784,False,-1,,,
3591,641,12,2,-5.425173282623291,-0.008757897,-9.728432e-05,False,624,0.0036248492542654276,-0.00772404670715332,0.020009508356451988
3591,752,15,2,-5.895320415496826,-0.0057312488,0.009459448,True,762,0.000988273648545146,-0.0005174922989681363,0.016696462407708168
3592,498,9,2,-5.449252605438232,0.010500021,-0.006964121,True,462,0.005451230797916651,-0.0038973998744040728,-0.008115511387586594
3592,880,17,2,-5.381070613861084,-0.0026988315,-0.0035663224,False,898,0.003507327986881137,-0.0006289482116699219,0.0032687855418771505
3593,788,15,2,-4.229411602020264,0.015325365,0.0007356739,False,789,-0.001063814153894782,-0.008358688093721867,-0.007294816896319389
3593,862,17,2,-5.781736850738525,-0.0049088956,0.0060565756,False,863,0.002230243757367134,-0.0029625319875776768,0.016158247366547585
3597,54,1,2,-5.601545333862305,0.0050540734,0.009358006,False,72,0.0002507686731405556,0.014282140880823135,-0.00972743984311819
3597,458,9,2,-3.270364761352539,0.0012936497,-0.005050712,False,467,0.0077445791102945805,0.011584945023059845,-0.010184727609157562
3600,169,3,2,-5.5849690437316895,0.00025702477,0.0018078518,False,171,0.0011561583960428834,-0.001259765587747097,0.003966751042753458
3600,304,6,2,-5.949777126312256,-0.00786685,0.0067026615,True,346,0.0009109878446906805,0.0005475711659528315,0.01493292860686779
3601,74,1,2,-5.41709041595459,0.0060488414,0.005948744,True,50,-0.0027349567972123623,0.0069900513626635075,-0.009825105778872967
3601,499,9,2,-5.868383884429932,0.0013914395,0.00061543466,True,480,0.0034051609691232443,0.0009493351099081337,0.0016798211727291346
3601,666,13,2,-4.415740013122559,0.0058971024,-0.002787342,False,654,-0.0016821575118228793,-0.0007168674492277205,-0.009649734012782574
3601,786,15,2,-3.059335947036743,0.002967863,0.010349531,False,797,0.0033901738934218884,0.0038239622954279184,0.006947878748178482
3603,214,4,2,-4.192590713500977,0.004733467,0.003934398,False,234,0.0021676921751350164,0.006953945383429527,-0.0055853221565485
3603,809,16,2,-2.5334479808807373,-0.0023025798,0.001446395,False,807,-0.003629827406257391,0.0021782112307846546,-0.0020590638741850853
3609,236,4,2,-5.168553352355957,-0.011911698,0.0065389443,False,227,0.008684482425451279,-0.0029963492415845394,0.030131474137306213
3609,551,11,2,-4.554620742797852,0.0011054992,-0.0044076825,False,564,0.006412811111658812,-5.7220458984375e-06,0.000905351247638464
3609,629,12,2,-5.959781646728516,-0.006228409,0.0021474457,True,634,-0.002702693920582533,0.003851337358355522,0.001821822952479124
3609,940,18,2,-2.4724714756011963,0.00017366886,0.00070766447,False,934,-0.004880032502114773,0.007330212742090225,-0.011676250025629997
3611,238,4,2,-5.886482238769531,-0.017202644,0.005389137,False,211,-0.001814832678064704,0.00151342386379838,0.019263524562120438
3611,645,12,2,-5.60127067565918,0.0023677158,0.005414,True,644,-0.003926296252757311,0.004798192996531725,-0.005678205285221338
3612,316,6,2,-5.913486480712891,-0.007354479,-0.0010931205,True,343,-0.006213626824319363,0.0017316436860710382,-0.0016839122399687767
3612,561,11,2,-5.896824359893799,-8.573532e-05,0.00084820745,True,591,-0.0035247802734375,0.0012504768092185259,-0.003841313999146223
3613,11,0,2,-4.645395755767822,0.026090441,-0.005421524,True,47,-0.0005436039064079523,0.007020912133157253,-0.03907648101449013
3613,102,2,2,-4.200137138366699,0.0037179948,0.0022651863,False,149,-0.004881196189671755,0.0055053043179214,-0.011839308775961399
3614,45,0,2,-5.935760498046875,-0.014228754,0.0027289295,True,20,-5.685806172550656e-05,-0.0010265064192935824,0.01792733184993267
3614,360,7,2,-3.6569645404815674,0.004530439,0.0008465004,False,396,-0.0008199405856430531,0.0007660484407097101,-0.005269927904009819
3615,656,13,2,-2.027017593383789,0.004804735,-0.009728546,False,687,0.002084579551592469,-0.0018648958066478372,-0.010583805851638317
3615,865,17,2,-5.164401531219482,-0.001915226,0.0024390412,False,894,0.0016305542085319757,0.006333189085125923,-0.00034836772829294205
3616,354,7,2,-5.233989715576172,-0.00025910378,-0.0005867481,False,375,-0.0006217097979970276,0.002436990849673748,-0.0033863449934870005
3616,588,11,2,-5.718238830566406,0.004394159,-0.0051202965,True,556,-0.002946739085018635,-0.002559404354542494,-0.00990178994834423
3618,736,14,2,-3.5392138957977295,0.015393968,-0.002510457,False,701,0.0012442731531336904,0.006834435276687145,-0.02349458634853363
3618,770,15,2,-5.737419605255127,-0.00022034645,-0.0021867275,False,762,0.0035447978880256414,-0.0015368843451142311,0.003115301486104727
3619,32,0,2,-5.973548412322998,1.4104843e-05,0.0015097618,True,49,-0.0015112495748326182,0.003450031392276287,-0.0034656240604817867
3619,623,12,2,-5.607423782348633,-0.003827839,0.0029037476,False,644,-0.0029562758281826973,0.006478424184024334,-0.002703113481402397
3620,151,3,2,-3.7261128425598145,0.0062619112,0.0010436344,False,180,0.0005679416935890913,-0.0025104903616011143,-0.002139844698831439
3620,655,13,2,-5.439393043518066,-0.009283342,-0.0027300166,False,652,-0.00418851850554347,0.00168889993801713,0.0006759073585271835
3621,413,8,2,-3.13555908203125,-7.743835e-05,-0.00045538426,False,433,-0.0003093814884778112,-0.001293072709813714,0.0006057452992536128
3621,649,12,2,-4.015120506286621,0.009110708,-0.0006258011,False,621,0.0048912810161709785,-0.0015451621729880571,-0.0033000661060214043
3627,270,5,2,-3.2845287322998047,-7.637501e-05,-0.0012117386,False,283,-0.0022382689639925957,-0.001509594963863492,-0.001864037592895329
3627,279,5,2,-4.475080966949463,0.0003192997,-0.0031411552,False,262,-0.002305259695276618,-0.001053886371664703,-0.0047118281945586205
3627,340,6,2,-5.779869079589844,0.0022360801,0.0013856601,True,342,-0.0018676758045330644,-0.002699746983125806,-1.834880094975233e-05
3627,650,13,2,-5.555092811584473,0.001964035,-0.0010493946,True,660,-0.008017683401703835,0.008566217496991158,-0.019597331061959267
3629,312,6,2,-5.482382297515869,-0.0029366207,-0.0036988258,False,335,-0.0020873355679214,0.0004220008850097656,-0.0032715415582060814
3629,760,15,2,-5.882608890533447,-0.017401952,0.00084051135,True,762,-0.0006585597875528038,0.003117799758911133,0.014466104097664356
3633,386,7,2,-3.9716029167175293,0.0013481522,0.0011241054,False,382,0.0008772754808887839,-0.0013412904227152467,0.001994519028812647
3633,681,13,2,-4.931733131408691,0.006184435,0.0017261792,False,669,0.0037666605785489082,0.0010907936375588179,-0.0017823891248553991
3637,213,4,2,-5.972282886505127,-0.009783601,0.001146059,True,247,-0.004613733384758234,0.006049003452062607,0.00026692450046539307
3637,606,12,2,-5.556881427764893,0.003529949,-0.008025446,False,603,-0.007995796389877796,0.004428701475262642,-0.02397989295423031
3638,38,0,2,-5.741436958312988,0.0006778049,-0.0009095001,True,14,-0.001605453435331583,-0.0033489512279629707,0.00015619280748069286
3638,245,4,2,-5.581761837005615,0.0019684124,-0.00015067101,False,201,0.0009246158879250288,0.0031039046589285135,-0.004298372194170952
3638,635,12,2,-4.680671215057373,-0.006459923,0.0057450295,False,637,0.0002695751318242401,0.005036716349422932,0.007437811233103275
3638,684,13,2,-4.492373943328857,-0.0036674119,0.009395914,False,694,0.012065010145306587,-0.0033564185723662376,0.028484754264354706
3639,196,3,2,-3.317983865737915,0.0012488317,5.722523e-05,False,176,-0.0035814952570945024,0.000887432077433914,-0.005660533905029297
3639,872,17,2,-5.774101257324219,-0.006221056,0.0031014823,True,875,-0.003061008406803012,0.003262166865170002,0.002999362535774708
3640,16,0,2,-5.715450286865234,-0.00049453735,-0.0016265297,False,7,-0.004020204767584801,-0.0023701286409050226,-0.0027820684481412172
3640,269,5,2,-2.9867124557495117,0.0130010415,-0.00023639202,False,284,0.0023592852521687746,-0.00043405056931078434,-0.010444097220897675
3642,278,5,2,-4.543693542480469,-0.0008634949,0.0017883205,False,262,-0.002087125787511468,0.0005116939428262413,5.299551412463188e-05
3642,307,6,2,-5.0801310539245605,0.010989275,-0.0040081595,False,315,-0.0005543995066545904,-0.0009634685702621937,-0.014588364399969578
3644,570,11,2,-3.9211196899414062,0.0044708345,0.0042979764,False,573,0.001966700656339526,-0.0037915564607828856,0.005585398990660906
3644,612,12,2,-5.738372325897217,-0.00032719612,0.007512674,True,624,-0.006518736016005278,-0.000264234549831599,0.001585368998348713
3645,24,0,2,-5.949525833129883,-0.008525142,0.0016631794,True,44,-0.0014838981442153454,-0.00025262832059524953,0.008957051672041416
3645,207,4,2,-5.26294469833374,0.0034253693,-0.007611303,False,240,-0.0029321862384676933,0.007681465242058039,-0.021650325506925583
3645,225,4,2,-4.274762153625488,-0.011958637,-0.010966558,False,215,5.665779099217616e-05,0.00768558494746685,-0.0066368477419018745
3645,854,17,2,-3.2624351978302,0.0074748658,-0.0028365469,False,853,0.00098177429754287,-0.002523555653169751,-0.006806082557886839
3648,22,0,2,-5.320717811584473,0.0088920975,0.0019274331,True,8,-0.005654192063957453,-0.010731935501098633,-0.001886921003460884
3648,980,19,2,-4.179065227508545,0.0013449669,0.003033781,False,995,-0.0018115139100700617,-0.002564935712143779,0.0024422358255833387
3649,212,4,2,-5.671125411987305,-0.0063907527,-0.0014134693,False,248,-0.011989517137408257,-0.0037927627563476562,-0.0032194708473980427
3649,489,9,2,-5.782418251037598,-0.003653288,-0.0023300457,False,480,-0.00019865036301780492,-0.0005529594491235912,0.001677551306784153
3650,506,10,2,-4.177590370178223,0.00073496817,-0.0018654347,False,513,-0.0020309067331254482,0.0012049197684973478,-0.005836229305714369
3650,620,12,2,-5.620110511779785,0.0070806313,-0.0009425354,True,638,-0.010776691138744354,0.006363144144415855,-0.02516300231218338
3654,241,4,2,-5.8167619705200195,-0.001766529,0.0006973362,True,233,-0.0060376739129424095,-0.0021390628535300493,-0.0014347457326948643
3654,658,13,2,-3.7365200519561768,0.0023536729,0.0026463224,False,664,0.001867265673354268,-0.001714677782729268,0.003874592948704958
3656,497,9,2,-5.276612281799316,-0.0071037007,-0.013205652,False,469,-0.01667875237762928,-0.0014863776741549373,-0.021294325590133667
3656,889,17,2,-4.267440319061279,-0.0044196127,-0.0004933167,False,883,0.005825977306813002,-0.005887193605303764,0.015639467164874077
3657,474,9,2,-5.786269187927246,-0.0036023713,-0.0035916234,True,463,-0.004588651470839977,-0.0007282829028554261,-0.003849620698019862
3657,861,17,2,-5.53330659866333,0.0020407771,-0.00041503907,False,895,0.002355556469410658,-0.006852226331830025,0.006751967128366232
3658,23,0,2,-5.641236782073975,-0.00761282,-0.0064349747,False,42,-0.004787006415426731,-0.0019084453815594316,-0.0017007160931825638
3658,224,4,2,-4.541662216186523,0.0120819,-0.009765348,False,204,-0.0030626964289695024,-0.007040786556899548,-0.01786915771663189
3659,107,2,2,-3.7317962646484375,-0.0038225509,-0.0020471525,False,149,0.003462834283709526,-0.007145219016820192,0.01238345168530941
3659,192,3,2,-3.3177177906036377,-0.0020677948,-0.0046465253,False,197,0.0069799041375517845,0.002724766731262207,0.0016764069441705942
3659,816,16,2,-3.910407543182373,0.010680743,-0.007350483,False,819,0.008246765471994877,0.004206642974168062,-0.013991102576255798
3659,842,16,2,-3.8167099952697754,0.0071849916,0.0068691303,False,811,-0.00163479323964566,-0.0030721663497388363,0.0011215117992833257
3660,768,15,2,-3.7005720138549805,0.0024281407,0.007974248,False,755,0.00215492257848382,-0.012800183147192001,0.020501213148236275
3660,887,17,2,-4.826170921325684,-0.006186113,0.0029385376,False,894,0.004584455396980047,0.007675323635339737,0.006033782381564379
3666,198,3,2,-1.8655682802200317,-0.00056478265,0.0010175944,False,170,0.0024484205059707165,-0.0016380882589146495,0.0056688860058784485
3666,494,9,2,-4.474035739898682,0.010628948,0.004781246,False,471,-0.0029821014031767845,-0.0009755801875144243,-0.007854223251342773
3668,21,0,2,-4.010346412658691,-0.0008625698,-0.0050891684,False,39,0.005715241655707359,-0.00698977941647172,0.008478421717882156
3668,216,4,2,-5.468611240386963,0.009333868,-0.0029496956,True,201,0.0033632279373705387,-0.0007927989936433733,-0.008127536624670029
3669,337,6,2,-4.971560478210449,0.0052683447,0.012619524,False,315,-0.0003892993845511228,-0.0007793712429702282,0.007741251494735479
3669,363,7,2,-4.208616256713867,-0.004531598,0.002979517,False,357,0.0025909519754350185,-0.0031157778576016426,0.013217845000326633
3670,309,6,2,-5.417913436889648,-0.006576538,0.005310335,False,330,0.0018870735075324774,-0.0037670708261430264,0.01754101738333702
3670,998,19,2,-4.4868364334106445,-0.0006428051,-0.0011466027,False,993,-0.0020486353896558285,-0.0024349212180823088,-0.00011751172132790089
3671,4,0,2,-5.634333610534668,0.0026586247,-0.0060286997,True,3,0.006099252495914698,-0.0008894729544408619,-0.0016985991969704628
3671,334,6,2,-5.321478843688965,-0.0055651283,0.0014405728,False,329,0.001826210063882172,-0.00034899712773039937,0.009180908091366291
3676,12,0,2,-5.945504188537598,-3.027916e-05,-0.00022486686,True,49,-1.698493906587828e-05,-0.0006687450222671032,0.000457172398455441
3676,101,2,2,-4.777008533477783,0.0034170724,-0.004581423,False,129,0.0031032466795295477,-0.0005399417714215815,-0.00435530673712492
3677,179,3,2,-4.206937313079834,-0.0013151455,0.00015202523,False,160,0.0016753578092902899,0.0027938748244196177,0.0003486537607386708
3677,361,7,2,-4.196835041046143,0.0013431358,0.0017063236,False,389,-0.0009184646769426763,0.001950597739778459,-0.00250587472692132
3677,814,16,2,-4.923134803771973,0.020674504,-0.011371622,True,804,-0.0026798725593835115,-0.0016113185556605458,-0.03311467915773392
3677,848,16,2,-5.220406532287598,0.013957433,-0.001301403,False,844,-0.009507084265351295,-0.0013544941321015358,-0.023411426693201065
3678,639,12,2,-5.836822986602783,0.001082983,-0.000230484,True,619,-0.00935974158346653,0.0019580840598791838,-0.012631293386220932
3678,747,14,2,-4.50458288192749,0.002241726,-0.0014901448,False,733,0.004264650400727987,0.007283983286470175,-0.0067512039095163345
3679,208,4,2,-3.9337527751922607,0.0068447352,-0.0017181158,False,203,0.002420172793790698,-0.0007044363301247358,-0.005438241641968489
3679,781,15,2,-5.247234344482422,-0.0100859925,0.0012747479,False,774,0.004201450385153294,-0.00102007866371423,0.016582269221544266
3680,319,6,2,-5.264009952545166,0.006660023,-0.00336442,False,302,-0.00320917135104537,0.00019227027951274067,-0.013425884768366814
3680,909,18,2,-4.770378112792969,-0.008680029,0.004910784,False,931,0.004827490076422691,0.0028107070829719305,0.015607595443725586
3681,41,0,2,-4.8624653816223145,0.01307252,0.0014787387,False,37,-0.001129417447373271,-0.003706388408318162,-0.009016809985041618
3681,978,19,2,-3.570828676223755,-0.00014987946,0.0032305336,False,989,-0.0031477308366447687,-0.0019317626720294356,0.002164444886147976
3682,117,2,2,-1.7372424602508545,-0.0011385441,-0.0054253866,False,-1,,,
3682,246,4,2,-5.195506572723389,0.006549101,0.0021189023,False,219,-0.00013201712863519788,0.00522956857457757,-0.0097917839884758
3682,454,9,2,-5.322494029998779,-0.011143074,-0.0067525576,False,466,0.0017496204236522317,-0.003554763738065958,0.0096949003636837
3682,486,9,2,-4.265343189239502,0.0028535842,-0.004416475,False,451,0.004081659484654665,-0.003481321269646287,0.00029292143881320953
3683,9,0,2,-5.91389274597168,-0.00012470245,3.965378e-05,True,30,-0.002120313700288534,0.005554237402975559,-0.007510195020586252
3683,90,1,2,-5.745332717895508,-0.004543238,0.00851677,True,65,-0.00812369305640459,-0.002852821256965399,0.007789135444909334
3683,228,4,2,-3.9460713863372803,-0.004704137,-0.0040274,False,220,0.005252189468592405,-0.0023630810901522636,0.008292007260024548
3683,519,10,2,-3.893159866333008,-0.00075668335,0.0007110548,False,514,0.0021028185728937387,0.0030493878293782473,0.0005211688112467527
3683,666,13,2,-5.003946304321289,-0.008157883,0.0023862552,False,669,0.0010907936375588179,0.0006348895840346813,0.011000041849911213
3683,810,16,2,-4.059272766113281,0.0041040517,0.0020555926,False,819,0.006151962094008923,0.0031564999371767044,0.0009470030199736357
3686,157,3,2,-4.7830119132995605,-0.022779413,-0.0008709526,False,193,0.004245653282850981,0.001220111851580441,0.02493400126695633
3686,670,13,2,-4.514379501342773,0.012865152,-0.00063166616,False,653,0.004497823771089315,-0.003056220943108201,-0.005942773073911667
3686,677,13,2,-3.441213369369507,-0.00045124532,0.0024101592,False,664,0.005615277215838432,-0.011093501932919025,0.019570184871554375
3686,763,15,2,-5.799036026000977,-0.009384079,-0.0014312172,True,767,-0.008309107273817062,0.0033830737229436636,-0.0037393197417259216
3686,836,16,2,-4.773826599121094,-0.0024145509,-0.00033221245,False,815,0.007284021470695734,-0.0025784014724195004,0.011944761499762535
3686,970,19,2,-4.24029016494751,-0.0015643596,0.00076438906,False,967,-0.0018281174125149846,0.0015539645683020353,-0.0010533332824707031
3687,20,0,2,-5.5407490730285645,0.006727314,0.0005576897,True,40,0.005190238822251558,0.002218971261754632,-0.003198357066139579
3687,69,1,2,-5.260003089904785,0.009021673,0.0002473545,False,71,0.009526491165161133,-0.005508842412382364,0.006261014379560947
3687,689,13,2,-5.906332492828369,-0.0009094048,0.0033135032,True,662,4.051208452438004e-05,-0.0004993343609385192,0.004762754309922457
3687,780,15,2,-3.331409454345703,-0.0010802079,0.0046711634,False,775,0.007643742486834526,-0.004092125687748194,0.017487239092588425
3688,1,0,2,-5.845408916473389,-0.0049740695,0.00092059135,False,10,-0.007304964121431112,0.001638011890463531,-0.0030483147129416466
3688,843,16,2,-5.599977493286133,0.004461336,-0.00041660308,False,806,-0.001621198607608676,-0.002497720764949918,-0.004001416731625795
3689,45,0,2,-5.9742536544799805,-0.0015299798,0.0014624691,True,14,-0.006746492348611355,0.0028974818997085094,-0.006651524920016527
3689,490,9,2,-5.918761253356934,-0.0025688838,0.0028040123,True,481,-0.004291801247745752,0.0006356143858283758,0.00044548045843839645
3689,772,15,2,-5.9742536544799805,-0.0031244373,0.00026039124,True,776,-0.005716180894523859,0.000550127006135881,-0.002881479449570179
3689,890,17,2,-5.9742536544799805,-0.009779329,0.0019332696,True,892,-0.007825946435332298,0.001531200367026031,0.0023554516956210136
3690,578,11,2,-4.961217403411865,-0.0008703804,-0.0014094257,False,597,-0.0017343044746667147,-0.0029373455327004194,0.0006639956845901906
3690,629,12,2,-5.848052501678467,0.0014670562,-0.0016777515,False,627,0.0012737083015963435,0.006586017552763224,-0.008457116782665253
3691,413,8,2,-3.079951524734497,0.001144209,0.0015161991,False,417,0.004855661187320948,-0.002570834243670106,0.007798485923558474
3691,770,15,2,-5.930294036865234,-0.0028049278,-0.0006042862,True,778,-0.010267667472362518,-0.0006100750179030001,-0.007456950843334198
3692,504,10,2,-3.923431634902954,-0.0015143442,-0.0005451202,False,510,0.0023254060652107,-0.0007025766535662115,0.003997206687927246
3692,885,17,2,-5.920712471008301,-0.019746685,0.0062895967,False,859,-0.0033874798100441694,-0.0008246803190559149,0.023473482578992844
3695,110,2,2,-4.721916675567627,0.007149086,-0.002006998,False,129,0.0037449169903993607,-0.0036362267564982176,-0.0017749397084116936
3695,607,12,2,-5.839035987854004,-0.0021174336,-0.0011775685,False,640,-0.003757600672543049,-0.0007791614625602961,-0.002038574079051614
3696,128,2,2,-5.927818775177002,-0.011174479,0.0026616955,True,120,-0.00046193122398108244,-0.0001266860926989466,0.01350092887878418
3696,683,13,2,-5.800032138824463,-0.0038051987,0.0014679432,False,688,-0.0027206612285226583,0.004050769843161106,-0.001498289406299591
3697,6,0,2,-5.880613803863525,-0.0011448002,-0.001872797,True,2,-0.00261034001596272,-0.00148290628567338,-0.0018554305424913764
3697,130,2,2,-5.967670917510986,-0.0022840213,0.0016475201,True,138,-0.00010283470328431576,0.0005362510564737022,0.003292455803602934
3697,152,3,2,-5.637874603271484,0.0017596626,-0.0033951092,False,153,0.0003491592360660434,-0.002450914354994893,-0.0023546982556581497
3697,230,4,2,-5.938700199127197,-0.00089102745,0.0041839983,False,248,-0.0020458889193832874,0.0010536194313317537,0.001975517487153411
3697,562,11,2,-3.3691141605377197,0.0025585557,-0.0023496104,False,557,-0.004115295596420765,-0.0032887745182961226,-0.005734686739742756
3697,608,12,2,-5.576280117034912,-0.0164266,0.009623604,False,601,0.0016375923296436667,0.002331867115572095,0.025355929508805275
3698,452,9,2,-4.6558308601379395,0.013378982,-0.0028141404,False,495,-8.164405880961567e-05,0.0026859568897634745,-0.018960725516080856
3698,760,15,2,-5.9718427658081055,-0.0033411407,0.0016757965,True,778,-0.009984826669096947,0.0009015655377879739,-0.005869455635547638
3700,202,4,2,-5.601099014282227,-0.009968853,-0.0042138766,False,229,0.0053591253235936165,0.0006081962492316961,0.010505905374884605
3700,385,7,2,-3.255568027496338,-0.002049203,-0.0016011143,False,391,0.0017581081483513117,-0.0033190869726240635,0.005525283981114626
3700,483,9,2,-5.420740127563477,0.010589829,0.0021035098,True,496,-0.0051948451437056065,0.002106723841279745,-0.015787888318300247
3700,645,12,2,-5.015486240386963,0.0039764405,-0.0021275044,False,628,-0.0003911781241185963,0.003941412083804607,-0.010436534881591797
3703,563,11,2,-4.756717681884766,-0.00066124916,0.001706562,False,555,0.001936197280883789,-0.0036249160766601562,0.007928924635052681
3703,602,12,2,-5.472599029541016,0.009090242,-0.0010940551,True,603,-0.003858108539134264,0.001997995423153043,-0.01604040153324604
3709,793,15,2,-5.1299872398376465,0.011632566,-0.00065893173,False,790,0.0025772571098059416,0.004332380369305611,-0.01404662150889635
3709,869,17,2,-4.584590911865234,-0.0033376217,-0.00279109,False,852,0.0008667659712955356,0.0022041702177375555,-0.0007908724946901202
3712,94,1,2,-3.8305065631866455,0.016211133,0.007999344,False,75,-0.002608976326882839,-0.01613406091928482,0.005313294939696789
3712,450,9,2,-2.332860231399536,-0.0015147877,-0.004886141,False,484,-0.0023499394301325083,-0.001268100691959262,-0.004453191999346018
3715,136,2,2,-3.143411636352539,0.0066808034,0.0031642532,False,114,-7.66992598073557e-05,0.0036733055021613836,-0.007266554981470108
3715,497,9,2,-5.281229019165039,0.007473526,0.011309614,True,473,0.0030146504286676645,0.00462170597165823,0.0022290328051894903
3719,24,0,2,-5.3678460121154785,0.011671381,-0.00861517,True,36,0.0015723038231953979,-0.005155382212251425,-0.01355886459350586
3719,296,5,2,-2.9129045009613037,-0.0010888958,-0.0007577419,False,284,0.0008922290871851146,-0.0008803224773146212,0.0021037054248154163
3720,50,1,2,-4.878562927246094,0.0031190587,0.008283453,False,70,-0.012255487032234669,0.003512258641421795,-0.010603351518511772
3720,178,3,2,-4.637463569641113,-0.0035830021,-0.0005315781,False,186,-0.001954631879925728,-0.004988794215023518,0.00608558626845479
3720,680,13,2,-5.757753372192383,0.003563547,-0.004200344,True,674,0.002101573860272765,-0.0033329962752759457,-0.00232932111248374
3720,765,15,2,-2.644873857498169,0.009291001,-0.0108312275,False,797,0.00683250417932868,0.006265874020755291,-0.019555598497390747
3722,72,1,2,-5.133131980895996,-0.005715656,-6.957054e-05,False,97,-0.008869189769029617,0.010312233120203018,-0.013535337522625923
3722,217,4,2,-2.8626344203948975,0.008846784,0.008608418,False,200,-0.0009496593265794218,0.004214587155729532,-0.005402612965553999
3723,18,0,2,-5.973912239074707,-0.0083594415,0.0010661602,True,44,-0.002067518187686801,0.0013202667469158769,0.006037816870957613
3723,47,0,2,-4.267852783203125,-0.0024029445,-0.00075299264,False,39,-0.006011514458805323,-0.007549447938799858,0.0031878852751106024
3723,210,4,2,-5.118825435638428,-0.0039521884,-0.0020562743,False,204,-0.008090181276202202,-0.010289468802511692,0.004095201380550861
3723,567,11,2,-4.3146514892578125,-0.0063969614,-0.0070331004,False,580,-0.0023186493199318647,-0.00011277198791503906,-0.0028420162852853537
3724,3,0,2,-5.611964702606201,0.002118082,-0.0064379503,True,40,-0.00032380103948526084,-0.0034412003587931395,-0.0054386332631111145
3724,465,9,2,-5.577484607696533,0.003435011,-0.0053984737,False,496,-0.006219177041202784,-0.0006954765412956476,-0.014357184991240501
3725,877,17,2,-5.9742536544799805,-0.0011063671,0.00069600105,True,859,-0.00023326874361373484,0.002678499324247241,-0.0011094000656157732
3725,920,18,2,-4.191857814788818,0.0012654114,0.0060997154,False,935,-0.00744707090780139,0.002781496150419116,-0.005394262727349997
3727,5,0,2,-5.902324199676514,-0.00499959,0.00034082413,True,15,-0.0028996276669204235,0.0012631893623620272,0.0011775968596339226
3727,474,9,2,-5.967658042907715,0.00012094498,0.009225292,True,460,-0.00035805703373625875,0.002748155500739813,0.005998134613037109
3732,189,3,2,-4.406561374664307,0.0006370163,-0.0034604454,False,194,3.750801261048764e-05,-0.003756551770493388,-0.00030340184457600117
3732,346,6,2,-5.1236162185668945,0.0143670365,0.0021112347,True,315,-0.00405230512842536,0.002575788414105773,-0.018883895128965378
3732,470,9,2,-5.780369758605957,-0.0046727275,0.005018921,False,478,-0.0028897286392748356,0.0030607699882239103,0.003741149790585041
3732,781,15,2,-5.08754301071167,0.004273014,-0.004093523,False,790,7.544517575297505e-05,-0.0012924098409712315,-0.006998682394623756
3733,592,11,2,-3.4027843475341797,0.00512764,0.004458461,False,571,0.00044705389882437885,0.0025829458609223366,-0.0028050709515810013
3733,622,12,2,-4.83011531829834,-0.0023589516,0.008207303,False,613,0.005922832526266575,0.005963220726698637,0.010525865480303764
3734,245,4,2,-5.890173435211182,-0.0032172203,0.007494049,False,248,-0.00015380859258584678,0.008994894102215767,0.0015625664964318275
3734,463,9,2,-5.54959774017334,0.005654621,0.0103935525,False,466,-0.005175228230655193,0.004099645651876926,-0.00453594233840704
3736,328,6,2,-3.8266489505767822,0.0066662743,0.0018605756,False,300,-0.003109345445409417,0.0029941319953650236,-0.010909175500273705
3736,610,12,2,-4.648486137390137,-0.013190484,-0.003391943,False,637,-0.0003968238888774067,-0.003268337342888117,0.012670054100453854
3737,192,3,2,-3.7648370265960693,-0.005336547,-0.0045117424,False,180,-0.00022591590823139995,0.003330922219902277,-0.002732033608481288
3737,335,6,2,-5.8365960121154785,-0.00083268166,-0.0027531527,True,349,0.0027384567074477673,0.0020964050199836493,-0.001278419396840036
3737,488,9,3,-4.550403118133545,0.01922351,0.0028541756,False,451,-0.00467915553599596,0.003637428395450115,-0.024685917422175407
3737,605,12,2,-3.1758716106414795,0.011620927,0.002288933,False,616,0.000640597369056195,6.017684881953755e-06,-0.008697413839399815
3737,932,18,2,-5.489673614501953,-0.006674023,-0.0031769276,False,908,0.0003964424249716103,-0.002884655026718974,0.0067781927064061165
3739,233,4,2,-5.414388656616211,0.009444218,0.005610952,True,201,0.003426570910960436,0.0016236972296610475,-0.002030392177402973
3739,261,5,2,-3.771672248840332,0.001088667,0.00051167014,False,286,0.000681433652061969,-0.000666928302962333,0.0007713651284575462
3740,67,1,2,-5.9742536544799805,-0.0071510314,0.002917595,True,95,-0.004683237057179213,0.005756216123700142,-0.0003708275035023689
3740,796,15,2,-4.843130111694336,-0.0046174526,0.0026520253,False,790,0.0026490879245102406,-0.0003027725324500352,0.010221337899565697
3741,13,0,2,-5.564037322998047,0.0028778934,-0.007859173,False,38,0.005756826605647802,-0.0036840534303337336,-0.0012961868196725845
3741,712,14,2,-3.881704807281494,-0.0024575854,-0.007689705,False,710,0.0009064531186595559,-0.0017391443252563477,-0.0025865226052701473
3742,499,9,2,-5.011774063110352,0.004850893,-0.006363087,False,493,0.006139087490737438,0.011604299768805504,-0.0166791919618845
3742,552,11,2,-5.5075178146362305,-0.008077078,-0.0026594447,False,594,-0.002659053774550557,0.001085472060367465,0.001673107035458088
3742,830,16,2,-5.9742536544799805,-0.0100201415,0.0056525613,True,800,-0.001624689088203013,0.0015625953674316406,0.01248541846871376
3742,918,18,2,-4.504160404205322,-0.007739353,0.0021329212,False,915,0.001407194184139371,0.003039779607206583,0.008239689283072948
3743,7,0,2,-5.694821357727051,0.004090958,-0.004854803,True,25,-0.0010312461527064443,-0.003826675470918417,-0.006150331813842058
3743,907,18,2,-5.481238842010498,-0.0045853425,-0.0039781188,False,908,-0.0006048965733498335,-0.001162519445642829,0.0011648465879261494
3744,396,7,2,-3.671623945236206,-0.00068228244,-0.00063275814,False,351,0.002168846083804965,0.00209247600287199,0.00012589438119903207
3744,693,13,2,-5.406676769256592,0.011192379,-0.0010964966,True,668,0.006755008827894926,-0.006307420786470175,0.0007735546678304672
3745,135,2,2,-3.3124496936798096,0.00576056,-0.006640625,False,100,0.002835121238604188,-0.0019855117425322533,-0.007580552250146866
3745,750,15,2,-5.7778000831604,-0.0049872114,-0.0039290716,False,784,0.0008647918584756553,0.0031475829891860485,-0.0012246512342244387
3747,16,0,2,-5.503240585327148,0.008076468,-0.008085642,True,34,-0.010170592926442623,-0.008561152964830399,-0.01777154952287674
3747,147,2,2,-4.264691352844238,0.0073491763,-0.0019823741,False,149,-0.002021694090217352,-0.0065167807042598724,-0.004836463835090399
3748,46,0,2,-5.205798625946045,-0.0054549025,-0.0054410934,False,11,-0.005437688902020454,-0.0020863914396613836,-0.0033374882768839598
3748,83,1,2,-4.508878231048584,-0.002490511,-0.0028989983,False,82,0.004278898239135742,-0.004915695171803236,0.00878610648214817
3748,679,13,2,-5.080732822418213,0.011427011,-0.0029403304,False,697,0.006982040591537952,-0.007158603519201279,-0.0002266978845000267
3748,764,15,2,-2.1301095485687256,0.0020117427,-0.010010676,False,-1,,,
3748,777,15,2,-5.223305702209473,0.014062672,0.0043020914,True,792,-0.0012868690537288785,-0.005152206402271986,-0.005895243491977453
3748,895,17,2,-5.917635917663574,-0.0031978416,0.0034270477,True,897,-0.004029216710478067,0.0011628532083705068,0.0014328197576105595
3749,78,1,2,-4.958621025085449,0.0049374485,0.0026711083,False,60,-0.01587820053100586,-0.0055275727063417435,-0.012616967782378197
3749,458,9,2,-3.3655717372894287,0.003728466,0.0018835545,False,459,0.008131351321935654,0.0006899738218635321,0.005596465431153774
3751,9,0,2,-5.883479595184326,-0.00046579362,0.024956837,True,32,-0.00022047996753826737,-0.0018313408363610506,0.02703349106013775
3751,464,9,2,-5.476040363311768,0.003464403,-0.004908123,False,455,0.00256004324182868,-0.00014187813212629408,-0.005670605227351189
3753,53,1,2,-5.452395915985107,-0.003034029,0.000605011,True,89,-0.011536855250597,0.0011712646810337901,-0.009069079533219337
3753,755,15,2,-4.516566276550293,-0.004288721,-0.0010703183,False,783,0.0002748680126387626,-0.004956645891070366,0.0084499167278409
3754,68,1,2,-5.6780500411987305,0.0046957494,-0.0028887654,True,95,0.002726154401898384,-0.003564271843060851,-0.0012940885499119759
3754,211,4,2,-5.9742536544799805,-0.0065922546,0.0047853086,True,207,-0.008589992299675941,0.00577715877443552,-0.0029895873740315437
3754,456,9,2,-4.081878662109375,0.005500412,0.00039541244,False,461,-0.01327052153646946,0.01130603812634945,-0.029681559652090073
3754,779,15,2,-5.0083794593811035,0.0027301884,-0.011307583,False,790,-0.0020037174690514803,0.0008769416599534452,-0.016918430104851723
3756,487,9,2,-4.288962364196777,0.008402872,0.00015061378,False,477,0.008895444683730602,-0.002651805989444256,0.003294992260634899
3756,753,15,2,-5.476024150848389,-0.0013703346,-0.0051367283,False,769,-0.00011483192793093622,-0.0017168235499411821,-0.0021644020453095436
3757,202,4,2,-5.938971996307373,-0.005535011,0.0034956073,False,212,-0.0019268798641860485,0.01340870838612318,-0.0063049690797924995
3757,730,14,2,-2.429450750350952,-0.001297779,0.0055803345,False,737,0.005630674306303263,0.0005787754198536277,0.01193001214414835
3758,109,2,2,-5.858051300048828,0.002324047,0.0020708465,True,120,0.002062253886833787,0.0030133724212646484,-0.0012043190654367208
3758,449,8,2,-5.914186954498291,-0.0013308239,0.001489687,True,430,-0.004307623021304607,0.0023451901506632566,-0.0038323025219142437
3760,672,13,2,-5.621857166290283,0.0040996457,-0.0069821454,True,650,-0.004725961480289698,-0.006355009041726589,-0.009452743455767632
3760,822,16,2,-5.823651313781738,-0.00616086,0.0020529078,False,833,-0.0008767223334871233,-0.0009139633039012551,0.008251008577644825
3762,160,3,2,-4.1290082931518555,-0.00031329156,-0.0036423015,False,162,0.003963222727179527,-0.0028528976254165173,0.0034871103707700968
3762,279,5,2,-4.712053298950195,0.001579752,-8.4486004e-05,False,267,0.0013162422692403197,-0.001404504757374525,0.0010565092088654637
3762,620,12,2,-3.065842390060425,0.05382623,0.00041393758,True,633,-0.0021135949064046144,0.002233953448012471,-0.057759840041399
3762,634,12,2,-5.561410903930664,0.008256855,-0.0011765003,True,636,-0.008780498057603836,-0.003651313716545701,-0.01456254068762064
3763,241,4,2,-5.439278602600098,0.0069890306,0.0004741478,False,236,-0.001287746476009488,0.006035117898136377,-0.013837747275829315
3763,462,9,2,-5.713250160217285,-0.0014581394,-0.00383173,False,482,-0.0108932014554739,-0.006586103234440088,-0.006680688820779324
3763,816,16,2,-4.756133079528809,-0.010393028,0.003483391,False,815,-0.001709947595372796,0.005954103544354439,0.006212368607521057
3763,819,16,2,-3.884324073791504,-0.00028601647,-0.0070646093,False,842,-0.007561144884675741,0.0005600881413556635,-0.014899825677275658
3766,6,0,2,-5.794074535369873,0.0035770608,0.0047081853,True,30,-0.00040018081199377775,0.0009695339249446988,-0.0002385901752859354
3766,522,10,2,-3.4007787704467773,0.00024419307,0.00052600383,False,517,-0.0008229112718254328,0.000549368851352483,-0.001090469304472208
3766,748,14,2,-2.9515793323516846,0.012641936,0.0017105293,False,717,-0.00024547576322220266,-0.0011774253798648715,-0.009999456815421581
3766,776,15,2,-5.607542991638184,0.006087494,-0.002875576,True,756,-0.009584941901266575,-0.0067818546667695045,-0.011766157113015652
3768,331,6,2,-4.428338527679443,-0.007122078,-0.0014494705,False,320,0.0035276603884994984,-0.00021034240489825606,0.009410610422492027
3768,675,13,2,-5.429913520812988,0.004477329,-0.006138201,False,657,0.003519878489896655,0.0011685180943459272,-0.008264169096946716
3769,628,12,2,-5.024848461151123,-0.0014058304,-0.004772024,False,638,-0.0013213539496064186,0.007451362442225218,-0.01213890966027975
3769,752,15,2,-5.7438883781433105,0.002554617,0.00022530556,True,784,-0.005368537735193968,0.005115308798849583,-0.01281315740197897
3770,176,3,2,-3.0196216106414795,-0.00027592658,-0.0006561708,False,154,-0.0004047679831273854,0.00028628826839849353,-0.0010713004739955068
3770,403,8,2,-3.215198516845703,0.00014784336,-0.002691636,False,416,-0.00401337631046772,-0.003121886169537902,-0.0037309695035219193
3770,670,13,2,-5.046240329742432,-0.014389458,0.008297691,False,669,-0.0012562465853989124,-0.00454292306676507,0.02597382478415966
3770,774,15,2,-5.590090274810791,-0.0052698324,-0.0053035356,False,784,-0.0051699448376894,0.004532441962510347,-0.009736089035868645
3771,12,0,2,-5.843755722045898,0.00070869445,0.01683321,True,8,0.0011583518935367465,0.0005154705140739679,0.01676739752292633
3771,569,11,2,-4.666708946228027,0.0025269126,-0.0028169919,False,586,-0.00038616181700490415,0.00046160697820596397,-0.006191673688590527
3771,772,15,2,-5.755007743835449,0.0011632824,0.0034020902,True,771,0.0010567855788394809,-0.0019174194894731045,0.005213012918829918
3771,856,17,2,-5.945700168609619,-0.007938967,0.0041023446,True,899,-0.0009569740504957736,0.00290712364949286,0.008177214302122593
3775,14,0,2,-5.8683648109436035,-0.0013158417,0.0038461208,True,33,-0.00012358665117062628,0.0067921350710093975,-0.001753759104758501
3775,42,0,2,-5.644575595855713,0.005381441,-0.0023078728,True,30,0.0014614296378567815,0.00012981414329260588,-0.006357698701322079
3775,51,1,2,-5.5193939208984375,0.009097194,-0.0004981327,True,91,-0.005990590900182724,0.019649038091301918,-0.0352349579334259
3775,426,8,2,-2.5288054943084717,-0.0022188472,0.0003327799,False,414,-0.0027057838160544634,0.0014672470279037952,-0.0016214039642363787
3775,724,14,2,-3.551846981048584,-0.0062842704,0.0018838119,False,738,-0.006032881792634726,0.0008507347083650529,0.0012844661250710487
3775,799,15,2,-4.712411880493164,-0.0036703872,0.0016964626,False,754,0.0021417809184640646,-0.002970209112390876,0.01047883927822113
3779,2,0,2,-5.863173007965088,0.0009896755,0.010617915,True,10,-0.005144281312823296,-0.000903491978533566,0.005387449637055397
3779,558,11,2,-3.8023502826690674,0.0041571283,-0.00087742804,False,573,0.004144249018281698,-0.0032233046367764473,0.0023329975083470345
3779,608,12,2,-4.938994407653809,0.0045107175,0.010290499,False,609,-0.007918967865407467,0.009031896479427814,-0.011171082966029644
3779,671,13,2,-4.427961349487305,-0.004794445,0.00012608529,False,695,0.003964109346270561,-0.0003959560417570174,0.009280595928430557
3781,658,13,2,-3.5499792098999023,0.003633151,-0.004744191,False,690,0.000757722882553935,-0.002421245677396655,-0.0051983739249408245
3781,846,16,2,-4.508985996246338,-0.003927803,0.0015118504,False,815,0.005021638702601194,0.0028109645936638117,0.007650327868759632
3785,250,5,2,-3.454138994216919,0.0017228222,-0.0016498613,False,252,0.0012832736829295754,-0.0012913655955344439,-0.0007980442605912685
3785,778,15,2,-5.958918571472168,-0.0015240002,-0.00030670167,True,771,-0.0013886070810258389,-0.0003020858857780695,0.00013077736366540194
3786,869,17,2,-5.037110328674316,-0.0069296267,0.0034574699,False,888,-0.0018461894942447543,0.0019983481615781784,0.006542558781802654
3786,978,19,2,-2.988755941390991,0.00854238,0.0046418714,False,974,0.0038079069927334785,0.003379225730895996,-0.0034718276001513004
3787,64,1,2,-3.109886646270752,0.021394596,-0.0020582343,False,56,0.004112033639103174,-5.3634645155398175e-05,-0.01928716152906418
3787,659,13,2,-1.0668081045150757,0.0017592001,-0.0045061754,False,-1,,,
3789,235,4,2,-5.924444675445557,-0.0006273365,0.0020478058,True,213,0.0018821239937096834,-0.0005519103724509478,0.005109176971018314
3789,475,9,2,-5.004515171051025,-0.0074856374,0.0036378098,False,469,0.0037368203047662973,0.004658909048885107,0.01020135823637247
3790,43,0,2,-5.906508445739746,-0.00010494232,0.0006403732,True,15,-0.0002360057842452079,-0.0012695216573774815,0.001778831472620368
3790,876,17,2,-4.636208534240723,0.004891825,5.0773622e-05,False,852,-0.0024404621217399836,-0.0011522483546286821,-0.006129264831542969
3792,1,0,2,-5.858933925628662,0.0023063945,0.0052602864,True,26,0.0018869590712711215,-0.0009685325785540044,0.00580938346683979
3792,648,12,2,-4.763160228729248,-0.003606434,0.0041781617,False,611,-0.004034910351037979,0.0034472655970603228,0.0003024199977517128
3794,3,0,2,-5.599432945251465,-0.00095380784,0.007925253,True,29,-0.010498152114450932,0.0009576320881024003,-0.0025767236948013306
3794,203,4,2,-4.500640392303467,-0.008623323,0.0025442315,False,205,0.001288080238737166,0.004979162011295557,0.007476473227143288
3794,223,4,2,-4.330833435058594,-0.00087477686,0.00449152,False,225,0.010987691581249237,-0.017126187682151794,0.03348017483949661
3794,478,9,2,-5.0816569328308105,0.0132575985,0.0039068414,False,469,0.0018150329124182463,0.006611957680433989,-0.0141476821154356
3800,541,10,2,-4.411133289337158,-0.0012035083,-0.003186512,False,524,-0.00046719552483409643,-0.0027509499341249466,0.00030075060203671455
3800,595,11,2,-5.889439582824707,-0.0013863373,-0.0011279201,True,553,0.0008379077771678567,0.0007480335189029574,0.0003482914762571454
3800,629,12,2,-5.633273124694824,0.0068196105,-0.0037373733,True,641,-0.0006191349239088595,0.0034260940738022327,-0.014602212235331535
3800,639,12,2,-5.614792823791504,0.0044597723,0.002782526,True,641,-0.0006191349239088595,0.0034260940738022327,-0.005722475238144398
3802,767,15,2,-5.733495712280273,0.0033376694,-0.0045997812,True,756,-0.004138517193496227,-0.004660587292164564,-0.007415380794554949
3802,920,18,2,-4.012622833251953,0.0022661781,0.0010593986,False,911,0.0018563222838565707,-0.004502091556787491,0.005151634570211172
3805,115,2,2,-4.838770389556885,0.0011207295,0.0045038415,False,124,0.007005300372838974,-0.005415373016148806,0.015803784132003784
3805,793,15,2,-5.9742536544799805,-0.015507498,0.0034528256,True,760,0.0005585193866863847,0.0053193760104477406,0.014199466444551945
3806,306,6,2,-4.366796970367432,-0.009558129,0.002811203,False,317,-0.004826107062399387,0.0031801320146769285,0.004363092593848705
3806,811,16,2,-4.242873668670654,-5.903244e-06,0.0011057187,False,810,-0.0018137454753741622,-0.0017134570516645908,0.0010113334283232689
3809,624,12,2,-5.232439994812012,-0.005516548,0.0042262077,False,612,-0.0002532100770622492,0.00071576121263206,0.008773784153163433
3809,905,18,2,-4.094973087310791,-0.010403685,0.005547771,False,935,-0.0002798748027998954,-0.004537239205092192,0.020208820700645447
3812,99,1,2,-5.806192398071289,0.0033612251,0.008766069,True,95,0.003319330280646682,-0.005496101453900337,0.014220275916159153
3812,456,9,2,-4.13178825378418,-0.0012494755,0.002082138,False,493,0.002457904862239957,-8.781433280091733e-05,0.005877332761883736
3813,90,1,2,-4.28604793548584,0.014321518,-0.0021676158,False,93,0.014952735975384712,-0.005440416280180216,0.0039040185511112213
3813,206,4,2,-3.1534605026245117,0.0038452817,0.0096982,False,226,0.00317570217885077,-0.006397595629096031,0.015426215715706348
3816,13,0,2,-5.76161527633667,0.0024565125,0.0053398134,True,28,0.0035054015461355448,0.0010804843623191118,0.00530821830034256
3816,300,6,2,-4.1803059577941895,-0.0032823086,-0.003380394,False,317,-0.002429218264296651,0.0005296230083331466,-0.003056926652789116
3816,674,13,2,-5.888637542724609,0.0017123222,-0.0004727745,True,685,-0.005623407196253538,0.0032340907491743565,-0.011042594909667969
3816,925,18,2,-4.880706787109375,0.00209733,-0.003511963,False,931,0.0030770874582231045,0.00046503066550940275,-0.0029972363263368607
3819,23,0,2,-5.780677795410156,0.0014014626,0.0055499743,True,40,0.0020854950416833162,0.0011390018044039607,0.005095005035400391
3819,474,9,2,-5.7329230308532715,-0.0033120154,-0.0014576435,True,483,-0.002365274354815483,0.00289573660120368,-0.003406638978049159
3819,640,12,2,-5.723986625671387,0.004368639,0.0054851533,True,627,-0.0012634563026949763,-0.0030767631251364946,0.0029298211447894573
3819,885,17,2,-5.753748893737793,-0.00045171738,0.0067092706,True,899,0.00417531980201602,0.0011283684289082885,0.010207939893007278
3820,324,6,2,-3.8700027465820312,-0.0024493122,-0.00058829784,False,323,0.0021247577387839556,0.0010621213587000966,0.0029236506670713425
3820,489,9,2,-5.323184967041016,0.012016659,-0.0026387214,True,457,0.0015994644491001964,0.005276394076645374,-0.018332310020923615
3822,660,13,2,-5.563270568847656,-0.012408133,0.0004074669,False,688,0.003767738351598382,0.005317125469446182,0.011266211979091167
3822,927,18,2,-4.861477851867676,0.0027476882,0.005568619,False,931,0.000478448870126158,-0.0017505264841020107,0.005049905739724636
3824,204,4,2,-5.163263320922852,0.008897361,-0.011240225,False,210,0.0011732482817023993,-0.006685934029519558,-0.012278403155505657
3824,654,13,2,-4.0070719718933105,0.0034512423,0.002809024,False,-1,,,
3825,451,9,2,-4.116339683532715,0.0026238346,-0.0018011284,False,479,-0.00873159896582365,0.0032190417405217886,-0.016375605016946793
3825,594,11,2,-5.94537878036499,-0.01299633,0.0028184128,True,556,-0.0009034252143464983,0.004415216390043497,0.010496100410819054
3825,675,13,2,-5.658864974975586,-0.004008732,0.0031249428,False,663,0.006190633866935968,0.006608104798942804,0.00671620387583971
3825,759,15,2,-3.7698493003845215,-0.00081708434,-0.004355073,False,766,0.007971801795065403,-0.0033594132401049137,0.00779322674497962
3832,18,0,2,-5.861802101135254,0.002018585,0.0022881795,True,34,0.00018927574274130166,-0.00046436311095021665,0.0009232332231476903
3832,224,4,2,-5.037020206451416,0.0029762746,-0.01408967,False,229,0.007647323422133923,-0.00534400949254632,-0.004074610769748688
3832,523,10,2,-4.069544315338135,-0.00030281066,-0.00020511627,False,504,-0.0003233623574487865,0.0021871328353881836,-0.0024128009099513292
3832,796,15,2,-4.178263187408447,0.009231653,-0.0048329923,False,798,0.0008845996926538646,0.0004045391106046736,-0.013584584929049015
3833,9,0,2,-4.524803161621094,0.023341216,-0.0009130764,False,39,0.006041393149644136,-0.0025355529505759478,-0.015677345916628838
3833,73,1,2,-5.0752716064453125,0.008986655,-0.00301816,False,61,0.003997087478637695,-0.007921362295746803,-8.636526763439178e-05
3833,318,6,2,-1.461188793182373,-0.0006223512,0.0037055516,False,-1,,,
3833,473,9,2,-5.096427917480469,-0.0010181046,-0.007750149,False,453,-0.005078306421637535,-0.0058899689465761185,-0.005920381750911474
3835,344,6,2,-4.3360915184021,-0.0039055825,-0.0023798083,False,314,-0.00016457558376714587,-0.0034196663182228804,0.004780864808708429
3835,864,17,2,-5.051971435546875,0.011424284,-0.0045363237,False,888,0.0025548457633703947,0.0022529505658894777,-0.01565871201455593
3836,33,0,2,-5.590312957763672,0.0053376006,0.0051785563,False,29,-0.0014155101962387562,0.0009636402246542275,-0.0025381946470588446
3836,241,4,2,-5.890669345855713,-0.008926363,0.00046832085,False,227,-0.005229263100773096,0.0036955070681869984,0.00046991370618343353
3836,247,4,2,-5.939939498901367,-0.0025715255,0.0017957974,True,227,-0.005229263100773096,0.0036955070681869984,-0.004557447507977486
3836,462,9,2,-5.968127250671387,0.00012252807,0.003120718,True,465,0.0,0.0011844444088637829,0.001813745591789484
3836,490,9,2,-5.920156955718994,-0.007170801,0.0025321292,False,465,0.0,0.0011844444088637829,0.008518485352396965
3836,550,11,2,-2.8529396057128906,-0.00018073559,-0.0029808378,False,559,-0.001907243742607534,-0.00131085398606956,-0.0033964919857680798
3836,682,13,2,-4.446815013885498,0.024284573,0.0041972925,False,684,-0.0017771243583410978,0.000890865339897573,-0.022755270823836327
3836,706,14,2,-3.62209153175354,0.002797985,-0.001538949,False,736,0.0007062673685140908,0.0007228708127513528,-0.004353537689894438
3837,12,0,2,-4.833942413330078,0.015825357,-0.0017743969,False,21,0.0006620883941650391,-0.009709110483527184,-0.007228555157780647
3837,571,11,2,-2.7309999465942383,0.011128059,-0.0048388005,False,559,-0.002764091594144702,-0.00195873249322176,-0.01677221804857254
3839,32,0,2,-5.656620025634766,0.0043324186,-0.0011927891,True,35,0.005406560841947794,0.002124137943610549,-0.0022427847143262625
3839,739,14,2,-4.347846508026123,-0.0016224098,-0.0017821693,False,741,0.0031282901763916016,0.003925351891666651,-0.0009568212553858757
3839,753,15,2,-5.9475555419921875,-0.0066498662,0.0062922095,True,763,0.0,0.004543819464743137,0.00839825626462698
3839,778,15,2,-5.872112274169922,0.00082888606,0.0057747457,True,762,-0.0033993625547736883,0.008087825961411,-0.0065413289703428745
3843,16,0,2,-5.603726863861084,0.0063628578,0.008336401,False,35,0.005963955074548721,0.0015378951793536544,0.0063996026292443275
3843,65,1,2,-5.162680625915527,0.0067061805,5.8660506e-05,False,75,-0.0025342940352857113,0.0014371394645422697,-0.01061895303428173
3843,656,13,2,-2.3636388778686523,6.357193e-05,-0.0014654398,False,691,-0.00010542869858909398,-0.0032871724106371403,0.001652731909416616
3843,819,16,2,-4.4533867835998535,-0.008199453,0.0056407168,False,810,-0.0023066329304128885,0.003823938313871622,0.00770959910005331
3844,636,12,2,-5.710958957672119,-0.00071965216,0.0026371574,False,606,0.00014533042849507183,-0.0018921756418421865,0.00539431581273675
3844,771,15,2,-5.885209083557129,0.0001526165,0.008287783,True,770,-0.002590436954051256,0.004684801213443279,0.0008599278517067432
3844,783,15,2,-5.538699150085449,-0.015453625,-0.0065874388,False,769,0.0008998489356599748,0.0018217468168586493,0.007944287732243538
3844,848,16,2,-5.058578968048096,0.004027195,-0.0011610507,False,829,0.001029748935252428,-0.0018971443641930819,-0.002261352026835084
3848,213,4,2,-5.896275043487549,-0.0013007545,0.004579401,True,227,-0.00019894599972758442,0.00390281667932868,0.0017783930525183678
3848,461,9,2,-3.5271730422973633,0.0006629801,0.0039578723,False,-1,,,
3848,764,15,2,-1.6960288286209106,0.01869229,-0.0037596608,False,-1,,,
3848,950,19,2,-3.224297046661377,0.0066920375,-0.002816658,False,991,0.0014390897704288363,0.0020211171358823776,-0.0100907227024436
3852,467,9,2,-3.7000880241394043,-0.008841357,-0.003853073,False,476,-0.0018743181135505438,-0.0028141974471509457,0.005928163416683674
3852,768,15,2,-3.7384424209594727,-0.0055750892,0.0016766024,False,761,-0.008378114551305771,0.005873532500118017,-0.006999955978244543
3853,202,4,2,-5.676449775695801,-0.0010948277,0.000152359,False,245,-0.0022633743938058615,-0.0031655312050133944,0.002149343490600586
3853,851,17,2,-5.8314666748046875,-0.0022848987,-0.001315422,False,859,-0.0012813949724659324,0.0016434479039162397,-0.001955366227775812
3856,316,6,2,-5.690132141113281,0.005056343,0.0020499802,True,303,-0.0016403293702751398,-0.006093816831707954,0.0014471248723566532
3856,364,7,2,-4.944436073303223,-0.0008208084,-0.0028289128,False,378,-0.0016375541454181075,0.0014762973878532648,-0.005121955648064613
3857,2,0,2,-5.823058605194092,-0.004260187,-0.0011696911,True,10,0.003342695301398635,0.007898245006799698,-0.0014650535304099321
3857,850,17,2,-5.804171085357666,-0.00017374038,0.00086491584,False,897,0.0006501007010228932,-0.0006649207789450884,0.002353677526116371
3864,25,0,3,-5.946568489074707,-0.0024615955,-0.0005411911,True,38,-0.0009362220880575478,0.0008430767338722944,0.00014110561460256577
3865,24,0,2,-5.543126106262207,0.0055660056,-0.0033054447,False,49,0.001384515780955553,-0.006538677029311657,-0.0009482568129897118
3865,197,3,2,-3.268648386001587,-0.0088040205,0.001313138,False,181,-0.006374230608344078,-0.004640526603907347,0.008383454754948616
3867,351,7,2,-3.7006521224975586,-0.0032108258,-0.0011061955,False,379,-0.005150413606315851,0.00016384600894525647,-0.003209629561752081
3867,486,9,2,-4.198978900909424,0.0115531925,-0.0061066244,False,491,0.009534664452075958,-0.006375904195010662,-0.0017492473125457764
3870,30,0,2,-5.9742536544799805,-0.004218197,0.0030227946,True,26,-0.002728099934756756,-0.0009216881007887423,0.005434579681605101
3870,893,17,2,-4.563568592071533,0.0057284925,0.0031851102,False,852,0.00530725484713912,0.004122171550989151,-0.0013582990504801273
3875,4,0,2,-5.814670562744141,0.0016841984,0.0003953266,True,34,-0.0006775092915631831,-0.0021413611248135567,0.00017498014494776726
3875,592,11,2,-3.7241785526275635,-0.0064328527,-0.0010863399,False,557,-0.0021855593658983707,-0.002403841121122241,0.0055647948756814
3876,546,10,2,-5.790823936462402,-0.0022099304,0.0004907131,False,518,4.5471191697288305e-05,-0.0007144928094930947,0.0034606074914336205
3876,923,18,2,-5.313202857971191,0.012458458,0.002196474,True,914,-0.003609228180721402,-0.0027800274547189474,-0.011091183871030807
3877,631,12,2,-4.545666217803955,0.0036784648,-0.0021587752,False,609,-0.0037317276000976562,-0.0037794685922563076,-0.005789499264210463
3877,760,15,2,-5.62232780456543,0.007038517,0.011949368,True,752,-0.0015348815359175205,-0.0014875888591632247,0.0048635583370924
3878,5,0,2,-5.578370571136475,5.6352616e-05,-0.007917661,False,10,0.0064733694307506084,0.002208232879638672,-0.003708877135068178
3878,8,0,2,-5.835930824279785,-0.0007523537,-0.0027472686,False,37,-0.007068147882819176,-0.0005792712909169495,-0.00848379172384739
3878,457,9,2,-4.950131416320801,0.0047315694,0.0034412383,False,487,-0.0069967652671039104,0.0010367966024205089,-0.00932389311492443
3878,774,15,2,-5.73506498336792,0.0030991363,0.0071783448,True,752,-0.00138403894379735,-0.00014472007751464844,0.002839889843016863
3879,689,13,2,-5.712554931640625,-0.0039947415,0.011376648,False,672,0.0017495728097856045,0.0024040222633630037,0.014716940000653267
3879,825,16,2,-5.792774677276611,0.0036295794,0.00028787612,False,817,0.0037299536634236574,0.0009364986326545477,-0.000548248179256916
3883,85,1,2,-5.9742536544799805,-0.001104517,0.012304344,True,86,-0.005341873038560152,0.008812389336526394,-0.0007454017177224159
3883,560,11,2,-2.122020959854126,-0.001715703,-0.0029953718,False,575,0.00023162364959716797,0.0008023261907510459,-0.0018503712490200996
3885,654,13,2,-3.984741449356079,-0.0019893122,0.002955985,False,690,-0.007264914456754923,0.009183564223349094,-0.011503182351589203
3885,750,15,2,-5.754705905914307,0.004390955,-0.0024706458,True,763,0.004989194683730602,-0.0037032507825642824,0.001830844208598137
3887,135,2,2,-3.5264694690704346,0.0013531446,-0.0008209705,False,107,0.00624146917834878,-0.0002647018409334123,0.004332055803388357
3887,489,9,2,-5.828243732452393,-0.010313635,0.00061927794,False,455,-0.0064753820188343525,-0.0013722896110266447,0.005829820409417152
3887,730,14,2,-2.3050689697265625,0.00092556,-0.0017170811,False,-1,,,
3887,756,15,2,-5.542695999145508,0.008350496,-0.008407622,True,769,0.0021249388810247183,0.00436542509123683,-0.018998604267835617
3889,349,6,2,-5.9742536544799805,-0.0072545814,0.003783493,True,303,-0.0019439506577327847,-1.5935896954033524e-05,0.009110059589147568
3889,679,13,2,-5.950416088104248,-0.013982534,0.0009781552,True,673,-0.00324841495603323,0.007209530100226402,0.004502744413912296
3891,558,11,2,-3.7276570796966553,0.004018383,-0.002062931,False,557,-0.005702719558030367,-0.0017459583468735218,-0.010038075037300587
3891,695,13,2,-4.79616641998291,-0.0028595733,-0.0015772056,False,666,-0.003412132151424885,-0.001384410890750587,-0.0007453534053638577
3892,19,0,2,-0.4234389066696167,-0.0015784836,0.00082831265,False,-1,,,
3892,92,1,2,-2.0609331130981445,-0.0005670929,-0.014443431,False,-1,,,
3893,466,9,2,-5.954380035400391,-0.007569103,0.0001281929,True,460,-0.002898693084716797,0.004146108403801918,0.0006524943746626377
3893,952,19,2,-4.103763103485107,0.0027446842,-0.0040722275,False,961,0.003510971087962389,0.006012654397636652,-0.009318594820797443
3894,757,15,2,-3.7752633094787598,-0.0048525142,0.00012914657,False,791,0.00477986317127943,-0.0018632507417351007,0.01162477396428585
3894,807,16,2,-2.382258892059326,0.012811193,0.005019307,False,845,-0.003037509974092245,-0.001775121665559709,-0.009054274298250675
3896,17,0,2,-3.7556092739105225,0.00467237,-0.0036284255,False,-1,,,
3896,58,1,2,-5.172623157501221,-0.016354436,0.018893117,False,79,-0.003834037808701396,-0.005949678365141153,0.037363193929195404
3896,397,7,2,-2.695765256881714,-0.00076219556,0.0025908137,False,372,-8.205890480894595e-05,0.001972322352230549,0.0012986280489712954
3896,648,12,2,-5.101946830749512,-0.00882904,0.004766712,False,612,0.0015526675852015615,0.0011467551812529564,0.014001664705574512
3896,781,15,2,-4.704694747924805,0.017893944,-0.0023028278,False,754,0.004401626531034708,0.003092374885454774,-0.01888751983642578
3896,819,16,2,-4.242366790771484,0.004325256,0.0013237381,False,816,0.006188936065882444,-0.0021564674098044634,0.005343885626643896
3898,21,0,2,-5.357090950012207,-0.010610113,-0.007986927,False,6,0.0007420349284075201,-0.0022897624876350164,0.005654983222484589
3898,68,1,2,-5.571538925170898,0.007826481,0.010859175,True,95,0.007087287958711386,0.006444740109145641,0.0036752414889633656
3898,243,4,2,-2.7553985118865967,-0.00044231414,0.009863543,False,239,-0.010411996394395828,-0.006378483958542347,0.006272344850003719
3898,928,18,2,-4.422154426574707,0.0039681434,0.0007779217,False,937,-0.008218727074563503,-0.002078046789392829,-0.009330902248620987
3899,228,4,2,-3.979215621948242,0.005496559,0.0016961384,False,215,0.007489094510674477,-0.001617865520529449,0.005306539125740528
3899,344,6,2,-4.390073776245117,0.0013996697,-0.006711674,False,314,0.0005936813540756702,-0.0007581424433737993,-0.006759519688785076
3899,628,12,2,-5.877147197723389,-0.009646883,-0.0019421291,False,606,-0.001157569931820035,0.0044943238608539104,0.0020528603345155716
3899,799,15,2,-4.761904716491699,-0.0021927548,-0.013925629,False,754,0.0035210037603974342,0.0033042144495993853,-0.011516084894537926
3902,244,4,2,-5.754329204559326,-0.012454176,-0.002759695,False,216,0.004530677571892738,0.008261213079094887,0.005963945761322975
3902,706,14,2,-4.112278938293457,-0.010541029,0.004334798,False,740,-0.0037946414668112993,0.0019913387950509787,0.009089847095310688
3902,790,15,2,-5.0245256423950195,-0.0042481706,-0.01899456,False,787,-0.0030240726191550493,-0.00398178119212389,-0.013788681477308273
3902,812,16,2,-4.389254093170166,-0.00015579224,0.0026150988,False,826,0.007384777069091797,-0.0016080951318144798,0.01176376361399889
3902,874,17,2,-4.057185649871826,0.0031268024,-0.0019273185,False,894,0.004339380189776421,-0.0027256966568529606,0.0020109559409320354
3902,889,17,2,-4.546046257019043,-0.0032562255,-0.0074093724,False,869,0.0037485407665371895,-0.005608539562672377,0.005203932989388704
3903,227,4,2,-5.634061336517334,0.0068038465,0.0039234925,True,248,-0.004490241874009371,-0.004453286994248629,-0.0029173088259994984
3903,949,18,2,-2.8603243827819824,-0.0019098282,0.00083786965,False,941,0.002691082889214158,-0.002590994816273451,0.008029775694012642
3906,13,0,2,-5.917784690856934,-0.0077987956,0.0020366479,False,22,-0.0001361370086669922,0.0012823104625567794,0.008416996337473392
3906,762,15,2,-5.043771743774414,0.013706274,-0.0025961304,False,784,0.0033905887976288795,-0.006274709478020668,-0.006637106649577618
3909,554,11,2,-5.288153648376465,-0.012358675,-0.00048501967,False,563,0.0011043453123420477,-0.0009700965601950884,0.01394809689372778
3909,626,12,2,-5.178791522979736,0.0029176902,-0.003737421,False,645,0.002404499100521207,0.0008636474376544356,-0.005114259198307991
3910,496,9,2,-4.853435516357422,0.010273142,-0.0073648356,False,492,0.0013588619185611606,0.008606653660535812,-0.024885769933462143
3910,824,16,2,-4.406171798706055,-0.004262581,-0.0069614504,False,846,0.004304199013859034,-0.005827712826430798,0.007433042861521244
3911,223,4,2,-4.510018825531006,-0.005576849,0.0010730838,False,222,-0.0013953495072200894,-0.005287647247314453,0.010542230680584908
3911,476,9,2,-3.8605291843414307,-0.003642273,0.009414635,False,494,0.004401273559778929,-0.0057338522747159,0.023192033171653748
3913,54,1,2,-5.9742536544799805,-0.006451273,0.005735798,True,67,0.0020179557614028454,0.009430999867618084,0.0047740270383656025
3913,576,11,2,-3.809535026550293,-0.0031675054,0.005684471,False,557,-0.004590301308780909,0.0022876691073179245,0.001974006649106741
3913,655,13,2,-5.4121174812316895,0.004871998,-0.0007697773,False,698,0.004982709884643555,0.0012667846167460084,-0.0019258498214185238
3913,836,16,2,-4.520225524902344,-0.0026768588,-0.0025498008,False,826,0.004961652681231499,-0.0031702995765954256,0.008259009569883347
3916,741,14,2,-4.246819019317627,-0.0015463256,-0.004123716,False,734,0.0035162162967026234,3.161430504405871e-05,0.0009072115644812584
3916,770,15,2,-5.497849464416504,0.009528084,-0.008099709,True,769,0.0038299751468002796,0.0071700094267725945,-0.02096782624721527
3916,793,15,2,-5.51511812210083,0.0028160096,-0.003557148,True,769,0.0038299751468002796,0.0071700094267725945,-0.009713191539049149
3916,891,17,2,-5.66379451751709,-0.00063430786,-0.0008318138,False,856,-0.0027133654803037643,-0.0016649627359583974,-0.001245908671990037
3918,1,0,2,-5.931841850280762,-0.0055805207,0.009326391,True,38,0.00033464431180618703,0.006963768042623997,0.008277786895632744
3918,132,2,2,-4.296039581298828,-0.0025927639,-0.0018141556,False,102,0.001810750924050808,-0.006099033169448376,0.008688392117619514
3918,469,9,2,-5.448066234588623,-0.008583698,-0.0011914825,False,498,-0.005590162239968777,-0.006005182396620512,0.007807236164808273
3918,663,13,2,-5.7448296546936035,-0.006617861,0.0018785095,True,665,-0.0016609382582828403,0.007614603266119957,-0.0007791714742779732
3919,725,14,2,-4.487086772918701,0.0019157982,0.001694622,False,721,0.00034986494574695826,0.004484787117689848,-0.004356098361313343
3919,996,19,2,-4.2616400718688965,0.0063084792,-0.00069914816,False,993,0.006235075183212757,-0.002497539622709155,0.001724987756460905
3924,11,0,2,-5.204686641693115,-0.0040942095,-0.0019909572,False,46,0.005921993404626846,0.005167427007108927,0.0028578187339007854
3924,71,1,2,-5.251089572906494,0.014463281,0.0088954065,True,75,-0.0025030041579157114,0.0038960743695497513,-0.011966953054070473
3924,201,4,2,-5.2363386154174805,-0.0071332264,0.014541645,False,240,-0.0023954391945153475,-0.010417385026812553,0.029696818441152573
3924,691,13,2,-3.036836624145508,-0.008098879,0.004870958,False,-1,,,
3924,772,15,2,-5.4640936851501465,0.008665971,-0.00922038,True,769,0.0027987670619040728,0.008787717670202255,-0.02387530356645584
3924,864,17,2,-5.154966354370117,0.0040905094,-0.0054340553,False,875,0.0018655013991519809,0.004672908689826727,-0.012331971898674965
3926,273,5,2,-3.849916458129883,-0.0014248561,0.0017002106,False,299,0.002385802334174514,0.0014703846536576748,0.004040484316647053
3926,776,15,2,-5.869111061096191,0.0012599945,-0.001678133,True,752,-0.0019957732874900103,0.004897498991340399,-0.009831400588154793
3927,60,1,2,-5.924020290374756,-0.004325571,-0.0010046673,True,86,0.001509485300630331,0.00728046428412199,-0.0024500752333551645
3927,680,13,2,-5.790571212768555,0.0033882333,0.004943733,True,674,0.003433608915656805,-0.003408775432035327,0.008397883735597134
3927,823,16,2,-5.917619705200195,-0.0050911997,0.0032797814,True,828,-0.013200130313634872,0.0021035289391875267,-0.006932678632438183
3927,854,17,2,-3.8750760555267334,-0.0106810145,0.0016186571,False,894,0.005661106202751398,-0.006692543160170317,0.024653321132063866
3928,649,12,2,-3.6283347606658936,0.014786039,0.001109333,False,632,0.006188192404806614,0.0016955328173935413,-0.00918404571712017
3928,920,18,2,-3.8752634525299072,-0.0018152809,0.0004316616,False,909,0.005259933415800333,0.0007669401238672435,0.006739935837686062
3930,491,9,2,-4.584325790405273,-0.0038243486,-0.007932377,False,451,-0.006646203808486462,-0.013408766128122807,0.0026545338332653046
3930,795,15,2,-4.744165897369385,0.0022110653,-0.0038922597,False,773,0.0033139418810606003,-0.011807317845523357,0.009017935022711754
3932,622,12,2,-4.344094753265381,-0.0006759453,-0.0044618226,False,621,-0.0013057136675342917,0.0035620974376797676,-0.008653688244521618
3932,903,18,2,-3.497063159942627,0.004565363,-0.0017009878,False,905,0.00218389043584466,0.001688995398581028,-0.005771455820649862
3936,605,12,3,-2.482172966003418,0.0067551136,9.877205e-05,False,617,-0.0013910675188526511,-0.0049391938373446465,-0.003108215518295765
3938,519,10,2,-3.896548271179199,0.000103445054,0.0017228889,False,526,0.0035233451053500175,0.001125287963077426,0.004017501138150692
3938,570,11,2,-4.933436870574951,-0.009349022,0.00027296066,False,578,-0.010473718866705894,0.0005655002314597368,-0.001417236402630806
3940,212,4,2,-5.678696632385254,0.0029368782,0.0025585175,False,225,-0.003434677142649889,-0.0044511412270367146,0.0006381033454090357
3940,779,15,2,-5.3172383308410645,-0.003332615,-0.0068609715,False,769,0.004731578752398491,0.0017954158829525113,-0.000592193566262722
3941,360,7,2,-3.446248769760132,-0.0010237598,0.0005618286,False,393,0.0010964488610625267,0.0018416738603264093,0.0008403634419664741
3941,767,15,2,-5.724515438079834,0.002695217,0.005237751,True,758,-0.009131555445492268,0.005000619683414698,-0.01158964168280363
3945,346,6,2,-4.489621639251709,0.0044938754,-0.00083197595,False,331,0.00675230985507369,-0.002586584072560072,0.00401304243132472
3945,489,9,2,-5.9742536544799805,-0.00407588,0.008302641,True,454,-0.007858362048864365,0.0077648828737437725,-0.0032447241246700287
3949,95,1,2,-5.2216949462890625,0.0067666434,0.0037940883,False,63,0.00294666294939816,-0.003039026167243719,0.0030131342355161905
3949,407,8,2,-2.354743242263794,0.0007044506,-0.002480793,False,414,0.002035074168816209,-0.0001929473946802318,-0.000957221956923604
3949,461,9,2,-3.5104973316192627,-0.0020347787,-0.0041748285,False,458,-0.0014845514670014381,0.0042821262031793594,-0.007906727492809296
3949,462,9,2,-5.471442222595215,0.0050591566,0.004998808,True,498,-0.00203703879378736,-0.0013654041104018688,-0.0007319834548979998
