This is pdfTeX, Version 3.141592653-2.6-1.40.24 (TeX Live 2022) (preloaded format=pdflatex 2022.3.21)  29 AUG 2025 09:24
entering extended mode
 restricted \write18 enabled.
 %&-line parsing enabled.
**"/Users/Simon/Documents/Projects/EWF/Research/PhD/Ergodicity Economics/IOxEE/latex/main.tex"
(/Users/Simon/Documents/Projects/EWF/Research/PhD/Ergodicity Economics/IOxEE/latex/main.tex
LaTeX2e <2021-11-15> patch level 1
L3 programming layer <2022-02-24> (/usr/local/texlive/2022/texmf-dist/tex/latex/beamer/beamer.cls
Document Class: beamer 2022/02/08 v3.66 A class for typesetting presentations
(/usr/local/texlive/2022/texmf-dist/tex/latex/beamer/beamerbasemodes.sty (/usr/local/texlive/2022/texmf-dist/tex/latex/etoolbox/etoolbox.sty
Package: etoolbox 2020/10/05 v2.5k e-TeX tools for LaTeX (JAW)
\etb@tempcnta=\count185
)
\beamer@tempbox=\box50
\beamer@tempcount=\count186
\c@beamerpauses=\count187
 (/usr/local/texlive/2022/texmf-dist/tex/latex/beamer/beamerbasedecode.sty
\beamer@slideinframe=\count188
\beamer@minimum=\count189
\beamer@decode@box=\box51
)
\beamer@commentbox=\box52
\beamer@modecount=\count190
) (/usr/local/texlive/2022/texmf-dist/tex/generic/iftex/iftex.sty
Package: iftex 2022/02/03 v1.0f TeX engine tests
)
\headdp=\dimen138
\footheight=\dimen139
\sidebarheight=\dimen140
\beamer@tempdim=\dimen141
\beamer@finalheight=\dimen142
\beamer@animht=\dimen143
\beamer@animdp=\dimen144
\beamer@animwd=\dimen145
\beamer@leftmargin=\dimen146
\beamer@rightmargin=\dimen147
\beamer@leftsidebar=\dimen148
\beamer@rightsidebar=\dimen149
\beamer@boxsize=\dimen150
\beamer@vboxoffset=\dimen151
\beamer@descdefault=\dimen152
\beamer@descriptionwidth=\dimen153
\beamer@lastskip=\skip47
\beamer@areabox=\box53
\beamer@animcurrent=\box54
\beamer@animshowbox=\box55
\beamer@sectionbox=\box56
\beamer@logobox=\box57
\beamer@linebox=\box58
\beamer@sectioncount=\count191
\beamer@subsubsectionmax=\count192
\beamer@subsectionmax=\count193
\beamer@sectionmax=\count194
\beamer@totalheads=\count195
\beamer@headcounter=\count196
\beamer@partstartpage=\count197
\beamer@sectionstartpage=\count198
\beamer@subsectionstartpage=\count199
\beamer@animationtempa=\count266
\beamer@animationtempb=\count267
\beamer@xpos=\count268
\beamer@ypos=\count269
\beamer@ypos@offset=\count270
\beamer@showpartnumber=\count271
\beamer@currentsubsection=\count272
\beamer@coveringdepth=\count273
\beamer@sectionadjust=\count274
\beamer@toclastsection=\count275
\beamer@tocsectionnumber=\count276
 (/usr/local/texlive/2022/texmf-dist/tex/latex/beamer/beamerbaseoptions.sty (/usr/local/texlive/2022/texmf-dist/tex/latex/graphics/keyval.sty
Package: keyval 2014/10/28 v1.15 key=value parser (DPC)
\KV@toks@=\toks16
))
\beamer@paperwidth=\skip48
\beamer@paperheight=\skip49
 (/usr/local/texlive/2022/texmf-dist/tex/latex/geometry/geometry.sty
Package: geometry 2020/01/02 v5.9 Page Geometry
 (/usr/local/texlive/2022/texmf-dist/tex/generic/iftex/ifvtex.sty
Package: ifvtex 2019/10/25 v1.7 ifvtex legacy package. Use iftex instead.
)
\Gm@cnth=\count277
\Gm@cntv=\count278
\c@Gm@tempcnt=\count279
\Gm@bindingoffset=\dimen154
\Gm@wd@mp=\dimen155
\Gm@odd@mp=\dimen156
\Gm@even@mp=\dimen157
\Gm@layoutwidth=\dimen158
\Gm@layoutheight=\dimen159
\Gm@layouthoffset=\dimen160
\Gm@layoutvoffset=\dimen161
\Gm@dimlist=\toks17
) (/usr/local/texlive/2022/texmf-dist/tex/latex/pgf/math/pgfmath.sty (/usr/local/texlive/2022/texmf-dist/tex/latex/pgf/utilities/pgfrcs.sty (/usr/local/texlive/2022/texmf-dist/tex/generic/pgf/utilities/pgfutil-common.tex
\pgfutil@everybye=\toks18
\pgfutil@tempdima=\dimen162
\pgfutil@tempdimb=\dimen163
 (/usr/local/texlive/2022/texmf-dist/tex/generic/pgf/utilities/pgfutil-common-lists.tex)) (/usr/local/texlive/2022/texmf-dist/tex/generic/pgf/utilities/pgfutil-latex.def
\pgfutil@abb=\box59
) (/usr/local/texlive/2022/texmf-dist/tex/generic/pgf/utilities/pgfrcs.code.tex (/usr/local/texlive/2022/texmf-dist/tex/generic/pgf/pgf.revision.tex)
Package: pgfrcs 2021/05/15 v3.1.9a (3.1.9a)
)) (/usr/local/texlive/2022/texmf-dist/tex/latex/pgf/utilities/pgfkeys.sty (/usr/local/texlive/2022/texmf-dist/tex/generic/pgf/utilities/pgfkeys.code.tex
\pgfkeys@pathtoks=\toks19
\pgfkeys@temptoks=\toks20
 (/usr/local/texlive/2022/texmf-dist/tex/generic/pgf/utilities/pgfkeysfiltered.code.tex
\pgfkeys@tmptoks=\toks21
))) (/usr/local/texlive/2022/texmf-dist/tex/generic/pgf/math/pgfmath.code.tex (/usr/local/texlive/2022/texmf-dist/tex/generic/pgf/math/pgfmathcalc.code.tex (/usr/local/texlive/2022/texmf-dist/tex/generic/pgf/math/pgfmathutil.code.tex
\pgf@x=\dimen164
\pgf@xa=\dimen165
\pgf@xb=\dimen166
\pgf@xc=\dimen167
\pgf@y=\dimen168
\pgf@ya=\dimen169
\pgf@yb=\dimen170
\pgf@yc=\dimen171
\c@pgf@counta=\count280
\c@pgf@countb=\count281
\c@pgf@countc=\count282
\c@pgf@countd=\count283
) (/usr/local/texlive/2022/texmf-dist/tex/generic/pgf/math/pgfmathparser.code.tex
\pgfmath@dimen=\dimen172
\pgfmath@count=\count284
\pgfmath@box=\box60
\pgfmath@toks=\toks22
\pgfmath@stack@operand=\toks23
\pgfmath@stack@operation=\toks24
) (/usr/local/texlive/2022/texmf-dist/tex/generic/pgf/math/pgfmathfunctions.code.tex (/usr/local/texlive/2022/texmf-dist/tex/generic/pgf/math/pgfmathfunctions.basic.code.tex) (/usr/local/texlive/2022/texmf-dist/tex/generic/pgf/math/pgfmathfunctions.trigonometric.code.tex) (/usr/local/texlive/2022/texmf-dist/tex/generic/pgf/math/pgfmathfunctions.random.code.tex) (/usr/local/texlive/2022/texmf-dist/tex/generic/pgf/math/pgfmathfunctions.comparison.code.tex) (/usr/local/texlive/2022/texmf-dist/tex/generic/pgf/math/pgfmathfunctions.base.code.tex) (/usr/local/texlive/2022/texmf-dist/tex/generic/pgf/math/pgfmathfunctions.round.code.tex) (/usr/local/texlive/2022/texmf-dist/tex/generic/pgf/math/pgfmathfunctions.misc.code.tex) (/usr/local/texlive/2022/texmf-dist/tex/generic/pgf/math/pgfmathfunctions.integerarithmetics.code.tex))) (/usr/local/texlive/2022/texmf-dist/tex/generic/pgf/math/pgfmathfloat.code.tex
\c@pgfmathroundto@lastzeros=\count285
))) (/usr/local/texlive/2022/texmf-dist/tex/latex/base/size11.clo
File: size11.clo 2021/10/04 v1.4n Standard LaTeX file (size option)
) (/usr/local/texlive/2022/texmf-dist/tex/latex/pgf/basiclayer/pgfcore.sty (/usr/local/texlive/2022/texmf-dist/tex/latex/graphics/graphicx.sty
Package: graphicx 2021/09/16 v1.2d Enhanced LaTeX Graphics (DPC,SPQR)
 (/usr/local/texlive/2022/texmf-dist/tex/latex/graphics/graphics.sty
Package: graphics 2021/03/04 v1.4d Standard LaTeX Graphics (DPC,SPQR)
 (/usr/local/texlive/2022/texmf-dist/tex/latex/graphics/trig.sty
Package: trig 2021/08/11 v1.11 sin cos tan (DPC)
) (/usr/local/texlive/2022/texmf-dist/tex/latex/graphics-cfg/graphics.cfg
File: graphics.cfg 2016/06/04 v1.11 sample graphics configuration
)
Package graphics Info: Driver file: pdftex.def on input line 107.
 (/usr/local/texlive/2022/texmf-dist/tex/latex/graphics-def/pdftex.def
File: pdftex.def 2020/10/05 v1.2a Graphics/color driver for pdftex
))
\Gin@req@height=\dimen173
\Gin@req@width=\dimen174
) (/usr/local/texlive/2022/texmf-dist/tex/latex/pgf/systemlayer/pgfsys.sty (/usr/local/texlive/2022/texmf-dist/tex/generic/pgf/systemlayer/pgfsys.code.tex
Package: pgfsys 2021/05/15 v3.1.9a (3.1.9a)
 (/usr/local/texlive/2022/texmf-dist/tex/generic/pgf/utilities/pgfkeys.code.tex)
\pgf@x=\dimen175
\pgf@y=\dimen176
\pgf@xa=\dimen177
\pgf@ya=\dimen178
\pgf@xb=\dimen179
\pgf@yb=\dimen180
\pgf@xc=\dimen181
\pgf@yc=\dimen182
\pgf@xd=\dimen183
\pgf@yd=\dimen184
\w@pgf@writea=\write3
\r@pgf@reada=\read2
\c@pgf@counta=\count286
\c@pgf@countb=\count287
\c@pgf@countc=\count288
\c@pgf@countd=\count289
\t@pgf@toka=\toks25
\t@pgf@tokb=\toks26
\t@pgf@tokc=\toks27
\pgf@sys@id@count=\count290
 (/usr/local/texlive/2022/texmf-dist/tex/generic/pgf/systemlayer/pgf.cfg
File: pgf.cfg 2021/05/15 v3.1.9a (3.1.9a)
)
Driver file for pgf: pgfsys-pdftex.def
 (/usr/local/texlive/2022/texmf-dist/tex/generic/pgf/systemlayer/pgfsys-pdftex.def
File: pgfsys-pdftex.def 2021/05/15 v3.1.9a (3.1.9a)
 (/usr/local/texlive/2022/texmf-dist/tex/generic/pgf/systemlayer/pgfsys-common-pdf.def
File: pgfsys-common-pdf.def 2021/05/15 v3.1.9a (3.1.9a)
))) (/usr/local/texlive/2022/texmf-dist/tex/generic/pgf/systemlayer/pgfsyssoftpath.code.tex
File: pgfsyssoftpath.code.tex 2021/05/15 v3.1.9a (3.1.9a)
\pgfsyssoftpath@smallbuffer@items=\count291
\pgfsyssoftpath@bigbuffer@items=\count292
) (/usr/local/texlive/2022/texmf-dist/tex/generic/pgf/systemlayer/pgfsysprotocol.code.tex
File: pgfsysprotocol.code.tex 2021/05/15 v3.1.9a (3.1.9a)
)) (/usr/local/texlive/2022/texmf-dist/tex/latex/xcolor/xcolor.sty
Package: xcolor 2021/10/31 v2.13 LaTeX color extensions (UK)
 (/usr/local/texlive/2022/texmf-dist/tex/latex/graphics-cfg/color.cfg
File: color.cfg 2016/01/02 v1.6 sample color configuration
)
Package xcolor Info: Driver file: pdftex.def on input line 227.
Package xcolor Info: Model `cmy' substituted by `cmy0' on input line 1352.
Package xcolor Info: Model `hsb' substituted by `rgb' on input line 1356.
Package xcolor Info: Model `RGB' extended on input line 1368.
Package xcolor Info: Model `HTML' substituted by `rgb' on input line 1370.
Package xcolor Info: Model `Hsb' substituted by `hsb' on input line 1371.
Package xcolor Info: Model `tHsb' substituted by `hsb' on input line 1372.
Package xcolor Info: Model `HSB' substituted by `hsb' on input line 1373.
Package xcolor Info: Model `Gray' substituted by `gray' on input line 1374.
Package xcolor Info: Model `wave' substituted by `hsb' on input line 1375.
) (/usr/local/texlive/2022/texmf-dist/tex/generic/pgf/basiclayer/pgfcore.code.tex
Package: pgfcore 2021/05/15 v3.1.9a (3.1.9a)
 (/usr/local/texlive/2022/texmf-dist/tex/generic/pgf/math/pgfmath.code.tex) (/usr/local/texlive/2022/texmf-dist/tex/generic/pgf/math/pgfint.code.tex) (/usr/local/texlive/2022/texmf-dist/tex/generic/pgf/basiclayer/pgfcorepoints.code.tex
File: pgfcorepoints.code.tex 2021/05/15 v3.1.9a (3.1.9a)
\pgf@picminx=\dimen185
\pgf@picmaxx=\dimen186
\pgf@picminy=\dimen187
\pgf@picmaxy=\dimen188
\pgf@pathminx=\dimen189
\pgf@pathmaxx=\dimen190
\pgf@pathminy=\dimen191
\pgf@pathmaxy=\dimen192
\pgf@xx=\dimen193
\pgf@xy=\dimen194
\pgf@yx=\dimen195
\pgf@yy=\dimen196
\pgf@zx=\dimen197
\pgf@zy=\dimen198
) (/usr/local/texlive/2022/texmf-dist/tex/generic/pgf/basiclayer/pgfcorepathconstruct.code.tex
File: pgfcorepathconstruct.code.tex 2021/05/15 v3.1.9a (3.1.9a)
\pgf@path@lastx=\dimen199
\pgf@path@lasty=\dimen256
) (/usr/local/texlive/2022/texmf-dist/tex/generic/pgf/basiclayer/pgfcorepathusage.code.tex
File: pgfcorepathusage.code.tex 2021/05/15 v3.1.9a (3.1.9a)
\pgf@shorten@end@additional=\dimen257
\pgf@shorten@start@additional=\dimen258
) (/usr/local/texlive/2022/texmf-dist/tex/generic/pgf/basiclayer/pgfcorescopes.code.tex
File: pgfcorescopes.code.tex 2021/05/15 v3.1.9a (3.1.9a)
\pgfpic=\box61
\pgf@hbox=\box62
\pgf@layerbox@main=\box63
\pgf@picture@serial@count=\count293
) (/usr/local/texlive/2022/texmf-dist/tex/generic/pgf/basiclayer/pgfcoregraphicstate.code.tex
File: pgfcoregraphicstate.code.tex 2021/05/15 v3.1.9a (3.1.9a)
\pgflinewidth=\dimen259
) (/usr/local/texlive/2022/texmf-dist/tex/generic/pgf/basiclayer/pgfcoretransformations.code.tex
File: pgfcoretransformations.code.tex 2021/05/15 v3.1.9a (3.1.9a)
\pgf@pt@x=\dimen260
\pgf@pt@y=\dimen261
\pgf@pt@temp=\dimen262
) (/usr/local/texlive/2022/texmf-dist/tex/generic/pgf/basiclayer/pgfcorequick.code.tex
File: pgfcorequick.code.tex 2021/05/15 v3.1.9a (3.1.9a)
) (/usr/local/texlive/2022/texmf-dist/tex/generic/pgf/basiclayer/pgfcoreobjects.code.tex
File: pgfcoreobjects.code.tex 2021/05/15 v3.1.9a (3.1.9a)
) (/usr/local/texlive/2022/texmf-dist/tex/generic/pgf/basiclayer/pgfcorepathprocessing.code.tex
File: pgfcorepathprocessing.code.tex 2021/05/15 v3.1.9a (3.1.9a)
) (/usr/local/texlive/2022/texmf-dist/tex/generic/pgf/basiclayer/pgfcorearrows.code.tex
File: pgfcorearrows.code.tex 2021/05/15 v3.1.9a (3.1.9a)
\pgfarrowsep=\dimen263
) (/usr/local/texlive/2022/texmf-dist/tex/generic/pgf/basiclayer/pgfcoreshade.code.tex
File: pgfcoreshade.code.tex 2021/05/15 v3.1.9a (3.1.9a)
\pgf@max=\dimen264
\pgf@sys@shading@range@num=\count294
\pgf@shadingcount=\count295
) (/usr/local/texlive/2022/texmf-dist/tex/generic/pgf/basiclayer/pgfcoreimage.code.tex
File: pgfcoreimage.code.tex 2021/05/15 v3.1.9a (3.1.9a)
 (/usr/local/texlive/2022/texmf-dist/tex/generic/pgf/basiclayer/pgfcoreexternal.code.tex
File: pgfcoreexternal.code.tex 2021/05/15 v3.1.9a (3.1.9a)
\pgfexternal@startupbox=\box64
)) (/usr/local/texlive/2022/texmf-dist/tex/generic/pgf/basiclayer/pgfcorelayers.code.tex
File: pgfcorelayers.code.tex 2021/05/15 v3.1.9a (3.1.9a)
) (/usr/local/texlive/2022/texmf-dist/tex/generic/pgf/basiclayer/pgfcoretransparency.code.tex
File: pgfcoretransparency.code.tex 2021/05/15 v3.1.9a (3.1.9a)
) (/usr/local/texlive/2022/texmf-dist/tex/generic/pgf/basiclayer/pgfcorepatterns.code.tex
File: pgfcorepatterns.code.tex 2021/05/15 v3.1.9a (3.1.9a)
) (/usr/local/texlive/2022/texmf-dist/tex/generic/pgf/basiclayer/pgfcorerdf.code.tex
File: pgfcorerdf.code.tex 2021/05/15 v3.1.9a (3.1.9a)
))) (/usr/local/texlive/2022/texmf-dist/tex/latex/pgf/utilities/xxcolor.sty
Package: xxcolor 2003/10/24 ver 0.1
\XC@nummixins=\count296
\XC@countmixins=\count297
) (/usr/local/texlive/2022/texmf-dist/tex/latex/base/atbegshi-ltx.sty
Package: atbegshi-ltx 2021/01/10 v1.0c Emulation of the original atbegshi
package with kernel methods
) (/usr/local/texlive/2022/texmf-dist/tex/latex/hyperref/hyperref.sty
Package: hyperref 2022-02-21 v7.00n Hypertext links for LaTeX
 (/usr/local/texlive/2022/texmf-dist/tex/generic/ltxcmds/ltxcmds.sty
Package: ltxcmds 2020-05-10 v1.25 LaTeX kernel commands for general use (HO)
) (/usr/local/texlive/2022/texmf-dist/tex/generic/pdftexcmds/pdftexcmds.sty
Package: pdftexcmds 2020-06-27 v0.33 Utility functions of pdfTeX for LuaTeX (HO)
 (/usr/local/texlive/2022/texmf-dist/tex/generic/infwarerr/infwarerr.sty
Package: infwarerr 2019/12/03 v1.5 Providing info/warning/error messages (HO)
)
Package pdftexcmds Info: \pdf@primitive is available.
Package pdftexcmds Info: \pdf@ifprimitive is available.
Package pdftexcmds Info: \pdfdraftmode found.
) (/usr/local/texlive/2022/texmf-dist/tex/generic/kvsetkeys/kvsetkeys.sty
Package: kvsetkeys 2019/12/15 v1.18 Key value parser (HO)
) (/usr/local/texlive/2022/texmf-dist/tex/generic/kvdefinekeys/kvdefinekeys.sty
Package: kvdefinekeys 2019-12-19 v1.6 Define keys (HO)
) (/usr/local/texlive/2022/texmf-dist/tex/generic/pdfescape/pdfescape.sty
Package: pdfescape 2019/12/09 v1.15 Implements pdfTeX's escape features (HO)
) (/usr/local/texlive/2022/texmf-dist/tex/latex/hycolor/hycolor.sty
Package: hycolor 2020-01-27 v1.10 Color options for hyperref/bookmark (HO)
) (/usr/local/texlive/2022/texmf-dist/tex/latex/letltxmacro/letltxmacro.sty
Package: letltxmacro 2019/12/03 v1.6 Let assignment for LaTeX macros (HO)
) (/usr/local/texlive/2022/texmf-dist/tex/latex/auxhook/auxhook.sty
Package: auxhook 2019-12-17 v1.6 Hooks for auxiliary files (HO)
) (/usr/local/texlive/2022/texmf-dist/tex/latex/kvoptions/kvoptions.sty
Package: kvoptions 2020-10-07 v3.14 Key value format for package options (HO)
)
\@linkdim=\dimen265
\Hy@linkcounter=\count298
\Hy@pagecounter=\count299
 (/usr/local/texlive/2022/texmf-dist/tex/latex/hyperref/pd1enc.def
File: pd1enc.def 2022-02-21 v7.00n Hyperref: PDFDocEncoding definition (HO)
Now handling font encoding PD1 ...
... no UTF-8 mapping file for font encoding PD1
) (/usr/local/texlive/2022/texmf-dist/tex/generic/intcalc/intcalc.sty
Package: intcalc 2019/12/15 v1.3 Expandable calculations with integers (HO)
) (/usr/local/texlive/2022/texmf-dist/tex/generic/etexcmds/etexcmds.sty
Package: etexcmds 2019/12/15 v1.7 Avoid name clashes with e-TeX commands (HO)
)
\Hy@SavedSpaceFactor=\count300
 (/usr/local/texlive/2022/texmf-dist/tex/latex/hyperref/puenc.def
File: puenc.def 2022-02-21 v7.00n Hyperref: PDF Unicode definition (HO)
Now handling font encoding PU ...
... no UTF-8 mapping file for font encoding PU
)
Package hyperref Info: Option `bookmarks' set `true' on input line 4018.
Package hyperref Info: Option `bookmarksopen' set `true' on input line 4018.
Package hyperref Info: Option `implicit' set `false' on input line 4018.
Package hyperref Info: Hyper figures OFF on input line 4137.
Package hyperref Info: Link nesting OFF on input line 4142.
Package hyperref Info: Hyper index ON on input line 4145.
Package hyperref Info: Plain pages OFF on input line 4152.
Package hyperref Info: Backreferencing OFF on input line 4157.
Package hyperref Info: Implicit mode OFF; no redefinition of LaTeX internals.
Package hyperref Info: Bookmarks ON on input line 4390.
\c@Hy@tempcnt=\count301
 (/usr/local/texlive/2022/texmf-dist/tex/latex/url/url.sty
\Urlmuskip=\muskip16
Package: url 2013/09/16  ver 3.4  Verb mode for urls, etc.
)
LaTeX Info: Redefining \url on input line 4749.
\XeTeXLinkMargin=\dimen266
 (/usr/local/texlive/2022/texmf-dist/tex/generic/bitset/bitset.sty
Package: bitset 2019/12/09 v1.3 Handle bit-vector datatype (HO)
 (/usr/local/texlive/2022/texmf-dist/tex/generic/bigintcalc/bigintcalc.sty
Package: bigintcalc 2019/12/15 v1.5 Expandable calculations on big integers (HO)
))
\Fld@menulength=\count302
\Field@Width=\dimen267
\Fld@charsize=\dimen268
Package hyperref Info: Hyper figures OFF on input line 6027.
Package hyperref Info: Link nesting OFF on input line 6032.
Package hyperref Info: Hyper index ON on input line 6035.
Package hyperref Info: backreferencing OFF on input line 6042.
Package hyperref Info: Link coloring OFF on input line 6047.
Package hyperref Info: Link coloring with OCG OFF on input line 6052.
Package hyperref Info: PDF/A mode OFF on input line 6057.
LaTeX Info: Redefining \ref on input line 6097.
LaTeX Info: Redefining \pageref on input line 6101.
\Hy@abspage=\count303


Package hyperref Message: Stopped early.

)
Package hyperref Info: Driver (autodetected): hpdftex.
 (/usr/local/texlive/2022/texmf-dist/tex/latex/hyperref/hpdftex.def
File: hpdftex.def 2022-02-21 v7.00n Hyperref driver for pdfTeX
 (/usr/local/texlive/2022/texmf-dist/tex/latex/base/atveryend-ltx.sty
Package: atveryend-ltx 2020/08/19 v1.0a Emulation of the original atveryend package
with kernel methods
)
\Fld@listcount=\count304
\c@bookmark@seq@number=\count305
 (/usr/local/texlive/2022/texmf-dist/tex/latex/rerunfilecheck/rerunfilecheck.sty
Package: rerunfilecheck 2019/12/05 v1.9 Rerun checks for auxiliary files (HO)
 (/usr/local/texlive/2022/texmf-dist/tex/generic/uniquecounter/uniquecounter.sty
Package: uniquecounter 2019/12/15 v1.4 Provide unlimited unique counter (HO)
)
Package uniquecounter Info: New unique counter `rerunfilecheck' on input line 286.
)) (/usr/local/texlive/2022/texmf-dist/tex/latex/beamer/beamerbaserequires.sty (/usr/local/texlive/2022/texmf-dist/tex/latex/beamer/beamerbasecompatibility.sty) (/usr/local/texlive/2022/texmf-dist/tex/latex/beamer/beamerbasefont.sty (/usr/local/texlive/2022/texmf-dist/tex/latex/amsfonts/amssymb.sty
Package: amssymb 2013/01/14 v3.01 AMS font symbols
 (/usr/local/texlive/2022/texmf-dist/tex/latex/amsfonts/amsfonts.sty
Package: amsfonts 2013/01/14 v3.01 Basic AMSFonts support
\@emptytoks=\toks28
\symAMSa=\mathgroup4
\symAMSb=\mathgroup5
LaTeX Font Info:    Redeclaring math symbol \hbar on input line 98.
LaTeX Font Info:    Overwriting math alphabet `\mathfrak' in version `bold'
(Font)                  U/euf/m/n --> U/euf/b/n on input line 106.
)) (/usr/local/texlive/2022/texmf-dist/tex/latex/sansmathaccent/sansmathaccent.sty
Package: sansmathaccent 2020/01/31
 (/usr/local/texlive/2022/texmf-dist/tex/latex/koma-script/scrlfile.sty
Package: scrlfile 2021/11/13 v3.35 KOMA-Script package (file load hooks)
 (/usr/local/texlive/2022/texmf-dist/tex/latex/koma-script/scrlfile-hook.sty
Package: scrlfile-hook 2021/11/13 v3.35 KOMA-Script package (using LaTeX hooks)
 (/usr/local/texlive/2022/texmf-dist/tex/latex/koma-script/scrlogo.sty
Package: scrlogo 2021/11/13 v3.35 KOMA-Script package (logo)
))))) (/usr/local/texlive/2022/texmf-dist/tex/latex/beamer/beamerbasetranslator.sty (/usr/local/texlive/2022/texmf-dist/tex/latex/translator/translator.sty
Package: translator 2021-05-31 v1.12d Easy translation of strings in LaTeX
)) (/usr/local/texlive/2022/texmf-dist/tex/latex/beamer/beamerbasemisc.sty) (/usr/local/texlive/2022/texmf-dist/tex/latex/beamer/beamerbasetwoscreens.sty) (/usr/local/texlive/2022/texmf-dist/tex/latex/beamer/beamerbaseoverlay.sty
\beamer@argscount=\count306
\beamer@lastskipcover=\skip50
\beamer@trivlistdepth=\count307
) (/usr/local/texlive/2022/texmf-dist/tex/latex/beamer/beamerbasetitle.sty) (/usr/local/texlive/2022/texmf-dist/tex/latex/beamer/beamerbasesection.sty
\c@lecture=\count308
\c@part=\count309
\c@section=\count310
\c@subsection=\count311
\c@subsubsection=\count312
) (/usr/local/texlive/2022/texmf-dist/tex/latex/beamer/beamerbaseframe.sty
\beamer@framebox=\box65
\beamer@frametitlebox=\box66
\beamer@zoombox=\box67
\beamer@zoomcount=\count313
\beamer@zoomframecount=\count314
\beamer@frametextheight=\dimen269
\c@subsectionslide=\count315
\beamer@frametopskip=\skip51
\beamer@framebottomskip=\skip52
\beamer@frametopskipautobreak=\skip53
\beamer@framebottomskipautobreak=\skip54
\beamer@envbody=\toks29
\framewidth=\dimen270
\c@framenumber=\count316
) (/usr/local/texlive/2022/texmf-dist/tex/latex/beamer/beamerbaseverbatim.sty
\beamer@verbatimfileout=\write4
) (/usr/local/texlive/2022/texmf-dist/tex/latex/beamer/beamerbaseframesize.sty
\beamer@splitbox=\box68
\beamer@autobreakcount=\count317
\beamer@autobreaklastheight=\dimen271
\beamer@frametitletoks=\toks30
\beamer@framesubtitletoks=\toks31
) (/usr/local/texlive/2022/texmf-dist/tex/latex/beamer/beamerbaseframecomponents.sty
\beamer@footins=\box69
) (/usr/local/texlive/2022/texmf-dist/tex/latex/beamer/beamerbasecolor.sty) (/usr/local/texlive/2022/texmf-dist/tex/latex/beamer/beamerbasenotes.sty
\beamer@frameboxcopy=\box70
) (/usr/local/texlive/2022/texmf-dist/tex/latex/beamer/beamerbasetoc.sty) (/usr/local/texlive/2022/texmf-dist/tex/latex/beamer/beamerbasetemplates.sty
\beamer@sbttoks=\toks32
 (/usr/local/texlive/2022/texmf-dist/tex/latex/beamer/beamerbaseauxtemplates.sty (/usr/local/texlive/2022/texmf-dist/tex/latex/beamer/beamerbaseboxes.sty
\bmb@box=\box71
\bmb@colorbox=\box72
\bmb@boxwidth=\dimen272
\bmb@boxheight=\dimen273
\bmb@prevheight=\dimen274
\bmb@temp=\dimen275
\bmb@dima=\dimen276
\bmb@dimb=\dimen277
\bmb@prevheight=\dimen278
)
\beamer@blockheadheight=\dimen279
)) (/usr/local/texlive/2022/texmf-dist/tex/latex/beamer/beamerbaselocalstructure.sty (/usr/local/texlive/2022/texmf-dist/tex/latex/tools/enumerate.sty
Package: enumerate 2015/07/23 v3.00 enumerate extensions (DPC)
\@enLab=\toks33
)
\beamer@bibiconwidth=\skip55
\c@figure=\count318
\c@table=\count319
\abovecaptionskip=\skip56
\belowcaptionskip=\skip57
) (/usr/local/texlive/2022/texmf-dist/tex/latex/beamer/beamerbasenavigation.sty
\beamer@section@min@dim=\dimen280
) (/usr/local/texlive/2022/texmf-dist/tex/latex/beamer/beamerbasetheorems.sty (/usr/local/texlive/2022/texmf-dist/tex/latex/amsmath/amsmath.sty
Package: amsmath 2021/10/15 v2.17l AMS math features
\@mathmargin=\skip58

For additional information on amsmath, use the `?' option.
(/usr/local/texlive/2022/texmf-dist/tex/latex/amsmath/amstext.sty
Package: amstext 2021/08/26 v2.01 AMS text
 (/usr/local/texlive/2022/texmf-dist/tex/latex/amsmath/amsgen.sty
File: amsgen.sty 1999/11/30 v2.0 generic functions
\@emptytoks=\toks34
\ex@=\dimen281
)) (/usr/local/texlive/2022/texmf-dist/tex/latex/amsmath/amsbsy.sty
Package: amsbsy 1999/11/29 v1.2d Bold Symbols
\pmbraise@=\dimen282
) (/usr/local/texlive/2022/texmf-dist/tex/latex/amsmath/amsopn.sty
Package: amsopn 2021/08/26 v2.02 operator names
)
\inf@bad=\count320
LaTeX Info: Redefining \frac on input line 234.
\uproot@=\count321
\leftroot@=\count322
LaTeX Info: Redefining \overline on input line 399.
\classnum@=\count323
\DOTSCASE@=\count324
LaTeX Info: Redefining \ldots on input line 496.
LaTeX Info: Redefining \dots on input line 499.
LaTeX Info: Redefining \cdots on input line 620.
\Mathstrutbox@=\box73
\strutbox@=\box74
\big@size=\dimen283
LaTeX Font Info:    Redeclaring font encoding OML on input line 743.
LaTeX Font Info:    Redeclaring font encoding OMS on input line 744.
\macc@depth=\count325
\c@MaxMatrixCols=\count326
\dotsspace@=\muskip17
\c@parentequation=\count327
\dspbrk@lvl=\count328
\tag@help=\toks35
\row@=\count329
\column@=\count330
\maxfields@=\count331
\andhelp@=\toks36
\eqnshift@=\dimen284
\alignsep@=\dimen285
\tagshift@=\dimen286
\tagwidth@=\dimen287
\totwidth@=\dimen288
\lineht@=\dimen289
\@envbody=\toks37
\multlinegap=\skip59
\multlinetaggap=\skip60
\mathdisplay@stack=\toks38
LaTeX Info: Redefining \[ on input line 2938.
LaTeX Info: Redefining \] on input line 2939.
) (/usr/local/texlive/2022/texmf-dist/tex/latex/amscls/amsthm.sty
Package: amsthm 2020/05/29 v2.20.6
\thm@style=\toks39
\thm@bodyfont=\toks40
\thm@headfont=\toks41
\thm@notefont=\toks42
\thm@headpunct=\toks43
\thm@preskip=\skip61
\thm@postskip=\skip62
\thm@headsep=\skip63
\dth@everypar=\toks44
)
\c@theorem=\count332
) (/usr/local/texlive/2022/texmf-dist/tex/latex/beamer/beamerbasethemes.sty)) (/usr/local/texlive/2022/texmf-dist/tex/latex/beamer/beamerthemedefault.sty (/usr/local/texlive/2022/texmf-dist/tex/latex/beamer/beamerfontthemedefault.sty) (/usr/local/texlive/2022/texmf-dist/tex/latex/beamer/beamercolorthemedefault.sty) (/usr/local/texlive/2022/texmf-dist/tex/latex/beamer/beamerinnerthemedefault.sty
\beamer@dima=\dimen290
\beamer@dimb=\dimen291
) (/usr/local/texlive/2022/texmf-dist/tex/latex/beamer/beamerouterthemedefault.sty))) (./beamerthemeunibt.sty
Package: beamerthemeunibt 2021/05/15 v3.1.9a (3.1.9a)
 (/usr/local/texlive/2022/texmf-dist/tex/latex/beamer/beamerthemeBerlin.sty (/usr/local/texlive/2022/texmf-dist/tex/latex/beamer/beamerouterthememiniframes.sty) (/usr/local/texlive/2022/texmf-dist/tex/latex/beamer/beamercolorthemewhale.sty) (/usr/local/texlive/2022/texmf-dist/tex/latex/beamer/beamercolorthemeorchid.sty) (/usr/local/texlive/2022/texmf-dist/tex/latex/beamer/beamerinnerthemerectangles.sty)) (/usr/local/texlive/2022/texmf-dist/tex/latex/beamer/beamerinnerthemecircles.sty) (/usr/local/texlive/2022/texmf-dist/tex/latex/beamer/beamerouterthemesplit.sty) (./beamercolorthemeunibt.sty
Package: beamercolorthemeunibt 2021/05/15 v3.1.9a (3.1.9a)
)) (/usr/local/texlive/2022/texmf-dist/tex/latex/base/inputenc.sty
Package: inputenc 2021/02/14 v1.3d Input encoding file
\inpenc@prehook=\toks45
\inpenc@posthook=\toks46
 (/usr/local/texlive/2022/texmf-dist/tex/latex/base/ansinew.def
File: ansinew.def 2021/02/14 v1.3d Input encoding file
)) (/usr/local/texlive/2022/texmf-dist/tex/latex/psnfss/times.sty
Package: times 2020/03/25 PSNFSS-v9.3 (SPQR) 
) (/usr/local/texlive/2022/texmf-dist/tex/latex/base/fontenc.sty
Package: fontenc 2021/04/29 v2.0v Standard LaTeX package
LaTeX Font Info:    Trying to load font information for T1+phv on input line 112.
 (/usr/local/texlive/2022/texmf-dist/tex/latex/psnfss/t1phv.fd
File: t1phv.fd 2020/03/25 scalable font definitions for T1/phv.
)) (/usr/local/texlive/2022/texmf-dist/tex/latex/natbib/natbib.sty
Package: natbib 2010/09/13 8.31b (PWD, AO)
\bibhang=\skip64
\bibsep=\skip65
LaTeX Info: Redefining \cite on input line 694.
\c@NAT@ctr=\count333
) (/usr/local/texlive/2022/texmf-dist/tex/latex/transparent/transparent.sty
Package: transparent 2019/11/29 v1.4 Transparency via pdfTeX's color stack (HO)
) (/usr/local/texlive/2022/texmf-dist/tex/latex/appendix/appendix.sty
Package: appendix 2020/02/08 v1.2c extra appendix facilities
\c@@pps=\count334
\c@@ppsavesec=\count335
\c@@ppsaveapp=\count336
) (/usr/local/texlive/2022/texmf-dist/tex/latex/eurosym/eurosym.sty
Package: eurosym 1998/08/06 v1.1 European currency symbol ``Euro''
\@eurobox=\box75
) (/usr/local/texlive/2022/texmf-dist/tex/latex/booktabs/booktabs.sty
Package: booktabs 2020/01/12 v1.61803398 Publication quality tables
\heavyrulewidth=\dimen292
\lightrulewidth=\dimen293
\cmidrulewidth=\dimen294
\belowrulesep=\dimen295
\belowbottomsep=\dimen296
\aboverulesep=\dimen297
\abovetopsep=\dimen298
\cmidrulesep=\dimen299
\cmidrulekern=\dimen300
\defaultaddspace=\dimen301
\@cmidla=\count337
\@cmidlb=\count338
\@aboverulesep=\dimen302
\@belowrulesep=\dimen303
\@thisruleclass=\count339
\@lastruleclass=\count340
\@thisrulewidth=\dimen304
) (/usr/local/texlive/2022/texmf-dist/tex/latex/animate/animate.sty
Package: animate 2022/02/21 PDF & SVG animations from files and inline graphics
 (/usr/local/texlive/2022/texmf-dist/tex/latex/xkeyval/xkeyval.sty
Package: xkeyval 2020/11/20 v2.8 package option processing (HA)
 (/usr/local/texlive/2022/texmf-dist/tex/generic/xkeyval/xkeyval.tex (/usr/local/texlive/2022/texmf-dist/tex/generic/xkeyval/xkvutils.tex
\XKV@toks=\toks47
\XKV@tempa@toks=\toks48
)
\XKV@depth=\count341
File: xkeyval.tex 2014/12/03 v2.7a key=value parser (HA)
)) (/usr/local/texlive/2022/texmf-dist/tex/latex/base/ifthen.sty
Package: ifthen 2020/11/24 v1.1c Standard LaTeX ifthen package (DPC)
) (/usr/local/texlive/2022/texmf-dist/tex/latex/oberdiek/ifdraft.sty
Package: ifdraft 2016/05/16 v1.4 Detect class options draft and final (HO)
) (/usr/local/texlive/2022/texmf-dist/tex/latex/tools/calc.sty
Package: calc 2017/05/25 v4.3 Infix arithmetic (KKT,FJ)
\calc@Acount=\count342
\calc@Bcount=\count343
\calc@Adimen=\dimen305
\calc@Bdimen=\dimen306
\calc@Askip=\skip66
\calc@Bskip=\skip67
LaTeX Info: Redefining \setlength on input line 80.
LaTeX Info: Redefining \addtolength on input line 81.
\calc@Ccount=\count344
\calc@Cskip=\skip68
) (/usr/local/texlive/2022/texmf-dist/tex/latex/zref/zref-abspage.sty
Package: zref-abspage 2020-07-03 v2.32 Module abspage for zref (HO)
 (/usr/local/texlive/2022/texmf-dist/tex/latex/zref/zref-base.sty
Package: zref-base 2020-07-03 v2.32 Module base for zref (HO)
Package zref Info: New property list: main on input line 764.
Package zref Info: New property: default on input line 765.
Package zref Info: New property: page on input line 766.
)
\c@abspage=\count345
Package zref Info: New property: abspage on input line 66.
) (/usr/local/texlive/2022/texmf-dist/tex/latex/media9/pdfbase.sty (/usr/local/texlive/2022/texmf-dist/tex/latex/l3packages/l3keys2e/l3keys2e.sty (/usr/local/texlive/2022/texmf-dist/tex/latex/l3kernel/expl3.sty
Package: expl3 2022-02-24 L3 programming layer (loader) 
 (/usr/local/texlive/2022/texmf-dist/tex/latex/l3backend/l3backend-pdftex.def
File: l3backend-pdftex.def 2022-02-07 L3 backend support: PDF output (pdfTeX)
\l__color_backend_stack_int=\count346
\l__pdf_internal_box=\box76
))
Package: l3keys2e 2022-01-12 LaTeX2e option processing using LaTeX3 keys
)
Package: pdfbase 2022/03/18 v0.54 driver independent access to low-level PDF features
\g_pbs_page_int=\count347
\g_pbs_oc_int=\count348
) (/usr/local/texlive/2022/texmf-dist/tex/latex/ocgx2/ocgbase.sty
Package: ocgbase 2021/06/11 v0.20 support package for ocgx2.sty
\g_ocgbase_nd_int=\count349
)
\@anim@box=\box77
\@anim@measbox=\box78
\@anim@tmpdima=\dimen307
\@anim@tmpdimb=\dimen308
\@anim@num=\count350
\@anim@curframe=\count351
\@anim@curframe@zb=\count352
\@anim@resizeflags=\count353
\@anim@skipfram=\count354
\@anim@mulframecnt=\count355
\@anim@@tmlnfile=\read3
\@anim@tmpcnt=\count356
\c@@anim@ltxcnt=\count357
\@anim@curlayer=\count358
\@anim@lineno=\count359
\@anim@curfield=\count360
\@anim@@resizeflags=\count361
) (/usr/local/texlive/2022/texmf-dist/tex/latex/epstopdf-pkg/epstopdf.sty
Package: epstopdf 2020-01-24 v2.11 Conversion with epstopdf on the fly (HO)
 (/usr/local/texlive/2022/texmf-dist/tex/latex/grfext/grfext.sty
Package: grfext 2019/12/03 v1.3 Manage graphics extensions (HO)
) (/usr/local/texlive/2022/texmf-dist/tex/latex/epstopdf-pkg/epstopdf-base.sty
Package: epstopdf-base 2020-01-24 v2.11 Base part for package epstopdf
Package epstopdf-base Info: Redefining graphics rule for `.eps' on input line 485.
Package grfext Info: Graphics extension search list:
(grfext)             [.pdf,.png,.jpg,.mps,.jpeg,.jbig2,.jb2,.PDF,.PNG,.JPG,.JPEG,.JBIG2,.JB2,.eps]
(grfext)             \AppendGraphicsExtensions on input line 504.
 (/usr/local/texlive/2022/texmf-dist/tex/latex/latexconfig/epstopdf-sys.cfg
File: epstopdf-sys.cfg 2010/07/13 v1.3 Configuration of (r)epstopdf for TeX Live
))) (/usr/local/texlive/2022/texmf-dist/tex/latex/pgf/frontendlayer/tikz.sty (/usr/local/texlive/2022/texmf-dist/tex/latex/pgf/basiclayer/pgf.sty
Package: pgf 2021/05/15 v3.1.9a (3.1.9a)
 (/usr/local/texlive/2022/texmf-dist/tex/generic/pgf/modules/pgfmoduleshapes.code.tex
File: pgfmoduleshapes.code.tex 2021/05/15 v3.1.9a (3.1.9a)
\pgfnodeparttextbox=\box79
) (/usr/local/texlive/2022/texmf-dist/tex/generic/pgf/modules/pgfmoduleplot.code.tex
File: pgfmoduleplot.code.tex 2021/05/15 v3.1.9a (3.1.9a)
) (/usr/local/texlive/2022/texmf-dist/tex/latex/pgf/compatibility/pgfcomp-version-0-65.sty
Package: pgfcomp-version-0-65 2021/05/15 v3.1.9a (3.1.9a)
\pgf@nodesepstart=\dimen309
\pgf@nodesepend=\dimen310
) (/usr/local/texlive/2022/texmf-dist/tex/latex/pgf/compatibility/pgfcomp-version-1-18.sty
Package: pgfcomp-version-1-18 2021/05/15 v3.1.9a (3.1.9a)
)) (/usr/local/texlive/2022/texmf-dist/tex/latex/pgf/utilities/pgffor.sty (/usr/local/texlive/2022/texmf-dist/tex/generic/pgf/utilities/pgffor.code.tex
Package: pgffor 2021/05/15 v3.1.9a (3.1.9a)
 (/usr/local/texlive/2022/texmf-dist/tex/generic/pgf/math/pgfmath.code.tex)
\pgffor@iter=\dimen311
\pgffor@skip=\dimen312
\pgffor@stack=\toks49
\pgffor@toks=\toks50
)) (/usr/local/texlive/2022/texmf-dist/tex/generic/pgf/frontendlayer/tikz/tikz.code.tex
Package: tikz 2021/05/15 v3.1.9a (3.1.9a)
 (/usr/local/texlive/2022/texmf-dist/tex/generic/pgf/libraries/pgflibraryplothandlers.code.tex
File: pgflibraryplothandlers.code.tex 2021/05/15 v3.1.9a (3.1.9a)
\pgf@plot@mark@count=\count362
\pgfplotmarksize=\dimen313
)
\tikz@lastx=\dimen314
\tikz@lasty=\dimen315
\tikz@lastxsaved=\dimen316
\tikz@lastysaved=\dimen317
\tikz@lastmovetox=\dimen318
\tikz@lastmovetoy=\dimen319
\tikzleveldistance=\dimen320
\tikzsiblingdistance=\dimen321
\tikz@figbox=\box80
\tikz@figbox@bg=\box81
\tikz@tempbox=\box82
\tikz@tempbox@bg=\box83
\tikztreelevel=\count363
\tikznumberofchildren=\count364
\tikznumberofcurrentchild=\count365
\tikz@fig@count=\count366
 (/usr/local/texlive/2022/texmf-dist/tex/generic/pgf/modules/pgfmodulematrix.code.tex
File: pgfmodulematrix.code.tex 2021/05/15 v3.1.9a (3.1.9a)
\pgfmatrixcurrentrow=\count367
\pgfmatrixcurrentcolumn=\count368
\pgf@matrix@numberofcolumns=\count369
)
\tikz@expandcount=\count370
 (/usr/local/texlive/2022/texmf-dist/tex/generic/pgf/frontendlayer/tikz/libraries/tikzlibrarytopaths.code.tex
File: tikzlibrarytopaths.code.tex 2021/05/15 v3.1.9a (3.1.9a)
))) (/usr/local/texlive/2022/texmf-dist/tex/generic/pgf/frontendlayer/tikz/libraries/tikzlibrarydecorations.pathreplacing.code.tex (/usr/local/texlive/2022/texmf-dist/tex/generic/pgf/frontendlayer/tikz/libraries/tikzlibrarydecorations.code.tex (/usr/local/texlive/2022/texmf-dist/tex/generic/pgf/modules/pgfmoduledecorations.code.tex
\pgfdecoratedcompleteddistance=\dimen322
\pgfdecoratedremainingdistance=\dimen323
\pgfdecoratedinputsegmentcompleteddistance=\dimen324
\pgfdecoratedinputsegmentremainingdistance=\dimen325
\pgf@decorate@distancetomove=\dimen326
\pgf@decorate@repeatstate=\count371
\pgfdecorationsegmentamplitude=\dimen327
\pgfdecorationsegmentlength=\dimen328
)
\tikz@lib@dec@box=\box84
) (/usr/local/texlive/2022/texmf-dist/tex/generic/pgf/libraries/decorations/pgflibrarydecorations.pathreplacing.code.tex))

! Package tikz Error: I did not find the tikz library 'shape'. I looked for files named tikzlibraryshape.code.tex and pgflibraryshape.code.tex, but neither could be found in the current texmf trees..

See the tikz package documentation for explanation.
Type  H <return>  for immediate help.
 ...                                              
                                                  
l.21 ...ns.pathreplacing, shape, fit, positioning}
                                                  
This error message was generated by an \errmessage
command, so I can't give any explicit help.
Pretend that you're Hercule Poirot: Examine all clues,
and deduce the truth by order and method.

(/usr/local/texlive/2022/texmf-dist/tex/generic/pgf/frontendlayer/tikz/libraries/tikzlibraryfit.code.tex
File: tikzlibraryfit.code.tex 2021/05/15 v3.1.9a (3.1.9a)
) (/usr/local/texlive/2022/texmf-dist/tex/generic/pgf/frontendlayer/tikz/libraries/tikzlibrarypositioning.code.tex
File: tikzlibrarypositioning.code.tex 2021/05/15 v3.1.9a (3.1.9a)
) (/usr/local/texlive/2022/texmf-dist/tex/latex/pgfplots/pgfplots.sty (/usr/local/texlive/2022/texmf-dist/tex/generic/pgfplots/pgfplots.revision.tex)
Package: pgfplots 2021/05/15 v1.18.1 Data Visualization (1.18.1)
 (/usr/local/texlive/2022/texmf-dist/tex/generic/pgfplots/pgfplots.code.tex (/usr/local/texlive/2022/texmf-dist/tex/generic/pgfplots/pgfplotscore.code.tex
\t@pgfplots@toka=\toks51
\t@pgfplots@tokb=\toks52
\t@pgfplots@tokc=\toks53
\pgfplots@tmpa=\dimen329
\c@pgfplots@coordindex=\count372
\c@pgfplots@scanlineindex=\count373
 (/usr/local/texlive/2022/texmf-dist/tex/generic/pgfplots/sys/pgfplotssysgeneric.code.tex)) (/usr/local/texlive/2022/texmf-dist/tex/generic/pgfplots/libs/pgfplotslibrary.code.tex) (/usr/local/texlive/2022/texmf-dist/tex/generic/pgfplots/oldpgfcompatib/pgfplotsoldpgfsupp_loader.code.tex (/usr/local/texlive/2022/texmf-dist/tex/generic/pgf/libraries/pgflibraryfpu.code.tex)) (/usr/local/texlive/2022/texmf-dist/tex/generic/pgfplots/util/pgfplotsutil.code.tex (/usr/local/texlive/2022/texmf-dist/tex/generic/pgfplots/liststructure/pgfplotsliststructure.code.tex) (/usr/local/texlive/2022/texmf-dist/tex/generic/pgfplots/liststructure/pgfplotsliststructureext.code.tex) (/usr/local/texlive/2022/texmf-dist/tex/generic/pgfplots/liststructure/pgfplotsarray.code.tex
\c@pgfplotsarray@tmp=\count374
) (/usr/local/texlive/2022/texmf-dist/tex/generic/pgfplots/liststructure/pgfplotsmatrix.code.tex) (/usr/local/texlive/2022/texmf-dist/tex/generic/pgfplots/numtable/pgfplotstableshared.code.tex
\c@pgfplotstable@counta=\count375
\t@pgfplotstable@a=\toks54
) (/usr/local/texlive/2022/texmf-dist/tex/generic/pgfplots/liststructure/pgfplotsdeque.code.tex) (/usr/local/texlive/2022/texmf-dist/tex/generic/pgfplots/util/pgfplotsbinary.code.tex (/usr/local/texlive/2022/texmf-dist/tex/generic/pgfplots/util/pgfplotsbinary.data.code.tex)) (/usr/local/texlive/2022/texmf-dist/tex/generic/pgfplots/util/pgfplotsutil.verb.code.tex) (/usr/local/texlive/2022/texmf-dist/tex/generic/pgfplots/libs/pgflibrarypgfplots.surfshading.code.tex
\c@pgfplotslibrarysurf@no=\count376
 (/usr/local/texlive/2022/texmf-dist/tex/generic/pgfplots/sys/pgflibrarypgfplots.surfshading.pgfsys-pdftex.def))) (/usr/local/texlive/2022/texmf-dist/tex/generic/pgfplots/util/pgfplotscolormap.code.tex (/usr/local/texlive/2022/texmf-dist/tex/generic/pgfplots/util/pgfplotscolor.code.tex)) (/usr/local/texlive/2022/texmf-dist/tex/generic/pgfplots/pgfplotsstackedplots.code.tex) (/usr/local/texlive/2022/texmf-dist/tex/generic/pgfplots/pgfplotsplothandlers.code.tex (/usr/local/texlive/2022/texmf-dist/tex/generic/pgfplots/pgfplotsmeshplothandler.code.tex (/usr/local/texlive/2022/texmf-dist/tex/generic/pgfplots/pgfplotsmeshplotimage.code.tex))) (/usr/local/texlive/2022/texmf-dist/tex/generic/pgfplots/pgfplots.scaling.code.tex) (/usr/local/texlive/2022/texmf-dist/tex/generic/pgfplots/pgfplotscoordprocessing.code.tex) (/usr/local/texlive/2022/texmf-dist/tex/generic/pgfplots/pgfplots.errorbars.code.tex) (/usr/local/texlive/2022/texmf-dist/tex/generic/pgfplots/pgfplots.markers.code.tex) (/usr/local/texlive/2022/texmf-dist/tex/generic/pgfplots/pgfplotsticks.code.tex) (/usr/local/texlive/2022/texmf-dist/tex/generic/pgfplots/pgfplots.paths.code.tex) (/usr/local/texlive/2022/texmf-dist/tex/generic/pgf/frontendlayer/tikz/libraries/tikzlibrarydecorations.pathmorphing.code.tex (/usr/local/texlive/2022/texmf-dist/tex/generic/pgf/libraries/decorations/pgflibrarydecorations.pathmorphing.code.tex)) (/usr/local/texlive/2022/texmf-dist/tex/generic/pgfplots/libs/tikzlibrarypgfplots.contourlua.code.tex)
\pgfplots@numplots=\count377
\pgfplots@xmin@reg=\dimen330
\pgfplots@xmax@reg=\dimen331
\pgfplots@ymin@reg=\dimen332
\pgfplots@ymax@reg=\dimen333
\pgfplots@zmin@reg=\dimen334
\pgfplots@zmax@reg=\dimen335
) (/usr/local/texlive/2022/texmf-dist/tex/generic/pgf/frontendlayer/tikz/libraries/tikzlibraryplotmarks.code.tex
File: tikzlibraryplotmarks.code.tex 2021/05/15 v3.1.9a (3.1.9a)
 (/usr/local/texlive/2022/texmf-dist/tex/generic/pgf/libraries/pgflibraryplotmarks.code.tex
File: pgflibraryplotmarks.code.tex 2021/05/15 v3.1.9a (3.1.9a)
))) (/usr/local/texlive/2022/texmf-dist/tex/latex/svg/svg.sty
Package: svg 2020/11/26 v2.02k (include SVG pictures)
 (/usr/local/texlive/2022/texmf-dist/tex/latex/koma-script/scrbase.sty
Package: scrbase 2021/11/13 v3.35 KOMA-Script package (KOMA-Script-independent basics and keyval usage)
Applying: [2021/05/01] Usage of raw or classic option list on input line 252.
Already applied: [0000/00/00] Usage of raw or classic option list on input line 368.
) (/usr/local/texlive/2022/texmf-dist/tex/latex/trimspaces/trimspaces.sty
Package: trimspaces 2009/09/17 v1.1 Trim spaces around a token list
) (/usr/local/texlive/2022/texmf-dist/tex/latex/tools/shellesc.sty
Package: shellesc 2019/11/08 v1.0c unified shell escape interface for LaTeX
Package shellesc Info: Restricted shell escape enabled on input line 77.
)
\c@svg@param@lastpage=\count378
\svg@box=\box85
\c@svg@param@currpage=\count379
) (/usr/local/texlive/2022/texmf-dist/tex/latex/algorithm2e/algorithm2e.sty
Package: algorithm2e 2017/07/18 v5.2 algorithms environments
\c@AlgoLine=\count380
\algocf@hangindent=\skip69
 (/usr/local/texlive/2022/texmf-dist/tex/latex/ifoddpage/ifoddpage.sty
Package: ifoddpage 2016/04/23 v1.1 Conditionals for odd/even page detection
\c@checkoddpage=\count381
) (/usr/local/texlive/2022/texmf-dist/tex/latex/tools/xspace.sty
Package: xspace 2014/10/28 v1.13 Space after command names (DPC,MH)
) (/usr/local/texlive/2022/texmf-dist/tex/latex/relsize/relsize.sty
Package: relsize 2013/03/29 ver 4.1
)
\skiptotal=\skip70
\skiplinenumber=\skip71
\skiprule=\skip72
\skiphlne=\skip73
\skiptext=\skip74
\skiplength=\skip75
\algomargin=\skip76
\skipalgocfslide=\skip77
\algowidth=\dimen336
\inoutsize=\dimen337
\inoutindent=\dimen338
\interspacetitleruled=\dimen339
\interspacealgoruled=\dimen340
\interspacetitleboxruled=\dimen341
\algocf@ruledwidth=\skip78
\algocf@inoutbox=\box86
\algocf@inputbox=\box87
\AlCapSkip=\skip79
\AlCapHSkip=\skip80
\algoskipindent=\skip81
\algocf@nlbox=\box88
\algocf@hangingbox=\box89
\algocf@untilbox=\box90
\algocf@skipuntil=\skip82
\algocf@capbox=\box91
\algocf@lcaptionbox=\skip83
\algoheightruledefault=\skip84
\algoheightrule=\skip85
\algotitleheightruledefault=\skip86
\algotitleheightrule=\skip87
\c@algocfline=\count382
\c@algocfproc=\count383
\c@algocf=\count384
\algocf@algoframe=\box92
\algocf@algobox=\box93
) (/usr/local/texlive/2022/texmf-dist/tex/latex/algorithmicx/algpseudocode.sty
Package: algpseudocode 
 (/usr/local/texlive/2022/texmf-dist/tex/latex/algorithmicx/algorithmicx.sty
Package: algorithmicx 2005/04/27 v1.2 Algorithmicx

Document Style algorithmicx 1.2 - a greatly improved `algorithmic' style
\c@ALG@line=\count385
\c@ALG@rem=\count386
\c@ALG@nested=\count387
\ALG@tlm=\skip88
\ALG@thistlm=\skip89
\c@ALG@Lnr=\count388
\c@ALG@blocknr=\count389
\c@ALG@storecount=\count390
\c@ALG@tmpcounter=\count391
\ALG@tmplength=\skip90
)
Document Style - pseudocode environments for use with the `algorithmicx' style
) (/usr/local/texlive/2022/texmf-dist/tex/latex/textpos/textpos.sty
Package: textpos 2020/09/26 v1.10

Package: textpos 2020/09/26 1.10, absolute positioning of text on the page
Package textpos Info: choosing support for LaTeX3 on input line 61.
\TP@textbox=\box94
\TP@holdbox=\box95
\TPHorizModule=\dimen342
\TPVertModule=\dimen343
\TP@margin=\dimen344
\TP@absmargin=\dimen345
Grid set 16 x 16 = 28.45274pt x 16.00467pt
\TPboxrulesize=\dimen346
\TP@ox=\dimen347
\TP@oy=\dimen348
\TP@tbargs=\toks55
TextBlockOrigin set to 0pt x 0pt
) (/usr/local/texlive/2022/texmf-dist/tex/latex/xurl/xurl.sty
Package: xurl 2022/01/09 v 0.10 modify URL breaks
)
\c@saveeqn=\count392
\c@tableapp=\count393


Package hyperref Warning: Token not allowed in a PDF string (Unicode):
(hyperref)                removing `\\' on input line 85.

(build/main.aux)
\openout1 = `main.aux'.

LaTeX Font Info:    Checking defaults for OML/cmm/m/it on input line 89.
LaTeX Font Info:    ... okay on input line 89.
LaTeX Font Info:    Checking defaults for OMS/cmsy/m/n on input line 89.
LaTeX Font Info:    ... okay on input line 89.
LaTeX Font Info:    Checking defaults for OT1/cmr/m/n on input line 89.
LaTeX Font Info:    ... okay on input line 89.
LaTeX Font Info:    Checking defaults for T1/cmr/m/n on input line 89.
LaTeX Font Info:    ... okay on input line 89.
LaTeX Font Info:    Checking defaults for TS1/cmr/m/n on input line 89.
LaTeX Font Info:    ... okay on input line 89.
LaTeX Font Info:    Checking defaults for OMX/cmex/m/n on input line 89.
LaTeX Font Info:    ... okay on input line 89.
LaTeX Font Info:    Checking defaults for U/cmr/m/n on input line 89.
LaTeX Font Info:    ... okay on input line 89.
LaTeX Font Info:    Checking defaults for PD1/pdf/m/n on input line 89.
LaTeX Font Info:    ... okay on input line 89.
LaTeX Font Info:    Checking defaults for PU/pdf/m/n on input line 89.
LaTeX Font Info:    ... okay on input line 89.

*geometry* driver: auto-detecting
*geometry* detected driver: pdftex
*geometry* verbose mode - [ preamble ] result:
* driver: pdftex
* paper: custom
* layout: <same size as paper>
* layoutoffset:(h,v)=(0.0pt,0.0pt)
* modes: includehead includefoot 
* h-part:(L,W,R)=(28.45274pt, 398.3386pt, 28.45274pt)
* v-part:(T,H,B)=(0.0pt, 256.0748pt, 0.0pt)
* \paperwidth=455.24408pt
* \paperheight=256.0748pt
* \textwidth=398.3386pt
* \textheight=227.62207pt
* \oddsidemargin=-43.81725pt
* \evensidemargin=-43.81725pt
* \topmargin=-72.26999pt
* \headheight=14.22636pt
* \headsep=0.0pt
* \topskip=11.0pt
* \footskip=14.22636pt
* \marginparwidth=4.0pt
* \marginparsep=10.0pt
* \columnsep=10.0pt
* \skip\footins=10.0pt plus 4.0pt minus 2.0pt
* \hoffset=0.0pt
* \voffset=0.0pt
* \mag=1000
* \@twocolumnfalse
* \@twosidefalse
* \@mparswitchfalse
* \@reversemarginfalse
* (1in=72.27pt=25.4mm, 1cm=28.453pt)

(/usr/local/texlive/2022/texmf-dist/tex/context/base/mkii/supp-pdf.mkii
[Loading MPS to PDF converter (version 2006.09.02).]
\scratchcounter=\count394
\scratchdimen=\dimen349
\scratchbox=\box96
\nofMPsegments=\count395
\nofMParguments=\count396
\everyMPshowfont=\toks56
\MPscratchCnt=\count397
\MPscratchDim=\dimen350
\MPnumerator=\count398
\makeMPintoPDFobject=\count399
\everyMPtoPDFconversion=\toks57
)
Package hyperref Info: Link coloring OFF on input line 89.
 (/usr/local/texlive/2022/texmf-dist/tex/latex/hyperref/nameref.sty
Package: nameref 2021-04-02 v2.47 Cross-referencing by name of section
 (/usr/local/texlive/2022/texmf-dist/tex/latex/refcount/refcount.sty
Package: refcount 2019/12/15 v3.6 Data extraction from label references (HO)
) (/usr/local/texlive/2022/texmf-dist/tex/generic/gettitlestring/gettitlestring.sty
Package: gettitlestring 2019/12/15 v1.6 Cleanup title references (HO)
)
\c@section@level=\count400
)
LaTeX Info: Redefining \ref on input line 89.
LaTeX Info: Redefining \pageref on input line 89.
LaTeX Info: Redefining \nameref on input line 89.
 (build/main.out) (build/main.out)
\@outlinefile=\write5
\openout5 = `main.out'.

LaTeX Font Info:    Overwriting symbol font `operators' in version `normal'
(Font)                  OT1/cmr/m/n --> OT1/cmss/m/n on input line 89.
LaTeX Font Info:    Overwriting symbol font `operators' in version `bold'
(Font)                  OT1/cmr/bx/n --> OT1/cmss/b/n on input line 89.
\symnumbers=\mathgroup6
\sympureletters=\mathgroup7
LaTeX Font Info:    Overwriting math alphabet `\mathrm' in version `normal'
(Font)                  OT1/cmss/m/n --> T1/ptm/m/n on input line 89.
LaTeX Font Info:    Redeclaring math alphabet \mathbf on input line 89.
LaTeX Font Info:    Overwriting math alphabet `\mathbf' in version `normal'
(Font)                  OT1/cmr/bx/n --> T1/phv/b/n on input line 89.
LaTeX Font Info:    Overwriting math alphabet `\mathbf' in version `bold'
(Font)                  OT1/cmr/bx/n --> T1/phv/b/n on input line 89.
LaTeX Font Info:    Redeclaring math alphabet \mathsf on input line 89.
LaTeX Font Info:    Overwriting math alphabet `\mathsf' in version `normal'
(Font)                  OT1/cmss/m/n --> T1/phv/m/n on input line 89.
LaTeX Font Info:    Overwriting math alphabet `\mathsf' in version `bold'
(Font)                  OT1/cmss/bx/n --> T1/phv/m/n on input line 89.
LaTeX Font Info:    Redeclaring math alphabet \mathit on input line 89.
LaTeX Font Info:    Overwriting math alphabet `\mathit' in version `normal'
(Font)                  OT1/cmr/m/it --> T1/phv/m/it on input line 89.
LaTeX Font Info:    Overwriting math alphabet `\mathit' in version `bold'
(Font)                  OT1/cmr/bx/it --> T1/phv/m/it on input line 89.
LaTeX Font Info:    Redeclaring math alphabet \mathtt on input line 89.
LaTeX Font Info:    Overwriting math alphabet `\mathtt' in version `normal'
(Font)                  OT1/cmtt/m/n --> T1/pcr/m/n on input line 89.
LaTeX Font Info:    Overwriting math alphabet `\mathtt' in version `bold'
(Font)                  OT1/cmtt/m/n --> T1/pcr/m/n on input line 89.
LaTeX Font Info:    Overwriting symbol font `numbers' in version `bold'
(Font)                  T1/phv/m/n --> T1/phv/b/n on input line 89.
LaTeX Font Info:    Overwriting symbol font `pureletters' in version `bold'
(Font)                  T1/phv/m/it --> T1/phv/b/it on input line 89.
LaTeX Font Info:    Overwriting math alphabet `\mathrm' in version `bold'
(Font)                  OT1/cmss/b/n --> T1/ptm/b/n on input line 89.
LaTeX Font Info:    Overwriting math alphabet `\mathbf' in version `bold'
(Font)                  T1/phv/b/n --> T1/phv/b/n on input line 89.
LaTeX Font Info:    Overwriting math alphabet `\mathsf' in version `bold'
(Font)                  T1/phv/m/n --> T1/phv/b/n on input line 89.
LaTeX Font Info:    Overwriting math alphabet `\mathit' in version `bold'
(Font)                  T1/phv/m/it --> T1/phv/b/it on input line 89.
LaTeX Font Info:    Overwriting math alphabet `\mathtt' in version `bold'
(Font)                  T1/pcr/m/n --> T1/pcr/b/n on input line 89.
 (/usr/local/texlive/2022/texmf-dist/tex/latex/translator/translator-basic-dictionary-English.dict
Dictionary: translator-basic-dictionary, Language: English 
) (/usr/local/texlive/2022/texmf-dist/tex/latex/translator/translator-bibliography-dictionary-English.dict
Dictionary: translator-bibliography-dictionary, Language: English 
) (/usr/local/texlive/2022/texmf-dist/tex/latex/translator/translator-environment-dictionary-English.dict
Dictionary: translator-environment-dictionary, Language: English 
) (/usr/local/texlive/2022/texmf-dist/tex/latex/translator/translator-months-dictionary-English.dict
Dictionary: translator-months-dictionary, Language: English 
) (/usr/local/texlive/2022/texmf-dist/tex/latex/translator/translator-numbers-dictionary-English.dict
Dictionary: translator-numbers-dictionary, Language: English 
) (/usr/local/texlive/2022/texmf-dist/tex/latex/translator/translator-theorem-dictionary-English.dict
Dictionary: translator-theorem-dictionary, Language: English 
)
Package pgfplots notification 'compat/show suggested version=true': document has been generated with the most recent feature set (\pgfplotsset{compat=1.18}).

(build/main.nav)
Package epstopdf Info: Source file: <figures/logo2.eps>
(epstopdf)                    date: 2024-02-02 18:59:46
(epstopdf)                    size: 33841 bytes
(epstopdf)             Output file: <figures/logo2-eps-converted-to.pdf>
(epstopdf)                    date: 2024-02-02 19:06:51
(epstopdf)                    size: 17240 bytes
(epstopdf)             Command: <repstopdf --outfile=figures/logo2-eps-converted-to.pdf figures/logo2.eps>
(epstopdf)             \includegraphics on input line 89.
Package epstopdf Info: Output file is already uptodate.
<figures/logo2-eps-converted-to.pdf, id=17, 239.89626pt x 237.88875pt>
File: figures/logo2-eps-converted-to.pdf Graphic file (type pdf)
<use figures/logo2-eps-converted-to.pdf>
Package pdftex.def Info: figures/logo2-eps-converted-to.pdf  used on input line 89.
(pdftex.def)             Requested size: 10.04079pt x 9.95863pt.
LaTeX Font Info:    Trying to load font information for U+msa on input line 89.
 (/usr/local/texlive/2022/texmf-dist/tex/latex/amsfonts/umsa.fd
File: umsa.fd 2013/01/14 v3.01 AMS symbols A
)
LaTeX Font Info:    Trying to load font information for U+msb on input line 89.
 (/usr/local/texlive/2022/texmf-dist/tex/latex/amsfonts/umsb.fd
File: umsb.fd 2013/01/14 v3.01 AMS symbols B
)
LaTeX Font Info:    Font shape `T1/phv/m/it' in size <6> not available
(Font)              Font shape `T1/phv/m/sl' tried instead on input line 89.
LaTeX Font Info:    Font shape `T1/phv/m/it' in size <5> not available
(Font)              Font shape `T1/phv/m/sl' tried instead on input line 89.

Underfull \hbox (badness 10000) detected at line 89
  []$[]$[]  
 []


Underfull \hbox (badness 10000) has occurred while \output is active
  []$[]$[]  
 []

Package epstopdf Info: Source file: <figures/logo2.eps>
(epstopdf)                    date: 2024-02-02 18:59:46
(epstopdf)                    size: 33841 bytes
(epstopdf)             Output file: <figures/logo2-eps-converted-to.pdf>
(epstopdf)                    date: 2024-02-02 19:06:51
(epstopdf)                    size: 17240 bytes
(epstopdf)             Command: <repstopdf --outfile=figures/logo2-eps-converted-to.pdf figures/logo2.eps>
(epstopdf)             \includegraphics on input line 90.
Package epstopdf Info: Output file is already uptodate.
File: figures/logo2-eps-converted-to.pdf Graphic file (type pdf)
<use figures/logo2-eps-converted-to.pdf>
Package pdftex.def Info: figures/logo2-eps-converted-to.pdf  used on input line 90.
(pdftex.def)             Requested size: 10.04079pt x 9.95863pt.
[1

{/usr/local/texlive/2022/texmf-var/fonts/map/pdftex/updmap/pdftex.map} <./figures/logo2-eps-converted-to.pdf>]
Package svg Info: Last page of `./svg-inkscape/Adani_logo_2012_svg-tex.pdf' is 1 on input line 124.
 (./svg-inkscape/Adani_logo_2012_svg-tex.pdf_tex
<./svg-inkscape/Adani_logo_2012_svg-tex.pdf, id=30, page=1, 89.54453pt x 30.57121pt>
File: ./svg-inkscape/Adani_logo_2012_svg-tex.pdf Graphic file (type pdf)
<use ./svg-inkscape/Adani_logo_2012_svg-tex.pdf, page 1>
Package pdftex.def Info: ./svg-inkscape/Adani_logo_2012_svg-tex.pdf , page1 used on input line 56.
(pdftex.def)             Requested size: 56.9055pt x 19.42789pt.
)
Package svg Info: Last page of `./svg-inkscape/Hitachi_logo_svg-tex.pdf' is 1 on input line 124.
 (./svg-inkscape/Hitachi_logo_svg-tex.pdf_tex
<./svg-inkscape/Hitachi_logo_svg-tex.pdf, id=32, page=1, 224.33812pt x 36.22745pt>
File: ./svg-inkscape/Hitachi_logo_svg-tex.pdf Graphic file (type pdf)
<use ./svg-inkscape/Hitachi_logo_svg-tex.pdf, page 1>
Package pdftex.def Info: ./svg-inkscape/Hitachi_logo_svg-tex.pdf , page1 used on input line 56.
(pdftex.def)             Requested size: 56.9055pt x 9.18895pt.
)
Package svg Info: Last page of `./svg-inkscape/Procter_&_Gamble_logo_svg-tex.pdf' is 1 on input line 124.
 (./svg-inkscape/Procter_&_Gamble_logo_svg-tex.pdf_tex
<./svg-inkscape/Procter_&_Gamble_logo_svg-tex.pdf, id=34, page=1, 542.025pt x 542.025pt>
File: ./svg-inkscape/Procter_&_Gamble_logo_svg-tex.pdf Graphic file (type pdf)
<use ./svg-inkscape/Procter_&_Gamble_logo_svg-tex.pdf, page 1>
Package pdftex.def Info: ./svg-inkscape/Procter_&_Gamble_logo_svg-tex.pdf , page1 used on input line 56.
(pdftex.def)             Requested size: 56.9055pt x 56.90189pt.
)
Package svg Info: Last page of `./svg-inkscape/Samsung_wordmark_svg-tex.pdf' is 1 on input line 124.
 (./svg-inkscape/Samsung_wordmark_svg-tex.pdf_tex
<./svg-inkscape/Samsung_wordmark_svg-tex.pdf, id=36, page=1, 5308.38382pt x 813.0375pt>
File: ./svg-inkscape/Samsung_wordmark_svg-tex.pdf Graphic file (type pdf)
<use ./svg-inkscape/Samsung_wordmark_svg-tex.pdf, page 1>
Package pdftex.def Info: ./svg-inkscape/Samsung_wordmark_svg-tex.pdf , page1 used on input line 56.
(pdftex.def)             Requested size: 56.9055pt x 8.70895pt.
)
Package svg Info: Last page of `./svg-inkscape/Lockheed_Martin_logo_svg-tex.pdf' is 1 on input line 124.
 (./svg-inkscape/Lockheed_Martin_logo_svg-tex.pdf_tex
<./svg-inkscape/Lockheed_Martin_logo_svg-tex.pdf, id=38, page=1, 1604.94821pt x 242.433pt>
File: ./svg-inkscape/Lockheed_Martin_logo_svg-tex.pdf Graphic file (type pdf)
<use ./svg-inkscape/Lockheed_Martin_logo_svg-tex.pdf, page 1>
Package pdftex.def Info: ./svg-inkscape/Lockheed_Martin_logo_svg-tex.pdf , page1 used on input line 56.
(pdftex.def)             Requested size: 56.9055pt x 8.59329pt.
)
Package svg Info: Last page of `./svg-inkscape/LVMH_wordmark_svg-tex.pdf' is 1 on input line 124.
 (./svg-inkscape/LVMH_wordmark_svg-tex.pdf_tex
<./svg-inkscape/LVMH_wordmark_svg-tex.pdf, id=40, page=1, 417.30612pt x 98.99184pt>
File: ./svg-inkscape/LVMH_wordmark_svg-tex.pdf Graphic file (type pdf)
<use ./svg-inkscape/LVMH_wordmark_svg-tex.pdf, page 1>
Package pdftex.def Info: ./svg-inkscape/LVMH_wordmark_svg-tex.pdf , page1 used on input line 56.
(pdftex.def)             Requested size: 56.9055pt x 13.49774pt.
)
Package svg Info: Last page of `./svg-inkscape/JNJ_Logo_New_svg-tex.pdf' is 1 on input line 124.
 (./svg-inkscape/JNJ_Logo_New_svg-tex.pdf_tex
<./svg-inkscape/JNJ_Logo_New_svg-tex.pdf, id=42, page=1, 434.19214pt x 40.40344pt>
File: ./svg-inkscape/JNJ_Logo_New_svg-tex.pdf Graphic file (type pdf)
<use ./svg-inkscape/JNJ_Logo_New_svg-tex.pdf, page 1>
Package pdftex.def Info: ./svg-inkscape/JNJ_Logo_New_svg-tex.pdf , page1 used on input line 56.
(pdftex.def)             Requested size: 56.9055pt x 5.29517pt.
)
Package svg Info: Last page of `./svg-inkscape/DuPont_logo_svg-tex.pdf' is 1 on input line 124.
 (./svg-inkscape/DuPont_logo_svg-tex.pdf_tex
<./svg-inkscape/DuPont_logo_svg-tex.pdf, id=44, page=1, 89.97049pt x 27.00822pt>
File: ./svg-inkscape/DuPont_logo_svg-tex.pdf Graphic file (type pdf)
<use ./svg-inkscape/DuPont_logo_svg-tex.pdf, page 1>
Package pdftex.def Info: ./svg-inkscape/DuPont_logo_svg-tex.pdf , page1 used on input line 56.
(pdftex.def)             Requested size: 56.9055pt x 17.08243pt.
)
Package svg Info: Last page of `./svg-inkscape/Siemens_AG_logo_svg-tex.pdf' is 1 on input line 124.
 (./svg-inkscape/Siemens_AG_logo_svg-tex.pdf_tex
<./svg-inkscape/Siemens_AG_logo_svg-tex.pdf, id=46, page=1, 752.8125pt x 119.69719pt>
File: ./svg-inkscape/Siemens_AG_logo_svg-tex.pdf Graphic file (type pdf)
<use ./svg-inkscape/Siemens_AG_logo_svg-tex.pdf, page 1>
Package pdftex.def Info: ./svg-inkscape/Siemens_AG_logo_svg-tex.pdf , page1 used on input line 56.
(pdftex.def)             Requested size: 56.9055pt x 9.0463pt.
)
Package svg Info: Last page of `./svg-inkscape/KT_Logo_svg-tex.pdf' is 1 on input line 124.
 (./svg-inkscape/KT_Logo_svg-tex.pdf_tex
<./svg-inkscape/KT_Logo_svg-tex.pdf, id=48, page=1, 184.49977pt x 150.5625pt>
File: ./svg-inkscape/KT_Logo_svg-tex.pdf Graphic file (type pdf)
<use ./svg-inkscape/KT_Logo_svg-tex.pdf, page 1>
Package pdftex.def Info: ./svg-inkscape/KT_Logo_svg-tex.pdf , page1 used on input line 56.
(pdftex.def)             Requested size: 56.9055pt x 46.43726pt.
)
LaTeX Font Info:    Font shape `T1/phv/m/it' in size <10.95> not available
(Font)              Font shape `T1/phv/m/sl' tried instead on input line 124.
LaTeX Font Info:    Font shape `T1/phv/m/it' in size <8> not available
(Font)              Font shape `T1/phv/m/sl' tried instead on input line 124.

Underfull \hbox (badness 10000) has occurred while \output is active
  []$[]$[]  
 []

Package epstopdf Info: Source file: <figures/logo2.eps>
(epstopdf)                    date: 2024-02-02 18:59:46
(epstopdf)                    size: 33841 bytes
(epstopdf)             Output file: <figures/logo2-eps-converted-to.pdf>
(epstopdf)                    date: 2024-02-02 19:06:51
(epstopdf)                    size: 17240 bytes
(epstopdf)             Command: <repstopdf --outfile=figures/logo2-eps-converted-to.pdf figures/logo2.eps>
(epstopdf)             \includegraphics on input line 124.
Package epstopdf Info: Output file is already uptodate.
File: figures/logo2-eps-converted-to.pdf Graphic file (type pdf)
<use figures/logo2-eps-converted-to.pdf>
Package pdftex.def Info: figures/logo2-eps-converted-to.pdf  used on input line 124.
(pdftex.def)             Requested size: 10.04079pt x 9.95863pt.
[2

 <./svg-inkscape/Adani_logo_2012_svg-tex.pdf> <./svg-inkscape/Hitachi_logo_svg-tex.pdf

pdfTeX warning: /usr/local/texlive/2022/bin/universal-darwin/pdflatex (file ./svg-inkscape/Hitachi_logo_svg-tex.pdf): PDF inclusion: multiple pdfs with page group included in a single page
> <./svg-inkscape/Procter_&_Gamble_logo_svg-tex.pdf

pdfTeX warning: /usr/local/texlive/2022/bin/universal-darwin/pdflatex (file ./svg-inkscape/Procter_&_Gamble_logo_svg-tex.pdf): PDF inclusion: multiple pdfs with page group included in a single page
> <./svg-inkscape/Samsung_wordmark_svg-tex.pdf

pdfTeX warning: /usr/local/texlive/2022/bin/universal-darwin/pdflatex (file ./svg-inkscape/Samsung_wordmark_svg-tex.pdf): PDF inclusion: multiple pdfs with page group included in a single page
> <./svg-inkscape/Lockheed_Martin_logo_svg-tex.pdf

pdfTeX warning: /usr/local/texlive/2022/bin/universal-darwin/pdflatex (file ./svg-inkscape/Lockheed_Martin_logo_svg-tex.pdf): PDF inclusion: multiple pdfs with page group included in a single page
> <./svg-inkscape/LVMH_wordmark_svg-tex.pdf

pdfTeX warning: /usr/local/texlive/2022/bin/universal-darwin/pdflatex (file ./svg-inkscape/LVMH_wordmark_svg-tex.pdf): PDF inclusion: multiple pdfs with page group included in a single page
> <./svg-inkscape/JNJ_Logo_New_svg-tex.pdf

pdfTeX warning: /usr/local/texlive/2022/bin/universal-darwin/pdflatex (file ./svg-inkscape/JNJ_Logo_New_svg-tex.pdf): PDF inclusion: multiple pdfs with page group included in a single page
> <./svg-inkscape/DuPont_logo_svg-tex.pdf

pdfTeX warning: /usr/local/texlive/2022/bin/universal-darwin/pdflatex (file ./svg-inkscape/DuPont_logo_svg-tex.pdf): PDF inclusion: multiple pdfs with page group included in a single page
> <./svg-inkscape/Siemens_AG_logo_svg-tex.pdf

pdfTeX warning: /usr/local/texlive/2022/bin/universal-darwin/pdflatex (file ./svg-inkscape/Siemens_AG_logo_svg-tex.pdf): PDF inclusion: multiple pdfs with page group included in a single page
> <./svg-inkscape/KT_Logo_svg-tex.pdf

pdfTeX warning: /usr/local/texlive/2022/bin/universal-darwin/pdflatex (file ./svg-inkscape/KT_Logo_svg-tex.pdf): PDF inclusion: multiple pdfs with page group included in a single page
>]
Underfull \hbox (badness 10000) has occurred while \output is active
  []$[]$[]  
 []

Package epstopdf Info: Source file: <figures/logo2.eps>
(epstopdf)                    date: 2024-02-02 18:59:46
(epstopdf)                    size: 33841 bytes
(epstopdf)             Output file: <figures/logo2-eps-converted-to.pdf>
(epstopdf)                    date: 2024-02-02 19:06:51
(epstopdf)                    size: 17240 bytes
(epstopdf)             Command: <repstopdf --outfile=figures/logo2-eps-converted-to.pdf figures/logo2.eps>
(epstopdf)             \includegraphics on input line 135.
Package epstopdf Info: Output file is already uptodate.
File: figures/logo2-eps-converted-to.pdf Graphic file (type pdf)
<use figures/logo2-eps-converted-to.pdf>
Package pdftex.def Info: figures/logo2-eps-converted-to.pdf  used on input line 135.
(pdftex.def)             Requested size: 10.04079pt x 9.95863pt.
[3

]
Underfull \hbox (badness 10000) has occurred while \output is active
  []$[]$[]  
 []

Package epstopdf Info: Source file: <figures/logo2.eps>
(epstopdf)                    date: 2024-02-02 18:59:46
(epstopdf)                    size: 33841 bytes
(epstopdf)             Output file: <figures/logo2-eps-converted-to.pdf>
(epstopdf)                    date: 2024-02-02 19:06:51
(epstopdf)                    size: 17240 bytes
(epstopdf)             Command: <repstopdf --outfile=figures/logo2-eps-converted-to.pdf figures/logo2.eps>
(epstopdf)             \includegraphics on input line 152.
Package epstopdf Info: Output file is already uptodate.
File: figures/logo2-eps-converted-to.pdf Graphic file (type pdf)
<use figures/logo2-eps-converted-to.pdf>
Package pdftex.def Info: figures/logo2-eps-converted-to.pdf  used on input line 152.
(pdftex.def)             Requested size: 10.04079pt x 9.95863pt.
[4

]
LaTeX Font Info:    Font shape `T1/phv/m/it' in size <10> not available
(Font)              Font shape `T1/phv/m/sl' tried instead on input line 181.
LaTeX Font Info:    Font shape `T1/phv/m/it' in size <7> not available
(Font)              Font shape `T1/phv/m/sl' tried instead on input line 181.

Underfull \hbox (badness 10000) has occurred while \output is active
  []$[]$[]  
 []

Package epstopdf Info: Source file: <figures/logo2.eps>
(epstopdf)                    date: 2024-02-02 18:59:46
(epstopdf)                    size: 33841 bytes
(epstopdf)             Output file: <figures/logo2-eps-converted-to.pdf>
(epstopdf)                    date: 2024-02-02 19:06:51
(epstopdf)                    size: 17240 bytes
(epstopdf)             Command: <repstopdf --outfile=figures/logo2-eps-converted-to.pdf figures/logo2.eps>
(epstopdf)             \includegraphics on input line 181.
Package epstopdf Info: Output file is already uptodate.
File: figures/logo2-eps-converted-to.pdf Graphic file (type pdf)
<use figures/logo2-eps-converted-to.pdf>
Package pdftex.def Info: figures/logo2-eps-converted-to.pdf  used on input line 181.
(pdftex.def)             Requested size: 10.04079pt x 9.95863pt.
[5

]
Underfull \hbox (badness 10000) has occurred while \output is active
  []$[]$[]  
 []

Package epstopdf Info: Source file: <figures/logo2.eps>
(epstopdf)                    date: 2024-02-02 18:59:46
(epstopdf)                    size: 33841 bytes
(epstopdf)             Output file: <figures/logo2-eps-converted-to.pdf>
(epstopdf)                    date: 2024-02-02 19:06:51
(epstopdf)                    size: 17240 bytes
(epstopdf)             Command: <repstopdf --outfile=figures/logo2-eps-converted-to.pdf figures/logo2.eps>
(epstopdf)             \includegraphics on input line 181.
Package epstopdf Info: Output file is already uptodate.
File: figures/logo2-eps-converted-to.pdf Graphic file (type pdf)
<use figures/logo2-eps-converted-to.pdf>
Package pdftex.def Info: figures/logo2-eps-converted-to.pdf  used on input line 181.
(pdftex.def)             Requested size: 10.04079pt x 9.95863pt.
[6

]
Underfull \hbox (badness 10000) has occurred while \output is active
  []$[]$[]  
 []

Package epstopdf Info: Source file: <figures/logo2.eps>
(epstopdf)                    date: 2024-02-02 18:59:46
(epstopdf)                    size: 33841 bytes
(epstopdf)             Output file: <figures/logo2-eps-converted-to.pdf>
(epstopdf)                    date: 2024-02-02 19:06:51
(epstopdf)                    size: 17240 bytes
(epstopdf)             Command: <repstopdf --outfile=figures/logo2-eps-converted-to.pdf figures/logo2.eps>
(epstopdf)             \includegraphics on input line 181.
Package epstopdf Info: Output file is already uptodate.
File: figures/logo2-eps-converted-to.pdf Graphic file (type pdf)
<use figures/logo2-eps-converted-to.pdf>
Package pdftex.def Info: figures/logo2-eps-converted-to.pdf  used on input line 181.
(pdftex.def)             Requested size: 10.04079pt x 9.95863pt.
[7

]
Underfull \hbox (badness 10000) has occurred while \output is active
  []$[]$[]  
 []

Package epstopdf Info: Source file: <figures/logo2.eps>
(epstopdf)                    date: 2024-02-02 18:59:46
(epstopdf)                    size: 33841 bytes
(epstopdf)             Output file: <figures/logo2-eps-converted-to.pdf>
(epstopdf)                    date: 2024-02-02 19:06:51
(epstopdf)                    size: 17240 bytes
(epstopdf)             Command: <repstopdf --outfile=figures/logo2-eps-converted-to.pdf figures/logo2.eps>
(epstopdf)             \includegraphics on input line 181.
Package epstopdf Info: Output file is already uptodate.
File: figures/logo2-eps-converted-to.pdf Graphic file (type pdf)
<use figures/logo2-eps-converted-to.pdf>
Package pdftex.def Info: figures/logo2-eps-converted-to.pdf  used on input line 181.
(pdftex.def)             Requested size: 10.04079pt x 9.95863pt.
[8

]
Underfull \hbox (badness 10000) has occurred while \output is active
  []$[]$[]  
 []

Package epstopdf Info: Source file: <figures/logo2.eps>
(epstopdf)                    date: 2024-02-02 18:59:46
(epstopdf)                    size: 33841 bytes
(epstopdf)             Output file: <figures/logo2-eps-converted-to.pdf>
(epstopdf)                    date: 2024-02-02 19:06:51
(epstopdf)                    size: 17240 bytes
(epstopdf)             Command: <repstopdf --outfile=figures/logo2-eps-converted-to.pdf figures/logo2.eps>
(epstopdf)             \includegraphics on input line 181.
Package epstopdf Info: Output file is already uptodate.
File: figures/logo2-eps-converted-to.pdf Graphic file (type pdf)
<use figures/logo2-eps-converted-to.pdf>
Package pdftex.def Info: figures/logo2-eps-converted-to.pdf  used on input line 181.
(pdftex.def)             Requested size: 10.04079pt x 9.95863pt.
[9

]
Underfull \hbox (badness 10000) has occurred while \output is active
  []$[]$[]  
 []

Package epstopdf Info: Source file: <figures/logo2.eps>
(epstopdf)                    date: 2024-02-02 18:59:46
(epstopdf)                    size: 33841 bytes
(epstopdf)             Output file: <figures/logo2-eps-converted-to.pdf>
(epstopdf)                    date: 2024-02-02 19:06:51
(epstopdf)                    size: 17240 bytes
(epstopdf)             Command: <repstopdf --outfile=figures/logo2-eps-converted-to.pdf figures/logo2.eps>
(epstopdf)             \includegraphics on input line 181.
Package epstopdf Info: Output file is already uptodate.
File: figures/logo2-eps-converted-to.pdf Graphic file (type pdf)
<use figures/logo2-eps-converted-to.pdf>
Package pdftex.def Info: figures/logo2-eps-converted-to.pdf  used on input line 181.
(pdftex.def)             Requested size: 10.04079pt x 9.95863pt.
[10

]
\openout4 = `main.vrb'.

 (build/main.vrb
! Extra }, or forgotten \endgroup.
l.7 ...ally less ($\Delta_{g_1}} > \Delta_{g_2}$)}
                                                  
I've deleted a group-closing symbol because it seems to be
spurious, as in `$x}$'. But perhaps the } is legitimate and
you forgot something else, as in `\hbox{$x}'. In such cases
the way to recover is to insert both the forgotten and the
deleted material, e.g., by typing `I$}'.


Overfull \hbox (18.06294pt too wide) in paragraph at lines 14--58
[][]  
 []

)
Underfull \hbox (badness 10000) has occurred while \output is active
  []$[]$[]  
 []

Package epstopdf Info: Source file: <figures/logo2.eps>
(epstopdf)                    date: 2024-02-02 18:59:46
(epstopdf)                    size: 33841 bytes
(epstopdf)             Output file: <figures/logo2-eps-converted-to.pdf>
(epstopdf)                    date: 2024-02-02 19:06:51
(epstopdf)                    size: 17240 bytes
(epstopdf)             Command: <repstopdf --outfile=figures/logo2-eps-converted-to.pdf figures/logo2.eps>
(epstopdf)             \includegraphics on input line 242.
Package epstopdf Info: Output file is already uptodate.
File: figures/logo2-eps-converted-to.pdf Graphic file (type pdf)
<use figures/logo2-eps-converted-to.pdf>
Package pdftex.def Info: figures/logo2-eps-converted-to.pdf  used on input line 242.
(pdftex.def)             Requested size: 10.04079pt x 9.95863pt.
[11

] (build/main.vrb
! Extra }, or forgotten \endgroup.
l.7 ...ally less ($\Delta_{g_1}} > \Delta_{g_2}$)}
                                                  
I've deleted a group-closing symbol because it seems to be
spurious, as in `$x}$'. But perhaps the } is legitimate and
you forgot something else, as in `\hbox{$x}'. In such cases
the way to recover is to insert both the forgotten and the
deleted material, e.g., by typing `I$}'.


Overfull \hbox (18.06294pt too wide) in paragraph at lines 14--58
[][]  
 []

)
Underfull \hbox (badness 10000) has occurred while \output is active
  []$[]$[]  
 []

Package epstopdf Info: Source file: <figures/logo2.eps>
(epstopdf)                    date: 2024-02-02 18:59:46
(epstopdf)                    size: 33841 bytes
(epstopdf)             Output file: <figures/logo2-eps-converted-to.pdf>
(epstopdf)                    date: 2024-02-02 19:06:51
(epstopdf)                    size: 17240 bytes
(epstopdf)             Command: <repstopdf --outfile=figures/logo2-eps-converted-to.pdf figures/logo2.eps>
(epstopdf)             \includegraphics on input line 242.
Package epstopdf Info: Output file is already uptodate.
File: figures/logo2-eps-converted-to.pdf Graphic file (type pdf)
<use figures/logo2-eps-converted-to.pdf>
Package pdftex.def Info: figures/logo2-eps-converted-to.pdf  used on input line 242.
(pdftex.def)             Requested size: 10.04079pt x 9.95863pt.
[12

] (build/main.vrb
! Extra }, or forgotten \endgroup.
l.7 ...ally less ($\Delta_{g_1}} > \Delta_{g_2}$)}
                                                  
I've deleted a group-closing symbol because it seems to be
spurious, as in `$x}$'. But perhaps the } is legitimate and
you forgot something else, as in `\hbox{$x}'. In such cases
the way to recover is to insert both the forgotten and the
deleted material, e.g., by typing `I$}'.


Overfull \hbox (18.06294pt too wide) in paragraph at lines 14--58
[][]  
 []

)
Underfull \hbox (badness 10000) has occurred while \output is active
  []$[]$[]  
 []

Package epstopdf Info: Source file: <figures/logo2.eps>
(epstopdf)                    date: 2024-02-02 18:59:46
(epstopdf)                    size: 33841 bytes
(epstopdf)             Output file: <figures/logo2-eps-converted-to.pdf>
(epstopdf)                    date: 2024-02-02 19:06:51
(epstopdf)                    size: 17240 bytes
(epstopdf)             Command: <repstopdf --outfile=figures/logo2-eps-converted-to.pdf figures/logo2.eps>
(epstopdf)             \includegraphics on input line 242.
Package epstopdf Info: Output file is already uptodate.
File: figures/logo2-eps-converted-to.pdf Graphic file (type pdf)
<use figures/logo2-eps-converted-to.pdf>
Package pdftex.def Info: figures/logo2-eps-converted-to.pdf  used on input line 242.
(pdftex.def)             Requested size: 10.04079pt x 9.95863pt.
[13

] (build/main.vrb
! Extra }, or forgotten \endgroup.
l.7 ...ally less ($\Delta_{g_1}} > \Delta_{g_2}$)}
                                                  
I've deleted a group-closing symbol because it seems to be
spurious, as in `$x}$'. But perhaps the } is legitimate and
you forgot something else, as in `\hbox{$x}'. In such cases
the way to recover is to insert both the forgotten and the
deleted material, e.g., by typing `I$}'.


Overfull \hbox (18.06294pt too wide) in paragraph at lines 14--58
[][]  
 []

)
Underfull \hbox (badness 10000) has occurred while \output is active
  []$[]$[]  
 []

Package epstopdf Info: Source file: <figures/logo2.eps>
(epstopdf)                    date: 2024-02-02 18:59:46
(epstopdf)                    size: 33841 bytes
(epstopdf)             Output file: <figures/logo2-eps-converted-to.pdf>
(epstopdf)                    date: 2024-02-02 19:06:51
(epstopdf)                    size: 17240 bytes
(epstopdf)             Command: <repstopdf --outfile=figures/logo2-eps-converted-to.pdf figures/logo2.eps>
(epstopdf)             \includegraphics on input line 242.
Package epstopdf Info: Output file is already uptodate.
File: figures/logo2-eps-converted-to.pdf Graphic file (type pdf)
<use figures/logo2-eps-converted-to.pdf>
Package pdftex.def Info: figures/logo2-eps-converted-to.pdf  used on input line 242.
(pdftex.def)             Requested size: 10.04079pt x 9.95863pt.
[14

]

! Package pgfkeys Error: I do not know the key '/tikz/ellipse' and I am going to ignore it. Perhaps you misspelled it.

See the pgfkeys package documentation for explanation.
Type  H <return>  for immediate help.
 ...                                              
                                                  
l.336  \end{frame}
                  
(That was another \errmessage.)


! Package pgfkeys Error: I do not know the key '/tikz/ellipse' and I am going to ignore it. Perhaps you misspelled it.

See the pgfkeys package documentation for explanation.
Type  H <return>  for immediate help.
 ...                                              
                                                  
l.336  \end{frame}
                  
(That was another \errmessage.)


Overfull \hbox (17.08018pt too wide) in paragraph at lines 336--336
[][]  
 []


Underfull \hbox (badness 10000) has occurred while \output is active
  []$[]$[]  
 []

Package epstopdf Info: Source file: <figures/logo2.eps>
(epstopdf)                    date: 2024-02-02 18:59:46
(epstopdf)                    size: 33841 bytes
(epstopdf)             Output file: <figures/logo2-eps-converted-to.pdf>
(epstopdf)                    date: 2024-02-02 19:06:51
(epstopdf)                    size: 17240 bytes
(epstopdf)             Command: <repstopdf --outfile=figures/logo2-eps-converted-to.pdf figures/logo2.eps>
(epstopdf)             \includegraphics on input line 336.
Package epstopdf Info: Output file is already uptodate.
File: figures/logo2-eps-converted-to.pdf Graphic file (type pdf)
<use figures/logo2-eps-converted-to.pdf>
Package pdftex.def Info: figures/logo2-eps-converted-to.pdf  used on input line 336.
(pdftex.def)             Requested size: 10.04079pt x 9.95863pt.
[15

]

! Package pgfkeys Error: I do not know the key '/tikz/ellipse' and I am going to ignore it. Perhaps you misspelled it.

See the pgfkeys package documentation for explanation.
Type  H <return>  for immediate help.
 ...                                              
                                                  
l.336  \end{frame}
                  
(That was another \errmessage.)


! Package pgfkeys Error: I do not know the key '/tikz/ellipse' and I am going to ignore it. Perhaps you misspelled it.

See the pgfkeys package documentation for explanation.
Type  H <return>  for immediate help.
 ...                                              
                                                  
l.336  \end{frame}
                  
(That was another \errmessage.)


Overfull \hbox (17.08018pt too wide) in paragraph at lines 336--336
[][]  
 []


Underfull \hbox (badness 10000) has occurred while \output is active
  []$[]$[]  
 []

Package epstopdf Info: Source file: <figures/logo2.eps>
(epstopdf)                    date: 2024-02-02 18:59:46
(epstopdf)                    size: 33841 bytes
(epstopdf)             Output file: <figures/logo2-eps-converted-to.pdf>
(epstopdf)                    date: 2024-02-02 19:06:51
(epstopdf)                    size: 17240 bytes
(epstopdf)             Command: <repstopdf --outfile=figures/logo2-eps-converted-to.pdf figures/logo2.eps>
(epstopdf)             \includegraphics on input line 336.
Package epstopdf Info: Output file is already uptodate.
File: figures/logo2-eps-converted-to.pdf Graphic file (type pdf)
<use figures/logo2-eps-converted-to.pdf>
Package pdftex.def Info: figures/logo2-eps-converted-to.pdf  used on input line 336.
(pdftex.def)             Requested size: 10.04079pt x 9.95863pt.
[16

]
Underfull \hbox (badness 10000) has occurred while \output is active
  []$[]$[]  
 []

Package epstopdf Info: Source file: <figures/logo2.eps>
(epstopdf)                    date: 2024-02-02 18:59:46
(epstopdf)                    size: 33841 bytes
(epstopdf)             Output file: <figures/logo2-eps-converted-to.pdf>
(epstopdf)                    date: 2024-02-02 19:06:51
(epstopdf)                    size: 17240 bytes
(epstopdf)             Command: <repstopdf --outfile=figures/logo2-eps-converted-to.pdf figures/logo2.eps>
(epstopdf)             \includegraphics on input line 419.
Package epstopdf Info: Output file is already uptodate.
File: figures/logo2-eps-converted-to.pdf Graphic file (type pdf)
<use figures/logo2-eps-converted-to.pdf>
Package pdftex.def Info: figures/logo2-eps-converted-to.pdf  used on input line 419.
(pdftex.def)             Requested size: 10.04079pt x 9.95863pt.
[17

]
Underfull \hbox (badness 10000) has occurred while \output is active
  []$[]$[]  
 []

Package epstopdf Info: Source file: <figures/logo2.eps>
(epstopdf)                    date: 2024-02-02 18:59:46
(epstopdf)                    size: 33841 bytes
(epstopdf)             Output file: <figures/logo2-eps-converted-to.pdf>
(epstopdf)                    date: 2024-02-02 19:06:51
(epstopdf)                    size: 17240 bytes
(epstopdf)             Command: <repstopdf --outfile=figures/logo2-eps-converted-to.pdf figures/logo2.eps>
(epstopdf)             \includegraphics on input line 419.
Package epstopdf Info: Output file is already uptodate.
File: figures/logo2-eps-converted-to.pdf Graphic file (type pdf)
<use figures/logo2-eps-converted-to.pdf>
Package pdftex.def Info: figures/logo2-eps-converted-to.pdf  used on input line 419.
(pdftex.def)             Requested size: 10.04079pt x 9.95863pt.
[18

]
Underfull \hbox (badness 10000) has occurred while \output is active
  []$[]$[]  
 []

Package epstopdf Info: Source file: <figures/logo2.eps>
(epstopdf)                    date: 2024-02-02 18:59:46
(epstopdf)                    size: 33841 bytes
(epstopdf)             Output file: <figures/logo2-eps-converted-to.pdf>
(epstopdf)                    date: 2024-02-02 19:06:51
(epstopdf)                    size: 17240 bytes
(epstopdf)             Command: <repstopdf --outfile=figures/logo2-eps-converted-to.pdf figures/logo2.eps>
(epstopdf)             \includegraphics on input line 419.
Package epstopdf Info: Output file is already uptodate.
File: figures/logo2-eps-converted-to.pdf Graphic file (type pdf)
<use figures/logo2-eps-converted-to.pdf>
Package pdftex.def Info: figures/logo2-eps-converted-to.pdf  used on input line 419.
(pdftex.def)             Requested size: 10.04079pt x 9.95863pt.
[19

]
Underfull \hbox (badness 10000) has occurred while \output is active
  []$[]$[]  
 []

Package epstopdf Info: Source file: <figures/logo2.eps>
(epstopdf)                    date: 2024-02-02 18:59:46
(epstopdf)                    size: 33841 bytes
(epstopdf)             Output file: <figures/logo2-eps-converted-to.pdf>
(epstopdf)                    date: 2024-02-02 19:06:51
(epstopdf)                    size: 17240 bytes
(epstopdf)             Command: <repstopdf --outfile=figures/logo2-eps-converted-to.pdf figures/logo2.eps>
(epstopdf)             \includegraphics on input line 494.
Package epstopdf Info: Output file is already uptodate.
File: figures/logo2-eps-converted-to.pdf Graphic file (type pdf)
<use figures/logo2-eps-converted-to.pdf>
Package pdftex.def Info: figures/logo2-eps-converted-to.pdf  used on input line 494.
(pdftex.def)             Requested size: 10.04079pt x 9.95863pt.
[20

]
Underfull \hbox (badness 10000) has occurred while \output is active
  []$[]$[]  
 []

Package epstopdf Info: Source file: <figures/logo2.eps>
(epstopdf)                    date: 2024-02-02 18:59:46
(epstopdf)                    size: 33841 bytes
(epstopdf)             Output file: <figures/logo2-eps-converted-to.pdf>
(epstopdf)                    date: 2024-02-02 19:06:51
(epstopdf)                    size: 17240 bytes
(epstopdf)             Command: <repstopdf --outfile=figures/logo2-eps-converted-to.pdf figures/logo2.eps>
(epstopdf)             \includegraphics on input line 494.
Package epstopdf Info: Output file is already uptodate.
File: figures/logo2-eps-converted-to.pdf Graphic file (type pdf)
<use figures/logo2-eps-converted-to.pdf>
Package pdftex.def Info: figures/logo2-eps-converted-to.pdf  used on input line 494.
(pdftex.def)             Requested size: 10.04079pt x 9.95863pt.
[21

]
Overfull \hbox (17.42325pt too wide) in paragraph at lines 494--494
[][]  
 []


Underfull \hbox (badness 10000) has occurred while \output is active
  []$[]$[]  
 []

Package epstopdf Info: Source file: <figures/logo2.eps>
(epstopdf)                    date: 2024-02-02 18:59:46
(epstopdf)                    size: 33841 bytes
(epstopdf)             Output file: <figures/logo2-eps-converted-to.pdf>
(epstopdf)                    date: 2024-02-02 19:06:51
(epstopdf)                    size: 17240 bytes
(epstopdf)             Command: <repstopdf --outfile=figures/logo2-eps-converted-to.pdf figures/logo2.eps>
(epstopdf)             \includegraphics on input line 494.
Package epstopdf Info: Output file is already uptodate.
File: figures/logo2-eps-converted-to.pdf Graphic file (type pdf)
<use figures/logo2-eps-converted-to.pdf>
Package pdftex.def Info: figures/logo2-eps-converted-to.pdf  used on input line 494.
(pdftex.def)             Requested size: 10.04079pt x 9.95863pt.
[22

]
Overfull \hbox (17.42325pt too wide) in paragraph at lines 494--494
[][]  
 []


Underfull \hbox (badness 10000) has occurred while \output is active
  []$[]$[]  
 []

Package epstopdf Info: Source file: <figures/logo2.eps>
(epstopdf)                    date: 2024-02-02 18:59:46
(epstopdf)                    size: 33841 bytes
(epstopdf)             Output file: <figures/logo2-eps-converted-to.pdf>
(epstopdf)                    date: 2024-02-02 19:06:51
(epstopdf)                    size: 17240 bytes
(epstopdf)             Command: <repstopdf --outfile=figures/logo2-eps-converted-to.pdf figures/logo2.eps>
(epstopdf)             \includegraphics on input line 494.
Package epstopdf Info: Output file is already uptodate.
File: figures/logo2-eps-converted-to.pdf Graphic file (type pdf)
<use figures/logo2-eps-converted-to.pdf>
Package pdftex.def Info: figures/logo2-eps-converted-to.pdf  used on input line 494.
(pdftex.def)             Requested size: 10.04079pt x 9.95863pt.
[23

]
Overfull \hbox (17.42325pt too wide) in paragraph at lines 494--494
[][]  
 []


Underfull \hbox (badness 10000) has occurred while \output is active
  []$[]$[]  
 []

Package epstopdf Info: Source file: <figures/logo2.eps>
(epstopdf)                    date: 2024-02-02 18:59:46
(epstopdf)                    size: 33841 bytes
(epstopdf)             Output file: <figures/logo2-eps-converted-to.pdf>
(epstopdf)                    date: 2024-02-02 19:06:51
(epstopdf)                    size: 17240 bytes
(epstopdf)             Command: <repstopdf --outfile=figures/logo2-eps-converted-to.pdf figures/logo2.eps>
(epstopdf)             \includegraphics on input line 494.
Package epstopdf Info: Output file is already uptodate.
File: figures/logo2-eps-converted-to.pdf Graphic file (type pdf)
<use figures/logo2-eps-converted-to.pdf>
Package pdftex.def Info: figures/logo2-eps-converted-to.pdf  used on input line 494.
(pdftex.def)             Requested size: 10.04079pt x 9.95863pt.
[24

]

! Package PGF Math Error: Unknown function `est' (in 'est').

See the PGF Math package documentation for explanation.
Type  H <return>  for immediate help.
 ...                                              
                                                  
l.571 \end{frame}
                 
(That was another \errmessage.)


Underfull \hbox (badness 10000) has occurred while \output is active
  []$[]$[]  
 []

Package epstopdf Info: Source file: <figures/logo2.eps>
(epstopdf)                    date: 2024-02-02 18:59:46
(epstopdf)                    size: 33841 bytes
(epstopdf)             Output file: <figures/logo2-eps-converted-to.pdf>
(epstopdf)                    date: 2024-02-02 19:06:51
(epstopdf)                    size: 17240 bytes
(epstopdf)             Command: <repstopdf --outfile=figures/logo2-eps-converted-to.pdf figures/logo2.eps>
(epstopdf)             \includegraphics on input line 571.
Package epstopdf Info: Output file is already uptodate.
File: figures/logo2-eps-converted-to.pdf Graphic file (type pdf)
<use figures/logo2-eps-converted-to.pdf>
Package pdftex.def Info: figures/logo2-eps-converted-to.pdf  used on input line 571.
(pdftex.def)             Requested size: 10.04079pt x 9.95863pt.
[25

]

! Package PGF Math Error: Unknown function `est' (in 'est').

See the PGF Math package documentation for explanation.
Type  H <return>  for immediate help.
 ...                                              
                                                  
l.571 \end{frame}
                 
(That was another \errmessage.)


Underfull \hbox (badness 10000) has occurred while \output is active
  []$[]$[]  
 []

Package epstopdf Info: Source file: <figures/logo2.eps>
(epstopdf)                    date: 2024-02-02 18:59:46
(epstopdf)                    size: 33841 bytes
(epstopdf)             Output file: <figures/logo2-eps-converted-to.pdf>
(epstopdf)                    date: 2024-02-02 19:06:51
(epstopdf)                    size: 17240 bytes
(epstopdf)             Command: <repstopdf --outfile=figures/logo2-eps-converted-to.pdf figures/logo2.eps>
(epstopdf)             \includegraphics on input line 571.
Package epstopdf Info: Output file is already uptodate.
File: figures/logo2-eps-converted-to.pdf Graphic file (type pdf)
<use figures/logo2-eps-converted-to.pdf>
Package pdftex.def Info: figures/logo2-eps-converted-to.pdf  used on input line 571.
(pdftex.def)             Requested size: 10.04079pt x 9.95863pt.
[26

]

! Package PGF Math Error: Unknown function `est' (in 'est').

See the PGF Math package documentation for explanation.
Type  H <return>  for immediate help.
 ...                                              
                                                  
l.571 \end{frame}
                 
(That was another \errmessage.)


Overfull \hbox (6.78156pt too wide) in paragraph at lines 571--571
[][]  
 []


Underfull \hbox (badness 10000) has occurred while \output is active
  []$[]$[]  
 []

Package epstopdf Info: Source file: <figures/logo2.eps>
(epstopdf)                    date: 2024-02-02 18:59:46
(epstopdf)                    size: 33841 bytes
(epstopdf)             Output file: <figures/logo2-eps-converted-to.pdf>
(epstopdf)                    date: 2024-02-02 19:06:51
(epstopdf)                    size: 17240 bytes
(epstopdf)             Command: <repstopdf --outfile=figures/logo2-eps-converted-to.pdf figures/logo2.eps>
(epstopdf)             \includegraphics on input line 571.
Package epstopdf Info: Output file is already uptodate.
File: figures/logo2-eps-converted-to.pdf Graphic file (type pdf)
<use figures/logo2-eps-converted-to.pdf>
Package pdftex.def Info: figures/logo2-eps-converted-to.pdf  used on input line 571.
(pdftex.def)             Requested size: 10.04079pt x 9.95863pt.
[27

]
Underfull \hbox (badness 10000) has occurred while \output is active
  []$[]$[]  
 []

Package epstopdf Info: Source file: <figures/logo2.eps>
(epstopdf)                    date: 2024-02-02 18:59:46
(epstopdf)                    size: 33841 bytes
(epstopdf)             Output file: <figures/logo2-eps-converted-to.pdf>
(epstopdf)                    date: 2024-02-02 19:06:51
(epstopdf)                    size: 17240 bytes
(epstopdf)             Command: <repstopdf --outfile=figures/logo2-eps-converted-to.pdf figures/logo2.eps>
(epstopdf)             \includegraphics on input line 605.
Package epstopdf Info: Output file is already uptodate.
File: figures/logo2-eps-converted-to.pdf Graphic file (type pdf)
<use figures/logo2-eps-converted-to.pdf>
Package pdftex.def Info: figures/logo2-eps-converted-to.pdf  used on input line 605.
(pdftex.def)             Requested size: 10.04079pt x 9.95863pt.
[28

]
<figures/sizes.pdf, id=1205, 1110.06725pt x 776.38954pt>
File: figures/sizes.pdf Graphic file (type pdf)
<use figures/sizes.pdf>
Package pdftex.def Info: figures/sizes.pdf  used on input line 628.
(pdftex.def)             Requested size: 241.84842pt x 169.14767pt.

Overfull \hbox (2.84283pt too wide) in paragraph at lines 628--628
 [] 
 []


Underfull \hbox (badness 10000) has occurred while \output is active
  []$[]$[]  
 []

Package epstopdf Info: Source file: <figures/logo2.eps>
(epstopdf)                    date: 2024-02-02 18:59:46
(epstopdf)                    size: 33841 bytes
(epstopdf)             Output file: <figures/logo2-eps-converted-to.pdf>
(epstopdf)                    date: 2024-02-02 19:06:51
(epstopdf)                    size: 17240 bytes
(epstopdf)             Command: <repstopdf --outfile=figures/logo2-eps-converted-to.pdf figures/logo2.eps>
(epstopdf)             \includegraphics on input line 628.
Package epstopdf Info: Output file is already uptodate.
File: figures/logo2-eps-converted-to.pdf Graphic file (type pdf)
<use figures/logo2-eps-converted-to.pdf>
Package pdftex.def Info: figures/logo2-eps-converted-to.pdf  used on input line 628.
(pdftex.def)             Requested size: 10.04079pt x 9.95863pt.
[29

 <./figures/sizes.pdf>]
<figures/shares.pdf, id=1226, 1122.90855pt x 848.65953pt>
File: figures/shares.pdf Graphic file (type pdf)
<use figures/shares.pdf>
Package pdftex.def Info: figures/shares.pdf  used on input line 648.
(pdftex.def)             Requested size: 241.84842pt x 182.78197pt.

Overfull \hbox (2.84283pt too wide) in paragraph at lines 648--648
 [] 
 []


Underfull \hbox (badness 10000) has occurred while \output is active
  []$[]$[]  
 []

Package epstopdf Info: Source file: <figures/logo2.eps>
(epstopdf)                    date: 2024-02-02 18:59:46
(epstopdf)                    size: 33841 bytes
(epstopdf)             Output file: <figures/logo2-eps-converted-to.pdf>
(epstopdf)                    date: 2024-02-02 19:06:51
(epstopdf)                    size: 17240 bytes
(epstopdf)             Command: <repstopdf --outfile=figures/logo2-eps-converted-to.pdf figures/logo2.eps>
(epstopdf)             \includegraphics on input line 648.
Package epstopdf Info: Output file is already uptodate.
File: figures/logo2-eps-converted-to.pdf Graphic file (type pdf)
<use figures/logo2-eps-converted-to.pdf>
Package pdftex.def Info: figures/logo2-eps-converted-to.pdf  used on input line 648.
(pdftex.def)             Requested size: 10.04079pt x 9.95863pt.
[30

 <./figures/shares.pdf>]
<figures/ests.pdf, id=1243, 1097.22594pt x 848.65953pt>
File: figures/ests.pdf Graphic file (type pdf)
<use figures/ests.pdf>
Package pdftex.def Info: figures/ests.pdf  used on input line 670.
(pdftex.def)             Requested size: 241.84842pt x 187.0553pt.

Overfull \hbox (2.84283pt too wide) in paragraph at lines 670--670
 [] 
 []


Overfull \vbox (3.85284pt too high) detected at line 670
 []


Underfull \hbox (badness 10000) has occurred while \output is active
  []$[]$[]  
 []

Package epstopdf Info: Source file: <figures/logo2.eps>
(epstopdf)                    date: 2024-02-02 18:59:46
(epstopdf)                    size: 33841 bytes
(epstopdf)             Output file: <figures/logo2-eps-converted-to.pdf>
(epstopdf)                    date: 2024-02-02 19:06:51
(epstopdf)                    size: 17240 bytes
(epstopdf)             Command: <repstopdf --outfile=figures/logo2-eps-converted-to.pdf figures/logo2.eps>
(epstopdf)             \includegraphics on input line 670.
Package epstopdf Info: Output file is already uptodate.
File: figures/logo2-eps-converted-to.pdf Graphic file (type pdf)
<use figures/logo2-eps-converted-to.pdf>
Package pdftex.def Info: figures/logo2-eps-converted-to.pdf  used on input line 670.
(pdftex.def)             Requested size: 10.04079pt x 9.95863pt.
[31

 <./figures/ests.pdf>]
<figures/mobility.pdf, id=1266, 914.11514pt x 717.62788pt>
File: figures/mobility.pdf Graphic file (type pdf)
<use figures/mobility.pdf>
Package pdftex.def Info: figures/mobility.pdf  used on input line 695.
(pdftex.def)             Requested size: 241.84842pt x 189.86388pt.

Overfull \hbox (2.84283pt too wide) in paragraph at lines 695--695
 [] 
 []


Overfull \vbox (6.66142pt too high) detected at line 695
 []


Underfull \hbox (badness 10000) has occurred while \output is active
  []$[]$[]  
 []

Package epstopdf Info: Source file: <figures/logo2.eps>
(epstopdf)                    date: 2024-02-02 18:59:46
(epstopdf)                    size: 33841 bytes
(epstopdf)             Output file: <figures/logo2-eps-converted-to.pdf>
(epstopdf)                    date: 2024-02-02 19:06:51
(epstopdf)                    size: 17240 bytes
(epstopdf)             Command: <repstopdf --outfile=figures/logo2-eps-converted-to.pdf figures/logo2.eps>
(epstopdf)             \includegraphics on input line 695.
Package epstopdf Info: Output file is already uptodate.
File: figures/logo2-eps-converted-to.pdf Graphic file (type pdf)
<use figures/logo2-eps-converted-to.pdf>
Package pdftex.def Info: figures/logo2-eps-converted-to.pdf  used on input line 695.
(pdftex.def)             Requested size: 10.04079pt x 9.95863pt.
[32

 <./figures/mobility.pdf>]
Underfull \hbox (badness 10000) has occurred while \output is active
  []$[]$[]  
 []

Package epstopdf Info: Source file: <figures/logo2.eps>
(epstopdf)                    date: 2024-02-02 18:59:46
(epstopdf)                    size: 33841 bytes
(epstopdf)             Output file: <figures/logo2-eps-converted-to.pdf>
(epstopdf)                    date: 2024-02-02 19:06:51
(epstopdf)                    size: 17240 bytes
(epstopdf)             Command: <repstopdf --outfile=figures/logo2-eps-converted-to.pdf figures/logo2.eps>
(epstopdf)             \includegraphics on input line 709.
Package epstopdf Info: Output file is already uptodate.
File: figures/logo2-eps-converted-to.pdf Graphic file (type pdf)
<use figures/logo2-eps-converted-to.pdf>
Package pdftex.def Info: figures/logo2-eps-converted-to.pdf  used on input line 709.
(pdftex.def)             Requested size: 10.04079pt x 9.95863pt.
[33

]
Underfull \hbox (badness 10000) has occurred while \output is active
  []$[]$[]  
 []

Package epstopdf Info: Source file: <figures/logo2.eps>
(epstopdf)                    date: 2024-02-02 18:59:46
(epstopdf)                    size: 33841 bytes
(epstopdf)             Output file: <figures/logo2-eps-converted-to.pdf>
(epstopdf)                    date: 2024-02-02 19:06:51
(epstopdf)                    size: 17240 bytes
(epstopdf)             Command: <repstopdf --outfile=figures/logo2-eps-converted-to.pdf figures/logo2.eps>
(epstopdf)             \includegraphics on input line 721.
Package epstopdf Info: Output file is already uptodate.
File: figures/logo2-eps-converted-to.pdf Graphic file (type pdf)
<use figures/logo2-eps-converted-to.pdf>
Package pdftex.def Info: figures/logo2-eps-converted-to.pdf  used on input line 721.
(pdftex.def)             Requested size: 10.04079pt x 9.95863pt.
[34

] (build/main.bbl

Package hyperref Warning: Token not allowed in a PDF string (Unicode):
(hyperref)                removing `\translate ' on input line 1.

)
Underfull \hbox (badness 10000) has occurred while \output is active
  []$[]$[]  
 []

Package epstopdf Info: Source file: <figures/logo2.eps>
(epstopdf)                    date: 2024-02-02 18:59:46
(epstopdf)                    size: 33841 bytes
(epstopdf)             Output file: <figures/logo2-eps-converted-to.pdf>
(epstopdf)                    date: 2024-02-02 19:06:51
(epstopdf)                    size: 17240 bytes
(epstopdf)             Command: <repstopdf --outfile=figures/logo2-eps-converted-to.pdf figures/logo2.eps>
(epstopdf)             \includegraphics on input line 726.
Package epstopdf Info: Output file is already uptodate.
File: figures/logo2-eps-converted-to.pdf Graphic file (type pdf)
<use figures/logo2-eps-converted-to.pdf>
Package pdftex.def Info: figures/logo2-eps-converted-to.pdf  used on input line 726.
(pdftex.def)             Requested size: 10.04079pt x 9.95863pt.
[35

]
<figures/LI_QR.JPG, id=1302, 481.8pt x 481.8pt>
File: figures/LI_QR.JPG Graphic file (type jpg)
<use figures/LI_QR.JPG>
Package pdftex.def Info: figures/LI_QR.JPG  used on input line 748.
(pdftex.def)             Requested size: 159.33604pt x 159.33266pt.

Underfull \hbox (badness 10000) has occurred while \output is active
  []$[]$[]  
 []

Package epstopdf Info: Source file: <figures/logo2.eps>
(epstopdf)                    date: 2024-02-02 18:59:46
(epstopdf)                    size: 33841 bytes
(epstopdf)             Output file: <figures/logo2-eps-converted-to.pdf>
(epstopdf)                    date: 2024-02-02 19:06:51
(epstopdf)                    size: 17240 bytes
(epstopdf)             Command: <repstopdf --outfile=figures/logo2-eps-converted-to.pdf figures/logo2.eps>
(epstopdf)             \includegraphics on input line 748.
Package epstopdf Info: Output file is already uptodate.
File: figures/logo2-eps-converted-to.pdf Graphic file (type pdf)
<use figures/logo2-eps-converted-to.pdf>
Package pdftex.def Info: figures/logo2-eps-converted-to.pdf  used on input line 748.
(pdftex.def)             Requested size: 10.04079pt x 9.95863pt.
[36

 <./figures/LI_QR.JPG>]
\tf@nav=\write6
\openout6 = `main.nav'.

\tf@toc=\write7
\openout7 = `main.toc'.

\tf@snm=\write8
\openout8 = `main.snm'.

 (build/main.aux)
Package rerunfilecheck Info: File `main.out' has not changed.
(rerunfilecheck)             Checksum: AEA4B6A8AE45636C75679C2F0DFA4493;93.
 ) 
Here is how much of TeX's memory you used:
 40873 strings out of 478268
 960158 string characters out of 5846347
 1386281 words of memory out of 5000000
 58153 multiletter control sequences out of 15000+600000
 519109 words of font info for 86 fonts, out of 8000000 for 9000
 1141 hyphenation exceptions out of 8191
 128i,20n,122p,809b,2418s stack positions out of 10000i,1000n,20000p,200000b,200000s
{/usr/local/texlive/2022/texmf-dist/fonts/enc/dvips/base/8r.enc}</usr/local/texlive/2022/texmf-dist/fonts/type1/public/amsfonts/cm/cmex10.pfb></usr/local/texlive/2022/texmf-dist/fonts/type1/public/amsfonts/cm/cmmi10.pfb></usr/local/texlive/2022/texmf-dist/fonts/type1/public/amsfonts/cm/cmmi12.pfb></usr/local/texlive/2022/texmf-dist/fonts/type1/public/amsfonts/cm/cmmi6.pfb></usr/local/texlive/2022/texmf-dist/fonts/type1/public/amsfonts/cm/cmmi8.pfb></usr/local/texlive/2022/texmf-dist/fonts/type1/public/amsfonts/cm/cmr17.pfb></usr/local/texlive/2022/texmf-dist/fonts/type1/public/amsfonts/cm/cmss10.pfb></usr/local/texlive/2022/texmf-dist/fonts/type1/public/amsfonts/cm/cmss8.pfb></usr/local/texlive/2022/texmf-dist/fonts/type1/public/amsfonts/cm/cmsy10.pfb></usr/local/texlive/2022/texmf-dist/fonts/type1/public/amsfonts/cm/cmsy6.pfb></usr/local/texlive/2022/texmf-dist/fonts/type1/public/amsfonts/cm/cmsy8.pfb></usr/local/texlive/2022/texmf-dist/fonts/type1/urw/helvetic/uhvb8a.pfb></usr/local/texlive/2022/texmf-dist/fonts/type1/urw/helvetic/uhvr8a.pfb></usr/local/texlive/2022/texmf-dist/fonts/type1/urw/helvetic/uhvro8a.pfb>
Output written on build/main.pdf (36 pages, 2059942 bytes).
PDF statistics:
 1382 PDF objects out of 1440 (max. 8388607)
 1169 compressed objects within 12 object streams
 75 named destinations out of 1000 (max. 500000)
 181 words of extra memory for PDF output out of 10000 (max. 10000000)

